link,word
./data/macroset/en/clips/reaches/common_voice_en_22256611.opus,reaches
./data/macroset/en/clips/reaches/common_voice_en_19313504.opus,reaches
./data/macroset/en/clips/reaches/common_voice_en_17271501.opus,reaches
./data/macroset/en/clips/reaches/common_voice_en_19161520.opus,reaches
./data/macroset/en/clips/reaches/common_voice_en_17257110.opus,reaches
./data/macroset/en/clips/substantial/common_voice_en_20858350.opus,substantial
./data/macroset/en/clips/substantial/common_voice_en_21592636.opus,substantial
./data/macroset/en/clips/substantial/common_voice_en_210619.opus,substantial
./data/macroset/en/clips/substantial/common_voice_en_20502399.opus,substantial
./data/macroset/en/clips/substantial/common_voice_en_17863768.opus,substantial
./data/macroset/en/clips/withdrew/common_voice_en_19606250.opus,withdrew
./data/macroset/en/clips/withdrew/common_voice_en_32582.opus,withdrew
./data/macroset/en/clips/withdrew/common_voice_en_35469.opus,withdrew
./data/macroset/en/clips/withdrew/common_voice_en_567486.opus,withdrew
./data/macroset/en/clips/withdrew/common_voice_en_18950882.opus,withdrew
./data/macroset/en/clips/upright/common_voice_en_501313.opus,upright
./data/macroset/en/clips/upright/common_voice_en_20927246.opus,upright
./data/macroset/en/clips/upright/common_voice_en_18130792.opus,upright
./data/macroset/en/clips/upright/common_voice_en_22433994.opus,upright
./data/macroset/en/clips/upright/common_voice_en_20865831.opus,upright
./data/macroset/en/clips/accidental/common_voice_en_19026065.opus,accidental
./data/macroset/en/clips/accidental/common_voice_en_18545604.opus,accidental
./data/macroset/en/clips/accidental/common_voice_en_19947367.opus,accidental
./data/macroset/en/clips/accidental/common_voice_en_19350248.opus,accidental
./data/macroset/en/clips/accidental/common_voice_en_20322677.opus,accidental
./data/macroset/en/clips/learned/common_voice_en_491420.opus,learned
./data/macroset/en/clips/learned/common_voice_en_21797292.opus,learned
./data/macroset/en/clips/learned/common_voice_en_87576.opus,learned
./data/macroset/en/clips/learned/common_voice_en_499229.opus,learned
./data/macroset/en/clips/learned/common_voice_en_19478655.opus,learned
./data/macroset/en/clips/debra/common_voice_en_485403.opus,debra
./data/macroset/en/clips/debra/common_voice_en_82585.opus,debra
./data/macroset/en/clips/debra/common_voice_en_19650172.opus,debra
./data/macroset/en/clips/debra/common_voice_en_578697.opus,debra
./data/macroset/en/clips/debra/common_voice_en_8314.opus,debra
./data/macroset/en/clips/transforms/common_voice_en_67817.opus,transforms
./data/macroset/en/clips/transforms/common_voice_en_185913.opus,transforms
./data/macroset/en/clips/transforms/common_voice_en_61144.opus,transforms
./data/macroset/en/clips/transforms/common_voice_en_692891.opus,transforms
./data/macroset/en/clips/transforms/common_voice_en_666977.opus,transforms
./data/macroset/en/clips/protecting/common_voice_en_19966808.opus,protecting
./data/macroset/en/clips/protecting/common_voice_en_20242164.opus,protecting
./data/macroset/en/clips/protecting/common_voice_en_19439629.opus,protecting
./data/macroset/en/clips/protecting/common_voice_en_19655186.opus,protecting
./data/macroset/en/clips/protecting/common_voice_en_18869752.opus,protecting
./data/macroset/en/clips/sebastian/common_voice_en_19704155.opus,sebastian
./data/macroset/en/clips/sebastian/common_voice_en_19249150.opus,sebastian
./data/macroset/en/clips/sebastian/common_voice_en_20278009.opus,sebastian
./data/macroset/en/clips/sebastian/common_voice_en_20903766.opus,sebastian
./data/macroset/en/clips/sebastian/common_voice_en_19648961.opus,sebastian
./data/macroset/en/clips/citizenship/common_voice_en_19762497.opus,citizenship
./data/macroset/en/clips/citizenship/common_voice_en_20228932.opus,citizenship
./data/macroset/en/clips/citizenship/common_voice_en_19726539.opus,citizenship
./data/macroset/en/clips/citizenship/common_voice_en_22293743.opus,citizenship
./data/macroset/en/clips/citizenship/common_voice_en_20963908.opus,citizenship
./data/macroset/en/clips/nuremberg/common_voice_en_46114.opus,nuremberg
./data/macroset/en/clips/nuremberg/common_voice_en_518041.opus,nuremberg
./data/macroset/en/clips/nuremberg/common_voice_en_544710.opus,nuremberg
./data/macroset/en/clips/nuremberg/common_voice_en_19836361.opus,nuremberg
./data/macroset/en/clips/nuremberg/common_voice_en_326316.opus,nuremberg
./data/macroset/en/clips/symmetric/common_voice_en_591783.opus,symmetric
./data/macroset/en/clips/symmetric/common_voice_en_2322888.opus,symmetric
./data/macroset/en/clips/symmetric/common_voice_en_580341.opus,symmetric
./data/macroset/en/clips/symmetric/common_voice_en_159939.opus,symmetric
./data/macroset/en/clips/symmetric/common_voice_en_21773431__2.opus,symmetric
./data/macroset/en/clips/hinted/common_voice_en_488045.opus,hinted
./data/macroset/en/clips/hinted/common_voice_en_576651.opus,hinted
./data/macroset/en/clips/hinted/common_voice_en_699964.opus,hinted
./data/macroset/en/clips/hinted/common_voice_en_21508351.opus,hinted
./data/macroset/en/clips/hinted/common_voice_en_689825.opus,hinted
./data/macroset/en/clips/snowed/common_voice_en_386190.opus,snowed
./data/macroset/en/clips/snowed/common_voice_en_19744136.opus,snowed
./data/macroset/en/clips/snowed/common_voice_en_17450529.opus,snowed
./data/macroset/en/clips/snowed/common_voice_en_15735322.opus,snowed
./data/macroset/en/clips/snowed/common_voice_en_18138526.opus,snowed
./data/macroset/en/clips/flames/common_voice_en_17965343.opus,flames
./data/macroset/en/clips/flames/common_voice_en_19868593.opus,flames
./data/macroset/en/clips/flames/common_voice_en_17296644.opus,flames
./data/macroset/en/clips/flames/common_voice_en_19734826.opus,flames
./data/macroset/en/clips/flames/common_voice_en_19637835.opus,flames
./data/macroset/en/clips/he’s/common_voice_en_21868944.opus,he’s
./data/macroset/en/clips/he’s/common_voice_en_18570004.opus,he’s
./data/macroset/en/clips/he’s/common_voice_en_18456386.opus,he’s
./data/macroset/en/clips/he’s/common_voice_en_20876145.opus,he’s
./data/macroset/en/clips/he’s/common_voice_en_19715024.opus,he’s
./data/macroset/en/clips/deployed/common_voice_en_19766400.opus,deployed
./data/macroset/en/clips/deployed/common_voice_en_19980748.opus,deployed
./data/macroset/en/clips/deployed/common_voice_en_22045758.opus,deployed
./data/macroset/en/clips/deployed/common_voice_en_20219983.opus,deployed
./data/macroset/en/clips/deployed/common_voice_en_20442370.opus,deployed
./data/macroset/en/clips/menu/common_voice_en_699655.opus,menu
./data/macroset/en/clips/menu/common_voice_en_216463.opus,menu
./data/macroset/en/clips/menu/common_voice_en_15734389.opus,menu
./data/macroset/en/clips/menu/common_voice_en_521196.opus,menu
./data/macroset/en/clips/menu/common_voice_en_19561503.opus,menu
./data/macroset/en/clips/workers/common_voice_en_19747936.opus,workers
./data/macroset/en/clips/workers/common_voice_en_18644809.opus,workers
./data/macroset/en/clips/workers/common_voice_en_18880377.opus,workers
./data/macroset/en/clips/workers/common_voice_en_19468343.opus,workers
./data/macroset/en/clips/workers/common_voice_en_22185532.opus,workers
./data/macroset/en/clips/bundle/common_voice_en_19414203.opus,bundle
./data/macroset/en/clips/bundle/common_voice_en_21778509__2.opus,bundle
./data/macroset/en/clips/bundle/common_voice_en_690750.opus,bundle
./data/macroset/en/clips/bundle/common_voice_en_681873.opus,bundle
./data/macroset/en/clips/bundle/common_voice_en_45182.opus,bundle
./data/macroset/en/clips/disappointment/common_voice_en_19732860.opus,disappointment
./data/macroset/en/clips/disappointment/common_voice_en_19148839.opus,disappointment
./data/macroset/en/clips/disappointment/common_voice_en_19795903.opus,disappointment
./data/macroset/en/clips/disappointment/common_voice_en_20989038.opus,disappointment
./data/macroset/en/clips/disappointment/common_voice_en_19805233.opus,disappointment
./data/macroset/en/clips/environments/common_voice_en_22263624.opus,environments
./data/macroset/en/clips/environments/common_voice_en_22183159.opus,environments
./data/macroset/en/clips/environments/common_voice_en_19417058.opus,environments
./data/macroset/en/clips/environments/common_voice_en_20257480.opus,environments
./data/macroset/en/clips/environments/common_voice_en_20257480__2.opus,environments
./data/macroset/en/clips/doing/common_voice_en_91861.opus,doing
./data/macroset/en/clips/doing/common_voice_en_556069.opus,doing
./data/macroset/en/clips/doing/common_voice_en_17887954.opus,doing
./data/macroset/en/clips/doing/common_voice_en_17505539.opus,doing
./data/macroset/en/clips/doing/common_voice_en_615638.opus,doing
./data/macroset/en/clips/definitions/common_voice_en_19418595.opus,definitions
./data/macroset/en/clips/definitions/common_voice_en_21003954.opus,definitions
./data/macroset/en/clips/definitions/common_voice_en_19711187.opus,definitions
./data/macroset/en/clips/definitions/common_voice_en_20660689.opus,definitions
./data/macroset/en/clips/definitions/common_voice_en_20490356.opus,definitions
./data/macroset/en/clips/customs/common_voice_en_21879813.opus,customs
./data/macroset/en/clips/customs/common_voice_en_19106797.opus,customs
./data/macroset/en/clips/customs/common_voice_en_614464.opus,customs
./data/macroset/en/clips/customs/common_voice_en_20659016.opus,customs
./data/macroset/en/clips/customs/common_voice_en_599299.opus,customs
./data/macroset/en/clips/employ/common_voice_en_21627006.opus,employ
./data/macroset/en/clips/employ/common_voice_en_21469900.opus,employ
./data/macroset/en/clips/employ/common_voice_en_20465364.opus,employ
./data/macroset/en/clips/employ/common_voice_en_20754763.opus,employ
./data/macroset/en/clips/employ/common_voice_en_21341704.opus,employ
./data/macroset/en/clips/community/common_voice_en_20391445.opus,community
./data/macroset/en/clips/community/common_voice_en_20179379.opus,community
./data/macroset/en/clips/community/common_voice_en_95709.opus,community
./data/macroset/en/clips/community/common_voice_en_21599689.opus,community
./data/macroset/en/clips/community/common_voice_en_20771173.opus,community
./data/macroset/en/clips/hub/common_voice_en_21518289.opus,hub
./data/macroset/en/clips/hub/common_voice_en_529486.opus,hub
./data/macroset/en/clips/hub/common_voice_en_19651930.opus,hub
./data/macroset/en/clips/hub/common_voice_en_21484519.opus,hub
./data/macroset/en/clips/hub/common_voice_en_20005579.opus,hub
./data/macroset/en/clips/canadian/common_voice_en_22118284.opus,canadian
./data/macroset/en/clips/canadian/common_voice_en_20210462.opus,canadian
./data/macroset/en/clips/canadian/common_voice_en_18673276.opus,canadian
./data/macroset/en/clips/canadian/common_voice_en_22157796.opus,canadian
./data/macroset/en/clips/canadian/common_voice_en_21605982.opus,canadian
./data/macroset/en/clips/joins/common_voice_en_20763352.opus,joins
./data/macroset/en/clips/joins/common_voice_en_20352123.opus,joins
./data/macroset/en/clips/joins/common_voice_en_18977354.opus,joins
./data/macroset/en/clips/joins/common_voice_en_20737633.opus,joins
./data/macroset/en/clips/joins/common_voice_en_20306997.opus,joins
./data/macroset/en/clips/around/common_voice_en_634140.opus,around
./data/macroset/en/clips/around/common_voice_en_18869866.opus,around
./data/macroset/en/clips/around/common_voice_en_17979308.opus,around
./data/macroset/en/clips/around/common_voice_en_17412060.opus,around
./data/macroset/en/clips/around/common_voice_en_17418040.opus,around
./data/macroset/en/clips/lions/common_voice_en_19513233.opus,lions
./data/macroset/en/clips/lions/common_voice_en_240015.opus,lions
./data/macroset/en/clips/lions/common_voice_en_570852.opus,lions
./data/macroset/en/clips/lions/common_voice_en_591655.opus,lions
./data/macroset/en/clips/lions/common_voice_en_18078858.opus,lions
./data/macroset/en/clips/tucked/common_voice_en_17267055.opus,tucked
./data/macroset/en/clips/tucked/common_voice_en_683561.opus,tucked
./data/macroset/en/clips/tucked/common_voice_en_17379308.opus,tucked
./data/macroset/en/clips/tucked/common_voice_en_612864.opus,tucked
./data/macroset/en/clips/tucked/common_voice_en_17258352.opus,tucked
./data/macroset/en/clips/groove/common_voice_en_189452.opus,groove
./data/macroset/en/clips/groove/common_voice_en_19946737.opus,groove
./data/macroset/en/clips/groove/common_voice_en_605888.opus,groove
./data/macroset/en/clips/groove/common_voice_en_18722380.opus,groove
./data/macroset/en/clips/groove/common_voice_en_18713701.opus,groove
./data/macroset/en/clips/cornices/common_voice_en_17367196.opus,cornices
./data/macroset/en/clips/cornices/common_voice_en_17586928.opus,cornices
./data/macroset/en/clips/cornices/common_voice_en_17412846.opus,cornices
./data/macroset/en/clips/cornices/common_voice_en_17385499.opus,cornices
./data/macroset/en/clips/cornices/common_voice_en_419382.opus,cornices
./data/macroset/en/clips/photograph/common_voice_en_18122404.opus,photograph
./data/macroset/en/clips/photograph/common_voice_en_89809.opus,photograph
./data/macroset/en/clips/photograph/common_voice_en_19960080.opus,photograph
./data/macroset/en/clips/photograph/common_voice_en_17292562.opus,photograph
./data/macroset/en/clips/photograph/common_voice_en_21275770.opus,photograph
./data/macroset/en/clips/workflow/common_voice_en_17278701.opus,workflow
./data/macroset/en/clips/workflow/common_voice_en_18151344.opus,workflow
./data/macroset/en/clips/workflow/common_voice_en_18200790.opus,workflow
./data/macroset/en/clips/workflow/common_voice_en_18658749.opus,workflow
./data/macroset/en/clips/workflow/common_voice_en_5267024.opus,workflow
./data/macroset/en/clips/habit/common_voice_en_19724070.opus,habit
./data/macroset/en/clips/habit/common_voice_en_19249146.opus,habit
./data/macroset/en/clips/habit/common_voice_en_19713046.opus,habit
./data/macroset/en/clips/habit/common_voice_en_22021837.opus,habit
./data/macroset/en/clips/habit/common_voice_en_20414480.opus,habit
./data/macroset/en/clips/diluted/common_voice_en_18553090.opus,diluted
./data/macroset/en/clips/diluted/common_voice_en_535306.opus,diluted
./data/macroset/en/clips/diluted/common_voice_en_631488.opus,diluted
./data/macroset/en/clips/diluted/common_voice_en_3546719.opus,diluted
./data/macroset/en/clips/diluted/common_voice_en_247021.opus,diluted
./data/macroset/en/clips/trample/common_voice_en_17654799.opus,trample
./data/macroset/en/clips/trample/common_voice_en_17391458.opus,trample
./data/macroset/en/clips/trample/common_voice_en_17965343.opus,trample
./data/macroset/en/clips/trample/common_voice_en_17511467.opus,trample
./data/macroset/en/clips/trample/common_voice_en_17391796.opus,trample
./data/macroset/en/clips/newsworthy/common_voice_en_17276034.opus,newsworthy
./data/macroset/en/clips/newsworthy/common_voice_en_17252172.opus,newsworthy
./data/macroset/en/clips/newsworthy/common_voice_en_18121224.opus,newsworthy
./data/macroset/en/clips/newsworthy/common_voice_en_17807527.opus,newsworthy
./data/macroset/en/clips/newsworthy/common_voice_en_464593.opus,newsworthy
./data/macroset/en/clips/tracts/common_voice_en_2998.opus,tracts
./data/macroset/en/clips/tracts/common_voice_en_192526.opus,tracts
./data/macroset/en/clips/tracts/common_voice_en_216347.opus,tracts
./data/macroset/en/clips/tracts/common_voice_en_213789.opus,tracts
./data/macroset/en/clips/tracts/common_voice_en_23634.opus,tracts
./data/macroset/en/clips/counties/common_voice_en_21915813.opus,counties
./data/macroset/en/clips/counties/common_voice_en_21242570.opus,counties
./data/macroset/en/clips/counties/common_voice_en_19716996.opus,counties
./data/macroset/en/clips/counties/common_voice_en_21946421.opus,counties
./data/macroset/en/clips/counties/common_voice_en_19741908.opus,counties
./data/macroset/en/clips/flattened/common_voice_en_24750.opus,flattened
./data/macroset/en/clips/flattened/common_voice_en_190614.opus,flattened
./data/macroset/en/clips/flattened/common_voice_en_74038.opus,flattened
./data/macroset/en/clips/flattened/common_voice_en_213849.opus,flattened
./data/macroset/en/clips/flattened/common_voice_en_15618.opus,flattened
./data/macroset/en/clips/blade/common_voice_en_21431911.opus,blade
./data/macroset/en/clips/blade/common_voice_en_99460.opus,blade
./data/macroset/en/clips/blade/common_voice_en_20392790.opus,blade
./data/macroset/en/clips/blade/common_voice_en_45800.opus,blade
./data/macroset/en/clips/blade/common_voice_en_640081.opus,blade
./data/macroset/en/clips/lizards/common_voice_en_22198134.opus,lizards
./data/macroset/en/clips/lizards/common_voice_en_66622.opus,lizards
./data/macroset/en/clips/lizards/common_voice_en_686939.opus,lizards
./data/macroset/en/clips/lizards/common_voice_en_628472.opus,lizards
./data/macroset/en/clips/lizards/common_voice_en_552697.opus,lizards
./data/macroset/en/clips/watering/common_voice_en_19372373.opus,watering
./data/macroset/en/clips/watering/common_voice_en_545046.opus,watering
./data/macroset/en/clips/watering/common_voice_en_571067.opus,watering
./data/macroset/en/clips/watering/common_voice_en_481779.opus,watering
./data/macroset/en/clips/watering/common_voice_en_566510.opus,watering
./data/macroset/en/clips/flounder/common_voice_en_19648961.opus,flounder
./data/macroset/en/clips/flounder/common_voice_en_622430.opus,flounder
./data/macroset/en/clips/flounder/common_voice_en_539995.opus,flounder
./data/macroset/en/clips/flounder/common_voice_en_18121380.opus,flounder
./data/macroset/en/clips/flounder/common_voice_en_649400.opus,flounder
./data/macroset/en/clips/revived/common_voice_en_18658135.opus,revived
./data/macroset/en/clips/revived/common_voice_en_20830740.opus,revived
./data/macroset/en/clips/revived/common_voice_en_21180697.opus,revived
./data/macroset/en/clips/revived/common_voice_en_19278615.opus,revived
./data/macroset/en/clips/revived/common_voice_en_20995969.opus,revived
./data/macroset/en/clips/gigabytes/common_voice_en_491013.opus,gigabytes
./data/macroset/en/clips/gigabytes/common_voice_en_86741.opus,gigabytes
./data/macroset/en/clips/gigabytes/common_voice_en_670417.opus,gigabytes
./data/macroset/en/clips/gigabytes/common_voice_en_580986.opus,gigabytes
./data/macroset/en/clips/gigabytes/common_voice_en_527459.opus,gigabytes
./data/macroset/en/clips/awfully/common_voice_en_34541.opus,awfully
./data/macroset/en/clips/awfully/common_voice_en_544443.opus,awfully
./data/macroset/en/clips/awfully/common_voice_en_515355.opus,awfully
./data/macroset/en/clips/awfully/common_voice_en_688461.opus,awfully
./data/macroset/en/clips/awfully/common_voice_en_22119773.opus,awfully
./data/macroset/en/clips/restriction/common_voice_en_21379753.opus,restriction
./data/macroset/en/clips/restriction/common_voice_en_21256930.opus,restriction
./data/macroset/en/clips/restriction/common_voice_en_18339350.opus,restriction
./data/macroset/en/clips/restriction/common_voice_en_222103.opus,restriction
./data/macroset/en/clips/restriction/common_voice_en_77074.opus,restriction
./data/macroset/en/clips/beats/common_voice_en_536993.opus,beats
./data/macroset/en/clips/beats/common_voice_en_22316469.opus,beats
./data/macroset/en/clips/beats/common_voice_en_19627391.opus,beats
./data/macroset/en/clips/beats/common_voice_en_21364513.opus,beats
./data/macroset/en/clips/beats/common_voice_en_127079.opus,beats
./data/macroset/en/clips/leapt/common_voice_en_638660.opus,leapt
./data/macroset/en/clips/leapt/common_voice_en_523728.opus,leapt
./data/macroset/en/clips/leapt/common_voice_en_477722.opus,leapt
./data/macroset/en/clips/leapt/common_voice_en_682924.opus,leapt
./data/macroset/en/clips/leapt/common_voice_en_156611.opus,leapt
./data/macroset/en/clips/contributions/common_voice_en_21162559.opus,contributions
./data/macroset/en/clips/contributions/common_voice_en_22115652.opus,contributions
./data/macroset/en/clips/contributions/common_voice_en_20933496.opus,contributions
./data/macroset/en/clips/contributions/common_voice_en_18744992.opus,contributions
./data/macroset/en/clips/contributions/common_voice_en_20348575.opus,contributions
./data/macroset/en/clips/baseball/common_voice_en_21313993.opus,baseball
./data/macroset/en/clips/baseball/common_voice_en_20860145.opus,baseball
./data/macroset/en/clips/baseball/common_voice_en_19383638.opus,baseball
./data/macroset/en/clips/baseball/common_voice_en_20273144.opus,baseball
./data/macroset/en/clips/baseball/common_voice_en_22055016.opus,baseball
./data/macroset/en/clips/wolves/common_voice_en_21087923.opus,wolves
./data/macroset/en/clips/wolves/common_voice_en_410186.opus,wolves
./data/macroset/en/clips/wolves/common_voice_en_20077880.opus,wolves
./data/macroset/en/clips/wolves/common_voice_en_18993934.opus,wolves
./data/macroset/en/clips/wolves/common_voice_en_17247833.opus,wolves
./data/macroset/en/clips/everyday/common_voice_en_19697697.opus,everyday
./data/macroset/en/clips/everyday/common_voice_en_19700585.opus,everyday
./data/macroset/en/clips/everyday/common_voice_en_19762535.opus,everyday
./data/macroset/en/clips/everyday/common_voice_en_19963855.opus,everyday
./data/macroset/en/clips/everyday/common_voice_en_652703.opus,everyday
./data/macroset/en/clips/platform/common_voice_en_19528291.opus,platform
./data/macroset/en/clips/platform/common_voice_en_18765679.opus,platform
./data/macroset/en/clips/platform/common_voice_en_21897159.opus,platform
./data/macroset/en/clips/platform/common_voice_en_21090527.opus,platform
./data/macroset/en/clips/platform/common_voice_en_20805978.opus,platform
./data/macroset/en/clips/spirited/common_voice_en_18061973.opus,spirited
./data/macroset/en/clips/spirited/common_voice_en_7387102.opus,spirited
./data/macroset/en/clips/spirited/common_voice_en_17904010.opus,spirited
./data/macroset/en/clips/spirited/common_voice_en_17933586.opus,spirited
./data/macroset/en/clips/spirited/common_voice_en_18665046.opus,spirited
./data/macroset/en/clips/cleveland/common_voice_en_22404547.opus,cleveland
./data/macroset/en/clips/cleveland/common_voice_en_20008723.opus,cleveland
./data/macroset/en/clips/cleveland/common_voice_en_20727837.opus,cleveland
./data/macroset/en/clips/cleveland/common_voice_en_19721514.opus,cleveland
./data/macroset/en/clips/cleveland/common_voice_en_20399917.opus,cleveland
./data/macroset/en/clips/radiogram/common_voice_en_586833.opus,radiogram
./data/macroset/en/clips/radiogram/common_voice_en_17713318.opus,radiogram
./data/macroset/en/clips/radiogram/common_voice_en_631726.opus,radiogram
./data/macroset/en/clips/radiogram/common_voice_en_17555865.opus,radiogram
./data/macroset/en/clips/radiogram/common_voice_en_616858.opus,radiogram
./data/macroset/en/clips/cabin/common_voice_en_20190338.opus,cabin
./data/macroset/en/clips/cabin/common_voice_en_22283324.opus,cabin
./data/macroset/en/clips/cabin/common_voice_en_606981.opus,cabin
./data/macroset/en/clips/cabin/common_voice_en_18103856.opus,cabin
./data/macroset/en/clips/cabin/common_voice_en_17276806.opus,cabin
./data/macroset/en/clips/justin/common_voice_en_22382213.opus,justin
./data/macroset/en/clips/justin/common_voice_en_19649914.opus,justin
./data/macroset/en/clips/justin/common_voice_en_18012362.opus,justin
./data/macroset/en/clips/justin/common_voice_en_19231812.opus,justin
./data/macroset/en/clips/justin/common_voice_en_19277315.opus,justin
./data/macroset/en/clips/hosting/common_voice_en_21051042.opus,hosting
./data/macroset/en/clips/hosting/common_voice_en_21816780.opus,hosting
./data/macroset/en/clips/hosting/common_voice_en_20586720.opus,hosting
./data/macroset/en/clips/hosting/common_voice_en_20681585.opus,hosting
./data/macroset/en/clips/hosting/common_voice_en_21272931.opus,hosting
./data/macroset/en/clips/forever/common_voice_en_18342462.opus,forever
./data/macroset/en/clips/forever/common_voice_en_18409607.opus,forever
./data/macroset/en/clips/forever/common_voice_en_19067097.opus,forever
./data/macroset/en/clips/forever/common_voice_en_19396214.opus,forever
./data/macroset/en/clips/forever/common_voice_en_21244452.opus,forever
./data/macroset/en/clips/hoist/common_voice_en_18065945.opus,hoist
./data/macroset/en/clips/hoist/common_voice_en_18340040.opus,hoist
./data/macroset/en/clips/hoist/common_voice_en_20310490.opus,hoist
./data/macroset/en/clips/hoist/common_voice_en_18496144.opus,hoist
./data/macroset/en/clips/hoist/common_voice_en_18232298.opus,hoist
./data/macroset/en/clips/knock/common_voice_en_18424693.opus,knock
./data/macroset/en/clips/knock/common_voice_en_668730__2.opus,knock
./data/macroset/en/clips/knock/common_voice_en_565280.opus,knock
./data/macroset/en/clips/knock/common_voice_en_17285944.opus,knock
./data/macroset/en/clips/knock/common_voice_en_562552.opus,knock
./data/macroset/en/clips/track/common_voice_en_481322.opus,track
./data/macroset/en/clips/track/common_voice_en_20316150.opus,track
./data/macroset/en/clips/track/common_voice_en_18834469.opus,track
./data/macroset/en/clips/track/common_voice_en_18752060.opus,track
./data/macroset/en/clips/track/common_voice_en_18708597.opus,track
./data/macroset/en/clips/liam/common_voice_en_19848274.opus,liam
./data/macroset/en/clips/liam/common_voice_en_18882534.opus,liam
./data/macroset/en/clips/liam/common_voice_en_1948749.opus,liam
./data/macroset/en/clips/liam/common_voice_en_317786.opus,liam
./data/macroset/en/clips/liam/common_voice_en_8750387.opus,liam
./data/macroset/en/clips/missed/common_voice_en_93039.opus,missed
./data/macroset/en/clips/missed/common_voice_en_515504.opus,missed
./data/macroset/en/clips/missed/common_voice_en_18785423.opus,missed
./data/macroset/en/clips/missed/common_voice_en_17910378.opus,missed
./data/macroset/en/clips/missed/common_voice_en_635847.opus,missed
./data/macroset/en/clips/wildlife/common_voice_en_19511626.opus,wildlife
./data/macroset/en/clips/wildlife/common_voice_en_84273.opus,wildlife
./data/macroset/en/clips/wildlife/common_voice_en_19619751.opus,wildlife
./data/macroset/en/clips/wildlife/common_voice_en_20438496.opus,wildlife
./data/macroset/en/clips/wildlife/common_voice_en_19982511.opus,wildlife
./data/macroset/en/clips/fugitives/common_voice_en_522299.opus,fugitives
./data/macroset/en/clips/fugitives/common_voice_en_622860.opus,fugitives
./data/macroset/en/clips/fugitives/common_voice_en_612327.opus,fugitives
./data/macroset/en/clips/fugitives/common_voice_en_52728.opus,fugitives
./data/macroset/en/clips/fugitives/common_voice_en_611738.opus,fugitives
./data/macroset/en/clips/summer/common_voice_en_18473962.opus,summer
./data/macroset/en/clips/summer/common_voice_en_63271.opus,summer
./data/macroset/en/clips/summer/common_voice_en_19788336__2.opus,summer
./data/macroset/en/clips/summer/common_voice_en_21415429.opus,summer
./data/macroset/en/clips/summer/common_voice_en_21307068.opus,summer
./data/macroset/en/clips/cravat/common_voice_en_17735749.opus,cravat
./data/macroset/en/clips/cravat/common_voice_en_18611767.opus,cravat
./data/macroset/en/clips/cravat/common_voice_en_17254993.opus,cravat
./data/macroset/en/clips/cravat/common_voice_en_17272585.opus,cravat
./data/macroset/en/clips/cravat/common_voice_en_17386717.opus,cravat
./data/macroset/en/clips/helium/common_voice_en_18703645.opus,helium
./data/macroset/en/clips/helium/common_voice_en_43637.opus,helium
./data/macroset/en/clips/helium/common_voice_en_461785.opus,helium
./data/macroset/en/clips/helium/common_voice_en_661134.opus,helium
./data/macroset/en/clips/helium/common_voice_en_602765.opus,helium
./data/macroset/en/clips/team/common_voice_en_20532106.opus,team
./data/macroset/en/clips/team/common_voice_en_19474968__2.opus,team
./data/macroset/en/clips/team/common_voice_en_20523419.opus,team
./data/macroset/en/clips/team/common_voice_en_22249261.opus,team
./data/macroset/en/clips/team/common_voice_en_9376060.opus,team
./data/macroset/en/clips/loop/common_voice_en_20945284.opus,loop
./data/macroset/en/clips/loop/common_voice_en_19369483.opus,loop
./data/macroset/en/clips/loop/common_voice_en_674985.opus,loop
./data/macroset/en/clips/loop/common_voice_en_18039176.opus,loop
./data/macroset/en/clips/loop/common_voice_en_20792699__2.opus,loop
./data/macroset/en/clips/unbearable/common_voice_en_15733923.opus,unbearable
./data/macroset/en/clips/unbearable/common_voice_en_548865.opus,unbearable
./data/macroset/en/clips/unbearable/common_voice_en_571231.opus,unbearable
./data/macroset/en/clips/unbearable/common_voice_en_18148391.opus,unbearable
./data/macroset/en/clips/unbearable/common_voice_en_632046.opus,unbearable
./data/macroset/en/clips/theology/common_voice_en_659039.opus,theology
./data/macroset/en/clips/theology/common_voice_en_24224.opus,theology
./data/macroset/en/clips/theology/common_voice_en_22129522.opus,theology
./data/macroset/en/clips/theology/common_voice_en_681276.opus,theology
./data/macroset/en/clips/theology/common_voice_en_21803832.opus,theology
./data/macroset/en/clips/angle/common_voice_en_21334846.opus,angle
./data/macroset/en/clips/angle/common_voice_en_19961367.opus,angle
./data/macroset/en/clips/angle/common_voice_en_19618371.opus,angle
./data/macroset/en/clips/angle/common_voice_en_20162952.opus,angle
./data/macroset/en/clips/angle/common_voice_en_18931080.opus,angle
./data/macroset/en/clips/excessive/common_voice_en_20013259.opus,excessive
./data/macroset/en/clips/excessive/common_voice_en_20234282.opus,excessive
./data/macroset/en/clips/excessive/common_voice_en_22093031.opus,excessive
./data/macroset/en/clips/excessive/common_voice_en_21284917.opus,excessive
./data/macroset/en/clips/excessive/common_voice_en_20939701.opus,excessive
./data/macroset/en/clips/rulers/common_voice_en_20878373.opus,rulers
./data/macroset/en/clips/rulers/common_voice_en_19827714.opus,rulers
./data/macroset/en/clips/rulers/common_voice_en_20048605.opus,rulers
./data/macroset/en/clips/rulers/common_voice_en_19701188.opus,rulers
./data/macroset/en/clips/rulers/common_voice_en_20442200.opus,rulers
./data/macroset/en/clips/pumped/common_voice_en_17291724.opus,pumped
./data/macroset/en/clips/pumped/common_voice_en_875.opus,pumped
./data/macroset/en/clips/pumped/common_voice_en_19258737.opus,pumped
./data/macroset/en/clips/pumped/common_voice_en_17390902.opus,pumped
./data/macroset/en/clips/pumped/common_voice_en_17965495.opus,pumped
./data/macroset/en/clips/relays/common_voice_en_17894893.opus,relays
./data/macroset/en/clips/relays/common_voice_en_700074.opus,relays
./data/macroset/en/clips/relays/common_voice_en_17854132.opus,relays
./data/macroset/en/clips/relays/common_voice_en_407279.opus,relays
./data/macroset/en/clips/relays/common_voice_en_633935.opus,relays
./data/macroset/en/clips/cruise/common_voice_en_17940434.opus,cruise
./data/macroset/en/clips/cruise/common_voice_en_18666610.opus,cruise
./data/macroset/en/clips/cruise/common_voice_en_268532.opus,cruise
./data/macroset/en/clips/cruise/common_voice_en_479309.opus,cruise
./data/macroset/en/clips/cruise/common_voice_en_650343.opus,cruise
./data/macroset/en/clips/vale/common_voice_en_20577446.opus,vale
./data/macroset/en/clips/vale/common_voice_en_20969155.opus,vale
./data/macroset/en/clips/vale/common_voice_en_19345509.opus,vale
./data/macroset/en/clips/vale/common_voice_en_22003135.opus,vale
./data/macroset/en/clips/vale/common_voice_en_19022997.opus,vale
./data/macroset/en/clips/hookah/common_voice_en_85156.opus,hookah
./data/macroset/en/clips/hookah/common_voice_en_91481.opus,hookah
./data/macroset/en/clips/hookah/common_voice_en_532819.opus,hookah
./data/macroset/en/clips/hookah/common_voice_en_60999.opus,hookah
./data/macroset/en/clips/hookah/common_voice_en_139401.opus,hookah
./data/macroset/en/clips/flash/common_voice_en_20629771.opus,flash
./data/macroset/en/clips/flash/common_voice_en_628798.opus,flash
./data/macroset/en/clips/flash/common_voice_en_205439.opus,flash
./data/macroset/en/clips/flash/common_voice_en_520507.opus,flash
./data/macroset/en/clips/flash/common_voice_en_556165.opus,flash
./data/macroset/en/clips/petersburg/common_voice_en_19652716.opus,petersburg
./data/macroset/en/clips/petersburg/common_voice_en_19377028.opus,petersburg
./data/macroset/en/clips/petersburg/common_voice_en_21129431.opus,petersburg
./data/macroset/en/clips/petersburg/common_voice_en_20806022.opus,petersburg
./data/macroset/en/clips/petersburg/common_voice_en_21024299.opus,petersburg
./data/macroset/en/clips/killed/common_voice_en_493074.opus,killed
./data/macroset/en/clips/killed/common_voice_en_18884083.opus,killed
./data/macroset/en/clips/killed/common_voice_en_21389168.opus,killed
./data/macroset/en/clips/killed/common_voice_en_19669525.opus,killed
./data/macroset/en/clips/killed/common_voice_en_22039489.opus,killed
./data/macroset/en/clips/excerpt/common_voice_en_674219.opus,excerpt
./data/macroset/en/clips/excerpt/common_voice_en_525122.opus,excerpt
./data/macroset/en/clips/excerpt/common_voice_en_697164.opus,excerpt
./data/macroset/en/clips/excerpt/common_voice_en_685263.opus,excerpt
./data/macroset/en/clips/excerpt/common_voice_en_249842.opus,excerpt
./data/macroset/en/clips/inclusive/common_voice_en_18109930.opus,inclusive
./data/macroset/en/clips/inclusive/common_voice_en_620586.opus,inclusive
./data/macroset/en/clips/inclusive/common_voice_en_503303.opus,inclusive
./data/macroset/en/clips/inclusive/common_voice_en_17778073.opus,inclusive
./data/macroset/en/clips/inclusive/common_voice_en_17849968.opus,inclusive
./data/macroset/en/clips/crossings/common_voice_en_19795779.opus,crossings
./data/macroset/en/clips/crossings/common_voice_en_19942397.opus,crossings
./data/macroset/en/clips/crossings/common_voice_en_20418072.opus,crossings
./data/macroset/en/clips/crossings/common_voice_en_20851532.opus,crossings
./data/macroset/en/clips/crossings/common_voice_en_22186100.opus,crossings
./data/macroset/en/clips/didn’t/common_voice_en_619316.opus,didn’t
./data/macroset/en/clips/didn’t/common_voice_en_72173.opus,didn’t
./data/macroset/en/clips/didn’t/common_voice_en_640879.opus,didn’t
./data/macroset/en/clips/didn’t/common_voice_en_22087.opus,didn’t
./data/macroset/en/clips/didn’t/common_voice_en_213511.opus,didn’t
./data/macroset/en/clips/rug/common_voice_en_18148018.opus,rug
./data/macroset/en/clips/rug/common_voice_en_2354462.opus,rug
./data/macroset/en/clips/rug/common_voice_en_21915718.opus,rug
./data/macroset/en/clips/rug/common_voice_en_21505072.opus,rug
./data/macroset/en/clips/rug/common_voice_en_317041.opus,rug
./data/macroset/en/clips/sacking/common_voice_en_17898157.opus,sacking
./data/macroset/en/clips/sacking/common_voice_en_18087504.opus,sacking
./data/macroset/en/clips/sacking/common_voice_en_17863950.opus,sacking
./data/macroset/en/clips/sacking/common_voice_en_9376.opus,sacking
./data/macroset/en/clips/sacking/common_voice_en_17817003.opus,sacking
./data/macroset/en/clips/fallen/common_voice_en_695716.opus,fallen
./data/macroset/en/clips/fallen/common_voice_en_616724.opus,fallen
./data/macroset/en/clips/fallen/common_voice_en_603509.opus,fallen
./data/macroset/en/clips/fallen/common_voice_en_38799.opus,fallen
./data/macroset/en/clips/fallen/common_voice_en_59196.opus,fallen
./data/macroset/en/clips/historians/common_voice_en_19453452.opus,historians
./data/macroset/en/clips/historians/common_voice_en_20200545.opus,historians
./data/macroset/en/clips/historians/common_voice_en_21945497.opus,historians
./data/macroset/en/clips/historians/common_voice_en_20237366.opus,historians
./data/macroset/en/clips/historians/common_voice_en_20010601.opus,historians
./data/macroset/en/clips/beside/common_voice_en_17888020.opus,beside
./data/macroset/en/clips/beside/common_voice_en_17825033.opus,beside
./data/macroset/en/clips/beside/common_voice_en_691761.opus,beside
./data/macroset/en/clips/beside/common_voice_en_528239.opus,beside
./data/macroset/en/clips/beside/common_voice_en_18117896.opus,beside
./data/macroset/en/clips/ambition/common_voice_en_21876177.opus,ambition
./data/macroset/en/clips/ambition/common_voice_en_17930063.opus,ambition
./data/macroset/en/clips/ambition/common_voice_en_18287229.opus,ambition
./data/macroset/en/clips/ambition/common_voice_en_20373505.opus,ambition
./data/macroset/en/clips/ambition/common_voice_en_22468767.opus,ambition
./data/macroset/en/clips/continue/common_voice_en_21135762.opus,continue
./data/macroset/en/clips/continue/common_voice_en_625218.opus,continue
./data/macroset/en/clips/continue/common_voice_en_624367.opus,continue
./data/macroset/en/clips/continue/common_voice_en_18428348.opus,continue
./data/macroset/en/clips/continue/common_voice_en_19093363.opus,continue
./data/macroset/en/clips/reason/common_voice_en_222039.opus,reason
./data/macroset/en/clips/reason/common_voice_en_22309831.opus,reason
./data/macroset/en/clips/reason/common_voice_en_18352535.opus,reason
./data/macroset/en/clips/reason/common_voice_en_3310.opus,reason
./data/macroset/en/clips/reason/common_voice_en_49144.opus,reason
./data/macroset/en/clips/protestant/common_voice_en_20679603.opus,protestant
./data/macroset/en/clips/protestant/common_voice_en_20965444.opus,protestant
./data/macroset/en/clips/protestant/common_voice_en_20765700.opus,protestant
./data/macroset/en/clips/protestant/common_voice_en_19725245.opus,protestant
./data/macroset/en/clips/protestant/common_voice_en_21977072.opus,protestant
./data/macroset/en/clips/kinda/common_voice_en_620499.opus,kinda
./data/macroset/en/clips/kinda/common_voice_en_17848408.opus,kinda
./data/macroset/en/clips/kinda/common_voice_en_17714080.opus,kinda
./data/macroset/en/clips/kinda/common_voice_en_128364.opus,kinda
./data/macroset/en/clips/kinda/common_voice_en_685957.opus,kinda
./data/macroset/en/clips/thriving/common_voice_en_22445534.opus,thriving
./data/macroset/en/clips/thriving/common_voice_en_19805049.opus,thriving
./data/macroset/en/clips/thriving/common_voice_en_20729648.opus,thriving
./data/macroset/en/clips/thriving/common_voice_en_19093015.opus,thriving
./data/macroset/en/clips/thriving/common_voice_en_21788618.opus,thriving
./data/macroset/en/clips/native/common_voice_en_21760610.opus,native
./data/macroset/en/clips/native/common_voice_en_19367885.opus,native
./data/macroset/en/clips/native/common_voice_en_19980823.opus,native
./data/macroset/en/clips/native/common_voice_en_19350330.opus,native
./data/macroset/en/clips/native/common_voice_en_22270790.opus,native
./data/macroset/en/clips/fortress/common_voice_en_20075041.opus,fortress
./data/macroset/en/clips/fortress/common_voice_en_21753114.opus,fortress
./data/macroset/en/clips/fortress/common_voice_en_21545804.opus,fortress
./data/macroset/en/clips/fortress/common_voice_en_20746862.opus,fortress
./data/macroset/en/clips/fortress/common_voice_en_19979772.opus,fortress
./data/macroset/en/clips/interactions/common_voice_en_20280962.opus,interactions
./data/macroset/en/clips/interactions/common_voice_en_20113595.opus,interactions
./data/macroset/en/clips/interactions/common_voice_en_19614973.opus,interactions
./data/macroset/en/clips/interactions/common_voice_en_20523356.opus,interactions
./data/macroset/en/clips/interactions/common_voice_en_20478082.opus,interactions
./data/macroset/en/clips/universally/common_voice_en_18542824.opus,universally
./data/macroset/en/clips/universally/common_voice_en_20460459.opus,universally
./data/macroset/en/clips/universally/common_voice_en_18433548.opus,universally
./data/macroset/en/clips/universally/common_voice_en_21786209.opus,universally
./data/macroset/en/clips/universally/common_voice_en_21989084.opus,universally
./data/macroset/en/clips/collapse/common_voice_en_20565000.opus,collapse
./data/macroset/en/clips/collapse/common_voice_en_20144946.opus,collapse
./data/macroset/en/clips/collapse/common_voice_en_18167720.opus,collapse
./data/macroset/en/clips/collapse/common_voice_en_22168074.opus,collapse
./data/macroset/en/clips/collapse/common_voice_en_17848044.opus,collapse
./data/macroset/en/clips/uncontrollably/common_voice_en_545251.opus,uncontrollably
./data/macroset/en/clips/uncontrollably/common_voice_en_481995.opus,uncontrollably
./data/macroset/en/clips/uncontrollably/common_voice_en_700224.opus,uncontrollably
./data/macroset/en/clips/uncontrollably/common_voice_en_653422.opus,uncontrollably
./data/macroset/en/clips/uncontrollably/common_voice_en_666835.opus,uncontrollably
./data/macroset/en/clips/sunk/common_voice_en_19946512.opus,sunk
./data/macroset/en/clips/sunk/common_voice_en_22402845.opus,sunk
./data/macroset/en/clips/sunk/common_voice_en_21950049.opus,sunk
./data/macroset/en/clips/sunk/common_voice_en_19357070.opus,sunk
./data/macroset/en/clips/sunk/common_voice_en_21798248.opus,sunk
./data/macroset/en/clips/southern/common_voice_en_22305597.opus,southern
./data/macroset/en/clips/southern/common_voice_en_20286556.opus,southern
./data/macroset/en/clips/southern/common_voice_en_21024268.opus,southern
./data/macroset/en/clips/southern/common_voice_en_20027149.opus,southern
./data/macroset/en/clips/southern/common_voice_en_20857931.opus,southern
./data/macroset/en/clips/recreation/common_voice_en_19139790.opus,recreation
./data/macroset/en/clips/recreation/common_voice_en_22439264.opus,recreation
./data/macroset/en/clips/recreation/common_voice_en_21275081.opus,recreation
./data/macroset/en/clips/recreation/common_voice_en_21244019.opus,recreation
./data/macroset/en/clips/recreation/common_voice_en_22105537.opus,recreation
./data/macroset/en/clips/experiences/common_voice_en_219454.opus,experiences
./data/macroset/en/clips/experiences/common_voice_en_18263674.opus,experiences
./data/macroset/en/clips/experiences/common_voice_en_20008602.opus,experiences
./data/macroset/en/clips/experiences/common_voice_en_21764570.opus,experiences
./data/macroset/en/clips/experiences/common_voice_en_18129226.opus,experiences
./data/macroset/en/clips/mend/common_voice_en_18114004.opus,mend
./data/macroset/en/clips/mend/common_voice_en_695069.opus,mend
./data/macroset/en/clips/mend/common_voice_en_18405028.opus,mend
./data/macroset/en/clips/mend/common_voice_en_17802057.opus,mend
./data/macroset/en/clips/mend/common_voice_en_526211.opus,mend
./data/macroset/en/clips/tip/common_voice_en_22431473.opus,tip
./data/macroset/en/clips/tip/common_voice_en_19613455.opus,tip
./data/macroset/en/clips/tip/common_voice_en_20890606.opus,tip
./data/macroset/en/clips/tip/common_voice_en_21128930.opus,tip
./data/macroset/en/clips/tip/common_voice_en_21874480.opus,tip
./data/macroset/en/clips/ceiling/common_voice_en_659874.opus,ceiling
./data/macroset/en/clips/ceiling/common_voice_en_22397890.opus,ceiling
./data/macroset/en/clips/ceiling/common_voice_en_85699.opus,ceiling
./data/macroset/en/clips/ceiling/common_voice_en_18707405.opus,ceiling
./data/macroset/en/clips/ceiling/common_voice_en_685975.opus,ceiling
./data/macroset/en/clips/pocketed/common_voice_en_17355981.opus,pocketed
./data/macroset/en/clips/pocketed/common_voice_en_17297908.opus,pocketed
./data/macroset/en/clips/pocketed/common_voice_en_17452802.opus,pocketed
./data/macroset/en/clips/pocketed/common_voice_en_17455091.opus,pocketed
./data/macroset/en/clips/pocketed/common_voice_en_17629376.opus,pocketed
./data/macroset/en/clips/balance/common_voice_en_18854293.opus,balance
./data/macroset/en/clips/balance/common_voice_en_18143956.opus,balance
./data/macroset/en/clips/balance/common_voice_en_20961318.opus,balance
./data/macroset/en/clips/balance/common_voice_en_22270269.opus,balance
./data/macroset/en/clips/balance/common_voice_en_20882963.opus,balance
./data/macroset/en/clips/spared/common_voice_en_21692152.opus,spared
./data/macroset/en/clips/spared/common_voice_en_600174.opus,spared
./data/macroset/en/clips/spared/common_voice_en_39480.opus,spared
./data/macroset/en/clips/spared/common_voice_en_615617.opus,spared
./data/macroset/en/clips/spared/common_voice_en_685497.opus,spared
./data/macroset/en/clips/agency/common_voice_en_21146976.opus,agency
./data/macroset/en/clips/agency/common_voice_en_22256433.opus,agency
./data/macroset/en/clips/agency/common_voice_en_22028932.opus,agency
./data/macroset/en/clips/agency/common_voice_en_21720487.opus,agency
./data/macroset/en/clips/agency/common_voice_en_20132675.opus,agency
./data/macroset/en/clips/medieval/common_voice_en_513923.opus,medieval
./data/macroset/en/clips/medieval/common_voice_en_19765219.opus,medieval
./data/macroset/en/clips/medieval/common_voice_en_21062458.opus,medieval
./data/macroset/en/clips/medieval/common_voice_en_19158392.opus,medieval
./data/macroset/en/clips/medieval/common_voice_en_20966518.opus,medieval
./data/macroset/en/clips/swallowing/common_voice_en_260627.opus,swallowing
./data/macroset/en/clips/swallowing/common_voice_en_18074576.opus,swallowing
./data/macroset/en/clips/swallowing/common_voice_en_523240.opus,swallowing
./data/macroset/en/clips/swallowing/common_voice_en_17921047.opus,swallowing
./data/macroset/en/clips/swallowing/common_voice_en_18132547.opus,swallowing
./data/macroset/en/clips/romance/common_voice_en_20233226.opus,romance
./data/macroset/en/clips/romance/common_voice_en_21669938.opus,romance
./data/macroset/en/clips/romance/common_voice_en_20313761.opus,romance
./data/macroset/en/clips/romance/common_voice_en_22398231.opus,romance
./data/macroset/en/clips/romance/common_voice_en_22034448.opus,romance
./data/macroset/en/clips/quietness/common_voice_en_17388357.opus,quietness
./data/macroset/en/clips/quietness/common_voice_en_17910506.opus,quietness
./data/macroset/en/clips/quietness/common_voice_en_17295580.opus,quietness
./data/macroset/en/clips/quietness/common_voice_en_17297889.opus,quietness
./data/macroset/en/clips/quietness/common_voice_en_18034115.opus,quietness
./data/macroset/en/clips/got/common_voice_en_698310.opus,got
./data/macroset/en/clips/got/common_voice_en_527923.opus,got
./data/macroset/en/clips/got/common_voice_en_34473.opus,got
./data/macroset/en/clips/got/common_voice_en_160488.opus,got
./data/macroset/en/clips/got/common_voice_en_606602.opus,got
./data/macroset/en/clips/things/common_voice_en_537923.opus,things
./data/macroset/en/clips/things/common_voice_en_3458732.opus,things
./data/macroset/en/clips/things/common_voice_en_18330809.opus,things
./data/macroset/en/clips/things/common_voice_en_508113__2.opus,things
./data/macroset/en/clips/things/common_voice_en_20851.opus,things
./data/macroset/en/clips/detroit/common_voice_en_21779991.opus,detroit
./data/macroset/en/clips/detroit/common_voice_en_20969242.opus,detroit
./data/macroset/en/clips/detroit/common_voice_en_19698828.opus,detroit
./data/macroset/en/clips/detroit/common_voice_en_18739490.opus,detroit
./data/macroset/en/clips/detroit/common_voice_en_19743667.opus,detroit
./data/macroset/en/clips/chain/common_voice_en_18564631.opus,chain
./data/macroset/en/clips/chain/common_voice_en_19355360.opus,chain
./data/macroset/en/clips/chain/common_voice_en_20930810.opus,chain
./data/macroset/en/clips/chain/common_voice_en_94237.opus,chain
./data/macroset/en/clips/chain/common_voice_en_19867230.opus,chain
./data/macroset/en/clips/queuing/common_voice_en_46856.opus,queuing
./data/macroset/en/clips/queuing/common_voice_en_677501.opus,queuing
./data/macroset/en/clips/queuing/common_voice_en_350045.opus,queuing
./data/macroset/en/clips/queuing/common_voice_en_535649.opus,queuing
./data/macroset/en/clips/queuing/common_voice_en_678752.opus,queuing
./data/macroset/en/clips/proximity/common_voice_en_207337.opus,proximity
./data/macroset/en/clips/proximity/common_voice_en_19188230.opus,proximity
./data/macroset/en/clips/proximity/common_voice_en_18907920.opus,proximity
./data/macroset/en/clips/proximity/common_voice_en_18835858.opus,proximity
./data/macroset/en/clips/proximity/common_voice_en_357272.opus,proximity
./data/macroset/en/clips/ugly/common_voice_en_476668.opus,ugly
./data/macroset/en/clips/ugly/common_voice_en_15734348.opus,ugly
./data/macroset/en/clips/ugly/common_voice_en_17966115.opus,ugly
./data/macroset/en/clips/ugly/common_voice_en_17402944.opus,ugly
./data/macroset/en/clips/ugly/common_voice_en_17267197.opus,ugly
./data/macroset/en/clips/put/common_voice_en_635680.opus,put
./data/macroset/en/clips/put/common_voice_en_540319.opus,put
./data/macroset/en/clips/put/common_voice_en_664355.opus,put
./data/macroset/en/clips/put/common_voice_en_129043.opus,put
./data/macroset/en/clips/put/common_voice_en_22442318.opus,put
./data/macroset/en/clips/recent/common_voice_en_308105.opus,recent
./data/macroset/en/clips/recent/common_voice_en_22384261.opus,recent
./data/macroset/en/clips/recent/common_voice_en_22363603.opus,recent
./data/macroset/en/clips/recent/common_voice_en_18428803.opus,recent
./data/macroset/en/clips/recent/common_voice_en_21803659.opus,recent
./data/macroset/en/clips/cotton/common_voice_en_19534142.opus,cotton
./data/macroset/en/clips/cotton/common_voice_en_19368025.opus,cotton
./data/macroset/en/clips/cotton/common_voice_en_19411871__2.opus,cotton
./data/macroset/en/clips/cotton/common_voice_en_21566602.opus,cotton
./data/macroset/en/clips/cotton/common_voice_en_21764890.opus,cotton
./data/macroset/en/clips/janitor/common_voice_en_20540520.opus,janitor
./data/macroset/en/clips/janitor/common_voice_en_17776158.opus,janitor
./data/macroset/en/clips/janitor/common_voice_en_17345215.opus,janitor
./data/macroset/en/clips/janitor/common_voice_en_17793714.opus,janitor
./data/macroset/en/clips/janitor/common_voice_en_17552440.opus,janitor
./data/macroset/en/clips/calcium/common_voice_en_21806951.opus,calcium
./data/macroset/en/clips/calcium/common_voice_en_19583358__2.opus,calcium
./data/macroset/en/clips/calcium/common_voice_en_20315929.opus,calcium
./data/macroset/en/clips/calcium/common_voice_en_20841032.opus,calcium
./data/macroset/en/clips/calcium/common_voice_en_20048362.opus,calcium
./data/macroset/en/clips/deer/common_voice_en_20485.opus,deer
./data/macroset/en/clips/deer/common_voice_en_526478.opus,deer
./data/macroset/en/clips/deer/common_voice_en_19185310.opus,deer
./data/macroset/en/clips/deer/common_voice_en_18838592.opus,deer
./data/macroset/en/clips/deer/common_voice_en_17412386.opus,deer
./data/macroset/en/clips/poor/common_voice_en_20061344.opus,poor
./data/macroset/en/clips/poor/common_voice_en_20404668.opus,poor
./data/macroset/en/clips/poor/common_voice_en_19320008.opus,poor
./data/macroset/en/clips/poor/common_voice_en_20679992.opus,poor
./data/macroset/en/clips/poor/common_voice_en_580921.opus,poor
./data/macroset/en/clips/perry/common_voice_en_22067410.opus,perry
./data/macroset/en/clips/perry/common_voice_en_19324225.opus,perry
./data/macroset/en/clips/perry/common_voice_en_485540.opus,perry
./data/macroset/en/clips/perry/common_voice_en_18713176__2.opus,perry
./data/macroset/en/clips/perry/common_voice_en_19324281.opus,perry
./data/macroset/en/clips/encampment/common_voice_en_670010.opus,encampment
./data/macroset/en/clips/encampment/common_voice_en_80898.opus,encampment
./data/macroset/en/clips/encampment/common_voice_en_550843.opus,encampment
./data/macroset/en/clips/encampment/common_voice_en_206361.opus,encampment
./data/macroset/en/clips/encampment/common_voice_en_514465.opus,encampment
./data/macroset/en/clips/begins/common_voice_en_19981254.opus,begins
./data/macroset/en/clips/begins/common_voice_en_19415327.opus,begins
./data/macroset/en/clips/begins/common_voice_en_20321849.opus,begins
./data/macroset/en/clips/begins/common_voice_en_19660101.opus,begins
./data/macroset/en/clips/begins/common_voice_en_19678590.opus,begins
./data/macroset/en/clips/bald/common_voice_en_162660.opus,bald
./data/macroset/en/clips/bald/common_voice_en_22266648.opus,bald
./data/macroset/en/clips/bald/common_voice_en_594643.opus,bald
./data/macroset/en/clips/bald/common_voice_en_18816312.opus,bald
./data/macroset/en/clips/bald/common_voice_en_18300176.opus,bald
./data/macroset/en/clips/subliminal/common_voice_en_470989.opus,subliminal
./data/macroset/en/clips/subliminal/common_voice_en_562180.opus,subliminal
./data/macroset/en/clips/subliminal/common_voice_en_17556094.opus,subliminal
./data/macroset/en/clips/subliminal/common_voice_en_17294180.opus,subliminal
./data/macroset/en/clips/subliminal/common_voice_en_17273488.opus,subliminal
./data/macroset/en/clips/spell/common_voice_en_22381316.opus,spell
./data/macroset/en/clips/spell/common_voice_en_547684.opus,spell
./data/macroset/en/clips/spell/common_voice_en_507255.opus,spell
./data/macroset/en/clips/spell/common_voice_en_17887269.opus,spell
./data/macroset/en/clips/spell/common_voice_en_17716323.opus,spell
./data/macroset/en/clips/sister/common_voice_en_19185514.opus,sister
./data/macroset/en/clips/sister/common_voice_en_20649771.opus,sister
./data/macroset/en/clips/sister/common_voice_en_21775685.opus,sister
./data/macroset/en/clips/sister/common_voice_en_18971376.opus,sister
./data/macroset/en/clips/sister/common_voice_en_21146706.opus,sister
./data/macroset/en/clips/lodge/common_voice_en_21773804.opus,lodge
./data/macroset/en/clips/lodge/common_voice_en_19640945.opus,lodge
./data/macroset/en/clips/lodge/common_voice_en_20054447.opus,lodge
./data/macroset/en/clips/lodge/common_voice_en_20221363.opus,lodge
./data/macroset/en/clips/lodge/common_voice_en_22340676.opus,lodge
./data/macroset/en/clips/missouri/common_voice_en_18680972.opus,missouri
./data/macroset/en/clips/missouri/common_voice_en_20260855.opus,missouri
./data/macroset/en/clips/missouri/common_voice_en_20780598.opus,missouri
./data/macroset/en/clips/missouri/common_voice_en_19582565.opus,missouri
./data/macroset/en/clips/missouri/common_voice_en_18772797.opus,missouri
./data/macroset/en/clips/garnished/common_voice_en_613997.opus,garnished
./data/macroset/en/clips/garnished/common_voice_en_665605.opus,garnished
./data/macroset/en/clips/garnished/common_voice_en_163683.opus,garnished
./data/macroset/en/clips/garnished/common_voice_en_526102.opus,garnished
./data/macroset/en/clips/garnished/common_voice_en_192742.opus,garnished
./data/macroset/en/clips/donkey/common_voice_en_15904070.opus,donkey
./data/macroset/en/clips/donkey/common_voice_en_18506125.opus,donkey
./data/macroset/en/clips/donkey/common_voice_en_137247.opus,donkey
./data/macroset/en/clips/donkey/common_voice_en_19451344.opus,donkey
./data/macroset/en/clips/donkey/common_voice_en_510182.opus,donkey
./data/macroset/en/clips/common/common_voice_en_20655582.opus,common
./data/macroset/en/clips/common/common_voice_en_683196.opus,common
./data/macroset/en/clips/common/common_voice_en_658897.opus,common
./data/macroset/en/clips/common/common_voice_en_20223818.opus,common
./data/macroset/en/clips/common/common_voice_en_19010640.opus,common
./data/macroset/en/clips/systematic/common_voice_en_675288.opus,systematic
./data/macroset/en/clips/systematic/common_voice_en_19349762.opus,systematic
./data/macroset/en/clips/systematic/common_voice_en_596768.opus,systematic
./data/macroset/en/clips/systematic/common_voice_en_19640144.opus,systematic
./data/macroset/en/clips/systematic/common_voice_en_535299.opus,systematic
./data/macroset/en/clips/comfort/common_voice_en_19753927.opus,comfort
./data/macroset/en/clips/comfort/common_voice_en_474629.opus,comfort
./data/macroset/en/clips/comfort/common_voice_en_20478429.opus,comfort
./data/macroset/en/clips/comfort/common_voice_en_19964378.opus,comfort
./data/macroset/en/clips/comfort/common_voice_en_19795882.opus,comfort
./data/macroset/en/clips/also/common_voice_en_21655697.opus,also
./data/macroset/en/clips/also/common_voice_en_21052966.opus,also
./data/macroset/en/clips/also/common_voice_en_21949731.opus,also
./data/macroset/en/clips/also/common_voice_en_20170464.opus,also
./data/macroset/en/clips/also/common_voice_en_21976502.opus,also
./data/macroset/en/clips/providing/common_voice_en_20177342.opus,providing
./data/macroset/en/clips/providing/common_voice_en_19711635.opus,providing
./data/macroset/en/clips/providing/common_voice_en_22299665.opus,providing
./data/macroset/en/clips/providing/common_voice_en_20776446.opus,providing
./data/macroset/en/clips/providing/common_voice_en_19789266.opus,providing
./data/macroset/en/clips/bluntly/common_voice_en_17284004.opus,bluntly
./data/macroset/en/clips/bluntly/common_voice_en_17282078.opus,bluntly
./data/macroset/en/clips/bluntly/common_voice_en_18082200.opus,bluntly
./data/macroset/en/clips/bluntly/common_voice_en_18061808.opus,bluntly
./data/macroset/en/clips/bluntly/common_voice_en_18098292.opus,bluntly
./data/macroset/en/clips/barge/common_voice_en_17406993.opus,barge
./data/macroset/en/clips/barge/common_voice_en_19995521.opus,barge
./data/macroset/en/clips/barge/common_voice_en_17289999.opus,barge
./data/macroset/en/clips/barge/common_voice_en_18945365.opus,barge
./data/macroset/en/clips/barge/common_voice_en_20076845.opus,barge
./data/macroset/en/clips/allergic/common_voice_en_20926004.opus,allergic
./data/macroset/en/clips/allergic/common_voice_en_18281576.opus,allergic
./data/macroset/en/clips/allergic/common_voice_en_19651487.opus,allergic
./data/macroset/en/clips/allergic/common_voice_en_81307.opus,allergic
./data/macroset/en/clips/allergic/common_voice_en_17731103.opus,allergic
./data/macroset/en/clips/mayor/common_voice_en_22411798.opus,mayor
./data/macroset/en/clips/mayor/common_voice_en_19289535.opus,mayor
./data/macroset/en/clips/mayor/common_voice_en_146350.opus,mayor
./data/macroset/en/clips/mayor/common_voice_en_20192653.opus,mayor
./data/macroset/en/clips/mayor/common_voice_en_22165666.opus,mayor
./data/macroset/en/clips/directed/common_voice_en_21403183.opus,directed
./data/macroset/en/clips/directed/common_voice_en_18717499.opus,directed
./data/macroset/en/clips/directed/common_voice_en_20876073.opus,directed
./data/macroset/en/clips/directed/common_voice_en_19025873.opus,directed
./data/macroset/en/clips/directed/common_voice_en_19720283.opus,directed
./data/macroset/en/clips/rivalry/common_voice_en_21199848.opus,rivalry
./data/macroset/en/clips/rivalry/common_voice_en_21851676.opus,rivalry
./data/macroset/en/clips/rivalry/common_voice_en_22277943.opus,rivalry
./data/macroset/en/clips/rivalry/common_voice_en_20880711.opus,rivalry
./data/macroset/en/clips/rivalry/common_voice_en_22160141.opus,rivalry
./data/macroset/en/clips/snickers/common_voice_en_539439.opus,snickers
./data/macroset/en/clips/snickers/common_voice_en_213241.opus,snickers
./data/macroset/en/clips/snickers/common_voice_en_650259.opus,snickers
./data/macroset/en/clips/snickers/common_voice_en_662478.opus,snickers
./data/macroset/en/clips/snickers/common_voice_en_685341.opus,snickers
./data/macroset/en/clips/minneapolis/common_voice_en_20217670.opus,minneapolis
./data/macroset/en/clips/minneapolis/common_voice_en_18748530.opus,minneapolis
./data/macroset/en/clips/minneapolis/common_voice_en_19615125.opus,minneapolis
./data/macroset/en/clips/minneapolis/common_voice_en_20506433.opus,minneapolis
./data/macroset/en/clips/minneapolis/common_voice_en_18717677.opus,minneapolis
./data/macroset/en/clips/forgets/common_voice_en_686222.opus,forgets
./data/macroset/en/clips/forgets/common_voice_en_285745.opus,forgets
./data/macroset/en/clips/forgets/common_voice_en_20650466.opus,forgets
./data/macroset/en/clips/forgets/common_voice_en_76231.opus,forgets
./data/macroset/en/clips/forgets/common_voice_en_478852.opus,forgets
./data/macroset/en/clips/facing/common_voice_en_18981706.opus,facing
./data/macroset/en/clips/facing/common_voice_en_19312846.opus,facing
./data/macroset/en/clips/facing/common_voice_en_18745942.opus,facing
./data/macroset/en/clips/facing/common_voice_en_21103125.opus,facing
./data/macroset/en/clips/facing/common_voice_en_22249736.opus,facing
./data/macroset/en/clips/ambulance/common_voice_en_21057586.opus,ambulance
./data/macroset/en/clips/ambulance/common_voice_en_20976038.opus,ambulance
./data/macroset/en/clips/ambulance/common_voice_en_18840278.opus,ambulance
./data/macroset/en/clips/ambulance/common_voice_en_17914251.opus,ambulance
./data/macroset/en/clips/ambulance/common_voice_en_19744893.opus,ambulance
./data/macroset/en/clips/pseudonym/common_voice_en_20870748.opus,pseudonym
./data/macroset/en/clips/pseudonym/common_voice_en_20964039.opus,pseudonym
./data/macroset/en/clips/pseudonym/common_voice_en_19067111.opus,pseudonym
./data/macroset/en/clips/pseudonym/common_voice_en_19959135.opus,pseudonym
./data/macroset/en/clips/pseudonym/common_voice_en_18634775.opus,pseudonym
./data/macroset/en/clips/elevation/common_voice_en_19999943.opus,elevation
./data/macroset/en/clips/elevation/common_voice_en_20881130.opus,elevation
./data/macroset/en/clips/elevation/common_voice_en_19621133.opus,elevation
./data/macroset/en/clips/elevation/common_voice_en_19700373.opus,elevation
./data/macroset/en/clips/elevation/common_voice_en_19419205.opus,elevation
./data/macroset/en/clips/consecutive/common_voice_en_22284087.opus,consecutive
./data/macroset/en/clips/consecutive/common_voice_en_21939044.opus,consecutive
./data/macroset/en/clips/consecutive/common_voice_en_20934359.opus,consecutive
./data/macroset/en/clips/consecutive/common_voice_en_19758608.opus,consecutive
./data/macroset/en/clips/consecutive/common_voice_en_21205692.opus,consecutive
./data/macroset/en/clips/ornate/common_voice_en_17871712.opus,ornate
./data/macroset/en/clips/ornate/common_voice_en_17258081.opus,ornate
./data/macroset/en/clips/ornate/common_voice_en_17764906.opus,ornate
./data/macroset/en/clips/ornate/common_voice_en_526809.opus,ornate
./data/macroset/en/clips/ornate/common_voice_en_17268498.opus,ornate
./data/macroset/en/clips/vimeo/common_voice_en_74934.opus,vimeo
./data/macroset/en/clips/vimeo/common_voice_en_614230.opus,vimeo
./data/macroset/en/clips/vimeo/common_voice_en_79209.opus,vimeo
./data/macroset/en/clips/vimeo/common_voice_en_193252.opus,vimeo
./data/macroset/en/clips/vimeo/common_voice_en_584900.opus,vimeo
./data/macroset/en/clips/unequal/common_voice_en_195995.opus,unequal
./data/macroset/en/clips/unequal/common_voice_en_634124.opus,unequal
./data/macroset/en/clips/unequal/common_voice_en_629803.opus,unequal
./data/macroset/en/clips/unequal/common_voice_en_637636.opus,unequal
./data/macroset/en/clips/unequal/common_voice_en_691780.opus,unequal
./data/macroset/en/clips/minimum/common_voice_en_19521494.opus,minimum
./data/macroset/en/clips/minimum/common_voice_en_20648111.opus,minimum
./data/macroset/en/clips/minimum/common_voice_en_19165855.opus,minimum
./data/macroset/en/clips/minimum/common_voice_en_20190184.opus,minimum
./data/macroset/en/clips/minimum/common_voice_en_20167436.opus,minimum
./data/macroset/en/clips/julius/common_voice_en_19528201.opus,julius
./data/macroset/en/clips/julius/common_voice_en_20100615.opus,julius
./data/macroset/en/clips/julius/common_voice_en_18811814.opus,julius
./data/macroset/en/clips/julius/common_voice_en_22419905.opus,julius
./data/macroset/en/clips/julius/common_voice_en_20303518.opus,julius
./data/macroset/en/clips/configure/common_voice_en_74360.opus,configure
./data/macroset/en/clips/configure/common_voice_en_518844.opus,configure
./data/macroset/en/clips/configure/common_voice_en_46474.opus,configure
./data/macroset/en/clips/configure/common_voice_en_650713.opus,configure
./data/macroset/en/clips/configure/common_voice_en_492484.opus,configure
./data/macroset/en/clips/dial/common_voice_en_20440612.opus,dial
./data/macroset/en/clips/dial/common_voice_en_21021512.opus,dial
./data/macroset/en/clips/dial/common_voice_en_19376964.opus,dial
./data/macroset/en/clips/dial/common_voice_en_20825706.opus,dial
./data/macroset/en/clips/dial/common_voice_en_20969352.opus,dial
./data/macroset/en/clips/mastermind/common_voice_en_674432.opus,mastermind
./data/macroset/en/clips/mastermind/common_voice_en_605315.opus,mastermind
./data/macroset/en/clips/mastermind/common_voice_en_520754.opus,mastermind
./data/macroset/en/clips/mastermind/common_voice_en_64105.opus,mastermind
./data/macroset/en/clips/mastermind/common_voice_en_522229.opus,mastermind
./data/macroset/en/clips/givers/common_voice_en_17806735.opus,givers
./data/macroset/en/clips/givers/common_voice_en_18110282.opus,givers
./data/macroset/en/clips/givers/common_voice_en_18061794.opus,givers
./data/macroset/en/clips/givers/common_voice_en_17904805.opus,givers
./data/macroset/en/clips/givers/common_voice_en_590802.opus,givers
./data/macroset/en/clips/crystal/common_voice_en_646446.opus,crystal
./data/macroset/en/clips/crystal/common_voice_en_131525.opus,crystal
./data/macroset/en/clips/crystal/common_voice_en_687446.opus,crystal
./data/macroset/en/clips/crystal/common_voice_en_619078.opus,crystal
./data/macroset/en/clips/crystal/common_voice_en_557697__2.opus,crystal
./data/macroset/en/clips/prairie/common_voice_en_18745499.opus,prairie
./data/macroset/en/clips/prairie/common_voice_en_21356366.opus,prairie
./data/macroset/en/clips/prairie/common_voice_en_20924608.opus,prairie
./data/macroset/en/clips/prairie/common_voice_en_21721943.opus,prairie
./data/macroset/en/clips/prairie/common_voice_en_20827315.opus,prairie
./data/macroset/en/clips/avenger/common_voice_en_17284449.opus,avenger
./data/macroset/en/clips/avenger/common_voice_en_17417413.opus,avenger
./data/macroset/en/clips/avenger/common_voice_en_17477889.opus,avenger
./data/macroset/en/clips/avenger/common_voice_en_17538322.opus,avenger
./data/macroset/en/clips/avenger/common_voice_en_17257463.opus,avenger
./data/macroset/en/clips/praise/common_voice_en_21335614.opus,praise
./data/macroset/en/clips/praise/common_voice_en_22312814.opus,praise
./data/macroset/en/clips/praise/common_voice_en_20043172.opus,praise
./data/macroset/en/clips/praise/common_voice_en_20955303.opus,praise
./data/macroset/en/clips/praise/common_voice_en_20310363.opus,praise
./data/macroset/en/clips/concern/common_voice_en_22115000.opus,concern
./data/macroset/en/clips/concern/common_voice_en_17843836.opus,concern
./data/macroset/en/clips/concern/common_voice_en_20880502.opus,concern
./data/macroset/en/clips/concern/common_voice_en_18854572.opus,concern
./data/macroset/en/clips/concern/common_voice_en_216257.opus,concern
./data/macroset/en/clips/reiterated/common_voice_en_20882948.opus,reiterated
./data/macroset/en/clips/reiterated/common_voice_en_24458.opus,reiterated
./data/macroset/en/clips/reiterated/common_voice_en_63538.opus,reiterated
./data/macroset/en/clips/reiterated/common_voice_en_513652.opus,reiterated
./data/macroset/en/clips/reiterated/common_voice_en_62321.opus,reiterated
./data/macroset/en/clips/mailed/common_voice_en_19006619.opus,mailed
./data/macroset/en/clips/mailed/common_voice_en_54165.opus,mailed
./data/macroset/en/clips/mailed/common_voice_en_388299.opus,mailed
./data/macroset/en/clips/mailed/common_voice_en_207705.opus,mailed
./data/macroset/en/clips/mailed/common_voice_en_630635.opus,mailed
./data/macroset/en/clips/hoping/common_voice_en_18506625.opus,hoping
./data/macroset/en/clips/hoping/common_voice_en_17507680.opus,hoping
./data/macroset/en/clips/hoping/common_voice_en_18495363.opus,hoping
./data/macroset/en/clips/hoping/common_voice_en_482392.opus,hoping
./data/macroset/en/clips/hoping/common_voice_en_18509194.opus,hoping
./data/macroset/en/clips/austen/common_voice_en_585853.opus,austen
./data/macroset/en/clips/austen/common_voice_en_18144957.opus,austen
./data/macroset/en/clips/austen/common_voice_en_911238.opus,austen
./data/macroset/en/clips/austen/common_voice_en_17782216.opus,austen
./data/macroset/en/clips/austen/common_voice_en_17342344.opus,austen
./data/macroset/en/clips/synonymous/common_voice_en_19822269.opus,synonymous
./data/macroset/en/clips/synonymous/common_voice_en_19698381.opus,synonymous
./data/macroset/en/clips/synonymous/common_voice_en_20456234.opus,synonymous
./data/macroset/en/clips/synonymous/common_voice_en_20240304.opus,synonymous
./data/macroset/en/clips/synonymous/common_voice_en_20851956.opus,synonymous
./data/macroset/en/clips/retreated/common_voice_en_20959134.opus,retreated
./data/macroset/en/clips/retreated/common_voice_en_19595804.opus,retreated
./data/macroset/en/clips/retreated/common_voice_en_19650887.opus,retreated
./data/macroset/en/clips/retreated/common_voice_en_19918222.opus,retreated
./data/macroset/en/clips/retreated/common_voice_en_22102952.opus,retreated
./data/macroset/en/clips/met/common_voice_en_24816.opus,met
./data/macroset/en/clips/met/common_voice_en_615100.opus,met
./data/macroset/en/clips/met/common_voice_en_92151.opus,met
./data/macroset/en/clips/met/common_voice_en_17390239.opus,met
./data/macroset/en/clips/met/common_voice_en_20304893.opus,met
./data/macroset/en/clips/associated/common_voice_en_20637914.opus,associated
./data/macroset/en/clips/associated/common_voice_en_20495822.opus,associated
./data/macroset/en/clips/associated/common_voice_en_19667269.opus,associated
./data/macroset/en/clips/associated/common_voice_en_21725402.opus,associated
./data/macroset/en/clips/associated/common_voice_en_21291192.opus,associated
./data/macroset/en/clips/cheating/common_voice_en_18411000.opus,cheating
./data/macroset/en/clips/cheating/common_voice_en_17284497.opus,cheating
./data/macroset/en/clips/cheating/common_voice_en_559888.opus,cheating
./data/macroset/en/clips/cheating/common_voice_en_17263235.opus,cheating
./data/macroset/en/clips/cheating/common_voice_en_17255651.opus,cheating
./data/macroset/en/clips/significantly/common_voice_en_21306987.opus,significantly
./data/macroset/en/clips/significantly/common_voice_en_18723920.opus,significantly
./data/macroset/en/clips/significantly/common_voice_en_19254897.opus,significantly
./data/macroset/en/clips/significantly/common_voice_en_692006.opus,significantly
./data/macroset/en/clips/significantly/common_voice_en_18949501.opus,significantly
./data/macroset/en/clips/makes/common_voice_en_18013483.opus,makes
./data/macroset/en/clips/makes/common_voice_en_17851486.opus,makes
./data/macroset/en/clips/makes/common_voice_en_308396.opus,makes
./data/macroset/en/clips/makes/common_voice_en_4096843.opus,makes
./data/macroset/en/clips/makes/common_voice_en_21332541.opus,makes
./data/macroset/en/clips/flush/common_voice_en_22280919.opus,flush
./data/macroset/en/clips/flush/common_voice_en_21045897.opus,flush
./data/macroset/en/clips/flush/common_voice_en_20423955.opus,flush
./data/macroset/en/clips/flush/common_voice_en_18344929.opus,flush
./data/macroset/en/clips/flush/common_voice_en_18503708.opus,flush
./data/macroset/en/clips/chapters/common_voice_en_19788294.opus,chapters
./data/macroset/en/clips/chapters/common_voice_en_20708207.opus,chapters
./data/macroset/en/clips/chapters/common_voice_en_20169528.opus,chapters
./data/macroset/en/clips/chapters/common_voice_en_20367257.opus,chapters
./data/macroset/en/clips/chapters/common_voice_en_19789659.opus,chapters
./data/macroset/en/clips/trays/common_voice_en_173188.opus,trays
./data/macroset/en/clips/trays/common_voice_en_621015.opus,trays
./data/macroset/en/clips/trays/common_voice_en_614286.opus,trays
./data/macroset/en/clips/trays/common_voice_en_34825.opus,trays
./data/macroset/en/clips/trays/common_voice_en_64496.opus,trays
./data/macroset/en/clips/modifying/common_voice_en_21380328.opus,modifying
./data/macroset/en/clips/modifying/common_voice_en_20107704.opus,modifying
./data/macroset/en/clips/modifying/common_voice_en_19481411.opus,modifying
./data/macroset/en/clips/modifying/common_voice_en_482746.opus,modifying
./data/macroset/en/clips/modifying/common_voice_en_616556.opus,modifying
./data/macroset/en/clips/brook/common_voice_en_19708540.opus,brook
./data/macroset/en/clips/brook/common_voice_en_20373254.opus,brook
./data/macroset/en/clips/brook/common_voice_en_20132459.opus,brook
./data/macroset/en/clips/brook/common_voice_en_19890359__2.opus,brook
./data/macroset/en/clips/brook/common_voice_en_20378207__2.opus,brook
./data/macroset/en/clips/pilot/common_voice_en_18819144.opus,pilot
./data/macroset/en/clips/pilot/common_voice_en_19010448.opus,pilot
./data/macroset/en/clips/pilot/common_voice_en_633769.opus,pilot
./data/macroset/en/clips/pilot/common_voice_en_20522876.opus,pilot
./data/macroset/en/clips/pilot/common_voice_en_20097169.opus,pilot
./data/macroset/en/clips/bobby/common_voice_en_22226565.opus,bobby
./data/macroset/en/clips/bobby/common_voice_en_19013200.opus,bobby
./data/macroset/en/clips/bobby/common_voice_en_21342803.opus,bobby
./data/macroset/en/clips/bobby/common_voice_en_64929.opus,bobby
./data/macroset/en/clips/bobby/common_voice_en_209426.opus,bobby
./data/macroset/en/clips/shields/common_voice_en_510983.opus,shields
./data/macroset/en/clips/shields/common_voice_en_20928712.opus,shields
./data/macroset/en/clips/shields/common_voice_en_20316098.opus,shields
./data/macroset/en/clips/shields/common_voice_en_20962906.opus,shields
./data/macroset/en/clips/shields/common_voice_en_672134.opus,shields
./data/macroset/en/clips/crescendo/common_voice_en_178568.opus,crescendo
./data/macroset/en/clips/crescendo/common_voice_en_26938.opus,crescendo
./data/macroset/en/clips/crescendo/common_voice_en_637851.opus,crescendo
./data/macroset/en/clips/crescendo/common_voice_en_16047621.opus,crescendo
./data/macroset/en/clips/crescendo/common_voice_en_554611.opus,crescendo
./data/macroset/en/clips/shoreline/common_voice_en_22164255.opus,shoreline
./data/macroset/en/clips/shoreline/common_voice_en_21688107.opus,shoreline
./data/macroset/en/clips/shoreline/common_voice_en_18765528.opus,shoreline
./data/macroset/en/clips/shoreline/common_voice_en_19543808.opus,shoreline
./data/macroset/en/clips/shoreline/common_voice_en_582377.opus,shoreline
./data/macroset/en/clips/species/common_voice_en_18925098.opus,species
./data/macroset/en/clips/species/common_voice_en_18944176.opus,species
./data/macroset/en/clips/species/common_voice_en_19725671.opus,species
./data/macroset/en/clips/species/common_voice_en_19521499.opus,species
./data/macroset/en/clips/species/common_voice_en_21795156.opus,species
./data/macroset/en/clips/anger/common_voice_en_17939519.opus,anger
./data/macroset/en/clips/anger/common_voice_en_46972.opus,anger
./data/macroset/en/clips/anger/common_voice_en_527062.opus,anger
./data/macroset/en/clips/anger/common_voice_en_19526625.opus,anger
./data/macroset/en/clips/anger/common_voice_en_203911.opus,anger
./data/macroset/en/clips/lectures/common_voice_en_19638030.opus,lectures
./data/macroset/en/clips/lectures/common_voice_en_22103491.opus,lectures
./data/macroset/en/clips/lectures/common_voice_en_18713401.opus,lectures
./data/macroset/en/clips/lectures/common_voice_en_22437581.opus,lectures
./data/macroset/en/clips/lectures/common_voice_en_22165114.opus,lectures
./data/macroset/en/clips/far/common_voice_en_498314.opus,far
./data/macroset/en/clips/far/common_voice_en_186683.opus,far
./data/macroset/en/clips/far/common_voice_en_18865175.opus,far
./data/macroset/en/clips/far/common_voice_en_17272066.opus,far
./data/macroset/en/clips/far/common_voice_en_17278512.opus,far
./data/macroset/en/clips/marriage/common_voice_en_22240703.opus,marriage
./data/macroset/en/clips/marriage/common_voice_en_18854269.opus,marriage
./data/macroset/en/clips/marriage/common_voice_en_22242805.opus,marriage
./data/macroset/en/clips/marriage/common_voice_en_20984237.opus,marriage
./data/macroset/en/clips/marriage/common_voice_en_22315955.opus,marriage
./data/macroset/en/clips/producer/common_voice_en_21589123.opus,producer
./data/macroset/en/clips/producer/common_voice_en_19649441.opus,producer
./data/macroset/en/clips/producer/common_voice_en_19948349.opus,producer
./data/macroset/en/clips/producer/common_voice_en_19449708.opus,producer
./data/macroset/en/clips/producer/common_voice_en_19152001.opus,producer
./data/macroset/en/clips/conflict/common_voice_en_559435.opus,conflict
./data/macroset/en/clips/conflict/common_voice_en_17469620.opus,conflict
./data/macroset/en/clips/conflict/common_voice_en_18455800.opus,conflict
./data/macroset/en/clips/conflict/common_voice_en_19721098.opus,conflict
./data/macroset/en/clips/conflict/common_voice_en_611697.opus,conflict
./data/macroset/en/clips/lasting/common_voice_en_18125455.opus,lasting
./data/macroset/en/clips/lasting/common_voice_en_19898616.opus,lasting
./data/macroset/en/clips/lasting/common_voice_en_18727962.opus,lasting
./data/macroset/en/clips/lasting/common_voice_en_183179.opus,lasting
./data/macroset/en/clips/lasting/common_voice_en_20670743.opus,lasting
./data/macroset/en/clips/architectural/common_voice_en_22168455.opus,architectural
./data/macroset/en/clips/architectural/common_voice_en_20708277.opus,architectural
./data/macroset/en/clips/architectural/common_voice_en_19965510.opus,architectural
./data/macroset/en/clips/architectural/common_voice_en_22346166.opus,architectural
./data/macroset/en/clips/architectural/common_voice_en_19607268.opus,architectural
./data/macroset/en/clips/recycled/common_voice_en_21764843.opus,recycled
./data/macroset/en/clips/recycled/common_voice_en_19751261.opus,recycled
./data/macroset/en/clips/recycled/common_voice_en_19800791.opus,recycled
./data/macroset/en/clips/recycled/common_voice_en_18256119.opus,recycled
./data/macroset/en/clips/recycled/common_voice_en_700357.opus,recycled
./data/macroset/en/clips/gill/common_voice_en_18816339.opus,gill
./data/macroset/en/clips/gill/common_voice_en_20547801.opus,gill
./data/macroset/en/clips/gill/common_voice_en_19324270.opus,gill
./data/macroset/en/clips/gill/common_voice_en_20410570.opus,gill
./data/macroset/en/clips/gill/common_voice_en_20417082.opus,gill
./data/macroset/en/clips/rambling/common_voice_en_17538438.opus,rambling
./data/macroset/en/clips/rambling/common_voice_en_18024783.opus,rambling
./data/macroset/en/clips/rambling/common_voice_en_17292086.opus,rambling
./data/macroset/en/clips/rambling/common_voice_en_18441394.opus,rambling
./data/macroset/en/clips/rambling/common_voice_en_17387060.opus,rambling
./data/macroset/en/clips/bankruptcy/common_voice_en_886.opus,bankruptcy
./data/macroset/en/clips/bankruptcy/common_voice_en_36690.opus,bankruptcy
./data/macroset/en/clips/bankruptcy/common_voice_en_19760428.opus,bankruptcy
./data/macroset/en/clips/bankruptcy/common_voice_en_19613143.opus,bankruptcy
./data/macroset/en/clips/bankruptcy/common_voice_en_19136747.opus,bankruptcy
./data/macroset/en/clips/buddhist/common_voice_en_20654168.opus,buddhist
./data/macroset/en/clips/buddhist/common_voice_en_21253440.opus,buddhist
./data/macroset/en/clips/buddhist/common_voice_en_22136183.opus,buddhist
./data/macroset/en/clips/buddhist/common_voice_en_20905655.opus,buddhist
./data/macroset/en/clips/buddhist/common_voice_en_22201221.opus,buddhist
./data/macroset/en/clips/thoroughly/common_voice_en_484434.opus,thoroughly
./data/macroset/en/clips/thoroughly/common_voice_en_97904.opus,thoroughly
./data/macroset/en/clips/thoroughly/common_voice_en_20292265.opus,thoroughly
./data/macroset/en/clips/thoroughly/common_voice_en_20399972.opus,thoroughly
./data/macroset/en/clips/thoroughly/common_voice_en_19941877.opus,thoroughly
./data/macroset/en/clips/spent/common_voice_en_18978882.opus,spent
./data/macroset/en/clips/spent/common_voice_en_18835202.opus,spent
./data/macroset/en/clips/spent/common_voice_en_18865117.opus,spent
./data/macroset/en/clips/spent/common_voice_en_20731793.opus,spent
./data/macroset/en/clips/spent/common_voice_en_19591637.opus,spent
./data/macroset/en/clips/donation/common_voice_en_18492026.opus,donation
./data/macroset/en/clips/donation/common_voice_en_22066664.opus,donation
./data/macroset/en/clips/donation/common_voice_en_21916303.opus,donation
./data/macroset/en/clips/donation/common_voice_en_19511456.opus,donation
./data/macroset/en/clips/donation/common_voice_en_18503916.opus,donation
./data/macroset/en/clips/attached/common_voice_en_20033301.opus,attached
./data/macroset/en/clips/attached/common_voice_en_18882463.opus,attached
./data/macroset/en/clips/attached/common_voice_en_22347383.opus,attached
./data/macroset/en/clips/attached/common_voice_en_18765810.opus,attached
./data/macroset/en/clips/attached/common_voice_en_19688277.opus,attached
./data/macroset/en/clips/added/common_voice_en_18799838.opus,added
./data/macroset/en/clips/added/common_voice_en_19347887.opus,added
./data/macroset/en/clips/added/common_voice_en_18857416.opus,added
./data/macroset/en/clips/added/common_voice_en_651594.opus,added
./data/macroset/en/clips/added/common_voice_en_18342622.opus,added
./data/macroset/en/clips/buenos/common_voice_en_18893876.opus,buenos
./data/macroset/en/clips/buenos/common_voice_en_20703176.opus,buenos
./data/macroset/en/clips/buenos/common_voice_en_22267175.opus,buenos
./data/macroset/en/clips/buenos/common_voice_en_20068310.opus,buenos
./data/macroset/en/clips/buenos/common_voice_en_20788047.opus,buenos
./data/macroset/en/clips/february/common_voice_en_17912178.opus,february
./data/macroset/en/clips/february/common_voice_en_20687575.opus,february
./data/macroset/en/clips/february/common_voice_en_667312.opus,february
./data/macroset/en/clips/february/common_voice_en_18959138.opus,february
./data/macroset/en/clips/february/common_voice_en_613796.opus,february
./data/macroset/en/clips/invested/common_voice_en_21377241.opus,invested
./data/macroset/en/clips/invested/common_voice_en_18946130.opus,invested
./data/macroset/en/clips/invested/common_voice_en_21312471.opus,invested
./data/macroset/en/clips/invested/common_voice_en_20801346.opus,invested
./data/macroset/en/clips/invested/common_voice_en_20746151.opus,invested
./data/macroset/en/clips/respects/common_voice_en_20880360.opus,respects
./data/macroset/en/clips/respects/common_voice_en_19142099.opus,respects
./data/macroset/en/clips/respects/common_voice_en_19898629.opus,respects
./data/macroset/en/clips/respects/common_voice_en_20848179.opus,respects
./data/macroset/en/clips/respects/common_voice_en_19010820.opus,respects
./data/macroset/en/clips/woven/common_voice_en_691806.opus,woven
./data/macroset/en/clips/woven/common_voice_en_18131568.opus,woven
./data/macroset/en/clips/woven/common_voice_en_18101571.opus,woven
./data/macroset/en/clips/woven/common_voice_en_21088831.opus,woven
./data/macroset/en/clips/woven/common_voice_en_19072423.opus,woven
./data/macroset/en/clips/employer/common_voice_en_19989354.opus,employer
./data/macroset/en/clips/employer/common_voice_en_20141565.opus,employer
./data/macroset/en/clips/employer/common_voice_en_19874021.opus,employer
./data/macroset/en/clips/employer/common_voice_en_19026290.opus,employer
./data/macroset/en/clips/employer/common_voice_en_20990044.opus,employer
./data/macroset/en/clips/preparatory/common_voice_en_21497781.opus,preparatory
./data/macroset/en/clips/preparatory/common_voice_en_20456260.opus,preparatory
./data/macroset/en/clips/preparatory/common_voice_en_19367284.opus,preparatory
./data/macroset/en/clips/preparatory/common_voice_en_21864571.opus,preparatory
./data/macroset/en/clips/preparatory/common_voice_en_21208258.opus,preparatory
./data/macroset/en/clips/lasts/common_voice_en_18851669.opus,lasts
./data/macroset/en/clips/lasts/common_voice_en_19705085.opus,lasts
./data/macroset/en/clips/lasts/common_voice_en_18423025.opus,lasts
./data/macroset/en/clips/lasts/common_voice_en_19681160.opus,lasts
./data/macroset/en/clips/lasts/common_voice_en_74961.opus,lasts
./data/macroset/en/clips/engagement/common_voice_en_197992.opus,engagement
./data/macroset/en/clips/engagement/common_voice_en_193017.opus,engagement
./data/macroset/en/clips/engagement/common_voice_en_19382337.opus,engagement
./data/macroset/en/clips/engagement/common_voice_en_631264.opus,engagement
./data/macroset/en/clips/engagement/common_voice_en_636428.opus,engagement
./data/macroset/en/clips/tyre/common_voice_en_19453400.opus,tyre
./data/macroset/en/clips/tyre/common_voice_en_18857327.opus,tyre
./data/macroset/en/clips/tyre/common_voice_en_18315064.opus,tyre
./data/macroset/en/clips/tyre/common_voice_en_17249368.opus,tyre
./data/macroset/en/clips/tyre/common_voice_en_17286499.opus,tyre
./data/macroset/en/clips/correlated/common_voice_en_17658839.opus,correlated
./data/macroset/en/clips/correlated/common_voice_en_17727884.opus,correlated
./data/macroset/en/clips/correlated/common_voice_en_20858141.opus,correlated
./data/macroset/en/clips/correlated/common_voice_en_17360224.opus,correlated
./data/macroset/en/clips/correlated/common_voice_en_18154430.opus,correlated
./data/macroset/en/clips/quartz/common_voice_en_21070292.opus,quartz
./data/macroset/en/clips/quartz/common_voice_en_19602763.opus,quartz
./data/macroset/en/clips/quartz/common_voice_en_20143211.opus,quartz
./data/macroset/en/clips/quartz/common_voice_en_21081603.opus,quartz
./data/macroset/en/clips/quartz/common_voice_en_581373.opus,quartz
./data/macroset/en/clips/fashionable/common_voice_en_21781146.opus,fashionable
./data/macroset/en/clips/fashionable/common_voice_en_21640287.opus,fashionable
./data/macroset/en/clips/fashionable/common_voice_en_19839417.opus,fashionable
./data/macroset/en/clips/fashionable/common_voice_en_96545.opus,fashionable
./data/macroset/en/clips/fashionable/common_voice_en_19431225.opus,fashionable
./data/macroset/en/clips/andreas/common_voice_en_19195911.opus,andreas
./data/macroset/en/clips/andreas/common_voice_en_18845574.opus,andreas
./data/macroset/en/clips/andreas/common_voice_en_317116.opus,andreas
./data/macroset/en/clips/andreas/common_voice_en_530353.opus,andreas
./data/macroset/en/clips/andreas/common_voice_en_19637882.opus,andreas
./data/macroset/en/clips/cosine/common_voice_en_571442.opus,cosine
./data/macroset/en/clips/cosine/common_voice_en_176208.opus,cosine
./data/macroset/en/clips/cosine/common_voice_en_18029033.opus,cosine
./data/macroset/en/clips/cosine/common_voice_en_17325580.opus,cosine
./data/macroset/en/clips/cosine/common_voice_en_29420.opus,cosine
./data/macroset/en/clips/quench/common_voice_en_17263194.opus,quench
./data/macroset/en/clips/quench/common_voice_en_17253002.opus,quench
./data/macroset/en/clips/quench/common_voice_en_17273068.opus,quench
./data/macroset/en/clips/quench/common_voice_en_17808898.opus,quench
./data/macroset/en/clips/quench/common_voice_en_18111460.opus,quench
./data/macroset/en/clips/toward/common_voice_en_21574133.opus,toward
./data/macroset/en/clips/toward/common_voice_en_477515.opus,toward
./data/macroset/en/clips/toward/common_voice_en_513818.opus,toward
./data/macroset/en/clips/toward/common_voice_en_554450.opus,toward
./data/macroset/en/clips/toward/common_voice_en_208119.opus,toward
./data/macroset/en/clips/halls/common_voice_en_20260863.opus,halls
./data/macroset/en/clips/halls/common_voice_en_21425923.opus,halls
./data/macroset/en/clips/halls/common_voice_en_20289111.opus,halls
./data/macroset/en/clips/halls/common_voice_en_19748761.opus,halls
./data/macroset/en/clips/halls/common_voice_en_18993471.opus,halls
./data/macroset/en/clips/manuscripts/common_voice_en_19663659.opus,manuscripts
./data/macroset/en/clips/manuscripts/common_voice_en_18709922.opus,manuscripts
./data/macroset/en/clips/manuscripts/common_voice_en_19477718.opus,manuscripts
./data/macroset/en/clips/manuscripts/common_voice_en_19999354.opus,manuscripts
./data/macroset/en/clips/manuscripts/common_voice_en_20984224.opus,manuscripts
./data/macroset/en/clips/king/common_voice_en_19937454.opus,king
./data/macroset/en/clips/king/common_voice_en_20905573.opus,king
./data/macroset/en/clips/king/common_voice_en_62207.opus,king
./data/macroset/en/clips/king/common_voice_en_18722408.opus,king
./data/macroset/en/clips/king/common_voice_en_21290576.opus,king
./data/macroset/en/clips/panels/common_voice_en_20968707.opus,panels
./data/macroset/en/clips/panels/common_voice_en_17714224.opus,panels
./data/macroset/en/clips/panels/common_voice_en_20436677.opus,panels
./data/macroset/en/clips/panels/common_voice_en_20066612.opus,panels
./data/macroset/en/clips/panels/common_voice_en_18335591.opus,panels
./data/macroset/en/clips/petals/common_voice_en_20101688.opus,petals
./data/macroset/en/clips/petals/common_voice_en_598298.opus,petals
./data/macroset/en/clips/petals/common_voice_en_599067.opus,petals
./data/macroset/en/clips/petals/common_voice_en_848273.opus,petals
./data/macroset/en/clips/petals/common_voice_en_20422654.opus,petals
./data/macroset/en/clips/territorial/common_voice_en_21306979.opus,territorial
./data/macroset/en/clips/territorial/common_voice_en_18880614.opus,territorial
./data/macroset/en/clips/territorial/common_voice_en_21162489.opus,territorial
./data/macroset/en/clips/territorial/common_voice_en_18496203.opus,territorial
./data/macroset/en/clips/territorial/common_voice_en_20101458.opus,territorial
./data/macroset/en/clips/rapid/common_voice_en_20522559.opus,rapid
./data/macroset/en/clips/rapid/common_voice_en_19056539.opus,rapid
./data/macroset/en/clips/rapid/common_voice_en_20556395.opus,rapid
./data/macroset/en/clips/rapid/common_voice_en_18880028.opus,rapid
./data/macroset/en/clips/rapid/common_voice_en_18758195.opus,rapid
./data/macroset/en/clips/tier/common_voice_en_20743545.opus,tier
./data/macroset/en/clips/tier/common_voice_en_20457547.opus,tier
./data/macroset/en/clips/tier/common_voice_en_19306759.opus,tier
./data/macroset/en/clips/tier/common_voice_en_21300789.opus,tier
./data/macroset/en/clips/tier/common_voice_en_21555549.opus,tier
./data/macroset/en/clips/penn/common_voice_en_20391289.opus,penn
./data/macroset/en/clips/penn/common_voice_en_19943957.opus,penn
./data/macroset/en/clips/penn/common_voice_en_22091013.opus,penn
./data/macroset/en/clips/penn/common_voice_en_21907090.opus,penn
./data/macroset/en/clips/penn/common_voice_en_21250641.opus,penn
./data/macroset/en/clips/his/common_voice_en_578864.opus,his
./data/macroset/en/clips/his/common_voice_en_18850672.opus,his
./data/macroset/en/clips/his/common_voice_en_19136781.opus,his
./data/macroset/en/clips/his/common_voice_en_22302472.opus,his
./data/macroset/en/clips/his/common_voice_en_18139505__2.opus,his
./data/macroset/en/clips/scooter/common_voice_en_171205.opus,scooter
./data/macroset/en/clips/scooter/common_voice_en_18090662.opus,scooter
./data/macroset/en/clips/scooter/common_voice_en_7937613.opus,scooter
./data/macroset/en/clips/scooter/common_voice_en_662884.opus,scooter
./data/macroset/en/clips/scooter/common_voice_en_664169.opus,scooter
./data/macroset/en/clips/ruled/common_voice_en_18956709.opus,ruled
./data/macroset/en/clips/ruled/common_voice_en_22051746.opus,ruled
./data/macroset/en/clips/ruled/common_voice_en_19567176.opus,ruled
./data/macroset/en/clips/ruled/common_voice_en_19848047.opus,ruled
./data/macroset/en/clips/ruled/common_voice_en_20540979.opus,ruled
./data/macroset/en/clips/blues/common_voice_en_19061409__2.opus,blues
./data/macroset/en/clips/blues/common_voice_en_18752130.opus,blues
./data/macroset/en/clips/blues/common_voice_en_21246963.opus,blues
./data/macroset/en/clips/blues/common_voice_en_22144322.opus,blues
./data/macroset/en/clips/blues/common_voice_en_21645903.opus,blues
./data/macroset/en/clips/unsuccessful/common_voice_en_655407.opus,unsuccessful
./data/macroset/en/clips/unsuccessful/common_voice_en_541197.opus,unsuccessful
./data/macroset/en/clips/unsuccessful/common_voice_en_509940.opus,unsuccessful
./data/macroset/en/clips/unsuccessful/common_voice_en_20767792.opus,unsuccessful
./data/macroset/en/clips/unsuccessful/common_voice_en_19113810.opus,unsuccessful
./data/macroset/en/clips/knockout/common_voice_en_18898956.opus,knockout
./data/macroset/en/clips/knockout/common_voice_en_19691708.opus,knockout
./data/macroset/en/clips/knockout/common_voice_en_19014489.opus,knockout
./data/macroset/en/clips/knockout/common_voice_en_19638624.opus,knockout
./data/macroset/en/clips/knockout/common_voice_en_21098483.opus,knockout
./data/macroset/en/clips/lie/common_voice_en_21781145.opus,lie
./data/macroset/en/clips/lie/common_voice_en_3277580.opus,lie
./data/macroset/en/clips/lie/common_voice_en_18533233.opus,lie
./data/macroset/en/clips/lie/common_voice_en_688554.opus,lie
./data/macroset/en/clips/lie/common_voice_en_17825237.opus,lie
./data/macroset/en/clips/stunning/common_voice_en_20019721.opus,stunning
./data/macroset/en/clips/stunning/common_voice_en_18429757.opus,stunning
./data/macroset/en/clips/stunning/common_voice_en_39378.opus,stunning
./data/macroset/en/clips/stunning/common_voice_en_18404888.opus,stunning
./data/macroset/en/clips/stunning/common_voice_en_18506044.opus,stunning
./data/macroset/en/clips/tomato/common_voice_en_214814.opus,tomato
./data/macroset/en/clips/tomato/common_voice_en_204956.opus,tomato
./data/macroset/en/clips/tomato/common_voice_en_18488012.opus,tomato
./data/macroset/en/clips/tomato/common_voice_en_18598139.opus,tomato
./data/macroset/en/clips/tomato/common_voice_en_629516.opus,tomato
./data/macroset/en/clips/philosophy/common_voice_en_576624.opus,philosophy
./data/macroset/en/clips/philosophy/common_voice_en_21305792.opus,philosophy
./data/macroset/en/clips/philosophy/common_voice_en_21942980.opus,philosophy
./data/macroset/en/clips/philosophy/common_voice_en_22370666.opus,philosophy
./data/macroset/en/clips/philosophy/common_voice_en_85811.opus,philosophy
./data/macroset/en/clips/furiously/common_voice_en_450952.opus,furiously
./data/macroset/en/clips/furiously/common_voice_en_581361.opus,furiously
./data/macroset/en/clips/furiously/common_voice_en_683373.opus,furiously
./data/macroset/en/clips/furiously/common_voice_en_18474101.opus,furiously
./data/macroset/en/clips/furiously/common_voice_en_198857.opus,furiously
./data/macroset/en/clips/lighthouses/common_voice_en_524247.opus,lighthouses
./data/macroset/en/clips/lighthouses/common_voice_en_20267161.opus,lighthouses
./data/macroset/en/clips/lighthouses/common_voice_en_164243.opus,lighthouses
./data/macroset/en/clips/lighthouses/common_voice_en_168624.opus,lighthouses
./data/macroset/en/clips/lighthouses/common_voice_en_20817970.opus,lighthouses
./data/macroset/en/clips/hormone/common_voice_en_18782003.opus,hormone
./data/macroset/en/clips/hormone/common_voice_en_19665715.opus,hormone
./data/macroset/en/clips/hormone/common_voice_en_19466947.opus,hormone
./data/macroset/en/clips/hormone/common_voice_en_21500406.opus,hormone
./data/macroset/en/clips/hormone/common_voice_en_572753.opus,hormone
./data/macroset/en/clips/tolerance/common_voice_en_20528072.opus,tolerance
./data/macroset/en/clips/tolerance/common_voice_en_20928737.opus,tolerance
./data/macroset/en/clips/tolerance/common_voice_en_20305257.opus,tolerance
./data/macroset/en/clips/tolerance/common_voice_en_20513572.opus,tolerance
./data/macroset/en/clips/tolerance/common_voice_en_20013681.opus,tolerance
./data/macroset/en/clips/less/common_voice_en_20001020.opus,less
./data/macroset/en/clips/less/common_voice_en_19588372.opus,less
./data/macroset/en/clips/less/common_voice_en_20814949.opus,less
./data/macroset/en/clips/less/common_voice_en_33586.opus,less
./data/macroset/en/clips/less/common_voice_en_22372072.opus,less
./data/macroset/en/clips/measured/common_voice_en_22069789.opus,measured
./data/macroset/en/clips/measured/common_voice_en_18797288.opus,measured
./data/macroset/en/clips/measured/common_voice_en_19580087.opus,measured
./data/macroset/en/clips/measured/common_voice_en_18344565.opus,measured
./data/macroset/en/clips/measured/common_voice_en_18348538.opus,measured
./data/macroset/en/clips/forbidden/common_voice_en_19954397.opus,forbidden
./data/macroset/en/clips/forbidden/common_voice_en_19730952.opus,forbidden
./data/macroset/en/clips/forbidden/common_voice_en_22458475.opus,forbidden
./data/macroset/en/clips/forbidden/common_voice_en_18510218.opus,forbidden
./data/macroset/en/clips/forbidden/common_voice_en_18418397.opus,forbidden
./data/macroset/en/clips/barkeeper/common_voice_en_17264077.opus,barkeeper
./data/macroset/en/clips/barkeeper/common_voice_en_17270117.opus,barkeeper
./data/macroset/en/clips/barkeeper/common_voice_en_18033098.opus,barkeeper
./data/macroset/en/clips/barkeeper/common_voice_en_17726070.opus,barkeeper
./data/macroset/en/clips/barkeeper/common_voice_en_17298477.opus,barkeeper
./data/macroset/en/clips/really/common_voice_en_630683.opus,really
./data/macroset/en/clips/really/common_voice_en_18434574.opus,really
./data/macroset/en/clips/really/common_voice_en_18411954.opus,really
./data/macroset/en/clips/really/common_voice_en_576812.opus,really
./data/macroset/en/clips/really/common_voice_en_566426.opus,really
./data/macroset/en/clips/anyone/common_voice_en_17249527.opus,anyone
./data/macroset/en/clips/anyone/common_voice_en_503334.opus,anyone
./data/macroset/en/clips/anyone/common_voice_en_534074.opus,anyone
./data/macroset/en/clips/anyone/common_voice_en_17488771.opus,anyone
./data/macroset/en/clips/anyone/common_voice_en_390319.opus,anyone
./data/macroset/en/clips/boarding/common_voice_en_522325.opus,boarding
./data/macroset/en/clips/boarding/common_voice_en_33528.opus,boarding
./data/macroset/en/clips/boarding/common_voice_en_570530.opus,boarding
./data/macroset/en/clips/boarding/common_voice_en_20293118.opus,boarding
./data/macroset/en/clips/boarding/common_voice_en_18609129.opus,boarding
./data/macroset/en/clips/contains/common_voice_en_18978433.opus,contains
./data/macroset/en/clips/contains/common_voice_en_22420548.opus,contains
./data/macroset/en/clips/contains/common_voice_en_19797291.opus,contains
./data/macroset/en/clips/contains/common_voice_en_20232656.opus,contains
./data/macroset/en/clips/contains/common_voice_en_22204585.opus,contains
./data/macroset/en/clips/missionaries/common_voice_en_20516865.opus,missionaries
./data/macroset/en/clips/missionaries/common_voice_en_21062589.opus,missionaries
./data/macroset/en/clips/missionaries/common_voice_en_19973443.opus,missionaries
./data/macroset/en/clips/missionaries/common_voice_en_19456808.opus,missionaries
./data/macroset/en/clips/missionaries/common_voice_en_20661349.opus,missionaries
./data/macroset/en/clips/divide/common_voice_en_19422558.opus,divide
./data/macroset/en/clips/divide/common_voice_en_18882529.opus,divide
./data/macroset/en/clips/divide/common_voice_en_373879.opus,divide
./data/macroset/en/clips/divide/common_voice_en_21763793.opus,divide
./data/macroset/en/clips/divide/common_voice_en_18130321.opus,divide
./data/macroset/en/clips/stalking/common_voice_en_18144627.opus,stalking
./data/macroset/en/clips/stalking/common_voice_en_18454467.opus,stalking
./data/macroset/en/clips/stalking/common_voice_en_648698.opus,stalking
./data/macroset/en/clips/stalking/common_voice_en_21877551.opus,stalking
./data/macroset/en/clips/stalking/common_voice_en_17954936.opus,stalking
./data/macroset/en/clips/doctor/common_voice_en_19950537.opus,doctor
./data/macroset/en/clips/doctor/common_voice_en_20246891.opus,doctor
./data/macroset/en/clips/doctor/common_voice_en_19010531.opus,doctor
./data/macroset/en/clips/doctor/common_voice_en_20242760.opus,doctor
./data/macroset/en/clips/doctor/common_voice_en_18163631.opus,doctor
./data/macroset/en/clips/denounced/common_voice_en_21124077.opus,denounced
./data/macroset/en/clips/denounced/common_voice_en_20322729.opus,denounced
./data/macroset/en/clips/denounced/common_voice_en_19410194.opus,denounced
./data/macroset/en/clips/denounced/common_voice_en_20348017.opus,denounced
./data/macroset/en/clips/denounced/common_voice_en_19026868.opus,denounced
./data/macroset/en/clips/jug/common_voice_en_136459.opus,jug
./data/macroset/en/clips/jug/common_voice_en_18841503.opus,jug
./data/macroset/en/clips/jug/common_voice_en_548985.opus,jug
./data/macroset/en/clips/jug/common_voice_en_86499.opus,jug
./data/macroset/en/clips/jug/common_voice_en_19951845.opus,jug
./data/macroset/en/clips/pitcher/common_voice_en_499239.opus,pitcher
./data/macroset/en/clips/pitcher/common_voice_en_589541.opus,pitcher
./data/macroset/en/clips/pitcher/common_voice_en_543602.opus,pitcher
./data/macroset/en/clips/pitcher/common_voice_en_20030153.opus,pitcher
./data/macroset/en/clips/pitcher/common_voice_en_21925917.opus,pitcher
./data/macroset/en/clips/chips/common_voice_en_18507537.opus,chips
./data/macroset/en/clips/chips/common_voice_en_20583862.opus,chips
./data/macroset/en/clips/chips/common_voice_en_18543001.opus,chips
./data/macroset/en/clips/chips/common_voice_en_19618447.opus,chips
./data/macroset/en/clips/chips/common_voice_en_18314525.opus,chips
./data/macroset/en/clips/uterine/common_voice_en_17295897.opus,uterine
./data/macroset/en/clips/uterine/common_voice_en_18164682.opus,uterine
./data/macroset/en/clips/uterine/common_voice_en_18147418.opus,uterine
./data/macroset/en/clips/uterine/common_voice_en_17364310.opus,uterine
./data/macroset/en/clips/uterine/common_voice_en_18246341.opus,uterine
./data/macroset/en/clips/internationally/common_voice_en_19511779.opus,internationally
./data/macroset/en/clips/internationally/common_voice_en_20715301.opus,internationally
./data/macroset/en/clips/internationally/common_voice_en_20928368.opus,internationally
./data/macroset/en/clips/internationally/common_voice_en_19636409.opus,internationally
./data/macroset/en/clips/internationally/common_voice_en_22116525.opus,internationally
./data/macroset/en/clips/keyboards/common_voice_en_19596130.opus,keyboards
./data/macroset/en/clips/keyboards/common_voice_en_19520032.opus,keyboards
./data/macroset/en/clips/keyboards/common_voice_en_22309493.opus,keyboards
./data/macroset/en/clips/keyboards/common_voice_en_20297577.opus,keyboards
./data/macroset/en/clips/keyboards/common_voice_en_22248368.opus,keyboards
./data/macroset/en/clips/sublime/common_voice_en_70160.opus,sublime
./data/macroset/en/clips/sublime/common_voice_en_689102.opus,sublime
./data/macroset/en/clips/sublime/common_voice_en_700078.opus,sublime
./data/macroset/en/clips/sublime/common_voice_en_599420.opus,sublime
./data/macroset/en/clips/sublime/common_voice_en_635716.opus,sublime
./data/macroset/en/clips/foundations/common_voice_en_20971186.opus,foundations
./data/macroset/en/clips/foundations/common_voice_en_20838814.opus,foundations
./data/macroset/en/clips/foundations/common_voice_en_21670387.opus,foundations
./data/macroset/en/clips/foundations/common_voice_en_21151475.opus,foundations
./data/macroset/en/clips/foundations/common_voice_en_19010431.opus,foundations
./data/macroset/en/clips/awed/common_voice_en_485584.opus,awed
./data/macroset/en/clips/awed/common_voice_en_532287.opus,awed
./data/macroset/en/clips/awed/common_voice_en_61099.opus,awed
./data/macroset/en/clips/awed/common_voice_en_25475.opus,awed
./data/macroset/en/clips/awed/common_voice_en_57747.opus,awed
./data/macroset/en/clips/feeling/common_voice_en_19949419.opus,feeling
./data/macroset/en/clips/feeling/common_voice_en_21111580.opus,feeling
./data/macroset/en/clips/feeling/common_voice_en_19652418.opus,feeling
./data/macroset/en/clips/feeling/common_voice_en_644932.opus,feeling
./data/macroset/en/clips/feeling/common_voice_en_188419.opus,feeling
./data/macroset/en/clips/disposes/common_voice_en_17982305.opus,disposes
./data/macroset/en/clips/disposes/common_voice_en_21796346.opus,disposes
./data/macroset/en/clips/disposes/common_voice_en_17412157.opus,disposes
./data/macroset/en/clips/disposes/common_voice_en_17247405.opus,disposes
./data/macroset/en/clips/disposes/common_voice_en_17577039.opus,disposes
./data/macroset/en/clips/flow/common_voice_en_22235557.opus,flow
./data/macroset/en/clips/flow/common_voice_en_20178013.opus,flow
./data/macroset/en/clips/flow/common_voice_en_20753111.opus,flow
./data/macroset/en/clips/flow/common_voice_en_19176554.opus,flow
./data/macroset/en/clips/flow/common_voice_en_19649412.opus,flow
./data/macroset/en/clips/translucent/common_voice_en_17285320.opus,translucent
./data/macroset/en/clips/translucent/common_voice_en_559377.opus,translucent
./data/macroset/en/clips/translucent/common_voice_en_436930.opus,translucent
./data/macroset/en/clips/translucent/common_voice_en_503180.opus,translucent
./data/macroset/en/clips/translucent/common_voice_en_166728.opus,translucent
./data/macroset/en/clips/rig/common_voice_en_597578.opus,rig
./data/macroset/en/clips/rig/common_voice_en_22226521.opus,rig
./data/macroset/en/clips/rig/common_voice_en_18096868.opus,rig
./data/macroset/en/clips/rig/common_voice_en_22184402.opus,rig
./data/macroset/en/clips/rig/common_voice_en_20245359.opus,rig
./data/macroset/en/clips/sense/common_voice_en_20925988.opus,sense
./data/macroset/en/clips/sense/common_voice_en_674668.opus,sense
./data/macroset/en/clips/sense/common_voice_en_575165.opus,sense
./data/macroset/en/clips/sense/common_voice_en_19581310.opus,sense
./data/macroset/en/clips/sense/common_voice_en_19667100.opus,sense
./data/macroset/en/clips/bricks/common_voice_en_612926.opus,bricks
./data/macroset/en/clips/bricks/common_voice_en_370943.opus,bricks
./data/macroset/en/clips/bricks/common_voice_en_18747592.opus,bricks
./data/macroset/en/clips/bricks/common_voice_en_20090977.opus,bricks
./data/macroset/en/clips/bricks/common_voice_en_217253.opus,bricks
./data/macroset/en/clips/controls/common_voice_en_19071308.opus,controls
./data/macroset/en/clips/controls/common_voice_en_19801121.opus,controls
./data/macroset/en/clips/controls/common_voice_en_21511737.opus,controls
./data/macroset/en/clips/controls/common_voice_en_19230624.opus,controls
./data/macroset/en/clips/controls/common_voice_en_20226222.opus,controls
./data/macroset/en/clips/garfield/common_voice_en_19865613.opus,garfield
./data/macroset/en/clips/garfield/common_voice_en_19840347.opus,garfield
./data/macroset/en/clips/garfield/common_voice_en_22316484.opus,garfield
./data/macroset/en/clips/garfield/common_voice_en_20798188.opus,garfield
./data/macroset/en/clips/garfield/common_voice_en_18980247.opus,garfield
./data/macroset/en/clips/thy/common_voice_en_17970874.opus,thy
./data/macroset/en/clips/thy/common_voice_en_536540.opus,thy
./data/macroset/en/clips/thy/common_voice_en_17860864.opus,thy
./data/macroset/en/clips/thy/common_voice_en_564836.opus,thy
./data/macroset/en/clips/thy/common_voice_en_429649.opus,thy
./data/macroset/en/clips/transcripts/common_voice_en_569980.opus,transcripts
./data/macroset/en/clips/transcripts/common_voice_en_652174.opus,transcripts
./data/macroset/en/clips/transcripts/common_voice_en_85203.opus,transcripts
./data/macroset/en/clips/transcripts/common_voice_en_78747.opus,transcripts
./data/macroset/en/clips/transcripts/common_voice_en_19474773.opus,transcripts
./data/macroset/en/clips/stripped/common_voice_en_20783412.opus,stripped
./data/macroset/en/clips/stripped/common_voice_en_22267505.opus,stripped
./data/macroset/en/clips/stripped/common_voice_en_19027497.opus,stripped
./data/macroset/en/clips/stripped/common_voice_en_21529285.opus,stripped
./data/macroset/en/clips/stripped/common_voice_en_20585737.opus,stripped
./data/macroset/en/clips/otters/common_voice_en_21868255.opus,otters
./data/macroset/en/clips/otters/common_voice_en_17725846.opus,otters
./data/macroset/en/clips/otters/common_voice_en_17342332.opus,otters
./data/macroset/en/clips/otters/common_voice_en_20292271.opus,otters
./data/macroset/en/clips/otters/common_voice_en_317161.opus,otters
./data/macroset/en/clips/spangled/common_voice_en_661990.opus,spangled
./data/macroset/en/clips/spangled/common_voice_en_576312.opus,spangled
./data/macroset/en/clips/spangled/common_voice_en_20052108.opus,spangled
./data/macroset/en/clips/spangled/common_voice_en_528670.opus,spangled
./data/macroset/en/clips/spangled/common_voice_en_564339.opus,spangled
./data/macroset/en/clips/ourselves/common_voice_en_18412532.opus,ourselves
./data/macroset/en/clips/ourselves/common_voice_en_18493828.opus,ourselves
./data/macroset/en/clips/ourselves/common_voice_en_18473531.opus,ourselves
./data/macroset/en/clips/ourselves/common_voice_en_18513280.opus,ourselves
./data/macroset/en/clips/ourselves/common_voice_en_18429115.opus,ourselves
./data/macroset/en/clips/luxembourg/common_voice_en_20360750.opus,luxembourg
./data/macroset/en/clips/luxembourg/common_voice_en_19943160.opus,luxembourg
./data/macroset/en/clips/luxembourg/common_voice_en_19720776.opus,luxembourg
./data/macroset/en/clips/luxembourg/common_voice_en_20348214.opus,luxembourg
./data/macroset/en/clips/luxembourg/common_voice_en_19730373.opus,luxembourg
./data/macroset/en/clips/clue/common_voice_en_620919.opus,clue
./data/macroset/en/clips/clue/common_voice_en_17866977.opus,clue
./data/macroset/en/clips/clue/common_voice_en_81336.opus,clue
./data/macroset/en/clips/clue/common_voice_en_93250.opus,clue
./data/macroset/en/clips/clue/common_voice_en_649049.opus,clue
./data/macroset/en/clips/from/common_voice_en_20160140.opus,from
./data/macroset/en/clips/from/common_voice_en_17389451.opus,from
./data/macroset/en/clips/from/common_voice_en_648564.opus,from
./data/macroset/en/clips/from/common_voice_en_20531944.opus,from
./data/macroset/en/clips/from/common_voice_en_19056768.opus,from
./data/macroset/en/clips/climbers/common_voice_en_17853811.opus,climbers
./data/macroset/en/clips/climbers/common_voice_en_18985490.opus,climbers
./data/macroset/en/clips/climbers/common_voice_en_20132509.opus,climbers
./data/macroset/en/clips/climbers/common_voice_en_21063306.opus,climbers
./data/macroset/en/clips/climbers/common_voice_en_19820738.opus,climbers
./data/macroset/en/clips/motivate/common_voice_en_539386.opus,motivate
./data/macroset/en/clips/motivate/common_voice_en_19680322.opus,motivate
./data/macroset/en/clips/motivate/common_voice_en_558499.opus,motivate
./data/macroset/en/clips/motivate/common_voice_en_21378792.opus,motivate
./data/macroset/en/clips/motivate/common_voice_en_629543.opus,motivate
./data/macroset/en/clips/tread/common_voice_en_660762.opus,tread
./data/macroset/en/clips/tread/common_voice_en_575988.opus,tread
./data/macroset/en/clips/tread/common_voice_en_17771200.opus,tread
./data/macroset/en/clips/tread/common_voice_en_17865239.opus,tread
./data/macroset/en/clips/tread/common_voice_en_18645739.opus,tread
./data/macroset/en/clips/withdraw/common_voice_en_18342128.opus,withdraw
./data/macroset/en/clips/withdraw/common_voice_en_21319663.opus,withdraw
./data/macroset/en/clips/withdraw/common_voice_en_17267566.opus,withdraw
./data/macroset/en/clips/withdraw/common_voice_en_17776487.opus,withdraw
./data/macroset/en/clips/withdraw/common_voice_en_696607.opus,withdraw
./data/macroset/en/clips/works/common_voice_en_19738936.opus,works
./data/macroset/en/clips/works/common_voice_en_19913694.opus,works
./data/macroset/en/clips/works/common_voice_en_18851813.opus,works
./data/macroset/en/clips/works/common_voice_en_18744741.opus,works
./data/macroset/en/clips/works/common_voice_en_20551274.opus,works
./data/macroset/en/clips/authentication/common_voice_en_18124612.opus,authentication
./data/macroset/en/clips/authentication/common_voice_en_17257956.opus,authentication
./data/macroset/en/clips/authentication/common_voice_en_17733818.opus,authentication
./data/macroset/en/clips/authentication/common_voice_en_20393292.opus,authentication
./data/macroset/en/clips/authentication/common_voice_en_19649307.opus,authentication
./data/macroset/en/clips/heroes/common_voice_en_649436.opus,heroes
./data/macroset/en/clips/heroes/common_voice_en_19680741.opus,heroes
./data/macroset/en/clips/heroes/common_voice_en_18835687.opus,heroes
./data/macroset/en/clips/heroes/common_voice_en_18458988.opus,heroes
./data/macroset/en/clips/heroes/common_voice_en_19356017.opus,heroes
./data/macroset/en/clips/congressional/common_voice_en_628657.opus,congressional
./data/macroset/en/clips/congressional/common_voice_en_596708.opus,congressional
./data/macroset/en/clips/congressional/common_voice_en_19995452.opus,congressional
./data/macroset/en/clips/congressional/common_voice_en_18510604.opus,congressional
./data/macroset/en/clips/congressional/common_voice_en_18342461.opus,congressional
./data/macroset/en/clips/couldn’t/common_voice_en_62381.opus,couldn’t
./data/macroset/en/clips/couldn’t/common_voice_en_54411.opus,couldn’t
./data/macroset/en/clips/couldn’t/common_voice_en_558312.opus,couldn’t
./data/macroset/en/clips/couldn’t/common_voice_en_195153.opus,couldn’t
./data/macroset/en/clips/couldn’t/common_voice_en_580214.opus,couldn’t
./data/macroset/en/clips/construction/common_voice_en_19105033.opus,construction
./data/macroset/en/clips/construction/common_voice_en_20927047.opus,construction
./data/macroset/en/clips/construction/common_voice_en_20727873.opus,construction
./data/macroset/en/clips/construction/common_voice_en_19738927.opus,construction
./data/macroset/en/clips/construction/common_voice_en_20177126.opus,construction
./data/macroset/en/clips/interfering/common_voice_en_15816572.opus,interfering
./data/macroset/en/clips/interfering/common_voice_en_509673.opus,interfering
./data/macroset/en/clips/interfering/common_voice_en_17753913.opus,interfering
./data/macroset/en/clips/interfering/common_voice_en_17289373.opus,interfering
./data/macroset/en/clips/interfering/common_voice_en_20540023.opus,interfering
./data/macroset/en/clips/post/common_voice_en_595764.opus,post
./data/macroset/en/clips/post/common_voice_en_21794531.opus,post
./data/macroset/en/clips/post/common_voice_en_56945.opus,post
./data/macroset/en/clips/post/common_voice_en_19268219.opus,post
./data/macroset/en/clips/post/common_voice_en_505133.opus,post
./data/macroset/en/clips/associations/common_voice_en_18851795.opus,associations
./data/macroset/en/clips/associations/common_voice_en_20272765.opus,associations
./data/macroset/en/clips/associations/common_voice_en_19460949.opus,associations
./data/macroset/en/clips/associations/common_voice_en_21345266.opus,associations
./data/macroset/en/clips/associations/common_voice_en_21998613.opus,associations
./data/macroset/en/clips/hawks/common_voice_en_549788.opus,hawks
./data/macroset/en/clips/hawks/common_voice_en_669967.opus,hawks
./data/macroset/en/clips/hawks/common_voice_en_2855.opus,hawks
./data/macroset/en/clips/hawks/common_voice_en_204044.opus,hawks
./data/macroset/en/clips/hawks/common_voice_en_65400.opus,hawks
./data/macroset/en/clips/rival/common_voice_en_19697979.opus,rival
./data/macroset/en/clips/rival/common_voice_en_21851913.opus,rival
./data/macroset/en/clips/rival/common_voice_en_19212772.opus,rival
./data/macroset/en/clips/rival/common_voice_en_22404788.opus,rival
./data/macroset/en/clips/rival/common_voice_en_20325909.opus,rival
./data/macroset/en/clips/outed/common_voice_en_18003617.opus,outed
./data/macroset/en/clips/outed/common_voice_en_17251550.opus,outed
./data/macroset/en/clips/outed/common_voice_en_647945.opus,outed
./data/macroset/en/clips/outed/common_voice_en_564489.opus,outed
./data/macroset/en/clips/outed/common_voice_en_17456532.opus,outed
./data/macroset/en/clips/protects/common_voice_en_22080753.opus,protects
./data/macroset/en/clips/protects/common_voice_en_21094128.opus,protects
./data/macroset/en/clips/protects/common_voice_en_3676223.opus,protects
./data/macroset/en/clips/protects/common_voice_en_21914510.opus,protects
./data/macroset/en/clips/protects/common_voice_en_18115262.opus,protects
./data/macroset/en/clips/texture/common_voice_en_17965301.opus,texture
./data/macroset/en/clips/texture/common_voice_en_19306532.opus,texture
./data/macroset/en/clips/texture/common_voice_en_20312447.opus,texture
./data/macroset/en/clips/texture/common_voice_en_20993335.opus,texture
./data/macroset/en/clips/texture/common_voice_en_17689698.opus,texture
./data/macroset/en/clips/stripes/common_voice_en_22362448.opus,stripes
./data/macroset/en/clips/stripes/common_voice_en_43908.opus,stripes
./data/macroset/en/clips/stripes/common_voice_en_207894.opus,stripes
./data/macroset/en/clips/stripes/common_voice_en_75560.opus,stripes
./data/macroset/en/clips/stripes/common_voice_en_22248195.opus,stripes
./data/macroset/en/clips/tipperary/common_voice_en_20965521.opus,tipperary
./data/macroset/en/clips/tipperary/common_voice_en_17635547.opus,tipperary
./data/macroset/en/clips/tipperary/common_voice_en_17417735.opus,tipperary
./data/macroset/en/clips/tipperary/common_voice_en_17377862.opus,tipperary
./data/macroset/en/clips/tipperary/common_voice_en_20301102.opus,tipperary
./data/macroset/en/clips/quit/common_voice_en_536514.opus,quit
./data/macroset/en/clips/quit/common_voice_en_573272.opus,quit
./data/macroset/en/clips/quit/common_voice_en_20189200.opus,quit
./data/macroset/en/clips/quit/common_voice_en_18412562.opus,quit
./data/macroset/en/clips/quit/common_voice_en_146407.opus,quit
./data/macroset/en/clips/teddy/common_voice_en_675140.opus,teddy
./data/macroset/en/clips/teddy/common_voice_en_602953.opus,teddy
./data/macroset/en/clips/teddy/common_voice_en_204206.opus,teddy
./data/macroset/en/clips/teddy/common_voice_en_345443.opus,teddy
./data/macroset/en/clips/teddy/common_voice_en_523304.opus,teddy
./data/macroset/en/clips/organizations/common_voice_en_19854992.opus,organizations
./data/macroset/en/clips/organizations/common_voice_en_18732053.opus,organizations
./data/macroset/en/clips/organizations/common_voice_en_22305988.opus,organizations
./data/macroset/en/clips/organizations/common_voice_en_18752690.opus,organizations
./data/macroset/en/clips/organizations/common_voice_en_20403509.opus,organizations
./data/macroset/en/clips/flat/common_voice_en_317008.opus,flat
./data/macroset/en/clips/flat/common_voice_en_20322048.opus,flat
./data/macroset/en/clips/flat/common_voice_en_18548557.opus,flat
./data/macroset/en/clips/flat/common_voice_en_21794987.opus,flat
./data/macroset/en/clips/flat/common_voice_en_20756799.opus,flat
./data/macroset/en/clips/belt/common_voice_en_20264271.opus,belt
./data/macroset/en/clips/belt/common_voice_en_19430720.opus,belt
./data/macroset/en/clips/belt/common_voice_en_20182927.opus,belt
./data/macroset/en/clips/belt/common_voice_en_55665.opus,belt
./data/macroset/en/clips/belt/common_voice_en_492856.opus,belt
./data/macroset/en/clips/cameras/common_voice_en_21734994.opus,cameras
./data/macroset/en/clips/cameras/common_voice_en_19995607.opus,cameras
./data/macroset/en/clips/cameras/common_voice_en_21766285.opus,cameras
./data/macroset/en/clips/cameras/common_voice_en_20260802.opus,cameras
./data/macroset/en/clips/cameras/common_voice_en_18986375.opus,cameras
./data/macroset/en/clips/coverage/common_voice_en_22437879.opus,coverage
./data/macroset/en/clips/coverage/common_voice_en_19693772.opus,coverage
./data/macroset/en/clips/coverage/common_voice_en_20546685.opus,coverage
./data/macroset/en/clips/coverage/common_voice_en_20583553.opus,coverage
./data/macroset/en/clips/coverage/common_voice_en_19639368.opus,coverage
./data/macroset/en/clips/recipes/common_voice_en_52920.opus,recipes
./data/macroset/en/clips/recipes/common_voice_en_19595810.opus,recipes
./data/macroset/en/clips/recipes/common_voice_en_21305584.opus,recipes
./data/macroset/en/clips/recipes/common_voice_en_21162292.opus,recipes
./data/macroset/en/clips/recipes/common_voice_en_20184874.opus,recipes
./data/macroset/en/clips/target/common_voice_en_20673898.opus,target
./data/macroset/en/clips/target/common_voice_en_19981665.opus,target
./data/macroset/en/clips/target/common_voice_en_18264329.opus,target
./data/macroset/en/clips/target/common_voice_en_19604300.opus,target
./data/macroset/en/clips/target/common_voice_en_27549.opus,target
./data/macroset/en/clips/ingenious/common_voice_en_19617045.opus,ingenious
./data/macroset/en/clips/ingenious/common_voice_en_411164.opus,ingenious
./data/macroset/en/clips/ingenious/common_voice_en_386024.opus,ingenious
./data/macroset/en/clips/ingenious/common_voice_en_59861.opus,ingenious
./data/macroset/en/clips/ingenious/common_voice_en_21183274.opus,ingenious
./data/macroset/en/clips/pray/common_voice_en_92635.opus,pray
./data/macroset/en/clips/pray/common_voice_en_481004.opus,pray
./data/macroset/en/clips/pray/common_voice_en_21457708.opus,pray
./data/macroset/en/clips/pray/common_voice_en_596386.opus,pray
./data/macroset/en/clips/pray/common_voice_en_635671.opus,pray
./data/macroset/en/clips/connections/common_voice_en_72420.opus,connections
./data/macroset/en/clips/connections/common_voice_en_36952.opus,connections
./data/macroset/en/clips/connections/common_voice_en_95459.opus,connections
./data/macroset/en/clips/connections/common_voice_en_20360744.opus,connections
./data/macroset/en/clips/connections/common_voice_en_221259.opus,connections
./data/macroset/en/clips/terrain/common_voice_en_18870264.opus,terrain
./data/macroset/en/clips/terrain/common_voice_en_20091419.opus,terrain
./data/macroset/en/clips/terrain/common_voice_en_21898021.opus,terrain
./data/macroset/en/clips/terrain/common_voice_en_2409858.opus,terrain
./data/macroset/en/clips/terrain/common_voice_en_19561008.opus,terrain
./data/macroset/en/clips/charter/common_voice_en_19311039__2.opus,charter
./data/macroset/en/clips/charter/common_voice_en_20386803.opus,charter
./data/macroset/en/clips/charter/common_voice_en_22225725.opus,charter
./data/macroset/en/clips/charter/common_voice_en_20766006.opus,charter
./data/macroset/en/clips/charter/common_voice_en_19627310.opus,charter
./data/macroset/en/clips/personnel/common_voice_en_19806805.opus,personnel
./data/macroset/en/clips/personnel/common_voice_en_20091242.opus,personnel
./data/macroset/en/clips/personnel/common_voice_en_20440153.opus,personnel
./data/macroset/en/clips/personnel/common_voice_en_19711291.opus,personnel
./data/macroset/en/clips/personnel/common_voice_en_22207145.opus,personnel
./data/macroset/en/clips/hearted/common_voice_en_19523333.opus,hearted
./data/macroset/en/clips/hearted/common_voice_en_20921950.opus,hearted
./data/macroset/en/clips/hearted/common_voice_en_18996388.opus,hearted
./data/macroset/en/clips/hearted/common_voice_en_21982201.opus,hearted
./data/macroset/en/clips/hearted/common_voice_en_19118496.opus,hearted
./data/macroset/en/clips/prone/common_voice_en_20040325.opus,prone
./data/macroset/en/clips/prone/common_voice_en_20674163.opus,prone
./data/macroset/en/clips/prone/common_voice_en_537693.opus,prone
./data/macroset/en/clips/prone/common_voice_en_18902028.opus,prone
./data/macroset/en/clips/prone/common_voice_en_20143809.opus,prone
./data/macroset/en/clips/fearless/common_voice_en_615161.opus,fearless
./data/macroset/en/clips/fearless/common_voice_en_588112.opus,fearless
./data/macroset/en/clips/fearless/common_voice_en_636444.opus,fearless
./data/macroset/en/clips/fearless/common_voice_en_605776.opus,fearless
./data/macroset/en/clips/fearless/common_voice_en_629984.opus,fearless
./data/macroset/en/clips/insignia/common_voice_en_21819350.opus,insignia
./data/macroset/en/clips/insignia/common_voice_en_20242731.opus,insignia
./data/macroset/en/clips/insignia/common_voice_en_20911759.opus,insignia
./data/macroset/en/clips/insignia/common_voice_en_19740378.opus,insignia
./data/macroset/en/clips/insignia/common_voice_en_22126664.opus,insignia
./data/macroset/en/clips/spray/common_voice_en_557940.opus,spray
./data/macroset/en/clips/spray/common_voice_en_17910243.opus,spray
./data/macroset/en/clips/spray/common_voice_en_316887.opus,spray
./data/macroset/en/clips/spray/common_voice_en_17514220.opus,spray
./data/macroset/en/clips/spray/common_voice_en_22058367.opus,spray
./data/macroset/en/clips/canoe/common_voice_en_21464514.opus,canoe
./data/macroset/en/clips/canoe/common_voice_en_18342632.opus,canoe
./data/macroset/en/clips/canoe/common_voice_en_18518735.opus,canoe
./data/macroset/en/clips/canoe/common_voice_en_17657346.opus,canoe
./data/macroset/en/clips/canoe/common_voice_en_505715.opus,canoe
./data/macroset/en/clips/diabetes/common_voice_en_18060266.opus,diabetes
./data/macroset/en/clips/diabetes/common_voice_en_646736.opus,diabetes
./data/macroset/en/clips/diabetes/common_voice_en_17279466.opus,diabetes
./data/macroset/en/clips/diabetes/common_voice_en_19164398.opus,diabetes
./data/macroset/en/clips/diabetes/common_voice_en_17995342.opus,diabetes
./data/macroset/en/clips/fights/common_voice_en_18757637.opus,fights
./data/macroset/en/clips/fights/common_voice_en_22236298__2.opus,fights
./data/macroset/en/clips/fights/common_voice_en_19355803.opus,fights
./data/macroset/en/clips/fights/common_voice_en_17681420.opus,fights
./data/macroset/en/clips/fights/common_voice_en_19355801.opus,fights
./data/macroset/en/clips/japan/common_voice_en_19944263.opus,japan
./data/macroset/en/clips/japan/common_voice_en_19750185.opus,japan
./data/macroset/en/clips/japan/common_voice_en_20792919.opus,japan
./data/macroset/en/clips/japan/common_voice_en_695053.opus,japan
./data/macroset/en/clips/japan/common_voice_en_20112179.opus,japan
./data/macroset/en/clips/amused/common_voice_en_200717.opus,amused
./data/macroset/en/clips/amused/common_voice_en_19996746.opus,amused
./data/macroset/en/clips/amused/common_voice_en_477132.opus,amused
./data/macroset/en/clips/amused/common_voice_en_22421879.opus,amused
./data/macroset/en/clips/amused/common_voice_en_84307.opus,amused
./data/macroset/en/clips/begin/common_voice_en_404706.opus,begin
./data/macroset/en/clips/begin/common_voice_en_19673150.opus,begin
./data/macroset/en/clips/begin/common_voice_en_19402696.opus,begin
./data/macroset/en/clips/begin/common_voice_en_18626618.opus,begin
./data/macroset/en/clips/begin/common_voice_en_90608.opus,begin
./data/macroset/en/clips/guns/common_voice_en_671425.opus,guns
./data/macroset/en/clips/guns/common_voice_en_162991.opus,guns
./data/macroset/en/clips/guns/common_voice_en_21343782.opus,guns
./data/macroset/en/clips/guns/common_voice_en_22364727.opus,guns
./data/macroset/en/clips/guns/common_voice_en_20312889.opus,guns
./data/macroset/en/clips/random/common_voice_en_18408368.opus,random
./data/macroset/en/clips/random/common_voice_en_478198.opus,random
./data/macroset/en/clips/random/common_voice_en_17392618.opus,random
./data/macroset/en/clips/random/common_voice_en_648685.opus,random
./data/macroset/en/clips/random/common_voice_en_184013.opus,random
./data/macroset/en/clips/santa/common_voice_en_19314016.opus,santa
./data/macroset/en/clips/santa/common_voice_en_20590169.opus,santa
./data/macroset/en/clips/santa/common_voice_en_19081657.opus,santa
./data/macroset/en/clips/santa/common_voice_en_21709780.opus,santa
./data/macroset/en/clips/santa/common_voice_en_22189452__2.opus,santa
./data/macroset/en/clips/debian/common_voice_en_19318398.opus,debian
./data/macroset/en/clips/debian/common_voice_en_589928.opus,debian
./data/macroset/en/clips/debian/common_voice_en_498578.opus,debian
./data/macroset/en/clips/debian/common_voice_en_70190.opus,debian
./data/macroset/en/clips/debian/common_voice_en_513466.opus,debian
./data/macroset/en/clips/matched/common_voice_en_18794022.opus,matched
./data/macroset/en/clips/matched/common_voice_en_21544368.opus,matched
./data/macroset/en/clips/matched/common_voice_en_19989852.opus,matched
./data/macroset/en/clips/matched/common_voice_en_19179465.opus,matched
./data/macroset/en/clips/matched/common_voice_en_22316869.opus,matched
./data/macroset/en/clips/refuge/common_voice_en_607685.opus,refuge
./data/macroset/en/clips/refuge/common_voice_en_20104990.opus,refuge
./data/macroset/en/clips/refuge/common_voice_en_20764358.opus,refuge
./data/macroset/en/clips/refuge/common_voice_en_503094.opus,refuge
./data/macroset/en/clips/refuge/common_voice_en_92092.opus,refuge
./data/macroset/en/clips/grandpa/common_voice_en_17273179.opus,grandpa
./data/macroset/en/clips/grandpa/common_voice_en_8405.opus,grandpa
./data/macroset/en/clips/grandpa/common_voice_en_79745.opus,grandpa
./data/macroset/en/clips/grandpa/common_voice_en_491461.opus,grandpa
./data/macroset/en/clips/grandpa/common_voice_en_17808607.opus,grandpa
./data/macroset/en/clips/conditioning/common_voice_en_19644529.opus,conditioning
./data/macroset/en/clips/conditioning/common_voice_en_19547458.opus,conditioning
./data/macroset/en/clips/conditioning/common_voice_en_21347111.opus,conditioning
./data/macroset/en/clips/conditioning/common_voice_en_21246451.opus,conditioning
./data/macroset/en/clips/conditioning/common_voice_en_19972883.opus,conditioning
./data/macroset/en/clips/ninth/common_voice_en_22207622.opus,ninth
./data/macroset/en/clips/ninth/common_voice_en_19358866.opus,ninth
./data/macroset/en/clips/ninth/common_voice_en_22180970.opus,ninth
./data/macroset/en/clips/ninth/common_voice_en_18890589.opus,ninth
./data/macroset/en/clips/ninth/common_voice_en_20551561.opus,ninth
./data/macroset/en/clips/androids/common_voice_en_17666529.opus,androids
./data/macroset/en/clips/androids/common_voice_en_17735724.opus,androids
./data/macroset/en/clips/androids/common_voice_en_592311.opus,androids
./data/macroset/en/clips/androids/common_voice_en_17325528.opus,androids
./data/macroset/en/clips/androids/common_voice_en_17386440.opus,androids
./data/macroset/en/clips/graph/common_voice_en_19945196.opus,graph
./data/macroset/en/clips/graph/common_voice_en_19517807.opus,graph
./data/macroset/en/clips/graph/common_voice_en_622471.opus,graph
./data/macroset/en/clips/graph/common_voice_en_18674026.opus,graph
./data/macroset/en/clips/graph/common_voice_en_18570608.opus,graph
./data/macroset/en/clips/raised/common_voice_en_19411940.opus,raised
./data/macroset/en/clips/raised/common_voice_en_20409132.opus,raised
./data/macroset/en/clips/raised/common_voice_en_535613.opus,raised
./data/macroset/en/clips/raised/common_voice_en_18974335.opus,raised
./data/macroset/en/clips/raised/common_voice_en_20555325.opus,raised
./data/macroset/en/clips/taxing/common_voice_en_15904029.opus,taxing
./data/macroset/en/clips/taxing/common_voice_en_19989663.opus,taxing
./data/macroset/en/clips/taxing/common_voice_en_629685.opus,taxing
./data/macroset/en/clips/taxing/common_voice_en_525397.opus,taxing
./data/macroset/en/clips/taxing/common_voice_en_689484.opus,taxing
./data/macroset/en/clips/dot/common_voice_en_561511.opus,dot
./data/macroset/en/clips/dot/common_voice_en_519002.opus,dot
./data/macroset/en/clips/dot/common_voice_en_671392.opus,dot
./data/macroset/en/clips/dot/common_voice_en_18540764.opus,dot
./data/macroset/en/clips/dot/common_voice_en_19732459.opus,dot
./data/macroset/en/clips/swarm/common_voice_en_18162472.opus,swarm
./data/macroset/en/clips/swarm/common_voice_en_18163362.opus,swarm
./data/macroset/en/clips/swarm/common_voice_en_17360818.opus,swarm
./data/macroset/en/clips/swarm/common_voice_en_18095306.opus,swarm
./data/macroset/en/clips/swarm/common_voice_en_17646601.opus,swarm
./data/macroset/en/clips/hull/common_voice_en_18679489.opus,hull
./data/macroset/en/clips/hull/common_voice_en_22441004.opus,hull
./data/macroset/en/clips/hull/common_voice_en_19963695.opus,hull
./data/macroset/en/clips/hull/common_voice_en_371236.opus,hull
./data/macroset/en/clips/hull/common_voice_en_18765504.opus,hull
./data/macroset/en/clips/technical/common_voice_en_21452718.opus,technical
./data/macroset/en/clips/technical/common_voice_en_18908211.opus,technical
./data/macroset/en/clips/technical/common_voice_en_20601405.opus,technical
./data/macroset/en/clips/technical/common_voice_en_19761940.opus,technical
./data/macroset/en/clips/technical/common_voice_en_20371734.opus,technical
./data/macroset/en/clips/notable/common_voice_en_21102564.opus,notable
./data/macroset/en/clips/notable/common_voice_en_22329715.opus,notable
./data/macroset/en/clips/notable/common_voice_en_20269419.opus,notable
./data/macroset/en/clips/notable/common_voice_en_19809017.opus,notable
./data/macroset/en/clips/notable/common_voice_en_19750344.opus,notable
./data/macroset/en/clips/traveller/common_voice_en_17520204.opus,traveller
./data/macroset/en/clips/traveller/common_voice_en_18662580.opus,traveller
./data/macroset/en/clips/traveller/common_voice_en_196153.opus,traveller
./data/macroset/en/clips/traveller/common_voice_en_76094.opus,traveller
./data/macroset/en/clips/traveller/common_voice_en_17965766.opus,traveller
./data/macroset/en/clips/tri/common_voice_en_18949316.opus,tri
./data/macroset/en/clips/tri/common_voice_en_21309891.opus,tri
./data/macroset/en/clips/tri/common_voice_en_19723809.opus,tri
./data/macroset/en/clips/tri/common_voice_en_20952911.opus,tri
./data/macroset/en/clips/tri/common_voice_en_21184942.opus,tri
./data/macroset/en/clips/more/common_voice_en_18465424.opus,more
./data/macroset/en/clips/more/common_voice_en_634837.opus,more
./data/macroset/en/clips/more/common_voice_en_56231.opus,more
./data/macroset/en/clips/more/common_voice_en_17271740.opus,more
./data/macroset/en/clips/more/common_voice_en_204525.opus,more
./data/macroset/en/clips/naming/common_voice_en_21705223.opus,naming
./data/macroset/en/clips/naming/common_voice_en_505136.opus,naming
./data/macroset/en/clips/naming/common_voice_en_21501850.opus,naming
./data/macroset/en/clips/naming/common_voice_en_22253192.opus,naming
./data/macroset/en/clips/naming/common_voice_en_21310864.opus,naming
./data/macroset/en/clips/autonomous/common_voice_en_19675745.opus,autonomous
./data/macroset/en/clips/autonomous/common_voice_en_19795626.opus,autonomous
./data/macroset/en/clips/autonomous/common_voice_en_19199400.opus,autonomous
./data/macroset/en/clips/autonomous/common_voice_en_21483099.opus,autonomous
./data/macroset/en/clips/autonomous/common_voice_en_18608583.opus,autonomous
./data/macroset/en/clips/secular/common_voice_en_19680409.opus,secular
./data/macroset/en/clips/secular/common_voice_en_20748133.opus,secular
./data/macroset/en/clips/secular/common_voice_en_21102511.opus,secular
./data/macroset/en/clips/secular/common_voice_en_19869708.opus,secular
./data/macroset/en/clips/secular/common_voice_en_18944246.opus,secular
./data/macroset/en/clips/kilo/common_voice_en_18109107.opus,kilo
./data/macroset/en/clips/kilo/common_voice_en_540034.opus,kilo
./data/macroset/en/clips/kilo/common_voice_en_477946.opus,kilo
./data/macroset/en/clips/kilo/common_voice_en_17450564.opus,kilo
./data/macroset/en/clips/kilo/common_voice_en_17768647.opus,kilo
./data/macroset/en/clips/badge/common_voice_en_644624.opus,badge
./data/macroset/en/clips/badge/common_voice_en_575140.opus,badge
./data/macroset/en/clips/badge/common_voice_en_589693.opus,badge
./data/macroset/en/clips/badge/common_voice_en_219416.opus,badge
./data/macroset/en/clips/badge/common_voice_en_20795249.opus,badge
./data/macroset/en/clips/publication/common_voice_en_19966110.opus,publication
./data/macroset/en/clips/publication/common_voice_en_19853795.opus,publication
./data/macroset/en/clips/publication/common_voice_en_578244.opus,publication
./data/macroset/en/clips/publication/common_voice_en_20092908.opus,publication
./data/macroset/en/clips/publication/common_voice_en_19229527.opus,publication
./data/macroset/en/clips/ventilation/common_voice_en_17290182.opus,ventilation
./data/macroset/en/clips/ventilation/common_voice_en_22185868.opus,ventilation
./data/macroset/en/clips/ventilation/common_voice_en_58054.opus,ventilation
./data/macroset/en/clips/ventilation/common_voice_en_17869585.opus,ventilation
./data/macroset/en/clips/ventilation/common_voice_en_20620174.opus,ventilation
./data/macroset/en/clips/hoped/common_voice_en_625592.opus,hoped
./data/macroset/en/clips/hoped/common_voice_en_18541431.opus,hoped
./data/macroset/en/clips/hoped/common_voice_en_20247762.opus,hoped
./data/macroset/en/clips/hoped/common_voice_en_81493.opus,hoped
./data/macroset/en/clips/hoped/common_voice_en_167779.opus,hoped
./data/macroset/en/clips/evolve/common_voice_en_2851.opus,evolve
./data/macroset/en/clips/evolve/common_voice_en_20276336.opus,evolve
./data/macroset/en/clips/evolve/common_voice_en_567016.opus,evolve
./data/macroset/en/clips/evolve/common_voice_en_18588641.opus,evolve
./data/macroset/en/clips/evolve/common_voice_en_541334.opus,evolve
./data/macroset/en/clips/dying/common_voice_en_19099188.opus,dying
./data/macroset/en/clips/dying/common_voice_en_17555944.opus,dying
./data/macroset/en/clips/dying/common_voice_en_2202868.opus,dying
./data/macroset/en/clips/dying/common_voice_en_650929.opus,dying
./data/macroset/en/clips/dying/common_voice_en_19660475.opus,dying
./data/macroset/en/clips/fibre/common_voice_en_20947178.opus,fibre
./data/macroset/en/clips/fibre/common_voice_en_20639414.opus,fibre
./data/macroset/en/clips/fibre/common_voice_en_513546.opus,fibre
./data/macroset/en/clips/fibre/common_voice_en_20993642.opus,fibre
./data/macroset/en/clips/fibre/common_voice_en_488932.opus,fibre
./data/macroset/en/clips/intervals/common_voice_en_19823371.opus,intervals
./data/macroset/en/clips/intervals/common_voice_en_22371584.opus,intervals
./data/macroset/en/clips/intervals/common_voice_en_21252600.opus,intervals
./data/macroset/en/clips/intervals/common_voice_en_19476598.opus,intervals
./data/macroset/en/clips/intervals/common_voice_en_21952782.opus,intervals
./data/macroset/en/clips/martinis/common_voice_en_597048.opus,martinis
./data/macroset/en/clips/martinis/common_voice_en_628225.opus,martinis
./data/macroset/en/clips/martinis/common_voice_en_69890.opus,martinis
./data/macroset/en/clips/martinis/common_voice_en_71841.opus,martinis
./data/macroset/en/clips/martinis/common_voice_en_686697.opus,martinis
./data/macroset/en/clips/travelled/common_voice_en_572660.opus,travelled
./data/macroset/en/clips/travelled/common_voice_en_165918.opus,travelled
./data/macroset/en/clips/travelled/common_voice_en_20281407.opus,travelled
./data/macroset/en/clips/travelled/common_voice_en_20241315.opus,travelled
./data/macroset/en/clips/travelled/common_voice_en_697742.opus,travelled
./data/macroset/en/clips/drivers/common_voice_en_491650.opus,drivers
./data/macroset/en/clips/drivers/common_voice_en_21687686.opus,drivers
./data/macroset/en/clips/drivers/common_voice_en_21674661.opus,drivers
./data/macroset/en/clips/drivers/common_voice_en_20447862.opus,drivers
./data/macroset/en/clips/drivers/common_voice_en_19946672.opus,drivers
./data/macroset/en/clips/offering/common_voice_en_8607934.opus,offering
./data/macroset/en/clips/offering/common_voice_en_19050558.opus,offering
./data/macroset/en/clips/offering/common_voice_en_493607.opus,offering
./data/macroset/en/clips/offering/common_voice_en_562970.opus,offering
./data/macroset/en/clips/offering/common_voice_en_2029082.opus,offering
./data/macroset/en/clips/invaded/common_voice_en_21454254.opus,invaded
./data/macroset/en/clips/invaded/common_voice_en_20781557.opus,invaded
./data/macroset/en/clips/invaded/common_voice_en_20535793.opus,invaded
./data/macroset/en/clips/invaded/common_voice_en_20353905.opus,invaded
./data/macroset/en/clips/invaded/common_voice_en_20973817.opus,invaded
./data/macroset/en/clips/british/common_voice_en_19728579.opus,british
./data/macroset/en/clips/british/common_voice_en_21792080.opus,british
./data/macroset/en/clips/british/common_voice_en_636472.opus,british
./data/macroset/en/clips/british/common_voice_en_20457539.opus,british
./data/macroset/en/clips/british/common_voice_en_20359017__2.opus,british
./data/macroset/en/clips/dataset/common_voice_en_18667319.opus,dataset
./data/macroset/en/clips/dataset/common_voice_en_18492962.opus,dataset
./data/macroset/en/clips/dataset/common_voice_en_618248.opus,dataset
./data/macroset/en/clips/dataset/common_voice_en_547518.opus,dataset
./data/macroset/en/clips/dataset/common_voice_en_95958.opus,dataset
./data/macroset/en/clips/linda/common_voice_en_19125739.opus,linda
./data/macroset/en/clips/linda/common_voice_en_19636928.opus,linda
./data/macroset/en/clips/linda/common_voice_en_18450503.opus,linda
./data/macroset/en/clips/linda/common_voice_en_20016332.opus,linda
./data/macroset/en/clips/linda/common_voice_en_37226.opus,linda
./data/macroset/en/clips/emerson/common_voice_en_19699540.opus,emerson
./data/macroset/en/clips/emerson/common_voice_en_19997207.opus,emerson
./data/macroset/en/clips/emerson/common_voice_en_20400375.opus,emerson
./data/macroset/en/clips/emerson/common_voice_en_19943951.opus,emerson
./data/macroset/en/clips/emerson/common_voice_en_18752207.opus,emerson
./data/macroset/en/clips/thompson/common_voice_en_21379765.opus,thompson
./data/macroset/en/clips/thompson/common_voice_en_316879.opus,thompson
./data/macroset/en/clips/thompson/common_voice_en_20253937.opus,thompson
./data/macroset/en/clips/thompson/common_voice_en_19686151__2.opus,thompson
./data/macroset/en/clips/thompson/common_voice_en_20434027.opus,thompson
./data/macroset/en/clips/marc/common_voice_en_17747404.opus,marc
./data/macroset/en/clips/marc/common_voice_en_19943126.opus,marc
./data/macroset/en/clips/marc/common_voice_en_18954839.opus,marc
./data/macroset/en/clips/marc/common_voice_en_21690002.opus,marc
./data/macroset/en/clips/marc/common_voice_en_625609.opus,marc
./data/macroset/en/clips/terms/common_voice_en_22435668.opus,terms
./data/macroset/en/clips/terms/common_voice_en_670463.opus,terms
./data/macroset/en/clips/terms/common_voice_en_20772999.opus,terms
./data/macroset/en/clips/terms/common_voice_en_19756812.opus,terms
./data/macroset/en/clips/terms/common_voice_en_19837674.opus,terms
./data/macroset/en/clips/eternity/common_voice_en_576360.opus,eternity
./data/macroset/en/clips/eternity/common_voice_en_683901.opus,eternity
./data/macroset/en/clips/eternity/common_voice_en_20684885.opus,eternity
./data/macroset/en/clips/eternity/common_voice_en_18858526.opus,eternity
./data/macroset/en/clips/eternity/common_voice_en_472618.opus,eternity
./data/macroset/en/clips/kissed/common_voice_en_20374357.opus,kissed
./data/macroset/en/clips/kissed/common_voice_en_8563291.opus,kissed
./data/macroset/en/clips/kissed/common_voice_en_20786022.opus,kissed
./data/macroset/en/clips/kissed/common_voice_en_18532763.opus,kissed
./data/macroset/en/clips/kissed/common_voice_en_428270.opus,kissed
./data/macroset/en/clips/pockets/common_voice_en_19766681.opus,pockets
./data/macroset/en/clips/pockets/common_voice_en_549591.opus,pockets
./data/macroset/en/clips/pockets/common_voice_en_17835175.opus,pockets
./data/macroset/en/clips/pockets/common_voice_en_19289333.opus,pockets
./data/macroset/en/clips/pockets/common_voice_en_20159972.opus,pockets
./data/macroset/en/clips/nets/common_voice_en_22044999.opus,nets
./data/macroset/en/clips/nets/common_voice_en_481392.opus,nets
./data/macroset/en/clips/nets/common_voice_en_20134754.opus,nets
./data/macroset/en/clips/nets/common_voice_en_20665188.opus,nets
./data/macroset/en/clips/nets/common_voice_en_19649739.opus,nets
./data/macroset/en/clips/recreational/common_voice_en_20989914.opus,recreational
./data/macroset/en/clips/recreational/common_voice_en_20008556.opus,recreational
./data/macroset/en/clips/recreational/common_voice_en_21564632.opus,recreational
./data/macroset/en/clips/recreational/common_voice_en_19744346.opus,recreational
./data/macroset/en/clips/recreational/common_voice_en_20989514.opus,recreational
./data/macroset/en/clips/tap/common_voice_en_18513520.opus,tap
./data/macroset/en/clips/tap/common_voice_en_19043399.opus,tap
./data/macroset/en/clips/tap/common_voice_en_19607199.opus,tap
./data/macroset/en/clips/tap/common_voice_en_20515839.opus,tap
./data/macroset/en/clips/tap/common_voice_en_18337189.opus,tap
./data/macroset/en/clips/lies/common_voice_en_19982913.opus,lies
./data/macroset/en/clips/lies/common_voice_en_21479703.opus,lies
./data/macroset/en/clips/lies/common_voice_en_19310678.opus,lies
./data/macroset/en/clips/lies/common_voice_en_19375731.opus,lies
./data/macroset/en/clips/lies/common_voice_en_20309863.opus,lies
./data/macroset/en/clips/pulled/common_voice_en_17468602.opus,pulled
./data/macroset/en/clips/pulled/common_voice_en_17679540.opus,pulled
./data/macroset/en/clips/pulled/common_voice_en_21997027.opus,pulled
./data/macroset/en/clips/pulled/common_voice_en_17844075.opus,pulled
./data/macroset/en/clips/pulled/common_voice_en_4163648.opus,pulled
./data/macroset/en/clips/feet/common_voice_en_201954.opus,feet
./data/macroset/en/clips/feet/common_voice_en_20183067.opus,feet
./data/macroset/en/clips/feet/common_voice_en_18124805.opus,feet
./data/macroset/en/clips/feet/common_voice_en_56212.opus,feet
./data/macroset/en/clips/feet/common_voice_en_565625.opus,feet
./data/macroset/en/clips/before/common_voice_en_161971.opus,before
./data/macroset/en/clips/before/common_voice_en_20918375.opus,before
./data/macroset/en/clips/before/common_voice_en_20783451.opus,before
./data/macroset/en/clips/before/common_voice_en_34409.opus,before
./data/macroset/en/clips/before/common_voice_en_22373.opus,before
./data/macroset/en/clips/fail/common_voice_en_20952790.opus,fail
./data/macroset/en/clips/fail/common_voice_en_485640.opus,fail
./data/macroset/en/clips/fail/common_voice_en_534967.opus,fail
./data/macroset/en/clips/fail/common_voice_en_524047.opus,fail
./data/macroset/en/clips/fail/common_voice_en_19648511.opus,fail
./data/macroset/en/clips/transcend/common_voice_en_625518.opus,transcend
./data/macroset/en/clips/transcend/common_voice_en_113590.opus,transcend
./data/macroset/en/clips/transcend/common_voice_en_637791.opus,transcend
./data/macroset/en/clips/transcend/common_voice_en_44876.opus,transcend
./data/macroset/en/clips/transcend/common_voice_en_574042.opus,transcend
./data/macroset/en/clips/squished/common_voice_en_663572.opus,squished
./data/macroset/en/clips/squished/common_voice_en_18144694.opus,squished
./data/macroset/en/clips/squished/common_voice_en_17710669.opus,squished
./data/macroset/en/clips/squished/common_voice_en_17277500.opus,squished
./data/macroset/en/clips/squished/common_voice_en_17290928.opus,squished
./data/macroset/en/clips/concessions/common_voice_en_607737.opus,concessions
./data/macroset/en/clips/concessions/common_voice_en_47034.opus,concessions
./data/macroset/en/clips/concessions/common_voice_en_21733125.opus,concessions
./data/macroset/en/clips/concessions/common_voice_en_206482.opus,concessions
./data/macroset/en/clips/concessions/common_voice_en_517165.opus,concessions
./data/macroset/en/clips/patrick/common_voice_en_20858513.opus,patrick
./data/macroset/en/clips/patrick/common_voice_en_19698048.opus,patrick
./data/macroset/en/clips/patrick/common_voice_en_20296135.opus,patrick
./data/macroset/en/clips/patrick/common_voice_en_501218.opus,patrick
./data/macroset/en/clips/patrick/common_voice_en_48130.opus,patrick
./data/macroset/en/clips/dots/common_voice_en_568603.opus,dots
./data/macroset/en/clips/dots/common_voice_en_175000.opus,dots
./data/macroset/en/clips/dots/common_voice_en_209919.opus,dots
./data/macroset/en/clips/dots/common_voice_en_496258.opus,dots
./data/macroset/en/clips/dots/common_voice_en_515771.opus,dots
./data/macroset/en/clips/postal/common_voice_en_19671113.opus,postal
./data/macroset/en/clips/postal/common_voice_en_20224032.opus,postal
./data/macroset/en/clips/postal/common_voice_en_20183599.opus,postal
./data/macroset/en/clips/postal/common_voice_en_19877809.opus,postal
./data/macroset/en/clips/postal/common_voice_en_20457735.opus,postal
./data/macroset/en/clips/swiss/common_voice_en_20956611.opus,swiss
./data/macroset/en/clips/swiss/common_voice_en_20223641.opus,swiss
./data/macroset/en/clips/swiss/common_voice_en_20225800.opus,swiss
./data/macroset/en/clips/swiss/common_voice_en_20778832.opus,swiss
./data/macroset/en/clips/swiss/common_voice_en_19700016.opus,swiss
./data/macroset/en/clips/decade/common_voice_en_20031241.opus,decade
./data/macroset/en/clips/decade/common_voice_en_20115944.opus,decade
./data/macroset/en/clips/decade/common_voice_en_22178262.opus,decade
./data/macroset/en/clips/decade/common_voice_en_18671418.opus,decade
./data/macroset/en/clips/decade/common_voice_en_21257048.opus,decade
./data/macroset/en/clips/hostile/common_voice_en_17290108.opus,hostile
./data/macroset/en/clips/hostile/common_voice_en_20584808.opus,hostile
./data/macroset/en/clips/hostile/common_voice_en_17289049.opus,hostile
./data/macroset/en/clips/hostile/common_voice_en_17965420.opus,hostile
./data/macroset/en/clips/hostile/common_voice_en_649802.opus,hostile
./data/macroset/en/clips/hedgehog/common_voice_en_659305.opus,hedgehog
./data/macroset/en/clips/hedgehog/common_voice_en_455290.opus,hedgehog
./data/macroset/en/clips/hedgehog/common_voice_en_18131450.opus,hedgehog
./data/macroset/en/clips/hedgehog/common_voice_en_19411705.opus,hedgehog
./data/macroset/en/clips/hedgehog/common_voice_en_184575.opus,hedgehog
./data/macroset/en/clips/wrinkled/common_voice_en_603430.opus,wrinkled
./data/macroset/en/clips/wrinkled/common_voice_en_17875715.opus,wrinkled
./data/macroset/en/clips/wrinkled/common_voice_en_526923.opus,wrinkled
./data/macroset/en/clips/wrinkled/common_voice_en_503082.opus,wrinkled
./data/macroset/en/clips/wrinkled/common_voice_en_18101024.opus,wrinkled
./data/macroset/en/clips/blew/common_voice_en_89264.opus,blew
./data/macroset/en/clips/blew/common_voice_en_651157.opus,blew
./data/macroset/en/clips/blew/common_voice_en_68949.opus,blew
./data/macroset/en/clips/blew/common_voice_en_20064324.opus,blew
./data/macroset/en/clips/blew/common_voice_en_536182.opus,blew
./data/macroset/en/clips/insistently/common_voice_en_575905.opus,insistently
./data/macroset/en/clips/insistently/common_voice_en_201415.opus,insistently
./data/macroset/en/clips/insistently/common_voice_en_56489.opus,insistently
./data/macroset/en/clips/insistently/common_voice_en_68243.opus,insistently
./data/macroset/en/clips/insistently/common_voice_en_649060.opus,insistently
./data/macroset/en/clips/fishes/common_voice_en_18672691.opus,fishes
./data/macroset/en/clips/fishes/common_voice_en_20797950.opus,fishes
./data/macroset/en/clips/fishes/common_voice_en_18718718.opus,fishes
./data/macroset/en/clips/fishes/common_voice_en_570727.opus,fishes
./data/macroset/en/clips/fishes/common_voice_en_18946796.opus,fishes
./data/macroset/en/clips/opinions/common_voice_en_571588.opus,opinions
./data/macroset/en/clips/opinions/common_voice_en_963527.opus,opinions
./data/macroset/en/clips/opinions/common_voice_en_82482.opus,opinions
./data/macroset/en/clips/opinions/common_voice_en_80000.opus,opinions
./data/macroset/en/clips/opinions/common_voice_en_526672.opus,opinions
./data/macroset/en/clips/lifestyle/common_voice_en_22346575.opus,lifestyle
./data/macroset/en/clips/lifestyle/common_voice_en_21521954.opus,lifestyle
./data/macroset/en/clips/lifestyle/common_voice_en_22361096.opus,lifestyle
./data/macroset/en/clips/lifestyle/common_voice_en_558293.opus,lifestyle
./data/macroset/en/clips/lifestyle/common_voice_en_18851709.opus,lifestyle
./data/macroset/en/clips/dubious/common_voice_en_28482.opus,dubious
./data/macroset/en/clips/dubious/common_voice_en_484265.opus,dubious
./data/macroset/en/clips/dubious/common_voice_en_92055.opus,dubious
./data/macroset/en/clips/dubious/common_voice_en_50521.opus,dubious
./data/macroset/en/clips/dubious/common_voice_en_507930.opus,dubious
./data/macroset/en/clips/undergoing/common_voice_en_19613394.opus,undergoing
./data/macroset/en/clips/undergoing/common_voice_en_20513568.opus,undergoing
./data/macroset/en/clips/undergoing/common_voice_en_21511786.opus,undergoing
./data/macroset/en/clips/undergoing/common_voice_en_21101945.opus,undergoing
./data/macroset/en/clips/undergoing/common_voice_en_22206884.opus,undergoing
./data/macroset/en/clips/metaphor/common_voice_en_21434821.opus,metaphor
./data/macroset/en/clips/metaphor/common_voice_en_22432758.opus,metaphor
./data/macroset/en/clips/metaphor/common_voice_en_20918289.opus,metaphor
./data/macroset/en/clips/metaphor/common_voice_en_22000556.opus,metaphor
./data/macroset/en/clips/metaphor/common_voice_en_21693034.opus,metaphor
./data/macroset/en/clips/mutation/common_voice_en_19547475.opus,mutation
./data/macroset/en/clips/mutation/common_voice_en_18991935.opus,mutation
./data/macroset/en/clips/mutation/common_voice_en_20381470.opus,mutation
./data/macroset/en/clips/mutation/common_voice_en_18681202.opus,mutation
./data/macroset/en/clips/mutation/common_voice_en_19099928.opus,mutation
./data/macroset/en/clips/marketing/common_voice_en_18673566.opus,marketing
./data/macroset/en/clips/marketing/common_voice_en_19514221.opus,marketing
./data/macroset/en/clips/marketing/common_voice_en_19409172.opus,marketing
./data/macroset/en/clips/marketing/common_voice_en_20855972.opus,marketing
./data/macroset/en/clips/marketing/common_voice_en_19493201.opus,marketing
./data/macroset/en/clips/husband/common_voice_en_48425.opus,husband
./data/macroset/en/clips/husband/common_voice_en_21936128.opus,husband
./data/macroset/en/clips/husband/common_voice_en_521342.opus,husband
./data/macroset/en/clips/husband/common_voice_en_542798.opus,husband
./data/macroset/en/clips/husband/common_voice_en_681957.opus,husband
./data/macroset/en/clips/landscape/common_voice_en_21126526.opus,landscape
./data/macroset/en/clips/landscape/common_voice_en_19539001.opus,landscape
./data/macroset/en/clips/landscape/common_voice_en_22464009.opus,landscape
./data/macroset/en/clips/landscape/common_voice_en_18913656.opus,landscape
./data/macroset/en/clips/landscape/common_voice_en_218370.opus,landscape
./data/macroset/en/clips/verse/common_voice_en_18671000.opus,verse
./data/macroset/en/clips/verse/common_voice_en_20664787.opus,verse
./data/macroset/en/clips/verse/common_voice_en_19013218.opus,verse
./data/macroset/en/clips/verse/common_voice_en_20783169.opus,verse
./data/macroset/en/clips/verse/common_voice_en_20536649.opus,verse
./data/macroset/en/clips/edged/common_voice_en_19114455.opus,edged
./data/macroset/en/clips/edged/common_voice_en_20425479.opus,edged
./data/macroset/en/clips/edged/common_voice_en_20672076.opus,edged
./data/macroset/en/clips/edged/common_voice_en_19481269.opus,edged
./data/macroset/en/clips/edged/common_voice_en_21387930.opus,edged
./data/macroset/en/clips/skateboard/common_voice_en_20664859.opus,skateboard
./data/macroset/en/clips/skateboard/common_voice_en_570285.opus,skateboard
./data/macroset/en/clips/skateboard/common_voice_en_116766.opus,skateboard
./data/macroset/en/clips/skateboard/common_voice_en_582722.opus,skateboard
./data/macroset/en/clips/skateboard/common_voice_en_616039.opus,skateboard
./data/macroset/en/clips/licks/common_voice_en_17371732.opus,licks
./data/macroset/en/clips/licks/common_voice_en_151999.opus,licks
./data/macroset/en/clips/licks/common_voice_en_18066364.opus,licks
./data/macroset/en/clips/licks/common_voice_en_18018985.opus,licks
./data/macroset/en/clips/licks/common_voice_en_4959025.opus,licks
./data/macroset/en/clips/exhaust/common_voice_en_20232551.opus,exhaust
./data/macroset/en/clips/exhaust/common_voice_en_17637511.opus,exhaust
./data/macroset/en/clips/exhaust/common_voice_en_17893056.opus,exhaust
./data/macroset/en/clips/exhaust/common_voice_en_18649773.opus,exhaust
./data/macroset/en/clips/exhaust/common_voice_en_617290.opus,exhaust
./data/macroset/en/clips/diabetics/common_voice_en_635666.opus,diabetics
./data/macroset/en/clips/diabetics/common_voice_en_137267.opus,diabetics
./data/macroset/en/clips/diabetics/common_voice_en_698274.opus,diabetics
./data/macroset/en/clips/diabetics/common_voice_en_613238.opus,diabetics
./data/macroset/en/clips/diabetics/common_voice_en_692278.opus,diabetics
./data/macroset/en/clips/benefited/common_voice_en_20025895.opus,benefited
./data/macroset/en/clips/benefited/common_voice_en_22130324.opus,benefited
./data/macroset/en/clips/benefited/common_voice_en_19511409.opus,benefited
./data/macroset/en/clips/benefited/common_voice_en_20160321.opus,benefited
./data/macroset/en/clips/benefited/common_voice_en_19580151.opus,benefited
./data/macroset/en/clips/fins/common_voice_en_606474.opus,fins
./data/macroset/en/clips/fins/common_voice_en_22377667.opus,fins
./data/macroset/en/clips/fins/common_voice_en_31982.opus,fins
./data/macroset/en/clips/fins/common_voice_en_193994.opus,fins
./data/macroset/en/clips/fins/common_voice_en_499895.opus,fins
./data/macroset/en/clips/caesar/common_voice_en_19288390.opus,caesar
./data/macroset/en/clips/caesar/common_voice_en_211529.opus,caesar
./data/macroset/en/clips/caesar/common_voice_en_19664612.opus,caesar
./data/macroset/en/clips/caesar/common_voice_en_22253407.opus,caesar
./data/macroset/en/clips/caesar/common_voice_en_697053.opus,caesar
./data/macroset/en/clips/birds/common_voice_en_516298.opus,birds
./data/macroset/en/clips/birds/common_voice_en_18827713.opus,birds
./data/macroset/en/clips/birds/common_voice_en_18934649.opus,birds
./data/macroset/en/clips/birds/common_voice_en_19672718.opus,birds
./data/macroset/en/clips/birds/common_voice_en_74516.opus,birds
./data/macroset/en/clips/continual/common_voice_en_18102184.opus,continual
./data/macroset/en/clips/continual/common_voice_en_581285.opus,continual
./data/macroset/en/clips/continual/common_voice_en_18139318.opus,continual
./data/macroset/en/clips/continual/common_voice_en_17888127.opus,continual
./data/macroset/en/clips/continual/common_voice_en_464706.opus,continual
./data/macroset/en/clips/tensions/common_voice_en_19047067.opus,tensions
./data/macroset/en/clips/tensions/common_voice_en_19759550.opus,tensions
./data/macroset/en/clips/tensions/common_voice_en_20921571.opus,tensions
./data/macroset/en/clips/tensions/common_voice_en_22275184.opus,tensions
./data/macroset/en/clips/tensions/common_voice_en_19946796.opus,tensions
./data/macroset/en/clips/maid/common_voice_en_18555888.opus,maid
./data/macroset/en/clips/maid/common_voice_en_22305898.opus,maid
./data/macroset/en/clips/maid/common_voice_en_18065986.opus,maid
./data/macroset/en/clips/maid/common_voice_en_614027.opus,maid
./data/macroset/en/clips/maid/common_voice_en_569605.opus,maid
./data/macroset/en/clips/wishes/common_voice_en_644944.opus,wishes
./data/macroset/en/clips/wishes/common_voice_en_516598.opus,wishes
./data/macroset/en/clips/wishes/common_voice_en_1790.opus,wishes
./data/macroset/en/clips/wishes/common_voice_en_21494166.opus,wishes
./data/macroset/en/clips/wishes/common_voice_en_17658411.opus,wishes
./data/macroset/en/clips/attachment/common_voice_en_21940128.opus,attachment
./data/macroset/en/clips/attachment/common_voice_en_19943165.opus,attachment
./data/macroset/en/clips/attachment/common_voice_en_20376202.opus,attachment
./data/macroset/en/clips/attachment/common_voice_en_19061563.opus,attachment
./data/macroset/en/clips/attachment/common_voice_en_20068945.opus,attachment
./data/macroset/en/clips/herald/common_voice_en_18994812.opus,herald
./data/macroset/en/clips/herald/common_voice_en_21873597.opus,herald
./data/macroset/en/clips/herald/common_voice_en_19851669.opus,herald
./data/macroset/en/clips/herald/common_voice_en_19787479.opus,herald
./data/macroset/en/clips/herald/common_voice_en_20927036.opus,herald
./data/macroset/en/clips/wounded/common_voice_en_21344694.opus,wounded
./data/macroset/en/clips/wounded/common_voice_en_32241.opus,wounded
./data/macroset/en/clips/wounded/common_voice_en_22204010.opus,wounded
./data/macroset/en/clips/wounded/common_voice_en_20218037.opus,wounded
./data/macroset/en/clips/wounded/common_voice_en_22248408.opus,wounded
./data/macroset/en/clips/dozens/common_voice_en_19586621.opus,dozens
./data/macroset/en/clips/dozens/common_voice_en_20842807.opus,dozens
./data/macroset/en/clips/dozens/common_voice_en_21328944.opus,dozens
./data/macroset/en/clips/dozens/common_voice_en_20676667.opus,dozens
./data/macroset/en/clips/dozens/common_voice_en_573859.opus,dozens
./data/macroset/en/clips/turtles/common_voice_en_20322045.opus,turtles
./data/macroset/en/clips/turtles/common_voice_en_19748729.opus,turtles
./data/macroset/en/clips/turtles/common_voice_en_20170313.opus,turtles
./data/macroset/en/clips/turtles/common_voice_en_18654369.opus,turtles
./data/macroset/en/clips/turtles/common_voice_en_19052782.opus,turtles
./data/macroset/en/clips/concentration/common_voice_en_21338020.opus,concentration
./data/macroset/en/clips/concentration/common_voice_en_21750941.opus,concentration
./data/macroset/en/clips/concentration/common_voice_en_19887414.opus,concentration
./data/macroset/en/clips/concentration/common_voice_en_21380017.opus,concentration
./data/macroset/en/clips/concentration/common_voice_en_20602280.opus,concentration
./data/macroset/en/clips/leopard/common_voice_en_18456232.opus,leopard
./data/macroset/en/clips/leopard/common_voice_en_18418244.opus,leopard
./data/macroset/en/clips/leopard/common_voice_en_618078.opus,leopard
./data/macroset/en/clips/leopard/common_voice_en_18760681.opus,leopard
./data/macroset/en/clips/leopard/common_voice_en_21464713.opus,leopard
./data/macroset/en/clips/aims/common_voice_en_21100873.opus,aims
./data/macroset/en/clips/aims/common_voice_en_19761521.opus,aims
./data/macroset/en/clips/aims/common_voice_en_22458065.opus,aims
./data/macroset/en/clips/aims/common_voice_en_20909165.opus,aims
./data/macroset/en/clips/aims/common_voice_en_20348011.opus,aims
./data/macroset/en/clips/wither/common_voice_en_61262.opus,wither
./data/macroset/en/clips/wither/common_voice_en_21720200.opus,wither
./data/macroset/en/clips/wither/common_voice_en_78047.opus,wither
./data/macroset/en/clips/wither/common_voice_en_490749.opus,wither
./data/macroset/en/clips/wither/common_voice_en_507357.opus,wither
./data/macroset/en/clips/insane/common_voice_en_78184.opus,insane
./data/macroset/en/clips/insane/common_voice_en_22415098.opus,insane
./data/macroset/en/clips/insane/common_voice_en_693002.opus,insane
./data/macroset/en/clips/insane/common_voice_en_20047970.opus,insane
./data/macroset/en/clips/insane/common_voice_en_18003612.opus,insane
./data/macroset/en/clips/catherine/common_voice_en_177217.opus,catherine
./data/macroset/en/clips/catherine/common_voice_en_502316.opus,catherine
./data/macroset/en/clips/catherine/common_voice_en_686401.opus,catherine
./data/macroset/en/clips/catherine/common_voice_en_17271816.opus,catherine
./data/macroset/en/clips/catherine/common_voice_en_39389.opus,catherine
./data/macroset/en/clips/oral/common_voice_en_21388043.opus,oral
./data/macroset/en/clips/oral/common_voice_en_19609074.opus,oral
./data/macroset/en/clips/oral/common_voice_en_20795019.opus,oral
./data/macroset/en/clips/oral/common_voice_en_19973363.opus,oral
./data/macroset/en/clips/oral/common_voice_en_18908155.opus,oral
./data/macroset/en/clips/becoming/common_voice_en_21750911.opus,becoming
./data/macroset/en/clips/becoming/common_voice_en_18971357.opus,becoming
./data/macroset/en/clips/becoming/common_voice_en_22164357.opus,becoming
./data/macroset/en/clips/becoming/common_voice_en_56324.opus,becoming
./data/macroset/en/clips/becoming/common_voice_en_19473298.opus,becoming
./data/macroset/en/clips/northeast/common_voice_en_21850293.opus,northeast
./data/macroset/en/clips/northeast/common_voice_en_18968638.opus,northeast
./data/macroset/en/clips/northeast/common_voice_en_21759029.opus,northeast
./data/macroset/en/clips/northeast/common_voice_en_21543297.opus,northeast
./data/macroset/en/clips/northeast/common_voice_en_20460973.opus,northeast
./data/macroset/en/clips/bathtub/common_voice_en_614070.opus,bathtub
./data/macroset/en/clips/bathtub/common_voice_en_502321.opus,bathtub
./data/macroset/en/clips/bathtub/common_voice_en_19671338.opus,bathtub
./data/macroset/en/clips/bathtub/common_voice_en_499003.opus,bathtub
./data/macroset/en/clips/bathtub/common_voice_en_54868.opus,bathtub
./data/macroset/en/clips/imports/common_voice_en_18963038.opus,imports
./data/macroset/en/clips/imports/common_voice_en_20974434.opus,imports
./data/macroset/en/clips/imports/common_voice_en_243857.opus,imports
./data/macroset/en/clips/imports/common_voice_en_582926.opus,imports
./data/macroset/en/clips/imports/common_voice_en_187784.opus,imports
./data/macroset/en/clips/required/common_voice_en_20856133.opus,required
./data/macroset/en/clips/required/common_voice_en_546862.opus,required
./data/macroset/en/clips/required/common_voice_en_89536.opus,required
./data/macroset/en/clips/required/common_voice_en_22344169.opus,required
./data/macroset/en/clips/required/common_voice_en_22350257.opus,required
./data/macroset/en/clips/bye/common_voice_en_21659.opus,bye
./data/macroset/en/clips/bye/common_voice_en_632553.opus,bye
./data/macroset/en/clips/bye/common_voice_en_18511315__2.opus,bye
./data/macroset/en/clips/bye/common_voice_en_627474.opus,bye
./data/macroset/en/clips/bye/common_voice_en_683466.opus,bye
./data/macroset/en/clips/sets/common_voice_en_20460323.opus,sets
./data/macroset/en/clips/sets/common_voice_en_18839680.opus,sets
./data/macroset/en/clips/sets/common_voice_en_17849263.opus,sets
./data/macroset/en/clips/sets/common_voice_en_20670305.opus,sets
./data/macroset/en/clips/sets/common_voice_en_19817497.opus,sets
./data/macroset/en/clips/secure/common_voice_en_22176423.opus,secure
./data/macroset/en/clips/secure/common_voice_en_20087498.opus,secure
./data/macroset/en/clips/secure/common_voice_en_199760.opus,secure
./data/macroset/en/clips/secure/common_voice_en_19532092.opus,secure
./data/macroset/en/clips/secure/common_voice_en_19036613.opus,secure
./data/macroset/en/clips/gross/common_voice_en_19951114.opus,gross
./data/macroset/en/clips/gross/common_voice_en_20905980__2.opus,gross
./data/macroset/en/clips/gross/common_voice_en_19739466.opus,gross
./data/macroset/en/clips/gross/common_voice_en_20110006.opus,gross
./data/macroset/en/clips/gross/common_voice_en_20522448.opus,gross
./data/macroset/en/clips/adequate/common_voice_en_22180516.opus,adequate
./data/macroset/en/clips/adequate/common_voice_en_20260922.opus,adequate
./data/macroset/en/clips/adequate/common_voice_en_19130218.opus,adequate
./data/macroset/en/clips/adequate/common_voice_en_18435647.opus,adequate
./data/macroset/en/clips/adequate/common_voice_en_19665665.opus,adequate
./data/macroset/en/clips/stand/common_voice_en_19296836.opus,stand
./data/macroset/en/clips/stand/common_voice_en_573245.opus,stand
./data/macroset/en/clips/stand/common_voice_en_116777.opus,stand
./data/macroset/en/clips/stand/common_voice_en_19667857.opus,stand
./data/macroset/en/clips/stand/common_voice_en_56581.opus,stand
./data/macroset/en/clips/unscrewing/common_voice_en_56530.opus,unscrewing
./data/macroset/en/clips/unscrewing/common_voice_en_623832.opus,unscrewing
./data/macroset/en/clips/unscrewing/common_voice_en_636981.opus,unscrewing
./data/macroset/en/clips/unscrewing/common_voice_en_216782.opus,unscrewing
./data/macroset/en/clips/unscrewing/common_voice_en_622197.opus,unscrewing
./data/macroset/en/clips/profit/common_voice_en_17283626.opus,profit
./data/macroset/en/clips/profit/common_voice_en_18717314.opus,profit
./data/macroset/en/clips/profit/common_voice_en_17672160.opus,profit
./data/macroset/en/clips/profit/common_voice_en_21386524.opus,profit
./data/macroset/en/clips/profit/common_voice_en_18149902.opus,profit
./data/macroset/en/clips/pastry/common_voice_en_481271.opus,pastry
./data/macroset/en/clips/pastry/common_voice_en_91647.opus,pastry
./data/macroset/en/clips/pastry/common_voice_en_689884.opus,pastry
./data/macroset/en/clips/pastry/common_voice_en_664986.opus,pastry
./data/macroset/en/clips/pastry/common_voice_en_22113474.opus,pastry
./data/macroset/en/clips/patch/common_voice_en_18152779.opus,patch
./data/macroset/en/clips/patch/common_voice_en_17852657.opus,patch
./data/macroset/en/clips/patch/common_voice_en_19737092.opus,patch
./data/macroset/en/clips/patch/common_voice_en_501913.opus,patch
./data/macroset/en/clips/patch/common_voice_en_18058871.opus,patch
./data/macroset/en/clips/tag/common_voice_en_20457548.opus,tag
./data/macroset/en/clips/tag/common_voice_en_78117.opus,tag
./data/macroset/en/clips/tag/common_voice_en_21342526.opus,tag
./data/macroset/en/clips/tag/common_voice_en_671813.opus,tag
./data/macroset/en/clips/tag/common_voice_en_21411188.opus,tag
./data/macroset/en/clips/hackneyed/common_voice_en_17408366.opus,hackneyed
./data/macroset/en/clips/hackneyed/common_voice_en_18152373.opus,hackneyed
./data/macroset/en/clips/hackneyed/common_voice_en_17444574.opus,hackneyed
./data/macroset/en/clips/hackneyed/common_voice_en_17328915.opus,hackneyed
./data/macroset/en/clips/hackneyed/common_voice_en_17390655.opus,hackneyed
./data/macroset/en/clips/montreal/common_voice_en_19722893.opus,montreal
./data/macroset/en/clips/montreal/common_voice_en_19832571.opus,montreal
./data/macroset/en/clips/montreal/common_voice_en_22400556.opus,montreal
./data/macroset/en/clips/montreal/common_voice_en_21380268.opus,montreal
./data/macroset/en/clips/montreal/common_voice_en_19500526.opus,montreal
./data/macroset/en/clips/meditation/common_voice_en_20400153.opus,meditation
./data/macroset/en/clips/meditation/common_voice_en_19640220__2.opus,meditation
./data/macroset/en/clips/meditation/common_voice_en_599893.opus,meditation
./data/macroset/en/clips/meditation/common_voice_en_18301220.opus,meditation
./data/macroset/en/clips/meditation/common_voice_en_89436.opus,meditation
./data/macroset/en/clips/demonstrating/common_voice_en_624543.opus,demonstrating
./data/macroset/en/clips/demonstrating/common_voice_en_564959.opus,demonstrating
./data/macroset/en/clips/demonstrating/common_voice_en_18524759.opus,demonstrating
./data/macroset/en/clips/demonstrating/common_voice_en_649088.opus,demonstrating
./data/macroset/en/clips/demonstrating/common_voice_en_572179.opus,demonstrating
./data/macroset/en/clips/tilted/common_voice_en_17373445.opus,tilted
./data/macroset/en/clips/tilted/common_voice_en_174535.opus,tilted
./data/macroset/en/clips/tilted/common_voice_en_18817718.opus,tilted
./data/macroset/en/clips/tilted/common_voice_en_18136320.opus,tilted
./data/macroset/en/clips/tilted/common_voice_en_17562454.opus,tilted
./data/macroset/en/clips/eighteen/common_voice_en_18315604.opus,eighteen
./data/macroset/en/clips/eighteen/common_voice_en_654169.opus,eighteen
./data/macroset/en/clips/eighteen/common_voice_en_18420012.opus,eighteen
./data/macroset/en/clips/eighteen/common_voice_en_18547692.opus,eighteen
./data/macroset/en/clips/eighteen/common_voice_en_18341268.opus,eighteen
./data/macroset/en/clips/patio/common_voice_en_18147973.opus,patio
./data/macroset/en/clips/patio/common_voice_en_17787317.opus,patio
./data/macroset/en/clips/patio/common_voice_en_17863961.opus,patio
./data/macroset/en/clips/patio/common_voice_en_20933487.opus,patio
./data/macroset/en/clips/patio/common_voice_en_17851695.opus,patio
./data/macroset/en/clips/score/common_voice_en_22273452.opus,score
./data/macroset/en/clips/score/common_voice_en_17372116.opus,score
./data/macroset/en/clips/score/common_voice_en_17802189.opus,score
./data/macroset/en/clips/score/common_voice_en_19093020.opus,score
./data/macroset/en/clips/score/common_voice_en_247348.opus,score
./data/macroset/en/clips/regulation/common_voice_en_21798214.opus,regulation
./data/macroset/en/clips/regulation/common_voice_en_21686760.opus,regulation
./data/macroset/en/clips/regulation/common_voice_en_22204006.opus,regulation
./data/macroset/en/clips/regulation/common_voice_en_22061446.opus,regulation
./data/macroset/en/clips/regulation/common_voice_en_20025510.opus,regulation
./data/macroset/en/clips/angeles/common_voice_en_19689829.opus,angeles
./data/macroset/en/clips/angeles/common_voice_en_21954352.opus,angeles
./data/macroset/en/clips/angeles/common_voice_en_20069462.opus,angeles
./data/macroset/en/clips/angeles/common_voice_en_21892667__2.opus,angeles
./data/macroset/en/clips/angeles/common_voice_en_20787129.opus,angeles
./data/macroset/en/clips/karate/common_voice_en_639219.opus,karate
./data/macroset/en/clips/karate/common_voice_en_18246763.opus,karate
./data/macroset/en/clips/karate/common_voice_en_648068.opus,karate
./data/macroset/en/clips/karate/common_voice_en_510523.opus,karate
./data/macroset/en/clips/karate/common_voice_en_421373.opus,karate
./data/macroset/en/clips/abstract/common_voice_en_19019504.opus,abstract
./data/macroset/en/clips/abstract/common_voice_en_22350400.opus,abstract
./data/macroset/en/clips/abstract/common_voice_en_20315469.opus,abstract
./data/macroset/en/clips/abstract/common_voice_en_19865468.opus,abstract
./data/macroset/en/clips/abstract/common_voice_en_18717765.opus,abstract
./data/macroset/en/clips/ricardo/common_voice_en_18594974.opus,ricardo
./data/macroset/en/clips/ricardo/common_voice_en_18544121.opus,ricardo
./data/macroset/en/clips/ricardo/common_voice_en_18543214.opus,ricardo
./data/macroset/en/clips/ricardo/common_voice_en_18616804.opus,ricardo
./data/macroset/en/clips/ricardo/common_voice_en_18581284.opus,ricardo
./data/macroset/en/clips/created/common_voice_en_19821970.opus,created
./data/macroset/en/clips/created/common_voice_en_20260996.opus,created
./data/macroset/en/clips/created/common_voice_en_29808.opus,created
./data/macroset/en/clips/created/common_voice_en_20413828.opus,created
./data/macroset/en/clips/created/common_voice_en_20777206.opus,created
./data/macroset/en/clips/ribbon/common_voice_en_142369.opus,ribbon
./data/macroset/en/clips/ribbon/common_voice_en_19700369__2.opus,ribbon
./data/macroset/en/clips/ribbon/common_voice_en_22470773.opus,ribbon
./data/macroset/en/clips/ribbon/common_voice_en_20250251.opus,ribbon
./data/macroset/en/clips/ribbon/common_voice_en_20586822.opus,ribbon
./data/macroset/en/clips/space/common_voice_en_17989461.opus,space
./data/macroset/en/clips/space/common_voice_en_18060143.opus,space
./data/macroset/en/clips/space/common_voice_en_660674.opus,space
./data/macroset/en/clips/space/common_voice_en_22173393.opus,space
./data/macroset/en/clips/space/common_voice_en_22287.opus,space
./data/macroset/en/clips/brilliantly/common_voice_en_513227.opus,brilliantly
./data/macroset/en/clips/brilliantly/common_voice_en_174591.opus,brilliantly
./data/macroset/en/clips/brilliantly/common_voice_en_667478.opus,brilliantly
./data/macroset/en/clips/brilliantly/common_voice_en_477189.opus,brilliantly
./data/macroset/en/clips/brilliantly/common_voice_en_646194.opus,brilliantly
./data/macroset/en/clips/satan/common_voice_en_50081.opus,satan
./data/macroset/en/clips/satan/common_voice_en_17924849.opus,satan
./data/macroset/en/clips/satan/common_voice_en_17263212.opus,satan
./data/macroset/en/clips/satan/common_voice_en_188304.opus,satan
./data/macroset/en/clips/satan/common_voice_en_17329477.opus,satan
./data/macroset/en/clips/raymond/common_voice_en_17347096.opus,raymond
./data/macroset/en/clips/raymond/common_voice_en_21456612.opus,raymond
./data/macroset/en/clips/raymond/common_voice_en_20254773.opus,raymond
./data/macroset/en/clips/raymond/common_voice_en_17387663.opus,raymond
./data/macroset/en/clips/raymond/common_voice_en_17809354.opus,raymond
./data/macroset/en/clips/esteem/common_voice_en_21254240.opus,esteem
./data/macroset/en/clips/esteem/common_voice_en_20018312.opus,esteem
./data/macroset/en/clips/esteem/common_voice_en_648246.opus,esteem
./data/macroset/en/clips/esteem/common_voice_en_18100800.opus,esteem
./data/macroset/en/clips/esteem/common_voice_en_662024.opus,esteem
./data/macroset/en/clips/birch/common_voice_en_529725.opus,birch
./data/macroset/en/clips/birch/common_voice_en_19989349.opus,birch
./data/macroset/en/clips/birch/common_voice_en_617184.opus,birch
./data/macroset/en/clips/birch/common_voice_en_299580.opus,birch
./data/macroset/en/clips/birch/common_voice_en_555501.opus,birch
./data/macroset/en/clips/surveyor/common_voice_en_21936348.opus,surveyor
./data/macroset/en/clips/surveyor/common_voice_en_18633864.opus,surveyor
./data/macroset/en/clips/surveyor/common_voice_en_21048606.opus,surveyor
./data/macroset/en/clips/surveyor/common_voice_en_20988248.opus,surveyor
./data/macroset/en/clips/surveyor/common_voice_en_21877303.opus,surveyor
./data/macroset/en/clips/gussie/common_voice_en_18412731.opus,gussie
./data/macroset/en/clips/gussie/common_voice_en_18411039.opus,gussie
./data/macroset/en/clips/gussie/common_voice_en_18500332.opus,gussie
./data/macroset/en/clips/gussie/common_voice_en_18522721.opus,gussie
./data/macroset/en/clips/gussie/common_voice_en_18667792.opus,gussie
./data/macroset/en/clips/jetting/common_voice_en_550061.opus,jetting
./data/macroset/en/clips/jetting/common_voice_en_151820.opus,jetting
./data/macroset/en/clips/jetting/common_voice_en_699306.opus,jetting
./data/macroset/en/clips/jetting/common_voice_en_550176.opus,jetting
./data/macroset/en/clips/jetting/common_voice_en_491170.opus,jetting
./data/macroset/en/clips/jessie/common_voice_en_60196.opus,jessie
./data/macroset/en/clips/jessie/common_voice_en_637406.opus,jessie
./data/macroset/en/clips/jessie/common_voice_en_18833127.opus,jessie
./data/macroset/en/clips/jessie/common_voice_en_644976.opus,jessie
./data/macroset/en/clips/jessie/common_voice_en_54183.opus,jessie
./data/macroset/en/clips/monroe/common_voice_en_19231920.opus,monroe
./data/macroset/en/clips/monroe/common_voice_en_18767217.opus,monroe
./data/macroset/en/clips/monroe/common_voice_en_19141935.opus,monroe
./data/macroset/en/clips/monroe/common_voice_en_20878046.opus,monroe
./data/macroset/en/clips/monroe/common_voice_en_20323599.opus,monroe
./data/macroset/en/clips/smell/common_voice_en_18332538.opus,smell
./data/macroset/en/clips/smell/common_voice_en_221036.opus,smell
./data/macroset/en/clips/smell/common_voice_en_19026291.opus,smell
./data/macroset/en/clips/smell/common_voice_en_20867154.opus,smell
./data/macroset/en/clips/smell/common_voice_en_523460.opus,smell
./data/macroset/en/clips/nor/common_voice_en_18865242.opus,nor
./data/macroset/en/clips/nor/common_voice_en_689233.opus,nor
./data/macroset/en/clips/nor/common_voice_en_592470.opus,nor
./data/macroset/en/clips/nor/common_voice_en_19368556.opus,nor
./data/macroset/en/clips/nor/common_voice_en_18836263.opus,nor
./data/macroset/en/clips/soul/common_voice_en_634734.opus,soul
./data/macroset/en/clips/soul/common_voice_en_511517.opus,soul
./data/macroset/en/clips/soul/common_voice_en_524847.opus,soul
./data/macroset/en/clips/soul/common_voice_en_531965.opus,soul
./data/macroset/en/clips/soul/common_voice_en_693714.opus,soul
./data/macroset/en/clips/gear/common_voice_en_23466.opus,gear
./data/macroset/en/clips/gear/common_voice_en_19798366.opus,gear
./data/macroset/en/clips/gear/common_voice_en_79606.opus,gear
./data/macroset/en/clips/gear/common_voice_en_21670081.opus,gear
./data/macroset/en/clips/gear/common_voice_en_19543788.opus,gear
./data/macroset/en/clips/commander/common_voice_en_19268200.opus,commander
./data/macroset/en/clips/commander/common_voice_en_21806850.opus,commander
./data/macroset/en/clips/commander/common_voice_en_650047.opus,commander
./data/macroset/en/clips/commander/common_voice_en_19768831.opus,commander
./data/macroset/en/clips/commander/common_voice_en_608709.opus,commander
./data/macroset/en/clips/interim/common_voice_en_19684447.opus,interim
./data/macroset/en/clips/interim/common_voice_en_21957573.opus,interim
./data/macroset/en/clips/interim/common_voice_en_19172759.opus,interim
./data/macroset/en/clips/interim/common_voice_en_21786096.opus,interim
./data/macroset/en/clips/interim/common_voice_en_21905919.opus,interim
./data/macroset/en/clips/geology/common_voice_en_20290504.opus,geology
./data/macroset/en/clips/geology/common_voice_en_21368205.opus,geology
./data/macroset/en/clips/geology/common_voice_en_17928315.opus,geology
./data/macroset/en/clips/geology/common_voice_en_21542725.opus,geology
./data/macroset/en/clips/geology/common_voice_en_18011634.opus,geology
./data/macroset/en/clips/hollered/common_voice_en_18057870.opus,hollered
./data/macroset/en/clips/hollered/common_voice_en_535004.opus,hollered
./data/macroset/en/clips/hollered/common_voice_en_17268715.opus,hollered
./data/macroset/en/clips/hollered/common_voice_en_467575.opus,hollered
./data/macroset/en/clips/hollered/common_voice_en_17377965.opus,hollered
./data/macroset/en/clips/inquiry/common_voice_en_21681049.opus,inquiry
./data/macroset/en/clips/inquiry/common_voice_en_21312529.opus,inquiry
./data/macroset/en/clips/inquiry/common_voice_en_19222955.opus,inquiry
./data/macroset/en/clips/inquiry/common_voice_en_21367792.opus,inquiry
./data/macroset/en/clips/inquiry/common_voice_en_19009137.opus,inquiry
./data/macroset/en/clips/buns/common_voice_en_18285871.opus,buns
./data/macroset/en/clips/buns/common_voice_en_18601183.opus,buns
./data/macroset/en/clips/buns/common_voice_en_200759.opus,buns
./data/macroset/en/clips/buns/common_voice_en_242202.opus,buns
./data/macroset/en/clips/buns/common_voice_en_18161810.opus,buns
./data/macroset/en/clips/darth/common_voice_en_85256.opus,darth
./data/macroset/en/clips/darth/common_voice_en_15904813.opus,darth
./data/macroset/en/clips/darth/common_voice_en_15735289.opus,darth
./data/macroset/en/clips/darth/common_voice_en_46353.opus,darth
./data/macroset/en/clips/darth/common_voice_en_171292.opus,darth
./data/macroset/en/clips/pounced/common_voice_en_17376459.opus,pounced
./data/macroset/en/clips/pounced/common_voice_en_17252236.opus,pounced
./data/macroset/en/clips/pounced/common_voice_en_428104.opus,pounced
./data/macroset/en/clips/pounced/common_voice_en_17256704.opus,pounced
./data/macroset/en/clips/pounced/common_voice_en_18162998.opus,pounced
./data/macroset/en/clips/stretched/common_voice_en_20348095.opus,stretched
./data/macroset/en/clips/stretched/common_voice_en_572265.opus,stretched
./data/macroset/en/clips/stretched/common_voice_en_19244402.opus,stretched
./data/macroset/en/clips/stretched/common_voice_en_325788.opus,stretched
./data/macroset/en/clips/stretched/common_voice_en_584842.opus,stretched
./data/macroset/en/clips/erased/common_voice_en_10208755.opus,erased
./data/macroset/en/clips/erased/common_voice_en_611033.opus,erased
./data/macroset/en/clips/erased/common_voice_en_220564.opus,erased
./data/macroset/en/clips/erased/common_voice_en_18429153.opus,erased
./data/macroset/en/clips/erased/common_voice_en_18413933.opus,erased
./data/macroset/en/clips/ethics/common_voice_en_18528551.opus,ethics
./data/macroset/en/clips/ethics/common_voice_en_589952.opus,ethics
./data/macroset/en/clips/ethics/common_voice_en_18419304.opus,ethics
./data/macroset/en/clips/ethics/common_voice_en_18658126.opus,ethics
./data/macroset/en/clips/ethics/common_voice_en_21380862.opus,ethics
./data/macroset/en/clips/scissors/common_voice_en_671814.opus,scissors
./data/macroset/en/clips/scissors/common_voice_en_18491982.opus,scissors
./data/macroset/en/clips/scissors/common_voice_en_511123.opus,scissors
./data/macroset/en/clips/scissors/common_voice_en_19597383.opus,scissors
./data/macroset/en/clips/scissors/common_voice_en_656183.opus,scissors
./data/macroset/en/clips/rush/common_voice_en_20150698.opus,rush
./data/macroset/en/clips/rush/common_voice_en_621162.opus,rush
./data/macroset/en/clips/rush/common_voice_en_18575181.opus,rush
./data/macroset/en/clips/rush/common_voice_en_18125709.opus,rush
./data/macroset/en/clips/rush/common_voice_en_19475236.opus,rush
./data/macroset/en/clips/pierre/common_voice_en_18444138.opus,pierre
./data/macroset/en/clips/pierre/common_voice_en_20321957.opus,pierre
./data/macroset/en/clips/pierre/common_voice_en_515240.opus,pierre
./data/macroset/en/clips/pierre/common_voice_en_21764675.opus,pierre
./data/macroset/en/clips/pierre/common_voice_en_18444052.opus,pierre
./data/macroset/en/clips/fall/common_voice_en_9587.opus,fall
./data/macroset/en/clips/fall/common_voice_en_193622.opus,fall
./data/macroset/en/clips/fall/common_voice_en_19660.opus,fall
./data/macroset/en/clips/fall/common_voice_en_20327487.opus,fall
./data/macroset/en/clips/fall/common_voice_en_21692485.opus,fall
./data/macroset/en/clips/lemon/common_voice_en_4290228.opus,lemon
./data/macroset/en/clips/lemon/common_voice_en_17285454.opus,lemon
./data/macroset/en/clips/lemon/common_voice_en_17754817.opus,lemon
./data/macroset/en/clips/lemon/common_voice_en_423862.opus,lemon
./data/macroset/en/clips/lemon/common_voice_en_20215500.opus,lemon
./data/macroset/en/clips/jerk/common_voice_en_18130323.opus,jerk
./data/macroset/en/clips/jerk/common_voice_en_2202892.opus,jerk
./data/macroset/en/clips/jerk/common_voice_en_561208.opus,jerk
./data/macroset/en/clips/jerk/common_voice_en_17252582.opus,jerk
./data/macroset/en/clips/jerk/common_voice_en_569479.opus,jerk
./data/macroset/en/clips/hunting/common_voice_en_19168355.opus,hunting
./data/macroset/en/clips/hunting/common_voice_en_61023.opus,hunting
./data/macroset/en/clips/hunting/common_voice_en_17286160.opus,hunting
./data/macroset/en/clips/hunting/common_voice_en_19555395.opus,hunting
./data/macroset/en/clips/hunting/common_voice_en_21783210.opus,hunting
./data/macroset/en/clips/encourage/common_voice_en_19368376.opus,encourage
./data/macroset/en/clips/encourage/common_voice_en_19403389.opus,encourage
./data/macroset/en/clips/encourage/common_voice_en_490018.opus,encourage
./data/macroset/en/clips/encourage/common_voice_en_18331035.opus,encourage
./data/macroset/en/clips/encourage/common_voice_en_19607331.opus,encourage
./data/macroset/en/clips/consensus/common_voice_en_19831657.opus,consensus
./data/macroset/en/clips/consensus/common_voice_en_18724434.opus,consensus
./data/macroset/en/clips/consensus/common_voice_en_20495963.opus,consensus
./data/macroset/en/clips/consensus/common_voice_en_18717946.opus,consensus
./data/macroset/en/clips/consensus/common_voice_en_21312317.opus,consensus
./data/macroset/en/clips/surrendered/common_voice_en_22324256.opus,surrendered
./data/macroset/en/clips/surrendered/common_voice_en_19536786.opus,surrendered
./data/macroset/en/clips/surrendered/common_voice_en_20882803.opus,surrendered
./data/macroset/en/clips/surrendered/common_voice_en_18852962.opus,surrendered
./data/macroset/en/clips/surrendered/common_voice_en_20727902.opus,surrendered
./data/macroset/en/clips/popping/common_voice_en_153080.opus,popping
./data/macroset/en/clips/popping/common_voice_en_94129.opus,popping
./data/macroset/en/clips/popping/common_voice_en_481968.opus,popping
./data/macroset/en/clips/popping/common_voice_en_41935.opus,popping
./data/macroset/en/clips/popping/common_voice_en_700669.opus,popping
./data/macroset/en/clips/diagnosed/common_voice_en_20964027.opus,diagnosed
./data/macroset/en/clips/diagnosed/common_voice_en_22363697.opus,diagnosed
./data/macroset/en/clips/diagnosed/common_voice_en_19497353.opus,diagnosed
./data/macroset/en/clips/diagnosed/common_voice_en_20871607.opus,diagnosed
./data/macroset/en/clips/diagnosed/common_voice_en_20135707.opus,diagnosed
./data/macroset/en/clips/noxious/common_voice_en_17245802.opus,noxious
./data/macroset/en/clips/noxious/common_voice_en_435585.opus,noxious
./data/macroset/en/clips/noxious/common_voice_en_683636.opus,noxious
./data/macroset/en/clips/noxious/common_voice_en_304930.opus,noxious
./data/macroset/en/clips/noxious/common_voice_en_544470.opus,noxious
./data/macroset/en/clips/henderson/common_voice_en_540937.opus,henderson
./data/macroset/en/clips/henderson/common_voice_en_557420.opus,henderson
./data/macroset/en/clips/henderson/common_voice_en_563988.opus,henderson
./data/macroset/en/clips/henderson/common_voice_en_80917.opus,henderson
./data/macroset/en/clips/henderson/common_voice_en_45786.opus,henderson
./data/macroset/en/clips/racket/common_voice_en_18461458.opus,racket
./data/macroset/en/clips/racket/common_voice_en_649964.opus,racket
./data/macroset/en/clips/racket/common_voice_en_677599.opus,racket
./data/macroset/en/clips/racket/common_voice_en_60406.opus,racket
./data/macroset/en/clips/racket/common_voice_en_684243.opus,racket
./data/macroset/en/clips/judged/common_voice_en_19974086.opus,judged
./data/macroset/en/clips/judged/common_voice_en_19673640.opus,judged
./data/macroset/en/clips/judged/common_voice_en_20306113.opus,judged
./data/macroset/en/clips/judged/common_voice_en_21384964.opus,judged
./data/macroset/en/clips/judged/common_voice_en_21886394.opus,judged
./data/macroset/en/clips/plodded/common_voice_en_18442097.opus,plodded
./data/macroset/en/clips/plodded/common_voice_en_18500275.opus,plodded
./data/macroset/en/clips/plodded/common_voice_en_464607.opus,plodded
./data/macroset/en/clips/plodded/common_voice_en_8151.opus,plodded
./data/macroset/en/clips/plodded/common_voice_en_25554.opus,plodded
./data/macroset/en/clips/caps/common_voice_en_22151450.opus,caps
./data/macroset/en/clips/caps/common_voice_en_18974175.opus,caps
./data/macroset/en/clips/caps/common_voice_en_20244533.opus,caps
./data/macroset/en/clips/caps/common_voice_en_19685626.opus,caps
./data/macroset/en/clips/caps/common_voice_en_19099889.opus,caps
./data/macroset/en/clips/pasadena/common_voice_en_19979728.opus,pasadena
./data/macroset/en/clips/pasadena/common_voice_en_502932.opus,pasadena
./data/macroset/en/clips/pasadena/common_voice_en_19344272.opus,pasadena
./data/macroset/en/clips/pasadena/common_voice_en_19565945.opus,pasadena
./data/macroset/en/clips/pasadena/common_voice_en_21020402.opus,pasadena
./data/macroset/en/clips/hispanic/common_voice_en_19861376.opus,hispanic
./data/macroset/en/clips/hispanic/common_voice_en_20008967.opus,hispanic
./data/macroset/en/clips/hispanic/common_voice_en_19727811.opus,hispanic
./data/macroset/en/clips/hispanic/common_voice_en_18323112.opus,hispanic
./data/macroset/en/clips/hispanic/common_voice_en_19312779.opus,hispanic
./data/macroset/en/clips/possibly/common_voice_en_18416069.opus,possibly
./data/macroset/en/clips/possibly/common_voice_en_18418649.opus,possibly
./data/macroset/en/clips/possibly/common_voice_en_21709724.opus,possibly
./data/macroset/en/clips/possibly/common_voice_en_21146373.opus,possibly
./data/macroset/en/clips/possibly/common_voice_en_37412.opus,possibly
./data/macroset/en/clips/armstrong/common_voice_en_19813524.opus,armstrong
./data/macroset/en/clips/armstrong/common_voice_en_20871680.opus,armstrong
./data/macroset/en/clips/armstrong/common_voice_en_450735.opus,armstrong
./data/macroset/en/clips/armstrong/common_voice_en_22331422.opus,armstrong
./data/macroset/en/clips/armstrong/common_voice_en_20342477.opus,armstrong
./data/macroset/en/clips/anthem/common_voice_en_22193201.opus,anthem
./data/macroset/en/clips/anthem/common_voice_en_17371701.opus,anthem
./data/macroset/en/clips/anthem/common_voice_en_21184919.opus,anthem
./data/macroset/en/clips/anthem/common_voice_en_18842151.opus,anthem
./data/macroset/en/clips/anthem/common_voice_en_17881562.opus,anthem
./data/macroset/en/clips/altogether/common_voice_en_18566893.opus,altogether
./data/macroset/en/clips/altogether/common_voice_en_20581953.opus,altogether
./data/macroset/en/clips/altogether/common_voice_en_19025757.opus,altogether
./data/macroset/en/clips/altogether/common_voice_en_20976387.opus,altogether
./data/macroset/en/clips/altogether/common_voice_en_20048374.opus,altogether
./data/macroset/en/clips/harassment/common_voice_en_678928.opus,harassment
./data/macroset/en/clips/harassment/common_voice_en_22156374.opus,harassment
./data/macroset/en/clips/harassment/common_voice_en_21997927.opus,harassment
./data/macroset/en/clips/harassment/common_voice_en_421589.opus,harassment
./data/macroset/en/clips/harassment/common_voice_en_17389716.opus,harassment
./data/macroset/en/clips/sectors/common_voice_en_19436914.opus,sectors
./data/macroset/en/clips/sectors/common_voice_en_19511397.opus,sectors
./data/macroset/en/clips/sectors/common_voice_en_19311540.opus,sectors
./data/macroset/en/clips/sectors/common_voice_en_22420482.opus,sectors
./data/macroset/en/clips/sectors/common_voice_en_19364107.opus,sectors
./data/macroset/en/clips/identifier/common_voice_en_676808.opus,identifier
./data/macroset/en/clips/identifier/common_voice_en_17844085.opus,identifier
./data/macroset/en/clips/identifier/common_voice_en_1575.opus,identifier
./data/macroset/en/clips/identifier/common_voice_en_20048514.opus,identifier
./data/macroset/en/clips/identifier/common_voice_en_673768.opus,identifier
./data/macroset/en/clips/compact/common_voice_en_20706030.opus,compact
./data/macroset/en/clips/compact/common_voice_en_20636187.opus,compact
./data/macroset/en/clips/compact/common_voice_en_20433310.opus,compact
./data/macroset/en/clips/compact/common_voice_en_19410531.opus,compact
./data/macroset/en/clips/compact/common_voice_en_21376252.opus,compact
./data/macroset/en/clips/largest/common_voice_en_21821522.opus,largest
./data/macroset/en/clips/largest/common_voice_en_20296711.opus,largest
./data/macroset/en/clips/largest/common_voice_en_20513256.opus,largest
./data/macroset/en/clips/largest/common_voice_en_19051568.opus,largest
./data/macroset/en/clips/largest/common_voice_en_21106541.opus,largest
./data/macroset/en/clips/formations/common_voice_en_21644384.opus,formations
./data/macroset/en/clips/formations/common_voice_en_19675247.opus,formations
./data/macroset/en/clips/formations/common_voice_en_20675164.opus,formations
./data/macroset/en/clips/formations/common_voice_en_20533104.opus,formations
./data/macroset/en/clips/formations/common_voice_en_18954845.opus,formations
./data/macroset/en/clips/hot/common_voice_en_428069.opus,hot
./data/macroset/en/clips/hot/common_voice_en_472709.opus,hot
./data/macroset/en/clips/hot/common_voice_en_18095373.opus,hot
./data/macroset/en/clips/hot/common_voice_en_102181.opus,hot
./data/macroset/en/clips/hot/common_voice_en_17863885.opus,hot
./data/macroset/en/clips/senator/common_voice_en_19596063.opus,senator
./data/macroset/en/clips/senator/common_voice_en_20658907.opus,senator
./data/macroset/en/clips/senator/common_voice_en_20248097.opus,senator
./data/macroset/en/clips/senator/common_voice_en_21411164.opus,senator
./data/macroset/en/clips/senator/common_voice_en_20162895.opus,senator
./data/macroset/en/clips/liking/common_voice_en_574680.opus,liking
./data/macroset/en/clips/liking/common_voice_en_29614.opus,liking
./data/macroset/en/clips/liking/common_voice_en_148640.opus,liking
./data/macroset/en/clips/liking/common_voice_en_98876.opus,liking
./data/macroset/en/clips/liking/common_voice_en_21250544.opus,liking
./data/macroset/en/clips/done/common_voice_en_630581.opus,done
./data/macroset/en/clips/done/common_voice_en_612562.opus,done
./data/macroset/en/clips/done/common_voice_en_20179889.opus,done
./data/macroset/en/clips/done/common_voice_en_17345237.opus,done
./data/macroset/en/clips/done/common_voice_en_197446__2.opus,done
./data/macroset/en/clips/rapper/common_voice_en_19596547.opus,rapper
./data/macroset/en/clips/rapper/common_voice_en_20232764.opus,rapper
./data/macroset/en/clips/rapper/common_voice_en_21656809.opus,rapper
./data/macroset/en/clips/rapper/common_voice_en_20210844.opus,rapper
./data/macroset/en/clips/rapper/common_voice_en_19695278.opus,rapper
./data/macroset/en/clips/galaxy/common_voice_en_19602015.opus,galaxy
./data/macroset/en/clips/galaxy/common_voice_en_18579802.opus,galaxy
./data/macroset/en/clips/galaxy/common_voice_en_17561862.opus,galaxy
./data/macroset/en/clips/galaxy/common_voice_en_17289557.opus,galaxy
./data/macroset/en/clips/galaxy/common_voice_en_17658794.opus,galaxy
./data/macroset/en/clips/bizarre/common_voice_en_18996990.opus,bizarre
./data/macroset/en/clips/bizarre/common_voice_en_19670761.opus,bizarre
./data/macroset/en/clips/bizarre/common_voice_en_18713384.opus,bizarre
./data/macroset/en/clips/bizarre/common_voice_en_18822748.opus,bizarre
./data/macroset/en/clips/bizarre/common_voice_en_17287740.opus,bizarre
./data/macroset/en/clips/diversion/common_voice_en_22358029.opus,diversion
./data/macroset/en/clips/diversion/common_voice_en_18835168.opus,diversion
./data/macroset/en/clips/diversion/common_voice_en_18486958.opus,diversion
./data/macroset/en/clips/diversion/common_voice_en_19507279.opus,diversion
./data/macroset/en/clips/diversion/common_voice_en_20872030.opus,diversion
./data/macroset/en/clips/peppers/common_voice_en_549851.opus,peppers
./data/macroset/en/clips/peppers/common_voice_en_576841.opus,peppers
./data/macroset/en/clips/peppers/common_voice_en_13940962.opus,peppers
./data/macroset/en/clips/peppers/common_voice_en_536611.opus,peppers
./data/macroset/en/clips/peppers/common_voice_en_21718875.opus,peppers
./data/macroset/en/clips/tackled/common_voice_en_18163748.opus,tackled
./data/macroset/en/clips/tackled/common_voice_en_17875065.opus,tackled
./data/macroset/en/clips/tackled/common_voice_en_545131.opus,tackled
./data/macroset/en/clips/tackled/common_voice_en_17147594.opus,tackled
./data/macroset/en/clips/tackled/common_voice_en_17957431.opus,tackled
./data/macroset/en/clips/weekly/common_voice_en_21906688__2.opus,weekly
./data/macroset/en/clips/weekly/common_voice_en_22307523.opus,weekly
./data/macroset/en/clips/weekly/common_voice_en_19002627.opus,weekly
./data/macroset/en/clips/weekly/common_voice_en_20049594.opus,weekly
./data/macroset/en/clips/weekly/common_voice_en_22324222.opus,weekly
./data/macroset/en/clips/soviet/common_voice_en_19695308.opus,soviet
./data/macroset/en/clips/soviet/common_voice_en_20049764.opus,soviet
./data/macroset/en/clips/soviet/common_voice_en_20683481.opus,soviet
./data/macroset/en/clips/soviet/common_voice_en_19736713.opus,soviet
./data/macroset/en/clips/soviet/common_voice_en_19569648.opus,soviet
./data/macroset/en/clips/appointment/common_voice_en_18416090.opus,appointment
./data/macroset/en/clips/appointment/common_voice_en_21851837.opus,appointment
./data/macroset/en/clips/appointment/common_voice_en_20058582.opus,appointment
./data/macroset/en/clips/appointment/common_voice_en_20833985.opus,appointment
./data/macroset/en/clips/appointment/common_voice_en_18456267.opus,appointment
./data/macroset/en/clips/recognized/common_voice_en_19974981.opus,recognized
./data/macroset/en/clips/recognized/common_voice_en_20513952.opus,recognized
./data/macroset/en/clips/recognized/common_voice_en_19350072.opus,recognized
./data/macroset/en/clips/recognized/common_voice_en_19475202.opus,recognized
./data/macroset/en/clips/recognized/common_voice_en_19529173.opus,recognized
./data/macroset/en/clips/socialist/common_voice_en_19904724.opus,socialist
./data/macroset/en/clips/socialist/common_voice_en_19514394.opus,socialist
./data/macroset/en/clips/socialist/common_voice_en_20543634.opus,socialist
./data/macroset/en/clips/socialist/common_voice_en_22052724.opus,socialist
./data/macroset/en/clips/socialist/common_voice_en_21888186.opus,socialist
./data/macroset/en/clips/departed/common_voice_en_18950096.opus,departed
./data/macroset/en/clips/departed/common_voice_en_19060130.opus,departed
./data/macroset/en/clips/departed/common_voice_en_21329384.opus,departed
./data/macroset/en/clips/departed/common_voice_en_20274730.opus,departed
./data/macroset/en/clips/departed/common_voice_en_19664976.opus,departed
./data/macroset/en/clips/composed/common_voice_en_20159666.opus,composed
./data/macroset/en/clips/composed/common_voice_en_19649775.opus,composed
./data/macroset/en/clips/composed/common_voice_en_19164998.opus,composed
./data/macroset/en/clips/composed/common_voice_en_20841755.opus,composed
./data/macroset/en/clips/composed/common_voice_en_19214826.opus,composed
./data/macroset/en/clips/dickens/common_voice_en_529817.opus,dickens
./data/macroset/en/clips/dickens/common_voice_en_18503913.opus,dickens
./data/macroset/en/clips/dickens/common_voice_en_18459745.opus,dickens
./data/macroset/en/clips/dickens/common_voice_en_18489323.opus,dickens
./data/macroset/en/clips/dickens/common_voice_en_18493299.opus,dickens
./data/macroset/en/clips/patronage/common_voice_en_21312469.opus,patronage
./data/macroset/en/clips/patronage/common_voice_en_20815128.opus,patronage
./data/macroset/en/clips/patronage/common_voice_en_20629180.opus,patronage
./data/macroset/en/clips/patronage/common_voice_en_21798992.opus,patronage
./data/macroset/en/clips/patronage/common_voice_en_22096227.opus,patronage
./data/macroset/en/clips/expects/common_voice_en_17825967.opus,expects
./data/macroset/en/clips/expects/common_voice_en_22066537.opus,expects
./data/macroset/en/clips/expects/common_voice_en_17402925.opus,expects
./data/macroset/en/clips/expects/common_voice_en_18095406.opus,expects
./data/macroset/en/clips/expects/common_voice_en_17788875.opus,expects
./data/macroset/en/clips/christine/common_voice_en_603752.opus,christine
./data/macroset/en/clips/christine/common_voice_en_51380.opus,christine
./data/macroset/en/clips/christine/common_voice_en_20861537.opus,christine
./data/macroset/en/clips/christine/common_voice_en_17869201.opus,christine
./data/macroset/en/clips/christine/common_voice_en_3676233.opus,christine
./data/macroset/en/clips/yanked/common_voice_en_610627.opus,yanked
./data/macroset/en/clips/yanked/common_voice_en_550128.opus,yanked
./data/macroset/en/clips/yanked/common_voice_en_505968.opus,yanked
./data/macroset/en/clips/yanked/common_voice_en_598342.opus,yanked
./data/macroset/en/clips/yanked/common_voice_en_211147.opus,yanked
./data/macroset/en/clips/ritual/common_voice_en_498473.opus,ritual
./data/macroset/en/clips/ritual/common_voice_en_18868788.opus,ritual
./data/macroset/en/clips/ritual/common_voice_en_18925720.opus,ritual
./data/macroset/en/clips/ritual/common_voice_en_512327.opus,ritual
./data/macroset/en/clips/ritual/common_voice_en_22079448.opus,ritual
./data/macroset/en/clips/concourse/common_voice_en_19036399.opus,concourse
./data/macroset/en/clips/concourse/common_voice_en_22462224.opus,concourse
./data/macroset/en/clips/concourse/common_voice_en_17993704.opus,concourse
./data/macroset/en/clips/concourse/common_voice_en_21842192.opus,concourse
./data/macroset/en/clips/concourse/common_voice_en_18070419.opus,concourse
./data/macroset/en/clips/fry/common_voice_en_22310285.opus,fry
./data/macroset/en/clips/fry/common_voice_en_1884862.opus,fry
./data/macroset/en/clips/fry/common_voice_en_22016147.opus,fry
./data/macroset/en/clips/fry/common_voice_en_21255236.opus,fry
./data/macroset/en/clips/fry/common_voice_en_18429212.opus,fry
./data/macroset/en/clips/occurred/common_voice_en_19350237.opus,occurred
./data/macroset/en/clips/occurred/common_voice_en_19013361.opus,occurred
./data/macroset/en/clips/occurred/common_voice_en_18528844.opus,occurred
./data/macroset/en/clips/occurred/common_voice_en_24855.opus,occurred
./data/macroset/en/clips/occurred/common_voice_en_92463.opus,occurred
./data/macroset/en/clips/creative/common_voice_en_20048373.opus,creative
./data/macroset/en/clips/creative/common_voice_en_635556.opus,creative
./data/macroset/en/clips/creative/common_voice_en_497627.opus,creative
./data/macroset/en/clips/creative/common_voice_en_21504418.opus,creative
./data/macroset/en/clips/creative/common_voice_en_637822.opus,creative
./data/macroset/en/clips/technology/common_voice_en_21444924.opus,technology
./data/macroset/en/clips/technology/common_voice_en_22443523.opus,technology
./data/macroset/en/clips/technology/common_voice_en_18787582.opus,technology
./data/macroset/en/clips/technology/common_voice_en_18764543.opus,technology
./data/macroset/en/clips/technology/common_voice_en_18281722.opus,technology
./data/macroset/en/clips/skid/common_voice_en_48404.opus,skid
./data/macroset/en/clips/skid/common_voice_en_18792471.opus,skid
./data/macroset/en/clips/skid/common_voice_en_18163615.opus,skid
./data/macroset/en/clips/skid/common_voice_en_19788952.opus,skid
./data/macroset/en/clips/skid/common_voice_en_583529.opus,skid
./data/macroset/en/clips/shining/common_voice_en_19694025.opus,shining
./data/macroset/en/clips/shining/common_voice_en_29026.opus,shining
./data/macroset/en/clips/shining/common_voice_en_18567782.opus,shining
./data/macroset/en/clips/shining/common_voice_en_20437285.opus,shining
./data/macroset/en/clips/shining/common_voice_en_284601.opus,shining
./data/macroset/en/clips/antonio/common_voice_en_19814804.opus,antonio
./data/macroset/en/clips/antonio/common_voice_en_21015804.opus,antonio
./data/macroset/en/clips/antonio/common_voice_en_19010486.opus,antonio
./data/macroset/en/clips/antonio/common_voice_en_19200850.opus,antonio
./data/macroset/en/clips/antonio/common_voice_en_19429209.opus,antonio
./data/macroset/en/clips/gather/common_voice_en_18161849.opus,gather
./data/macroset/en/clips/gather/common_voice_en_18130222.opus,gather
./data/macroset/en/clips/gather/common_voice_en_19003144.opus,gather
./data/macroset/en/clips/gather/common_voice_en_594592.opus,gather
./data/macroset/en/clips/gather/common_voice_en_18410980.opus,gather
./data/macroset/en/clips/generations/common_voice_en_18722056.opus,generations
./data/macroset/en/clips/generations/common_voice_en_19630344.opus,generations
./data/macroset/en/clips/generations/common_voice_en_22170018.opus,generations
./data/macroset/en/clips/generations/common_voice_en_660173.opus,generations
./data/macroset/en/clips/generations/common_voice_en_19783818.opus,generations
./data/macroset/en/clips/correspond/common_voice_en_19230736.opus,correspond
./data/macroset/en/clips/correspond/common_voice_en_19805136.opus,correspond
./data/macroset/en/clips/correspond/common_voice_en_19412387.opus,correspond
./data/macroset/en/clips/correspond/common_voice_en_20590117.opus,correspond
./data/macroset/en/clips/correspond/common_voice_en_18839553.opus,correspond
./data/macroset/en/clips/olympics/common_voice_en_64714.opus,olympics
./data/macroset/en/clips/olympics/common_voice_en_19583804.opus,olympics
./data/macroset/en/clips/olympics/common_voice_en_176565.opus,olympics
./data/macroset/en/clips/olympics/common_voice_en_613663.opus,olympics
./data/macroset/en/clips/olympics/common_voice_en_17731125.opus,olympics
./data/macroset/en/clips/mistakes/common_voice_en_255611.opus,mistakes
./data/macroset/en/clips/mistakes/common_voice_en_527200.opus,mistakes
./data/macroset/en/clips/mistakes/common_voice_en_18253284.opus,mistakes
./data/macroset/en/clips/mistakes/common_voice_en_683417.opus,mistakes
./data/macroset/en/clips/mistakes/common_voice_en_81566.opus,mistakes
./data/macroset/en/clips/fooling/common_voice_en_181361.opus,fooling
./data/macroset/en/clips/fooling/common_voice_en_588167.opus,fooling
./data/macroset/en/clips/fooling/common_voice_en_661523.opus,fooling
./data/macroset/en/clips/fooling/common_voice_en_70054.opus,fooling
./data/macroset/en/clips/fooling/common_voice_en_661848.opus,fooling
./data/macroset/en/clips/preferred/common_voice_en_541279.opus,preferred
./data/macroset/en/clips/preferred/common_voice_en_4370238.opus,preferred
./data/macroset/en/clips/preferred/common_voice_en_622931.opus,preferred
./data/macroset/en/clips/preferred/common_voice_en_20767594.opus,preferred
./data/macroset/en/clips/preferred/common_voice_en_20902827.opus,preferred
./data/macroset/en/clips/richards/common_voice_en_18799694.opus,richards
./data/macroset/en/clips/richards/common_voice_en_19857217.opus,richards
./data/macroset/en/clips/richards/common_voice_en_19825468.opus,richards
./data/macroset/en/clips/richards/common_voice_en_20881099.opus,richards
./data/macroset/en/clips/richards/common_voice_en_20897866.opus,richards
./data/macroset/en/clips/weakly/common_voice_en_316808.opus,weakly
./data/macroset/en/clips/weakly/common_voice_en_17857272.opus,weakly
./data/macroset/en/clips/weakly/common_voice_en_511035.opus,weakly
./data/macroset/en/clips/weakly/common_voice_en_19606303.opus,weakly
./data/macroset/en/clips/weakly/common_voice_en_20923061.opus,weakly
./data/macroset/en/clips/charts/common_voice_en_22357991.opus,charts
./data/macroset/en/clips/charts/common_voice_en_21160702.opus,charts
./data/macroset/en/clips/charts/common_voice_en_22127118.opus,charts
./data/macroset/en/clips/charts/common_voice_en_20976530.opus,charts
./data/macroset/en/clips/charts/common_voice_en_19616022.opus,charts
./data/macroset/en/clips/yellowish/common_voice_en_20528105.opus,yellowish
./data/macroset/en/clips/yellowish/common_voice_en_18999091.opus,yellowish
./data/macroset/en/clips/yellowish/common_voice_en_20969230.opus,yellowish
./data/macroset/en/clips/yellowish/common_voice_en_22261549.opus,yellowish
./data/macroset/en/clips/yellowish/common_voice_en_20234041.opus,yellowish
./data/macroset/en/clips/disappeared/common_voice_en_19685157.opus,disappeared
./data/macroset/en/clips/disappeared/common_voice_en_20002528.opus,disappeared
./data/macroset/en/clips/disappeared/common_voice_en_184624.opus,disappeared
./data/macroset/en/clips/disappeared/common_voice_en_696762.opus,disappeared
./data/macroset/en/clips/disappeared/common_voice_en_656668.opus,disappeared
./data/macroset/en/clips/short/common_voice_en_20061079.opus,short
./data/macroset/en/clips/short/common_voice_en_19540778.opus,short
./data/macroset/en/clips/short/common_voice_en_17250274.opus,short
./data/macroset/en/clips/short/common_voice_en_551047.opus,short
./data/macroset/en/clips/short/common_voice_en_20112800.opus,short
./data/macroset/en/clips/management/common_voice_en_20427472.opus,management
./data/macroset/en/clips/management/common_voice_en_21368204.opus,management
./data/macroset/en/clips/management/common_voice_en_673594.opus,management
./data/macroset/en/clips/management/common_voice_en_18713207.opus,management
./data/macroset/en/clips/management/common_voice_en_21088190.opus,management
./data/macroset/en/clips/concerns/common_voice_en_20651106.opus,concerns
./data/macroset/en/clips/concerns/common_voice_en_20316105.opus,concerns
./data/macroset/en/clips/concerns/common_voice_en_22259123.opus,concerns
./data/macroset/en/clips/concerns/common_voice_en_19277314.opus,concerns
./data/macroset/en/clips/concerns/common_voice_en_20216145.opus,concerns
./data/macroset/en/clips/lively/common_voice_en_20574893.opus,lively
./data/macroset/en/clips/lively/common_voice_en_19772318.opus,lively
./data/macroset/en/clips/lively/common_voice_en_22320543.opus,lively
./data/macroset/en/clips/lively/common_voice_en_22167843.opus,lively
./data/macroset/en/clips/lively/common_voice_en_20120914.opus,lively
./data/macroset/en/clips/viral/common_voice_en_393324.opus,viral
./data/macroset/en/clips/viral/common_voice_en_19135867.opus,viral
./data/macroset/en/clips/viral/common_voice_en_18134491.opus,viral
./data/macroset/en/clips/viral/common_voice_en_17371914.opus,viral
./data/macroset/en/clips/viral/common_voice_en_20877447.opus,viral
./data/macroset/en/clips/goggles/common_voice_en_671884.opus,goggles
./data/macroset/en/clips/goggles/common_voice_en_491755.opus,goggles
./data/macroset/en/clips/goggles/common_voice_en_18160172.opus,goggles
./data/macroset/en/clips/goggles/common_voice_en_18518301.opus,goggles
./data/macroset/en/clips/goggles/common_voice_en_171164.opus,goggles
./data/macroset/en/clips/victim/common_voice_en_18441732.opus,victim
./data/macroset/en/clips/victim/common_voice_en_426146.opus,victim
./data/macroset/en/clips/victim/common_voice_en_20848932.opus,victim
./data/macroset/en/clips/victim/common_voice_en_17899419.opus,victim
./data/macroset/en/clips/victim/common_voice_en_18627909.opus,victim
./data/macroset/en/clips/processed/common_voice_en_92492.opus,processed
./data/macroset/en/clips/processed/common_voice_en_618212.opus,processed
./data/macroset/en/clips/processed/common_voice_en_30543.opus,processed
./data/macroset/en/clips/processed/common_voice_en_21277291.opus,processed
./data/macroset/en/clips/processed/common_voice_en_20922957.opus,processed
./data/macroset/en/clips/drawing/common_voice_en_689909.opus,drawing
./data/macroset/en/clips/drawing/common_voice_en_520188.opus,drawing
./data/macroset/en/clips/drawing/common_voice_en_660385.opus,drawing
./data/macroset/en/clips/drawing/common_voice_en_19557737.opus,drawing
./data/macroset/en/clips/drawing/common_voice_en_20328995.opus,drawing
./data/macroset/en/clips/lazy/common_voice_en_55718.opus,lazy
./data/macroset/en/clips/lazy/common_voice_en_461131.opus,lazy
./data/macroset/en/clips/lazy/common_voice_en_19603341.opus,lazy
./data/macroset/en/clips/lazy/common_voice_en_15735068.opus,lazy
./data/macroset/en/clips/lazy/common_voice_en_428036.opus,lazy
./data/macroset/en/clips/commons/common_voice_en_18698334.opus,commons
./data/macroset/en/clips/commons/common_voice_en_22085032.opus,commons
./data/macroset/en/clips/commons/common_voice_en_20715429.opus,commons
./data/macroset/en/clips/commons/common_voice_en_19288235.opus,commons
./data/macroset/en/clips/commons/common_voice_en_18404157.opus,commons
./data/macroset/en/clips/angry/common_voice_en_17403499.opus,angry
./data/macroset/en/clips/angry/common_voice_en_18773610.opus,angry
./data/macroset/en/clips/angry/common_voice_en_19714393.opus,angry
./data/macroset/en/clips/angry/common_voice_en_17285091.opus,angry
./data/macroset/en/clips/angry/common_voice_en_533857.opus,angry
./data/macroset/en/clips/continually/common_voice_en_22204054.opus,continually
./data/macroset/en/clips/continually/common_voice_en_18745527.opus,continually
./data/macroset/en/clips/continually/common_voice_en_22312130.opus,continually
./data/macroset/en/clips/continually/common_voice_en_22269437.opus,continually
./data/macroset/en/clips/continually/common_voice_en_20116012.opus,continually
./data/macroset/en/clips/sorcerers/common_voice_en_148902.opus,sorcerers
./data/macroset/en/clips/sorcerers/common_voice_en_561943.opus,sorcerers
./data/macroset/en/clips/sorcerers/common_voice_en_686987.opus,sorcerers
./data/macroset/en/clips/sorcerers/common_voice_en_695328.opus,sorcerers
./data/macroset/en/clips/sorcerers/common_voice_en_516554.opus,sorcerers
./data/macroset/en/clips/las/common_voice_en_22240915.opus,las
./data/macroset/en/clips/las/common_voice_en_21160403.opus,las
./data/macroset/en/clips/las/common_voice_en_20019586.opus,las
./data/macroset/en/clips/las/common_voice_en_21803552.opus,las
./data/macroset/en/clips/las/common_voice_en_21290963.opus,las
./data/macroset/en/clips/approximately/common_voice_en_18796795.opus,approximately
./data/macroset/en/clips/approximately/common_voice_en_22249339.opus,approximately
./data/macroset/en/clips/approximately/common_voice_en_18767746.opus,approximately
./data/macroset/en/clips/approximately/common_voice_en_19231940.opus,approximately
./data/macroset/en/clips/approximately/common_voice_en_19583243.opus,approximately
./data/macroset/en/clips/join/common_voice_en_17888893.opus,join
./data/macroset/en/clips/join/common_voice_en_21375031.opus,join
./data/macroset/en/clips/join/common_voice_en_588777.opus,join
./data/macroset/en/clips/join/common_voice_en_19728373.opus,join
./data/macroset/en/clips/join/common_voice_en_492893.opus,join
./data/macroset/en/clips/administrative/common_voice_en_19726336.opus,administrative
./data/macroset/en/clips/administrative/common_voice_en_22102270.opus,administrative
./data/macroset/en/clips/administrative/common_voice_en_21466508.opus,administrative
./data/macroset/en/clips/administrative/common_voice_en_20386705.opus,administrative
./data/macroset/en/clips/administrative/common_voice_en_20263579.opus,administrative
./data/macroset/en/clips/snooze/common_voice_en_513742.opus,snooze
./data/macroset/en/clips/snooze/common_voice_en_18409472.opus,snooze
./data/macroset/en/clips/snooze/common_voice_en_18132094.opus,snooze
./data/macroset/en/clips/snooze/common_voice_en_674982.opus,snooze
./data/macroset/en/clips/snooze/common_voice_en_18146539.opus,snooze
./data/macroset/en/clips/cards/common_voice_en_18467362.opus,cards
./data/macroset/en/clips/cards/common_voice_en_18256752.opus,cards
./data/macroset/en/clips/cards/common_voice_en_548540.opus,cards
./data/macroset/en/clips/cards/common_voice_en_17982278.opus,cards
./data/macroset/en/clips/cards/common_voice_en_18006924.opus,cards
./data/macroset/en/clips/passed/common_voice_en_76309.opus,passed
./data/macroset/en/clips/passed/common_voice_en_583056.opus,passed
./data/macroset/en/clips/passed/common_voice_en_18520686.opus,passed
./data/macroset/en/clips/passed/common_voice_en_492744.opus,passed
./data/macroset/en/clips/passed/common_voice_en_537541.opus,passed
./data/macroset/en/clips/fridge/common_voice_en_685970.opus,fridge
./data/macroset/en/clips/fridge/common_voice_en_445199.opus,fridge
./data/macroset/en/clips/fridge/common_voice_en_635372.opus,fridge
./data/macroset/en/clips/fridge/common_voice_en_81607.opus,fridge
./data/macroset/en/clips/fridge/common_voice_en_461069.opus,fridge
./data/macroset/en/clips/among/common_voice_en_18061401.opus,among
./data/macroset/en/clips/among/common_voice_en_2133.opus,among
./data/macroset/en/clips/among/common_voice_en_20023755.opus,among
./data/macroset/en/clips/among/common_voice_en_22166195.opus,among
./data/macroset/en/clips/among/common_voice_en_20860086.opus,among
./data/macroset/en/clips/label/common_voice_en_22419981.opus,label
./data/macroset/en/clips/label/common_voice_en_20134767.opus,label
./data/macroset/en/clips/label/common_voice_en_19634890.opus,label
./data/macroset/en/clips/label/common_voice_en_21516451.opus,label
./data/macroset/en/clips/label/common_voice_en_18952411.opus,label
./data/macroset/en/clips/browser/common_voice_en_17391778.opus,browser
./data/macroset/en/clips/browser/common_voice_en_20372766.opus,browser
./data/macroset/en/clips/browser/common_voice_en_677906.opus,browser
./data/macroset/en/clips/browser/common_voice_en_650131.opus,browser
./data/macroset/en/clips/browser/common_voice_en_488134.opus,browser
./data/macroset/en/clips/insisted/common_voice_en_337460.opus,insisted
./data/macroset/en/clips/insisted/common_voice_en_30101.opus,insisted
./data/macroset/en/clips/insisted/common_voice_en_20176443.opus,insisted
./data/macroset/en/clips/insisted/common_voice_en_21824529.opus,insisted
./data/macroset/en/clips/insisted/common_voice_en_625296.opus,insisted
./data/macroset/en/clips/follow/common_voice_en_628121.opus,follow
./data/macroset/en/clips/follow/common_voice_en_18330283.opus,follow
./data/macroset/en/clips/follow/common_voice_en_19463046.opus,follow
./data/macroset/en/clips/follow/common_voice_en_18507185.opus,follow
./data/macroset/en/clips/follow/common_voice_en_18939576.opus,follow
./data/macroset/en/clips/lectured/common_voice_en_19868016.opus,lectured
./data/macroset/en/clips/lectured/common_voice_en_20920339.opus,lectured
./data/macroset/en/clips/lectured/common_voice_en_19338819.opus,lectured
./data/macroset/en/clips/lectured/common_voice_en_19644499.opus,lectured
./data/macroset/en/clips/lectured/common_voice_en_20836620.opus,lectured
./data/macroset/en/clips/hung/common_voice_en_20261205.opus,hung
./data/macroset/en/clips/hung/common_voice_en_17888666.opus,hung
./data/macroset/en/clips/hung/common_voice_en_11820513.opus,hung
./data/macroset/en/clips/hung/common_voice_en_18167681.opus,hung
./data/macroset/en/clips/hung/common_voice_en_415493.opus,hung
./data/macroset/en/clips/swayed/common_voice_en_189694.opus,swayed
./data/macroset/en/clips/swayed/common_voice_en_659595.opus,swayed
./data/macroset/en/clips/swayed/common_voice_en_624553.opus,swayed
./data/macroset/en/clips/swayed/common_voice_en_157595.opus,swayed
./data/macroset/en/clips/swayed/common_voice_en_201962.opus,swayed
./data/macroset/en/clips/gains/common_voice_en_18710124.opus,gains
./data/macroset/en/clips/gains/common_voice_en_20757416.opus,gains
./data/macroset/en/clips/gains/common_voice_en_449926.opus,gains
./data/macroset/en/clips/gains/common_voice_en_19165087.opus,gains
./data/macroset/en/clips/gains/common_voice_en_20177042.opus,gains
./data/macroset/en/clips/don’t/common_voice_en_18407927.opus,don’t
./data/macroset/en/clips/don’t/common_voice_en_18491996.opus,don’t
./data/macroset/en/clips/don’t/common_voice_en_18529900.opus,don’t
./data/macroset/en/clips/don’t/common_voice_en_632576.opus,don’t
./data/macroset/en/clips/don’t/common_voice_en_82482.opus,don’t
./data/macroset/en/clips/syrup/common_voice_en_21885004.opus,syrup
./data/macroset/en/clips/syrup/common_voice_en_183857.opus,syrup
./data/macroset/en/clips/syrup/common_voice_en_21536283__2.opus,syrup
./data/macroset/en/clips/syrup/common_voice_en_18092270.opus,syrup
./data/macroset/en/clips/syrup/common_voice_en_580451.opus,syrup
./data/macroset/en/clips/scrapped/common_voice_en_19652594.opus,scrapped
./data/macroset/en/clips/scrapped/common_voice_en_19494054.opus,scrapped
./data/macroset/en/clips/scrapped/common_voice_en_20876941.opus,scrapped
./data/macroset/en/clips/scrapped/common_voice_en_19694822.opus,scrapped
./data/macroset/en/clips/scrapped/common_voice_en_20263555.opus,scrapped
./data/macroset/en/clips/resembles/common_voice_en_22195724.opus,resembles
./data/macroset/en/clips/resembles/common_voice_en_19204331.opus,resembles
./data/macroset/en/clips/resembles/common_voice_en_22268396.opus,resembles
./data/macroset/en/clips/resembles/common_voice_en_20301132.opus,resembles
./data/macroset/en/clips/resembles/common_voice_en_20735430.opus,resembles
./data/macroset/en/clips/dolly/common_voice_en_19946621.opus,dolly
./data/macroset/en/clips/dolly/common_voice_en_22213845.opus,dolly
./data/macroset/en/clips/dolly/common_voice_en_20511117.opus,dolly
./data/macroset/en/clips/dolly/common_voice_en_20927381.opus,dolly
./data/macroset/en/clips/dolly/common_voice_en_18510805.opus,dolly
./data/macroset/en/clips/byron/common_voice_en_21591460.opus,byron
./data/macroset/en/clips/byron/common_voice_en_19607993.opus,byron
./data/macroset/en/clips/byron/common_voice_en_21692542.opus,byron
./data/macroset/en/clips/byron/common_voice_en_20093228.opus,byron
./data/macroset/en/clips/byron/common_voice_en_20322771.opus,byron
./data/macroset/en/clips/revealed/common_voice_en_19773256.opus,revealed
./data/macroset/en/clips/revealed/common_voice_en_21989538.opus,revealed
./data/macroset/en/clips/revealed/common_voice_en_2450.opus,revealed
./data/macroset/en/clips/revealed/common_voice_en_20964206.opus,revealed
./data/macroset/en/clips/revealed/common_voice_en_20008522.opus,revealed
./data/macroset/en/clips/herbert/common_voice_en_18678825.opus,herbert
./data/macroset/en/clips/herbert/common_voice_en_654667.opus,herbert
./data/macroset/en/clips/herbert/common_voice_en_19815051.opus,herbert
./data/macroset/en/clips/herbert/common_voice_en_19552226.opus,herbert
./data/macroset/en/clips/herbert/common_voice_en_21135270.opus,herbert
./data/macroset/en/clips/roman/common_voice_en_18775451.opus,roman
./data/macroset/en/clips/roman/common_voice_en_22204378.opus,roman
./data/macroset/en/clips/roman/common_voice_en_20626903.opus,roman
./data/macroset/en/clips/roman/common_voice_en_21766289.opus,roman
./data/macroset/en/clips/roman/common_voice_en_22031186.opus,roman
./data/macroset/en/clips/moist/common_voice_en_19959149.opus,moist
./data/macroset/en/clips/moist/common_voice_en_263002.opus,moist
./data/macroset/en/clips/moist/common_voice_en_280977.opus,moist
./data/macroset/en/clips/moist/common_voice_en_19106656.opus,moist
./data/macroset/en/clips/moist/common_voice_en_21137768.opus,moist
./data/macroset/en/clips/intervened/common_voice_en_19438958.opus,intervened
./data/macroset/en/clips/intervened/common_voice_en_66288.opus,intervened
./data/macroset/en/clips/intervened/common_voice_en_19561203.opus,intervened
./data/macroset/en/clips/intervened/common_voice_en_20670894.opus,intervened
./data/macroset/en/clips/intervened/common_voice_en_20735806.opus,intervened
./data/macroset/en/clips/squeal/common_voice_en_536805.opus,squeal
./data/macroset/en/clips/squeal/common_voice_en_201697.opus,squeal
./data/macroset/en/clips/squeal/common_voice_en_517104.opus,squeal
./data/macroset/en/clips/squeal/common_voice_en_526103.opus,squeal
./data/macroset/en/clips/squeal/common_voice_en_486177.opus,squeal
./data/macroset/en/clips/overturned/common_voice_en_479872.opus,overturned
./data/macroset/en/clips/overturned/common_voice_en_676405.opus,overturned
./data/macroset/en/clips/overturned/common_voice_en_655916.opus,overturned
./data/macroset/en/clips/overturned/common_voice_en_561881.opus,overturned
./data/macroset/en/clips/overturned/common_voice_en_478512.opus,overturned
./data/macroset/en/clips/clock/common_voice_en_485198.opus,clock
./data/macroset/en/clips/clock/common_voice_en_61750.opus,clock
./data/macroset/en/clips/clock/common_voice_en_203907.opus,clock
./data/macroset/en/clips/clock/common_voice_en_20789328.opus,clock
./data/macroset/en/clips/clock/common_voice_en_20284534.opus,clock
./data/macroset/en/clips/martial/common_voice_en_19661608.opus,martial
./data/macroset/en/clips/martial/common_voice_en_18182187.opus,martial
./data/macroset/en/clips/martial/common_voice_en_672192.opus,martial
./data/macroset/en/clips/martial/common_voice_en_361731.opus,martial
./data/macroset/en/clips/martial/common_voice_en_522965.opus,martial
./data/macroset/en/clips/baroque/common_voice_en_19682754.opus,baroque
./data/macroset/en/clips/baroque/common_voice_en_19096989.opus,baroque
./data/macroset/en/clips/baroque/common_voice_en_20673757.opus,baroque
./data/macroset/en/clips/baroque/common_voice_en_21314698.opus,baroque
./data/macroset/en/clips/baroque/common_voice_en_19814086.opus,baroque
./data/macroset/en/clips/investigations/common_voice_en_551740.opus,investigations
./data/macroset/en/clips/investigations/common_voice_en_505432.opus,investigations
./data/macroset/en/clips/investigations/common_voice_en_584167.opus,investigations
./data/macroset/en/clips/investigations/common_voice_en_127489.opus,investigations
./data/macroset/en/clips/investigations/common_voice_en_19000414.opus,investigations
./data/macroset/en/clips/squid/common_voice_en_6903892.opus,squid
./data/macroset/en/clips/squid/common_voice_en_21740227.opus,squid
./data/macroset/en/clips/squid/common_voice_en_19457.opus,squid
./data/macroset/en/clips/squid/common_voice_en_20217920.opus,squid
./data/macroset/en/clips/squid/common_voice_en_609884.opus,squid
./data/macroset/en/clips/missile/common_voice_en_22021448.opus,missile
./data/macroset/en/clips/missile/common_voice_en_510546.opus,missile
./data/macroset/en/clips/missile/common_voice_en_19330304.opus,missile
./data/macroset/en/clips/missile/common_voice_en_20301092.opus,missile
./data/macroset/en/clips/missile/common_voice_en_19638797.opus,missile
./data/macroset/en/clips/matt/common_voice_en_18444858.opus,matt
./data/macroset/en/clips/matt/common_voice_en_22196767.opus,matt
./data/macroset/en/clips/matt/common_voice_en_20727853.opus,matt
./data/macroset/en/clips/matt/common_voice_en_20183805.opus,matt
./data/macroset/en/clips/matt/common_voice_en_19804496.opus,matt
./data/macroset/en/clips/spans/common_voice_en_22175214.opus,spans
./data/macroset/en/clips/spans/common_voice_en_19670310.opus,spans
./data/macroset/en/clips/spans/common_voice_en_21400062.opus,spans
./data/macroset/en/clips/spans/common_voice_en_19333632.opus,spans
./data/macroset/en/clips/spans/common_voice_en_20862767.opus,spans
./data/macroset/en/clips/receiver/common_voice_en_20316630.opus,receiver
./data/macroset/en/clips/receiver/common_voice_en_21869468.opus,receiver
./data/macroset/en/clips/receiver/common_voice_en_577616.opus,receiver
./data/macroset/en/clips/receiver/common_voice_en_2021003.opus,receiver
./data/macroset/en/clips/receiver/common_voice_en_21410776.opus,receiver
./data/macroset/en/clips/newspaper/common_voice_en_22236410.opus,newspaper
./data/macroset/en/clips/newspaper/common_voice_en_632590.opus,newspaper
./data/macroset/en/clips/newspaper/common_voice_en_480707.opus,newspaper
./data/macroset/en/clips/newspaper/common_voice_en_22094313.opus,newspaper
./data/macroset/en/clips/newspaper/common_voice_en_7396769.opus,newspaper
./data/macroset/en/clips/caribbean/common_voice_en_495067.opus,caribbean
./data/macroset/en/clips/caribbean/common_voice_en_22350243.opus,caribbean
./data/macroset/en/clips/caribbean/common_voice_en_21182027.opus,caribbean
./data/macroset/en/clips/caribbean/common_voice_en_19738568.opus,caribbean
./data/macroset/en/clips/caribbean/common_voice_en_19006954.opus,caribbean
./data/macroset/en/clips/executed/common_voice_en_22160159.opus,executed
./data/macroset/en/clips/executed/common_voice_en_20939234.opus,executed
./data/macroset/en/clips/executed/common_voice_en_19677626.opus,executed
./data/macroset/en/clips/executed/common_voice_en_19132682.opus,executed
./data/macroset/en/clips/executed/common_voice_en_22355698.opus,executed
./data/macroset/en/clips/stainless/common_voice_en_19944627.opus,stainless
./data/macroset/en/clips/stainless/common_voice_en_410850.opus,stainless
./data/macroset/en/clips/stainless/common_voice_en_19310966.opus,stainless
./data/macroset/en/clips/stainless/common_voice_en_549626.opus,stainless
./data/macroset/en/clips/stainless/common_voice_en_182586.opus,stainless
./data/macroset/en/clips/islamic/common_voice_en_21947202.opus,islamic
./data/macroset/en/clips/islamic/common_voice_en_19288233.opus,islamic
./data/macroset/en/clips/islamic/common_voice_en_20798197.opus,islamic
./data/macroset/en/clips/islamic/common_voice_en_22316232.opus,islamic
./data/macroset/en/clips/islamic/common_voice_en_21366032.opus,islamic
./data/macroset/en/clips/crackers/common_voice_en_4752134.opus,crackers
./data/macroset/en/clips/crackers/common_voice_en_470889.opus,crackers
./data/macroset/en/clips/crackers/common_voice_en_672666.opus,crackers
./data/macroset/en/clips/crackers/common_voice_en_17252276.opus,crackers
./data/macroset/en/clips/crackers/common_voice_en_20031316.opus,crackers
./data/macroset/en/clips/boxer/common_voice_en_615043__2.opus,boxer
./data/macroset/en/clips/boxer/common_voice_en_19476355.opus,boxer
./data/macroset/en/clips/boxer/common_voice_en_20837547.opus,boxer
./data/macroset/en/clips/boxer/common_voice_en_19067937.opus,boxer
./data/macroset/en/clips/boxer/common_voice_en_22127112.opus,boxer
./data/macroset/en/clips/strictly/common_voice_en_19594686.opus,strictly
./data/macroset/en/clips/strictly/common_voice_en_20410534.opus,strictly
./data/macroset/en/clips/strictly/common_voice_en_20144278.opus,strictly
./data/macroset/en/clips/strictly/common_voice_en_20163700.opus,strictly
./data/macroset/en/clips/strictly/common_voice_en_21403823.opus,strictly
./data/macroset/en/clips/accent/common_voice_en_21453208.opus,accent
./data/macroset/en/clips/accent/common_voice_en_19821919.opus,accent
./data/macroset/en/clips/accent/common_voice_en_566238.opus,accent
./data/macroset/en/clips/accent/common_voice_en_16665471.opus,accent
./data/macroset/en/clips/accent/common_voice_en_17870196.opus,accent
./data/macroset/en/clips/such/common_voice_en_18004264.opus,such
./data/macroset/en/clips/such/common_voice_en_18804314.opus,such
./data/macroset/en/clips/such/common_voice_en_21796210.opus,such
./data/macroset/en/clips/such/common_voice_en_19689826.opus,such
./data/macroset/en/clips/such/common_voice_en_19404810.opus,such
./data/macroset/en/clips/shortcuts/common_voice_en_543500.opus,shortcuts
./data/macroset/en/clips/shortcuts/common_voice_en_55741.opus,shortcuts
./data/macroset/en/clips/shortcuts/common_voice_en_31928.opus,shortcuts
./data/macroset/en/clips/shortcuts/common_voice_en_697345.opus,shortcuts
./data/macroset/en/clips/shortcuts/common_voice_en_19130791.opus,shortcuts
./data/macroset/en/clips/thirteen/common_voice_en_22162944.opus,thirteen
./data/macroset/en/clips/thirteen/common_voice_en_17745404.opus,thirteen
./data/macroset/en/clips/thirteen/common_voice_en_18600310.opus,thirteen
./data/macroset/en/clips/thirteen/common_voice_en_17784582.opus,thirteen
./data/macroset/en/clips/thirteen/common_voice_en_19609395.opus,thirteen
./data/macroset/en/clips/microwave/common_voice_en_122672.opus,microwave
./data/macroset/en/clips/microwave/common_voice_en_78177.opus,microwave
./data/macroset/en/clips/microwave/common_voice_en_18111097.opus,microwave
./data/macroset/en/clips/microwave/common_voice_en_17877353.opus,microwave
./data/macroset/en/clips/microwave/common_voice_en_17484453.opus,microwave
./data/macroset/en/clips/jena/common_voice_en_700535.opus,jena
./data/macroset/en/clips/jena/common_voice_en_19768737.opus,jena
./data/macroset/en/clips/jena/common_voice_en_678251.opus,jena
./data/macroset/en/clips/jena/common_voice_en_20792893.opus,jena
./data/macroset/en/clips/jena/common_voice_en_482691.opus,jena
./data/macroset/en/clips/grow/common_voice_en_652447.opus,grow
./data/macroset/en/clips/grow/common_voice_en_21062219.opus,grow
./data/macroset/en/clips/grow/common_voice_en_19868584.opus,grow
./data/macroset/en/clips/grow/common_voice_en_17964082.opus,grow
./data/macroset/en/clips/grow/common_voice_en_630741.opus,grow
./data/macroset/en/clips/absent/common_voice_en_19761828.opus,absent
./data/macroset/en/clips/absent/common_voice_en_21793346.opus,absent
./data/macroset/en/clips/absent/common_voice_en_21349599.opus,absent
./data/macroset/en/clips/absent/common_voice_en_19949930.opus,absent
./data/macroset/en/clips/absent/common_voice_en_19674520.opus,absent
./data/macroset/en/clips/definitely/common_voice_en_92644.opus,definitely
./data/macroset/en/clips/definitely/common_voice_en_632538.opus,definitely
./data/macroset/en/clips/definitely/common_voice_en_203095.opus,definitely
./data/macroset/en/clips/definitely/common_voice_en_20870075.opus,definitely
./data/macroset/en/clips/definitely/common_voice_en_644108.opus,definitely
./data/macroset/en/clips/maternity/common_voice_en_17391009.opus,maternity
./data/macroset/en/clips/maternity/common_voice_en_20316172.opus,maternity
./data/macroset/en/clips/maternity/common_voice_en_17269782.opus,maternity
./data/macroset/en/clips/maternity/common_voice_en_17321372.opus,maternity
./data/macroset/en/clips/maternity/common_voice_en_17416383.opus,maternity
./data/macroset/en/clips/preparing/common_voice_en_19497101.opus,preparing
./data/macroset/en/clips/preparing/common_voice_en_20934279.opus,preparing
./data/macroset/en/clips/preparing/common_voice_en_79277.opus,preparing
./data/macroset/en/clips/preparing/common_voice_en_25335.opus,preparing
./data/macroset/en/clips/preparing/common_voice_en_182240.opus,preparing
./data/macroset/en/clips/merchants/common_voice_en_20429240.opus,merchants
./data/macroset/en/clips/merchants/common_voice_en_483919.opus,merchants
./data/macroset/en/clips/merchants/common_voice_en_85240.opus,merchants
./data/macroset/en/clips/merchants/common_voice_en_646362.opus,merchants
./data/macroset/en/clips/merchants/common_voice_en_70641.opus,merchants
./data/macroset/en/clips/cave/common_voice_en_178958.opus,cave
./data/macroset/en/clips/cave/common_voice_en_19808060.opus,cave
./data/macroset/en/clips/cave/common_voice_en_19691345.opus,cave
./data/macroset/en/clips/cave/common_voice_en_22211570.opus,cave
./data/macroset/en/clips/cave/common_voice_en_18065660.opus,cave
./data/macroset/en/clips/diseases/common_voice_en_22289573.opus,diseases
./data/macroset/en/clips/diseases/common_voice_en_18564098.opus,diseases
./data/macroset/en/clips/diseases/common_voice_en_20313154.opus,diseases
./data/macroset/en/clips/diseases/common_voice_en_20966536.opus,diseases
./data/macroset/en/clips/diseases/common_voice_en_21657606.opus,diseases
./data/macroset/en/clips/dove/common_voice_en_21863522.opus,dove
./data/macroset/en/clips/dove/common_voice_en_19589059.opus,dove
./data/macroset/en/clips/dove/common_voice_en_20988153.opus,dove
./data/macroset/en/clips/dove/common_voice_en_19577432.opus,dove
./data/macroset/en/clips/dove/common_voice_en_20287423.opus,dove
./data/macroset/en/clips/benson/common_voice_en_19768352.opus,benson
./data/macroset/en/clips/benson/common_voice_en_21107927.opus,benson
./data/macroset/en/clips/benson/common_voice_en_20952308.opus,benson
./data/macroset/en/clips/benson/common_voice_en_20026644.opus,benson
./data/macroset/en/clips/benson/common_voice_en_19635540.opus,benson
./data/macroset/en/clips/steroids/common_voice_en_26934.opus,steroids
./data/macroset/en/clips/steroids/common_voice_en_194648.opus,steroids
./data/macroset/en/clips/steroids/common_voice_en_21399644.opus,steroids
./data/macroset/en/clips/steroids/common_voice_en_17645498.opus,steroids
./data/macroset/en/clips/steroids/common_voice_en_22162863.opus,steroids
./data/macroset/en/clips/posters/common_voice_en_21929803.opus,posters
./data/macroset/en/clips/posters/common_voice_en_19185259.opus,posters
./data/macroset/en/clips/posters/common_voice_en_19087497.opus,posters
./data/macroset/en/clips/posters/common_voice_en_21317406.opus,posters
./data/macroset/en/clips/posters/common_voice_en_20685341.opus,posters
./data/macroset/en/clips/million/common_voice_en_22211948.opus,million
./data/macroset/en/clips/million/common_voice_en_17843816.opus,million
./data/macroset/en/clips/million/common_voice_en_499060.opus,million
./data/macroset/en/clips/million/common_voice_en_17816633.opus,million
./data/macroset/en/clips/million/common_voice_en_22219576.opus,million
./data/macroset/en/clips/pay/common_voice_en_18085621.opus,pay
./data/macroset/en/clips/pay/common_voice_en_18526782.opus,pay
./data/macroset/en/clips/pay/common_voice_en_37528.opus,pay
./data/macroset/en/clips/pay/common_voice_en_196098.opus,pay
./data/macroset/en/clips/pay/common_voice_en_17764195.opus,pay
./data/macroset/en/clips/battery/common_voice_en_18869772.opus,battery
./data/macroset/en/clips/battery/common_voice_en_18852122.opus,battery
./data/macroset/en/clips/battery/common_voice_en_19685278.opus,battery
./data/macroset/en/clips/battery/common_voice_en_20649681.opus,battery
./data/macroset/en/clips/battery/common_voice_en_18280977.opus,battery
./data/macroset/en/clips/absolutely/common_voice_en_650527.opus,absolutely
./data/macroset/en/clips/absolutely/common_voice_en_187380.opus,absolutely
./data/macroset/en/clips/absolutely/common_voice_en_19698.opus,absolutely
./data/macroset/en/clips/absolutely/common_voice_en_18871482.opus,absolutely
./data/macroset/en/clips/absolutely/common_voice_en_18459550.opus,absolutely
./data/macroset/en/clips/faced/common_voice_en_27757__2.opus,faced
./data/macroset/en/clips/faced/common_voice_en_22238967.opus,faced
./data/macroset/en/clips/faced/common_voice_en_19562325.opus,faced
./data/macroset/en/clips/faced/common_voice_en_20374524.opus,faced
./data/macroset/en/clips/faced/common_voice_en_17275503__2.opus,faced
./data/macroset/en/clips/scurried/common_voice_en_602303.opus,scurried
./data/macroset/en/clips/scurried/common_voice_en_637840.opus,scurried
./data/macroset/en/clips/scurried/common_voice_en_601852.opus,scurried
./data/macroset/en/clips/scurried/common_voice_en_378785.opus,scurried
./data/macroset/en/clips/scurried/common_voice_en_508956.opus,scurried
./data/macroset/en/clips/flammable/common_voice_en_19515719.opus,flammable
./data/macroset/en/clips/flammable/common_voice_en_1344680.opus,flammable
./data/macroset/en/clips/flammable/common_voice_en_19944528.opus,flammable
./data/macroset/en/clips/flammable/common_voice_en_18065871.opus,flammable
./data/macroset/en/clips/flammable/common_voice_en_19979904.opus,flammable
./data/macroset/en/clips/immigration/common_voice_en_20994942.opus,immigration
./data/macroset/en/clips/immigration/common_voice_en_20474345.opus,immigration
./data/macroset/en/clips/immigration/common_voice_en_21384275.opus,immigration
./data/macroset/en/clips/immigration/common_voice_en_21436881.opus,immigration
./data/macroset/en/clips/immigration/common_voice_en_21575962.opus,immigration
./data/macroset/en/clips/forget/common_voice_en_219547.opus,forget
./data/macroset/en/clips/forget/common_voice_en_164826.opus,forget
./data/macroset/en/clips/forget/common_voice_en_671345.opus,forget
./data/macroset/en/clips/forget/common_voice_en_71305.opus,forget
./data/macroset/en/clips/forget/common_voice_en_478185.opus,forget
./data/macroset/en/clips/experience/common_voice_en_45665.opus,experience
./data/macroset/en/clips/experience/common_voice_en_19214406.opus,experience
./data/macroset/en/clips/experience/common_voice_en_175120.opus,experience
./data/macroset/en/clips/experience/common_voice_en_562608.opus,experience
./data/macroset/en/clips/experience/common_voice_en_56504.opus,experience
./data/macroset/en/clips/irene/common_voice_en_20252974.opus,irene
./data/macroset/en/clips/irene/common_voice_en_21313873.opus,irene
./data/macroset/en/clips/irene/common_voice_en_20653999.opus,irene
./data/macroset/en/clips/irene/common_voice_en_19776883.opus,irene
./data/macroset/en/clips/irene/common_voice_en_22103665.opus,irene
./data/macroset/en/clips/stutters/common_voice_en_17279995.opus,stutters
./data/macroset/en/clips/stutters/common_voice_en_18095018.opus,stutters
./data/macroset/en/clips/stutters/common_voice_en_18061788.opus,stutters
./data/macroset/en/clips/stutters/common_voice_en_17387413.opus,stutters
./data/macroset/en/clips/stutters/common_voice_en_17556351.opus,stutters
./data/macroset/en/clips/failure/common_voice_en_549492.opus,failure
./data/macroset/en/clips/failure/common_voice_en_657611.opus,failure
./data/macroset/en/clips/failure/common_voice_en_661397.opus,failure
./data/macroset/en/clips/failure/common_voice_en_202432.opus,failure
./data/macroset/en/clips/failure/common_voice_en_21402613.opus,failure
./data/macroset/en/clips/palestine/common_voice_en_19813788.opus,palestine
./data/macroset/en/clips/palestine/common_voice_en_20896057__2.opus,palestine
./data/macroset/en/clips/palestine/common_voice_en_19687736.opus,palestine
./data/macroset/en/clips/palestine/common_voice_en_19605803.opus,palestine
./data/macroset/en/clips/palestine/common_voice_en_20940924.opus,palestine
./data/macroset/en/clips/hunter/common_voice_en_22054204__2.opus,hunter
./data/macroset/en/clips/hunter/common_voice_en_16048624.opus,hunter
./data/macroset/en/clips/hunter/common_voice_en_17730976.opus,hunter
./data/macroset/en/clips/hunter/common_voice_en_23906.opus,hunter
./data/macroset/en/clips/hunter/common_voice_en_679383.opus,hunter
./data/macroset/en/clips/saloon/common_voice_en_691421.opus,saloon
./data/macroset/en/clips/saloon/common_voice_en_18507399.opus,saloon
./data/macroset/en/clips/saloon/common_voice_en_17731244.opus,saloon
./data/macroset/en/clips/saloon/common_voice_en_20991629.opus,saloon
./data/macroset/en/clips/saloon/common_voice_en_18505617.opus,saloon
./data/macroset/en/clips/midnight/common_voice_en_553194.opus,midnight
./data/macroset/en/clips/midnight/common_voice_en_653506.opus,midnight
./data/macroset/en/clips/midnight/common_voice_en_20006094.opus,midnight
./data/macroset/en/clips/midnight/common_voice_en_18456134.opus,midnight
./data/macroset/en/clips/midnight/common_voice_en_21955326.opus,midnight
./data/macroset/en/clips/addictive/common_voice_en_202748.opus,addictive
./data/macroset/en/clips/addictive/common_voice_en_18026654.opus,addictive
./data/macroset/en/clips/addictive/common_voice_en_175019.opus,addictive
./data/macroset/en/clips/addictive/common_voice_en_17881546.opus,addictive
./data/macroset/en/clips/addictive/common_voice_en_613075.opus,addictive
./data/macroset/en/clips/scene/common_voice_en_21901759.opus,scene
./data/macroset/en/clips/scene/common_voice_en_21307658.opus,scene
./data/macroset/en/clips/scene/common_voice_en_20736467.opus,scene
./data/macroset/en/clips/scene/common_voice_en_22050329.opus,scene
./data/macroset/en/clips/scene/common_voice_en_20219042.opus,scene
./data/macroset/en/clips/conditions/common_voice_en_20922113.opus,conditions
./data/macroset/en/clips/conditions/common_voice_en_20048381.opus,conditions
./data/macroset/en/clips/conditions/common_voice_en_20433809.opus,conditions
./data/macroset/en/clips/conditions/common_voice_en_21518187.opus,conditions
./data/macroset/en/clips/conditions/common_voice_en_21684421.opus,conditions
./data/macroset/en/clips/herd/common_voice_en_208774.opus,herd
./data/macroset/en/clips/herd/common_voice_en_97864.opus,herd
./data/macroset/en/clips/herd/common_voice_en_487047.opus,herd
./data/macroset/en/clips/herd/common_voice_en_18491869.opus,herd
./data/macroset/en/clips/herd/common_voice_en_63426.opus,herd
./data/macroset/en/clips/accept/common_voice_en_20829709.opus,accept
./data/macroset/en/clips/accept/common_voice_en_19720897.opus,accept
./data/macroset/en/clips/accept/common_voice_en_680699.opus,accept
./data/macroset/en/clips/accept/common_voice_en_20312280.opus,accept
./data/macroset/en/clips/accept/common_voice_en_19948367.opus,accept
./data/macroset/en/clips/stretches/common_voice_en_20251191.opus,stretches
./data/macroset/en/clips/stretches/common_voice_en_202666.opus,stretches
./data/macroset/en/clips/stretches/common_voice_en_542906.opus,stretches
./data/macroset/en/clips/stretches/common_voice_en_20008392.opus,stretches
./data/macroset/en/clips/stretches/common_voice_en_530674.opus,stretches
./data/macroset/en/clips/handful/common_voice_en_19267218.opus,handful
./data/macroset/en/clips/handful/common_voice_en_19374595.opus,handful
./data/macroset/en/clips/handful/common_voice_en_18751908.opus,handful
./data/macroset/en/clips/handful/common_voice_en_20836222.opus,handful
./data/macroset/en/clips/handful/common_voice_en_20494966.opus,handful
./data/macroset/en/clips/cannot/common_voice_en_18120550.opus,cannot
./data/macroset/en/clips/cannot/common_voice_en_19561271.opus,cannot
./data/macroset/en/clips/cannot/common_voice_en_17344705.opus,cannot
./data/macroset/en/clips/cannot/common_voice_en_543427.opus,cannot
./data/macroset/en/clips/cannot/common_voice_en_20825842.opus,cannot
./data/macroset/en/clips/footnotes/common_voice_en_313026.opus,footnotes
./data/macroset/en/clips/footnotes/common_voice_en_489205.opus,footnotes
./data/macroset/en/clips/footnotes/common_voice_en_17364445.opus,footnotes
./data/macroset/en/clips/footnotes/common_voice_en_18065908.opus,footnotes
./data/macroset/en/clips/footnotes/common_voice_en_17255812.opus,footnotes
./data/macroset/en/clips/vending/common_voice_en_15733516.opus,vending
./data/macroset/en/clips/vending/common_voice_en_550294.opus,vending
./data/macroset/en/clips/vending/common_voice_en_16047898.opus,vending
./data/macroset/en/clips/vending/common_voice_en_217859.opus,vending
./data/macroset/en/clips/vending/common_voice_en_52541.opus,vending
./data/macroset/en/clips/varied/common_voice_en_22423266.opus,varied
./data/macroset/en/clips/varied/common_voice_en_19796473.opus,varied
./data/macroset/en/clips/varied/common_voice_en_19989483.opus,varied
./data/macroset/en/clips/varied/common_voice_en_20683979.opus,varied
./data/macroset/en/clips/varied/common_voice_en_19523664.opus,varied
./data/macroset/en/clips/trademark/common_voice_en_17470718.opus,trademark
./data/macroset/en/clips/trademark/common_voice_en_22301851.opus,trademark
./data/macroset/en/clips/trademark/common_voice_en_18099306.opus,trademark
./data/macroset/en/clips/trademark/common_voice_en_22007477.opus,trademark
./data/macroset/en/clips/trademark/common_voice_en_20235879.opus,trademark
./data/macroset/en/clips/multivariate/common_voice_en_17249923.opus,multivariate
./data/macroset/en/clips/multivariate/common_voice_en_17263395.opus,multivariate
./data/macroset/en/clips/multivariate/common_voice_en_19895288.opus,multivariate
./data/macroset/en/clips/multivariate/common_voice_en_20936742.opus,multivariate
./data/macroset/en/clips/multivariate/common_voice_en_17274629.opus,multivariate
./data/macroset/en/clips/reverend/common_voice_en_19944515.opus,reverend
./data/macroset/en/clips/reverend/common_voice_en_19777634.opus,reverend
./data/macroset/en/clips/reverend/common_voice_en_20731215.opus,reverend
./data/macroset/en/clips/reverend/common_voice_en_19637688.opus,reverend
./data/macroset/en/clips/reverend/common_voice_en_19736115.opus,reverend
./data/macroset/en/clips/destination/common_voice_en_18767646.opus,destination
./data/macroset/en/clips/destination/common_voice_en_20069303.opus,destination
./data/macroset/en/clips/destination/common_voice_en_18819486.opus,destination
./data/macroset/en/clips/destination/common_voice_en_18540703.opus,destination
./data/macroset/en/clips/destination/common_voice_en_18258659.opus,destination
./data/macroset/en/clips/chi/common_voice_en_18722191.opus,chi
./data/macroset/en/clips/chi/common_voice_en_21796578.opus,chi
./data/macroset/en/clips/chi/common_voice_en_20877785.opus,chi
./data/macroset/en/clips/chi/common_voice_en_22302959.opus,chi
./data/macroset/en/clips/chi/common_voice_en_20274704.opus,chi
./data/macroset/en/clips/hungry/common_voice_en_78770.opus,hungry
./data/macroset/en/clips/hungry/common_voice_en_18973415.opus,hungry
./data/macroset/en/clips/hungry/common_voice_en_163670.opus,hungry
./data/macroset/en/clips/hungry/common_voice_en_29743.opus,hungry
./data/macroset/en/clips/hungry/common_voice_en_18546195.opus,hungry
./data/macroset/en/clips/mitchell/common_voice_en_604699.opus,mitchell
./data/macroset/en/clips/mitchell/common_voice_en_655860.opus,mitchell
./data/macroset/en/clips/mitchell/common_voice_en_19658027.opus,mitchell
./data/macroset/en/clips/mitchell/common_voice_en_2330.opus,mitchell
./data/macroset/en/clips/mitchell/common_voice_en_659290.opus,mitchell
./data/macroset/en/clips/conquer/common_voice_en_605729.opus,conquer
./data/macroset/en/clips/conquer/common_voice_en_509501.opus,conquer
./data/macroset/en/clips/conquer/common_voice_en_592477.opus,conquer
./data/macroset/en/clips/conquer/common_voice_en_677912.opus,conquer
./data/macroset/en/clips/conquer/common_voice_en_585801.opus,conquer
./data/macroset/en/clips/holmes/common_voice_en_20298650.opus,holmes
./data/macroset/en/clips/holmes/common_voice_en_19751026__2.opus,holmes
./data/macroset/en/clips/holmes/common_voice_en_21254650.opus,holmes
./data/macroset/en/clips/holmes/common_voice_en_19343503.opus,holmes
./data/macroset/en/clips/holmes/common_voice_en_19946793.opus,holmes
./data/macroset/en/clips/panda/common_voice_en_20527297__2.opus,panda
./data/macroset/en/clips/panda/common_voice_en_499288.opus,panda
./data/macroset/en/clips/panda/common_voice_en_697374.opus,panda
./data/macroset/en/clips/panda/common_voice_en_317069.opus,panda
./data/macroset/en/clips/panda/common_voice_en_20521331.opus,panda
./data/macroset/en/clips/homework/common_voice_en_425947.opus,homework
./data/macroset/en/clips/homework/common_voice_en_18555049.opus,homework
./data/macroset/en/clips/homework/common_voice_en_373869.opus,homework
./data/macroset/en/clips/homework/common_voice_en_18155226.opus,homework
./data/macroset/en/clips/homework/common_voice_en_11351804.opus,homework
./data/macroset/en/clips/arrived/common_voice_en_18496175.opus,arrived
./data/macroset/en/clips/arrived/common_voice_en_18117930.opus,arrived
./data/macroset/en/clips/arrived/common_voice_en_19149216.opus,arrived
./data/macroset/en/clips/arrived/common_voice_en_17353836.opus,arrived
./data/macroset/en/clips/arrived/common_voice_en_17281258.opus,arrived
./data/macroset/en/clips/hatred/common_voice_en_18354554.opus,hatred
./data/macroset/en/clips/hatred/common_voice_en_19449681.opus,hatred
./data/macroset/en/clips/hatred/common_voice_en_18061994.opus,hatred
./data/macroset/en/clips/hatred/common_voice_en_20585165.opus,hatred
./data/macroset/en/clips/hatred/common_voice_en_19370452.opus,hatred
./data/macroset/en/clips/whinnying/common_voice_en_546581.opus,whinnying
./data/macroset/en/clips/whinnying/common_voice_en_56554.opus,whinnying
./data/macroset/en/clips/whinnying/common_voice_en_52008__2.opus,whinnying
./data/macroset/en/clips/whinnying/common_voice_en_180191.opus,whinnying
./data/macroset/en/clips/whinnying/common_voice_en_513986__2.opus,whinnying
./data/macroset/en/clips/tune/common_voice_en_18772738.opus,tune
./data/macroset/en/clips/tune/common_voice_en_185499.opus,tune
./data/macroset/en/clips/tune/common_voice_en_22186.opus,tune
./data/macroset/en/clips/tune/common_voice_en_19355136.opus,tune
./data/macroset/en/clips/tune/common_voice_en_18885259.opus,tune
./data/macroset/en/clips/tutor/common_voice_en_18796688.opus,tutor
./data/macroset/en/clips/tutor/common_voice_en_19636244.opus,tutor
./data/macroset/en/clips/tutor/common_voice_en_20057605.opus,tutor
./data/macroset/en/clips/tutor/common_voice_en_19345581.opus,tutor
./data/macroset/en/clips/tutor/common_voice_en_20246318.opus,tutor
./data/macroset/en/clips/erie/common_voice_en_20860003.opus,erie
./data/macroset/en/clips/erie/common_voice_en_22448488.opus,erie
./data/macroset/en/clips/erie/common_voice_en_22269299.opus,erie
./data/macroset/en/clips/erie/common_voice_en_21438530.opus,erie
./data/macroset/en/clips/erie/common_voice_en_22396652.opus,erie
./data/macroset/en/clips/settlement/common_voice_en_22236219.opus,settlement
./data/macroset/en/clips/settlement/common_voice_en_19653369.opus,settlement
./data/macroset/en/clips/settlement/common_voice_en_21854195.opus,settlement
./data/macroset/en/clips/settlement/common_voice_en_22110327.opus,settlement
./data/macroset/en/clips/settlement/common_voice_en_19603497.opus,settlement
./data/macroset/en/clips/unexpected/common_voice_en_19639207.opus,unexpected
./data/macroset/en/clips/unexpected/common_voice_en_18356052.opus,unexpected
./data/macroset/en/clips/unexpected/common_voice_en_18519885.opus,unexpected
./data/macroset/en/clips/unexpected/common_voice_en_19386730.opus,unexpected
./data/macroset/en/clips/unexpected/common_voice_en_19332334.opus,unexpected
./data/macroset/en/clips/marie/common_voice_en_19236769.opus,marie
./data/macroset/en/clips/marie/common_voice_en_20367133.opus,marie
./data/macroset/en/clips/marie/common_voice_en_21379938.opus,marie
./data/macroset/en/clips/marie/common_voice_en_19714471.opus,marie
./data/macroset/en/clips/marie/common_voice_en_22140932.opus,marie
./data/macroset/en/clips/vital/common_voice_en_20283694.opus,vital
./data/macroset/en/clips/vital/common_voice_en_20727795.opus,vital
./data/macroset/en/clips/vital/common_voice_en_21055264.opus,vital
./data/macroset/en/clips/vital/common_voice_en_20524064.opus,vital
./data/macroset/en/clips/vital/common_voice_en_18257495.opus,vital
./data/macroset/en/clips/betrayed/common_voice_en_506364.opus,betrayed
./data/macroset/en/clips/betrayed/common_voice_en_20894618.opus,betrayed
./data/macroset/en/clips/betrayed/common_voice_en_675074.opus,betrayed
./data/macroset/en/clips/betrayed/common_voice_en_53834.opus,betrayed
./data/macroset/en/clips/betrayed/common_voice_en_19501614.opus,betrayed
./data/macroset/en/clips/indigenous/common_voice_en_20339694.opus,indigenous
./data/macroset/en/clips/indigenous/common_voice_en_21857508.opus,indigenous
./data/macroset/en/clips/indigenous/common_voice_en_21619033.opus,indigenous
./data/macroset/en/clips/indigenous/common_voice_en_22156012.opus,indigenous
./data/macroset/en/clips/indigenous/common_voice_en_21451222.opus,indigenous
./data/macroset/en/clips/boyfriend/common_voice_en_20939256.opus,boyfriend
./data/macroset/en/clips/boyfriend/common_voice_en_656199.opus,boyfriend
./data/macroset/en/clips/boyfriend/common_voice_en_19698217.opus,boyfriend
./data/macroset/en/clips/boyfriend/common_voice_en_76171.opus,boyfriend
./data/macroset/en/clips/boyfriend/common_voice_en_199195.opus,boyfriend
./data/macroset/en/clips/worms/common_voice_en_17387960.opus,worms
./data/macroset/en/clips/worms/common_voice_en_17946152.opus,worms
./data/macroset/en/clips/worms/common_voice_en_518473.opus,worms
./data/macroset/en/clips/worms/common_voice_en_609315.opus,worms
./data/macroset/en/clips/worms/common_voice_en_17297391.opus,worms
./data/macroset/en/clips/commanded/common_voice_en_19800865.opus,commanded
./data/macroset/en/clips/commanded/common_voice_en_18994831.opus,commanded
./data/macroset/en/clips/commanded/common_voice_en_20894824.opus,commanded
./data/macroset/en/clips/commanded/common_voice_en_19876453.opus,commanded
./data/macroset/en/clips/commanded/common_voice_en_21081602.opus,commanded
./data/macroset/en/clips/estimated/common_voice_en_20477159.opus,estimated
./data/macroset/en/clips/estimated/common_voice_en_20366061.opus,estimated
./data/macroset/en/clips/estimated/common_voice_en_21240185.opus,estimated
./data/macroset/en/clips/estimated/common_voice_en_20872133.opus,estimated
./data/macroset/en/clips/estimated/common_voice_en_19079775.opus,estimated
./data/macroset/en/clips/studio/common_voice_en_20850082.opus,studio
./data/macroset/en/clips/studio/common_voice_en_21843742.opus,studio
./data/macroset/en/clips/studio/common_voice_en_20841025.opus,studio
./data/macroset/en/clips/studio/common_voice_en_21412809.opus,studio
./data/macroset/en/clips/studio/common_voice_en_22318551.opus,studio
./data/macroset/en/clips/austria/common_voice_en_22219593.opus,austria
./data/macroset/en/clips/austria/common_voice_en_541860.opus,austria
./data/macroset/en/clips/austria/common_voice_en_19741836.opus,austria
./data/macroset/en/clips/austria/common_voice_en_22095771.opus,austria
./data/macroset/en/clips/austria/common_voice_en_20131101.opus,austria
./data/macroset/en/clips/algebra/common_voice_en_19450978.opus,algebra
./data/macroset/en/clips/algebra/common_voice_en_18780329.opus,algebra
./data/macroset/en/clips/algebra/common_voice_en_19723048.opus,algebra
./data/macroset/en/clips/algebra/common_voice_en_18314490.opus,algebra
./data/macroset/en/clips/algebra/common_voice_en_20370787.opus,algebra
./data/macroset/en/clips/dealer/common_voice_en_20000110.opus,dealer
./data/macroset/en/clips/dealer/common_voice_en_20755165.opus,dealer
./data/macroset/en/clips/dealer/common_voice_en_22043186.opus,dealer
./data/macroset/en/clips/dealer/common_voice_en_21876302.opus,dealer
./data/macroset/en/clips/dealer/common_voice_en_19984881.opus,dealer
./data/macroset/en/clips/cartridge/common_voice_en_17844536.opus,cartridge
./data/macroset/en/clips/cartridge/common_voice_en_18095234.opus,cartridge
./data/macroset/en/clips/cartridge/common_voice_en_18065928.opus,cartridge
./data/macroset/en/clips/cartridge/common_voice_en_19731419.opus,cartridge
./data/macroset/en/clips/cartridge/common_voice_en_19638316.opus,cartridge
./data/macroset/en/clips/uniformly/common_voice_en_672514.opus,uniformly
./data/macroset/en/clips/uniformly/common_voice_en_22186265.opus,uniformly
./data/macroset/en/clips/uniformly/common_voice_en_16664086.opus,uniformly
./data/macroset/en/clips/uniformly/common_voice_en_173069.opus,uniformly
./data/macroset/en/clips/uniformly/common_voice_en_687723.opus,uniformly
./data/macroset/en/clips/even/common_voice_en_591450.opus,even
./data/macroset/en/clips/even/common_voice_en_18409732.opus,even
./data/macroset/en/clips/even/common_voice_en_521637.opus,even
./data/macroset/en/clips/even/common_voice_en_59156.opus,even
./data/macroset/en/clips/even/common_voice_en_498046.opus,even
./data/macroset/en/clips/familiarize/common_voice_en_17966104.opus,familiarize
./data/macroset/en/clips/familiarize/common_voice_en_124845.opus,familiarize
./data/macroset/en/clips/familiarize/common_voice_en_215298.opus,familiarize
./data/macroset/en/clips/familiarize/common_voice_en_18152540.opus,familiarize
./data/macroset/en/clips/familiarize/common_voice_en_17841702.opus,familiarize
./data/macroset/en/clips/cyclist/common_voice_en_3367579.opus,cyclist
./data/macroset/en/clips/cyclist/common_voice_en_20817462.opus,cyclist
./data/macroset/en/clips/cyclist/common_voice_en_19412023.opus,cyclist
./data/macroset/en/clips/cyclist/common_voice_en_508632.opus,cyclist
./data/macroset/en/clips/cyclist/common_voice_en_17988053.opus,cyclist
./data/macroset/en/clips/stiff/common_voice_en_19874074.opus,stiff
./data/macroset/en/clips/stiff/common_voice_en_20865858.opus,stiff
./data/macroset/en/clips/stiff/common_voice_en_17932371.opus,stiff
./data/macroset/en/clips/stiff/common_voice_en_9376067.opus,stiff
./data/macroset/en/clips/stiff/common_voice_en_20846720.opus,stiff
./data/macroset/en/clips/stuart/common_voice_en_20413640.opus,stuart
./data/macroset/en/clips/stuart/common_voice_en_19539580.opus,stuart
./data/macroset/en/clips/stuart/common_voice_en_21242844.opus,stuart
./data/macroset/en/clips/stuart/common_voice_en_19681467.opus,stuart
./data/macroset/en/clips/stuart/common_voice_en_19712906.opus,stuart
./data/macroset/en/clips/arabia/common_voice_en_516042.opus,arabia
./data/macroset/en/clips/arabia/common_voice_en_77664.opus,arabia
./data/macroset/en/clips/arabia/common_voice_en_21876253.opus,arabia
./data/macroset/en/clips/arabia/common_voice_en_22299855.opus,arabia
./data/macroset/en/clips/arabia/common_voice_en_51851.opus,arabia
./data/macroset/en/clips/gray/common_voice_en_19679609.opus,gray
./data/macroset/en/clips/gray/common_voice_en_554276.opus,gray
./data/macroset/en/clips/gray/common_voice_en_22332466.opus,gray
./data/macroset/en/clips/gray/common_voice_en_18960673__2.opus,gray
./data/macroset/en/clips/gray/common_voice_en_9696574.opus,gray
./data/macroset/en/clips/note/common_voice_en_197418.opus,note
./data/macroset/en/clips/note/common_voice_en_19450224.opus,note
./data/macroset/en/clips/note/common_voice_en_20105255.opus,note
./data/macroset/en/clips/note/common_voice_en_19867650.opus,note
./data/macroset/en/clips/note/common_voice_en_20184048.opus,note
./data/macroset/en/clips/chloride/common_voice_en_18724494.opus,chloride
./data/macroset/en/clips/chloride/common_voice_en_20235580.opus,chloride
./data/macroset/en/clips/chloride/common_voice_en_97827.opus,chloride
./data/macroset/en/clips/chloride/common_voice_en_371034.opus,chloride
./data/macroset/en/clips/chloride/common_voice_en_194949.opus,chloride
./data/macroset/en/clips/alexandra/common_voice_en_21180466.opus,alexandra
./data/macroset/en/clips/alexandra/common_voice_en_20781974.opus,alexandra
./data/macroset/en/clips/alexandra/common_voice_en_20063588.opus,alexandra
./data/macroset/en/clips/alexandra/common_voice_en_21796539.opus,alexandra
./data/macroset/en/clips/alexandra/common_voice_en_19728286.opus,alexandra
./data/macroset/en/clips/relating/common_voice_en_19709596.opus,relating
./data/macroset/en/clips/relating/common_voice_en_19947424.opus,relating
./data/macroset/en/clips/relating/common_voice_en_22184317.opus,relating
./data/macroset/en/clips/relating/common_voice_en_19985389.opus,relating
./data/macroset/en/clips/relating/common_voice_en_21714009.opus,relating
./data/macroset/en/clips/suffers/common_voice_en_20122622.opus,suffers
./data/macroset/en/clips/suffers/common_voice_en_20401565.opus,suffers
./data/macroset/en/clips/suffers/common_voice_en_20743555.opus,suffers
./data/macroset/en/clips/suffers/common_voice_en_20202684.opus,suffers
./data/macroset/en/clips/suffers/common_voice_en_20535653.opus,suffers
./data/macroset/en/clips/eldest/common_voice_en_18840540.opus,eldest
./data/macroset/en/clips/eldest/common_voice_en_21543083.opus,eldest
./data/macroset/en/clips/eldest/common_voice_en_21986317.opus,eldest
./data/macroset/en/clips/eldest/common_voice_en_20433358.opus,eldest
./data/macroset/en/clips/eldest/common_voice_en_18985361.opus,eldest
./data/macroset/en/clips/remove/common_voice_en_19197461.opus,remove
./data/macroset/en/clips/remove/common_voice_en_175348.opus,remove
./data/macroset/en/clips/remove/common_voice_en_19579334.opus,remove
./data/macroset/en/clips/remove/common_voice_en_508763.opus,remove
./data/macroset/en/clips/remove/common_voice_en_15734416.opus,remove
./data/macroset/en/clips/much/common_voice_en_18400810.opus,much
./data/macroset/en/clips/much/common_voice_en_493634.opus,much
./data/macroset/en/clips/much/common_voice_en_20596726.opus,much
./data/macroset/en/clips/much/common_voice_en_20540410.opus,much
./data/macroset/en/clips/much/common_voice_en_18419590.opus,much
./data/macroset/en/clips/distracted/common_voice_en_500628.opus,distracted
./data/macroset/en/clips/distracted/common_voice_en_54331.opus,distracted
./data/macroset/en/clips/distracted/common_voice_en_34824.opus,distracted
./data/macroset/en/clips/distracted/common_voice_en_596456.opus,distracted
./data/macroset/en/clips/distracted/common_voice_en_666937.opus,distracted
./data/macroset/en/clips/carries/common_voice_en_19639929.opus,carries
./data/macroset/en/clips/carries/common_voice_en_20447999.opus,carries
./data/macroset/en/clips/carries/common_voice_en_594678.opus,carries
./data/macroset/en/clips/carries/common_voice_en_20268137.opus,carries
./data/macroset/en/clips/carries/common_voice_en_62214.opus,carries
./data/macroset/en/clips/tapes/common_voice_en_21603323.opus,tapes
./data/macroset/en/clips/tapes/common_voice_en_19840987.opus,tapes
./data/macroset/en/clips/tapes/common_voice_en_20800881.opus,tapes
./data/macroset/en/clips/tapes/common_voice_en_22117955.opus,tapes
./data/macroset/en/clips/tapes/common_voice_en_19636395.opus,tapes
./data/macroset/en/clips/yummy/common_voice_en_577311.opus,yummy
./data/macroset/en/clips/yummy/common_voice_en_699971.opus,yummy
./data/macroset/en/clips/yummy/common_voice_en_17255509.opus,yummy
./data/macroset/en/clips/yummy/common_voice_en_11820228.opus,yummy
./data/macroset/en/clips/yummy/common_voice_en_312117.opus,yummy
./data/macroset/en/clips/arrested/common_voice_en_20130370.opus,arrested
./data/macroset/en/clips/arrested/common_voice_en_21342336.opus,arrested
./data/macroset/en/clips/arrested/common_voice_en_20114675.opus,arrested
./data/macroset/en/clips/arrested/common_voice_en_19081622.opus,arrested
./data/macroset/en/clips/arrested/common_voice_en_91165.opus,arrested
./data/macroset/en/clips/ultimatum/common_voice_en_502920.opus,ultimatum
./data/macroset/en/clips/ultimatum/common_voice_en_15758.opus,ultimatum
./data/macroset/en/clips/ultimatum/common_voice_en_539275.opus,ultimatum
./data/macroset/en/clips/ultimatum/common_voice_en_18994417.opus,ultimatum
./data/macroset/en/clips/ultimatum/common_voice_en_498186.opus,ultimatum
./data/macroset/en/clips/londoners/common_voice_en_502874.opus,londoners
./data/macroset/en/clips/londoners/common_voice_en_24141.opus,londoners
./data/macroset/en/clips/londoners/common_voice_en_20168064.opus,londoners
./data/macroset/en/clips/londoners/common_voice_en_606689.opus,londoners
./data/macroset/en/clips/londoners/common_voice_en_673935.opus,londoners
./data/macroset/en/clips/mack/common_voice_en_22470931.opus,mack
./data/macroset/en/clips/mack/common_voice_en_553105.opus,mack
./data/macroset/en/clips/mack/common_voice_en_19263758__2.opus,mack
./data/macroset/en/clips/mack/common_voice_en_20228871.opus,mack
./data/macroset/en/clips/mack/common_voice_en_19947481.opus,mack
./data/macroset/en/clips/bureau/common_voice_en_19024739.opus,bureau
./data/macroset/en/clips/bureau/common_voice_en_19635549.opus,bureau
./data/macroset/en/clips/bureau/common_voice_en_21715518.opus,bureau
./data/macroset/en/clips/bureau/common_voice_en_20526383.opus,bureau
./data/macroset/en/clips/bureau/common_voice_en_19561709.opus,bureau
./data/macroset/en/clips/accommodate/common_voice_en_22320648.opus,accommodate
./data/macroset/en/clips/accommodate/common_voice_en_20173140.opus,accommodate
./data/macroset/en/clips/accommodate/common_voice_en_20358666.opus,accommodate
./data/macroset/en/clips/accommodate/common_voice_en_22361305.opus,accommodate
./data/macroset/en/clips/accommodate/common_voice_en_19766349.opus,accommodate
./data/macroset/en/clips/onions/common_voice_en_543066.opus,onions
./data/macroset/en/clips/onions/common_voice_en_18405754.opus,onions
./data/macroset/en/clips/onions/common_voice_en_21997926.opus,onions
./data/macroset/en/clips/onions/common_voice_en_17249881.opus,onions
./data/macroset/en/clips/onions/common_voice_en_17266872.opus,onions
./data/macroset/en/clips/curriculum/common_voice_en_20315417.opus,curriculum
./data/macroset/en/clips/curriculum/common_voice_en_21943130.opus,curriculum
./data/macroset/en/clips/curriculum/common_voice_en_19531917.opus,curriculum
./data/macroset/en/clips/curriculum/common_voice_en_19515769.opus,curriculum
./data/macroset/en/clips/curriculum/common_voice_en_22052015.opus,curriculum
./data/macroset/en/clips/contest/common_voice_en_21284137.opus,contest
./data/macroset/en/clips/contest/common_voice_en_482647.opus,contest
./data/macroset/en/clips/contest/common_voice_en_21771815.opus,contest
./data/macroset/en/clips/contest/common_voice_en_21771592.opus,contest
./data/macroset/en/clips/contest/common_voice_en_631661.opus,contest
./data/macroset/en/clips/villains/common_voice_en_21648744.opus,villains
./data/macroset/en/clips/villains/common_voice_en_19540738.opus,villains
./data/macroset/en/clips/villains/common_voice_en_19199319.opus,villains
./data/macroset/en/clips/villains/common_voice_en_19735113.opus,villains
./data/macroset/en/clips/villains/common_voice_en_17852143.opus,villains
./data/macroset/en/clips/did/common_voice_en_17284479.opus,did
./data/macroset/en/clips/did/common_voice_en_659259.opus,did
./data/macroset/en/clips/did/common_voice_en_69781__2.opus,did
./data/macroset/en/clips/did/common_voice_en_573799.opus,did
./data/macroset/en/clips/did/common_voice_en_17400130.opus,did
./data/macroset/en/clips/kiss/common_voice_en_594981.opus,kiss
./data/macroset/en/clips/kiss/common_voice_en_17799758.opus,kiss
./data/macroset/en/clips/kiss/common_voice_en_21795982.opus,kiss
./data/macroset/en/clips/kiss/common_voice_en_20961855.opus,kiss
./data/macroset/en/clips/kiss/common_voice_en_508802.opus,kiss
./data/macroset/en/clips/bakery/common_voice_en_654710.opus,bakery
./data/macroset/en/clips/bakery/common_voice_en_174449.opus,bakery
./data/macroset/en/clips/bakery/common_voice_en_41937.opus,bakery
./data/macroset/en/clips/bakery/common_voice_en_53253.opus,bakery
./data/macroset/en/clips/bakery/common_voice_en_21554.opus,bakery
./data/macroset/en/clips/depends/common_voice_en_19439268.opus,depends
./data/macroset/en/clips/depends/common_voice_en_19783826.opus,depends
./data/macroset/en/clips/depends/common_voice_en_19102634.opus,depends
./data/macroset/en/clips/depends/common_voice_en_18947689.opus,depends
./data/macroset/en/clips/depends/common_voice_en_17253976__2.opus,depends
./data/macroset/en/clips/owls/common_voice_en_221378.opus,owls
./data/macroset/en/clips/owls/common_voice_en_19777735.opus,owls
./data/macroset/en/clips/owls/common_voice_en_137391.opus,owls
./data/macroset/en/clips/owls/common_voice_en_629992.opus,owls
./data/macroset/en/clips/owls/common_voice_en_20894941.opus,owls
./data/macroset/en/clips/ferguson/common_voice_en_19006955.opus,ferguson
./data/macroset/en/clips/ferguson/common_voice_en_21858073.opus,ferguson
./data/macroset/en/clips/ferguson/common_voice_en_21799663.opus,ferguson
./data/macroset/en/clips/ferguson/common_voice_en_21838773.opus,ferguson
./data/macroset/en/clips/ferguson/common_voice_en_21814460.opus,ferguson
./data/macroset/en/clips/members/common_voice_en_20482214.opus,members
./data/macroset/en/clips/members/common_voice_en_19198892.opus,members
./data/macroset/en/clips/members/common_voice_en_20173546.opus,members
./data/macroset/en/clips/members/common_voice_en_20304218.opus,members
./data/macroset/en/clips/members/common_voice_en_19968791.opus,members
./data/macroset/en/clips/illustrations/common_voice_en_22364187.opus,illustrations
./data/macroset/en/clips/illustrations/common_voice_en_20238481.opus,illustrations
./data/macroset/en/clips/illustrations/common_voice_en_18909350.opus,illustrations
./data/macroset/en/clips/illustrations/common_voice_en_21313955.opus,illustrations
./data/macroset/en/clips/illustrations/common_voice_en_20739904.opus,illustrations
./data/macroset/en/clips/couples/common_voice_en_19715720.opus,couples
./data/macroset/en/clips/couples/common_voice_en_19231829.opus,couples
./data/macroset/en/clips/couples/common_voice_en_33621.opus,couples
./data/macroset/en/clips/couples/common_voice_en_20820905.opus,couples
./data/macroset/en/clips/couples/common_voice_en_510759.opus,couples
./data/macroset/en/clips/strip/common_voice_en_20249725.opus,strip
./data/macroset/en/clips/strip/common_voice_en_20284541.opus,strip
./data/macroset/en/clips/strip/common_voice_en_19659484.opus,strip
./data/macroset/en/clips/strip/common_voice_en_19700780.opus,strip
./data/macroset/en/clips/strip/common_voice_en_21329684.opus,strip
./data/macroset/en/clips/breath/common_voice_en_25815.opus,breath
./data/macroset/en/clips/breath/common_voice_en_18559970.opus,breath
./data/macroset/en/clips/breath/common_voice_en_85942.opus,breath
./data/macroset/en/clips/breath/common_voice_en_83154.opus,breath
./data/macroset/en/clips/breath/common_voice_en_516737.opus,breath
./data/macroset/en/clips/mosque/common_voice_en_19647217.opus,mosque
./data/macroset/en/clips/mosque/common_voice_en_19691807.opus,mosque
./data/macroset/en/clips/mosque/common_voice_en_22308174.opus,mosque
./data/macroset/en/clips/mosque/common_voice_en_19345653.opus,mosque
./data/macroset/en/clips/mosque/common_voice_en_20590332.opus,mosque
./data/macroset/en/clips/bowling/common_voice_en_21240489.opus,bowling
./data/macroset/en/clips/bowling/common_voice_en_20739297.opus,bowling
./data/macroset/en/clips/bowling/common_voice_en_21334463.opus,bowling
./data/macroset/en/clips/bowling/common_voice_en_667592__2.opus,bowling
./data/macroset/en/clips/bowling/common_voice_en_20710886.opus,bowling
./data/macroset/en/clips/appointed/common_voice_en_21380086.opus,appointed
./data/macroset/en/clips/appointed/common_voice_en_19711025.opus,appointed
./data/macroset/en/clips/appointed/common_voice_en_20429117.opus,appointed
./data/macroset/en/clips/appointed/common_voice_en_19205745.opus,appointed
./data/macroset/en/clips/appointed/common_voice_en_20160168.opus,appointed
./data/macroset/en/clips/ducks/common_voice_en_2409820.opus,ducks
./data/macroset/en/clips/ducks/common_voice_en_609410.opus,ducks
./data/macroset/en/clips/ducks/common_voice_en_19552370.opus,ducks
./data/macroset/en/clips/ducks/common_voice_en_18065907.opus,ducks
./data/macroset/en/clips/ducks/common_voice_en_18761905.opus,ducks
./data/macroset/en/clips/compared/common_voice_en_19438481.opus,compared
./data/macroset/en/clips/compared/common_voice_en_21306535.opus,compared
./data/macroset/en/clips/compared/common_voice_en_20485234.opus,compared
./data/macroset/en/clips/compared/common_voice_en_19737914.opus,compared
./data/macroset/en/clips/compared/common_voice_en_21335704.opus,compared
./data/macroset/en/clips/queensland/common_voice_en_20175074.opus,queensland
./data/macroset/en/clips/queensland/common_voice_en_20803999.opus,queensland
./data/macroset/en/clips/queensland/common_voice_en_20767920.opus,queensland
./data/macroset/en/clips/queensland/common_voice_en_21160120.opus,queensland
./data/macroset/en/clips/queensland/common_voice_en_22198637.opus,queensland
./data/macroset/en/clips/bless/common_voice_en_7386988.opus,bless
./data/macroset/en/clips/bless/common_voice_en_617023.opus,bless
./data/macroset/en/clips/bless/common_voice_en_17752706.opus,bless
./data/macroset/en/clips/bless/common_voice_en_12566481.opus,bless
./data/macroset/en/clips/bless/common_voice_en_411145.opus,bless
./data/macroset/en/clips/enemies/common_voice_en_482468.opus,enemies
./data/macroset/en/clips/enemies/common_voice_en_8552845.opus,enemies
./data/macroset/en/clips/enemies/common_voice_en_18580786.opus,enemies
./data/macroset/en/clips/enemies/common_voice_en_613957.opus,enemies
./data/macroset/en/clips/enemies/common_voice_en_19736674.opus,enemies
./data/macroset/en/clips/relies/common_voice_en_21209909.opus,relies
./data/macroset/en/clips/relies/common_voice_en_20971116.opus,relies
./data/macroset/en/clips/relies/common_voice_en_20270787.opus,relies
./data/macroset/en/clips/relies/common_voice_en_20480812.opus,relies
./data/macroset/en/clips/relies/common_voice_en_20217545.opus,relies
./data/macroset/en/clips/assault/common_voice_en_21954353.opus,assault
./data/macroset/en/clips/assault/common_voice_en_18154421.opus,assault
./data/macroset/en/clips/assault/common_voice_en_20478317.opus,assault
./data/macroset/en/clips/assault/common_voice_en_21995127.opus,assault
./data/macroset/en/clips/assault/common_voice_en_22246325.opus,assault
./data/macroset/en/clips/scary/common_voice_en_46117.opus,scary
./data/macroset/en/clips/scary/common_voice_en_549918.opus,scary
./data/macroset/en/clips/scary/common_voice_en_18130466.opus,scary
./data/macroset/en/clips/scary/common_voice_en_17699.opus,scary
./data/macroset/en/clips/scary/common_voice_en_206649.opus,scary
./data/macroset/en/clips/something/common_voice_en_19763014.opus,something
./data/macroset/en/clips/something/common_voice_en_18853025.opus,something
./data/macroset/en/clips/something/common_voice_en_37309.opus,something
./data/macroset/en/clips/something/common_voice_en_515788.opus,something
./data/macroset/en/clips/something/common_voice_en_656866.opus,something
./data/macroset/en/clips/mike/common_voice_en_270254.opus,mike
./data/macroset/en/clips/mike/common_voice_en_18080436.opus,mike
./data/macroset/en/clips/mike/common_voice_en_21224913.opus,mike
./data/macroset/en/clips/mike/common_voice_en_17537537.opus,mike
./data/macroset/en/clips/mike/common_voice_en_20316473.opus,mike
./data/macroset/en/clips/improvement/common_voice_en_20050011.opus,improvement
./data/macroset/en/clips/improvement/common_voice_en_21481299.opus,improvement
./data/macroset/en/clips/improvement/common_voice_en_19319931.opus,improvement
./data/macroset/en/clips/improvement/common_voice_en_484681.opus,improvement
./data/macroset/en/clips/improvement/common_voice_en_204289.opus,improvement
./data/macroset/en/clips/critic/common_voice_en_19953494.opus,critic
./data/macroset/en/clips/critic/common_voice_en_22390935.opus,critic
./data/macroset/en/clips/critic/common_voice_en_20583509.opus,critic
./data/macroset/en/clips/critic/common_voice_en_19419234.opus,critic
./data/macroset/en/clips/critic/common_voice_en_19057556.opus,critic
./data/macroset/en/clips/oversaw/common_voice_en_18880614.opus,oversaw
./data/macroset/en/clips/oversaw/common_voice_en_21318220.opus,oversaw
./data/macroset/en/clips/oversaw/common_voice_en_19733267.opus,oversaw
./data/macroset/en/clips/oversaw/common_voice_en_20248753.opus,oversaw
./data/macroset/en/clips/oversaw/common_voice_en_21061726.opus,oversaw
./data/macroset/en/clips/wet/common_voice_en_18486944.opus,wet
./data/macroset/en/clips/wet/common_voice_en_19594546.opus,wet
./data/macroset/en/clips/wet/common_voice_en_18511136.opus,wet
./data/macroset/en/clips/wet/common_voice_en_96757.opus,wet
./data/macroset/en/clips/wet/common_voice_en_2555.opus,wet
./data/macroset/en/clips/neon/common_voice_en_18101439.opus,neon
./data/macroset/en/clips/neon/common_voice_en_21112662.opus,neon
./data/macroset/en/clips/neon/common_voice_en_18779981.opus,neon
./data/macroset/en/clips/neon/common_voice_en_17409247.opus,neon
./data/macroset/en/clips/neon/common_voice_en_17445632.opus,neon
./data/macroset/en/clips/water/common_voice_en_596853.opus,water
./data/macroset/en/clips/water/common_voice_en_654873.opus,water
./data/macroset/en/clips/water/common_voice_en_20305538.opus,water
./data/macroset/en/clips/water/common_voice_en_21440233.opus,water
./data/macroset/en/clips/water/common_voice_en_19150724.opus,water
./data/macroset/en/clips/gotcha/common_voice_en_191550.opus,gotcha
./data/macroset/en/clips/gotcha/common_voice_en_17248835.opus,gotcha
./data/macroset/en/clips/gotcha/common_voice_en_17798750.opus,gotcha
./data/macroset/en/clips/gotcha/common_voice_en_17965827.opus,gotcha
./data/macroset/en/clips/gotcha/common_voice_en_17283642.opus,gotcha
./data/macroset/en/clips/flora/common_voice_en_20690954.opus,flora
./data/macroset/en/clips/flora/common_voice_en_534093.opus,flora
./data/macroset/en/clips/flora/common_voice_en_55697.opus,flora
./data/macroset/en/clips/flora/common_voice_en_19516205.opus,flora
./data/macroset/en/clips/flora/common_voice_en_421614.opus,flora
./data/macroset/en/clips/universities/common_voice_en_20448379.opus,universities
./data/macroset/en/clips/universities/common_voice_en_21291188.opus,universities
./data/macroset/en/clips/universities/common_voice_en_20560098.opus,universities
./data/macroset/en/clips/universities/common_voice_en_20245262__2.opus,universities
./data/macroset/en/clips/universities/common_voice_en_20513137.opus,universities
./data/macroset/en/clips/troy/common_voice_en_20044183.opus,troy
./data/macroset/en/clips/troy/common_voice_en_19636200.opus,troy
./data/macroset/en/clips/troy/common_voice_en_19855009.opus,troy
./data/macroset/en/clips/troy/common_voice_en_18779905__2.opus,troy
./data/macroset/en/clips/troy/common_voice_en_21389132.opus,troy
./data/macroset/en/clips/inferno/common_voice_en_18102317.opus,inferno
./data/macroset/en/clips/inferno/common_voice_en_19075824.opus,inferno
./data/macroset/en/clips/inferno/common_voice_en_17877162.opus,inferno
./data/macroset/en/clips/inferno/common_voice_en_19591689.opus,inferno
./data/macroset/en/clips/inferno/common_voice_en_17985706.opus,inferno
./data/macroset/en/clips/earliest/common_voice_en_22159382.opus,earliest
./data/macroset/en/clips/earliest/common_voice_en_19801941.opus,earliest
./data/macroset/en/clips/earliest/common_voice_en_20285470.opus,earliest
./data/macroset/en/clips/earliest/common_voice_en_21281236.opus,earliest
./data/macroset/en/clips/earliest/common_voice_en_20272642.opus,earliest
./data/macroset/en/clips/selective/common_voice_en_20798173.opus,selective
./data/macroset/en/clips/selective/common_voice_en_22431385.opus,selective
./data/macroset/en/clips/selective/common_voice_en_19539018.opus,selective
./data/macroset/en/clips/selective/common_voice_en_20035950.opus,selective
./data/macroset/en/clips/selective/common_voice_en_20109321.opus,selective
./data/macroset/en/clips/undo/common_voice_en_18298236.opus,undo
./data/macroset/en/clips/undo/common_voice_en_502843.opus,undo
./data/macroset/en/clips/undo/common_voice_en_146034.opus,undo
./data/macroset/en/clips/undo/common_voice_en_68541.opus,undo
./data/macroset/en/clips/undo/common_voice_en_15904499.opus,undo
./data/macroset/en/clips/sleepy/common_voice_en_18994205.opus,sleepy
./data/macroset/en/clips/sleepy/common_voice_en_21181582.opus,sleepy
./data/macroset/en/clips/sleepy/common_voice_en_610197.opus,sleepy
./data/macroset/en/clips/sleepy/common_voice_en_17990231.opus,sleepy
./data/macroset/en/clips/sleepy/common_voice_en_621804.opus,sleepy
./data/macroset/en/clips/left/common_voice_en_18679992.opus,left
./data/macroset/en/clips/left/common_voice_en_495790.opus,left
./data/macroset/en/clips/left/common_voice_en_665091.opus,left
./data/macroset/en/clips/left/common_voice_en_537714.opus,left
./data/macroset/en/clips/left/common_voice_en_18725982.opus,left
./data/macroset/en/clips/specialized/common_voice_en_20664325.opus,specialized
./data/macroset/en/clips/specialized/common_voice_en_18750227.opus,specialized
./data/macroset/en/clips/specialized/common_voice_en_21939998.opus,specialized
./data/macroset/en/clips/specialized/common_voice_en_18337198.opus,specialized
./data/macroset/en/clips/specialized/common_voice_en_20306026.opus,specialized
./data/macroset/en/clips/bedrooms/common_voice_en_17967460.opus,bedrooms
./data/macroset/en/clips/bedrooms/common_voice_en_17292322.opus,bedrooms
./data/macroset/en/clips/bedrooms/common_voice_en_18123568.opus,bedrooms
./data/macroset/en/clips/bedrooms/common_voice_en_17966093.opus,bedrooms
./data/macroset/en/clips/bedrooms/common_voice_en_17900150.opus,bedrooms
./data/macroset/en/clips/topic/common_voice_en_19557682.opus,topic
./data/macroset/en/clips/topic/common_voice_en_19721335.opus,topic
./data/macroset/en/clips/topic/common_voice_en_17957546.opus,topic
./data/macroset/en/clips/topic/common_voice_en_21106116.opus,topic
./data/macroset/en/clips/topic/common_voice_en_19502834.opus,topic
./data/macroset/en/clips/firm/common_voice_en_19051637.opus,firm
./data/macroset/en/clips/firm/common_voice_en_20562599.opus,firm
./data/macroset/en/clips/firm/common_voice_en_19319256.opus,firm
./data/macroset/en/clips/firm/common_voice_en_20843628.opus,firm
./data/macroset/en/clips/firm/common_voice_en_20294853.opus,firm
./data/macroset/en/clips/marriages/common_voice_en_20075192.opus,marriages
./data/macroset/en/clips/marriages/common_voice_en_494918.opus,marriages
./data/macroset/en/clips/marriages/common_voice_en_22406132.opus,marriages
./data/macroset/en/clips/marriages/common_voice_en_661098.opus,marriages
./data/macroset/en/clips/marriages/common_voice_en_694507.opus,marriages
./data/macroset/en/clips/florence/common_voice_en_21020973.opus,florence
./data/macroset/en/clips/florence/common_voice_en_19646119.opus,florence
./data/macroset/en/clips/florence/common_voice_en_19359077.opus,florence
./data/macroset/en/clips/florence/common_voice_en_21806712.opus,florence
./data/macroset/en/clips/florence/common_voice_en_18722331.opus,florence
./data/macroset/en/clips/miniature/common_voice_en_19214812.opus,miniature
./data/macroset/en/clips/miniature/common_voice_en_19690295.opus,miniature
./data/macroset/en/clips/miniature/common_voice_en_18971358.opus,miniature
./data/macroset/en/clips/miniature/common_voice_en_20255497.opus,miniature
./data/macroset/en/clips/miniature/common_voice_en_18306403.opus,miniature
./data/macroset/en/clips/console/common_voice_en_20322223.opus,console
./data/macroset/en/clips/console/common_voice_en_509015.opus,console
./data/macroset/en/clips/console/common_voice_en_697365.opus,console
./data/macroset/en/clips/console/common_voice_en_590897.opus,console
./data/macroset/en/clips/console/common_voice_en_18113733.opus,console
./data/macroset/en/clips/learn/common_voice_en_558217.opus,learn
./data/macroset/en/clips/learn/common_voice_en_525434.opus,learn
./data/macroset/en/clips/learn/common_voice_en_17748.opus,learn
./data/macroset/en/clips/learn/common_voice_en_522457.opus,learn
./data/macroset/en/clips/learn/common_voice_en_540471.opus,learn
./data/macroset/en/clips/coptic/common_voice_en_39262.opus,coptic
./data/macroset/en/clips/coptic/common_voice_en_84965.opus,coptic
./data/macroset/en/clips/coptic/common_voice_en_20600992.opus,coptic
./data/macroset/en/clips/coptic/common_voice_en_490007.opus,coptic
./data/macroset/en/clips/coptic/common_voice_en_601733.opus,coptic
./data/macroset/en/clips/rims/common_voice_en_18139325.opus,rims
./data/macroset/en/clips/rims/common_voice_en_64256.opus,rims
./data/macroset/en/clips/rims/common_voice_en_19991602.opus,rims
./data/macroset/en/clips/rims/common_voice_en_494442.opus,rims
./data/macroset/en/clips/rims/common_voice_en_20465266.opus,rims
./data/macroset/en/clips/sufferer/common_voice_en_34392.opus,sufferer
./data/macroset/en/clips/sufferer/common_voice_en_15903578.opus,sufferer
./data/macroset/en/clips/sufferer/common_voice_en_173614.opus,sufferer
./data/macroset/en/clips/sufferer/common_voice_en_685022.opus,sufferer
./data/macroset/en/clips/sufferer/common_voice_en_32937.opus,sufferer
./data/macroset/en/clips/measuring/common_voice_en_597070.opus,measuring
./data/macroset/en/clips/measuring/common_voice_en_20526314.opus,measuring
./data/macroset/en/clips/measuring/common_voice_en_19573699.opus,measuring
./data/macroset/en/clips/measuring/common_voice_en_21250753.opus,measuring
./data/macroset/en/clips/measuring/common_voice_en_20063389.opus,measuring
./data/macroset/en/clips/billboards/common_voice_en_519577.opus,billboards
./data/macroset/en/clips/billboards/common_voice_en_46592.opus,billboards
./data/macroset/en/clips/billboards/common_voice_en_548921.opus,billboards
./data/macroset/en/clips/billboards/common_voice_en_86179.opus,billboards
./data/macroset/en/clips/billboards/common_voice_en_633678.opus,billboards
./data/macroset/en/clips/basis/common_voice_en_19982237.opus,basis
./data/macroset/en/clips/basis/common_voice_en_20662970.opus,basis
./data/macroset/en/clips/basis/common_voice_en_19008017.opus,basis
./data/macroset/en/clips/basis/common_voice_en_18924512.opus,basis
./data/macroset/en/clips/basis/common_voice_en_19819320.opus,basis
./data/macroset/en/clips/admired/common_voice_en_314326.opus,admired
./data/macroset/en/clips/admired/common_voice_en_18415928.opus,admired
./data/macroset/en/clips/admired/common_voice_en_19309964.opus,admired
./data/macroset/en/clips/admired/common_voice_en_18615144.opus,admired
./data/macroset/en/clips/admired/common_voice_en_22255861.opus,admired
./data/macroset/en/clips/aircraft/common_voice_en_21692951.opus,aircraft
./data/macroset/en/clips/aircraft/common_voice_en_19483554.opus,aircraft
./data/macroset/en/clips/aircraft/common_voice_en_18993471.opus,aircraft
./data/macroset/en/clips/aircraft/common_voice_en_21338070.opus,aircraft
./data/macroset/en/clips/aircraft/common_voice_en_20056092.opus,aircraft
./data/macroset/en/clips/review/common_voice_en_19055519.opus,review
./data/macroset/en/clips/review/common_voice_en_568246.opus,review
./data/macroset/en/clips/review/common_voice_en_21454678.opus,review
./data/macroset/en/clips/review/common_voice_en_21815555.opus,review
./data/macroset/en/clips/review/common_voice_en_570995.opus,review
./data/macroset/en/clips/produces/common_voice_en_19519168.opus,produces
./data/macroset/en/clips/produces/common_voice_en_22255971.opus,produces
./data/macroset/en/clips/produces/common_voice_en_20875599.opus,produces
./data/macroset/en/clips/produces/common_voice_en_20148017.opus,produces
./data/macroset/en/clips/produces/common_voice_en_19795785.opus,produces
./data/macroset/en/clips/thames/common_voice_en_19616922.opus,thames
./data/macroset/en/clips/thames/common_voice_en_21012616.opus,thames
./data/macroset/en/clips/thames/common_voice_en_22100640__2.opus,thames
./data/macroset/en/clips/thames/common_voice_en_20713097.opus,thames
./data/macroset/en/clips/thames/common_voice_en_20276407.opus,thames
./data/macroset/en/clips/reflections/common_voice_en_18157166.opus,reflections
./data/macroset/en/clips/reflections/common_voice_en_18166453.opus,reflections
./data/macroset/en/clips/reflections/common_voice_en_18126269.opus,reflections
./data/macroset/en/clips/reflections/common_voice_en_18632185.opus,reflections
./data/macroset/en/clips/reflections/common_voice_en_19028256.opus,reflections
./data/macroset/en/clips/fiction/common_voice_en_22398437.opus,fiction
./data/macroset/en/clips/fiction/common_voice_en_18862445.opus,fiction
./data/macroset/en/clips/fiction/common_voice_en_22382314.opus,fiction
./data/macroset/en/clips/fiction/common_voice_en_19090992.opus,fiction
./data/macroset/en/clips/fiction/common_voice_en_22148928.opus,fiction
./data/macroset/en/clips/dangerous/common_voice_en_20231905.opus,dangerous
./data/macroset/en/clips/dangerous/common_voice_en_22255141.opus,dangerous
./data/macroset/en/clips/dangerous/common_voice_en_21229779.opus,dangerous
./data/macroset/en/clips/dangerous/common_voice_en_20457403.opus,dangerous
./data/macroset/en/clips/dangerous/common_voice_en_19112938.opus,dangerous
./data/macroset/en/clips/shopkeeper/common_voice_en_505007.opus,shopkeeper
./data/macroset/en/clips/shopkeeper/common_voice_en_622161.opus,shopkeeper
./data/macroset/en/clips/shopkeeper/common_voice_en_611226.opus,shopkeeper
./data/macroset/en/clips/shopkeeper/common_voice_en_21398824.opus,shopkeeper
./data/macroset/en/clips/shopkeeper/common_voice_en_642381.opus,shopkeeper
./data/macroset/en/clips/newport/common_voice_en_20299483.opus,newport
./data/macroset/en/clips/newport/common_voice_en_21753372.opus,newport
./data/macroset/en/clips/newport/common_voice_en_19848058.opus,newport
./data/macroset/en/clips/newport/common_voice_en_19943885.opus,newport
./data/macroset/en/clips/newport/common_voice_en_22303476.opus,newport
./data/macroset/en/clips/ramps/common_voice_en_19366721.opus,ramps
./data/macroset/en/clips/ramps/common_voice_en_20879822.opus,ramps
./data/macroset/en/clips/ramps/common_voice_en_19597398.opus,ramps
./data/macroset/en/clips/ramps/common_voice_en_21319929.opus,ramps
./data/macroset/en/clips/ramps/common_voice_en_20314615.opus,ramps
./data/macroset/en/clips/hypnotic/common_voice_en_18432126.opus,hypnotic
./data/macroset/en/clips/hypnotic/common_voice_en_12142478.opus,hypnotic
./data/macroset/en/clips/hypnotic/common_voice_en_483399.opus,hypnotic
./data/macroset/en/clips/hypnotic/common_voice_en_660885.opus,hypnotic
./data/macroset/en/clips/hypnotic/common_voice_en_525292.opus,hypnotic
./data/macroset/en/clips/kindly/common_voice_en_677989.opus,kindly
./data/macroset/en/clips/kindly/common_voice_en_607689.opus,kindly
./data/macroset/en/clips/kindly/common_voice_en_29993.opus,kindly
./data/macroset/en/clips/kindly/common_voice_en_633040.opus,kindly
./data/macroset/en/clips/kindly/common_voice_en_18498137.opus,kindly
./data/macroset/en/clips/artistic/common_voice_en_18763564.opus,artistic
./data/macroset/en/clips/artistic/common_voice_en_21866305.opus,artistic
./data/macroset/en/clips/artistic/common_voice_en_18510228.opus,artistic
./data/macroset/en/clips/artistic/common_voice_en_20402944.opus,artistic
./data/macroset/en/clips/artistic/common_voice_en_20993069.opus,artistic
./data/macroset/en/clips/yield/common_voice_en_19680679.opus,yield
./data/macroset/en/clips/yield/common_voice_en_20259282.opus,yield
./data/macroset/en/clips/yield/common_voice_en_575531.opus,yield
./data/macroset/en/clips/yield/common_voice_en_20105449.opus,yield
./data/macroset/en/clips/yield/common_voice_en_18698146.opus,yield
./data/macroset/en/clips/agenda/common_voice_en_18506720.opus,agenda
./data/macroset/en/clips/agenda/common_voice_en_18567513.opus,agenda
./data/macroset/en/clips/agenda/common_voice_en_18522200.opus,agenda
./data/macroset/en/clips/agenda/common_voice_en_19311467.opus,agenda
./data/macroset/en/clips/agenda/common_voice_en_20739614.opus,agenda
./data/macroset/en/clips/convicted/common_voice_en_19533159.opus,convicted
./data/macroset/en/clips/convicted/common_voice_en_22244122.opus,convicted
./data/macroset/en/clips/convicted/common_voice_en_19403282.opus,convicted
./data/macroset/en/clips/convicted/common_voice_en_20031165.opus,convicted
./data/macroset/en/clips/convicted/common_voice_en_20040415.opus,convicted
./data/macroset/en/clips/expressions/common_voice_en_20482112.opus,expressions
./data/macroset/en/clips/expressions/common_voice_en_20025437.opus,expressions
./data/macroset/en/clips/expressions/common_voice_en_20571909.opus,expressions
./data/macroset/en/clips/expressions/common_voice_en_217981.opus,expressions
./data/macroset/en/clips/expressions/common_voice_en_20162825.opus,expressions
./data/macroset/en/clips/slipped/common_voice_en_317136.opus,slipped
./data/macroset/en/clips/slipped/common_voice_en_18054520.opus,slipped
./data/macroset/en/clips/slipped/common_voice_en_635885.opus,slipped
./data/macroset/en/clips/slipped/common_voice_en_562819.opus,slipped
./data/macroset/en/clips/slipped/common_voice_en_268130.opus,slipped
./data/macroset/en/clips/standard/common_voice_en_20984205.opus,standard
./data/macroset/en/clips/standard/common_voice_en_19697747.opus,standard
./data/macroset/en/clips/standard/common_voice_en_19498824.opus,standard
./data/macroset/en/clips/standard/common_voice_en_18725346.opus,standard
./data/macroset/en/clips/standard/common_voice_en_18869335.opus,standard
./data/macroset/en/clips/strait/common_voice_en_18725703.opus,strait
./data/macroset/en/clips/strait/common_voice_en_22259838.opus,strait
./data/macroset/en/clips/strait/common_voice_en_20519860.opus,strait
./data/macroset/en/clips/strait/common_voice_en_19594798.opus,strait
./data/macroset/en/clips/strait/common_voice_en_22364192.opus,strait
./data/macroset/en/clips/masters/common_voice_en_20969186.opus,masters
./data/macroset/en/clips/masters/common_voice_en_46811.opus,masters
./data/macroset/en/clips/masters/common_voice_en_19510815.opus,masters
./data/macroset/en/clips/masters/common_voice_en_20985934.opus,masters
./data/macroset/en/clips/masters/common_voice_en_19841387.opus,masters
./data/macroset/en/clips/threshold/common_voice_en_17329396.opus,threshold
./data/macroset/en/clips/threshold/common_voice_en_18024423.opus,threshold
./data/macroset/en/clips/threshold/common_voice_en_18528846.opus,threshold
./data/macroset/en/clips/threshold/common_voice_en_18034111.opus,threshold
./data/macroset/en/clips/threshold/common_voice_en_20581575.opus,threshold
./data/macroset/en/clips/turned/common_voice_en_62277.opus,turned
./data/macroset/en/clips/turned/common_voice_en_526123.opus,turned
./data/macroset/en/clips/turned/common_voice_en_17520074.opus,turned
./data/macroset/en/clips/turned/common_voice_en_18137884.opus,turned
./data/macroset/en/clips/turned/common_voice_en_614165.opus,turned
./data/macroset/en/clips/sometime/common_voice_en_488513.opus,sometime
./data/macroset/en/clips/sometime/common_voice_en_607498.opus,sometime
./data/macroset/en/clips/sometime/common_voice_en_19757613.opus,sometime
./data/macroset/en/clips/sometime/common_voice_en_19352483.opus,sometime
./data/macroset/en/clips/sometime/common_voice_en_19583813.opus,sometime
./data/macroset/en/clips/emphasis/common_voice_en_18745852.opus,emphasis
./data/macroset/en/clips/emphasis/common_voice_en_20325651.opus,emphasis
./data/macroset/en/clips/emphasis/common_voice_en_19776665.opus,emphasis
./data/macroset/en/clips/emphasis/common_voice_en_19410698.opus,emphasis
./data/macroset/en/clips/emphasis/common_voice_en_20365816.opus,emphasis
./data/macroset/en/clips/integrate/common_voice_en_19775318.opus,integrate
./data/macroset/en/clips/integrate/common_voice_en_19973374.opus,integrate
./data/macroset/en/clips/integrate/common_voice_en_80377.opus,integrate
./data/macroset/en/clips/integrate/common_voice_en_20218366.opus,integrate
./data/macroset/en/clips/integrate/common_voice_en_20159994.opus,integrate
./data/macroset/en/clips/textbooks/common_voice_en_20582575.opus,textbooks
./data/macroset/en/clips/textbooks/common_voice_en_18684821.opus,textbooks
./data/macroset/en/clips/textbooks/common_voice_en_20771192.opus,textbooks
./data/macroset/en/clips/textbooks/common_voice_en_20065782.opus,textbooks
./data/macroset/en/clips/textbooks/common_voice_en_18684821__2.opus,textbooks
./data/macroset/en/clips/fighting/common_voice_en_20402542.opus,fighting
./data/macroset/en/clips/fighting/common_voice_en_18989976.opus,fighting
./data/macroset/en/clips/fighting/common_voice_en_34798.opus,fighting
./data/macroset/en/clips/fighting/common_voice_en_609094.opus,fighting
./data/macroset/en/clips/fighting/common_voice_en_91141.opus,fighting
./data/macroset/en/clips/panza/common_voice_en_17321661.opus,panza
./data/macroset/en/clips/panza/common_voice_en_17265981.opus,panza
./data/macroset/en/clips/panza/common_voice_en_17461434.opus,panza
./data/macroset/en/clips/panza/common_voice_en_17262593.opus,panza
./data/macroset/en/clips/panza/common_voice_en_17294662.opus,panza
./data/macroset/en/clips/wound/common_voice_en_18518599.opus,wound
./data/macroset/en/clips/wound/common_voice_en_550323.opus,wound
./data/macroset/en/clips/wound/common_voice_en_21573877.opus,wound
./data/macroset/en/clips/wound/common_voice_en_20486891.opus,wound
./data/macroset/en/clips/wound/common_voice_en_21112663.opus,wound
./data/macroset/en/clips/chess/common_voice_en_19917033.opus,chess
./data/macroset/en/clips/chess/common_voice_en_4924574.opus,chess
./data/macroset/en/clips/chess/common_voice_en_17922892.opus,chess
./data/macroset/en/clips/chess/common_voice_en_201527.opus,chess
./data/macroset/en/clips/chess/common_voice_en_17392965.opus,chess
./data/macroset/en/clips/hopeful/common_voice_en_532557.opus,hopeful
./data/macroset/en/clips/hopeful/common_voice_en_22670.opus,hopeful
./data/macroset/en/clips/hopeful/common_voice_en_21501317.opus,hopeful
./data/macroset/en/clips/hopeful/common_voice_en_198009.opus,hopeful
./data/macroset/en/clips/hopeful/common_voice_en_632111.opus,hopeful
./data/macroset/en/clips/motto/common_voice_en_20483858.opus,motto
./data/macroset/en/clips/motto/common_voice_en_19546792.opus,motto
./data/macroset/en/clips/motto/common_voice_en_19376018.opus,motto
./data/macroset/en/clips/motto/common_voice_en_22309891.opus,motto
./data/macroset/en/clips/motto/common_voice_en_20303144.opus,motto
./data/macroset/en/clips/respiratory/common_voice_en_20440314.opus,respiratory
./data/macroset/en/clips/respiratory/common_voice_en_21996158__2.opus,respiratory
./data/macroset/en/clips/respiratory/common_voice_en_19001029.opus,respiratory
./data/macroset/en/clips/respiratory/common_voice_en_21771628.opus,respiratory
./data/macroset/en/clips/respiratory/common_voice_en_21439152.opus,respiratory
./data/macroset/en/clips/gesture/common_voice_en_18429078.opus,gesture
./data/macroset/en/clips/gesture/common_voice_en_17292202.opus,gesture
./data/macroset/en/clips/gesture/common_voice_en_632068.opus,gesture
./data/macroset/en/clips/gesture/common_voice_en_17291381.opus,gesture
./data/macroset/en/clips/gesture/common_voice_en_17722.opus,gesture
./data/macroset/en/clips/shared/common_voice_en_19531175.opus,shared
./data/macroset/en/clips/shared/common_voice_en_20989589.opus,shared
./data/macroset/en/clips/shared/common_voice_en_20441874.opus,shared
./data/macroset/en/clips/shared/common_voice_en_19118680__2.opus,shared
./data/macroset/en/clips/shared/common_voice_en_20260180.opus,shared
./data/macroset/en/clips/yukon/common_voice_en_20513245.opus,yukon
./data/macroset/en/clips/yukon/common_voice_en_22181216.opus,yukon
./data/macroset/en/clips/yukon/common_voice_en_19533678.opus,yukon
./data/macroset/en/clips/yukon/common_voice_en_19600782.opus,yukon
./data/macroset/en/clips/yukon/common_voice_en_19722183.opus,yukon
./data/macroset/en/clips/glyphs/common_voice_en_18985518.opus,glyphs
./data/macroset/en/clips/glyphs/common_voice_en_18222457.opus,glyphs
./data/macroset/en/clips/glyphs/common_voice_en_617526.opus,glyphs
./data/macroset/en/clips/glyphs/common_voice_en_18032067.opus,glyphs
./data/macroset/en/clips/glyphs/common_voice_en_575776.opus,glyphs
./data/macroset/en/clips/videos/common_voice_en_20968432.opus,videos
./data/macroset/en/clips/videos/common_voice_en_22304517.opus,videos
./data/macroset/en/clips/videos/common_voice_en_21364890.opus,videos
./data/macroset/en/clips/videos/common_voice_en_21024311.opus,videos
./data/macroset/en/clips/videos/common_voice_en_17398110.opus,videos
./data/macroset/en/clips/sanders/common_voice_en_21888175.opus,sanders
./data/macroset/en/clips/sanders/common_voice_en_19868672.opus,sanders
./data/macroset/en/clips/sanders/common_voice_en_20345526.opus,sanders
./data/macroset/en/clips/sanders/common_voice_en_20877865.opus,sanders
./data/macroset/en/clips/sanders/common_voice_en_21284292.opus,sanders
./data/macroset/en/clips/proper/common_voice_en_22027589.opus,proper
./data/macroset/en/clips/proper/common_voice_en_18739446.opus,proper
./data/macroset/en/clips/proper/common_voice_en_18793653.opus,proper
./data/macroset/en/clips/proper/common_voice_en_18999412.opus,proper
./data/macroset/en/clips/proper/common_voice_en_20948051.opus,proper
./data/macroset/en/clips/deceased/common_voice_en_19507736.opus,deceased
./data/macroset/en/clips/deceased/common_voice_en_20553220.opus,deceased
./data/macroset/en/clips/deceased/common_voice_en_20565137.opus,deceased
./data/macroset/en/clips/deceased/common_voice_en_19575633.opus,deceased
./data/macroset/en/clips/deceased/common_voice_en_18871518.opus,deceased
./data/macroset/en/clips/ways/common_voice_en_19410303.opus,ways
./data/macroset/en/clips/ways/common_voice_en_507053.opus,ways
./data/macroset/en/clips/ways/common_voice_en_19027432.opus,ways
./data/macroset/en/clips/ways/common_voice_en_18460149.opus,ways
./data/macroset/en/clips/ways/common_voice_en_21385676.opus,ways
./data/macroset/en/clips/diagnosis/common_voice_en_19148531.opus,diagnosis
./data/macroset/en/clips/diagnosis/common_voice_en_17922890.opus,diagnosis
./data/macroset/en/clips/diagnosis/common_voice_en_20630906.opus,diagnosis
./data/macroset/en/clips/diagnosis/common_voice_en_18125793.opus,diagnosis
./data/macroset/en/clips/diagnosis/common_voice_en_18277670.opus,diagnosis
./data/macroset/en/clips/life/common_voice_en_505831.opus,life
./data/macroset/en/clips/life/common_voice_en_18090772.opus,life
./data/macroset/en/clips/life/common_voice_en_573989.opus,life
./data/macroset/en/clips/life/common_voice_en_216831.opus,life
./data/macroset/en/clips/life/common_voice_en_20511475.opus,life
./data/macroset/en/clips/complicated/common_voice_en_19940.opus,complicated
./data/macroset/en/clips/complicated/common_voice_en_38998.opus,complicated
./data/macroset/en/clips/complicated/common_voice_en_524090.opus,complicated
./data/macroset/en/clips/complicated/common_voice_en_17851982.opus,complicated
./data/macroset/en/clips/complicated/common_voice_en_564213.opus,complicated
./data/macroset/en/clips/participants/common_voice_en_19339559.opus,participants
./data/macroset/en/clips/participants/common_voice_en_19642582.opus,participants
./data/macroset/en/clips/participants/common_voice_en_18872665.opus,participants
./data/macroset/en/clips/participants/common_voice_en_19545069.opus,participants
./data/macroset/en/clips/participants/common_voice_en_17737272.opus,participants
./data/macroset/en/clips/strings/common_voice_en_530223.opus,strings
./data/macroset/en/clips/strings/common_voice_en_505784.opus,strings
./data/macroset/en/clips/strings/common_voice_en_20992920.opus,strings
./data/macroset/en/clips/strings/common_voice_en_21345634.opus,strings
./data/macroset/en/clips/strings/common_voice_en_20806199.opus,strings
./data/macroset/en/clips/haircut/common_voice_en_507718.opus,haircut
./data/macroset/en/clips/haircut/common_voice_en_18161577.opus,haircut
./data/macroset/en/clips/haircut/common_voice_en_17802092.opus,haircut
./data/macroset/en/clips/haircut/common_voice_en_17859681.opus,haircut
./data/macroset/en/clips/haircut/common_voice_en_92128.opus,haircut
./data/macroset/en/clips/dvd/common_voice_en_55907.opus,dvd
./data/macroset/en/clips/dvd/common_voice_en_515367.opus,dvd
./data/macroset/en/clips/dvd/common_voice_en_481574.opus,dvd
./data/macroset/en/clips/dvd/common_voice_en_552555.opus,dvd
./data/macroset/en/clips/dvd/common_voice_en_210713.opus,dvd
./data/macroset/en/clips/barrett/common_voice_en_20343185.opus,barrett
./data/macroset/en/clips/barrett/common_voice_en_21917642.opus,barrett
./data/macroset/en/clips/barrett/common_voice_en_20027035.opus,barrett
./data/macroset/en/clips/barrett/common_voice_en_19673619.opus,barrett
./data/macroset/en/clips/barrett/common_voice_en_21129834.opus,barrett
./data/macroset/en/clips/cyclists/common_voice_en_174025.opus,cyclists
./data/macroset/en/clips/cyclists/common_voice_en_696325.opus,cyclists
./data/macroset/en/clips/cyclists/common_voice_en_611328.opus,cyclists
./data/macroset/en/clips/cyclists/common_voice_en_605406.opus,cyclists
./data/macroset/en/clips/cyclists/common_voice_en_120925.opus,cyclists
./data/macroset/en/clips/conflicts/common_voice_en_19249103.opus,conflicts
./data/macroset/en/clips/conflicts/common_voice_en_18765295.opus,conflicts
./data/macroset/en/clips/conflicts/common_voice_en_19704228.opus,conflicts
./data/macroset/en/clips/conflicts/common_voice_en_18257326.opus,conflicts
./data/macroset/en/clips/conflicts/common_voice_en_20739796.opus,conflicts
./data/macroset/en/clips/daughters/common_voice_en_19957267.opus,daughters
./data/macroset/en/clips/daughters/common_voice_en_19957733.opus,daughters
./data/macroset/en/clips/daughters/common_voice_en_22318548.opus,daughters
./data/macroset/en/clips/daughters/common_voice_en_20529886.opus,daughters
./data/macroset/en/clips/daughters/common_voice_en_20067735.opus,daughters
./data/macroset/en/clips/singapore/common_voice_en_21517422.opus,singapore
./data/macroset/en/clips/singapore/common_voice_en_19807312.opus,singapore
./data/macroset/en/clips/singapore/common_voice_en_18152657.opus,singapore
./data/macroset/en/clips/singapore/common_voice_en_18403960.opus,singapore
./data/macroset/en/clips/singapore/common_voice_en_20882944.opus,singapore
./data/macroset/en/clips/roses/common_voice_en_18701714.opus,roses
./data/macroset/en/clips/roses/common_voice_en_21263152.opus,roses
./data/macroset/en/clips/roses/common_voice_en_22253405.opus,roses
./data/macroset/en/clips/roses/common_voice_en_17531620.opus,roses
./data/macroset/en/clips/roses/common_voice_en_17281125.opus,roses
./data/macroset/en/clips/researcher/common_voice_en_22090042.opus,researcher
./data/macroset/en/clips/researcher/common_voice_en_17388918.opus,researcher
./data/macroset/en/clips/researcher/common_voice_en_21725233.opus,researcher
./data/macroset/en/clips/researcher/common_voice_en_17321655.opus,researcher
./data/macroset/en/clips/researcher/common_voice_en_17965793.opus,researcher
./data/macroset/en/clips/attention/common_voice_en_22132782.opus,attention
./data/macroset/en/clips/attention/common_voice_en_21843203.opus,attention
./data/macroset/en/clips/attention/common_voice_en_20213861.opus,attention
./data/macroset/en/clips/attention/common_voice_en_17840937.opus,attention
./data/macroset/en/clips/attention/common_voice_en_21543112.opus,attention
./data/macroset/en/clips/dale/common_voice_en_20057447.opus,dale
./data/macroset/en/clips/dale/common_voice_en_20782923.opus,dale
./data/macroset/en/clips/dale/common_voice_en_22032181.opus,dale
./data/macroset/en/clips/dale/common_voice_en_21292137.opus,dale
./data/macroset/en/clips/dale/common_voice_en_22177350.opus,dale
./data/macroset/en/clips/myths/common_voice_en_19644887.opus,myths
./data/macroset/en/clips/myths/common_voice_en_22127875.opus,myths
./data/macroset/en/clips/myths/common_voice_en_21229726.opus,myths
./data/macroset/en/clips/myths/common_voice_en_20190142.opus,myths
./data/macroset/en/clips/myths/common_voice_en_19718854.opus,myths
./data/macroset/en/clips/induced/common_voice_en_21277236.opus,induced
./data/macroset/en/clips/induced/common_voice_en_22284621.opus,induced
./data/macroset/en/clips/induced/common_voice_en_18901782.opus,induced
./data/macroset/en/clips/induced/common_voice_en_18483719.opus,induced
./data/macroset/en/clips/induced/common_voice_en_21992376.opus,induced
./data/macroset/en/clips/liberation/common_voice_en_20016392.opus,liberation
./data/macroset/en/clips/liberation/common_voice_en_21131616__2.opus,liberation
./data/macroset/en/clips/liberation/common_voice_en_22179019.opus,liberation
./data/macroset/en/clips/liberation/common_voice_en_20526528.opus,liberation
./data/macroset/en/clips/liberation/common_voice_en_21138281.opus,liberation
./data/macroset/en/clips/yankees/common_voice_en_19747931.opus,yankees
./data/macroset/en/clips/yankees/common_voice_en_21107071.opus,yankees
./data/macroset/en/clips/yankees/common_voice_en_20816353.opus,yankees
./data/macroset/en/clips/yankees/common_voice_en_20735876.opus,yankees
./data/macroset/en/clips/yankees/common_voice_en_19427664.opus,yankees
./data/macroset/en/clips/rotation/common_voice_en_29710.opus,rotation
./data/macroset/en/clips/rotation/common_voice_en_39213.opus,rotation
./data/macroset/en/clips/rotation/common_voice_en_60464.opus,rotation
./data/macroset/en/clips/rotation/common_voice_en_21252290.opus,rotation
./data/macroset/en/clips/rotation/common_voice_en_20670348.opus,rotation
./data/macroset/en/clips/hospitals/common_voice_en_20887857.opus,hospitals
./data/macroset/en/clips/hospitals/common_voice_en_19610996.opus,hospitals
./data/macroset/en/clips/hospitals/common_voice_en_21686713.opus,hospitals
./data/macroset/en/clips/hospitals/common_voice_en_21137916.opus,hospitals
./data/macroset/en/clips/hospitals/common_voice_en_21281455.opus,hospitals
./data/macroset/en/clips/inspiration/common_voice_en_21552906.opus,inspiration
./data/macroset/en/clips/inspiration/common_voice_en_19478696.opus,inspiration
./data/macroset/en/clips/inspiration/common_voice_en_18981569.opus,inspiration
./data/macroset/en/clips/inspiration/common_voice_en_21343301.opus,inspiration
./data/macroset/en/clips/inspiration/common_voice_en_19952019.opus,inspiration
./data/macroset/en/clips/roots/common_voice_en_19290874.opus,roots
./data/macroset/en/clips/roots/common_voice_en_20391644.opus,roots
./data/macroset/en/clips/roots/common_voice_en_21786250.opus,roots
./data/macroset/en/clips/roots/common_voice_en_19694420.opus,roots
./data/macroset/en/clips/roots/common_voice_en_20261395.opus,roots
./data/macroset/en/clips/lights/common_voice_en_174290.opus,lights
./data/macroset/en/clips/lights/common_voice_en_18277311.opus,lights
./data/macroset/en/clips/lights/common_voice_en_19148728.opus,lights
./data/macroset/en/clips/lights/common_voice_en_86775.opus,lights
./data/macroset/en/clips/lights/common_voice_en_17278936.opus,lights
./data/macroset/en/clips/acting/common_voice_en_19617009.opus,acting
./data/macroset/en/clips/acting/common_voice_en_20244053.opus,acting
./data/macroset/en/clips/acting/common_voice_en_20079540.opus,acting
./data/macroset/en/clips/acting/common_voice_en_20214957.opus,acting
./data/macroset/en/clips/acting/common_voice_en_666861.opus,acting
./data/macroset/en/clips/acid/common_voice_en_20309877.opus,acid
./data/macroset/en/clips/acid/common_voice_en_20706039.opus,acid
./data/macroset/en/clips/acid/common_voice_en_22317735.opus,acid
./data/macroset/en/clips/acid/common_voice_en_20184368.opus,acid
./data/macroset/en/clips/acid/common_voice_en_21916340.opus,acid
./data/macroset/en/clips/epilepsy/common_voice_en_484862.opus,epilepsy
./data/macroset/en/clips/epilepsy/common_voice_en_477021.opus,epilepsy
./data/macroset/en/clips/epilepsy/common_voice_en_538706.opus,epilepsy
./data/macroset/en/clips/epilepsy/common_voice_en_70363.opus,epilepsy
./data/macroset/en/clips/epilepsy/common_voice_en_19311482.opus,epilepsy
./data/macroset/en/clips/expired/common_voice_en_20990422.opus,expired
./data/macroset/en/clips/expired/common_voice_en_19027599.opus,expired
./data/macroset/en/clips/expired/common_voice_en_96959.opus,expired
./data/macroset/en/clips/expired/common_voice_en_309484.opus,expired
./data/macroset/en/clips/expired/common_voice_en_543151.opus,expired
./data/macroset/en/clips/april/common_voice_en_21143668.opus,april
./data/macroset/en/clips/april/common_voice_en_18623460.opus,april
./data/macroset/en/clips/april/common_voice_en_587302.opus,april
./data/macroset/en/clips/april/common_voice_en_20159991.opus,april
./data/macroset/en/clips/april/common_voice_en_18796634.opus,april
./data/macroset/en/clips/dynasty/common_voice_en_21729723.opus,dynasty
./data/macroset/en/clips/dynasty/common_voice_en_21753334.opus,dynasty
./data/macroset/en/clips/dynasty/common_voice_en_20714744.opus,dynasty
./data/macroset/en/clips/dynasty/common_voice_en_21856696.opus,dynasty
./data/macroset/en/clips/dynasty/common_voice_en_19411803.opus,dynasty
./data/macroset/en/clips/guardian/common_voice_en_536877.opus,guardian
./data/macroset/en/clips/guardian/common_voice_en_18626581.opus,guardian
./data/macroset/en/clips/guardian/common_voice_en_18754992.opus,guardian
./data/macroset/en/clips/guardian/common_voice_en_19867788.opus,guardian
./data/macroset/en/clips/guardian/common_voice_en_18641626.opus,guardian
./data/macroset/en/clips/closest/common_voice_en_208424.opus,closest
./data/macroset/en/clips/closest/common_voice_en_34191.opus,closest
./data/macroset/en/clips/closest/common_voice_en_476526.opus,closest
./data/macroset/en/clips/closest/common_voice_en_493796.opus,closest
./data/macroset/en/clips/closest/common_voice_en_216092.opus,closest
./data/macroset/en/clips/employs/common_voice_en_19813882.opus,employs
./data/macroset/en/clips/employs/common_voice_en_22413709.opus,employs
./data/macroset/en/clips/employs/common_voice_en_20757490.opus,employs
./data/macroset/en/clips/employs/common_voice_en_21704953.opus,employs
./data/macroset/en/clips/employs/common_voice_en_19011003.opus,employs
./data/macroset/en/clips/adjoining/common_voice_en_19646862.opus,adjoining
./data/macroset/en/clips/adjoining/common_voice_en_19032712.opus,adjoining
./data/macroset/en/clips/adjoining/common_voice_en_21592820.opus,adjoining
./data/macroset/en/clips/adjoining/common_voice_en_22265445.opus,adjoining
./data/macroset/en/clips/adjoining/common_voice_en_21552182.opus,adjoining
./data/macroset/en/clips/imminent/common_voice_en_21512635.opus,imminent
./data/macroset/en/clips/imminent/common_voice_en_18717364.opus,imminent
./data/macroset/en/clips/imminent/common_voice_en_520928.opus,imminent
./data/macroset/en/clips/imminent/common_voice_en_22000281.opus,imminent
./data/macroset/en/clips/imminent/common_voice_en_20178455.opus,imminent
./data/macroset/en/clips/encode/common_voice_en_169196.opus,encode
./data/macroset/en/clips/encode/common_voice_en_20919894.opus,encode
./data/macroset/en/clips/encode/common_voice_en_17280977.opus,encode
./data/macroset/en/clips/encode/common_voice_en_17505390.opus,encode
./data/macroset/en/clips/encode/common_voice_en_673170.opus,encode
./data/macroset/en/clips/orleans/common_voice_en_21954927.opus,orleans
./data/macroset/en/clips/orleans/common_voice_en_20008971.opus,orleans
./data/macroset/en/clips/orleans/common_voice_en_21024854.opus,orleans
./data/macroset/en/clips/orleans/common_voice_en_20055184.opus,orleans
./data/macroset/en/clips/orleans/common_voice_en_20102362.opus,orleans
./data/macroset/en/clips/runway/common_voice_en_490707.opus,runway
./data/macroset/en/clips/runway/common_voice_en_655267.opus,runway
./data/macroset/en/clips/runway/common_voice_en_20447950.opus,runway
./data/macroset/en/clips/runway/common_voice_en_20440466.opus,runway
./data/macroset/en/clips/runway/common_voice_en_19842398.opus,runway
./data/macroset/en/clips/ought/common_voice_en_663005.opus,ought
./data/macroset/en/clips/ought/common_voice_en_199056.opus,ought
./data/macroset/en/clips/ought/common_voice_en_18564511.opus,ought
./data/macroset/en/clips/ought/common_voice_en_536942.opus,ought
./data/macroset/en/clips/ought/common_voice_en_480660.opus,ought
./data/macroset/en/clips/meant/common_voice_en_556142.opus,meant
./data/macroset/en/clips/meant/common_voice_en_20636399.opus,meant
./data/macroset/en/clips/meant/common_voice_en_19638605.opus,meant
./data/macroset/en/clips/meant/common_voice_en_21750464.opus,meant
./data/macroset/en/clips/meant/common_voice_en_555850.opus,meant
./data/macroset/en/clips/booth/common_voice_en_545697.opus,booth
./data/macroset/en/clips/booth/common_voice_en_22360606.opus,booth
./data/macroset/en/clips/booth/common_voice_en_217969.opus,booth
./data/macroset/en/clips/booth/common_voice_en_643530.opus,booth
./data/macroset/en/clips/booth/common_voice_en_486016.opus,booth
./data/macroset/en/clips/advocated/common_voice_en_21704639.opus,advocated
./data/macroset/en/clips/advocated/common_voice_en_20879902.opus,advocated
./data/macroset/en/clips/advocated/common_voice_en_19764779.opus,advocated
./data/macroset/en/clips/advocated/common_voice_en_20246731.opus,advocated
./data/macroset/en/clips/advocated/common_voice_en_20767616.opus,advocated
./data/macroset/en/clips/accomplice/common_voice_en_18649449.opus,accomplice
./data/macroset/en/clips/accomplice/common_voice_en_17844231.opus,accomplice
./data/macroset/en/clips/accomplice/common_voice_en_20074821.opus,accomplice
./data/macroset/en/clips/accomplice/common_voice_en_17877611.opus,accomplice
./data/macroset/en/clips/accomplice/common_voice_en_18632214.opus,accomplice
./data/macroset/en/clips/applied/common_voice_en_20835927.opus,applied
./data/macroset/en/clips/applied/common_voice_en_19681822.opus,applied
./data/macroset/en/clips/applied/common_voice_en_18978282.opus,applied
./data/macroset/en/clips/applied/common_voice_en_19542395.opus,applied
./data/macroset/en/clips/applied/common_voice_en_21517983.opus,applied
./data/macroset/en/clips/integer/common_voice_en_21466525.opus,integer
./data/macroset/en/clips/integer/common_voice_en_20956651.opus,integer
./data/macroset/en/clips/integer/common_voice_en_20403639.opus,integer
./data/macroset/en/clips/integer/common_voice_en_21348677.opus,integer
./data/macroset/en/clips/integer/common_voice_en_21553085.opus,integer
./data/macroset/en/clips/criminals/common_voice_en_193020.opus,criminals
./data/macroset/en/clips/criminals/common_voice_en_626792.opus,criminals
./data/macroset/en/clips/criminals/common_voice_en_17284408.opus,criminals
./data/macroset/en/clips/criminals/common_voice_en_577280.opus,criminals
./data/macroset/en/clips/criminals/common_voice_en_98959.opus,criminals
./data/macroset/en/clips/nineteenth/common_voice_en_17259809.opus,nineteenth
./data/macroset/en/clips/nineteenth/common_voice_en_17921639.opus,nineteenth
./data/macroset/en/clips/nineteenth/common_voice_en_18779739.opus,nineteenth
./data/macroset/en/clips/nineteenth/common_voice_en_19725396.opus,nineteenth
./data/macroset/en/clips/nineteenth/common_voice_en_17441711.opus,nineteenth
./data/macroset/en/clips/engaged/common_voice_en_20415858.opus,engaged
./data/macroset/en/clips/engaged/common_voice_en_18418605.opus,engaged
./data/macroset/en/clips/engaged/common_voice_en_22291037.opus,engaged
./data/macroset/en/clips/engaged/common_voice_en_18494151.opus,engaged
./data/macroset/en/clips/engaged/common_voice_en_18856097.opus,engaged
./data/macroset/en/clips/couple/common_voice_en_22231985.opus,couple
./data/macroset/en/clips/couple/common_voice_en_18548556.opus,couple
./data/macroset/en/clips/couple/common_voice_en_511120.opus,couple
./data/macroset/en/clips/couple/common_voice_en_20430534.opus,couple
./data/macroset/en/clips/couple/common_voice_en_19855148.opus,couple
./data/macroset/en/clips/fit/common_voice_en_15733532.opus,fit
./data/macroset/en/clips/fit/common_voice_en_22253200.opus,fit
./data/macroset/en/clips/fit/common_voice_en_473719.opus,fit
./data/macroset/en/clips/fit/common_voice_en_18164111.opus,fit
./data/macroset/en/clips/fit/common_voice_en_519388.opus,fit
./data/macroset/en/clips/arrows/common_voice_en_19482628.opus,arrows
./data/macroset/en/clips/arrows/common_voice_en_20946979.opus,arrows
./data/macroset/en/clips/arrows/common_voice_en_21872904.opus,arrows
./data/macroset/en/clips/arrows/common_voice_en_19636857.opus,arrows
./data/macroset/en/clips/arrows/common_voice_en_18761857.opus,arrows
./data/macroset/en/clips/citing/common_voice_en_21500470.opus,citing
./data/macroset/en/clips/citing/common_voice_en_20547550.opus,citing
./data/macroset/en/clips/citing/common_voice_en_19786123.opus,citing
./data/macroset/en/clips/citing/common_voice_en_21829705.opus,citing
./data/macroset/en/clips/citing/common_voice_en_21990119.opus,citing
./data/macroset/en/clips/convenient/common_voice_en_19492376.opus,convenient
./data/macroset/en/clips/convenient/common_voice_en_20276160.opus,convenient
./data/macroset/en/clips/convenient/common_voice_en_20643091.opus,convenient
./data/macroset/en/clips/convenient/common_voice_en_18956710.opus,convenient
./data/macroset/en/clips/convenient/common_voice_en_21985665.opus,convenient
./data/macroset/en/clips/hired/common_voice_en_18708557.opus,hired
./data/macroset/en/clips/hired/common_voice_en_20589388.opus,hired
./data/macroset/en/clips/hired/common_voice_en_463719.opus,hired
./data/macroset/en/clips/hired/common_voice_en_20876008.opus,hired
./data/macroset/en/clips/hired/common_voice_en_21719848.opus,hired
./data/macroset/en/clips/suspected/common_voice_en_19841620.opus,suspected
./data/macroset/en/clips/suspected/common_voice_en_19993712.opus,suspected
./data/macroset/en/clips/suspected/common_voice_en_18718141__2.opus,suspected
./data/macroset/en/clips/suspected/common_voice_en_19055661.opus,suspected
./data/macroset/en/clips/suspected/common_voice_en_19701591.opus,suspected
./data/macroset/en/clips/blog/common_voice_en_20519835.opus,blog
./data/macroset/en/clips/blog/common_voice_en_581482.opus,blog
./data/macroset/en/clips/blog/common_voice_en_679880.opus,blog
./data/macroset/en/clips/blog/common_voice_en_19718304.opus,blog
./data/macroset/en/clips/blog/common_voice_en_20286282__2.opus,blog
./data/macroset/en/clips/afghan/common_voice_en_21876220.opus,afghan
./data/macroset/en/clips/afghan/common_voice_en_20298357.opus,afghan
./data/macroset/en/clips/afghan/common_voice_en_20322202.opus,afghan
./data/macroset/en/clips/afghan/common_voice_en_20316317.opus,afghan
./data/macroset/en/clips/afghan/common_voice_en_19805093.opus,afghan
./data/macroset/en/clips/aligned/common_voice_en_19965708.opus,aligned
./data/macroset/en/clips/aligned/common_voice_en_534087.opus,aligned
./data/macroset/en/clips/aligned/common_voice_en_675803.opus,aligned
./data/macroset/en/clips/aligned/common_voice_en_542121.opus,aligned
./data/macroset/en/clips/aligned/common_voice_en_539599.opus,aligned
./data/macroset/en/clips/organizing/common_voice_en_20440486.opus,organizing
./data/macroset/en/clips/organizing/common_voice_en_636914.opus,organizing
./data/macroset/en/clips/organizing/common_voice_en_20246901.opus,organizing
./data/macroset/en/clips/organizing/common_voice_en_20580819.opus,organizing
./data/macroset/en/clips/organizing/common_voice_en_599208.opus,organizing
./data/macroset/en/clips/insulin/common_voice_en_561740.opus,insulin
./data/macroset/en/clips/insulin/common_voice_en_20317015.opus,insulin
./data/macroset/en/clips/insulin/common_voice_en_522372.opus,insulin
./data/macroset/en/clips/insulin/common_voice_en_608541.opus,insulin
./data/macroset/en/clips/insulin/common_voice_en_528855.opus,insulin
./data/macroset/en/clips/piedmont/common_voice_en_19474776.opus,piedmont
./data/macroset/en/clips/piedmont/common_voice_en_21766630.opus,piedmont
./data/macroset/en/clips/piedmont/common_voice_en_20922101.opus,piedmont
./data/macroset/en/clips/piedmont/common_voice_en_20227182.opus,piedmont
./data/macroset/en/clips/piedmont/common_voice_en_20984300.opus,piedmont
./data/macroset/en/clips/ceremony/common_voice_en_22316206.opus,ceremony
./data/macroset/en/clips/ceremony/common_voice_en_18478428.opus,ceremony
./data/macroset/en/clips/ceremony/common_voice_en_33943.opus,ceremony
./data/macroset/en/clips/ceremony/common_voice_en_641964.opus,ceremony
./data/macroset/en/clips/ceremony/common_voice_en_20314836.opus,ceremony
./data/macroset/en/clips/acknowledged/common_voice_en_20929973.opus,acknowledged
./data/macroset/en/clips/acknowledged/common_voice_en_21281759.opus,acknowledged
./data/macroset/en/clips/acknowledged/common_voice_en_20314303.opus,acknowledged
./data/macroset/en/clips/acknowledged/common_voice_en_18433548.opus,acknowledged
./data/macroset/en/clips/acknowledged/common_voice_en_20794254.opus,acknowledged
./data/macroset/en/clips/lately/common_voice_en_20815849.opus,lately
./data/macroset/en/clips/lately/common_voice_en_22183168.opus,lately
./data/macroset/en/clips/lately/common_voice_en_597932.opus,lately
./data/macroset/en/clips/lately/common_voice_en_664133.opus,lately
./data/macroset/en/clips/lately/common_voice_en_21818298.opus,lately
./data/macroset/en/clips/formatting/common_voice_en_18306113.opus,formatting
./data/macroset/en/clips/formatting/common_voice_en_76260.opus,formatting
./data/macroset/en/clips/formatting/common_voice_en_629752.opus,formatting
./data/macroset/en/clips/formatting/common_voice_en_195907.opus,formatting
./data/macroset/en/clips/formatting/common_voice_en_577847.opus,formatting
./data/macroset/en/clips/helped/common_voice_en_20750414.opus,helped
./data/macroset/en/clips/helped/common_voice_en_519420.opus,helped
./data/macroset/en/clips/helped/common_voice_en_31292.opus,helped
./data/macroset/en/clips/helped/common_voice_en_581131.opus,helped
./data/macroset/en/clips/helped/common_voice_en_59057.opus,helped
./data/macroset/en/clips/minerals/common_voice_en_20178040.opus,minerals
./data/macroset/en/clips/minerals/common_voice_en_19747937.opus,minerals
./data/macroset/en/clips/minerals/common_voice_en_20728164.opus,minerals
./data/macroset/en/clips/minerals/common_voice_en_20474323.opus,minerals
./data/macroset/en/clips/minerals/common_voice_en_20791596.opus,minerals
./data/macroset/en/clips/sort/common_voice_en_125743.opus,sort
./data/macroset/en/clips/sort/common_voice_en_17392593.opus,sort
./data/macroset/en/clips/sort/common_voice_en_502243.opus,sort
./data/macroset/en/clips/sort/common_voice_en_17347953.opus,sort
./data/macroset/en/clips/sort/common_voice_en_615836.opus,sort
./data/macroset/en/clips/unique/common_voice_en_18752489.opus,unique
./data/macroset/en/clips/unique/common_voice_en_20257507.opus,unique
./data/macroset/en/clips/unique/common_voice_en_180461.opus,unique
./data/macroset/en/clips/unique/common_voice_en_19953612.opus,unique
./data/macroset/en/clips/unique/common_voice_en_19876644.opus,unique
./data/macroset/en/clips/asks/common_voice_en_22246043.opus,asks
./data/macroset/en/clips/asks/common_voice_en_21712992.opus,asks
./data/macroset/en/clips/asks/common_voice_en_21091751.opus,asks
./data/macroset/en/clips/asks/common_voice_en_19467061.opus,asks
./data/macroset/en/clips/asks/common_voice_en_20312216.opus,asks
./data/macroset/en/clips/refers/common_voice_en_20654976.opus,refers
./data/macroset/en/clips/refers/common_voice_en_20290549.opus,refers
./data/macroset/en/clips/refers/common_voice_en_21991194.opus,refers
./data/macroset/en/clips/refers/common_voice_en_20519831.opus,refers
./data/macroset/en/clips/refers/common_voice_en_21664049.opus,refers
./data/macroset/en/clips/dumb/common_voice_en_585536.opus,dumb
./data/macroset/en/clips/dumb/common_voice_en_17392323.opus,dumb
./data/macroset/en/clips/dumb/common_voice_en_17541607.opus,dumb
./data/macroset/en/clips/dumb/common_voice_en_21453208.opus,dumb
./data/macroset/en/clips/dumb/common_voice_en_17254185.opus,dumb
./data/macroset/en/clips/reddish/common_voice_en_20449629.opus,reddish
./data/macroset/en/clips/reddish/common_voice_en_625955.opus,reddish
./data/macroset/en/clips/reddish/common_voice_en_19908565.opus,reddish
./data/macroset/en/clips/reddish/common_voice_en_19007999.opus,reddish
./data/macroset/en/clips/reddish/common_voice_en_19765923.opus,reddish
./data/macroset/en/clips/nail/common_voice_en_20179799.opus,nail
./data/macroset/en/clips/nail/common_voice_en_18325932.opus,nail
./data/macroset/en/clips/nail/common_voice_en_20883831.opus,nail
./data/macroset/en/clips/nail/common_voice_en_18451531.opus,nail
./data/macroset/en/clips/nail/common_voice_en_497401.opus,nail
./data/macroset/en/clips/thought/common_voice_en_693322.opus,thought
./data/macroset/en/clips/thought/common_voice_en_48016.opus,thought
./data/macroset/en/clips/thought/common_voice_en_196037.opus,thought
./data/macroset/en/clips/thought/common_voice_en_16316.opus,thought
./data/macroset/en/clips/thought/common_voice_en_631122.opus,thought
./data/macroset/en/clips/campbell/common_voice_en_19763105.opus,campbell
./data/macroset/en/clips/campbell/common_voice_en_22163677.opus,campbell
./data/macroset/en/clips/campbell/common_voice_en_19719269.opus,campbell
./data/macroset/en/clips/campbell/common_voice_en_21476583.opus,campbell
./data/macroset/en/clips/campbell/common_voice_en_19762248__2.opus,campbell
./data/macroset/en/clips/sincerely/common_voice_en_17248295.opus,sincerely
./data/macroset/en/clips/sincerely/common_voice_en_17258842.opus,sincerely
./data/macroset/en/clips/sincerely/common_voice_en_188304.opus,sincerely
./data/macroset/en/clips/sincerely/common_voice_en_17862842.opus,sincerely
./data/macroset/en/clips/sincerely/common_voice_en_17556359.opus,sincerely
./data/macroset/en/clips/echo/common_voice_en_27656.opus,echo
./data/macroset/en/clips/echo/common_voice_en_21434959.opus,echo
./data/macroset/en/clips/echo/common_voice_en_502723.opus,echo
./data/macroset/en/clips/echo/common_voice_en_19499687.opus,echo
./data/macroset/en/clips/echo/common_voice_en_21959985.opus,echo
./data/macroset/en/clips/switching/common_voice_en_20872607.opus,switching
./data/macroset/en/clips/switching/common_voice_en_21100368.opus,switching
./data/macroset/en/clips/switching/common_voice_en_657131.opus,switching
./data/macroset/en/clips/switching/common_voice_en_21947483.opus,switching
./data/macroset/en/clips/switching/common_voice_en_20956926.opus,switching
./data/macroset/en/clips/incompatible/common_voice_en_37248.opus,incompatible
./data/macroset/en/clips/incompatible/common_voice_en_20294958.opus,incompatible
./data/macroset/en/clips/incompatible/common_voice_en_17147490.opus,incompatible
./data/macroset/en/clips/incompatible/common_voice_en_178884.opus,incompatible
./data/macroset/en/clips/incompatible/common_voice_en_469919.opus,incompatible
./data/macroset/en/clips/questionable/common_voice_en_57578.opus,questionable
./data/macroset/en/clips/questionable/common_voice_en_21105824.opus,questionable
./data/macroset/en/clips/questionable/common_voice_en_635880.opus,questionable
./data/macroset/en/clips/questionable/common_voice_en_488734.opus,questionable
./data/macroset/en/clips/questionable/common_voice_en_21507333.opus,questionable
./data/macroset/en/clips/every/common_voice_en_20995960.opus,every
./data/macroset/en/clips/every/common_voice_en_668091.opus,every
./data/macroset/en/clips/every/common_voice_en_59832.opus,every
./data/macroset/en/clips/every/common_voice_en_18872345.opus,every
./data/macroset/en/clips/every/common_voice_en_663311.opus,every
./data/macroset/en/clips/penetration/common_voice_en_563453.opus,penetration
./data/macroset/en/clips/penetration/common_voice_en_677473.opus,penetration
./data/macroset/en/clips/penetration/common_voice_en_19091169.opus,penetration
./data/macroset/en/clips/penetration/common_voice_en_600896.opus,penetration
./data/macroset/en/clips/penetration/common_voice_en_654248.opus,penetration
./data/macroset/en/clips/aura/common_voice_en_22069.opus,aura
./data/macroset/en/clips/aura/common_voice_en_19268230.opus,aura
./data/macroset/en/clips/aura/common_voice_en_428317.opus,aura
./data/macroset/en/clips/aura/common_voice_en_19162776.opus,aura
./data/macroset/en/clips/aura/common_voice_en_17279080.opus,aura
./data/macroset/en/clips/davis/common_voice_en_20221797.opus,davis
./data/macroset/en/clips/davis/common_voice_en_22121375.opus,davis
./data/macroset/en/clips/davis/common_voice_en_98317.opus,davis
./data/macroset/en/clips/davis/common_voice_en_18767819.opus,davis
./data/macroset/en/clips/davis/common_voice_en_19860666.opus,davis
./data/macroset/en/clips/circle/common_voice_en_30884.opus,circle
./data/macroset/en/clips/circle/common_voice_en_19666677.opus,circle
./data/macroset/en/clips/circle/common_voice_en_197450.opus,circle
./data/macroset/en/clips/circle/common_voice_en_680776.opus,circle
./data/macroset/en/clips/circle/common_voice_en_174783.opus,circle
./data/macroset/en/clips/slain/common_voice_en_591902.opus,slain
./data/macroset/en/clips/slain/common_voice_en_19707640.opus,slain
./data/macroset/en/clips/slain/common_voice_en_652826.opus,slain
./data/macroset/en/clips/slain/common_voice_en_20295289.opus,slain
./data/macroset/en/clips/slain/common_voice_en_19981103.opus,slain
./data/macroset/en/clips/neutron/common_voice_en_19079881.opus,neutron
./data/macroset/en/clips/neutron/common_voice_en_544809.opus,neutron
./data/macroset/en/clips/neutron/common_voice_en_19667712.opus,neutron
./data/macroset/en/clips/neutron/common_voice_en_18164571.opus,neutron
./data/macroset/en/clips/neutron/common_voice_en_18817872.opus,neutron
./data/macroset/en/clips/not/common_voice_en_22042884.opus,not
./data/macroset/en/clips/not/common_voice_en_642951.opus,not
./data/macroset/en/clips/not/common_voice_en_17325578.opus,not
./data/macroset/en/clips/not/common_voice_en_18928497.opus,not
./data/macroset/en/clips/not/common_voice_en_15735533.opus,not
./data/macroset/en/clips/lost/common_voice_en_20281125.opus,lost
./data/macroset/en/clips/lost/common_voice_en_18128545.opus,lost
./data/macroset/en/clips/lost/common_voice_en_575845.opus,lost
./data/macroset/en/clips/lost/common_voice_en_18658235.opus,lost
./data/macroset/en/clips/lost/common_voice_en_19230718.opus,lost
./data/macroset/en/clips/sensed/common_voice_en_654923.opus,sensed
./data/macroset/en/clips/sensed/common_voice_en_183027.opus,sensed
./data/macroset/en/clips/sensed/common_voice_en_672645.opus,sensed
./data/macroset/en/clips/sensed/common_voice_en_177856.opus,sensed
./data/macroset/en/clips/sensed/common_voice_en_485283.opus,sensed
./data/macroset/en/clips/guitarist/common_voice_en_20418158.opus,guitarist
./data/macroset/en/clips/guitarist/common_voice_en_20503251.opus,guitarist
./data/macroset/en/clips/guitarist/common_voice_en_21257897.opus,guitarist
./data/macroset/en/clips/guitarist/common_voice_en_19698813.opus,guitarist
./data/macroset/en/clips/guitarist/common_voice_en_19018864.opus,guitarist
./data/macroset/en/clips/camden/common_voice_en_19669519.opus,camden
./data/macroset/en/clips/camden/common_voice_en_20883024.opus,camden
./data/macroset/en/clips/camden/common_voice_en_19645985.opus,camden
./data/macroset/en/clips/camden/common_voice_en_20837104.opus,camden
./data/macroset/en/clips/camden/common_voice_en_22398030.opus,camden
./data/macroset/en/clips/relax/common_voice_en_18075568.opus,relax
./data/macroset/en/clips/relax/common_voice_en_547888.opus,relax
./data/macroset/en/clips/relax/common_voice_en_308485.opus,relax
./data/macroset/en/clips/relax/common_voice_en_555155.opus,relax
./data/macroset/en/clips/relax/common_voice_en_18123385.opus,relax
./data/macroset/en/clips/formation/common_voice_en_20052060.opus,formation
./data/macroset/en/clips/formation/common_voice_en_19544127.opus,formation
./data/macroset/en/clips/formation/common_voice_en_18943070.opus,formation
./data/macroset/en/clips/formation/common_voice_en_22405555.opus,formation
./data/macroset/en/clips/formation/common_voice_en_552732.opus,formation
./data/macroset/en/clips/cheek/common_voice_en_17787176.opus,cheek
./data/macroset/en/clips/cheek/common_voice_en_17264148.opus,cheek
./data/macroset/en/clips/cheek/common_voice_en_17261093.opus,cheek
./data/macroset/en/clips/cheek/common_voice_en_20052380.opus,cheek
./data/macroset/en/clips/cheek/common_voice_en_7556845.opus,cheek
./data/macroset/en/clips/staged/common_voice_en_20971198.opus,staged
./data/macroset/en/clips/staged/common_voice_en_20400311.opus,staged
./data/macroset/en/clips/staged/common_voice_en_19730256.opus,staged
./data/macroset/en/clips/staged/common_voice_en_19565839.opus,staged
./data/macroset/en/clips/staged/common_voice_en_20153109.opus,staged
./data/macroset/en/clips/kicking/common_voice_en_658155.opus,kicking
./data/macroset/en/clips/kicking/common_voice_en_699019.opus,kicking
./data/macroset/en/clips/kicking/common_voice_en_18015461.opus,kicking
./data/macroset/en/clips/kicking/common_voice_en_536630.opus,kicking
./data/macroset/en/clips/kicking/common_voice_en_21389712.opus,kicking
./data/macroset/en/clips/finding/common_voice_en_20391369.opus,finding
./data/macroset/en/clips/finding/common_voice_en_685431.opus,finding
./data/macroset/en/clips/finding/common_voice_en_208164.opus,finding
./data/macroset/en/clips/finding/common_voice_en_73395.opus,finding
./data/macroset/en/clips/finding/common_voice_en_587866.opus,finding
./data/macroset/en/clips/which/common_voice_en_20045620.opus,which
./data/macroset/en/clips/which/common_voice_en_19789374.opus,which
./data/macroset/en/clips/which/common_voice_en_20529918.opus,which
./data/macroset/en/clips/which/common_voice_en_19741513.opus,which
./data/macroset/en/clips/which/common_voice_en_18708175.opus,which
./data/macroset/en/clips/elevated/common_voice_en_19649435.opus,elevated
./data/macroset/en/clips/elevated/common_voice_en_20357850.opus,elevated
./data/macroset/en/clips/elevated/common_voice_en_20442457.opus,elevated
./data/macroset/en/clips/elevated/common_voice_en_21996486.opus,elevated
./data/macroset/en/clips/elevated/common_voice_en_22081583.opus,elevated
./data/macroset/en/clips/sanskrit/common_voice_en_20960077.opus,sanskrit
./data/macroset/en/clips/sanskrit/common_voice_en_18816916.opus,sanskrit
./data/macroset/en/clips/sanskrit/common_voice_en_19719382.opus,sanskrit
./data/macroset/en/clips/sanskrit/common_voice_en_20182272.opus,sanskrit
./data/macroset/en/clips/sanskrit/common_voice_en_20498982.opus,sanskrit
./data/macroset/en/clips/savage/common_voice_en_19168607.opus,savage
./data/macroset/en/clips/savage/common_voice_en_22388728.opus,savage
./data/macroset/en/clips/savage/common_voice_en_18974765.opus,savage
./data/macroset/en/clips/savage/common_voice_en_19948913.opus,savage
./data/macroset/en/clips/savage/common_voice_en_19869405.opus,savage
./data/macroset/en/clips/sixty/common_voice_en_22303056.opus,sixty
./data/macroset/en/clips/sixty/common_voice_en_18809894.opus,sixty
./data/macroset/en/clips/sixty/common_voice_en_22162944.opus,sixty
./data/macroset/en/clips/sixty/common_voice_en_211971__2.opus,sixty
./data/macroset/en/clips/sixty/common_voice_en_18664960.opus,sixty
./data/macroset/en/clips/purely/common_voice_en_21543123.opus,purely
./data/macroset/en/clips/purely/common_voice_en_18869896.opus,purely
./data/macroset/en/clips/purely/common_voice_en_19687193.opus,purely
./data/macroset/en/clips/purely/common_voice_en_21020861.opus,purely
./data/macroset/en/clips/purely/common_voice_en_19637910.opus,purely
./data/macroset/en/clips/clarify/common_voice_en_17352158.opus,clarify
./data/macroset/en/clips/clarify/common_voice_en_17387386.opus,clarify
./data/macroset/en/clips/clarify/common_voice_en_19289081.opus,clarify
./data/macroset/en/clips/clarify/common_voice_en_20952704.opus,clarify
./data/macroset/en/clips/clarify/common_voice_en_17868755.opus,clarify
./data/macroset/en/clips/seers/common_voice_en_522163.opus,seers
./data/macroset/en/clips/seers/common_voice_en_18721.opus,seers
./data/macroset/en/clips/seers/common_voice_en_668716.opus,seers
./data/macroset/en/clips/seers/common_voice_en_85185.opus,seers
./data/macroset/en/clips/seers/common_voice_en_571154.opus,seers
./data/macroset/en/clips/mall/common_voice_en_501322.opus,mall
./data/macroset/en/clips/mall/common_voice_en_501222.opus,mall
./data/macroset/en/clips/mall/common_voice_en_19742303.opus,mall
./data/macroset/en/clips/mall/common_voice_en_21994878.opus,mall
./data/macroset/en/clips/mall/common_voice_en_19037074.opus,mall
./data/macroset/en/clips/cats/common_voice_en_22404882.opus,cats
./data/macroset/en/clips/cats/common_voice_en_17875061.opus,cats
./data/macroset/en/clips/cats/common_voice_en_557646.opus,cats
./data/macroset/en/clips/cats/common_voice_en_17290921.opus,cats
./data/macroset/en/clips/cats/common_voice_en_18543021.opus,cats
./data/macroset/en/clips/dreadful/common_voice_en_521457.opus,dreadful
./data/macroset/en/clips/dreadful/common_voice_en_25297.opus,dreadful
./data/macroset/en/clips/dreadful/common_voice_en_620728.opus,dreadful
./data/macroset/en/clips/dreadful/common_voice_en_45280.opus,dreadful
./data/macroset/en/clips/dreadful/common_voice_en_125306.opus,dreadful
./data/macroset/en/clips/linear/common_voice_en_19717660.opus,linear
./data/macroset/en/clips/linear/common_voice_en_20574910.opus,linear
./data/macroset/en/clips/linear/common_voice_en_19989836.opus,linear
./data/macroset/en/clips/linear/common_voice_en_21181367.opus,linear
./data/macroset/en/clips/linear/common_voice_en_21725398.opus,linear
./data/macroset/en/clips/posted/common_voice_en_17717779.opus,posted
./data/macroset/en/clips/posted/common_voice_en_17267454.opus,posted
./data/macroset/en/clips/posted/common_voice_en_521673.opus,posted
./data/macroset/en/clips/posted/common_voice_en_595536.opus,posted
./data/macroset/en/clips/posted/common_voice_en_17265932.opus,posted
./data/macroset/en/clips/remote/common_voice_en_18158820.opus,remote
./data/macroset/en/clips/remote/common_voice_en_18115548.opus,remote
./data/macroset/en/clips/remote/common_voice_en_18896484.opus,remote
./data/macroset/en/clips/remote/common_voice_en_20473846.opus,remote
./data/macroset/en/clips/remote/common_voice_en_18936116.opus,remote
./data/macroset/en/clips/projectile/common_voice_en_38929.opus,projectile
./data/macroset/en/clips/projectile/common_voice_en_683617.opus,projectile
./data/macroset/en/clips/projectile/common_voice_en_633705.opus,projectile
./data/macroset/en/clips/projectile/common_voice_en_24556.opus,projectile
./data/macroset/en/clips/projectile/common_voice_en_162831.opus,projectile
./data/macroset/en/clips/outdoor/common_voice_en_19320538.opus,outdoor
./data/macroset/en/clips/outdoor/common_voice_en_19630443.opus,outdoor
./data/macroset/en/clips/outdoor/common_voice_en_21072625.opus,outdoor
./data/macroset/en/clips/outdoor/common_voice_en_209741.opus,outdoor
./data/macroset/en/clips/outdoor/common_voice_en_19673990.opus,outdoor
./data/macroset/en/clips/communities/common_voice_en_19655518.opus,communities
./data/macroset/en/clips/communities/common_voice_en_18901895.opus,communities
./data/macroset/en/clips/communities/common_voice_en_19254686.opus,communities
./data/macroset/en/clips/communities/common_voice_en_20961216.opus,communities
./data/macroset/en/clips/communities/common_voice_en_21391766.opus,communities
./data/macroset/en/clips/unlock/common_voice_en_500563.opus,unlock
./data/macroset/en/clips/unlock/common_voice_en_361722.opus,unlock
./data/macroset/en/clips/unlock/common_voice_en_3497361.opus,unlock
./data/macroset/en/clips/unlock/common_voice_en_481415.opus,unlock
./data/macroset/en/clips/unlock/common_voice_en_18105016.opus,unlock
./data/macroset/en/clips/jellyfish/common_voice_en_17303787.opus,jellyfish
./data/macroset/en/clips/jellyfish/common_voice_en_22240528.opus,jellyfish
./data/macroset/en/clips/jellyfish/common_voice_en_17324946.opus,jellyfish
./data/macroset/en/clips/jellyfish/common_voice_en_17280985.opus,jellyfish
./data/macroset/en/clips/jellyfish/common_voice_en_196983.opus,jellyfish
./data/macroset/en/clips/jet/common_voice_en_17266738.opus,jet
./data/macroset/en/clips/jet/common_voice_en_486439.opus,jet
./data/macroset/en/clips/jet/common_voice_en_17266875.opus,jet
./data/macroset/en/clips/jet/common_voice_en_20043782.opus,jet
./data/macroset/en/clips/jet/common_voice_en_121241__2.opus,jet
./data/macroset/en/clips/concentrated/common_voice_en_21013606.opus,concentrated
./data/macroset/en/clips/concentrated/common_voice_en_19504805.opus,concentrated
./data/macroset/en/clips/concentrated/common_voice_en_19722118.opus,concentrated
./data/macroset/en/clips/concentrated/common_voice_en_19387290.opus,concentrated
./data/macroset/en/clips/concentrated/common_voice_en_20792875.opus,concentrated
./data/macroset/en/clips/loosened/common_voice_en_98514.opus,loosened
./data/macroset/en/clips/loosened/common_voice_en_666047.opus,loosened
./data/macroset/en/clips/loosened/common_voice_en_678512.opus,loosened
./data/macroset/en/clips/loosened/common_voice_en_559724.opus,loosened
./data/macroset/en/clips/loosened/common_voice_en_489188.opus,loosened
./data/macroset/en/clips/television/common_voice_en_489492.opus,television
./data/macroset/en/clips/television/common_voice_en_20178060.opus,television
./data/macroset/en/clips/television/common_voice_en_18829338.opus,television
./data/macroset/en/clips/television/common_voice_en_19801200.opus,television
./data/macroset/en/clips/television/common_voice_en_18954178.opus,television
./data/macroset/en/clips/jasper/common_voice_en_19100302.opus,jasper
./data/macroset/en/clips/jasper/common_voice_en_17248703.opus,jasper
./data/macroset/en/clips/jasper/common_voice_en_17572484.opus,jasper
./data/macroset/en/clips/jasper/common_voice_en_17345838.opus,jasper
./data/macroset/en/clips/jasper/common_voice_en_626828.opus,jasper
./data/macroset/en/clips/leaving/common_voice_en_19575877.opus,leaving
./data/macroset/en/clips/leaving/common_voice_en_19189898.opus,leaving
./data/macroset/en/clips/leaving/common_voice_en_21429.opus,leaving
./data/macroset/en/clips/leaving/common_voice_en_629857.opus,leaving
./data/macroset/en/clips/leaving/common_voice_en_20375.opus,leaving
./data/macroset/en/clips/turner/common_voice_en_72599.opus,turner
./data/macroset/en/clips/turner/common_voice_en_19449666.opus,turner
./data/macroset/en/clips/turner/common_voice_en_20982580.opus,turner
./data/macroset/en/clips/turner/common_voice_en_22219228.opus,turner
./data/macroset/en/clips/turner/common_voice_en_18922522.opus,turner
./data/macroset/en/clips/indicating/common_voice_en_20437794.opus,indicating
./data/macroset/en/clips/indicating/common_voice_en_557075.opus,indicating
./data/macroset/en/clips/indicating/common_voice_en_618721.opus,indicating
./data/macroset/en/clips/indicating/common_voice_en_18154353.opus,indicating
./data/macroset/en/clips/indicating/common_voice_en_357272.opus,indicating
./data/macroset/en/clips/stylish/common_voice_en_178483.opus,stylish
./data/macroset/en/clips/stylish/common_voice_en_544799.opus,stylish
./data/macroset/en/clips/stylish/common_voice_en_20044141.opus,stylish
./data/macroset/en/clips/stylish/common_voice_en_160275.opus,stylish
./data/macroset/en/clips/stylish/common_voice_en_478108.opus,stylish
./data/macroset/en/clips/arc/common_voice_en_21019594.opus,arc
./data/macroset/en/clips/arc/common_voice_en_22062011.opus,arc
./data/macroset/en/clips/arc/common_voice_en_22237095.opus,arc
./data/macroset/en/clips/arc/common_voice_en_19497638.opus,arc
./data/macroset/en/clips/arc/common_voice_en_22147161.opus,arc
./data/macroset/en/clips/actively/common_voice_en_19640685.opus,actively
./data/macroset/en/clips/actively/common_voice_en_21575901.opus,actively
./data/macroset/en/clips/actively/common_voice_en_20145138.opus,actively
./data/macroset/en/clips/actively/common_voice_en_20539961.opus,actively
./data/macroset/en/clips/actively/common_voice_en_19956406.opus,actively
./data/macroset/en/clips/molecules/common_voice_en_18163332.opus,molecules
./data/macroset/en/clips/molecules/common_voice_en_20504821.opus,molecules
./data/macroset/en/clips/molecules/common_voice_en_18144714.opus,molecules
./data/macroset/en/clips/molecules/common_voice_en_20068148.opus,molecules
./data/macroset/en/clips/molecules/common_voice_en_21876238.opus,molecules
./data/macroset/en/clips/cardinal/common_voice_en_19266714.opus,cardinal
./data/macroset/en/clips/cardinal/common_voice_en_22207360.opus,cardinal
./data/macroset/en/clips/cardinal/common_voice_en_20329126.opus,cardinal
./data/macroset/en/clips/cardinal/common_voice_en_20793075.opus,cardinal
./data/macroset/en/clips/cardinal/common_voice_en_21989142.opus,cardinal
./data/macroset/en/clips/carbon/common_voice_en_659819.opus,carbon
./data/macroset/en/clips/carbon/common_voice_en_22158180.opus,carbon
./data/macroset/en/clips/carbon/common_voice_en_18835856.opus,carbon
./data/macroset/en/clips/carbon/common_voice_en_19546602.opus,carbon
./data/macroset/en/clips/carbon/common_voice_en_22127106.opus,carbon
./data/macroset/en/clips/chemist/common_voice_en_673071.opus,chemist
./data/macroset/en/clips/chemist/common_voice_en_682550.opus,chemist
./data/macroset/en/clips/chemist/common_voice_en_93864.opus,chemist
./data/macroset/en/clips/chemist/common_voice_en_17267940.opus,chemist
./data/macroset/en/clips/chemist/common_voice_en_19694545.opus,chemist
./data/macroset/en/clips/participate/common_voice_en_21303563.opus,participate
./data/macroset/en/clips/participate/common_voice_en_19718136.opus,participate
./data/macroset/en/clips/participate/common_voice_en_21319387.opus,participate
./data/macroset/en/clips/participate/common_voice_en_17787320.opus,participate
./data/macroset/en/clips/participate/common_voice_en_656438.opus,participate
./data/macroset/en/clips/exhausted/common_voice_en_21527200.opus,exhausted
./data/macroset/en/clips/exhausted/common_voice_en_553515.opus,exhausted
./data/macroset/en/clips/exhausted/common_voice_en_18960590.opus,exhausted
./data/macroset/en/clips/exhausted/common_voice_en_607199.opus,exhausted
./data/macroset/en/clips/exhausted/common_voice_en_8752.opus,exhausted
./data/macroset/en/clips/regarded/common_voice_en_19026955.opus,regarded
./data/macroset/en/clips/regarded/common_voice_en_555236.opus,regarded
./data/macroset/en/clips/regarded/common_voice_en_19800114.opus,regarded
./data/macroset/en/clips/regarded/common_voice_en_21838257.opus,regarded
./data/macroset/en/clips/regarded/common_voice_en_21281298.opus,regarded
./data/macroset/en/clips/bring/common_voice_en_17247010.opus,bring
./data/macroset/en/clips/bring/common_voice_en_680680.opus,bring
./data/macroset/en/clips/bring/common_voice_en_192237.opus,bring
./data/macroset/en/clips/bring/common_voice_en_28286.opus,bring
./data/macroset/en/clips/bring/common_voice_en_645172.opus,bring
./data/macroset/en/clips/purchase/common_voice_en_20174468.opus,purchase
./data/macroset/en/clips/purchase/common_voice_en_18796577.opus,purchase
./data/macroset/en/clips/purchase/common_voice_en_21876600.opus,purchase
./data/macroset/en/clips/purchase/common_voice_en_20856988.opus,purchase
./data/macroset/en/clips/purchase/common_voice_en_581259.opus,purchase
./data/macroset/en/clips/success/common_voice_en_619073.opus,success
./data/macroset/en/clips/success/common_voice_en_21160970.opus,success
./data/macroset/en/clips/success/common_voice_en_21974596.opus,success
./data/macroset/en/clips/success/common_voice_en_21845943.opus,success
./data/macroset/en/clips/success/common_voice_en_20182148.opus,success
./data/macroset/en/clips/wade/common_voice_en_20327856.opus,wade
./data/macroset/en/clips/wade/common_voice_en_21852598.opus,wade
./data/macroset/en/clips/wade/common_voice_en_21529312.opus,wade
./data/macroset/en/clips/wade/common_voice_en_582432.opus,wade
./data/macroset/en/clips/wade/common_voice_en_18498930.opus,wade
./data/macroset/en/clips/signals/common_voice_en_19320137.opus,signals
./data/macroset/en/clips/signals/common_voice_en_17835213.opus,signals
./data/macroset/en/clips/signals/common_voice_en_19698441.opus,signals
./data/macroset/en/clips/signals/common_voice_en_22271937.opus,signals
./data/macroset/en/clips/signals/common_voice_en_19677226.opus,signals
./data/macroset/en/clips/headcloth/common_voice_en_561607.opus,headcloth
./data/macroset/en/clips/headcloth/common_voice_en_618170.opus,headcloth
./data/macroset/en/clips/headcloth/common_voice_en_60642.opus,headcloth
./data/macroset/en/clips/headcloth/common_voice_en_59295.opus,headcloth
./data/macroset/en/clips/headcloth/common_voice_en_58757.opus,headcloth
./data/macroset/en/clips/intensive/common_voice_en_20876053.opus,intensive
./data/macroset/en/clips/intensive/common_voice_en_20326503.opus,intensive
./data/macroset/en/clips/intensive/common_voice_en_19637808.opus,intensive
./data/macroset/en/clips/intensive/common_voice_en_20105940.opus,intensive
./data/macroset/en/clips/intensive/common_voice_en_20163166.opus,intensive
./data/macroset/en/clips/summit/common_voice_en_19722643.opus,summit
./data/macroset/en/clips/summit/common_voice_en_20427257.opus,summit
./data/macroset/en/clips/summit/common_voice_en_20860231.opus,summit
./data/macroset/en/clips/summit/common_voice_en_19647341.opus,summit
./data/macroset/en/clips/summit/common_voice_en_19727622.opus,summit
