link,word
./data/macroset/en/clips/describes/common_voice_en_21827266.opus,describes
./data/macroset/en/clips/describes/common_voice_en_21698546.opus,describes
./data/macroset/en/clips/describes/common_voice_en_21397312.opus,describes
./data/macroset/en/clips/describes/common_voice_en_21528774.opus,describes
./data/macroset/en/clips/describes/common_voice_en_18931990.opus,describes
./data/macroset/en/clips/paw/common_voice_en_18354330.opus,paw
./data/macroset/en/clips/paw/common_voice_en_17880847.opus,paw
./data/macroset/en/clips/paw/common_voice_en_524015.opus,paw
./data/macroset/en/clips/paw/common_voice_en_20423861.opus,paw
./data/macroset/en/clips/paw/common_voice_en_19841750.opus,paw
./data/macroset/en/clips/corporation/common_voice_en_20939382.opus,corporation
./data/macroset/en/clips/corporation/common_voice_en_19996839.opus,corporation
./data/macroset/en/clips/corporation/common_voice_en_19130801.opus,corporation
./data/macroset/en/clips/corporation/common_voice_en_18994501.opus,corporation
./data/macroset/en/clips/corporation/common_voice_en_22134537.opus,corporation
./data/macroset/en/clips/membrane/common_voice_en_20457253.opus,membrane
./data/macroset/en/clips/membrane/common_voice_en_20397563.opus,membrane
./data/macroset/en/clips/membrane/common_voice_en_21355161.opus,membrane
./data/macroset/en/clips/membrane/common_voice_en_20391541.opus,membrane
./data/macroset/en/clips/membrane/common_voice_en_20247230.opus,membrane
./data/macroset/en/clips/overturned/common_voice_en_56965.opus,overturned
./data/macroset/en/clips/overturned/common_voice_en_487647.opus,overturned
./data/macroset/en/clips/overturned/common_voice_en_479546.opus,overturned
./data/macroset/en/clips/overturned/common_voice_en_561881.opus,overturned
./data/macroset/en/clips/overturned/common_voice_en_553498.opus,overturned
./data/macroset/en/clips/cairum/common_voice_en_187003.opus,cairum
./data/macroset/en/clips/cairum/common_voice_en_206837.opus,cairum
./data/macroset/en/clips/cairum/common_voice_en_687087.opus,cairum
./data/macroset/en/clips/cairum/common_voice_en_195828.opus,cairum
./data/macroset/en/clips/cairum/common_voice_en_675039.opus,cairum
./data/macroset/en/clips/taxes/common_voice_en_571164.opus,taxes
./data/macroset/en/clips/taxes/common_voice_en_488053.opus,taxes
./data/macroset/en/clips/taxes/common_voice_en_22365705.opus,taxes
./data/macroset/en/clips/taxes/common_voice_en_20783135.opus,taxes
./data/macroset/en/clips/taxes/common_voice_en_19697488.opus,taxes
./data/macroset/en/clips/missions/common_voice_en_21338199.opus,missions
./data/macroset/en/clips/missions/common_voice_en_19742055.opus,missions
./data/macroset/en/clips/missions/common_voice_en_18686583.opus,missions
./data/macroset/en/clips/missions/common_voice_en_19893157.opus,missions
./data/macroset/en/clips/missions/common_voice_en_20955308.opus,missions
./data/macroset/en/clips/dot/common_voice_en_19975782.opus,dot
./data/macroset/en/clips/dot/common_voice_en_19106514.opus,dot
./data/macroset/en/clips/dot/common_voice_en_23130.opus,dot
./data/macroset/en/clips/dot/common_voice_en_485307.opus,dot
./data/macroset/en/clips/dot/common_voice_en_21843177.opus,dot
./data/macroset/en/clips/haven/common_voice_en_22214836.opus,haven
./data/macroset/en/clips/haven/common_voice_en_21411267.opus,haven
./data/macroset/en/clips/haven/common_voice_en_22317237.opus,haven
./data/macroset/en/clips/haven/common_voice_en_18841443.opus,haven
./data/macroset/en/clips/haven/common_voice_en_21101622.opus,haven
./data/macroset/en/clips/paraguay/common_voice_en_18772892.opus,paraguay
./data/macroset/en/clips/paraguay/common_voice_en_17811897.opus,paraguay
./data/macroset/en/clips/paraguay/common_voice_en_19650558.opus,paraguay
./data/macroset/en/clips/paraguay/common_voice_en_17387528.opus,paraguay
./data/macroset/en/clips/paraguay/common_voice_en_18089253.opus,paraguay
./data/macroset/en/clips/streamer/common_voice_en_160333.opus,streamer
./data/macroset/en/clips/streamer/common_voice_en_494574.opus,streamer
./data/macroset/en/clips/streamer/common_voice_en_200062.opus,streamer
./data/macroset/en/clips/streamer/common_voice_en_567130.opus,streamer
./data/macroset/en/clips/streamer/common_voice_en_553581.opus,streamer
./data/macroset/en/clips/ties/common_voice_en_18733570.opus,ties
./data/macroset/en/clips/ties/common_voice_en_18995439.opus,ties
./data/macroset/en/clips/ties/common_voice_en_514132.opus,ties
./data/macroset/en/clips/ties/common_voice_en_652278.opus,ties
./data/macroset/en/clips/ties/common_voice_en_200756.opus,ties
./data/macroset/en/clips/rewrite/common_voice_en_510703.opus,rewrite
./data/macroset/en/clips/rewrite/common_voice_en_18427411.opus,rewrite
./data/macroset/en/clips/rewrite/common_voice_en_116151.opus,rewrite
./data/macroset/en/clips/rewrite/common_voice_en_493922.opus,rewrite
./data/macroset/en/clips/rewrite/common_voice_en_664963.opus,rewrite
./data/macroset/en/clips/karate/common_voice_en_20077903.opus,karate
./data/macroset/en/clips/karate/common_voice_en_537041.opus,karate
./data/macroset/en/clips/karate/common_voice_en_499848.opus,karate
./data/macroset/en/clips/karate/common_voice_en_18261710.opus,karate
./data/macroset/en/clips/karate/common_voice_en_18013519.opus,karate
./data/macroset/en/clips/bring/common_voice_en_49242.opus,bring
./data/macroset/en/clips/bring/common_voice_en_21279564.opus,bring
./data/macroset/en/clips/bring/common_voice_en_39608.opus,bring
./data/macroset/en/clips/bring/common_voice_en_3734.opus,bring
./data/macroset/en/clips/bring/common_voice_en_654446.opus,bring
./data/macroset/en/clips/excitement/common_voice_en_601348.opus,excitement
./data/macroset/en/clips/excitement/common_voice_en_21061088.opus,excitement
./data/macroset/en/clips/excitement/common_voice_en_482295.opus,excitement
./data/macroset/en/clips/excitement/common_voice_en_477417.opus,excitement
./data/macroset/en/clips/excitement/common_voice_en_19845713.opus,excitement
./data/macroset/en/clips/anxiously/common_voice_en_69424.opus,anxiously
./data/macroset/en/clips/anxiously/common_voice_en_175321.opus,anxiously
./data/macroset/en/clips/anxiously/common_voice_en_141393.opus,anxiously
./data/macroset/en/clips/anxiously/common_voice_en_635389.opus,anxiously
./data/macroset/en/clips/anxiously/common_voice_en_18524715.opus,anxiously
./data/macroset/en/clips/donkey/common_voice_en_574722.opus,donkey
./data/macroset/en/clips/donkey/common_voice_en_687607.opus,donkey
./data/macroset/en/clips/donkey/common_voice_en_20600270.opus,donkey
./data/macroset/en/clips/donkey/common_voice_en_19312734.opus,donkey
./data/macroset/en/clips/donkey/common_voice_en_19200846.opus,donkey
./data/macroset/en/clips/esther/common_voice_en_18526758.opus,esther
./data/macroset/en/clips/esther/common_voice_en_18606848.opus,esther
./data/macroset/en/clips/esther/common_voice_en_20005447.opus,esther
./data/macroset/en/clips/esther/common_voice_en_18542834.opus,esther
./data/macroset/en/clips/esther/common_voice_en_18620337.opus,esther
./data/macroset/en/clips/participating/common_voice_en_21160031.opus,participating
./data/macroset/en/clips/participating/common_voice_en_20726332.opus,participating
./data/macroset/en/clips/participating/common_voice_en_19943682.opus,participating
./data/macroset/en/clips/participating/common_voice_en_20463959.opus,participating
./data/macroset/en/clips/participating/common_voice_en_21285082.opus,participating
./data/macroset/en/clips/counselor/common_voice_en_489887.opus,counselor
./data/macroset/en/clips/counselor/common_voice_en_651296.opus,counselor
./data/macroset/en/clips/counselor/common_voice_en_634270.opus,counselor
./data/macroset/en/clips/counselor/common_voice_en_175721.opus,counselor
./data/macroset/en/clips/counselor/common_voice_en_68740.opus,counselor
./data/macroset/en/clips/tracts/common_voice_en_45875.opus,tracts
./data/macroset/en/clips/tracts/common_voice_en_524893.opus,tracts
./data/macroset/en/clips/tracts/common_voice_en_53396.opus,tracts
./data/macroset/en/clips/tracts/common_voice_en_498826.opus,tracts
./data/macroset/en/clips/tracts/common_voice_en_19520060.opus,tracts
./data/macroset/en/clips/follow/common_voice_en_19497295.opus,follow
./data/macroset/en/clips/follow/common_voice_en_584823.opus,follow
./data/macroset/en/clips/follow/common_voice_en_21255195.opus,follow
./data/macroset/en/clips/follow/common_voice_en_18460701.opus,follow
./data/macroset/en/clips/follow/common_voice_en_2861.opus,follow
./data/macroset/en/clips/undergoing/common_voice_en_20109809.opus,undergoing
./data/macroset/en/clips/undergoing/common_voice_en_20576082.opus,undergoing
./data/macroset/en/clips/undergoing/common_voice_en_19434312.opus,undergoing
./data/macroset/en/clips/undergoing/common_voice_en_19716314.opus,undergoing
./data/macroset/en/clips/undergoing/common_voice_en_19443357.opus,undergoing
./data/macroset/en/clips/register/common_voice_en_19621790.opus,register
./data/macroset/en/clips/register/common_voice_en_18296959.opus,register
./data/macroset/en/clips/register/common_voice_en_18274660__2.opus,register
./data/macroset/en/clips/register/common_voice_en_22351859.opus,register
./data/macroset/en/clips/register/common_voice_en_21368454.opus,register
./data/macroset/en/clips/cyclists/common_voice_en_511173.opus,cyclists
./data/macroset/en/clips/cyclists/common_voice_en_2922.opus,cyclists
./data/macroset/en/clips/cyclists/common_voice_en_110134.opus,cyclists
./data/macroset/en/clips/cyclists/common_voice_en_18459779.opus,cyclists
./data/macroset/en/clips/cyclists/common_voice_en_20505035.opus,cyclists
./data/macroset/en/clips/herald/common_voice_en_19642353.opus,herald
./data/macroset/en/clips/herald/common_voice_en_19544245.opus,herald
./data/macroset/en/clips/herald/common_voice_en_18994812.opus,herald
./data/macroset/en/clips/herald/common_voice_en_18506328.opus,herald
./data/macroset/en/clips/herald/common_voice_en_17354953.opus,herald
./data/macroset/en/clips/bend/common_voice_en_32300.opus,bend
./data/macroset/en/clips/bend/common_voice_en_19819299.opus,bend
./data/macroset/en/clips/bend/common_voice_en_19999544.opus,bend
./data/macroset/en/clips/bend/common_voice_en_41304.opus,bend
./data/macroset/en/clips/bend/common_voice_en_18489227.opus,bend
./data/macroset/en/clips/loading/common_voice_en_19814795.opus,loading
./data/macroset/en/clips/loading/common_voice_en_20715177.opus,loading
./data/macroset/en/clips/loading/common_voice_en_20255998.opus,loading
./data/macroset/en/clips/loading/common_voice_en_616029.opus,loading
./data/macroset/en/clips/loading/common_voice_en_19499311.opus,loading
./data/macroset/en/clips/significant/common_voice_en_21786258.opus,significant
./data/macroset/en/clips/significant/common_voice_en_21025445.opus,significant
./data/macroset/en/clips/significant/common_voice_en_20696890.opus,significant
./data/macroset/en/clips/significant/common_voice_en_19725049.opus,significant
./data/macroset/en/clips/significant/common_voice_en_19748459.opus,significant
./data/macroset/en/clips/geographical/common_voice_en_21592653.opus,geographical
./data/macroset/en/clips/geographical/common_voice_en_20397832.opus,geographical
./data/macroset/en/clips/geographical/common_voice_en_21138284.opus,geographical
./data/macroset/en/clips/geographical/common_voice_en_20767920.opus,geographical
./data/macroset/en/clips/geographical/common_voice_en_20899991.opus,geographical
./data/macroset/en/clips/tuppy/common_voice_en_18458971.opus,tuppy
./data/macroset/en/clips/tuppy/common_voice_en_18524073.opus,tuppy
./data/macroset/en/clips/tuppy/common_voice_en_18408721.opus,tuppy
./data/macroset/en/clips/tuppy/common_voice_en_18400624.opus,tuppy
./data/macroset/en/clips/tuppy/common_voice_en_18500284.opus,tuppy
./data/macroset/en/clips/perry/common_voice_en_21975440.opus,perry
./data/macroset/en/clips/perry/common_voice_en_19536825.opus,perry
./data/macroset/en/clips/perry/common_voice_en_20004759.opus,perry
./data/macroset/en/clips/perry/common_voice_en_20159776.opus,perry
./data/macroset/en/clips/perry/common_voice_en_21804734.opus,perry
./data/macroset/en/clips/ellipses/common_voice_en_18134291.opus,ellipses
./data/macroset/en/clips/ellipses/common_voice_en_17851774.opus,ellipses
./data/macroset/en/clips/ellipses/common_voice_en_17281723.opus,ellipses
./data/macroset/en/clips/ellipses/common_voice_en_17903825.opus,ellipses
./data/macroset/en/clips/ellipses/common_voice_en_17287357.opus,ellipses
./data/macroset/en/clips/aid/common_voice_en_19022318.opus,aid
./data/macroset/en/clips/aid/common_voice_en_19913676.opus,aid
./data/macroset/en/clips/aid/common_voice_en_20440153.opus,aid
./data/macroset/en/clips/aid/common_voice_en_20527934.opus,aid
./data/macroset/en/clips/aid/common_voice_en_20540484.opus,aid
./data/macroset/en/clips/more/common_voice_en_18647616.opus,more
./data/macroset/en/clips/more/common_voice_en_527684.opus,more
./data/macroset/en/clips/more/common_voice_en_18016455.opus,more
./data/macroset/en/clips/more/common_voice_en_651990.opus,more
./data/macroset/en/clips/more/common_voice_en_513603.opus,more
./data/macroset/en/clips/vienna/common_voice_en_22184943__2.opus,vienna
./data/macroset/en/clips/vienna/common_voice_en_19418470.opus,vienna
./data/macroset/en/clips/vienna/common_voice_en_19917421.opus,vienna
./data/macroset/en/clips/vienna/common_voice_en_19566011.opus,vienna
./data/macroset/en/clips/vienna/common_voice_en_21329600.opus,vienna
./data/macroset/en/clips/commonwealth/common_voice_en_22090188.opus,commonwealth
./data/macroset/en/clips/commonwealth/common_voice_en_20140083.opus,commonwealth
./data/macroset/en/clips/commonwealth/common_voice_en_20423897.opus,commonwealth
./data/macroset/en/clips/commonwealth/common_voice_en_18976659.opus,commonwealth
./data/macroset/en/clips/commonwealth/common_voice_en_19855966.opus,commonwealth
./data/macroset/en/clips/thing/common_voice_en_18762117.opus,thing
./data/macroset/en/clips/thing/common_voice_en_537618.opus,thing
./data/macroset/en/clips/thing/common_voice_en_17332663.opus,thing
./data/macroset/en/clips/thing/common_voice_en_651293.opus,thing
./data/macroset/en/clips/thing/common_voice_en_634676.opus,thing
./data/macroset/en/clips/andalusia/common_voice_en_220988.opus,andalusia
./data/macroset/en/clips/andalusia/common_voice_en_679619.opus,andalusia
./data/macroset/en/clips/andalusia/common_voice_en_478638.opus,andalusia
./data/macroset/en/clips/andalusia/common_voice_en_60829.opus,andalusia
./data/macroset/en/clips/andalusia/common_voice_en_653389.opus,andalusia
./data/macroset/en/clips/clenched/common_voice_en_15734489.opus,clenched
./data/macroset/en/clips/clenched/common_voice_en_596441.opus,clenched
./data/macroset/en/clips/clenched/common_voice_en_17290943.opus,clenched
./data/macroset/en/clips/clenched/common_voice_en_20636517.opus,clenched
./data/macroset/en/clips/clenched/common_voice_en_19727236.opus,clenched
./data/macroset/en/clips/queuing/common_voice_en_700499.opus,queuing
./data/macroset/en/clips/queuing/common_voice_en_64352.opus,queuing
./data/macroset/en/clips/queuing/common_voice_en_212436.opus,queuing
./data/macroset/en/clips/queuing/common_voice_en_503297.opus,queuing
./data/macroset/en/clips/queuing/common_voice_en_210081.opus,queuing
./data/macroset/en/clips/restores/common_voice_en_18164018.opus,restores
./data/macroset/en/clips/restores/common_voice_en_18251613.opus,restores
./data/macroset/en/clips/restores/common_voice_en_18060567.opus,restores
./data/macroset/en/clips/restores/common_voice_en_17862796.opus,restores
./data/macroset/en/clips/restores/common_voice_en_18124732.opus,restores
./data/macroset/en/clips/cyndi/common_voice_en_208392.opus,cyndi
./data/macroset/en/clips/cyndi/common_voice_en_618122.opus,cyndi
./data/macroset/en/clips/cyndi/common_voice_en_487970.opus,cyndi
./data/macroset/en/clips/cyndi/common_voice_en_583251.opus,cyndi
./data/macroset/en/clips/cyndi/common_voice_en_616191.opus,cyndi
./data/macroset/en/clips/employ/common_voice_en_22287202.opus,employ
./data/macroset/en/clips/employ/common_voice_en_20744600.opus,employ
./data/macroset/en/clips/employ/common_voice_en_19311637.opus,employ
./data/macroset/en/clips/employ/common_voice_en_20081285.opus,employ
./data/macroset/en/clips/employ/common_voice_en_18951937.opus,employ
./data/macroset/en/clips/transmitted/common_voice_en_31273.opus,transmitted
./data/macroset/en/clips/transmitted/common_voice_en_160125.opus,transmitted
./data/macroset/en/clips/transmitted/common_voice_en_159912.opus,transmitted
./data/macroset/en/clips/transmitted/common_voice_en_537128.opus,transmitted
./data/macroset/en/clips/transmitted/common_voice_en_51616.opus,transmitted
./data/macroset/en/clips/flip/common_voice_en_594393.opus,flip
./data/macroset/en/clips/flip/common_voice_en_611967.opus,flip
./data/macroset/en/clips/flip/common_voice_en_19037957.opus,flip
./data/macroset/en/clips/flip/common_voice_en_19548032.opus,flip
./data/macroset/en/clips/flip/common_voice_en_558812.opus,flip
./data/macroset/en/clips/qualify/common_voice_en_21099957.opus,qualify
./data/macroset/en/clips/qualify/common_voice_en_19807307.opus,qualify
./data/macroset/en/clips/qualify/common_voice_en_20132031.opus,qualify
./data/macroset/en/clips/qualify/common_voice_en_20605153.opus,qualify
./data/macroset/en/clips/qualify/common_voice_en_18817825.opus,qualify
./data/macroset/en/clips/southeastern/common_voice_en_19569874.opus,southeastern
./data/macroset/en/clips/southeastern/common_voice_en_19951738.opus,southeastern
./data/macroset/en/clips/southeastern/common_voice_en_20471956.opus,southeastern
./data/macroset/en/clips/southeastern/common_voice_en_20498268.opus,southeastern
./data/macroset/en/clips/southeastern/common_voice_en_18887086.opus,southeastern
./data/macroset/en/clips/palms/common_voice_en_18141715.opus,palms
./data/macroset/en/clips/palms/common_voice_en_550860.opus,palms
./data/macroset/en/clips/palms/common_voice_en_504801.opus,palms
./data/macroset/en/clips/palms/common_voice_en_175493.opus,palms
./data/macroset/en/clips/palms/common_voice_en_688229.opus,palms
./data/macroset/en/clips/pupils/common_voice_en_17984839.opus,pupils
./data/macroset/en/clips/pupils/common_voice_en_20730871.opus,pupils
./data/macroset/en/clips/pupils/common_voice_en_20732097.opus,pupils
./data/macroset/en/clips/pupils/common_voice_en_17267699.opus,pupils
./data/macroset/en/clips/pupils/common_voice_en_17440848.opus,pupils
./data/macroset/en/clips/constructive/common_voice_en_38002.opus,constructive
./data/macroset/en/clips/constructive/common_voice_en_537526.opus,constructive
./data/macroset/en/clips/constructive/common_voice_en_627064.opus,constructive
./data/macroset/en/clips/constructive/common_voice_en_523997.opus,constructive
./data/macroset/en/clips/constructive/common_voice_en_511870.opus,constructive
./data/macroset/en/clips/replace/common_voice_en_564600.opus,replace
./data/macroset/en/clips/replace/common_voice_en_17953303.opus,replace
./data/macroset/en/clips/replace/common_voice_en_19769775.opus,replace
./data/macroset/en/clips/replace/common_voice_en_628826.opus,replace
./data/macroset/en/clips/replace/common_voice_en_20469550.opus,replace
./data/macroset/en/clips/swayed/common_voice_en_685583.opus,swayed
./data/macroset/en/clips/swayed/common_voice_en_9347726.opus,swayed
./data/macroset/en/clips/swayed/common_voice_en_161034.opus,swayed
./data/macroset/en/clips/swayed/common_voice_en_587832.opus,swayed
./data/macroset/en/clips/swayed/common_voice_en_60001.opus,swayed
./data/macroset/en/clips/syringe/common_voice_en_591392.opus,syringe
./data/macroset/en/clips/syringe/common_voice_en_624842.opus,syringe
./data/macroset/en/clips/syringe/common_voice_en_543939.opus,syringe
./data/macroset/en/clips/syringe/common_voice_en_2202782.opus,syringe
./data/macroset/en/clips/syringe/common_voice_en_20026160.opus,syringe
./data/macroset/en/clips/tech/common_voice_en_635721.opus,tech
./data/macroset/en/clips/tech/common_voice_en_18670944.opus,tech
./data/macroset/en/clips/tech/common_voice_en_585318.opus,tech
./data/macroset/en/clips/tech/common_voice_en_18982783.opus,tech
./data/macroset/en/clips/tech/common_voice_en_19099462.opus,tech
./data/macroset/en/clips/tightening/common_voice_en_17263341.opus,tightening
./data/macroset/en/clips/tightening/common_voice_en_17259500.opus,tightening
./data/macroset/en/clips/tightening/common_voice_en_53028.opus,tightening
./data/macroset/en/clips/tightening/common_voice_en_17412510.opus,tightening
./data/macroset/en/clips/tightening/common_voice_en_17281345.opus,tightening
./data/macroset/en/clips/receiver/common_voice_en_622527.opus,receiver
./data/macroset/en/clips/receiver/common_voice_en_641668.opus,receiver
./data/macroset/en/clips/receiver/common_voice_en_20391074.opus,receiver
./data/macroset/en/clips/receiver/common_voice_en_577616.opus,receiver
./data/macroset/en/clips/receiver/common_voice_en_22358927.opus,receiver
./data/macroset/en/clips/uterine/common_voice_en_22470875.opus,uterine
./data/macroset/en/clips/uterine/common_voice_en_479642.opus,uterine
./data/macroset/en/clips/uterine/common_voice_en_18134260.opus,uterine
./data/macroset/en/clips/uterine/common_voice_en_17731210.opus,uterine
./data/macroset/en/clips/uterine/common_voice_en_17860910.opus,uterine
./data/macroset/en/clips/easy/common_voice_en_634555.opus,easy
./data/macroset/en/clips/easy/common_voice_en_997805.opus,easy
./data/macroset/en/clips/easy/common_voice_en_97238__2.opus,easy
./data/macroset/en/clips/easy/common_voice_en_18134613.opus,easy
./data/macroset/en/clips/easy/common_voice_en_19374134.opus,easy
./data/macroset/en/clips/confederate/common_voice_en_21181889.opus,confederate
./data/macroset/en/clips/confederate/common_voice_en_19578780.opus,confederate
./data/macroset/en/clips/confederate/common_voice_en_19699930.opus,confederate
./data/macroset/en/clips/confederate/common_voice_en_21322080.opus,confederate
./data/macroset/en/clips/confederate/common_voice_en_22152786.opus,confederate
./data/macroset/en/clips/strikes/common_voice_en_17874939.opus,strikes
./data/macroset/en/clips/strikes/common_voice_en_19770152.opus,strikes
./data/macroset/en/clips/strikes/common_voice_en_20414220.opus,strikes
./data/macroset/en/clips/strikes/common_voice_en_21042724.opus,strikes
./data/macroset/en/clips/strikes/common_voice_en_17756324.opus,strikes
./data/macroset/en/clips/unfazed/common_voice_en_549616.opus,unfazed
./data/macroset/en/clips/unfazed/common_voice_en_17456078.opus,unfazed
./data/macroset/en/clips/unfazed/common_voice_en_17844021.opus,unfazed
./data/macroset/en/clips/unfazed/common_voice_en_17304158.opus,unfazed
./data/macroset/en/clips/unfazed/common_voice_en_17651953.opus,unfazed
./data/macroset/en/clips/expert/common_voice_en_19606194.opus,expert
./data/macroset/en/clips/expert/common_voice_en_20109341.opus,expert
./data/macroset/en/clips/expert/common_voice_en_525806.opus,expert
./data/macroset/en/clips/expert/common_voice_en_19694183.opus,expert
./data/macroset/en/clips/expert/common_voice_en_18476214.opus,expert
./data/macroset/en/clips/tells/common_voice_en_22240917.opus,tells
./data/macroset/en/clips/tells/common_voice_en_621275.opus,tells
./data/macroset/en/clips/tells/common_voice_en_22316367.opus,tells
./data/macroset/en/clips/tells/common_voice_en_20460408.opus,tells
./data/macroset/en/clips/tells/common_voice_en_20654091.opus,tells
./data/macroset/en/clips/digging/common_voice_en_18285753.opus,digging
./data/macroset/en/clips/digging/common_voice_en_691769.opus,digging
./data/macroset/en/clips/digging/common_voice_en_18406467.opus,digging
./data/macroset/en/clips/digging/common_voice_en_660929.opus,digging
./data/macroset/en/clips/digging/common_voice_en_64508.opus,digging
./data/macroset/en/clips/filed/common_voice_en_21282602.opus,filed
./data/macroset/en/clips/filed/common_voice_en_20068311.opus,filed
./data/macroset/en/clips/filed/common_voice_en_21795095.opus,filed
./data/macroset/en/clips/filed/common_voice_en_21858073.opus,filed
./data/macroset/en/clips/filed/common_voice_en_20763402.opus,filed
./data/macroset/en/clips/improve/common_voice_en_668525.opus,improve
./data/macroset/en/clips/improve/common_voice_en_615187.opus,improve
./data/macroset/en/clips/improve/common_voice_en_699959.opus,improve
./data/macroset/en/clips/improve/common_voice_en_74164.opus,improve
./data/macroset/en/clips/improve/common_voice_en_20636718.opus,improve
./data/macroset/en/clips/thames/common_voice_en_21927095.opus,thames
./data/macroset/en/clips/thames/common_voice_en_20039228.opus,thames
./data/macroset/en/clips/thames/common_voice_en_19500390.opus,thames
./data/macroset/en/clips/thames/common_voice_en_20571536.opus,thames
./data/macroset/en/clips/thames/common_voice_en_19710207.opus,thames
./data/macroset/en/clips/grandchildren/common_voice_en_19964972.opus,grandchildren
./data/macroset/en/clips/grandchildren/common_voice_en_19495742.opus,grandchildren
./data/macroset/en/clips/grandchildren/common_voice_en_22250523.opus,grandchildren
./data/macroset/en/clips/grandchildren/common_voice_en_21374544.opus,grandchildren
./data/macroset/en/clips/grandchildren/common_voice_en_19679869.opus,grandchildren
./data/macroset/en/clips/knight/common_voice_en_18606459.opus,knight
./data/macroset/en/clips/knight/common_voice_en_19979513.opus,knight
./data/macroset/en/clips/knight/common_voice_en_19630106.opus,knight
./data/macroset/en/clips/knight/common_voice_en_19497406.opus,knight
./data/macroset/en/clips/knight/common_voice_en_19148413.opus,knight
./data/macroset/en/clips/italy/common_voice_en_20089366.opus,italy
./data/macroset/en/clips/italy/common_voice_en_19437603.opus,italy
./data/macroset/en/clips/italy/common_voice_en_20060644.opus,italy
./data/macroset/en/clips/italy/common_voice_en_19959768.opus,italy
./data/macroset/en/clips/italy/common_voice_en_19709211.opus,italy
./data/macroset/en/clips/caramel/common_voice_en_17951876.opus,caramel
./data/macroset/en/clips/caramel/common_voice_en_456273.opus,caramel
./data/macroset/en/clips/caramel/common_voice_en_17875055.opus,caramel
./data/macroset/en/clips/caramel/common_voice_en_265200.opus,caramel
./data/macroset/en/clips/caramel/common_voice_en_20698451.opus,caramel
./data/macroset/en/clips/boundaries/common_voice_en_19717461.opus,boundaries
./data/macroset/en/clips/boundaries/common_voice_en_19699270.opus,boundaries
./data/macroset/en/clips/boundaries/common_voice_en_20017823.opus,boundaries
./data/macroset/en/clips/boundaries/common_voice_en_20578572.opus,boundaries
./data/macroset/en/clips/boundaries/common_voice_en_20347604.opus,boundaries
./data/macroset/en/clips/peninsula/common_voice_en_19774103.opus,peninsula
./data/macroset/en/clips/peninsula/common_voice_en_20113020.opus,peninsula
./data/macroset/en/clips/peninsula/common_voice_en_18416087.opus,peninsula
./data/macroset/en/clips/peninsula/common_voice_en_20218382.opus,peninsula
./data/macroset/en/clips/peninsula/common_voice_en_19148252.opus,peninsula
./data/macroset/en/clips/skills/common_voice_en_21703503.opus,skills
./data/macroset/en/clips/skills/common_voice_en_22017002.opus,skills
./data/macroset/en/clips/skills/common_voice_en_19477708.opus,skills
./data/macroset/en/clips/skills/common_voice_en_22254469.opus,skills
./data/macroset/en/clips/skills/common_voice_en_20178420.opus,skills
./data/macroset/en/clips/earning/common_voice_en_20695781.opus,earning
./data/macroset/en/clips/earning/common_voice_en_18518587.opus,earning
./data/macroset/en/clips/earning/common_voice_en_18509176.opus,earning
./data/macroset/en/clips/earning/common_voice_en_22056112.opus,earning
./data/macroset/en/clips/earning/common_voice_en_19681662.opus,earning
./data/macroset/en/clips/communication/common_voice_en_20007593.opus,communication
./data/macroset/en/clips/communication/common_voice_en_19858793.opus,communication
./data/macroset/en/clips/communication/common_voice_en_21229667.opus,communication
./data/macroset/en/clips/communication/common_voice_en_32264.opus,communication
./data/macroset/en/clips/communication/common_voice_en_20525290.opus,communication
./data/macroset/en/clips/translucent/common_voice_en_514991.opus,translucent
./data/macroset/en/clips/translucent/common_voice_en_17286810.opus,translucent
./data/macroset/en/clips/translucent/common_voice_en_17269719.opus,translucent
./data/macroset/en/clips/translucent/common_voice_en_82262.opus,translucent
./data/macroset/en/clips/translucent/common_voice_en_17818618.opus,translucent
./data/macroset/en/clips/intense/common_voice_en_514786.opus,intense
./data/macroset/en/clips/intense/common_voice_en_19836363.opus,intense
./data/macroset/en/clips/intense/common_voice_en_19667997.opus,intense
./data/macroset/en/clips/intense/common_voice_en_22365732.opus,intense
./data/macroset/en/clips/intense/common_voice_en_21334108.opus,intense
./data/macroset/en/clips/suitably/common_voice_en_17776380.opus,suitably
./data/macroset/en/clips/suitably/common_voice_en_17529224.opus,suitably
./data/macroset/en/clips/suitably/common_voice_en_17390769.opus,suitably
./data/macroset/en/clips/suitably/common_voice_en_17412123.opus,suitably
./data/macroset/en/clips/suitably/common_voice_en_17492275.opus,suitably
./data/macroset/en/clips/suffers/common_voice_en_20122622.opus,suffers
./data/macroset/en/clips/suffers/common_voice_en_19638983.opus,suffers
./data/macroset/en/clips/suffers/common_voice_en_19753547.opus,suffers
./data/macroset/en/clips/suffers/common_voice_en_20008256.opus,suffers
./data/macroset/en/clips/suffers/common_voice_en_20535653.opus,suffers
./data/macroset/en/clips/church/common_voice_en_206373.opus,church
./data/macroset/en/clips/church/common_voice_en_21275109.opus,church
./data/macroset/en/clips/church/common_voice_en_21921290.opus,church
./data/macroset/en/clips/church/common_voice_en_20880327.opus,church
./data/macroset/en/clips/church/common_voice_en_20219224.opus,church
./data/macroset/en/clips/socket/common_voice_en_549004.opus,socket
./data/macroset/en/clips/socket/common_voice_en_3828687.opus,socket
./data/macroset/en/clips/socket/common_voice_en_656266.opus,socket
./data/macroset/en/clips/socket/common_voice_en_96360.opus,socket
./data/macroset/en/clips/socket/common_voice_en_21341638.opus,socket
./data/macroset/en/clips/louise/common_voice_en_22261979.opus,louise
./data/macroset/en/clips/louise/common_voice_en_19613796.opus,louise
./data/macroset/en/clips/louise/common_voice_en_207705.opus,louise
./data/macroset/en/clips/louise/common_voice_en_684930.opus,louise
./data/macroset/en/clips/louise/common_voice_en_569117.opus,louise
./data/macroset/en/clips/garden/common_voice_en_556458.opus,garden
./data/macroset/en/clips/garden/common_voice_en_18655940.opus,garden
./data/macroset/en/clips/garden/common_voice_en_18935657.opus,garden
./data/macroset/en/clips/garden/common_voice_en_673375.opus,garden
./data/macroset/en/clips/garden/common_voice_en_76847.opus,garden
./data/macroset/en/clips/relaxed/common_voice_en_182526.opus,relaxed
./data/macroset/en/clips/relaxed/common_voice_en_81583.opus,relaxed
./data/macroset/en/clips/relaxed/common_voice_en_693573.opus,relaxed
./data/macroset/en/clips/relaxed/common_voice_en_22430.opus,relaxed
./data/macroset/en/clips/relaxed/common_voice_en_57423.opus,relaxed
./data/macroset/en/clips/lies/common_voice_en_301777.opus,lies
./data/macroset/en/clips/lies/common_voice_en_21803662.opus,lies
./data/macroset/en/clips/lies/common_voice_en_22136701.opus,lies
./data/macroset/en/clips/lies/common_voice_en_18884160.opus,lies
./data/macroset/en/clips/lies/common_voice_en_18722305.opus,lies
./data/macroset/en/clips/guilt/common_voice_en_22000609.opus,guilt
./data/macroset/en/clips/guilt/common_voice_en_20960702.opus,guilt
./data/macroset/en/clips/guilt/common_voice_en_20262159.opus,guilt
./data/macroset/en/clips/guilt/common_voice_en_22190483.opus,guilt
./data/macroset/en/clips/guilt/common_voice_en_21724396.opus,guilt
./data/macroset/en/clips/proof/common_voice_en_20039055.opus,proof
./data/macroset/en/clips/proof/common_voice_en_21690313.opus,proof
./data/macroset/en/clips/proof/common_voice_en_17731034.opus,proof
./data/macroset/en/clips/proof/common_voice_en_21552205.opus,proof
./data/macroset/en/clips/proof/common_voice_en_16665977.opus,proof
./data/macroset/en/clips/vale/common_voice_en_19022997.opus,vale
./data/macroset/en/clips/vale/common_voice_en_19982638.opus,vale
./data/macroset/en/clips/vale/common_voice_en_22323979.opus,vale
./data/macroset/en/clips/vale/common_voice_en_22440481.opus,vale
./data/macroset/en/clips/vale/common_voice_en_19598211.opus,vale
./data/macroset/en/clips/mia/common_voice_en_6635548.opus,mia
./data/macroset/en/clips/mia/common_voice_en_20162050.opus,mia
./data/macroset/en/clips/mia/common_voice_en_9412158.opus,mia
./data/macroset/en/clips/mia/common_voice_en_499373.opus,mia
./data/macroset/en/clips/mia/common_voice_en_21342677.opus,mia
./data/macroset/en/clips/lords/common_voice_en_22243019.opus,lords
./data/macroset/en/clips/lords/common_voice_en_18521327.opus,lords
./data/macroset/en/clips/lords/common_voice_en_19583310.opus,lords
./data/macroset/en/clips/lords/common_voice_en_22435887.opus,lords
./data/macroset/en/clips/lords/common_voice_en_20511396.opus,lords
./data/macroset/en/clips/informative/common_voice_en_680237.opus,informative
./data/macroset/en/clips/informative/common_voice_en_700371.opus,informative
./data/macroset/en/clips/informative/common_voice_en_526056.opus,informative
./data/macroset/en/clips/informative/common_voice_en_669016.opus,informative
./data/macroset/en/clips/informative/common_voice_en_21434925.opus,informative
./data/macroset/en/clips/anger/common_voice_en_13635750.opus,anger
./data/macroset/en/clips/anger/common_voice_en_95888.opus,anger
./data/macroset/en/clips/anger/common_voice_en_20301113.opus,anger
./data/macroset/en/clips/anger/common_voice_en_17840349.opus,anger
./data/macroset/en/clips/anger/common_voice_en_686119.opus,anger
./data/macroset/en/clips/baron/common_voice_en_21834517.opus,baron
./data/macroset/en/clips/baron/common_voice_en_18883698.opus,baron
./data/macroset/en/clips/baron/common_voice_en_20735744.opus,baron
./data/macroset/en/clips/baron/common_voice_en_22206197.opus,baron
./data/macroset/en/clips/baron/common_voice_en_19449959.opus,baron
./data/macroset/en/clips/citizen/common_voice_en_20791505.opus,citizen
./data/macroset/en/clips/citizen/common_voice_en_19823648.opus,citizen
./data/macroset/en/clips/citizen/common_voice_en_22210670.opus,citizen
./data/macroset/en/clips/citizen/common_voice_en_21980311.opus,citizen
./data/macroset/en/clips/citizen/common_voice_en_20704187.opus,citizen
./data/macroset/en/clips/ebb/common_voice_en_18132324.opus,ebb
./data/macroset/en/clips/ebb/common_voice_en_17890508.opus,ebb
./data/macroset/en/clips/ebb/common_voice_en_19845026.opus,ebb
./data/macroset/en/clips/ebb/common_voice_en_20213128.opus,ebb
./data/macroset/en/clips/ebb/common_voice_en_17450608.opus,ebb
./data/macroset/en/clips/lizards/common_voice_en_574595.opus,lizards
./data/macroset/en/clips/lizards/common_voice_en_172882.opus,lizards
./data/macroset/en/clips/lizards/common_voice_en_518393.opus,lizards
./data/macroset/en/clips/lizards/common_voice_en_214491.opus,lizards
./data/macroset/en/clips/lizards/common_voice_en_221122.opus,lizards
./data/macroset/en/clips/sadly/common_voice_en_653288.opus,sadly
./data/macroset/en/clips/sadly/common_voice_en_530464.opus,sadly
./data/macroset/en/clips/sadly/common_voice_en_24728.opus,sadly
./data/macroset/en/clips/sadly/common_voice_en_531624.opus,sadly
./data/macroset/en/clips/sadly/common_voice_en_67658.opus,sadly
./data/macroset/en/clips/functions/common_voice_en_82241.opus,functions
./data/macroset/en/clips/functions/common_voice_en_19909068.opus,functions
./data/macroset/en/clips/functions/common_voice_en_19666737.opus,functions
./data/macroset/en/clips/functions/common_voice_en_19529232.opus,functions
./data/macroset/en/clips/functions/common_voice_en_618018.opus,functions
./data/macroset/en/clips/depends/common_voice_en_614251__2.opus,depends
./data/macroset/en/clips/depends/common_voice_en_22378895.opus,depends
./data/macroset/en/clips/depends/common_voice_en_17284496__2.opus,depends
./data/macroset/en/clips/depends/common_voice_en_21356297.opus,depends
./data/macroset/en/clips/depends/common_voice_en_22151028.opus,depends
./data/macroset/en/clips/specification/common_voice_en_20905533.opus,specification
./data/macroset/en/clips/specification/common_voice_en_536515.opus,specification
./data/macroset/en/clips/specification/common_voice_en_19724305.opus,specification
./data/macroset/en/clips/specification/common_voice_en_19752065.opus,specification
./data/macroset/en/clips/specification/common_voice_en_94151.opus,specification
./data/macroset/en/clips/jackie/common_voice_en_18982780.opus,jackie
./data/macroset/en/clips/jackie/common_voice_en_20457487.opus,jackie
./data/macroset/en/clips/jackie/common_voice_en_21877726.opus,jackie
./data/macroset/en/clips/jackie/common_voice_en_20261739.opus,jackie
./data/macroset/en/clips/jackie/common_voice_en_18163037.opus,jackie
./data/macroset/en/clips/fry/common_voice_en_22016147.opus,fry
./data/macroset/en/clips/fry/common_voice_en_20167661.opus,fry
./data/macroset/en/clips/fry/common_voice_en_575155.opus,fry
./data/macroset/en/clips/fry/common_voice_en_20348573.opus,fry
./data/macroset/en/clips/fry/common_voice_en_17937299.opus,fry
./data/macroset/en/clips/category/common_voice_en_19131228.opus,category
./data/macroset/en/clips/category/common_voice_en_20918470.opus,category
./data/macroset/en/clips/category/common_voice_en_19534170.opus,category
./data/macroset/en/clips/category/common_voice_en_18750651.opus,category
./data/macroset/en/clips/category/common_voice_en_19149981.opus,category
./data/macroset/en/clips/warrior/common_voice_en_201069.opus,warrior
./data/macroset/en/clips/warrior/common_voice_en_494297.opus,warrior
./data/macroset/en/clips/warrior/common_voice_en_18816343.opus,warrior
./data/macroset/en/clips/warrior/common_voice_en_59040.opus,warrior
./data/macroset/en/clips/warrior/common_voice_en_21388389.opus,warrior
./data/macroset/en/clips/highlighting/common_voice_en_19886403.opus,highlighting
./data/macroset/en/clips/highlighting/common_voice_en_616527.opus,highlighting
./data/macroset/en/clips/highlighting/common_voice_en_198563.opus,highlighting
./data/macroset/en/clips/highlighting/common_voice_en_55882.opus,highlighting
./data/macroset/en/clips/highlighting/common_voice_en_571354.opus,highlighting
./data/macroset/en/clips/golfer/common_voice_en_19113501.opus,golfer
./data/macroset/en/clips/golfer/common_voice_en_17147776.opus,golfer
./data/macroset/en/clips/golfer/common_voice_en_19025837.opus,golfer
./data/macroset/en/clips/golfer/common_voice_en_19041902.opus,golfer
./data/macroset/en/clips/golfer/common_voice_en_20638018__2.opus,golfer
./data/macroset/en/clips/royalty/common_voice_en_20481743.opus,royalty
./data/macroset/en/clips/royalty/common_voice_en_22281888.opus,royalty
./data/macroset/en/clips/royalty/common_voice_en_20897862.opus,royalty
./data/macroset/en/clips/royalty/common_voice_en_19591130.opus,royalty
./data/macroset/en/clips/royalty/common_voice_en_21868907.opus,royalty
./data/macroset/en/clips/strained/common_voice_en_18023235.opus,strained
./data/macroset/en/clips/strained/common_voice_en_18030051.opus,strained
./data/macroset/en/clips/strained/common_voice_en_21738055.opus,strained
./data/macroset/en/clips/strained/common_voice_en_18261492.opus,strained
./data/macroset/en/clips/strained/common_voice_en_507671.opus,strained
./data/macroset/en/clips/plague/common_voice_en_18075334.opus,plague
./data/macroset/en/clips/plague/common_voice_en_20383312.opus,plague
./data/macroset/en/clips/plague/common_voice_en_18785735.opus,plague
./data/macroset/en/clips/plague/common_voice_en_536587.opus,plague
./data/macroset/en/clips/plague/common_voice_en_19260434.opus,plague
./data/macroset/en/clips/pounding/common_voice_en_207494.opus,pounding
./data/macroset/en/clips/pounding/common_voice_en_690115.opus,pounding
./data/macroset/en/clips/pounding/common_voice_en_597319.opus,pounding
./data/macroset/en/clips/pounding/common_voice_en_47725.opus,pounding
./data/macroset/en/clips/pounding/common_voice_en_564357.opus,pounding
./data/macroset/en/clips/convince/common_voice_en_21636386.opus,convince
./data/macroset/en/clips/convince/common_voice_en_562580.opus,convince
./data/macroset/en/clips/convince/common_voice_en_197753.opus,convince
./data/macroset/en/clips/convince/common_voice_en_32213.opus,convince
./data/macroset/en/clips/convince/common_voice_en_14749.opus,convince
./data/macroset/en/clips/sighed/common_voice_en_633349.opus,sighed
./data/macroset/en/clips/sighed/common_voice_en_96014.opus,sighed
./data/macroset/en/clips/sighed/common_voice_en_33151.opus,sighed
./data/macroset/en/clips/sighed/common_voice_en_18039490.opus,sighed
./data/macroset/en/clips/sighed/common_voice_en_17492287.opus,sighed
./data/macroset/en/clips/advise/common_voice_en_220993.opus,advise
./data/macroset/en/clips/advise/common_voice_en_21311022.opus,advise
./data/macroset/en/clips/advise/common_voice_en_20188424.opus,advise
./data/macroset/en/clips/advise/common_voice_en_17266724.opus,advise
./data/macroset/en/clips/advise/common_voice_en_610283.opus,advise
./data/macroset/en/clips/mailbox/common_voice_en_5955704.opus,mailbox
./data/macroset/en/clips/mailbox/common_voice_en_471000.opus,mailbox
./data/macroset/en/clips/mailbox/common_voice_en_18129606.opus,mailbox
./data/macroset/en/clips/mailbox/common_voice_en_17857257.opus,mailbox
./data/macroset/en/clips/mailbox/common_voice_en_17847074.opus,mailbox
./data/macroset/en/clips/translation/common_voice_en_700174.opus,translation
./data/macroset/en/clips/translation/common_voice_en_660532.opus,translation
./data/macroset/en/clips/translation/common_voice_en_20602043.opus,translation
./data/macroset/en/clips/translation/common_voice_en_19951882.opus,translation
./data/macroset/en/clips/translation/common_voice_en_19981823.opus,translation
./data/macroset/en/clips/god/common_voice_en_18699204.opus,god
./data/macroset/en/clips/god/common_voice_en_17387568.opus,god
./data/macroset/en/clips/god/common_voice_en_19514257.opus,god
./data/macroset/en/clips/god/common_voice_en_17982309.opus,god
./data/macroset/en/clips/god/common_voice_en_17877011.opus,god
./data/macroset/en/clips/adjacent/common_voice_en_21803905.opus,adjacent
./data/macroset/en/clips/adjacent/common_voice_en_19710668.opus,adjacent
./data/macroset/en/clips/adjacent/common_voice_en_20381575.opus,adjacent
./data/macroset/en/clips/adjacent/common_voice_en_20133370.opus,adjacent
./data/macroset/en/clips/adjacent/common_voice_en_20365750.opus,adjacent
./data/macroset/en/clips/lucas/common_voice_en_22437423.opus,lucas
./data/macroset/en/clips/lucas/common_voice_en_20703171.opus,lucas
./data/macroset/en/clips/lucas/common_voice_en_20883254.opus,lucas
./data/macroset/en/clips/lucas/common_voice_en_19320098.opus,lucas
./data/macroset/en/clips/lucas/common_voice_en_20696296.opus,lucas
./data/macroset/en/clips/tolerable/common_voice_en_214118.opus,tolerable
./data/macroset/en/clips/tolerable/common_voice_en_44343.opus,tolerable
./data/macroset/en/clips/tolerable/common_voice_en_47339.opus,tolerable
./data/macroset/en/clips/tolerable/common_voice_en_541245.opus,tolerable
./data/macroset/en/clips/tolerable/common_voice_en_693100.opus,tolerable
./data/macroset/en/clips/edge/common_voice_en_19758413.opus,edge
./data/macroset/en/clips/edge/common_voice_en_21205901.opus,edge
./data/macroset/en/clips/edge/common_voice_en_683119.opus,edge
./data/macroset/en/clips/edge/common_voice_en_21330754.opus,edge
./data/macroset/en/clips/edge/common_voice_en_524682.opus,edge
./data/macroset/en/clips/gorge/common_voice_en_21767701.opus,gorge
./data/macroset/en/clips/gorge/common_voice_en_19480699.opus,gorge
./data/macroset/en/clips/gorge/common_voice_en_19853481.opus,gorge
./data/macroset/en/clips/gorge/common_voice_en_20205449.opus,gorge
./data/macroset/en/clips/gorge/common_voice_en_19410582.opus,gorge
./data/macroset/en/clips/debt/common_voice_en_20114668.opus,debt
./data/macroset/en/clips/debt/common_voice_en_21660847.opus,debt
./data/macroset/en/clips/debt/common_voice_en_18115434.opus,debt
./data/macroset/en/clips/debt/common_voice_en_19909057.opus,debt
./data/macroset/en/clips/debt/common_voice_en_17411269.opus,debt
./data/macroset/en/clips/restrained/common_voice_en_17808233.opus,restrained
./data/macroset/en/clips/restrained/common_voice_en_17364345.opus,restrained
./data/macroset/en/clips/restrained/common_voice_en_17733449.opus,restrained
./data/macroset/en/clips/restrained/common_voice_en_17260778.opus,restrained
./data/macroset/en/clips/restrained/common_voice_en_17992181.opus,restrained
./data/macroset/en/clips/utah/common_voice_en_21723713.opus,utah
./data/macroset/en/clips/utah/common_voice_en_19708578.opus,utah
./data/macroset/en/clips/utah/common_voice_en_19668744.opus,utah
./data/macroset/en/clips/utah/common_voice_en_20101491.opus,utah
./data/macroset/en/clips/utah/common_voice_en_20686590.opus,utah
./data/macroset/en/clips/cluster/common_voice_en_21736369.opus,cluster
./data/macroset/en/clips/cluster/common_voice_en_20068059.opus,cluster
./data/macroset/en/clips/cluster/common_voice_en_20260032.opus,cluster
./data/macroset/en/clips/cluster/common_voice_en_20080177.opus,cluster
./data/macroset/en/clips/cluster/common_voice_en_21938419.opus,cluster
./data/macroset/en/clips/ottoman/common_voice_en_21437389.opus,ottoman
./data/macroset/en/clips/ottoman/common_voice_en_22381727.opus,ottoman
./data/macroset/en/clips/ottoman/common_voice_en_19759553.opus,ottoman
./data/macroset/en/clips/ottoman/common_voice_en_22212681.opus,ottoman
./data/macroset/en/clips/ottoman/common_voice_en_21329578.opus,ottoman
./data/macroset/en/clips/especially/common_voice_en_19688173.opus,especially
./data/macroset/en/clips/especially/common_voice_en_21180577.opus,especially
./data/macroset/en/clips/especially/common_voice_en_21711797.opus,especially
./data/macroset/en/clips/especially/common_voice_en_21210133.opus,especially
./data/macroset/en/clips/especially/common_voice_en_19764553.opus,especially
./data/macroset/en/clips/specialized/common_voice_en_18057868.opus,specialized
./data/macroset/en/clips/specialized/common_voice_en_19516200.opus,specialized
./data/macroset/en/clips/specialized/common_voice_en_18509012.opus,specialized
./data/macroset/en/clips/specialized/common_voice_en_605946.opus,specialized
./data/macroset/en/clips/specialized/common_voice_en_18066085.opus,specialized
./data/macroset/en/clips/sanskrit/common_voice_en_19529522.opus,sanskrit
./data/macroset/en/clips/sanskrit/common_voice_en_18767149.opus,sanskrit
./data/macroset/en/clips/sanskrit/common_voice_en_20312605.opus,sanskrit
./data/macroset/en/clips/sanskrit/common_voice_en_19118138.opus,sanskrit
./data/macroset/en/clips/sanskrit/common_voice_en_21867838.opus,sanskrit
./data/macroset/en/clips/feet/common_voice_en_17877371.opus,feet
./data/macroset/en/clips/feet/common_voice_en_17926595.opus,feet
./data/macroset/en/clips/feet/common_voice_en_428242.opus,feet
./data/macroset/en/clips/feet/common_voice_en_18128125.opus,feet
./data/macroset/en/clips/feet/common_voice_en_71666.opus,feet
./data/macroset/en/clips/bestselling/common_voice_en_8674896.opus,bestselling
./data/macroset/en/clips/bestselling/common_voice_en_18493420.opus,bestselling
./data/macroset/en/clips/bestselling/common_voice_en_21277266.opus,bestselling
./data/macroset/en/clips/bestselling/common_voice_en_18112080.opus,bestselling
./data/macroset/en/clips/bestselling/common_voice_en_9376054.opus,bestselling
./data/macroset/en/clips/whom/common_voice_en_19669920.opus,whom
./data/macroset/en/clips/whom/common_voice_en_20693077.opus,whom
./data/macroset/en/clips/whom/common_voice_en_496313.opus,whom
./data/macroset/en/clips/whom/common_voice_en_21793938.opus,whom
./data/macroset/en/clips/whom/common_voice_en_22195377.opus,whom
./data/macroset/en/clips/wildlife/common_voice_en_19820367.opus,wildlife
./data/macroset/en/clips/wildlife/common_voice_en_20007935.opus,wildlife
./data/macroset/en/clips/wildlife/common_voice_en_21031145.opus,wildlife
./data/macroset/en/clips/wildlife/common_voice_en_21950336.opus,wildlife
./data/macroset/en/clips/wildlife/common_voice_en_19427663.opus,wildlife
./data/macroset/en/clips/lightning/common_voice_en_17470691.opus,lightning
./data/macroset/en/clips/lightning/common_voice_en_20303106.opus,lightning
./data/macroset/en/clips/lightning/common_voice_en_19320497.opus,lightning
./data/macroset/en/clips/lightning/common_voice_en_18244265.opus,lightning
./data/macroset/en/clips/lightning/common_voice_en_17688272.opus,lightning
./data/macroset/en/clips/aura/common_voice_en_18882578.opus,aura
./data/macroset/en/clips/aura/common_voice_en_258837.opus,aura
./data/macroset/en/clips/aura/common_voice_en_606288.opus,aura
./data/macroset/en/clips/aura/common_voice_en_17403120.opus,aura
./data/macroset/en/clips/aura/common_voice_en_478933.opus,aura
./data/macroset/en/clips/originate/common_voice_en_21686912.opus,originate
./data/macroset/en/clips/originate/common_voice_en_19636296.opus,originate
./data/macroset/en/clips/originate/common_voice_en_19001169.opus,originate
./data/macroset/en/clips/originate/common_voice_en_21021436.opus,originate
./data/macroset/en/clips/originate/common_voice_en_20526456.opus,originate
./data/macroset/en/clips/lynch/common_voice_en_20317038.opus,lynch
./data/macroset/en/clips/lynch/common_voice_en_18117180.opus,lynch
./data/macroset/en/clips/lynch/common_voice_en_22053376.opus,lynch
./data/macroset/en/clips/lynch/common_voice_en_19588636__2.opus,lynch
./data/macroset/en/clips/lynch/common_voice_en_19720716.opus,lynch
./data/macroset/en/clips/none/common_voice_en_190289.opus,none
./data/macroset/en/clips/none/common_voice_en_647238.opus,none
./data/macroset/en/clips/none/common_voice_en_21916292.opus,none
./data/macroset/en/clips/none/common_voice_en_18102109.opus,none
./data/macroset/en/clips/none/common_voice_en_17376383.opus,none
./data/macroset/en/clips/blackness/common_voice_en_162918.opus,blackness
./data/macroset/en/clips/blackness/common_voice_en_505767.opus,blackness
./data/macroset/en/clips/blackness/common_voice_en_43126.opus,blackness
./data/macroset/en/clips/blackness/common_voice_en_683328.opus,blackness
./data/macroset/en/clips/blackness/common_voice_en_595705.opus,blackness
./data/macroset/en/clips/couldn’t/common_voice_en_516640.opus,couldn’t
./data/macroset/en/clips/couldn’t/common_voice_en_596299.opus,couldn’t
./data/macroset/en/clips/couldn’t/common_voice_en_190533.opus,couldn’t
./data/macroset/en/clips/couldn’t/common_voice_en_517520.opus,couldn’t
./data/macroset/en/clips/couldn’t/common_voice_en_538669.opus,couldn’t
./data/macroset/en/clips/welfare/common_voice_en_214437.opus,welfare
./data/macroset/en/clips/welfare/common_voice_en_186979.opus,welfare
./data/macroset/en/clips/welfare/common_voice_en_653108.opus,welfare
./data/macroset/en/clips/welfare/common_voice_en_20300721.opus,welfare
./data/macroset/en/clips/welfare/common_voice_en_695383.opus,welfare
./data/macroset/en/clips/wrinkled/common_voice_en_663622.opus,wrinkled
./data/macroset/en/clips/wrinkled/common_voice_en_18101024.opus,wrinkled
./data/macroset/en/clips/wrinkled/common_voice_en_793075.opus,wrinkled
./data/macroset/en/clips/wrinkled/common_voice_en_503082.opus,wrinkled
./data/macroset/en/clips/wrinkled/common_voice_en_18120559.opus,wrinkled
./data/macroset/en/clips/rows/common_voice_en_21860657.opus,rows
./data/macroset/en/clips/rows/common_voice_en_688875.opus,rows
./data/macroset/en/clips/rows/common_voice_en_20381207.opus,rows
./data/macroset/en/clips/rows/common_voice_en_18944693.opus,rows
./data/macroset/en/clips/rows/common_voice_en_18075552.opus,rows
./data/macroset/en/clips/chili/common_voice_en_20325364.opus,chili
./data/macroset/en/clips/chili/common_voice_en_316799.opus,chili
./data/macroset/en/clips/chili/common_voice_en_17874090.opus,chili
./data/macroset/en/clips/chili/common_voice_en_20102649.opus,chili
./data/macroset/en/clips/chili/common_voice_en_18016736.opus,chili
./data/macroset/en/clips/produces/common_voice_en_20052520.opus,produces
./data/macroset/en/clips/produces/common_voice_en_20883379.opus,produces
./data/macroset/en/clips/produces/common_voice_en_20989786.opus,produces
./data/macroset/en/clips/produces/common_voice_en_21742177.opus,produces
./data/macroset/en/clips/produces/common_voice_en_19725046.opus,produces
./data/macroset/en/clips/quarters/common_voice_en_19855122.opus,quarters
./data/macroset/en/clips/quarters/common_voice_en_20922552.opus,quarters
./data/macroset/en/clips/quarters/common_voice_en_19686911.opus,quarters
./data/macroset/en/clips/quarters/common_voice_en_17806748.opus,quarters
./data/macroset/en/clips/quarters/common_voice_en_21102524.opus,quarters
./data/macroset/en/clips/purchase/common_voice_en_77047.opus,purchase
./data/macroset/en/clips/purchase/common_voice_en_22052995.opus,purchase
./data/macroset/en/clips/purchase/common_voice_en_19852812.opus,purchase
./data/macroset/en/clips/purchase/common_voice_en_22062811.opus,purchase
./data/macroset/en/clips/purchase/common_voice_en_19783784.opus,purchase
./data/macroset/en/clips/scraping/common_voice_en_17941314.opus,scraping
./data/macroset/en/clips/scraping/common_voice_en_17422760.opus,scraping
./data/macroset/en/clips/scraping/common_voice_en_19613005.opus,scraping
./data/macroset/en/clips/scraping/common_voice_en_22319925.opus,scraping
./data/macroset/en/clips/scraping/common_voice_en_17885342.opus,scraping
./data/macroset/en/clips/throughout/common_voice_en_22053055.opus,throughout
./data/macroset/en/clips/throughout/common_voice_en_21989084.opus,throughout
./data/macroset/en/clips/throughout/common_voice_en_20841026.opus,throughout
./data/macroset/en/clips/throughout/common_voice_en_20050170.opus,throughout
./data/macroset/en/clips/throughout/common_voice_en_22331510.opus,throughout
./data/macroset/en/clips/sherman/common_voice_en_19307512.opus,sherman
./data/macroset/en/clips/sherman/common_voice_en_22031815.opus,sherman
./data/macroset/en/clips/sherman/common_voice_en_19776787.opus,sherman
./data/macroset/en/clips/sherman/common_voice_en_19823659.opus,sherman
./data/macroset/en/clips/sherman/common_voice_en_20067550.opus,sherman
./data/macroset/en/clips/allow/common_voice_en_20321611.opus,allow
./data/macroset/en/clips/allow/common_voice_en_56358.opus,allow
./data/macroset/en/clips/allow/common_voice_en_17954362.opus,allow
./data/macroset/en/clips/allow/common_voice_en_20301073.opus,allow
./data/macroset/en/clips/allow/common_voice_en_666031.opus,allow
./data/macroset/en/clips/bladder/common_voice_en_20900372.opus,bladder
./data/macroset/en/clips/bladder/common_voice_en_17265603.opus,bladder
./data/macroset/en/clips/bladder/common_voice_en_569672.opus,bladder
./data/macroset/en/clips/bladder/common_voice_en_17296098.opus,bladder
./data/macroset/en/clips/bladder/common_voice_en_17296654.opus,bladder
./data/macroset/en/clips/even/common_voice_en_623051.opus,even
./data/macroset/en/clips/even/common_voice_en_56355.opus,even
./data/macroset/en/clips/even/common_voice_en_20116219.opus,even
./data/macroset/en/clips/even/common_voice_en_20174967.opus,even
./data/macroset/en/clips/even/common_voice_en_539625.opus,even
./data/macroset/en/clips/might/common_voice_en_212698.opus,might
./data/macroset/en/clips/might/common_voice_en_19552198.opus,might
./data/macroset/en/clips/might/common_voice_en_180865.opus,might
./data/macroset/en/clips/might/common_voice_en_511324.opus,might
./data/macroset/en/clips/might/common_voice_en_201961.opus,might
./data/macroset/en/clips/tips/common_voice_en_18683589.opus,tips
./data/macroset/en/clips/tips/common_voice_en_21608615.opus,tips
./data/macroset/en/clips/tips/common_voice_en_19364592.opus,tips
./data/macroset/en/clips/tips/common_voice_en_38071.opus,tips
./data/macroset/en/clips/tips/common_voice_en_18092750.opus,tips
./data/macroset/en/clips/dam/common_voice_en_18857334.opus,dam
./data/macroset/en/clips/dam/common_voice_en_19651655.opus,dam
./data/macroset/en/clips/dam/common_voice_en_21251928.opus,dam
./data/macroset/en/clips/dam/common_voice_en_18925073.opus,dam
./data/macroset/en/clips/dam/common_voice_en_20748349.opus,dam
./data/macroset/en/clips/invited/common_voice_en_19869830.opus,invited
./data/macroset/en/clips/invited/common_voice_en_20647879.opus,invited
./data/macroset/en/clips/invited/common_voice_en_19854853.opus,invited
./data/macroset/en/clips/invited/common_voice_en_20221161.opus,invited
./data/macroset/en/clips/invited/common_voice_en_20599440.opus,invited
./data/macroset/en/clips/undertook/common_voice_en_21901514.opus,undertook
./data/macroset/en/clips/undertook/common_voice_en_21868612.opus,undertook
./data/macroset/en/clips/undertook/common_voice_en_22197527.opus,undertook
./data/macroset/en/clips/undertook/common_voice_en_19478690.opus,undertook
./data/macroset/en/clips/undertook/common_voice_en_20673931.opus,undertook
./data/macroset/en/clips/federal/common_voice_en_21940660.opus,federal
./data/macroset/en/clips/federal/common_voice_en_22361431.opus,federal
./data/macroset/en/clips/federal/common_voice_en_20796179.opus,federal
./data/macroset/en/clips/federal/common_voice_en_22349782.opus,federal
./data/macroset/en/clips/federal/common_voice_en_20246386.opus,federal
./data/macroset/en/clips/antonio/common_voice_en_19157105.opus,antonio
./data/macroset/en/clips/antonio/common_voice_en_20390877.opus,antonio
./data/macroset/en/clips/antonio/common_voice_en_21328391.opus,antonio
./data/macroset/en/clips/antonio/common_voice_en_21370811.opus,antonio
./data/macroset/en/clips/antonio/common_voice_en_262964.opus,antonio
./data/macroset/en/clips/literary/common_voice_en_20685398.opus,literary
./data/macroset/en/clips/literary/common_voice_en_19951290.opus,literary
./data/macroset/en/clips/literary/common_voice_en_20430049.opus,literary
./data/macroset/en/clips/literary/common_voice_en_19634176.opus,literary
./data/macroset/en/clips/literary/common_voice_en_20850759.opus,literary
./data/macroset/en/clips/gate/common_voice_en_20968508.opus,gate
./data/macroset/en/clips/gate/common_voice_en_19800876.opus,gate
./data/macroset/en/clips/gate/common_voice_en_18644747.opus,gate
./data/macroset/en/clips/gate/common_voice_en_438682.opus,gate
./data/macroset/en/clips/gate/common_voice_en_478080.opus,gate
./data/macroset/en/clips/foster/common_voice_en_18851676.opus,foster
./data/macroset/en/clips/foster/common_voice_en_20849020.opus,foster
./data/macroset/en/clips/foster/common_voice_en_19268242.opus,foster
./data/macroset/en/clips/foster/common_voice_en_683481.opus,foster
./data/macroset/en/clips/foster/common_voice_en_20868630.opus,foster
./data/macroset/en/clips/summit/common_voice_en_19688608.opus,summit
./data/macroset/en/clips/summit/common_voice_en_19480002.opus,summit
./data/macroset/en/clips/summit/common_voice_en_20833908.opus,summit
./data/macroset/en/clips/summit/common_voice_en_20474701.opus,summit
./data/macroset/en/clips/summit/common_voice_en_19651601.opus,summit
./data/macroset/en/clips/hosts/common_voice_en_20245839.opus,hosts
./data/macroset/en/clips/hosts/common_voice_en_19389301.opus,hosts
./data/macroset/en/clips/hosts/common_voice_en_22130648.opus,hosts
./data/macroset/en/clips/hosts/common_voice_en_20516482.opus,hosts
./data/macroset/en/clips/hosts/common_voice_en_20526621.opus,hosts
./data/macroset/en/clips/deer/common_voice_en_22310256.opus,deer
./data/macroset/en/clips/deer/common_voice_en_18740174.opus,deer
./data/macroset/en/clips/deer/common_voice_en_20354902.opus,deer
./data/macroset/en/clips/deer/common_voice_en_18758287.opus,deer
./data/macroset/en/clips/deer/common_voice_en_17321863.opus,deer
./data/macroset/en/clips/fur/common_voice_en_20092191.opus,fur
./data/macroset/en/clips/fur/common_voice_en_18144847.opus,fur
./data/macroset/en/clips/fur/common_voice_en_17785929.opus,fur
./data/macroset/en/clips/fur/common_voice_en_17994947.opus,fur
./data/macroset/en/clips/fur/common_voice_en_19045188.opus,fur
./data/macroset/en/clips/commanded/common_voice_en_19800865.opus,commanded
./data/macroset/en/clips/commanded/common_voice_en_21679905.opus,commanded
./data/macroset/en/clips/commanded/common_voice_en_19680423.opus,commanded
./data/macroset/en/clips/commanded/common_voice_en_19388717.opus,commanded
./data/macroset/en/clips/commanded/common_voice_en_20339668.opus,commanded
./data/macroset/en/clips/claude/common_voice_en_19762922.opus,claude
./data/macroset/en/clips/claude/common_voice_en_19893186.opus,claude
./data/macroset/en/clips/claude/common_voice_en_20070933.opus,claude
./data/macroset/en/clips/claude/common_voice_en_20746115.opus,claude
./data/macroset/en/clips/claude/common_voice_en_20100955.opus,claude
./data/macroset/en/clips/turbans/common_voice_en_487140.opus,turbans
./data/macroset/en/clips/turbans/common_voice_en_19547.opus,turbans
./data/macroset/en/clips/turbans/common_voice_en_22456581.opus,turbans
./data/macroset/en/clips/turbans/common_voice_en_687158.opus,turbans
./data/macroset/en/clips/turbans/common_voice_en_519159.opus,turbans
./data/macroset/en/clips/londoners/common_voice_en_672529.opus,londoners
./data/macroset/en/clips/londoners/common_voice_en_531891.opus,londoners
./data/macroset/en/clips/londoners/common_voice_en_870.opus,londoners
./data/macroset/en/clips/londoners/common_voice_en_673935.opus,londoners
./data/macroset/en/clips/londoners/common_voice_en_70189.opus,londoners
./data/macroset/en/clips/enabled/common_voice_en_21341614.opus,enabled
./data/macroset/en/clips/enabled/common_voice_en_20276079.opus,enabled
./data/macroset/en/clips/enabled/common_voice_en_20023244.opus,enabled
./data/macroset/en/clips/enabled/common_voice_en_21876823.opus,enabled
./data/macroset/en/clips/enabled/common_voice_en_19980589.opus,enabled
./data/macroset/en/clips/escort/common_voice_en_22248880.opus,escort
./data/macroset/en/clips/escort/common_voice_en_21318947.opus,escort
./data/macroset/en/clips/escort/common_voice_en_17782192.opus,escort
./data/macroset/en/clips/escort/common_voice_en_18158182.opus,escort
./data/macroset/en/clips/escort/common_voice_en_21229926.opus,escort
./data/macroset/en/clips/fissure/common_voice_en_602314.opus,fissure
./data/macroset/en/clips/fissure/common_voice_en_562233.opus,fissure
./data/macroset/en/clips/fissure/common_voice_en_173740.opus,fissure
./data/macroset/en/clips/fissure/common_voice_en_608731.opus,fissure
./data/macroset/en/clips/fissure/common_voice_en_669029.opus,fissure
./data/macroset/en/clips/ford/common_voice_en_19646421.opus,ford
./data/macroset/en/clips/ford/common_voice_en_21534516.opus,ford
./data/macroset/en/clips/ford/common_voice_en_19654630.opus,ford
./data/macroset/en/clips/ford/common_voice_en_20310175.opus,ford
./data/macroset/en/clips/ford/common_voice_en_20400378.opus,ford
./data/macroset/en/clips/montreal/common_voice_en_19832571.opus,montreal
./data/macroset/en/clips/montreal/common_voice_en_20075658.opus,montreal
./data/macroset/en/clips/montreal/common_voice_en_19214783.opus,montreal
./data/macroset/en/clips/montreal/common_voice_en_20323613.opus,montreal
./data/macroset/en/clips/montreal/common_voice_en_19368007__2.opus,montreal
./data/macroset/en/clips/imposing/common_voice_en_19822248.opus,imposing
./data/macroset/en/clips/imposing/common_voice_en_18475920.opus,imposing
./data/macroset/en/clips/imposing/common_voice_en_20261077.opus,imposing
./data/macroset/en/clips/imposing/common_voice_en_21019238.opus,imposing
./data/macroset/en/clips/imposing/common_voice_en_19630639.opus,imposing
./data/macroset/en/clips/ferguson/common_voice_en_19786193.opus,ferguson
./data/macroset/en/clips/ferguson/common_voice_en_21799663.opus,ferguson
./data/macroset/en/clips/ferguson/common_voice_en_21957377.opus,ferguson
./data/macroset/en/clips/ferguson/common_voice_en_19820722.opus,ferguson
./data/macroset/en/clips/ferguson/common_voice_en_20091772.opus,ferguson
./data/macroset/en/clips/exhausted/common_voice_en_88808.opus,exhausted
./data/macroset/en/clips/exhausted/common_voice_en_685201.opus,exhausted
./data/macroset/en/clips/exhausted/common_voice_en_670596.opus,exhausted
./data/macroset/en/clips/exhausted/common_voice_en_546910.opus,exhausted
./data/macroset/en/clips/exhausted/common_voice_en_99452.opus,exhausted
./data/macroset/en/clips/romance/common_voice_en_20233226.opus,romance
./data/macroset/en/clips/romance/common_voice_en_21437226.opus,romance
./data/macroset/en/clips/romance/common_voice_en_21781105.opus,romance
./data/macroset/en/clips/romance/common_voice_en_20280128.opus,romance
./data/macroset/en/clips/romance/common_voice_en_19958612.opus,romance
./data/macroset/en/clips/hill/common_voice_en_21349179.opus,hill
./data/macroset/en/clips/hill/common_voice_en_221901.opus,hill
./data/macroset/en/clips/hill/common_voice_en_20522963.opus,hill
./data/macroset/en/clips/hill/common_voice_en_20234618.opus,hill
./data/macroset/en/clips/hill/common_voice_en_497431.opus,hill
./data/macroset/en/clips/divide/common_voice_en_17948869.opus,divide
./data/macroset/en/clips/divide/common_voice_en_19148876.opus,divide
./data/macroset/en/clips/divide/common_voice_en_19837396.opus,divide
./data/macroset/en/clips/divide/common_voice_en_19993698.opus,divide
./data/macroset/en/clips/divide/common_voice_en_19969195.opus,divide
./data/macroset/en/clips/wisconsin/common_voice_en_19981717.opus,wisconsin
./data/macroset/en/clips/wisconsin/common_voice_en_18812065.opus,wisconsin
./data/macroset/en/clips/wisconsin/common_voice_en_20293757.opus,wisconsin
./data/macroset/en/clips/wisconsin/common_voice_en_22466523.opus,wisconsin
./data/macroset/en/clips/wisconsin/common_voice_en_18812065__2.opus,wisconsin
./data/macroset/en/clips/submarines/common_voice_en_19495401.opus,submarines
./data/macroset/en/clips/submarines/common_voice_en_21064387.opus,submarines
./data/macroset/en/clips/submarines/common_voice_en_21467398.opus,submarines
./data/macroset/en/clips/submarines/common_voice_en_21065311.opus,submarines
./data/macroset/en/clips/submarines/common_voice_en_19954223.opus,submarines
./data/macroset/en/clips/pet/common_voice_en_219884.opus,pet
./data/macroset/en/clips/pet/common_voice_en_511623.opus,pet
./data/macroset/en/clips/pet/common_voice_en_19700729.opus,pet
./data/macroset/en/clips/pet/common_voice_en_21207568.opus,pet
./data/macroset/en/clips/pet/common_voice_en_352220.opus,pet
./data/macroset/en/clips/apron/common_voice_en_545232.opus,apron
./data/macroset/en/clips/apron/common_voice_en_156155.opus,apron
./data/macroset/en/clips/apron/common_voice_en_545129.opus,apron
./data/macroset/en/clips/apron/common_voice_en_677266__2.opus,apron
./data/macroset/en/clips/apron/common_voice_en_18444147.opus,apron
./data/macroset/en/clips/working/common_voice_en_570416.opus,working
./data/macroset/en/clips/working/common_voice_en_214634.opus,working
./data/macroset/en/clips/working/common_voice_en_20411071.opus,working
./data/macroset/en/clips/working/common_voice_en_506582.opus,working
./data/macroset/en/clips/working/common_voice_en_21572685.opus,working
./data/macroset/en/clips/rose/common_voice_en_23504.opus,rose
./data/macroset/en/clips/rose/common_voice_en_18593961.opus,rose
./data/macroset/en/clips/rose/common_voice_en_21844603.opus,rose
./data/macroset/en/clips/rose/common_voice_en_23442.opus,rose
./data/macroset/en/clips/rose/common_voice_en_17407268.opus,rose
./data/macroset/en/clips/electoral/common_voice_en_19381365.opus,electoral
./data/macroset/en/clips/electoral/common_voice_en_20002189.opus,electoral
./data/macroset/en/clips/electoral/common_voice_en_20216735.opus,electoral
./data/macroset/en/clips/electoral/common_voice_en_22144394.opus,electoral
./data/macroset/en/clips/electoral/common_voice_en_20801374.opus,electoral
./data/macroset/en/clips/blair/common_voice_en_20957636.opus,blair
./data/macroset/en/clips/blair/common_voice_en_20162648.opus,blair
./data/macroset/en/clips/blair/common_voice_en_19721696.opus,blair
./data/macroset/en/clips/blair/common_voice_en_20243436.opus,blair
./data/macroset/en/clips/blair/common_voice_en_20704161.opus,blair
./data/macroset/en/clips/spiritual/common_voice_en_20007558.opus,spiritual
./data/macroset/en/clips/spiritual/common_voice_en_22386544.opus,spiritual
./data/macroset/en/clips/spiritual/common_voice_en_21777362.opus,spiritual
./data/macroset/en/clips/spiritual/common_voice_en_21180332.opus,spiritual
./data/macroset/en/clips/spiritual/common_voice_en_20883400.opus,spiritual
./data/macroset/en/clips/concrete/common_voice_en_20440466.opus,concrete
./data/macroset/en/clips/concrete/common_voice_en_20162608.opus,concrete
./data/macroset/en/clips/concrete/common_voice_en_20015667.opus,concrete
./data/macroset/en/clips/concrete/common_voice_en_20495031.opus,concrete
./data/macroset/en/clips/concrete/common_voice_en_647014.opus,concrete
./data/macroset/en/clips/fourth/common_voice_en_21827318.opus,fourth
./data/macroset/en/clips/fourth/common_voice_en_20837394.opus,fourth
./data/macroset/en/clips/fourth/common_voice_en_21926007.opus,fourth
./data/macroset/en/clips/fourth/common_voice_en_22420155.opus,fourth
./data/macroset/en/clips/fourth/common_voice_en_18775203.opus,fourth
./data/macroset/en/clips/page/common_voice_en_20619712.opus,page
./data/macroset/en/clips/page/common_voice_en_21388323__2.opus,page
./data/macroset/en/clips/page/common_voice_en_616574.opus,page
./data/macroset/en/clips/page/common_voice_en_516209.opus,page
./data/macroset/en/clips/page/common_voice_en_20173480.opus,page
./data/macroset/en/clips/accompany/common_voice_en_18792326.opus,accompany
./data/macroset/en/clips/accompany/common_voice_en_22071936.opus,accompany
./data/macroset/en/clips/accompany/common_voice_en_19536842.opus,accompany
./data/macroset/en/clips/accompany/common_voice_en_18727901.opus,accompany
./data/macroset/en/clips/accompany/common_voice_en_603067.opus,accompany
./data/macroset/en/clips/breaching/common_voice_en_476248.opus,breaching
./data/macroset/en/clips/breaching/common_voice_en_509631.opus,breaching
./data/macroset/en/clips/breaching/common_voice_en_17416294.opus,breaching
./data/macroset/en/clips/breaching/common_voice_en_17277692.opus,breaching
./data/macroset/en/clips/breaching/common_voice_en_17366958.opus,breaching
./data/macroset/en/clips/pregnancy/common_voice_en_19434770.opus,pregnancy
./data/macroset/en/clips/pregnancy/common_voice_en_564771.opus,pregnancy
./data/macroset/en/clips/pregnancy/common_voice_en_639057.opus,pregnancy
./data/macroset/en/clips/pregnancy/common_voice_en_689753.opus,pregnancy
./data/macroset/en/clips/pregnancy/common_voice_en_20374547.opus,pregnancy
./data/macroset/en/clips/undo/common_voice_en_518442.opus,undo
./data/macroset/en/clips/undo/common_voice_en_218983.opus,undo
./data/macroset/en/clips/undo/common_voice_en_17696.opus,undo
./data/macroset/en/clips/undo/common_voice_en_183970.opus,undo
./data/macroset/en/clips/undo/common_voice_en_20943378.opus,undo
./data/macroset/en/clips/catherine/common_voice_en_528272.opus,catherine
./data/macroset/en/clips/catherine/common_voice_en_566125.opus,catherine
./data/macroset/en/clips/catherine/common_voice_en_221991.opus,catherine
./data/macroset/en/clips/catherine/common_voice_en_21089614.opus,catherine
./data/macroset/en/clips/catherine/common_voice_en_21097678.opus,catherine
./data/macroset/en/clips/whenever/common_voice_en_533419.opus,whenever
./data/macroset/en/clips/whenever/common_voice_en_55176.opus,whenever
./data/macroset/en/clips/whenever/common_voice_en_590190.opus,whenever
./data/macroset/en/clips/whenever/common_voice_en_21505378.opus,whenever
./data/macroset/en/clips/whenever/common_voice_en_63089.opus,whenever
./data/macroset/en/clips/mack/common_voice_en_21936114.opus,mack
./data/macroset/en/clips/mack/common_voice_en_19617673.opus,mack
./data/macroset/en/clips/mack/common_voice_en_21786762__2.opus,mack
./data/macroset/en/clips/mack/common_voice_en_21512362.opus,mack
./data/macroset/en/clips/mack/common_voice_en_21507373.opus,mack
./data/macroset/en/clips/birch/common_voice_en_696338.opus,birch
./data/macroset/en/clips/birch/common_voice_en_19954342.opus,birch
./data/macroset/en/clips/birch/common_voice_en_672749.opus,birch
./data/macroset/en/clips/birch/common_voice_en_652954.opus,birch
./data/macroset/en/clips/birch/common_voice_en_578653.opus,birch
./data/macroset/en/clips/luxury/common_voice_en_649713.opus,luxury
./data/macroset/en/clips/luxury/common_voice_en_19214449.opus,luxury
./data/macroset/en/clips/luxury/common_voice_en_695455.opus,luxury
./data/macroset/en/clips/luxury/common_voice_en_19777075.opus,luxury
./data/macroset/en/clips/luxury/common_voice_en_20872531.opus,luxury
./data/macroset/en/clips/app/common_voice_en_18511105.opus,app
./data/macroset/en/clips/app/common_voice_en_18713358__2.opus,app
./data/macroset/en/clips/app/common_voice_en_509735.opus,app
./data/macroset/en/clips/app/common_voice_en_18519903.opus,app
./data/macroset/en/clips/app/common_voice_en_197171.opus,app
./data/macroset/en/clips/catastrophic/common_voice_en_20531987.opus,catastrophic
./data/macroset/en/clips/catastrophic/common_voice_en_628275.opus,catastrophic
./data/macroset/en/clips/catastrophic/common_voice_en_79863.opus,catastrophic
./data/macroset/en/clips/catastrophic/common_voice_en_218982.opus,catastrophic
./data/macroset/en/clips/catastrophic/common_voice_en_18663710.opus,catastrophic
./data/macroset/en/clips/beats/common_voice_en_641745.opus,beats
./data/macroset/en/clips/beats/common_voice_en_130371.opus,beats
./data/macroset/en/clips/beats/common_voice_en_19852398.opus,beats
./data/macroset/en/clips/beats/common_voice_en_49688.opus,beats
./data/macroset/en/clips/beats/common_voice_en_20183046.opus,beats
./data/macroset/en/clips/name/common_voice_en_20203150.opus,name
./data/macroset/en/clips/name/common_voice_en_20163144.opus,name
./data/macroset/en/clips/name/common_voice_en_19570690.opus,name
./data/macroset/en/clips/name/common_voice_en_19841388__2.opus,name
./data/macroset/en/clips/name/common_voice_en_61538.opus,name
./data/macroset/en/clips/internationally/common_voice_en_20897768.opus,internationally
./data/macroset/en/clips/internationally/common_voice_en_19819581.opus,internationally
./data/macroset/en/clips/internationally/common_voice_en_19263854.opus,internationally
./data/macroset/en/clips/internationally/common_voice_en_19451398.opus,internationally
./data/macroset/en/clips/internationally/common_voice_en_22164903.opus,internationally
./data/macroset/en/clips/date/common_voice_en_18829362.opus,date
./data/macroset/en/clips/date/common_voice_en_18772844.opus,date
./data/macroset/en/clips/date/common_voice_en_19729445.opus,date
./data/macroset/en/clips/date/common_voice_en_215685.opus,date
./data/macroset/en/clips/date/common_voice_en_18534342.opus,date
./data/macroset/en/clips/scanning/common_voice_en_17898.opus,scanning
./data/macroset/en/clips/scanning/common_voice_en_42356.opus,scanning
./data/macroset/en/clips/scanning/common_voice_en_21759981.opus,scanning
./data/macroset/en/clips/scanning/common_voice_en_20327992.opus,scanning
./data/macroset/en/clips/scanning/common_voice_en_21517419.opus,scanning
./data/macroset/en/clips/stolen/common_voice_en_20688864.opus,stolen
./data/macroset/en/clips/stolen/common_voice_en_524939.opus,stolen
./data/macroset/en/clips/stolen/common_voice_en_18079344.opus,stolen
./data/macroset/en/clips/stolen/common_voice_en_565678.opus,stolen
./data/macroset/en/clips/stolen/common_voice_en_21020534.opus,stolen
./data/macroset/en/clips/samurai/common_voice_en_19773534.opus,samurai
./data/macroset/en/clips/samurai/common_voice_en_18348433.opus,samurai
./data/macroset/en/clips/samurai/common_voice_en_22025874.opus,samurai
./data/macroset/en/clips/samurai/common_voice_en_18332208.opus,samurai
./data/macroset/en/clips/samurai/common_voice_en_18713659.opus,samurai
./data/macroset/en/clips/pockets/common_voice_en_18942399.opus,pockets
./data/macroset/en/clips/pockets/common_voice_en_12198.opus,pockets
./data/macroset/en/clips/pockets/common_voice_en_177279.opus,pockets
./data/macroset/en/clips/pockets/common_voice_en_17739077.opus,pockets
./data/macroset/en/clips/pockets/common_voice_en_22226923.opus,pockets
./data/macroset/en/clips/unsuccessful/common_voice_en_22113.opus,unsuccessful
./data/macroset/en/clips/unsuccessful/common_voice_en_96200.opus,unsuccessful
./data/macroset/en/clips/unsuccessful/common_voice_en_31596.opus,unsuccessful
./data/macroset/en/clips/unsuccessful/common_voice_en_33402.opus,unsuccessful
./data/macroset/en/clips/unsuccessful/common_voice_en_642128.opus,unsuccessful
./data/macroset/en/clips/panza/common_voice_en_17341012.opus,panza
./data/macroset/en/clips/panza/common_voice_en_17272955.opus,panza
./data/macroset/en/clips/panza/common_voice_en_17265713.opus,panza
./data/macroset/en/clips/panza/common_voice_en_17810785.opus,panza
./data/macroset/en/clips/panza/common_voice_en_17776474.opus,panza
./data/macroset/en/clips/argentine/common_voice_en_22395780.opus,argentine
./data/macroset/en/clips/argentine/common_voice_en_20537543.opus,argentine
./data/macroset/en/clips/argentine/common_voice_en_19028719.opus,argentine
./data/macroset/en/clips/argentine/common_voice_en_19860714.opus,argentine
./data/macroset/en/clips/argentine/common_voice_en_20379920.opus,argentine
./data/macroset/en/clips/spaced/common_voice_en_594028.opus,spaced
./data/macroset/en/clips/spaced/common_voice_en_51160.opus,spaced
./data/macroset/en/clips/spaced/common_voice_en_688875.opus,spaced
./data/macroset/en/clips/spaced/common_voice_en_540693.opus,spaced
./data/macroset/en/clips/spaced/common_voice_en_18907943.opus,spaced
./data/macroset/en/clips/point/common_voice_en_18884459.opus,point
./data/macroset/en/clips/point/common_voice_en_21761.opus,point
./data/macroset/en/clips/point/common_voice_en_17301502.opus,point
./data/macroset/en/clips/point/common_voice_en_20427976.opus,point
./data/macroset/en/clips/point/common_voice_en_21281340.opus,point
./data/macroset/en/clips/convincing/common_voice_en_522969.opus,convincing
./data/macroset/en/clips/convincing/common_voice_en_2611201.opus,convincing
./data/macroset/en/clips/convincing/common_voice_en_94766.opus,convincing
./data/macroset/en/clips/convincing/common_voice_en_18774726.opus,convincing
./data/macroset/en/clips/convincing/common_voice_en_47178.opus,convincing
./data/macroset/en/clips/governors/common_voice_en_19908739.opus,governors
./data/macroset/en/clips/governors/common_voice_en_21239222.opus,governors
./data/macroset/en/clips/governors/common_voice_en_19611704.opus,governors
./data/macroset/en/clips/governors/common_voice_en_18745048__2.opus,governors
./data/macroset/en/clips/governors/common_voice_en_18745048.opus,governors
./data/macroset/en/clips/asterisk/common_voice_en_29366.opus,asterisk
./data/macroset/en/clips/asterisk/common_voice_en_17740645.opus,asterisk
./data/macroset/en/clips/asterisk/common_voice_en_18835054.opus,asterisk
./data/macroset/en/clips/asterisk/common_voice_en_176789.opus,asterisk
./data/macroset/en/clips/asterisk/common_voice_en_19941858.opus,asterisk
./data/macroset/en/clips/improves/common_voice_en_565500.opus,improves
./data/macroset/en/clips/improves/common_voice_en_90505.opus,improves
./data/macroset/en/clips/improves/common_voice_en_182031.opus,improves
./data/macroset/en/clips/improves/common_voice_en_586845.opus,improves
./data/macroset/en/clips/improves/common_voice_en_538070.opus,improves
./data/macroset/en/clips/around/common_voice_en_19539818.opus,around
./data/macroset/en/clips/around/common_voice_en_651611.opus,around
./data/macroset/en/clips/around/common_voice_en_14439.opus,around
./data/macroset/en/clips/around/common_voice_en_18435376.opus,around
./data/macroset/en/clips/around/common_voice_en_19750379.opus,around
./data/macroset/en/clips/maternity/common_voice_en_17453718.opus,maternity
./data/macroset/en/clips/maternity/common_voice_en_18166154.opus,maternity
./data/macroset/en/clips/maternity/common_voice_en_17288865.opus,maternity
./data/macroset/en/clips/maternity/common_voice_en_17416383.opus,maternity
./data/macroset/en/clips/maternity/common_voice_en_17476707.opus,maternity
./data/macroset/en/clips/falsetto/common_voice_en_17281402.opus,falsetto
./data/macroset/en/clips/falsetto/common_voice_en_17362977.opus,falsetto
./data/macroset/en/clips/falsetto/common_voice_en_17860893.opus,falsetto
./data/macroset/en/clips/falsetto/common_voice_en_18735480.opus,falsetto
./data/macroset/en/clips/falsetto/common_voice_en_17401438.opus,falsetto
./data/macroset/en/clips/boris/common_voice_en_632672.opus,boris
./data/macroset/en/clips/boris/common_voice_en_18714980.opus,boris
./data/macroset/en/clips/boris/common_voice_en_19113932.opus,boris
./data/macroset/en/clips/boris/common_voice_en_37450.opus,boris
./data/macroset/en/clips/boris/common_voice_en_18934995.opus,boris
./data/macroset/en/clips/stopping/common_voice_en_587786.opus,stopping
./data/macroset/en/clips/stopping/common_voice_en_17259727.opus,stopping
./data/macroset/en/clips/stopping/common_voice_en_20753207.opus,stopping
./data/macroset/en/clips/stopping/common_voice_en_19185311.opus,stopping
./data/macroset/en/clips/stopping/common_voice_en_17250766.opus,stopping
./data/macroset/en/clips/rodin/common_voice_en_188068.opus,rodin
./data/macroset/en/clips/rodin/common_voice_en_218812.opus,rodin
./data/macroset/en/clips/rodin/common_voice_en_33130.opus,rodin
./data/macroset/en/clips/rodin/common_voice_en_18835314.opus,rodin
./data/macroset/en/clips/rodin/common_voice_en_653814.opus,rodin
./data/macroset/en/clips/bones/common_voice_en_22275735.opus,bones
./data/macroset/en/clips/bones/common_voice_en_21688290.opus,bones
./data/macroset/en/clips/bones/common_voice_en_21512144.opus,bones
./data/macroset/en/clips/bones/common_voice_en_511226.opus,bones
./data/macroset/en/clips/bones/common_voice_en_592300.opus,bones
./data/macroset/en/clips/town/common_voice_en_19729704.opus,town
./data/macroset/en/clips/town/common_voice_en_18698664.opus,town
./data/macroset/en/clips/town/common_voice_en_18752434.opus,town
./data/macroset/en/clips/town/common_voice_en_19302929.opus,town
./data/macroset/en/clips/town/common_voice_en_17831834.opus,town
./data/macroset/en/clips/substance/common_voice_en_19138469.opus,substance
./data/macroset/en/clips/substance/common_voice_en_19982226.opus,substance
./data/macroset/en/clips/substance/common_voice_en_19887302.opus,substance
./data/macroset/en/clips/substance/common_voice_en_20381836.opus,substance
./data/macroset/en/clips/substance/common_voice_en_18645568.opus,substance
./data/macroset/en/clips/establish/common_voice_en_21198323.opus,establish
./data/macroset/en/clips/establish/common_voice_en_87467.opus,establish
./data/macroset/en/clips/establish/common_voice_en_19466927.opus,establish
./data/macroset/en/clips/establish/common_voice_en_19371412.opus,establish
./data/macroset/en/clips/establish/common_voice_en_20234160.opus,establish
./data/macroset/en/clips/salesman/common_voice_en_20084268.opus,salesman
./data/macroset/en/clips/salesman/common_voice_en_211935.opus,salesman
./data/macroset/en/clips/salesman/common_voice_en_173640.opus,salesman
./data/macroset/en/clips/salesman/common_voice_en_476489.opus,salesman
./data/macroset/en/clips/salesman/common_voice_en_380082.opus,salesman
./data/macroset/en/clips/gill/common_voice_en_18986363.opus,gill
./data/macroset/en/clips/gill/common_voice_en_20720572.opus,gill
./data/macroset/en/clips/gill/common_voice_en_20220971.opus,gill
./data/macroset/en/clips/gill/common_voice_en_19137972.opus,gill
./data/macroset/en/clips/gill/common_voice_en_19869407.opus,gill
./data/macroset/en/clips/muffled/common_voice_en_686845.opus,muffled
./data/macroset/en/clips/muffled/common_voice_en_176919.opus,muffled
./data/macroset/en/clips/muffled/common_voice_en_625878.opus,muffled
./data/macroset/en/clips/muffled/common_voice_en_673760.opus,muffled
./data/macroset/en/clips/muffled/common_voice_en_32558.opus,muffled
./data/macroset/en/clips/correctly/common_voice_en_696614.opus,correctly
./data/macroset/en/clips/correctly/common_voice_en_17267107.opus,correctly
./data/macroset/en/clips/correctly/common_voice_en_481832.opus,correctly
./data/macroset/en/clips/correctly/common_voice_en_192094.opus,correctly
./data/macroset/en/clips/correctly/common_voice_en_21107247.opus,correctly
./data/macroset/en/clips/penn/common_voice_en_21953760.opus,penn
./data/macroset/en/clips/penn/common_voice_en_648733.opus,penn
./data/macroset/en/clips/penn/common_voice_en_22226562.opus,penn
./data/macroset/en/clips/penn/common_voice_en_18861720.opus,penn
./data/macroset/en/clips/penn/common_voice_en_19314000.opus,penn
./data/macroset/en/clips/general/common_voice_en_19948967.opus,general
./data/macroset/en/clips/general/common_voice_en_20879813.opus,general
./data/macroset/en/clips/general/common_voice_en_21285597.opus,general
./data/macroset/en/clips/general/common_voice_en_20280664.opus,general
./data/macroset/en/clips/general/common_voice_en_21767808.opus,general
./data/macroset/en/clips/tune/common_voice_en_58754.opus,tune
./data/macroset/en/clips/tune/common_voice_en_338041.opus,tune
./data/macroset/en/clips/tune/common_voice_en_18573374.opus,tune
./data/macroset/en/clips/tune/common_voice_en_18529943.opus,tune
./data/macroset/en/clips/tune/common_voice_en_19632466.opus,tune
./data/macroset/en/clips/tampa/common_voice_en_19751249.opus,tampa
./data/macroset/en/clips/tampa/common_voice_en_22204362.opus,tampa
./data/macroset/en/clips/tampa/common_voice_en_20589307.opus,tampa
./data/macroset/en/clips/tampa/common_voice_en_19011107.opus,tampa
./data/macroset/en/clips/tampa/common_voice_en_19011031.opus,tampa
./data/macroset/en/clips/kappa/common_voice_en_19673490.opus,kappa
./data/macroset/en/clips/kappa/common_voice_en_20475105.opus,kappa
./data/macroset/en/clips/kappa/common_voice_en_20024408.opus,kappa
./data/macroset/en/clips/kappa/common_voice_en_21495705.opus,kappa
./data/macroset/en/clips/kappa/common_voice_en_18780017.opus,kappa
./data/macroset/en/clips/warming/common_voice_en_557557.opus,warming
./data/macroset/en/clips/warming/common_voice_en_646206.opus,warming
./data/macroset/en/clips/warming/common_voice_en_508829.opus,warming
./data/macroset/en/clips/warming/common_voice_en_509545.opus,warming
./data/macroset/en/clips/warming/common_voice_en_47758.opus,warming
./data/macroset/en/clips/rapper/common_voice_en_19622352.opus,rapper
./data/macroset/en/clips/rapper/common_voice_en_18512415.opus,rapper
./data/macroset/en/clips/rapper/common_voice_en_20527472.opus,rapper
./data/macroset/en/clips/rapper/common_voice_en_21159313.opus,rapper
./data/macroset/en/clips/rapper/common_voice_en_77649.opus,rapper
./data/macroset/en/clips/sentence/common_voice_en_19948759.opus,sentence
./data/macroset/en/clips/sentence/common_voice_en_20316600.opus,sentence
./data/macroset/en/clips/sentence/common_voice_en_17886231.opus,sentence
./data/macroset/en/clips/sentence/common_voice_en_450798.opus,sentence
./data/macroset/en/clips/sentence/common_voice_en_164969.opus,sentence
./data/macroset/en/clips/steadily/common_voice_en_18745581.opus,steadily
./data/macroset/en/clips/steadily/common_voice_en_18314141.opus,steadily
./data/macroset/en/clips/steadily/common_voice_en_20105330.opus,steadily
./data/macroset/en/clips/steadily/common_voice_en_19990908.opus,steadily
./data/macroset/en/clips/steadily/common_voice_en_22061113.opus,steadily
./data/macroset/en/clips/mutual/common_voice_en_15735072.opus,mutual
./data/macroset/en/clips/mutual/common_voice_en_18062243.opus,mutual
./data/macroset/en/clips/mutual/common_voice_en_19390082.opus,mutual
./data/macroset/en/clips/mutual/common_voice_en_19502831.opus,mutual
./data/macroset/en/clips/mutual/common_voice_en_20247272.opus,mutual
./data/macroset/en/clips/airfield/common_voice_en_21452806.opus,airfield
./data/macroset/en/clips/airfield/common_voice_en_21867491.opus,airfield
./data/macroset/en/clips/airfield/common_voice_en_21264090.opus,airfield
./data/macroset/en/clips/airfield/common_voice_en_21806817.opus,airfield
./data/macroset/en/clips/airfield/common_voice_en_22398681.opus,airfield
./data/macroset/en/clips/gross/common_voice_en_22312242.opus,gross
./data/macroset/en/clips/gross/common_voice_en_22316300.opus,gross
./data/macroset/en/clips/gross/common_voice_en_19510888.opus,gross
./data/macroset/en/clips/gross/common_voice_en_19644291.opus,gross
./data/macroset/en/clips/gross/common_voice_en_19452221.opus,gross
./data/macroset/en/clips/york/common_voice_en_19286021.opus,york
./data/macroset/en/clips/york/common_voice_en_21505255.opus,york
./data/macroset/en/clips/york/common_voice_en_20462028__2.opus,york
./data/macroset/en/clips/york/common_voice_en_21444161.opus,york
./data/macroset/en/clips/york/common_voice_en_21131729.opus,york
./data/macroset/en/clips/owls/common_voice_en_21692174.opus,owls
./data/macroset/en/clips/owls/common_voice_en_19595326.opus,owls
./data/macroset/en/clips/owls/common_voice_en_18409405.opus,owls
./data/macroset/en/clips/owls/common_voice_en_489364.opus,owls
./data/macroset/en/clips/owls/common_voice_en_19285044.opus,owls
./data/macroset/en/clips/troy/common_voice_en_20475065.opus,troy
./data/macroset/en/clips/troy/common_voice_en_20961364.opus,troy
./data/macroset/en/clips/troy/common_voice_en_22307856.opus,troy
./data/macroset/en/clips/troy/common_voice_en_22069657.opus,troy
./data/macroset/en/clips/troy/common_voice_en_21379641.opus,troy
./data/macroset/en/clips/attention/common_voice_en_93419.opus,attention
./data/macroset/en/clips/attention/common_voice_en_19311326.opus,attention
./data/macroset/en/clips/attention/common_voice_en_20907912.opus,attention
./data/macroset/en/clips/attention/common_voice_en_565664.opus,attention
./data/macroset/en/clips/attention/common_voice_en_20246888.opus,attention
./data/macroset/en/clips/torches/common_voice_en_541566.opus,torches
./data/macroset/en/clips/torches/common_voice_en_19638426.opus,torches
./data/macroset/en/clips/torches/common_voice_en_29963.opus,torches
./data/macroset/en/clips/torches/common_voice_en_508698.opus,torches
./data/macroset/en/clips/torches/common_voice_en_32904.opus,torches
./data/macroset/en/clips/myth/common_voice_en_60260.opus,myth
./data/macroset/en/clips/myth/common_voice_en_30279.opus,myth
./data/macroset/en/clips/myth/common_voice_en_20755102.opus,myth
./data/macroset/en/clips/myth/common_voice_en_21552646.opus,myth
./data/macroset/en/clips/myth/common_voice_en_98603.opus,myth
./data/macroset/en/clips/bringing/common_voice_en_19672413.opus,bringing
./data/macroset/en/clips/bringing/common_voice_en_18860522.opus,bringing
./data/macroset/en/clips/bringing/common_voice_en_22346287.opus,bringing
./data/macroset/en/clips/bringing/common_voice_en_19348234.opus,bringing
./data/macroset/en/clips/bringing/common_voice_en_19546835.opus,bringing
./data/macroset/en/clips/stands/common_voice_en_667592.opus,stands
./data/macroset/en/clips/stands/common_voice_en_18945592.opus,stands
./data/macroset/en/clips/stands/common_voice_en_146625.opus,stands
./data/macroset/en/clips/stands/common_voice_en_19476630.opus,stands
./data/macroset/en/clips/stands/common_voice_en_20427406.opus,stands
./data/macroset/en/clips/classification/common_voice_en_22248431.opus,classification
./data/macroset/en/clips/classification/common_voice_en_18914284.opus,classification
./data/macroset/en/clips/classification/common_voice_en_669043.opus,classification
./data/macroset/en/clips/classification/common_voice_en_17686006.opus,classification
./data/macroset/en/clips/classification/common_voice_en_496356.opus,classification
./data/macroset/en/clips/exhibition/common_voice_en_626340.opus,exhibition
./data/macroset/en/clips/exhibition/common_voice_en_19795377.opus,exhibition
./data/macroset/en/clips/exhibition/common_voice_en_609293.opus,exhibition
./data/macroset/en/clips/exhibition/common_voice_en_20911498.opus,exhibition
./data/macroset/en/clips/exhibition/common_voice_en_19836638.opus,exhibition
./data/macroset/en/clips/bothered/common_voice_en_39800.opus,bothered
./data/macroset/en/clips/bothered/common_voice_en_542664.opus,bothered
./data/macroset/en/clips/bothered/common_voice_en_636485.opus,bothered
./data/macroset/en/clips/bothered/common_voice_en_69753.opus,bothered
./data/macroset/en/clips/bothered/common_voice_en_21943883.opus,bothered
./data/macroset/en/clips/launched/common_voice_en_18882589.opus,launched
./data/macroset/en/clips/launched/common_voice_en_20288867.opus,launched
./data/macroset/en/clips/launched/common_voice_en_20332865.opus,launched
./data/macroset/en/clips/launched/common_voice_en_204814.opus,launched
./data/macroset/en/clips/launched/common_voice_en_20457753.opus,launched
./data/macroset/en/clips/common/common_voice_en_19944202.opus,common
./data/macroset/en/clips/common/common_voice_en_19842768.opus,common
./data/macroset/en/clips/common/common_voice_en_18738554.opus,common
./data/macroset/en/clips/common/common_voice_en_20675251.opus,common
./data/macroset/en/clips/common/common_voice_en_22093451.opus,common
./data/macroset/en/clips/bartender/common_voice_en_21546982.opus,bartender
./data/macroset/en/clips/bartender/common_voice_en_308108.opus,bartender
./data/macroset/en/clips/bartender/common_voice_en_550281.opus,bartender
./data/macroset/en/clips/bartender/common_voice_en_219540.opus,bartender
./data/macroset/en/clips/bartender/common_voice_en_17888122.opus,bartender
./data/macroset/en/clips/askew/common_voice_en_684936.opus,askew
./data/macroset/en/clips/askew/common_voice_en_197375.opus,askew
./data/macroset/en/clips/askew/common_voice_en_203907.opus,askew
./data/macroset/en/clips/askew/common_voice_en_548675.opus,askew
./data/macroset/en/clips/askew/common_voice_en_601332.opus,askew
./data/macroset/en/clips/nickname/common_voice_en_19669002.opus,nickname
./data/macroset/en/clips/nickname/common_voice_en_19236869.opus,nickname
./data/macroset/en/clips/nickname/common_voice_en_20844518.opus,nickname
./data/macroset/en/clips/nickname/common_voice_en_20821479.opus,nickname
./data/macroset/en/clips/nickname/common_voice_en_18651954.opus,nickname
./data/macroset/en/clips/strips/common_voice_en_94798.opus,strips
./data/macroset/en/clips/strips/common_voice_en_19050040.opus,strips
./data/macroset/en/clips/strips/common_voice_en_19789403.opus,strips
./data/macroset/en/clips/strips/common_voice_en_544133.opus,strips
./data/macroset/en/clips/strips/common_voice_en_278137.opus,strips
./data/macroset/en/clips/status/common_voice_en_18971279.opus,status
./data/macroset/en/clips/status/common_voice_en_20205365.opus,status
./data/macroset/en/clips/status/common_voice_en_19579214.opus,status
./data/macroset/en/clips/status/common_voice_en_19964662.opus,status
./data/macroset/en/clips/status/common_voice_en_19942077.opus,status
./data/macroset/en/clips/gps/common_voice_en_17251415.opus,gps
./data/macroset/en/clips/gps/common_voice_en_17445313.opus,gps
./data/macroset/en/clips/gps/common_voice_en_700213.opus,gps
./data/macroset/en/clips/gps/common_voice_en_17347643.opus,gps
./data/macroset/en/clips/gps/common_voice_en_17965994.opus,gps
./data/macroset/en/clips/intervals/common_voice_en_19823371.opus,intervals
./data/macroset/en/clips/intervals/common_voice_en_19113845.opus,intervals
./data/macroset/en/clips/intervals/common_voice_en_20246347.opus,intervals
./data/macroset/en/clips/intervals/common_voice_en_18451993.opus,intervals
./data/macroset/en/clips/intervals/common_voice_en_22371584.opus,intervals
./data/macroset/en/clips/enter/common_voice_en_564211.opus,enter
./data/macroset/en/clips/enter/common_voice_en_614133.opus,enter
./data/macroset/en/clips/enter/common_voice_en_22309110.opus,enter
./data/macroset/en/clips/enter/common_voice_en_20883346.opus,enter
./data/macroset/en/clips/enter/common_voice_en_20777060.opus,enter
./data/macroset/en/clips/garlic/common_voice_en_20530128.opus,garlic
./data/macroset/en/clips/garlic/common_voice_en_18403676.opus,garlic
./data/macroset/en/clips/garlic/common_voice_en_19602849.opus,garlic
./data/macroset/en/clips/garlic/common_voice_en_19305181.opus,garlic
./data/macroset/en/clips/garlic/common_voice_en_555751.opus,garlic
./data/macroset/en/clips/post/common_voice_en_21819184.opus,post
./data/macroset/en/clips/post/common_voice_en_58924.opus,post
./data/macroset/en/clips/post/common_voice_en_20320054.opus,post
./data/macroset/en/clips/post/common_voice_en_79397.opus,post
./data/macroset/en/clips/post/common_voice_en_393324.opus,post
./data/macroset/en/clips/feeling/common_voice_en_32436.opus,feeling
./data/macroset/en/clips/feeling/common_voice_en_17264142.opus,feeling
./data/macroset/en/clips/feeling/common_voice_en_203840.opus,feeling
./data/macroset/en/clips/feeling/common_voice_en_95282.opus,feeling
./data/macroset/en/clips/feeling/common_voice_en_40400.opus,feeling
./data/macroset/en/clips/headcloth/common_voice_en_34743.opus,headcloth
./data/macroset/en/clips/headcloth/common_voice_en_569187.opus,headcloth
./data/macroset/en/clips/headcloth/common_voice_en_575617.opus,headcloth
./data/macroset/en/clips/headcloth/common_voice_en_530446.opus,headcloth
./data/macroset/en/clips/headcloth/common_voice_en_75980.opus,headcloth
./data/macroset/en/clips/greener/common_voice_en_18598652.opus,greener
./data/macroset/en/clips/greener/common_voice_en_17981561.opus,greener
./data/macroset/en/clips/greener/common_voice_en_5737049.opus,greener
./data/macroset/en/clips/greener/common_voice_en_18164466.opus,greener
./data/macroset/en/clips/greener/common_voice_en_17740813.opus,greener
./data/macroset/en/clips/garage/common_voice_en_21263241.opus,garage
./data/macroset/en/clips/garage/common_voice_en_18100263.opus,garage
./data/macroset/en/clips/garage/common_voice_en_18336412.opus,garage
./data/macroset/en/clips/garage/common_voice_en_52906.opus,garage
./data/macroset/en/clips/garage/common_voice_en_17347991.opus,garage
./data/macroset/en/clips/card/common_voice_en_674726.opus,card
./data/macroset/en/clips/card/common_voice_en_21329897.opus,card
./data/macroset/en/clips/card/common_voice_en_17856224.opus,card
./data/macroset/en/clips/card/common_voice_en_20007692__2.opus,card
./data/macroset/en/clips/card/common_voice_en_348996.opus,card
./data/macroset/en/clips/boxer/common_voice_en_21400128.opus,boxer
./data/macroset/en/clips/boxer/common_voice_en_19223048.opus,boxer
./data/macroset/en/clips/boxer/common_voice_en_21242810.opus,boxer
./data/macroset/en/clips/boxer/common_voice_en_20724270.opus,boxer
./data/macroset/en/clips/boxer/common_voice_en_21763095.opus,boxer
./data/macroset/en/clips/simplifying/common_voice_en_206726.opus,simplifying
./data/macroset/en/clips/simplifying/common_voice_en_44099.opus,simplifying
./data/macroset/en/clips/simplifying/common_voice_en_666578.opus,simplifying
./data/macroset/en/clips/simplifying/common_voice_en_654428.opus,simplifying
./data/macroset/en/clips/simplifying/common_voice_en_69433.opus,simplifying
./data/macroset/en/clips/correlated/common_voice_en_17658839.opus,correlated
./data/macroset/en/clips/correlated/common_voice_en_18133621.opus,correlated
./data/macroset/en/clips/correlated/common_voice_en_20310712.opus,correlated
./data/macroset/en/clips/correlated/common_voice_en_17835198.opus,correlated
./data/macroset/en/clips/correlated/common_voice_en_20220195.opus,correlated
./data/macroset/en/clips/rituals/common_voice_en_22431407.opus,rituals
./data/macroset/en/clips/rituals/common_voice_en_18826479.opus,rituals
./data/macroset/en/clips/rituals/common_voice_en_20245131.opus,rituals
./data/macroset/en/clips/rituals/common_voice_en_20498636.opus,rituals
./data/macroset/en/clips/rituals/common_voice_en_19514223.opus,rituals
./data/macroset/en/clips/don’t/common_voice_en_200876.opus,don’t
./data/macroset/en/clips/don’t/common_voice_en_18152494.opus,don’t
./data/macroset/en/clips/don’t/common_voice_en_221134.opus,don’t
./data/macroset/en/clips/don’t/common_voice_en_18461909.opus,don’t
./data/macroset/en/clips/don’t/common_voice_en_72171.opus,don’t
./data/macroset/en/clips/rarely/common_voice_en_21094058.opus,rarely
./data/macroset/en/clips/rarely/common_voice_en_208952.opus,rarely
./data/macroset/en/clips/rarely/common_voice_en_19027408.opus,rarely
./data/macroset/en/clips/rarely/common_voice_en_566818.opus,rarely
./data/macroset/en/clips/rarely/common_voice_en_21817759.opus,rarely
./data/macroset/en/clips/vacant/common_voice_en_19650056.opus,vacant
./data/macroset/en/clips/vacant/common_voice_en_22023228.opus,vacant
./data/macroset/en/clips/vacant/common_voice_en_19567153.opus,vacant
./data/macroset/en/clips/vacant/common_voice_en_21703561.opus,vacant
./data/macroset/en/clips/vacant/common_voice_en_21133485.opus,vacant
./data/macroset/en/clips/opacity/common_voice_en_17411290.opus,opacity
./data/macroset/en/clips/opacity/common_voice_en_17280977.opus,opacity
./data/macroset/en/clips/opacity/common_voice_en_17327486.opus,opacity
./data/macroset/en/clips/opacity/common_voice_en_17328867.opus,opacity
./data/macroset/en/clips/opacity/common_voice_en_176621.opus,opacity
./data/macroset/en/clips/spain/common_voice_en_19853368.opus,spain
./data/macroset/en/clips/spain/common_voice_en_22106274.opus,spain
./data/macroset/en/clips/spain/common_voice_en_21050680.opus,spain
./data/macroset/en/clips/spain/common_voice_en_20673921.opus,spain
./data/macroset/en/clips/spain/common_voice_en_485123.opus,spain
./data/macroset/en/clips/rugby/common_voice_en_22163687.opus,rugby
./data/macroset/en/clips/rugby/common_voice_en_20069161.opus,rugby
./data/macroset/en/clips/rugby/common_voice_en_22007318.opus,rugby
./data/macroset/en/clips/rugby/common_voice_en_21597819.opus,rugby
./data/macroset/en/clips/rugby/common_voice_en_20273303.opus,rugby
./data/macroset/en/clips/gear/common_voice_en_567581__2.opus,gear
./data/macroset/en/clips/gear/common_voice_en_483702.opus,gear
./data/macroset/en/clips/gear/common_voice_en_483495.opus,gear
./data/macroset/en/clips/gear/common_voice_en_486763.opus,gear
./data/macroset/en/clips/gear/common_voice_en_19981604.opus,gear
./data/macroset/en/clips/bertie/common_voice_en_19945464.opus,bertie
./data/macroset/en/clips/bertie/common_voice_en_18532487.opus,bertie
./data/macroset/en/clips/bertie/common_voice_en_18815423.opus,bertie
./data/macroset/en/clips/bertie/common_voice_en_18654069.opus,bertie
./data/macroset/en/clips/bertie/common_voice_en_18661956.opus,bertie
./data/macroset/en/clips/browser/common_voice_en_612678.opus,browser
./data/macroset/en/clips/browser/common_voice_en_18326956.opus,browser
./data/macroset/en/clips/browser/common_voice_en_557838.opus,browser
./data/macroset/en/clips/browser/common_voice_en_17774781.opus,browser
./data/macroset/en/clips/browser/common_voice_en_44205.opus,browser
./data/macroset/en/clips/centuries/common_voice_en_19590996.opus,centuries
./data/macroset/en/clips/centuries/common_voice_en_87369.opus,centuries
./data/macroset/en/clips/centuries/common_voice_en_48096.opus,centuries
./data/macroset/en/clips/centuries/common_voice_en_22204340.opus,centuries
./data/macroset/en/clips/centuries/common_voice_en_637150.opus,centuries
./data/macroset/en/clips/counterargument/common_voice_en_17903862.opus,counterargument
./data/macroset/en/clips/counterargument/common_voice_en_17297317.opus,counterargument
./data/macroset/en/clips/counterargument/common_voice_en_17275336.opus,counterargument
./data/macroset/en/clips/counterargument/common_voice_en_17268577.opus,counterargument
./data/macroset/en/clips/counterargument/common_voice_en_17724260.opus,counterargument
./data/macroset/en/clips/impression/common_voice_en_20203649.opus,impression
./data/macroset/en/clips/impression/common_voice_en_560835.opus,impression
./data/macroset/en/clips/impression/common_voice_en_22095225.opus,impression
./data/macroset/en/clips/impression/common_voice_en_579278.opus,impression
./data/macroset/en/clips/impression/common_voice_en_557828.opus,impression
./data/macroset/en/clips/township/common_voice_en_21139166.opus,township
./data/macroset/en/clips/township/common_voice_en_22433134.opus,township
./data/macroset/en/clips/township/common_voice_en_21397520.opus,township
./data/macroset/en/clips/township/common_voice_en_21388252.opus,township
./data/macroset/en/clips/township/common_voice_en_18869302.opus,township
./data/macroset/en/clips/schooling/common_voice_en_19678521.opus,schooling
./data/macroset/en/clips/schooling/common_voice_en_20905638.opus,schooling
./data/macroset/en/clips/schooling/common_voice_en_19444924.opus,schooling
./data/macroset/en/clips/schooling/common_voice_en_19588465.opus,schooling
./data/macroset/en/clips/schooling/common_voice_en_21702959.opus,schooling
./data/macroset/en/clips/cylinder/common_voice_en_178418.opus,cylinder
./data/macroset/en/clips/cylinder/common_voice_en_87253.opus,cylinder
./data/macroset/en/clips/cylinder/common_voice_en_617963.opus,cylinder
./data/macroset/en/clips/cylinder/common_voice_en_31852.opus,cylinder
./data/macroset/en/clips/cylinder/common_voice_en_548847.opus,cylinder
./data/macroset/en/clips/pregnant/common_voice_en_17676609.opus,pregnant
./data/macroset/en/clips/pregnant/common_voice_en_492964.opus,pregnant
./data/macroset/en/clips/pregnant/common_voice_en_18505818.opus,pregnant
./data/macroset/en/clips/pregnant/common_voice_en_648112.opus,pregnant
./data/macroset/en/clips/pregnant/common_voice_en_17888232.opus,pregnant
./data/macroset/en/clips/antelope/common_voice_en_67024.opus,antelope
./data/macroset/en/clips/antelope/common_voice_en_525124.opus,antelope
./data/macroset/en/clips/antelope/common_voice_en_476863.opus,antelope
./data/macroset/en/clips/antelope/common_voice_en_602171.opus,antelope
./data/macroset/en/clips/antelope/common_voice_en_18007795.opus,antelope
./data/macroset/en/clips/mayors/common_voice_en_20649911.opus,mayors
./data/macroset/en/clips/mayors/common_voice_en_20069142.opus,mayors
./data/macroset/en/clips/mayors/common_voice_en_18825779.opus,mayors
./data/macroset/en/clips/mayors/common_voice_en_19765150.opus,mayors
./data/macroset/en/clips/mayors/common_voice_en_19172812.opus,mayors
./data/macroset/en/clips/livestock/common_voice_en_20856631.opus,livestock
./data/macroset/en/clips/livestock/common_voice_en_21304690.opus,livestock
./data/macroset/en/clips/livestock/common_voice_en_22130324.opus,livestock
./data/macroset/en/clips/livestock/common_voice_en_20876628.opus,livestock
./data/macroset/en/clips/livestock/common_voice_en_20126047.opus,livestock
./data/macroset/en/clips/prone/common_voice_en_22088813.opus,prone
./data/macroset/en/clips/prone/common_voice_en_20723556.opus,prone
./data/macroset/en/clips/prone/common_voice_en_18861316.opus,prone
./data/macroset/en/clips/prone/common_voice_en_22381839.opus,prone
./data/macroset/en/clips/prone/common_voice_en_19112239.opus,prone
./data/macroset/en/clips/herbert/common_voice_en_20719181.opus,herbert
./data/macroset/en/clips/herbert/common_voice_en_19195360.opus,herbert
./data/macroset/en/clips/herbert/common_voice_en_20643089.opus,herbert
./data/macroset/en/clips/herbert/common_voice_en_19596938.opus,herbert
./data/macroset/en/clips/herbert/common_voice_en_22131751.opus,herbert
./data/macroset/en/clips/goddess/common_voice_en_19869084.opus,goddess
./data/macroset/en/clips/goddess/common_voice_en_19786571.opus,goddess
./data/macroset/en/clips/goddess/common_voice_en_19075821.opus,goddess
./data/macroset/en/clips/goddess/common_voice_en_20252371.opus,goddess
./data/macroset/en/clips/goddess/common_voice_en_21692134.opus,goddess
./data/macroset/en/clips/electrons/common_voice_en_18834652.opus,electrons
./data/macroset/en/clips/electrons/common_voice_en_21385973.opus,electrons
./data/macroset/en/clips/electrons/common_voice_en_22189734.opus,electrons
./data/macroset/en/clips/electrons/common_voice_en_20234562.opus,electrons
./data/macroset/en/clips/electrons/common_voice_en_21693051.opus,electrons
./data/macroset/en/clips/stuart/common_voice_en_21543168.opus,stuart
./data/macroset/en/clips/stuart/common_voice_en_20940994.opus,stuart
./data/macroset/en/clips/stuart/common_voice_en_18758587.opus,stuart
./data/macroset/en/clips/stuart/common_voice_en_21882816.opus,stuart
./data/macroset/en/clips/stuart/common_voice_en_19355449.opus,stuart
./data/macroset/en/clips/results/common_voice_en_20545729.opus,results
./data/macroset/en/clips/results/common_voice_en_212428.opus,results
./data/macroset/en/clips/results/common_voice_en_14068.opus,results
./data/macroset/en/clips/results/common_voice_en_510152.opus,results
./data/macroset/en/clips/results/common_voice_en_19660138.opus,results
./data/macroset/en/clips/abuse/common_voice_en_20135451.opus,abuse
./data/macroset/en/clips/abuse/common_voice_en_20831516.opus,abuse
./data/macroset/en/clips/abuse/common_voice_en_20025555.opus,abuse
./data/macroset/en/clips/abuse/common_voice_en_19003732.opus,abuse
./data/macroset/en/clips/abuse/common_voice_en_19908785.opus,abuse
./data/macroset/en/clips/highlands/common_voice_en_21386594.opus,highlands
./data/macroset/en/clips/highlands/common_voice_en_21389691.opus,highlands
./data/macroset/en/clips/highlands/common_voice_en_20831488.opus,highlands
./data/macroset/en/clips/highlands/common_voice_en_20537546.opus,highlands
./data/macroset/en/clips/highlands/common_voice_en_20971240.opus,highlands
./data/macroset/en/clips/regular/common_voice_en_20690338.opus,regular
./data/macroset/en/clips/regular/common_voice_en_19410624.opus,regular
./data/macroset/en/clips/regular/common_voice_en_21795894.opus,regular
./data/macroset/en/clips/regular/common_voice_en_19252732.opus,regular
./data/macroset/en/clips/regular/common_voice_en_18677080.opus,regular
./data/macroset/en/clips/demonstrating/common_voice_en_193409.opus,demonstrating
./data/macroset/en/clips/demonstrating/common_voice_en_39506.opus,demonstrating
./data/macroset/en/clips/demonstrating/common_voice_en_504381.opus,demonstrating
./data/macroset/en/clips/demonstrating/common_voice_en_682874.opus,demonstrating
./data/macroset/en/clips/demonstrating/common_voice_en_51092.opus,demonstrating
./data/macroset/en/clips/unexpected/common_voice_en_20674538.opus,unexpected
./data/macroset/en/clips/unexpected/common_voice_en_18779774.opus,unexpected
./data/macroset/en/clips/unexpected/common_voice_en_21050646.opus,unexpected
./data/macroset/en/clips/unexpected/common_voice_en_19639207.opus,unexpected
./data/macroset/en/clips/unexpected/common_voice_en_18428778.opus,unexpected
./data/macroset/en/clips/kangaroos/common_voice_en_18024425.opus,kangaroos
./data/macroset/en/clips/kangaroos/common_voice_en_629283.opus,kangaroos
./data/macroset/en/clips/kangaroos/common_voice_en_18061750.opus,kangaroos
./data/macroset/en/clips/kangaroos/common_voice_en_17391894.opus,kangaroos
./data/macroset/en/clips/kangaroos/common_voice_en_19845523.opus,kangaroos
./data/macroset/en/clips/hunt/common_voice_en_18878625.opus,hunt
./data/macroset/en/clips/hunt/common_voice_en_473716.opus,hunt
./data/macroset/en/clips/hunt/common_voice_en_17291655.opus,hunt
./data/macroset/en/clips/hunt/common_voice_en_18329602.opus,hunt
./data/macroset/en/clips/hunt/common_voice_en_20930027.opus,hunt
./data/macroset/en/clips/charts/common_voice_en_21481340.opus,charts
./data/macroset/en/clips/charts/common_voice_en_21549108.opus,charts
./data/macroset/en/clips/charts/common_voice_en_19947172.opus,charts
./data/macroset/en/clips/charts/common_voice_en_19616022.opus,charts
./data/macroset/en/clips/charts/common_voice_en_610266.opus,charts
./data/macroset/en/clips/camel/common_voice_en_143786.opus,camel
./data/macroset/en/clips/camel/common_voice_en_81207.opus,camel
./data/macroset/en/clips/camel/common_voice_en_582075.opus,camel
./data/macroset/en/clips/camel/common_voice_en_58965.opus,camel
./data/macroset/en/clips/camel/common_voice_en_91268.opus,camel
./data/macroset/en/clips/increasingly/common_voice_en_19404824.opus,increasingly
./data/macroset/en/clips/increasingly/common_voice_en_21136924.opus,increasingly
./data/macroset/en/clips/increasingly/common_voice_en_21688315.opus,increasingly
./data/macroset/en/clips/increasingly/common_voice_en_18767341.opus,increasingly
./data/macroset/en/clips/increasingly/common_voice_en_19670909.opus,increasingly
./data/macroset/en/clips/freed/common_voice_en_583885.opus,freed
./data/macroset/en/clips/freed/common_voice_en_20177359.opus,freed
./data/macroset/en/clips/freed/common_voice_en_19752601.opus,freed
./data/macroset/en/clips/freed/common_voice_en_22325010.opus,freed
./data/macroset/en/clips/freed/common_voice_en_18331051.opus,freed
./data/macroset/en/clips/hurry/common_voice_en_146186.opus,hurry
./data/macroset/en/clips/hurry/common_voice_en_654064.opus,hurry
./data/macroset/en/clips/hurry/common_voice_en_164501.opus,hurry
./data/macroset/en/clips/hurry/common_voice_en_574999.opus,hurry
./data/macroset/en/clips/hurry/common_voice_en_17292180.opus,hurry
./data/macroset/en/clips/welcome/common_voice_en_18546885.opus,welcome
./data/macroset/en/clips/welcome/common_voice_en_24524.opus,welcome
./data/macroset/en/clips/welcome/common_voice_en_216553.opus,welcome
./data/macroset/en/clips/welcome/common_voice_en_17529265.opus,welcome
./data/macroset/en/clips/welcome/common_voice_en_570654.opus,welcome
./data/macroset/en/clips/popping/common_voice_en_205383.opus,popping
./data/macroset/en/clips/popping/common_voice_en_677572.opus,popping
./data/macroset/en/clips/popping/common_voice_en_507086.opus,popping
./data/macroset/en/clips/popping/common_voice_en_623399.opus,popping
./data/macroset/en/clips/popping/common_voice_en_41935.opus,popping
./data/macroset/en/clips/mall/common_voice_en_19684126.opus,mall
./data/macroset/en/clips/mall/common_voice_en_18148012.opus,mall
./data/macroset/en/clips/mall/common_voice_en_20767317.opus,mall
./data/macroset/en/clips/mall/common_voice_en_20170009.opus,mall
./data/macroset/en/clips/mall/common_voice_en_182359.opus,mall
./data/macroset/en/clips/grants/common_voice_en_20151615.opus,grants
./data/macroset/en/clips/grants/common_voice_en_19194781.opus,grants
./data/macroset/en/clips/grants/common_voice_en_19142008.opus,grants
./data/macroset/en/clips/grants/common_voice_en_20061565.opus,grants
./data/macroset/en/clips/grants/common_voice_en_19498240.opus,grants
./data/macroset/en/clips/administration/common_voice_en_19946557.opus,administration
./data/macroset/en/clips/administration/common_voice_en_21090416.opus,administration
./data/macroset/en/clips/administration/common_voice_en_19823635.opus,administration
./data/macroset/en/clips/administration/common_voice_en_20931670.opus,administration
./data/macroset/en/clips/administration/common_voice_en_20822824.opus,administration
./data/macroset/en/clips/annie/common_voice_en_20821479.opus,annie
./data/macroset/en/clips/annie/common_voice_en_19581360.opus,annie
./data/macroset/en/clips/annie/common_voice_en_56383.opus,annie
./data/macroset/en/clips/annie/common_voice_en_641402.opus,annie
./data/macroset/en/clips/annie/common_voice_en_22290758.opus,annie
./data/macroset/en/clips/corresponding/common_voice_en_18708267.opus,corresponding
./data/macroset/en/clips/corresponding/common_voice_en_20092345.opus,corresponding
./data/macroset/en/clips/corresponding/common_voice_en_19777800.opus,corresponding
./data/macroset/en/clips/corresponding/common_voice_en_19869695.opus,corresponding
./data/macroset/en/clips/corresponding/common_voice_en_18502089.opus,corresponding
./data/macroset/en/clips/barley/common_voice_en_20115383.opus,barley
./data/macroset/en/clips/barley/common_voice_en_20661279.opus,barley
./data/macroset/en/clips/barley/common_voice_en_19787248.opus,barley
./data/macroset/en/clips/barley/common_voice_en_20463335.opus,barley
./data/macroset/en/clips/barley/common_voice_en_19750206.opus,barley
./data/macroset/en/clips/beasts/common_voice_en_17823873.opus,beasts
./data/macroset/en/clips/beasts/common_voice_en_20303107.opus,beasts
./data/macroset/en/clips/beasts/common_voice_en_22349881.opus,beasts
./data/macroset/en/clips/beasts/common_voice_en_50200.opus,beasts
./data/macroset/en/clips/beasts/common_voice_en_588116.opus,beasts
./data/macroset/en/clips/studio/common_voice_en_20857864.opus,studio
./data/macroset/en/clips/studio/common_voice_en_19942533.opus,studio
./data/macroset/en/clips/studio/common_voice_en_19947092__2.opus,studio
./data/macroset/en/clips/studio/common_voice_en_20358580.opus,studio
./data/macroset/en/clips/studio/common_voice_en_20316085.opus,studio
./data/macroset/en/clips/fifties/common_voice_en_166175.opus,fifties
./data/macroset/en/clips/fifties/common_voice_en_19181400.opus,fifties
./data/macroset/en/clips/fifties/common_voice_en_511567.opus,fifties
./data/macroset/en/clips/fifties/common_voice_en_691551.opus,fifties
./data/macroset/en/clips/fifties/common_voice_en_68175.opus,fifties
./data/macroset/en/clips/amongst/common_voice_en_21423321.opus,amongst
./data/macroset/en/clips/amongst/common_voice_en_20400206.opus,amongst
./data/macroset/en/clips/amongst/common_voice_en_18514759.opus,amongst
./data/macroset/en/clips/amongst/common_voice_en_21620411.opus,amongst
./data/macroset/en/clips/amongst/common_voice_en_499844.opus,amongst
./data/macroset/en/clips/cemeteries/common_voice_en_19728588.opus,cemeteries
./data/macroset/en/clips/cemeteries/common_voice_en_21346946.opus,cemeteries
./data/macroset/en/clips/cemeteries/common_voice_en_21725239.opus,cemeteries
./data/macroset/en/clips/cemeteries/common_voice_en_21469860.opus,cemeteries
./data/macroset/en/clips/cemeteries/common_voice_en_19945091.opus,cemeteries
./data/macroset/en/clips/cracked/common_voice_en_670713.opus,cracked
./data/macroset/en/clips/cracked/common_voice_en_5258211.opus,cracked
./data/macroset/en/clips/cracked/common_voice_en_18092772.opus,cracked
./data/macroset/en/clips/cracked/common_voice_en_621179.opus,cracked
./data/macroset/en/clips/cracked/common_voice_en_633888.opus,cracked
./data/macroset/en/clips/outdoor/common_voice_en_20387.opus,outdoor
./data/macroset/en/clips/outdoor/common_voice_en_21127926.opus,outdoor
./data/macroset/en/clips/outdoor/common_voice_en_529632.opus,outdoor
./data/macroset/en/clips/outdoor/common_voice_en_18724348.opus,outdoor
./data/macroset/en/clips/outdoor/common_voice_en_562503.opus,outdoor
./data/macroset/en/clips/academic/common_voice_en_18706486.opus,academic
./data/macroset/en/clips/academic/common_voice_en_22163597.opus,academic
./data/macroset/en/clips/academic/common_voice_en_20257186.opus,academic
./data/macroset/en/clips/academic/common_voice_en_19754194.opus,academic
./data/macroset/en/clips/academic/common_voice_en_21817744.opus,academic
./data/macroset/en/clips/yards/common_voice_en_88203.opus,yards
./data/macroset/en/clips/yards/common_voice_en_54570.opus,yards
./data/macroset/en/clips/yards/common_voice_en_18334295.opus,yards
./data/macroset/en/clips/yards/common_voice_en_635012.opus,yards
./data/macroset/en/clips/yards/common_voice_en_623402.opus,yards
./data/macroset/en/clips/change/common_voice_en_18654099.opus,change
./data/macroset/en/clips/change/common_voice_en_21386722.opus,change
./data/macroset/en/clips/change/common_voice_en_21812328.opus,change
./data/macroset/en/clips/change/common_voice_en_18612203.opus,change
./data/macroset/en/clips/change/common_voice_en_19783812.opus,change
./data/macroset/en/clips/inexhaustible/common_voice_en_17584660.opus,inexhaustible
./data/macroset/en/clips/inexhaustible/common_voice_en_17881558.opus,inexhaustible
./data/macroset/en/clips/inexhaustible/common_voice_en_17392884.opus,inexhaustible
./data/macroset/en/clips/inexhaustible/common_voice_en_610337.opus,inexhaustible
./data/macroset/en/clips/inexhaustible/common_voice_en_176745.opus,inexhaustible
./data/macroset/en/clips/matched/common_voice_en_18936387.opus,matched
./data/macroset/en/clips/matched/common_voice_en_22316869.opus,matched
./data/macroset/en/clips/matched/common_voice_en_18857350.opus,matched
./data/macroset/en/clips/matched/common_voice_en_21544368.opus,matched
./data/macroset/en/clips/matched/common_voice_en_19490859.opus,matched
./data/macroset/en/clips/drops/common_voice_en_18097022.opus,drops
./data/macroset/en/clips/drops/common_voice_en_20042610.opus,drops
./data/macroset/en/clips/drops/common_voice_en_602998.opus,drops
./data/macroset/en/clips/drops/common_voice_en_490723.opus,drops
./data/macroset/en/clips/drops/common_voice_en_21867872.opus,drops
./data/macroset/en/clips/hot/common_voice_en_122931.opus,hot
./data/macroset/en/clips/hot/common_voice_en_666437.opus,hot
./data/macroset/en/clips/hot/common_voice_en_21267506.opus,hot
./data/macroset/en/clips/hot/common_voice_en_503647.opus,hot
./data/macroset/en/clips/hot/common_voice_en_2202773.opus,hot
./data/macroset/en/clips/bathing/common_voice_en_84579.opus,bathing
./data/macroset/en/clips/bathing/common_voice_en_18422792.opus,bathing
./data/macroset/en/clips/bathing/common_voice_en_19411801.opus,bathing
./data/macroset/en/clips/bathing/common_voice_en_66400.opus,bathing
./data/macroset/en/clips/bathing/common_voice_en_18987209.opus,bathing
./data/macroset/en/clips/plot/common_voice_en_19613812.opus,plot
./data/macroset/en/clips/plot/common_voice_en_20951249.opus,plot
./data/macroset/en/clips/plot/common_voice_en_19357050.opus,plot
./data/macroset/en/clips/plot/common_voice_en_20896263.opus,plot
./data/macroset/en/clips/plot/common_voice_en_22278953.opus,plot
./data/macroset/en/clips/removal/common_voice_en_22316436.opus,removal
./data/macroset/en/clips/removal/common_voice_en_20672227.opus,removal
./data/macroset/en/clips/removal/common_voice_en_19638391.opus,removal
./data/macroset/en/clips/removal/common_voice_en_19140305.opus,removal
./data/macroset/en/clips/removal/common_voice_en_20287370.opus,removal
./data/macroset/en/clips/clarify/common_voice_en_17271315.opus,clarify
./data/macroset/en/clips/clarify/common_voice_en_17493136.opus,clarify
./data/macroset/en/clips/clarify/common_voice_en_18124812.opus,clarify
./data/macroset/en/clips/clarify/common_voice_en_18003418.opus,clarify
./data/macroset/en/clips/clarify/common_voice_en_17286872.opus,clarify
./data/macroset/en/clips/censorship/common_voice_en_17267366.opus,censorship
./data/macroset/en/clips/censorship/common_voice_en_17325569.opus,censorship
./data/macroset/en/clips/censorship/common_voice_en_21555068.opus,censorship
./data/macroset/en/clips/censorship/common_voice_en_17281551.opus,censorship
./data/macroset/en/clips/censorship/common_voice_en_18764544.opus,censorship
./data/macroset/en/clips/dynasty/common_voice_en_19475378.opus,dynasty
./data/macroset/en/clips/dynasty/common_voice_en_19697278.opus,dynasty
./data/macroset/en/clips/dynasty/common_voice_en_21440687.opus,dynasty
./data/macroset/en/clips/dynasty/common_voice_en_22138739.opus,dynasty
./data/macroset/en/clips/dynasty/common_voice_en_18989742.opus,dynasty
./data/macroset/en/clips/feed/common_voice_en_20744842.opus,feed
./data/macroset/en/clips/feed/common_voice_en_89581.opus,feed
./data/macroset/en/clips/feed/common_voice_en_19478643.opus,feed
./data/macroset/en/clips/feed/common_voice_en_584441.opus,feed
./data/macroset/en/clips/feed/common_voice_en_18982112.opus,feed
./data/macroset/en/clips/hip/common_voice_en_210542.opus,hip
./data/macroset/en/clips/hip/common_voice_en_20585954.opus,hip
./data/macroset/en/clips/hip/common_voice_en_19572002.opus,hip
./data/macroset/en/clips/hip/common_voice_en_19613094.opus,hip
./data/macroset/en/clips/hip/common_voice_en_18401506.opus,hip
./data/macroset/en/clips/melt/common_voice_en_9850412.opus,melt
./data/macroset/en/clips/melt/common_voice_en_18639657.opus,melt
./data/macroset/en/clips/melt/common_voice_en_17848052.opus,melt
./data/macroset/en/clips/melt/common_voice_en_18128201.opus,melt
./data/macroset/en/clips/melt/common_voice_en_18974420.opus,melt
./data/macroset/en/clips/blew/common_voice_en_493610.opus,blew
./data/macroset/en/clips/blew/common_voice_en_155617.opus,blew
./data/macroset/en/clips/blew/common_voice_en_18495553.opus,blew
./data/macroset/en/clips/blew/common_voice_en_18412959.opus,blew
./data/macroset/en/clips/blew/common_voice_en_517887.opus,blew
./data/macroset/en/clips/stir/common_voice_en_18460299.opus,stir
./data/macroset/en/clips/stir/common_voice_en_17408356.opus,stir
./data/macroset/en/clips/stir/common_voice_en_84085.opus,stir
./data/macroset/en/clips/stir/common_voice_en_18349896.opus,stir
./data/macroset/en/clips/stir/common_voice_en_17453705.opus,stir
./data/macroset/en/clips/blow/common_voice_en_19908523.opus,blow
./data/macroset/en/clips/blow/common_voice_en_19180281.opus,blow
./data/macroset/en/clips/blow/common_voice_en_19285412.opus,blow
./data/macroset/en/clips/blow/common_voice_en_17585242.opus,blow
./data/macroset/en/clips/blow/common_voice_en_59339.opus,blow
./data/macroset/en/clips/denounced/common_voice_en_20768918.opus,denounced
./data/macroset/en/clips/denounced/common_voice_en_22371530.opus,denounced
./data/macroset/en/clips/denounced/common_voice_en_20961265.opus,denounced
./data/macroset/en/clips/denounced/common_voice_en_19809105.opus,denounced
./data/macroset/en/clips/denounced/common_voice_en_21160559.opus,denounced
./data/macroset/en/clips/fall/common_voice_en_691323.opus,fall
./data/macroset/en/clips/fall/common_voice_en_621316.opus,fall
./data/macroset/en/clips/fall/common_voice_en_17728819.opus,fall
./data/macroset/en/clips/fall/common_voice_en_18163593.opus,fall
./data/macroset/en/clips/fall/common_voice_en_20590586.opus,fall
./data/macroset/en/clips/marc/common_voice_en_519909.opus,marc
./data/macroset/en/clips/marc/common_voice_en_19561535.opus,marc
./data/macroset/en/clips/marc/common_voice_en_22058796.opus,marc
./data/macroset/en/clips/marc/common_voice_en_21827553.opus,marc
./data/macroset/en/clips/marc/common_voice_en_17729643.opus,marc
./data/macroset/en/clips/dimension/common_voice_en_493351.opus,dimension
./data/macroset/en/clips/dimension/common_voice_en_174661.opus,dimension
./data/macroset/en/clips/dimension/common_voice_en_698924.opus,dimension
./data/macroset/en/clips/dimension/common_voice_en_613510.opus,dimension
./data/macroset/en/clips/dimension/common_voice_en_601420.opus,dimension
./data/macroset/en/clips/utilities/common_voice_en_19756784.opus,utilities
./data/macroset/en/clips/utilities/common_voice_en_21061098.opus,utilities
./data/macroset/en/clips/utilities/common_voice_en_20222363.opus,utilities
./data/macroset/en/clips/utilities/common_voice_en_20060396.opus,utilities
./data/macroset/en/clips/utilities/common_voice_en_20428423.opus,utilities
./data/macroset/en/clips/irritable/common_voice_en_18658048.opus,irritable
./data/macroset/en/clips/irritable/common_voice_en_88344.opus,irritable
./data/macroset/en/clips/irritable/common_voice_en_535471.opus,irritable
./data/macroset/en/clips/irritable/common_voice_en_507353.opus,irritable
./data/macroset/en/clips/irritable/common_voice_en_19246100.opus,irritable
./data/macroset/en/clips/unique/common_voice_en_21180470.opus,unique
./data/macroset/en/clips/unique/common_voice_en_20559536.opus,unique
./data/macroset/en/clips/unique/common_voice_en_20348177.opus,unique
./data/macroset/en/clips/unique/common_voice_en_20554962.opus,unique
./data/macroset/en/clips/unique/common_voice_en_22347465.opus,unique
./data/macroset/en/clips/litigation/common_voice_en_21353422.opus,litigation
./data/macroset/en/clips/litigation/common_voice_en_20696551.opus,litigation
./data/macroset/en/clips/litigation/common_voice_en_19965819.opus,litigation
./data/macroset/en/clips/litigation/common_voice_en_18797219.opus,litigation
./data/macroset/en/clips/litigation/common_voice_en_20113704.opus,litigation
./data/macroset/en/clips/disadvantage/common_voice_en_604728.opus,disadvantage
./data/macroset/en/clips/disadvantage/common_voice_en_21681845.opus,disadvantage
./data/macroset/en/clips/disadvantage/common_voice_en_555369.opus,disadvantage
./data/macroset/en/clips/disadvantage/common_voice_en_20443191.opus,disadvantage
./data/macroset/en/clips/disadvantage/common_voice_en_72670.opus,disadvantage
./data/macroset/en/clips/inquisition/common_voice_en_17245737.opus,inquisition
./data/macroset/en/clips/inquisition/common_voice_en_200636.opus,inquisition
./data/macroset/en/clips/inquisition/common_voice_en_17988878.opus,inquisition
./data/macroset/en/clips/inquisition/common_voice_en_497133.opus,inquisition
./data/macroset/en/clips/inquisition/common_voice_en_17825152.opus,inquisition
./data/macroset/en/clips/somewhat/common_voice_en_19718385.opus,somewhat
./data/macroset/en/clips/somewhat/common_voice_en_20656928.opus,somewhat
./data/macroset/en/clips/somewhat/common_voice_en_22251317.opus,somewhat
./data/macroset/en/clips/somewhat/common_voice_en_20965543.opus,somewhat
./data/macroset/en/clips/somewhat/common_voice_en_18762269.opus,somewhat
./data/macroset/en/clips/reacted/common_voice_en_48381.opus,reacted
./data/macroset/en/clips/reacted/common_voice_en_4404474.opus,reacted
./data/macroset/en/clips/reacted/common_voice_en_17562242.opus,reacted
./data/macroset/en/clips/reacted/common_voice_en_481582.opus,reacted
./data/macroset/en/clips/reacted/common_voice_en_17384467.opus,reacted
./data/macroset/en/clips/overnight/common_voice_en_18415706.opus,overnight
./data/macroset/en/clips/overnight/common_voice_en_18283496.opus,overnight
./data/macroset/en/clips/overnight/common_voice_en_22379741.opus,overnight
./data/macroset/en/clips/overnight/common_voice_en_20297320.opus,overnight
./data/macroset/en/clips/overnight/common_voice_en_19869520.opus,overnight
./data/macroset/en/clips/rivalry/common_voice_en_19868853.opus,rivalry
./data/macroset/en/clips/rivalry/common_voice_en_21146148.opus,rivalry
./data/macroset/en/clips/rivalry/common_voice_en_19580459.opus,rivalry
./data/macroset/en/clips/rivalry/common_voice_en_21810481.opus,rivalry
./data/macroset/en/clips/rivalry/common_voice_en_22277943.opus,rivalry
./data/macroset/en/clips/oversaw/common_voice_en_21314002.opus,oversaw
./data/macroset/en/clips/oversaw/common_voice_en_19685930.opus,oversaw
./data/macroset/en/clips/oversaw/common_voice_en_20009084.opus,oversaw
./data/macroset/en/clips/oversaw/common_voice_en_18880614.opus,oversaw
./data/macroset/en/clips/oversaw/common_voice_en_22095374.opus,oversaw
./data/macroset/en/clips/waiter/common_voice_en_17250640.opus,waiter
./data/macroset/en/clips/waiter/common_voice_en_17268393.opus,waiter
./data/macroset/en/clips/waiter/common_voice_en_17253975.opus,waiter
./data/macroset/en/clips/waiter/common_voice_en_17527566.opus,waiter
./data/macroset/en/clips/waiter/common_voice_en_4096844.opus,waiter
./data/macroset/en/clips/sometime/common_voice_en_207985.opus,sometime
./data/macroset/en/clips/sometime/common_voice_en_488513.opus,sometime
./data/macroset/en/clips/sometime/common_voice_en_546991.opus,sometime
./data/macroset/en/clips/sometime/common_voice_en_523940.opus,sometime
./data/macroset/en/clips/sometime/common_voice_en_572279.opus,sometime
./data/macroset/en/clips/famously/common_voice_en_21523796.opus,famously
./data/macroset/en/clips/famously/common_voice_en_22117603.opus,famously
./data/macroset/en/clips/famously/common_voice_en_19449178.opus,famously
./data/macroset/en/clips/famously/common_voice_en_20833931.opus,famously
./data/macroset/en/clips/famously/common_voice_en_21021654.opus,famously
./data/macroset/en/clips/noun/common_voice_en_20848229.opus,noun
./data/macroset/en/clips/noun/common_voice_en_20651266.opus,noun
./data/macroset/en/clips/noun/common_voice_en_22212224.opus,noun
./data/macroset/en/clips/noun/common_voice_en_19179521.opus,noun
./data/macroset/en/clips/noun/common_voice_en_20376475.opus,noun
./data/macroset/en/clips/allies/common_voice_en_19586320.opus,allies
./data/macroset/en/clips/allies/common_voice_en_19637726.opus,allies
./data/macroset/en/clips/allies/common_voice_en_20093294.opus,allies
./data/macroset/en/clips/allies/common_voice_en_18966857.opus,allies
./data/macroset/en/clips/allies/common_voice_en_18703599.opus,allies
./data/macroset/en/clips/simplicity/common_voice_en_21764893.opus,simplicity
./data/macroset/en/clips/simplicity/common_voice_en_21929697.opus,simplicity
./data/macroset/en/clips/simplicity/common_voice_en_19607808.opus,simplicity
./data/macroset/en/clips/simplicity/common_voice_en_18729620.opus,simplicity
./data/macroset/en/clips/simplicity/common_voice_en_21772686.opus,simplicity
./data/macroset/en/clips/thy/common_voice_en_19766335.opus,thy
./data/macroset/en/clips/thy/common_voice_en_17538916.opus,thy
./data/macroset/en/clips/thy/common_voice_en_18176305.opus,thy
./data/macroset/en/clips/thy/common_voice_en_352223.opus,thy
./data/macroset/en/clips/thy/common_voice_en_18101464.opus,thy
./data/macroset/en/clips/management/common_voice_en_21768367.opus,management
./data/macroset/en/clips/management/common_voice_en_21516096.opus,management
./data/macroset/en/clips/management/common_voice_en_19819821.opus,management
./data/macroset/en/clips/management/common_voice_en_19960721.opus,management
./data/macroset/en/clips/management/common_voice_en_674593.opus,management
./data/macroset/en/clips/midland/common_voice_en_21796344.opus,midland
./data/macroset/en/clips/midland/common_voice_en_20457324.opus,midland
./data/macroset/en/clips/midland/common_voice_en_20272799.opus,midland
./data/macroset/en/clips/midland/common_voice_en_21138116.opus,midland
./data/macroset/en/clips/midland/common_voice_en_20553335.opus,midland
./data/macroset/en/clips/rig/common_voice_en_5559083.opus,rig
./data/macroset/en/clips/rig/common_voice_en_19056591.opus,rig
./data/macroset/en/clips/rig/common_voice_en_20050181.opus,rig
./data/macroset/en/clips/rig/common_voice_en_19789246.opus,rig
./data/macroset/en/clips/rig/common_voice_en_21101114.opus,rig
./data/macroset/en/clips/seed/common_voice_en_21351960.opus,seed
./data/macroset/en/clips/seed/common_voice_en_80777.opus,seed
./data/macroset/en/clips/seed/common_voice_en_496996.opus,seed
./data/macroset/en/clips/seed/common_voice_en_20696694.opus,seed
./data/macroset/en/clips/seed/common_voice_en_317240.opus,seed
./data/macroset/en/clips/foremost/common_voice_en_18331781.opus,foremost
./data/macroset/en/clips/foremost/common_voice_en_19562064.opus,foremost
./data/macroset/en/clips/foremost/common_voice_en_22049956.opus,foremost
./data/macroset/en/clips/foremost/common_voice_en_22233824.opus,foremost
./data/macroset/en/clips/foremost/common_voice_en_19374237.opus,foremost
./data/macroset/en/clips/viable/common_voice_en_20008163.opus,viable
./data/macroset/en/clips/viable/common_voice_en_19710065.opus,viable
./data/macroset/en/clips/viable/common_voice_en_18627639.opus,viable
./data/macroset/en/clips/viable/common_voice_en_18098314.opus,viable
./data/macroset/en/clips/viable/common_voice_en_371103.opus,viable
./data/macroset/en/clips/pittsburgh/common_voice_en_19868105.opus,pittsburgh
./data/macroset/en/clips/pittsburgh/common_voice_en_19998412.opus,pittsburgh
./data/macroset/en/clips/pittsburgh/common_voice_en_21876016.opus,pittsburgh
./data/macroset/en/clips/pittsburgh/common_voice_en_19613203.opus,pittsburgh
./data/macroset/en/clips/pittsburgh/common_voice_en_22049356.opus,pittsburgh
./data/macroset/en/clips/welding/common_voice_en_19195740.opus,welding
./data/macroset/en/clips/welding/common_voice_en_20586985.opus,welding
./data/macroset/en/clips/welding/common_voice_en_19715059.opus,welding
./data/macroset/en/clips/welding/common_voice_en_169010.opus,welding
./data/macroset/en/clips/welding/common_voice_en_19719049.opus,welding
./data/macroset/en/clips/kept/common_voice_en_598347.opus,kept
./data/macroset/en/clips/kept/common_voice_en_178939.opus,kept
./data/macroset/en/clips/kept/common_voice_en_17284096.opus,kept
./data/macroset/en/clips/kept/common_voice_en_12566841.opus,kept
./data/macroset/en/clips/kept/common_voice_en_22183309.opus,kept
./data/macroset/en/clips/average/common_voice_en_527107.opus,average
./data/macroset/en/clips/average/common_voice_en_19648970.opus,average
./data/macroset/en/clips/average/common_voice_en_21959421.opus,average
./data/macroset/en/clips/average/common_voice_en_21329649.opus,average
./data/macroset/en/clips/average/common_voice_en_22251317.opus,average
./data/macroset/en/clips/flush/common_voice_en_18757043.opus,flush
./data/macroset/en/clips/flush/common_voice_en_19416553.opus,flush
./data/macroset/en/clips/flush/common_voice_en_22280919.opus,flush
./data/macroset/en/clips/flush/common_voice_en_19950240.opus,flush
./data/macroset/en/clips/flush/common_voice_en_18657812.opus,flush
./data/macroset/en/clips/rotting/common_voice_en_270812.opus,rotting
./data/macroset/en/clips/rotting/common_voice_en_17285875.opus,rotting
./data/macroset/en/clips/rotting/common_voice_en_18114540.opus,rotting
./data/macroset/en/clips/rotting/common_voice_en_17742004.opus,rotting
./data/macroset/en/clips/rotting/common_voice_en_17264252.opus,rotting
./data/macroset/en/clips/flickered/common_voice_en_18236773.opus,flickered
./data/macroset/en/clips/flickered/common_voice_en_4096835.opus,flickered
./data/macroset/en/clips/flickered/common_voice_en_17994965.opus,flickered
./data/macroset/en/clips/flickered/common_voice_en_17854210.opus,flickered
./data/macroset/en/clips/flickered/common_voice_en_17837877.opus,flickered
./data/macroset/en/clips/teaching/common_voice_en_21021518.opus,teaching
./data/macroset/en/clips/teaching/common_voice_en_21861443.opus,teaching
./data/macroset/en/clips/teaching/common_voice_en_22298610.opus,teaching
./data/macroset/en/clips/teaching/common_voice_en_21057942.opus,teaching
./data/macroset/en/clips/teaching/common_voice_en_20103191.opus,teaching
./data/macroset/en/clips/vase/common_voice_en_18425314.opus,vase
./data/macroset/en/clips/vase/common_voice_en_2178985.opus,vase
./data/macroset/en/clips/vase/common_voice_en_575814.opus,vase
./data/macroset/en/clips/vase/common_voice_en_631340.opus,vase
./data/macroset/en/clips/vase/common_voice_en_18510552.opus,vase
./data/macroset/en/clips/transition/common_voice_en_22175207.opus,transition
./data/macroset/en/clips/transition/common_voice_en_21865267.opus,transition
./data/macroset/en/clips/transition/common_voice_en_19361851.opus,transition
./data/macroset/en/clips/transition/common_voice_en_21709806.opus,transition
./data/macroset/en/clips/transition/common_voice_en_19311452.opus,transition
./data/macroset/en/clips/horns/common_voice_en_19287923.opus,horns
./data/macroset/en/clips/horns/common_voice_en_21210052.opus,horns
./data/macroset/en/clips/horns/common_voice_en_19952629.opus,horns
./data/macroset/en/clips/horns/common_voice_en_22234083.opus,horns
./data/macroset/en/clips/horns/common_voice_en_20519810.opus,horns
./data/macroset/en/clips/rafting/common_voice_en_641276.opus,rafting
./data/macroset/en/clips/rafting/common_voice_en_18081955.opus,rafting
./data/macroset/en/clips/rafting/common_voice_en_21402160.opus,rafting
./data/macroset/en/clips/rafting/common_voice_en_21684544.opus,rafting
./data/macroset/en/clips/rafting/common_voice_en_15733624.opus,rafting
./data/macroset/en/clips/trays/common_voice_en_21981869.opus,trays
./data/macroset/en/clips/trays/common_voice_en_488361.opus,trays
./data/macroset/en/clips/trays/common_voice_en_639532.opus,trays
./data/macroset/en/clips/trays/common_voice_en_667660.opus,trays
./data/macroset/en/clips/trays/common_voice_en_496879.opus,trays
./data/macroset/en/clips/liberation/common_voice_en_21815468.opus,liberation
./data/macroset/en/clips/liberation/common_voice_en_20301935.opus,liberation
./data/macroset/en/clips/liberation/common_voice_en_22256889.opus,liberation
./data/macroset/en/clips/liberation/common_voice_en_20526528.opus,liberation
./data/macroset/en/clips/liberation/common_voice_en_19131620.opus,liberation
./data/macroset/en/clips/review/common_voice_en_44750.opus,review
./data/macroset/en/clips/review/common_voice_en_198676.opus,review
./data/macroset/en/clips/review/common_voice_en_21723844.opus,review
./data/macroset/en/clips/review/common_voice_en_63584.opus,review
./data/macroset/en/clips/review/common_voice_en_19631067.opus,review
./data/macroset/en/clips/ted/common_voice_en_18880375.opus,ted
./data/macroset/en/clips/ted/common_voice_en_21637749.opus,ted
./data/macroset/en/clips/ted/common_voice_en_19481271.opus,ted
./data/macroset/en/clips/ted/common_voice_en_19676940.opus,ted
./data/macroset/en/clips/ted/common_voice_en_18893472.opus,ted
./data/macroset/en/clips/syrup/common_voice_en_317025.opus,syrup
./data/macroset/en/clips/syrup/common_voice_en_22377175.opus,syrup
./data/macroset/en/clips/syrup/common_voice_en_18170204.opus,syrup
./data/macroset/en/clips/syrup/common_voice_en_17786643.opus,syrup
./data/macroset/en/clips/syrup/common_voice_en_18985557.opus,syrup
./data/macroset/en/clips/pitched/common_voice_en_650882.opus,pitched
./data/macroset/en/clips/pitched/common_voice_en_612458.opus,pitched
./data/macroset/en/clips/pitched/common_voice_en_56825.opus,pitched
./data/macroset/en/clips/pitched/common_voice_en_20109340.opus,pitched
./data/macroset/en/clips/pitched/common_voice_en_43637.opus,pitched
./data/macroset/en/clips/fridge/common_voice_en_184839.opus,fridge
./data/macroset/en/clips/fridge/common_voice_en_310634.opus,fridge
./data/macroset/en/clips/fridge/common_voice_en_626741.opus,fridge
./data/macroset/en/clips/fridge/common_voice_en_609156.opus,fridge
./data/macroset/en/clips/fridge/common_voice_en_635372.opus,fridge
./data/macroset/en/clips/pike/common_voice_en_22329728.opus,pike
./data/macroset/en/clips/pike/common_voice_en_21850321.opus,pike
./data/macroset/en/clips/pike/common_voice_en_19726373.opus,pike
./data/macroset/en/clips/pike/common_voice_en_19812227.opus,pike
./data/macroset/en/clips/pike/common_voice_en_21737245.opus,pike
./data/macroset/en/clips/detroit/common_voice_en_19532523.opus,detroit
./data/macroset/en/clips/detroit/common_voice_en_218285.opus,detroit
./data/macroset/en/clips/detroit/common_voice_en_22177064.opus,detroit
./data/macroset/en/clips/detroit/common_voice_en_22312064.opus,detroit
./data/macroset/en/clips/detroit/common_voice_en_20833890.opus,detroit
./data/macroset/en/clips/lever/common_voice_en_21091210.opus,lever
./data/macroset/en/clips/lever/common_voice_en_20856640.opus,lever
./data/macroset/en/clips/lever/common_voice_en_96044.opus,lever
./data/macroset/en/clips/lever/common_voice_en_652326.opus,lever
./data/macroset/en/clips/lever/common_voice_en_18401065.opus,lever
./data/macroset/en/clips/she/common_voice_en_19684358.opus,she
./data/macroset/en/clips/she/common_voice_en_563139.opus,she
./data/macroset/en/clips/she/common_voice_en_22059468.opus,she
./data/macroset/en/clips/she/common_voice_en_86440.opus,she
./data/macroset/en/clips/she/common_voice_en_22127911.opus,she
./data/macroset/en/clips/mixture/common_voice_en_21371016.opus,mixture
./data/macroset/en/clips/mixture/common_voice_en_19887442.opus,mixture
./data/macroset/en/clips/mixture/common_voice_en_186636.opus,mixture
./data/macroset/en/clips/mixture/common_voice_en_20877149.opus,mixture
./data/macroset/en/clips/mixture/common_voice_en_670149.opus,mixture
./data/macroset/en/clips/hippopotamus/common_voice_en_17380625.opus,hippopotamus
./data/macroset/en/clips/hippopotamus/common_voice_en_127113.opus,hippopotamus
./data/macroset/en/clips/hippopotamus/common_voice_en_428195.opus,hippopotamus
./data/macroset/en/clips/hippopotamus/common_voice_en_52815.opus,hippopotamus
./data/macroset/en/clips/hippopotamus/common_voice_en_17774764.opus,hippopotamus
./data/macroset/en/clips/arises/common_voice_en_19798466.opus,arises
./data/macroset/en/clips/arises/common_voice_en_22293281.opus,arises
./data/macroset/en/clips/arises/common_voice_en_19713990.opus,arises
./data/macroset/en/clips/arises/common_voice_en_21230051.opus,arises
./data/macroset/en/clips/arises/common_voice_en_22039601.opus,arises
./data/macroset/en/clips/census/common_voice_en_20420606.opus,census
./data/macroset/en/clips/census/common_voice_en_19838252.opus,census
./data/macroset/en/clips/census/common_voice_en_19597794.opus,census
./data/macroset/en/clips/census/common_voice_en_22228743.opus,census
./data/macroset/en/clips/census/common_voice_en_19150161.opus,census
./data/macroset/en/clips/members/common_voice_en_20263677.opus,members
./data/macroset/en/clips/members/common_voice_en_20902019.opus,members
./data/macroset/en/clips/members/common_voice_en_21269530.opus,members
./data/macroset/en/clips/members/common_voice_en_20048463.opus,members
./data/macroset/en/clips/members/common_voice_en_20261112.opus,members
./data/macroset/en/clips/realized/common_voice_en_61052.opus,realized
./data/macroset/en/clips/realized/common_voice_en_211384.opus,realized
./data/macroset/en/clips/realized/common_voice_en_55793.opus,realized
./data/macroset/en/clips/realized/common_voice_en_19869989.opus,realized
./data/macroset/en/clips/realized/common_voice_en_477733.opus,realized
./data/macroset/en/clips/sacked/common_voice_en_19855231.opus,sacked
./data/macroset/en/clips/sacked/common_voice_en_20360768.opus,sacked
./data/macroset/en/clips/sacked/common_voice_en_21283117.opus,sacked
./data/macroset/en/clips/sacked/common_voice_en_22381954.opus,sacked
./data/macroset/en/clips/sacked/common_voice_en_22177569.opus,sacked
./data/macroset/en/clips/kettle/common_voice_en_21682.opus,kettle
./data/macroset/en/clips/kettle/common_voice_en_690928.opus,kettle
./data/macroset/en/clips/kettle/common_voice_en_207675.opus,kettle
./data/macroset/en/clips/kettle/common_voice_en_17921992.opus,kettle
./data/macroset/en/clips/kettle/common_voice_en_18164921.opus,kettle
./data/macroset/en/clips/rigorous/common_voice_en_19583790.opus,rigorous
./data/macroset/en/clips/rigorous/common_voice_en_17311376.opus,rigorous
./data/macroset/en/clips/rigorous/common_voice_en_21452044.opus,rigorous
./data/macroset/en/clips/rigorous/common_voice_en_18757876.opus,rigorous
./data/macroset/en/clips/rigorous/common_voice_en_18523326.opus,rigorous
./data/macroset/en/clips/stand/common_voice_en_18639847.opus,stand
./data/macroset/en/clips/stand/common_voice_en_22387032.opus,stand
./data/macroset/en/clips/stand/common_voice_en_492123.opus,stand
./data/macroset/en/clips/stand/common_voice_en_645028.opus,stand
./data/macroset/en/clips/stand/common_voice_en_501292.opus,stand
./data/macroset/en/clips/lesser/common_voice_en_20235114.opus,lesser
./data/macroset/en/clips/lesser/common_voice_en_20111067.opus,lesser
./data/macroset/en/clips/lesser/common_voice_en_21445487.opus,lesser
./data/macroset/en/clips/lesser/common_voice_en_19722409.opus,lesser
./data/macroset/en/clips/lesser/common_voice_en_22305002.opus,lesser
./data/macroset/en/clips/photograph/common_voice_en_185279.opus,photograph
./data/macroset/en/clips/photograph/common_voice_en_65994.opus,photograph
./data/macroset/en/clips/photograph/common_voice_en_207490.opus,photograph
./data/macroset/en/clips/photograph/common_voice_en_22330494.opus,photograph
./data/macroset/en/clips/photograph/common_voice_en_89809.opus,photograph
./data/macroset/en/clips/varied/common_voice_en_20989513.opus,varied
./data/macroset/en/clips/varied/common_voice_en_20240443.opus,varied
./data/macroset/en/clips/varied/common_voice_en_20529099.opus,varied
./data/macroset/en/clips/varied/common_voice_en_22246385.opus,varied
./data/macroset/en/clips/varied/common_voice_en_19036638.opus,varied
./data/macroset/en/clips/gradually/common_voice_en_21335975.opus,gradually
./data/macroset/en/clips/gradually/common_voice_en_21242898.opus,gradually
./data/macroset/en/clips/gradually/common_voice_en_22029308.opus,gradually
./data/macroset/en/clips/gradually/common_voice_en_20474116.opus,gradually
./data/macroset/en/clips/gradually/common_voice_en_19035643.opus,gradually
./data/macroset/en/clips/outdoors/common_voice_en_39052.opus,outdoors
./data/macroset/en/clips/outdoors/common_voice_en_208084.opus,outdoors
./data/macroset/en/clips/outdoors/common_voice_en_19296669.opus,outdoors
./data/macroset/en/clips/outdoors/common_voice_en_18011834.opus,outdoors
./data/macroset/en/clips/outdoors/common_voice_en_17257948.opus,outdoors
./data/macroset/en/clips/seemingly/common_voice_en_21591374.opus,seemingly
./data/macroset/en/clips/seemingly/common_voice_en_20316387.opus,seemingly
./data/macroset/en/clips/seemingly/common_voice_en_20974320.opus,seemingly
./data/macroset/en/clips/seemingly/common_voice_en_20320554.opus,seemingly
./data/macroset/en/clips/seemingly/common_voice_en_20104988.opus,seemingly
./data/macroset/en/clips/mostly/common_voice_en_17885367.opus,mostly
./data/macroset/en/clips/mostly/common_voice_en_21488659.opus,mostly
./data/macroset/en/clips/mostly/common_voice_en_20976233.opus,mostly
./data/macroset/en/clips/mostly/common_voice_en_19011058.opus,mostly
./data/macroset/en/clips/mostly/common_voice_en_17965898.opus,mostly
./data/macroset/en/clips/thai/common_voice_en_19909671.opus,thai
./data/macroset/en/clips/thai/common_voice_en_22448186.opus,thai
./data/macroset/en/clips/thai/common_voice_en_20297436.opus,thai
./data/macroset/en/clips/thai/common_voice_en_19741553.opus,thai
./data/macroset/en/clips/thai/common_voice_en_21705114.opus,thai
./data/macroset/en/clips/interpreted/common_voice_en_516391.opus,interpreted
./data/macroset/en/clips/interpreted/common_voice_en_19056563.opus,interpreted
./data/macroset/en/clips/interpreted/common_voice_en_22360717.opus,interpreted
./data/macroset/en/clips/interpreted/common_voice_en_20733966.opus,interpreted
./data/macroset/en/clips/interpreted/common_voice_en_498820.opus,interpreted
./data/macroset/en/clips/strait/common_voice_en_18861642__2.opus,strait
./data/macroset/en/clips/strait/common_voice_en_19715615.opus,strait
./data/macroset/en/clips/strait/common_voice_en_19393030.opus,strait
./data/macroset/en/clips/strait/common_voice_en_19886355.opus,strait
./data/macroset/en/clips/strait/common_voice_en_19594798.opus,strait
./data/macroset/en/clips/wow/common_voice_en_18098243.opus,wow
./data/macroset/en/clips/wow/common_voice_en_17979819.opus,wow
./data/macroset/en/clips/wow/common_voice_en_17666539.opus,wow
./data/macroset/en/clips/wow/common_voice_en_17824959.opus,wow
./data/macroset/en/clips/wow/common_voice_en_559219.opus,wow
./data/macroset/en/clips/universal/common_voice_en_563930.opus,universal
./data/macroset/en/clips/universal/common_voice_en_75792.opus,universal
./data/macroset/en/clips/universal/common_voice_en_17875235.opus,universal
./data/macroset/en/clips/universal/common_voice_en_696669.opus,universal
./data/macroset/en/clips/universal/common_voice_en_203294.opus,universal
./data/macroset/en/clips/accepts/common_voice_en_20997632.opus,accepts
./data/macroset/en/clips/accepts/common_voice_en_20143354.opus,accepts
./data/macroset/en/clips/accepts/common_voice_en_19660243.opus,accepts
./data/macroset/en/clips/accepts/common_voice_en_21253134.opus,accepts
./data/macroset/en/clips/accepts/common_voice_en_22448813.opus,accepts
./data/macroset/en/clips/purely/common_voice_en_20778501.opus,purely
./data/macroset/en/clips/purely/common_voice_en_19501951.opus,purely
./data/macroset/en/clips/purely/common_voice_en_19546857.opus,purely
./data/macroset/en/clips/purely/common_voice_en_19677483.opus,purely
./data/macroset/en/clips/purely/common_voice_en_18915806.opus,purely
./data/macroset/en/clips/speak/common_voice_en_22018433.opus,speak
./data/macroset/en/clips/speak/common_voice_en_19675667.opus,speak
./data/macroset/en/clips/speak/common_voice_en_548990.opus,speak
./data/macroset/en/clips/speak/common_voice_en_659395.opus,speak
./data/macroset/en/clips/speak/common_voice_en_97753.opus,speak
./data/macroset/en/clips/paved/common_voice_en_17955217.opus,paved
./data/macroset/en/clips/paved/common_voice_en_20972123.opus,paved
./data/macroset/en/clips/paved/common_voice_en_17816550.opus,paved
./data/macroset/en/clips/paved/common_voice_en_80301.opus,paved
./data/macroset/en/clips/paved/common_voice_en_687581.opus,paved
./data/macroset/en/clips/acting/common_voice_en_18939341.opus,acting
./data/macroset/en/clips/acting/common_voice_en_22350519.opus,acting
./data/macroset/en/clips/acting/common_voice_en_19102448.opus,acting
./data/macroset/en/clips/acting/common_voice_en_21348776.opus,acting
./data/macroset/en/clips/acting/common_voice_en_511897.opus,acting
./data/macroset/en/clips/soaked/common_voice_en_18352030.opus,soaked
./data/macroset/en/clips/soaked/common_voice_en_612183.opus,soaked
./data/macroset/en/clips/soaked/common_voice_en_170066.opus,soaked
./data/macroset/en/clips/soaked/common_voice_en_18561568.opus,soaked
./data/macroset/en/clips/soaked/common_voice_en_74401.opus,soaked
./data/macroset/en/clips/cutlet/common_voice_en_17282237.opus,cutlet
./data/macroset/en/clips/cutlet/common_voice_en_17252881.opus,cutlet
./data/macroset/en/clips/cutlet/common_voice_en_17392472.opus,cutlet
./data/macroset/en/clips/cutlet/common_voice_en_39773.opus,cutlet
./data/macroset/en/clips/cutlet/common_voice_en_17658518.opus,cutlet
./data/macroset/en/clips/martinis/common_voice_en_69890.opus,martinis
./data/macroset/en/clips/martinis/common_voice_en_64451.opus,martinis
./data/macroset/en/clips/martinis/common_voice_en_558375.opus,martinis
./data/macroset/en/clips/martinis/common_voice_en_56331.opus,martinis
./data/macroset/en/clips/martinis/common_voice_en_559544.opus,martinis
./data/macroset/en/clips/spouse/common_voice_en_17417122.opus,spouse
./data/macroset/en/clips/spouse/common_voice_en_17556271.opus,spouse
./data/macroset/en/clips/spouse/common_voice_en_697312.opus,spouse
./data/macroset/en/clips/spouse/common_voice_en_20907767.opus,spouse
./data/macroset/en/clips/spouse/common_voice_en_33645.opus,spouse
./data/macroset/en/clips/called/common_voice_en_20352084.opus,called
./data/macroset/en/clips/called/common_voice_en_21692448.opus,called
./data/macroset/en/clips/called/common_voice_en_21637509.opus,called
./data/macroset/en/clips/called/common_voice_en_186076.opus,called
./data/macroset/en/clips/called/common_voice_en_20926392.opus,called
./data/macroset/en/clips/guide/common_voice_en_678321.opus,guide
./data/macroset/en/clips/guide/common_voice_en_621976.opus,guide
./data/macroset/en/clips/guide/common_voice_en_1344807.opus,guide
./data/macroset/en/clips/guide/common_voice_en_18163237.opus,guide
./data/macroset/en/clips/guide/common_voice_en_19671333.opus,guide
./data/macroset/en/clips/energetic/common_voice_en_20261346.opus,energetic
./data/macroset/en/clips/energetic/common_voice_en_22144917.opus,energetic
./data/macroset/en/clips/energetic/common_voice_en_21312755.opus,energetic
./data/macroset/en/clips/energetic/common_voice_en_20162555.opus,energetic
./data/macroset/en/clips/energetic/common_voice_en_19390027.opus,energetic
./data/macroset/en/clips/interrupting/common_voice_en_17262653.opus,interrupting
./data/macroset/en/clips/interrupting/common_voice_en_17278174.opus,interrupting
./data/macroset/en/clips/interrupting/common_voice_en_17263924.opus,interrupting
./data/macroset/en/clips/interrupting/common_voice_en_617790.opus,interrupting
./data/macroset/en/clips/interrupting/common_voice_en_18080521.opus,interrupting
./data/macroset/en/clips/tested/common_voice_en_18066607.opus,tested
./data/macroset/en/clips/tested/common_voice_en_19945854.opus,tested
./data/macroset/en/clips/tested/common_voice_en_21795135.opus,tested
./data/macroset/en/clips/tested/common_voice_en_18736847.opus,tested
./data/macroset/en/clips/tested/common_voice_en_18984354.opus,tested
./data/macroset/en/clips/territorial/common_voice_en_19657177.opus,territorial
./data/macroset/en/clips/territorial/common_voice_en_21306979.opus,territorial
./data/macroset/en/clips/territorial/common_voice_en_18878729.opus,territorial
./data/macroset/en/clips/territorial/common_voice_en_22049675.opus,territorial
./data/macroset/en/clips/territorial/common_voice_en_20326114.opus,territorial
./data/macroset/en/clips/pondered/common_voice_en_527466.opus,pondered
./data/macroset/en/clips/pondered/common_voice_en_53922.opus,pondered
./data/macroset/en/clips/pondered/common_voice_en_612891.opus,pondered
./data/macroset/en/clips/pondered/common_voice_en_17917173.opus,pondered
./data/macroset/en/clips/pondered/common_voice_en_603967.opus,pondered
./data/macroset/en/clips/transcripts/common_voice_en_619583.opus,transcripts
./data/macroset/en/clips/transcripts/common_voice_en_650223.opus,transcripts
./data/macroset/en/clips/transcripts/common_voice_en_19474773.opus,transcripts
./data/macroset/en/clips/transcripts/common_voice_en_21741430.opus,transcripts
./data/macroset/en/clips/transcripts/common_voice_en_97337.opus,transcripts
./data/macroset/en/clips/citadel/common_voice_en_700403.opus,citadel
./data/macroset/en/clips/citadel/common_voice_en_632729.opus,citadel
./data/macroset/en/clips/citadel/common_voice_en_21344336.opus,citadel
./data/macroset/en/clips/citadel/common_voice_en_60360.opus,citadel
./data/macroset/en/clips/citadel/common_voice_en_21311551.opus,citadel
./data/macroset/en/clips/usually/common_voice_en_18870840.opus,usually
./data/macroset/en/clips/usually/common_voice_en_20048188.opus,usually
./data/macroset/en/clips/usually/common_voice_en_19646617.opus,usually
./data/macroset/en/clips/usually/common_voice_en_18819219.opus,usually
./data/macroset/en/clips/usually/common_voice_en_18869870.opus,usually
./data/macroset/en/clips/miriam/common_voice_en_21333059.opus,miriam
./data/macroset/en/clips/miriam/common_voice_en_22085780.opus,miriam
./data/macroset/en/clips/miriam/common_voice_en_19758578.opus,miriam
./data/macroset/en/clips/miriam/common_voice_en_19561385.opus,miriam
./data/macroset/en/clips/miriam/common_voice_en_20894950.opus,miriam
./data/macroset/en/clips/quite/common_voice_en_19815892.opus,quite
./data/macroset/en/clips/quite/common_voice_en_682459.opus,quite
./data/macroset/en/clips/quite/common_voice_en_18234946.opus,quite
./data/macroset/en/clips/quite/common_voice_en_530629.opus,quite
./data/macroset/en/clips/quite/common_voice_en_21983830.opus,quite
./data/macroset/en/clips/chemist/common_voice_en_17268058.opus,chemist
./data/macroset/en/clips/chemist/common_voice_en_20322342.opus,chemist
./data/macroset/en/clips/chemist/common_voice_en_93864.opus,chemist
./data/macroset/en/clips/chemist/common_voice_en_793066.opus,chemist
./data/macroset/en/clips/chemist/common_voice_en_17887720.opus,chemist
./data/macroset/en/clips/rail/common_voice_en_19671264.opus,rail
./data/macroset/en/clips/rail/common_voice_en_20287044.opus,rail
./data/macroset/en/clips/rail/common_voice_en_22023941.opus,rail
./data/macroset/en/clips/rail/common_voice_en_658288.opus,rail
./data/macroset/en/clips/rail/common_voice_en_22306939.opus,rail
./data/macroset/en/clips/transfer/common_voice_en_20387029.opus,transfer
./data/macroset/en/clips/transfer/common_voice_en_19977226.opus,transfer
./data/macroset/en/clips/transfer/common_voice_en_22349876.opus,transfer
./data/macroset/en/clips/transfer/common_voice_en_19841777.opus,transfer
./data/macroset/en/clips/transfer/common_voice_en_20760483.opus,transfer
./data/macroset/en/clips/weekly/common_voice_en_21236436.opus,weekly
./data/macroset/en/clips/weekly/common_voice_en_22358047.opus,weekly
./data/macroset/en/clips/weekly/common_voice_en_20961633.opus,weekly
./data/macroset/en/clips/weekly/common_voice_en_21874536.opus,weekly
./data/macroset/en/clips/weekly/common_voice_en_18877731.opus,weekly
./data/macroset/en/clips/hookah/common_voice_en_612648.opus,hookah
./data/macroset/en/clips/hookah/common_voice_en_60999.opus,hookah
./data/macroset/en/clips/hookah/common_voice_en_516352.opus,hookah
./data/macroset/en/clips/hookah/common_voice_en_508163.opus,hookah
./data/macroset/en/clips/hookah/common_voice_en_115374.opus,hookah
./data/macroset/en/clips/harrow/common_voice_en_21883550.opus,harrow
./data/macroset/en/clips/harrow/common_voice_en_18725835.opus,harrow
./data/macroset/en/clips/harrow/common_voice_en_19289046.opus,harrow
./data/macroset/en/clips/harrow/common_voice_en_20776973.opus,harrow
./data/macroset/en/clips/harrow/common_voice_en_20109913.opus,harrow
./data/macroset/en/clips/harvest/common_voice_en_17715377.opus,harvest
./data/macroset/en/clips/harvest/common_voice_en_17932067.opus,harvest
./data/macroset/en/clips/harvest/common_voice_en_580969.opus,harvest
./data/macroset/en/clips/harvest/common_voice_en_17887735.opus,harvest
./data/macroset/en/clips/harvest/common_voice_en_19571793.opus,harvest
./data/macroset/en/clips/outcome/common_voice_en_22471456.opus,outcome
./data/macroset/en/clips/outcome/common_voice_en_19045142.opus,outcome
./data/macroset/en/clips/outcome/common_voice_en_604008.opus,outcome
./data/macroset/en/clips/outcome/common_voice_en_30073.opus,outcome
./data/macroset/en/clips/outcome/common_voice_en_18677432.opus,outcome
./data/macroset/en/clips/lace/common_voice_en_67966.opus,lace
./data/macroset/en/clips/lace/common_voice_en_17687454.opus,lace
./data/macroset/en/clips/lace/common_voice_en_496134.opus,lace
./data/macroset/en/clips/lace/common_voice_en_43885.opus,lace
./data/macroset/en/clips/lace/common_voice_en_532178.opus,lace
./data/macroset/en/clips/numerous/common_voice_en_20650495.opus,numerous
./data/macroset/en/clips/numerous/common_voice_en_22298644.opus,numerous
./data/macroset/en/clips/numerous/common_voice_en_19474943.opus,numerous
./data/macroset/en/clips/numerous/common_voice_en_21645859.opus,numerous
./data/macroset/en/clips/numerous/common_voice_en_19560791.opus,numerous
./data/macroset/en/clips/multivariate/common_voice_en_17436427.opus,multivariate
./data/macroset/en/clips/multivariate/common_voice_en_17252572.opus,multivariate
./data/macroset/en/clips/multivariate/common_voice_en_17578824.opus,multivariate
./data/macroset/en/clips/multivariate/common_voice_en_17416379.opus,multivariate
./data/macroset/en/clips/multivariate/common_voice_en_416704.opus,multivariate
./data/macroset/en/clips/thick/common_voice_en_508823.opus,thick
./data/macroset/en/clips/thick/common_voice_en_21684461.opus,thick
./data/macroset/en/clips/thick/common_voice_en_19492363.opus,thick
./data/macroset/en/clips/thick/common_voice_en_18335585.opus,thick
./data/macroset/en/clips/thick/common_voice_en_17921985.opus,thick
./data/macroset/en/clips/reverend/common_voice_en_20548264.opus,reverend
./data/macroset/en/clips/reverend/common_voice_en_19769619.opus,reverend
./data/macroset/en/clips/reverend/common_voice_en_19531866.opus,reverend
./data/macroset/en/clips/reverend/common_voice_en_20537522.opus,reverend
./data/macroset/en/clips/reverend/common_voice_en_20877651.opus,reverend
./data/macroset/en/clips/slovakia/common_voice_en_18112517.opus,slovakia
./data/macroset/en/clips/slovakia/common_voice_en_18915013.opus,slovakia
./data/macroset/en/clips/slovakia/common_voice_en_20170127.opus,slovakia
./data/macroset/en/clips/slovakia/common_voice_en_200650.opus,slovakia
./data/macroset/en/clips/slovakia/common_voice_en_17275669.opus,slovakia
./data/macroset/en/clips/architect/common_voice_en_19666025.opus,architect
./data/macroset/en/clips/architect/common_voice_en_21396991.opus,architect
./data/macroset/en/clips/architect/common_voice_en_19822482.opus,architect
./data/macroset/en/clips/architect/common_voice_en_20182831.opus,architect
./data/macroset/en/clips/architect/common_voice_en_19678387.opus,architect
./data/macroset/en/clips/commissioners/common_voice_en_19825559.opus,commissioners
./data/macroset/en/clips/commissioners/common_voice_en_21242969.opus,commissioners
./data/macroset/en/clips/commissioners/common_voice_en_19651071.opus,commissioners
./data/macroset/en/clips/commissioners/common_voice_en_19868674.opus,commissioners
./data/macroset/en/clips/commissioners/common_voice_en_19430905.opus,commissioners
./data/macroset/en/clips/alleged/common_voice_en_20720057.opus,alleged
./data/macroset/en/clips/alleged/common_voice_en_20541076.opus,alleged
./data/macroset/en/clips/alleged/common_voice_en_20547847.opus,alleged
./data/macroset/en/clips/alleged/common_voice_en_19764576.opus,alleged
./data/macroset/en/clips/alleged/common_voice_en_19515876.opus,alleged
./data/macroset/en/clips/free/common_voice_en_17803220.opus,free
./data/macroset/en/clips/free/common_voice_en_588257.opus,free
./data/macroset/en/clips/free/common_voice_en_564672.opus,free
./data/macroset/en/clips/free/common_voice_en_21145432.opus,free
./data/macroset/en/clips/free/common_voice_en_19429473.opus,free
./data/macroset/en/clips/provincial/common_voice_en_19944463.opus,provincial
./data/macroset/en/clips/provincial/common_voice_en_19046794.opus,provincial
./data/macroset/en/clips/provincial/common_voice_en_19649419.opus,provincial
./data/macroset/en/clips/provincial/common_voice_en_19989178.opus,provincial
./data/macroset/en/clips/provincial/common_voice_en_19944463__2.opus,provincial
./data/macroset/en/clips/widow/common_voice_en_20712782.opus,widow
./data/macroset/en/clips/widow/common_voice_en_625811.opus,widow
./data/macroset/en/clips/widow/common_voice_en_569111.opus,widow
./data/macroset/en/clips/widow/common_voice_en_19698714.opus,widow
./data/macroset/en/clips/widow/common_voice_en_20023595.opus,widow
./data/macroset/en/clips/incremental/common_voice_en_510049.opus,incremental
./data/macroset/en/clips/incremental/common_voice_en_496994.opus,incremental
./data/macroset/en/clips/incremental/common_voice_en_591879.opus,incremental
./data/macroset/en/clips/incremental/common_voice_en_658312.opus,incremental
./data/macroset/en/clips/incremental/common_voice_en_584717.opus,incremental
./data/macroset/en/clips/monoxide/common_voice_en_686397.opus,monoxide
./data/macroset/en/clips/monoxide/common_voice_en_20162924.opus,monoxide
./data/macroset/en/clips/monoxide/common_voice_en_42374.opus,monoxide
./data/macroset/en/clips/monoxide/common_voice_en_181621.opus,monoxide
./data/macroset/en/clips/monoxide/common_voice_en_19131114.opus,monoxide
./data/macroset/en/clips/walsh/common_voice_en_20836529__2.opus,walsh
./data/macroset/en/clips/walsh/common_voice_en_19622050.opus,walsh
./data/macroset/en/clips/walsh/common_voice_en_21851774.opus,walsh
./data/macroset/en/clips/walsh/common_voice_en_20836529.opus,walsh
./data/macroset/en/clips/walsh/common_voice_en_22032849.opus,walsh
./data/macroset/en/clips/insane/common_voice_en_2722882.opus,insane
./data/macroset/en/clips/insane/common_voice_en_17422933.opus,insane
./data/macroset/en/clips/insane/common_voice_en_177554.opus,insane
./data/macroset/en/clips/insane/common_voice_en_17354796.opus,insane
./data/macroset/en/clips/insane/common_voice_en_18087526.opus,insane
./data/macroset/en/clips/overwhelmed/common_voice_en_19712827.opus,overwhelmed
./data/macroset/en/clips/overwhelmed/common_voice_en_526253.opus,overwhelmed
./data/macroset/en/clips/overwhelmed/common_voice_en_19318417.opus,overwhelmed
./data/macroset/en/clips/overwhelmed/common_voice_en_18877689.opus,overwhelmed
./data/macroset/en/clips/overwhelmed/common_voice_en_18049367.opus,overwhelmed
./data/macroset/en/clips/echo/common_voice_en_18974232.opus,echo
./data/macroset/en/clips/echo/common_voice_en_21877611.opus,echo
./data/macroset/en/clips/echo/common_voice_en_98173.opus,echo
./data/macroset/en/clips/echo/common_voice_en_20524651.opus,echo
./data/macroset/en/clips/echo/common_voice_en_19713994.opus,echo
./data/macroset/en/clips/houston/common_voice_en_22450023.opus,houston
./data/macroset/en/clips/houston/common_voice_en_19733699.opus,houston
./data/macroset/en/clips/houston/common_voice_en_20102658.opus,houston
./data/macroset/en/clips/houston/common_voice_en_20008440.opus,houston
./data/macroset/en/clips/houston/common_voice_en_20930899.opus,houston
./data/macroset/en/clips/hanged/common_voice_en_11820428.opus,hanged
./data/macroset/en/clips/hanged/common_voice_en_19552379.opus,hanged
./data/macroset/en/clips/hanged/common_voice_en_17979095.opus,hanged
./data/macroset/en/clips/hanged/common_voice_en_17942444.opus,hanged
./data/macroset/en/clips/hanged/common_voice_en_18071414.opus,hanged
./data/macroset/en/clips/manipulate/common_voice_en_696540.opus,manipulate
./data/macroset/en/clips/manipulate/common_voice_en_670485.opus,manipulate
./data/macroset/en/clips/manipulate/common_voice_en_20046848.opus,manipulate
./data/macroset/en/clips/manipulate/common_voice_en_20803534.opus,manipulate
./data/macroset/en/clips/manipulate/common_voice_en_218923.opus,manipulate
./data/macroset/en/clips/kirk/common_voice_en_19737067.opus,kirk
./data/macroset/en/clips/kirk/common_voice_en_19641028.opus,kirk
./data/macroset/en/clips/kirk/common_voice_en_19302842.opus,kirk
./data/macroset/en/clips/kirk/common_voice_en_20442071.opus,kirk
./data/macroset/en/clips/kirk/common_voice_en_22092149.opus,kirk
./data/macroset/en/clips/guns/common_voice_en_9911.opus,guns
./data/macroset/en/clips/guns/common_voice_en_22345666.opus,guns
./data/macroset/en/clips/guns/common_voice_en_21777350.opus,guns
./data/macroset/en/clips/guns/common_voice_en_41852.opus,guns
./data/macroset/en/clips/guns/common_voice_en_20178059.opus,guns
./data/macroset/en/clips/mend/common_voice_en_17853765.opus,mend
./data/macroset/en/clips/mend/common_voice_en_680239.opus,mend
./data/macroset/en/clips/mend/common_voice_en_10208716.opus,mend
./data/macroset/en/clips/mend/common_voice_en_18105249.opus,mend
./data/macroset/en/clips/mend/common_voice_en_671145.opus,mend
./data/macroset/en/clips/amendment/common_voice_en_18814896.opus,amendment
./data/macroset/en/clips/amendment/common_voice_en_22080753.opus,amendment
./data/macroset/en/clips/amendment/common_voice_en_20031870.opus,amendment
./data/macroset/en/clips/amendment/common_voice_en_19997176.opus,amendment
./data/macroset/en/clips/amendment/common_voice_en_19869628.opus,amendment
./data/macroset/en/clips/vietnamese/common_voice_en_19693768.opus,vietnamese
./data/macroset/en/clips/vietnamese/common_voice_en_21185712.opus,vietnamese
./data/macroset/en/clips/vietnamese/common_voice_en_19855153.opus,vietnamese
./data/macroset/en/clips/vietnamese/common_voice_en_20872853.opus,vietnamese
./data/macroset/en/clips/vietnamese/common_voice_en_19190197.opus,vietnamese
./data/macroset/en/clips/wondered/common_voice_en_280973.opus,wondered
./data/macroset/en/clips/wondered/common_voice_en_18488069.opus,wondered
./data/macroset/en/clips/wondered/common_voice_en_491231.opus,wondered
./data/macroset/en/clips/wondered/common_voice_en_17250941.opus,wondered
./data/macroset/en/clips/wondered/common_voice_en_17719022.opus,wondered
./data/macroset/en/clips/rhymes/common_voice_en_17275726.opus,rhymes
./data/macroset/en/clips/rhymes/common_voice_en_45544.opus,rhymes
./data/macroset/en/clips/rhymes/common_voice_en_17412417.opus,rhymes
./data/macroset/en/clips/rhymes/common_voice_en_20348014.opus,rhymes
./data/macroset/en/clips/rhymes/common_voice_en_46512.opus,rhymes
./data/macroset/en/clips/fight/common_voice_en_578094.opus,fight
./data/macroset/en/clips/fight/common_voice_en_68061.opus,fight
./data/macroset/en/clips/fight/common_voice_en_200046.opus,fight
./data/macroset/en/clips/fight/common_voice_en_20476701.opus,fight
./data/macroset/en/clips/fight/common_voice_en_20044318.opus,fight
./data/macroset/en/clips/spray/common_voice_en_17514220.opus,spray
./data/macroset/en/clips/spray/common_voice_en_564285.opus,spray
./data/macroset/en/clips/spray/common_voice_en_16047454.opus,spray
./data/macroset/en/clips/spray/common_voice_en_20256381.opus,spray
./data/macroset/en/clips/spray/common_voice_en_594939.opus,spray
./data/macroset/en/clips/crack/common_voice_en_563783.opus,crack
./data/macroset/en/clips/crack/common_voice_en_528970.opus,crack
./data/macroset/en/clips/crack/common_voice_en_17864961.opus,crack
./data/macroset/en/clips/crack/common_voice_en_18113813.opus,crack
./data/macroset/en/clips/crack/common_voice_en_17372209.opus,crack
./data/macroset/en/clips/apparent/common_voice_en_627887.opus,apparent
./data/macroset/en/clips/apparent/common_voice_en_639179.opus,apparent
./data/macroset/en/clips/apparent/common_voice_en_19835990.opus,apparent
./data/macroset/en/clips/apparent/common_voice_en_21776674.opus,apparent
./data/macroset/en/clips/apparent/common_voice_en_500164.opus,apparent
./data/macroset/en/clips/crooks/common_voice_en_221930.opus,crooks
./data/macroset/en/clips/crooks/common_voice_en_198319.opus,crooks
./data/macroset/en/clips/crooks/common_voice_en_504491.opus,crooks
./data/macroset/en/clips/crooks/common_voice_en_497334.opus,crooks
./data/macroset/en/clips/crooks/common_voice_en_207474.opus,crooks
./data/macroset/en/clips/ending/common_voice_en_18717344.opus,ending
./data/macroset/en/clips/ending/common_voice_en_19641464.opus,ending
./data/macroset/en/clips/ending/common_voice_en_22381702.opus,ending
./data/macroset/en/clips/ending/common_voice_en_571248.opus,ending
./data/macroset/en/clips/ending/common_voice_en_19142101.opus,ending
./data/macroset/en/clips/wounded/common_voice_en_19476617.opus,wounded
./data/macroset/en/clips/wounded/common_voice_en_19958498.opus,wounded
./data/macroset/en/clips/wounded/common_voice_en_19181378.opus,wounded
./data/macroset/en/clips/wounded/common_voice_en_20739617.opus,wounded
./data/macroset/en/clips/wounded/common_voice_en_19748008.opus,wounded
./data/macroset/en/clips/ringing/common_voice_en_20311871.opus,ringing
./data/macroset/en/clips/ringing/common_voice_en_612592.opus,ringing
./data/macroset/en/clips/ringing/common_voice_en_681632.opus,ringing
./data/macroset/en/clips/ringing/common_voice_en_438.opus,ringing
./data/macroset/en/clips/ringing/common_voice_en_217354.opus,ringing
./data/macroset/en/clips/darius/common_voice_en_17252743.opus,darius
./data/macroset/en/clips/darius/common_voice_en_667059.opus,darius
./data/macroset/en/clips/darius/common_voice_en_17622429.opus,darius
./data/macroset/en/clips/darius/common_voice_en_17657346.opus,darius
./data/macroset/en/clips/darius/common_voice_en_17910782.opus,darius
./data/macroset/en/clips/merging/common_voice_en_581298.opus,merging
./data/macroset/en/clips/merging/common_voice_en_17932258.opus,merging
./data/macroset/en/clips/merging/common_voice_en_18105485.opus,merging
./data/macroset/en/clips/merging/common_voice_en_17288188.opus,merging
./data/macroset/en/clips/merging/common_voice_en_22037139.opus,merging
./data/macroset/en/clips/patch/common_voice_en_686908.opus,patch
./data/macroset/en/clips/patch/common_voice_en_501913.opus,patch
./data/macroset/en/clips/patch/common_voice_en_19219707.opus,patch
./data/macroset/en/clips/patch/common_voice_en_20918611.opus,patch
./data/macroset/en/clips/patch/common_voice_en_656409.opus,patch
./data/macroset/en/clips/conditions/common_voice_en_20927180.opus,conditions
./data/macroset/en/clips/conditions/common_voice_en_22440850.opus,conditions
./data/macroset/en/clips/conditions/common_voice_en_19466771.opus,conditions
./data/macroset/en/clips/conditions/common_voice_en_19674152.opus,conditions
./data/macroset/en/clips/conditions/common_voice_en_21187244.opus,conditions
./data/macroset/en/clips/mistake/common_voice_en_22457503.opus,mistake
./data/macroset/en/clips/mistake/common_voice_en_17717564.opus,mistake
./data/macroset/en/clips/mistake/common_voice_en_21312931.opus,mistake
./data/macroset/en/clips/mistake/common_voice_en_670860.opus,mistake
./data/macroset/en/clips/mistake/common_voice_en_146259.opus,mistake
./data/macroset/en/clips/absorbed/common_voice_en_19180980.opus,absorbed
./data/macroset/en/clips/absorbed/common_voice_en_18796787.opus,absorbed
./data/macroset/en/clips/absorbed/common_voice_en_20025768.opus,absorbed
./data/macroset/en/clips/absorbed/common_voice_en_22116850.opus,absorbed
./data/macroset/en/clips/absorbed/common_voice_en_20271374.opus,absorbed
./data/macroset/en/clips/consequently/common_voice_en_20218308.opus,consequently
./data/macroset/en/clips/consequently/common_voice_en_20315597.opus,consequently
./data/macroset/en/clips/consequently/common_voice_en_20171199.opus,consequently
./data/macroset/en/clips/consequently/common_voice_en_18752063.opus,consequently
./data/macroset/en/clips/consequently/common_voice_en_21914015.opus,consequently
./data/macroset/en/clips/emma/common_voice_en_663082.opus,emma
./data/macroset/en/clips/emma/common_voice_en_570121.opus,emma
./data/macroset/en/clips/emma/common_voice_en_676871.opus,emma
./data/macroset/en/clips/emma/common_voice_en_20860981.opus,emma
./data/macroset/en/clips/emma/common_voice_en_546737.opus,emma
./data/macroset/en/clips/duncan/common_voice_en_20239065.opus,duncan
./data/macroset/en/clips/duncan/common_voice_en_20801365.opus,duncan
./data/macroset/en/clips/duncan/common_voice_en_21379776.opus,duncan
./data/macroset/en/clips/duncan/common_voice_en_21955427.opus,duncan
./data/macroset/en/clips/duncan/common_voice_en_21317157.opus,duncan
./data/macroset/en/clips/stormed/common_voice_en_19724733.opus,stormed
./data/macroset/en/clips/stormed/common_voice_en_19817430.opus,stormed
./data/macroset/en/clips/stormed/common_voice_en_20234231.opus,stormed
./data/macroset/en/clips/stormed/common_voice_en_19467322.opus,stormed
./data/macroset/en/clips/stormed/common_voice_en_17386756.opus,stormed
./data/macroset/en/clips/measure/common_voice_en_21891439.opus,measure
./data/macroset/en/clips/measure/common_voice_en_20565053.opus,measure
./data/macroset/en/clips/measure/common_voice_en_20690019.opus,measure
./data/macroset/en/clips/measure/common_voice_en_208910.opus,measure
./data/macroset/en/clips/measure/common_voice_en_208457.opus,measure
./data/macroset/en/clips/calves/common_voice_en_9122377.opus,calves
./data/macroset/en/clips/calves/common_voice_en_191007.opus,calves
./data/macroset/en/clips/calves/common_voice_en_316793.opus,calves
./data/macroset/en/clips/calves/common_voice_en_18172493.opus,calves
./data/macroset/en/clips/calves/common_voice_en_695045.opus,calves
./data/macroset/en/clips/act/common_voice_en_487771.opus,act
./data/macroset/en/clips/act/common_voice_en_20257080.opus,act
./data/macroset/en/clips/act/common_voice_en_19027330.opus,act
./data/macroset/en/clips/act/common_voice_en_19801188.opus,act
./data/macroset/en/clips/act/common_voice_en_2322732.opus,act
./data/macroset/en/clips/fly/common_voice_en_17894839.opus,fly
./data/macroset/en/clips/fly/common_voice_en_18882411.opus,fly
./data/macroset/en/clips/fly/common_voice_en_17256558.opus,fly
./data/macroset/en/clips/fly/common_voice_en_662482.opus,fly
./data/macroset/en/clips/fly/common_voice_en_426142.opus,fly
./data/macroset/en/clips/decryption/common_voice_en_2322888.opus,decryption
./data/macroset/en/clips/decryption/common_voice_en_171639.opus,decryption
./data/macroset/en/clips/decryption/common_voice_en_219788.opus,decryption
./data/macroset/en/clips/decryption/common_voice_en_690513.opus,decryption
./data/macroset/en/clips/decryption/common_voice_en_3255856.opus,decryption
./data/macroset/en/clips/nineties/common_voice_en_543443.opus,nineties
./data/macroset/en/clips/nineties/common_voice_en_18533798.opus,nineties
./data/macroset/en/clips/nineties/common_voice_en_17715600.opus,nineties
./data/macroset/en/clips/nineties/common_voice_en_494826.opus,nineties
./data/macroset/en/clips/nineties/common_voice_en_21549187.opus,nineties
./data/macroset/en/clips/happens/common_voice_en_638454.opus,happens
./data/macroset/en/clips/happens/common_voice_en_17840965.opus,happens
./data/macroset/en/clips/happens/common_voice_en_20443986.opus,happens
./data/macroset/en/clips/happens/common_voice_en_85304.opus,happens
./data/macroset/en/clips/happens/common_voice_en_20894798.opus,happens
./data/macroset/en/clips/closed/common_voice_en_19370626.opus,closed
./data/macroset/en/clips/closed/common_voice_en_17294534.opus,closed
./data/macroset/en/clips/closed/common_voice_en_18814995.opus,closed
./data/macroset/en/clips/closed/common_voice_en_17842158.opus,closed
./data/macroset/en/clips/closed/common_voice_en_67731.opus,closed
./data/macroset/en/clips/theft/common_voice_en_21097668.opus,theft
./data/macroset/en/clips/theft/common_voice_en_35679.opus,theft
./data/macroset/en/clips/theft/common_voice_en_19579742.opus,theft
./data/macroset/en/clips/theft/common_voice_en_17936299.opus,theft
./data/macroset/en/clips/theft/common_voice_en_18094851.opus,theft
./data/macroset/en/clips/correspond/common_voice_en_21522165.opus,correspond
./data/macroset/en/clips/correspond/common_voice_en_21752778.opus,correspond
./data/macroset/en/clips/correspond/common_voice_en_19453991.opus,correspond
./data/macroset/en/clips/correspond/common_voice_en_20909135.opus,correspond
./data/macroset/en/clips/correspond/common_voice_en_19412387.opus,correspond
./data/macroset/en/clips/subjects/common_voice_en_22053055.opus,subjects
./data/macroset/en/clips/subjects/common_voice_en_22236390.opus,subjects
./data/macroset/en/clips/subjects/common_voice_en_20982512.opus,subjects
./data/macroset/en/clips/subjects/common_voice_en_21989402.opus,subjects
./data/macroset/en/clips/subjects/common_voice_en_19379934.opus,subjects
./data/macroset/en/clips/printing/common_voice_en_19476322.opus,printing
./data/macroset/en/clips/printing/common_voice_en_22304833.opus,printing
./data/macroset/en/clips/printing/common_voice_en_19858613.opus,printing
./data/macroset/en/clips/printing/common_voice_en_20808522.opus,printing
./data/macroset/en/clips/printing/common_voice_en_184201.opus,printing
./data/macroset/en/clips/cheers/common_voice_en_18319641.opus,cheers
./data/macroset/en/clips/cheers/common_voice_en_22386614.opus,cheers
./data/macroset/en/clips/cheers/common_voice_en_37576.opus,cheers
./data/macroset/en/clips/cheers/common_voice_en_17441672.opus,cheers
./data/macroset/en/clips/cheers/common_voice_en_195155.opus,cheers
./data/macroset/en/clips/fooling/common_voice_en_661848.opus,fooling
./data/macroset/en/clips/fooling/common_voice_en_588167.opus,fooling
./data/macroset/en/clips/fooling/common_voice_en_181361.opus,fooling
./data/macroset/en/clips/fooling/common_voice_en_158156.opus,fooling
./data/macroset/en/clips/fooling/common_voice_en_570580.opus,fooling
./data/macroset/en/clips/religious/common_voice_en_19962689.opus,religious
./data/macroset/en/clips/religious/common_voice_en_19451770.opus,religious
./data/macroset/en/clips/religious/common_voice_en_21511738.opus,religious
./data/macroset/en/clips/religious/common_voice_en_21263905.opus,religious
./data/macroset/en/clips/religious/common_voice_en_19412008.opus,religious
./data/macroset/en/clips/victories/common_voice_en_19607095.opus,victories
./data/macroset/en/clips/victories/common_voice_en_18429080.opus,victories
./data/macroset/en/clips/victories/common_voice_en_19209663.opus,victories
./data/macroset/en/clips/victories/common_voice_en_21547639.opus,victories
./data/macroset/en/clips/victories/common_voice_en_18851827.opus,victories
./data/macroset/en/clips/improved/common_voice_en_20965518.opus,improved
./data/macroset/en/clips/improved/common_voice_en_39986.opus,improved
./data/macroset/en/clips/improved/common_voice_en_19973651.opus,improved
./data/macroset/en/clips/improved/common_voice_en_21377380.opus,improved
./data/macroset/en/clips/improved/common_voice_en_19011263.opus,improved
./data/macroset/en/clips/went/common_voice_en_18658226.opus,went
./data/macroset/en/clips/went/common_voice_en_618957.opus,went
./data/macroset/en/clips/went/common_voice_en_18484755.opus,went
./data/macroset/en/clips/went/common_voice_en_96342.opus,went
./data/macroset/en/clips/went/common_voice_en_158001.opus,went
./data/macroset/en/clips/scattering/common_voice_en_18120787.opus,scattering
./data/macroset/en/clips/scattering/common_voice_en_21100190.opus,scattering
./data/macroset/en/clips/scattering/common_voice_en_18226356.opus,scattering
./data/macroset/en/clips/scattering/common_voice_en_21832952__2.opus,scattering
./data/macroset/en/clips/scattering/common_voice_en_18139420.opus,scattering
./data/macroset/en/clips/textbooks/common_voice_en_21456257.opus,textbooks
./data/macroset/en/clips/textbooks/common_voice_en_21721727.opus,textbooks
./data/macroset/en/clips/textbooks/common_voice_en_20348171.opus,textbooks
./data/macroset/en/clips/textbooks/common_voice_en_20038809.opus,textbooks
./data/macroset/en/clips/textbooks/common_voice_en_20056263.opus,textbooks
./data/macroset/en/clips/doves/common_voice_en_348259.opus,doves
./data/macroset/en/clips/doves/common_voice_en_17263749.opus,doves
./data/macroset/en/clips/doves/common_voice_en_17685011.opus,doves
./data/macroset/en/clips/doves/common_voice_en_17275251.opus,doves
./data/macroset/en/clips/doves/common_voice_en_17276770.opus,doves
./data/macroset/en/clips/remembered/common_voice_en_584126.opus,remembered
./data/macroset/en/clips/remembered/common_voice_en_518933.opus,remembered
./data/macroset/en/clips/remembered/common_voice_en_18066728.opus,remembered
./data/macroset/en/clips/remembered/common_voice_en_565275.opus,remembered
./data/macroset/en/clips/remembered/common_voice_en_55506.opus,remembered
./data/macroset/en/clips/drill/common_voice_en_537335.opus,drill
./data/macroset/en/clips/drill/common_voice_en_18339868.opus,drill
./data/macroset/en/clips/drill/common_voice_en_19711643.opus,drill
./data/macroset/en/clips/drill/common_voice_en_553687.opus,drill
./data/macroset/en/clips/drill/common_voice_en_617518.opus,drill
./data/macroset/en/clips/preference/common_voice_en_22425912.opus,preference
./data/macroset/en/clips/preference/common_voice_en_19796311.opus,preference
./data/macroset/en/clips/preference/common_voice_en_20848220.opus,preference
./data/macroset/en/clips/preference/common_voice_en_22150530.opus,preference
./data/macroset/en/clips/preference/common_voice_en_22233902.opus,preference
./data/macroset/en/clips/oversteered/common_voice_en_17556324.opus,oversteered
./data/macroset/en/clips/oversteered/common_voice_en_17762709.opus,oversteered
./data/macroset/en/clips/oversteered/common_voice_en_425898.opus,oversteered
./data/macroset/en/clips/oversteered/common_voice_en_18066450.opus,oversteered
./data/macroset/en/clips/oversteered/common_voice_en_77180.opus,oversteered
./data/macroset/en/clips/gymnasium/common_voice_en_501102.opus,gymnasium
./data/macroset/en/clips/gymnasium/common_voice_en_19786002.opus,gymnasium
./data/macroset/en/clips/gymnasium/common_voice_en_21271010.opus,gymnasium
./data/macroset/en/clips/gymnasium/common_voice_en_19710827.opus,gymnasium
./data/macroset/en/clips/gymnasium/common_voice_en_637984.opus,gymnasium
./data/macroset/en/clips/december/common_voice_en_19950916.opus,december
./data/macroset/en/clips/december/common_voice_en_201718.opus,december
./data/macroset/en/clips/december/common_voice_en_20161873.opus,december
./data/macroset/en/clips/december/common_voice_en_18709717.opus,december
./data/macroset/en/clips/december/common_voice_en_19291159.opus,december
./data/macroset/en/clips/halls/common_voice_en_20234096.opus,halls
./data/macroset/en/clips/halls/common_voice_en_20348571.opus,halls
./data/macroset/en/clips/halls/common_voice_en_20238785.opus,halls
./data/macroset/en/clips/halls/common_voice_en_18677812.opus,halls
./data/macroset/en/clips/halls/common_voice_en_20260863.opus,halls
./data/macroset/en/clips/negotiations/common_voice_en_19639492.opus,negotiations
./data/macroset/en/clips/negotiations/common_voice_en_20653867.opus,negotiations
./data/macroset/en/clips/negotiations/common_voice_en_21740930.opus,negotiations
./data/macroset/en/clips/negotiations/common_voice_en_20276260.opus,negotiations
./data/macroset/en/clips/negotiations/common_voice_en_21768959__2.opus,negotiations
./data/macroset/en/clips/lions/common_voice_en_18102155.opus,lions
./data/macroset/en/clips/lions/common_voice_en_18125453.opus,lions
./data/macroset/en/clips/lions/common_voice_en_18130466.opus,lions
./data/macroset/en/clips/lions/common_voice_en_21405135.opus,lions
./data/macroset/en/clips/lions/common_voice_en_555522.opus,lions
./data/macroset/en/clips/transported/common_voice_en_552976.opus,transported
./data/macroset/en/clips/transported/common_voice_en_685229.opus,transported
./data/macroset/en/clips/transported/common_voice_en_21005039.opus,transported
./data/macroset/en/clips/transported/common_voice_en_525941.opus,transported
./data/macroset/en/clips/transported/common_voice_en_167845.opus,transported
./data/macroset/en/clips/courthouse/common_voice_en_21314220.opus,courthouse
./data/macroset/en/clips/courthouse/common_voice_en_21916461.opus,courthouse
./data/macroset/en/clips/courthouse/common_voice_en_22304185.opus,courthouse
./data/macroset/en/clips/courthouse/common_voice_en_21753025.opus,courthouse
./data/macroset/en/clips/courthouse/common_voice_en_20301753.opus,courthouse
./data/macroset/en/clips/cruz/common_voice_en_487510.opus,cruz
./data/macroset/en/clips/cruz/common_voice_en_21781389.opus,cruz
./data/macroset/en/clips/cruz/common_voice_en_20868894.opus,cruz
./data/macroset/en/clips/cruz/common_voice_en_19672168.opus,cruz
./data/macroset/en/clips/cruz/common_voice_en_21702685.opus,cruz
./data/macroset/en/clips/jason/common_voice_en_17885199.opus,jason
./data/macroset/en/clips/jason/common_voice_en_17389074.opus,jason
./data/macroset/en/clips/jason/common_voice_en_17385330.opus,jason
./data/macroset/en/clips/jason/common_voice_en_603006.opus,jason
./data/macroset/en/clips/jason/common_voice_en_18302284.opus,jason
./data/macroset/en/clips/unhappy/common_voice_en_20245350.opus,unhappy
./data/macroset/en/clips/unhappy/common_voice_en_19747406.opus,unhappy
./data/macroset/en/clips/unhappy/common_voice_en_597657.opus,unhappy
./data/macroset/en/clips/unhappy/common_voice_en_217671.opus,unhappy
./data/macroset/en/clips/unhappy/common_voice_en_18607985.opus,unhappy
./data/macroset/en/clips/polls/common_voice_en_17268676.opus,polls
./data/macroset/en/clips/polls/common_voice_en_22201138.opus,polls
./data/macroset/en/clips/polls/common_voice_en_17965518.opus,polls
./data/macroset/en/clips/polls/common_voice_en_19996232.opus,polls
./data/macroset/en/clips/polls/common_voice_en_17964083.opus,polls
./data/macroset/en/clips/haunted/common_voice_en_19942385.opus,haunted
./data/macroset/en/clips/haunted/common_voice_en_695640.opus,haunted
./data/macroset/en/clips/haunted/common_voice_en_19719290.opus,haunted
./data/macroset/en/clips/haunted/common_voice_en_497906.opus,haunted
./data/macroset/en/clips/haunted/common_voice_en_20346974.opus,haunted
./data/macroset/en/clips/dating/common_voice_en_20779056.opus,dating
./data/macroset/en/clips/dating/common_voice_en_21382115.opus,dating
./data/macroset/en/clips/dating/common_voice_en_19960533.opus,dating
./data/macroset/en/clips/dating/common_voice_en_684613.opus,dating
./data/macroset/en/clips/dating/common_voice_en_608396.opus,dating
./data/macroset/en/clips/compromise/common_voice_en_21868309.opus,compromise
./data/macroset/en/clips/compromise/common_voice_en_21305265.opus,compromise
./data/macroset/en/clips/compromise/common_voice_en_19699032.opus,compromise
./data/macroset/en/clips/compromise/common_voice_en_19842784.opus,compromise
./data/macroset/en/clips/compromise/common_voice_en_19002406.opus,compromise
./data/macroset/en/clips/suspected/common_voice_en_20410860.opus,suspected
./data/macroset/en/clips/suspected/common_voice_en_19633824.opus,suspected
./data/macroset/en/clips/suspected/common_voice_en_18617555.opus,suspected
./data/macroset/en/clips/suspected/common_voice_en_20270272.opus,suspected
./data/macroset/en/clips/suspected/common_voice_en_19841620.opus,suspected
./data/macroset/en/clips/caps/common_voice_en_495933.opus,caps
./data/macroset/en/clips/caps/common_voice_en_19649797.opus,caps
./data/macroset/en/clips/caps/common_voice_en_18974175.opus,caps
./data/macroset/en/clips/caps/common_voice_en_22151450.opus,caps
./data/macroset/en/clips/caps/common_voice_en_19099889.opus,caps
./data/macroset/en/clips/historians/common_voice_en_18892665.opus,historians
./data/macroset/en/clips/historians/common_voice_en_20053178.opus,historians
./data/macroset/en/clips/historians/common_voice_en_20114818.opus,historians
./data/macroset/en/clips/historians/common_voice_en_19978364.opus,historians
./data/macroset/en/clips/historians/common_voice_en_20983876.opus,historians
./data/macroset/en/clips/embarrassing/common_voice_en_645150.opus,embarrassing
./data/macroset/en/clips/embarrassing/common_voice_en_18088161.opus,embarrassing
./data/macroset/en/clips/embarrassing/common_voice_en_8373.opus,embarrassing
./data/macroset/en/clips/embarrassing/common_voice_en_19761857.opus,embarrassing
./data/macroset/en/clips/embarrassing/common_voice_en_635083.opus,embarrassing
./data/macroset/en/clips/plum/common_voice_en_20061262.opus,plum
./data/macroset/en/clips/plum/common_voice_en_96188.opus,plum
./data/macroset/en/clips/plum/common_voice_en_585379.opus,plum
./data/macroset/en/clips/plum/common_voice_en_20536992.opus,plum
./data/macroset/en/clips/plum/common_voice_en_762355.opus,plum
./data/macroset/en/clips/onions/common_voice_en_569610.opus,onions
./data/macroset/en/clips/onions/common_voice_en_17966143.opus,onions
./data/macroset/en/clips/onions/common_voice_en_17280962.opus,onions
./data/macroset/en/clips/onions/common_voice_en_20173222.opus,onions
./data/macroset/en/clips/onions/common_voice_en_17292947.opus,onions
./data/macroset/en/clips/kindness/common_voice_en_21457703.opus,kindness
./data/macroset/en/clips/kindness/common_voice_en_684195.opus,kindness
./data/macroset/en/clips/kindness/common_voice_en_42303.opus,kindness
./data/macroset/en/clips/kindness/common_voice_en_689249.opus,kindness
./data/macroset/en/clips/kindness/common_voice_en_63746.opus,kindness
./data/macroset/en/clips/humid/common_voice_en_624044.opus,humid
./data/macroset/en/clips/humid/common_voice_en_548810.opus,humid
./data/macroset/en/clips/humid/common_voice_en_607806.opus,humid
./data/macroset/en/clips/humid/common_voice_en_41001.opus,humid
./data/macroset/en/clips/humid/common_voice_en_22390961.opus,humid
./data/macroset/en/clips/detonation/common_voice_en_2838701.opus,detonation
./data/macroset/en/clips/detonation/common_voice_en_17256110.opus,detonation
./data/macroset/en/clips/detonation/common_voice_en_22435874.opus,detonation
./data/macroset/en/clips/detonation/common_voice_en_18004296.opus,detonation
./data/macroset/en/clips/detonation/common_voice_en_17880217.opus,detonation
./data/macroset/en/clips/closely/common_voice_en_20712912.opus,closely
./data/macroset/en/clips/closely/common_voice_en_19311417.opus,closely
./data/macroset/en/clips/closely/common_voice_en_21326774.opus,closely
./data/macroset/en/clips/closely/common_voice_en_19372000.opus,closely
./data/macroset/en/clips/closely/common_voice_en_20382231.opus,closely
./data/macroset/en/clips/catchy/common_voice_en_30251.opus,catchy
./data/macroset/en/clips/catchy/common_voice_en_17792421.opus,catchy
./data/macroset/en/clips/catchy/common_voice_en_20472910.opus,catchy
./data/macroset/en/clips/catchy/common_voice_en_17264495.opus,catchy
./data/macroset/en/clips/catchy/common_voice_en_17252151.opus,catchy
./data/macroset/en/clips/explorers/common_voice_en_698392.opus,explorers
./data/macroset/en/clips/explorers/common_voice_en_19647315.opus,explorers
./data/macroset/en/clips/explorers/common_voice_en_658842.opus,explorers
./data/macroset/en/clips/explorers/common_voice_en_21102767.opus,explorers
./data/macroset/en/clips/explorers/common_voice_en_22364203.opus,explorers
./data/macroset/en/clips/gray/common_voice_en_17954132.opus,gray
./data/macroset/en/clips/gray/common_voice_en_529928.opus,gray
./data/macroset/en/clips/gray/common_voice_en_21872274__2.opus,gray
./data/macroset/en/clips/gray/common_voice_en_17275920.opus,gray
./data/macroset/en/clips/gray/common_voice_en_20261006.opus,gray
./data/macroset/en/clips/completing/common_voice_en_17879211.opus,completing
./data/macroset/en/clips/completing/common_voice_en_540961.opus,completing
./data/macroset/en/clips/completing/common_voice_en_20254931.opus,completing
./data/macroset/en/clips/completing/common_voice_en_33052.opus,completing
./data/macroset/en/clips/completing/common_voice_en_18104049.opus,completing
./data/macroset/en/clips/countries/common_voice_en_19848126.opus,countries
./data/macroset/en/clips/countries/common_voice_en_20875898.opus,countries
./data/macroset/en/clips/countries/common_voice_en_20298011.opus,countries
./data/macroset/en/clips/countries/common_voice_en_20429244.opus,countries
./data/macroset/en/clips/countries/common_voice_en_22204558.opus,countries
./data/macroset/en/clips/bakery/common_voice_en_20821262.opus,bakery
./data/macroset/en/clips/bakery/common_voice_en_87110.opus,bakery
./data/macroset/en/clips/bakery/common_voice_en_587760.opus,bakery
./data/macroset/en/clips/bakery/common_voice_en_181833.opus,bakery
./data/macroset/en/clips/bakery/common_voice_en_538769.opus,bakery
./data/macroset/en/clips/conversely/common_voice_en_17512958.opus,conversely
./data/macroset/en/clips/conversely/common_voice_en_21284730.opus,conversely
./data/macroset/en/clips/conversely/common_voice_en_17362969.opus,conversely
./data/macroset/en/clips/conversely/common_voice_en_17735763.opus,conversely
./data/macroset/en/clips/conversely/common_voice_en_18745151.opus,conversely
./data/macroset/en/clips/ethics/common_voice_en_18578995.opus,ethics
./data/macroset/en/clips/ethics/common_voice_en_22234167.opus,ethics
./data/macroset/en/clips/ethics/common_voice_en_19190206.opus,ethics
./data/macroset/en/clips/ethics/common_voice_en_22471024.opus,ethics
./data/macroset/en/clips/ethics/common_voice_en_19805074.opus,ethics
./data/macroset/en/clips/hundreds/common_voice_en_18769249.opus,hundreds
./data/macroset/en/clips/hundreds/common_voice_en_115212.opus,hundreds
./data/macroset/en/clips/hundreds/common_voice_en_22138043.opus,hundreds
./data/macroset/en/clips/hundreds/common_voice_en_19823719.opus,hundreds
./data/macroset/en/clips/hundreds/common_voice_en_645603.opus,hundreds
./data/macroset/en/clips/laura/common_voice_en_19647665.opus,laura
./data/macroset/en/clips/laura/common_voice_en_595999.opus,laura
./data/macroset/en/clips/laura/common_voice_en_20771160.opus,laura
./data/macroset/en/clips/laura/common_voice_en_558130.opus,laura
./data/macroset/en/clips/laura/common_voice_en_20190717.opus,laura
./data/macroset/en/clips/eastward/common_voice_en_54613.opus,eastward
./data/macroset/en/clips/eastward/common_voice_en_36715.opus,eastward
./data/macroset/en/clips/eastward/common_voice_en_88125.opus,eastward
./data/macroset/en/clips/eastward/common_voice_en_670276.opus,eastward
./data/macroset/en/clips/eastward/common_voice_en_22509.opus,eastward
./data/macroset/en/clips/garbled/common_voice_en_549695.opus,garbled
./data/macroset/en/clips/garbled/common_voice_en_17996399.opus,garbled
./data/macroset/en/clips/garbled/common_voice_en_17475100.opus,garbled
./data/macroset/en/clips/garbled/common_voice_en_17910676.opus,garbled
./data/macroset/en/clips/garbled/common_voice_en_573278.opus,garbled
./data/macroset/en/clips/tackled/common_voice_en_575944.opus,tackled
./data/macroset/en/clips/tackled/common_voice_en_18593910.opus,tackled
./data/macroset/en/clips/tackled/common_voice_en_18142224.opus,tackled
./data/macroset/en/clips/tackled/common_voice_en_18130796.opus,tackled
./data/macroset/en/clips/tackled/common_voice_en_17939438.opus,tackled
./data/macroset/en/clips/trigonometric/common_voice_en_17358138.opus,trigonometric
./data/macroset/en/clips/trigonometric/common_voice_en_17270030.opus,trigonometric
./data/macroset/en/clips/trigonometric/common_voice_en_19978650.opus,trigonometric
./data/macroset/en/clips/trigonometric/common_voice_en_17286803.opus,trigonometric
./data/macroset/en/clips/trigonometric/common_voice_en_17263302.opus,trigonometric
./data/macroset/en/clips/symbol/common_voice_en_22358015.opus,symbol
./data/macroset/en/clips/symbol/common_voice_en_21681803.opus,symbol
./data/macroset/en/clips/symbol/common_voice_en_20179232.opus,symbol
./data/macroset/en/clips/symbol/common_voice_en_18785415.opus,symbol
./data/macroset/en/clips/symbol/common_voice_en_21327149.opus,symbol
./data/macroset/en/clips/stripes/common_voice_en_7966.opus,stripes
./data/macroset/en/clips/stripes/common_voice_en_32661.opus,stripes
./data/macroset/en/clips/stripes/common_voice_en_178286.opus,stripes
./data/macroset/en/clips/stripes/common_voice_en_82422.opus,stripes
./data/macroset/en/clips/stripes/common_voice_en_40572.opus,stripes
./data/macroset/en/clips/dale/common_voice_en_19743061.opus,dale
./data/macroset/en/clips/dale/common_voice_en_20866012.opus,dale
./data/macroset/en/clips/dale/common_voice_en_19411674.opus,dale
./data/macroset/en/clips/dale/common_voice_en_22071925.opus,dale
./data/macroset/en/clips/dale/common_voice_en_21292137.opus,dale
./data/macroset/en/clips/flowing/common_voice_en_19751249.opus,flowing
./data/macroset/en/clips/flowing/common_voice_en_19754455.opus,flowing
./data/macroset/en/clips/flowing/common_voice_en_19699886.opus,flowing
./data/macroset/en/clips/flowing/common_voice_en_20900062.opus,flowing
./data/macroset/en/clips/flowing/common_voice_en_20899451.opus,flowing
./data/macroset/en/clips/smelt/common_voice_en_18105283.opus,smelt
./data/macroset/en/clips/smelt/common_voice_en_18181496.opus,smelt
./data/macroset/en/clips/smelt/common_voice_en_17914585.opus,smelt
./data/macroset/en/clips/smelt/common_voice_en_18222281.opus,smelt
./data/macroset/en/clips/smelt/common_voice_en_18020620.opus,smelt
./data/macroset/en/clips/excessive/common_voice_en_21915492.opus,excessive
./data/macroset/en/clips/excessive/common_voice_en_21370113.opus,excessive
./data/macroset/en/clips/excessive/common_voice_en_18306513.opus,excessive
./data/macroset/en/clips/excessive/common_voice_en_21090519.opus,excessive
./data/macroset/en/clips/excessive/common_voice_en_20013259.opus,excessive
./data/macroset/en/clips/cravat/common_voice_en_17295967.opus,cravat
./data/macroset/en/clips/cravat/common_voice_en_509018.opus,cravat
./data/macroset/en/clips/cravat/common_voice_en_17298545.opus,cravat
./data/macroset/en/clips/cravat/common_voice_en_17391227.opus,cravat
./data/macroset/en/clips/cravat/common_voice_en_17884868.opus,cravat
./data/macroset/en/clips/bump/common_voice_en_54072.opus,bump
./data/macroset/en/clips/bump/common_voice_en_612702.opus,bump
./data/macroset/en/clips/bump/common_voice_en_647763.opus,bump
./data/macroset/en/clips/bump/common_voice_en_16048270.opus,bump
./data/macroset/en/clips/bump/common_voice_en_18109170.opus,bump
./data/macroset/en/clips/bible/common_voice_en_17147775.opus,bible
./data/macroset/en/clips/bible/common_voice_en_19993477.opus,bible
./data/macroset/en/clips/bible/common_voice_en_20162891.opus,bible
./data/macroset/en/clips/bible/common_voice_en_20251272.opus,bible
./data/macroset/en/clips/bible/common_voice_en_22405030.opus,bible
./data/macroset/en/clips/diabetes/common_voice_en_17450544.opus,diabetes
./data/macroset/en/clips/diabetes/common_voice_en_577643.opus,diabetes
./data/macroset/en/clips/diabetes/common_voice_en_19599979.opus,diabetes
./data/macroset/en/clips/diabetes/common_voice_en_22434484.opus,diabetes
./data/macroset/en/clips/diabetes/common_voice_en_17147816.opus,diabetes
./data/macroset/en/clips/raids/common_voice_en_22248207.opus,raids
./data/macroset/en/clips/raids/common_voice_en_19180096.opus,raids
./data/macroset/en/clips/raids/common_voice_en_21396632.opus,raids
./data/macroset/en/clips/raids/common_voice_en_20383322.opus,raids
./data/macroset/en/clips/raids/common_voice_en_21531956.opus,raids
./data/macroset/en/clips/petals/common_voice_en_19677207.opus,petals
./data/macroset/en/clips/petals/common_voice_en_19028986.opus,petals
./data/macroset/en/clips/petals/common_voice_en_19026878.opus,petals
./data/macroset/en/clips/petals/common_voice_en_670687.opus,petals
./data/macroset/en/clips/petals/common_voice_en_598298.opus,petals
./data/macroset/en/clips/fins/common_voice_en_18866989__2.opus,fins
./data/macroset/en/clips/fins/common_voice_en_19410630.opus,fins
./data/macroset/en/clips/fins/common_voice_en_18866989.opus,fins
./data/macroset/en/clips/fins/common_voice_en_22265035.opus,fins
./data/macroset/en/clips/fins/common_voice_en_18724412.opus,fins
./data/macroset/en/clips/organizations/common_voice_en_19843092.opus,organizations
./data/macroset/en/clips/organizations/common_voice_en_21050125.opus,organizations
./data/macroset/en/clips/organizations/common_voice_en_20907018.opus,organizations
./data/macroset/en/clips/organizations/common_voice_en_21453303.opus,organizations
./data/macroset/en/clips/organizations/common_voice_en_19689372.opus,organizations
./data/macroset/en/clips/waist/common_voice_en_93183.opus,waist
./data/macroset/en/clips/waist/common_voice_en_113712.opus,waist
./data/macroset/en/clips/waist/common_voice_en_19620263.opus,waist
./data/macroset/en/clips/waist/common_voice_en_21692213.opus,waist
./data/macroset/en/clips/waist/common_voice_en_339617.opus,waist
./data/macroset/en/clips/secular/common_voice_en_20826229.opus,secular
./data/macroset/en/clips/secular/common_voice_en_21949950.opus,secular
./data/macroset/en/clips/secular/common_voice_en_20793917.opus,secular
./data/macroset/en/clips/secular/common_voice_en_19616869.opus,secular
./data/macroset/en/clips/secular/common_voice_en_19541482.opus,secular
./data/macroset/en/clips/broadcasts/common_voice_en_20316637.opus,broadcasts
./data/macroset/en/clips/broadcasts/common_voice_en_22251681.opus,broadcasts
./data/macroset/en/clips/broadcasts/common_voice_en_20554666.opus,broadcasts
./data/macroset/en/clips/broadcasts/common_voice_en_20778901.opus,broadcasts
./data/macroset/en/clips/broadcasts/common_voice_en_20801569.opus,broadcasts
./data/macroset/en/clips/strings/common_voice_en_17802368.opus,strings
./data/macroset/en/clips/strings/common_voice_en_19594269.opus,strings
./data/macroset/en/clips/strings/common_voice_en_17941940.opus,strings
./data/macroset/en/clips/strings/common_voice_en_22325126.opus,strings
./data/macroset/en/clips/strings/common_voice_en_19486822.opus,strings
./data/macroset/en/clips/thirteen/common_voice_en_18706374.opus,thirteen
./data/macroset/en/clips/thirteen/common_voice_en_17394764.opus,thirteen
./data/macroset/en/clips/thirteen/common_voice_en_486727.opus,thirteen
./data/macroset/en/clips/thirteen/common_voice_en_20296709.opus,thirteen
./data/macroset/en/clips/thirteen/common_voice_en_18300200.opus,thirteen
./data/macroset/en/clips/sought/common_voice_en_18124904.opus,sought
./data/macroset/en/clips/sought/common_voice_en_518725.opus,sought
./data/macroset/en/clips/sought/common_voice_en_18840339.opus,sought
./data/macroset/en/clips/sought/common_voice_en_18731247.opus,sought
./data/macroset/en/clips/sought/common_voice_en_17762721.opus,sought
./data/macroset/en/clips/brightened/common_voice_en_18158709.opus,brightened
./data/macroset/en/clips/brightened/common_voice_en_18131072.opus,brightened
./data/macroset/en/clips/brightened/common_voice_en_18049308.opus,brightened
./data/macroset/en/clips/brightened/common_voice_en_20081040.opus,brightened
./data/macroset/en/clips/brightened/common_voice_en_18100263.opus,brightened
./data/macroset/en/clips/privileges/common_voice_en_21949846.opus,privileges
./data/macroset/en/clips/privileges/common_voice_en_22347241.opus,privileges
./data/macroset/en/clips/privileges/common_voice_en_22235551.opus,privileges
./data/macroset/en/clips/privileges/common_voice_en_18810499.opus,privileges
./data/macroset/en/clips/privileges/common_voice_en_19960428.opus,privileges
./data/macroset/en/clips/remove/common_voice_en_18751706.opus,remove
./data/macroset/en/clips/remove/common_voice_en_19080387.opus,remove
./data/macroset/en/clips/remove/common_voice_en_17281162.opus,remove
./data/macroset/en/clips/remove/common_voice_en_17863694.opus,remove
./data/macroset/en/clips/remove/common_voice_en_529119.opus,remove
./data/macroset/en/clips/stare/common_voice_en_536565.opus,stare
./data/macroset/en/clips/stare/common_voice_en_17926572.opus,stare
./data/macroset/en/clips/stare/common_voice_en_194242.opus,stare
./data/macroset/en/clips/stare/common_voice_en_19776581.opus,stare
./data/macroset/en/clips/stare/common_voice_en_17912247.opus,stare
./data/macroset/en/clips/abstract/common_voice_en_21947113.opus,abstract
./data/macroset/en/clips/abstract/common_voice_en_22404449.opus,abstract
./data/macroset/en/clips/abstract/common_voice_en_19573680.opus,abstract
./data/macroset/en/clips/abstract/common_voice_en_20068240.opus,abstract
./data/macroset/en/clips/abstract/common_voice_en_19416979.opus,abstract
./data/macroset/en/clips/score/common_voice_en_487538.opus,score
./data/macroset/en/clips/score/common_voice_en_20434205.opus,score
./data/macroset/en/clips/score/common_voice_en_18132536.opus,score
./data/macroset/en/clips/score/common_voice_en_21958140.opus,score
./data/macroset/en/clips/score/common_voice_en_20219189.opus,score
./data/macroset/en/clips/aurora/common_voice_en_18877805.opus,aurora
./data/macroset/en/clips/aurora/common_voice_en_20144656.opus,aurora
./data/macroset/en/clips/aurora/common_voice_en_18493112.opus,aurora
./data/macroset/en/clips/aurora/common_voice_en_20176418.opus,aurora
./data/macroset/en/clips/aurora/common_voice_en_22207819.opus,aurora
./data/macroset/en/clips/boston/common_voice_en_22287093.opus,boston
./data/macroset/en/clips/boston/common_voice_en_20386776.opus,boston
./data/macroset/en/clips/boston/common_voice_en_19918070.opus,boston
./data/macroset/en/clips/boston/common_voice_en_48369.opus,boston
./data/macroset/en/clips/boston/common_voice_en_20528149.opus,boston
./data/macroset/en/clips/shopkeeper/common_voice_en_205113.opus,shopkeeper
./data/macroset/en/clips/shopkeeper/common_voice_en_198266.opus,shopkeeper
./data/macroset/en/clips/shopkeeper/common_voice_en_520459.opus,shopkeeper
./data/macroset/en/clips/shopkeeper/common_voice_en_673574.opus,shopkeeper
./data/macroset/en/clips/shopkeeper/common_voice_en_622161.opus,shopkeeper
./data/macroset/en/clips/drawing/common_voice_en_630574.opus,drawing
./data/macroset/en/clips/drawing/common_voice_en_91161.opus,drawing
./data/macroset/en/clips/drawing/common_voice_en_619851.opus,drawing
./data/macroset/en/clips/drawing/common_voice_en_619561.opus,drawing
./data/macroset/en/clips/drawing/common_voice_en_19718108.opus,drawing
./data/macroset/en/clips/voices/common_voice_en_18723278.opus,voices
./data/macroset/en/clips/voices/common_voice_en_17556282.opus,voices
./data/macroset/en/clips/voices/common_voice_en_21447752.opus,voices
./data/macroset/en/clips/voices/common_voice_en_20504166.opus,voices
./data/macroset/en/clips/voices/common_voice_en_519843.opus,voices
./data/macroset/en/clips/systematic/common_voice_en_596768.opus,systematic
./data/macroset/en/clips/systematic/common_voice_en_18917579.opus,systematic
./data/macroset/en/clips/systematic/common_voice_en_19640277.opus,systematic
./data/macroset/en/clips/systematic/common_voice_en_626683.opus,systematic
./data/macroset/en/clips/systematic/common_voice_en_484440.opus,systematic
./data/macroset/en/clips/glaciers/common_voice_en_20148007.opus,glaciers
./data/macroset/en/clips/glaciers/common_voice_en_498391.opus,glaciers
./data/macroset/en/clips/glaciers/common_voice_en_20260824.opus,glaciers
./data/macroset/en/clips/glaciers/common_voice_en_293926.opus,glaciers
./data/macroset/en/clips/glaciers/common_voice_en_21692451.opus,glaciers
./data/macroset/en/clips/homosexual/common_voice_en_488345.opus,homosexual
./data/macroset/en/clips/homosexual/common_voice_en_39430.opus,homosexual
./data/macroset/en/clips/homosexual/common_voice_en_22087619.opus,homosexual
./data/macroset/en/clips/homosexual/common_voice_en_667258.opus,homosexual
./data/macroset/en/clips/homosexual/common_voice_en_514232.opus,homosexual
./data/macroset/en/clips/benches/common_voice_en_19739499.opus,benches
./data/macroset/en/clips/benches/common_voice_en_20794643.opus,benches
./data/macroset/en/clips/benches/common_voice_en_699004.opus,benches
./data/macroset/en/clips/benches/common_voice_en_22336896.opus,benches
./data/macroset/en/clips/benches/common_voice_en_21998983.opus,benches
./data/macroset/en/clips/elegant/common_voice_en_58566.opus,elegant
./data/macroset/en/clips/elegant/common_voice_en_21644390.opus,elegant
./data/macroset/en/clips/elegant/common_voice_en_461772.opus,elegant
./data/macroset/en/clips/elegant/common_voice_en_15733578.opus,elegant
./data/macroset/en/clips/elegant/common_voice_en_79545.opus,elegant
./data/macroset/en/clips/gases/common_voice_en_661645.opus,gases
./data/macroset/en/clips/gases/common_voice_en_83272.opus,gases
./data/macroset/en/clips/gases/common_voice_en_604675.opus,gases
./data/macroset/en/clips/gases/common_voice_en_553475.opus,gases
./data/macroset/en/clips/gases/common_voice_en_21348673.opus,gases
./data/macroset/en/clips/connecticut/common_voice_en_19153902.opus,connecticut
./data/macroset/en/clips/connecticut/common_voice_en_19944160.opus,connecticut
./data/macroset/en/clips/connecticut/common_voice_en_21686724.opus,connecticut
./data/macroset/en/clips/connecticut/common_voice_en_19656876.opus,connecticut
./data/macroset/en/clips/connecticut/common_voice_en_19792063.opus,connecticut
./data/macroset/en/clips/berlin/common_voice_en_19531929.opus,berlin
./data/macroset/en/clips/berlin/common_voice_en_21101554.opus,berlin
./data/macroset/en/clips/berlin/common_voice_en_20764432.opus,berlin
./data/macroset/en/clips/berlin/common_voice_en_21637052.opus,berlin
./data/macroset/en/clips/berlin/common_voice_en_19658549.opus,berlin
./data/macroset/en/clips/neutron/common_voice_en_20828756.opus,neutron
./data/macroset/en/clips/neutron/common_voice_en_649854.opus,neutron
./data/macroset/en/clips/neutron/common_voice_en_20296798.opus,neutron
./data/macroset/en/clips/neutron/common_voice_en_18164571.opus,neutron
./data/macroset/en/clips/neutron/common_voice_en_18134658.opus,neutron
./data/macroset/en/clips/renovation/common_voice_en_21314866.opus,renovation
./data/macroset/en/clips/renovation/common_voice_en_22290177.opus,renovation
./data/macroset/en/clips/renovation/common_voice_en_20965350.opus,renovation
./data/macroset/en/clips/renovation/common_voice_en_20956873.opus,renovation
./data/macroset/en/clips/renovation/common_voice_en_19331661.opus,renovation
./data/macroset/en/clips/lima/common_voice_en_18991370.opus,lima
./data/macroset/en/clips/lima/common_voice_en_20075621.opus,lima
./data/macroset/en/clips/lima/common_voice_en_648043.opus,lima
./data/macroset/en/clips/lima/common_voice_en_18105441.opus,lima
./data/macroset/en/clips/lima/common_voice_en_516064.opus,lima
./data/macroset/en/clips/observe/common_voice_en_595174.opus,observe
./data/macroset/en/clips/observe/common_voice_en_200988.opus,observe
./data/macroset/en/clips/observe/common_voice_en_18982.opus,observe
./data/macroset/en/clips/observe/common_voice_en_663338.opus,observe
./data/macroset/en/clips/observe/common_voice_en_485998.opus,observe
./data/macroset/en/clips/realization/common_voice_en_584658.opus,realization
./data/macroset/en/clips/realization/common_voice_en_623439.opus,realization
./data/macroset/en/clips/realization/common_voice_en_21050741.opus,realization
./data/macroset/en/clips/realization/common_voice_en_503389.opus,realization
./data/macroset/en/clips/realization/common_voice_en_24312.opus,realization
./data/macroset/en/clips/newspaper/common_voice_en_19501880.opus,newspaper
./data/macroset/en/clips/newspaper/common_voice_en_610297.opus,newspaper
./data/macroset/en/clips/newspaper/common_voice_en_3519.opus,newspaper
./data/macroset/en/clips/newspaper/common_voice_en_21507535.opus,newspaper
./data/macroset/en/clips/newspaper/common_voice_en_19777721.opus,newspaper
./data/macroset/en/clips/yourself/common_voice_en_18526436.opus,yourself
./data/macroset/en/clips/yourself/common_voice_en_297221.opus,yourself
./data/macroset/en/clips/yourself/common_voice_en_18437343.opus,yourself
./data/macroset/en/clips/yourself/common_voice_en_17278510.opus,yourself
./data/macroset/en/clips/yourself/common_voice_en_17959325.opus,yourself
./data/macroset/en/clips/odor/common_voice_en_641424.opus,odor
./data/macroset/en/clips/odor/common_voice_en_180623.opus,odor
./data/macroset/en/clips/odor/common_voice_en_598610.opus,odor
./data/macroset/en/clips/odor/common_voice_en_17954319.opus,odor
./data/macroset/en/clips/odor/common_voice_en_20524598.opus,odor
./data/macroset/en/clips/pseudonym/common_voice_en_21478237.opus,pseudonym
./data/macroset/en/clips/pseudonym/common_voice_en_18492656.opus,pseudonym
./data/macroset/en/clips/pseudonym/common_voice_en_21543345.opus,pseudonym
./data/macroset/en/clips/pseudonym/common_voice_en_19619864.opus,pseudonym
./data/macroset/en/clips/pseudonym/common_voice_en_20964039.opus,pseudonym
./data/macroset/en/clips/unhealthy/common_voice_en_45638.opus,unhealthy
./data/macroset/en/clips/unhealthy/common_voice_en_182929.opus,unhealthy
./data/macroset/en/clips/unhealthy/common_voice_en_506270.opus,unhealthy
./data/macroset/en/clips/unhealthy/common_voice_en_207643.opus,unhealthy
./data/macroset/en/clips/unhealthy/common_voice_en_146936.opus,unhealthy
./data/macroset/en/clips/batty/common_voice_en_553142.opus,batty
./data/macroset/en/clips/batty/common_voice_en_683913.opus,batty
./data/macroset/en/clips/batty/common_voice_en_132458.opus,batty
./data/macroset/en/clips/batty/common_voice_en_643835.opus,batty
./data/macroset/en/clips/batty/common_voice_en_531977.opus,batty
./data/macroset/en/clips/regime/common_voice_en_19807704.opus,regime
./data/macroset/en/clips/regime/common_voice_en_547370.opus,regime
./data/macroset/en/clips/regime/common_voice_en_20858270.opus,regime
./data/macroset/en/clips/regime/common_voice_en_19157132.opus,regime
./data/macroset/en/clips/regime/common_voice_en_617198.opus,regime
./data/macroset/en/clips/saturn/common_voice_en_20704131.opus,saturn
./data/macroset/en/clips/saturn/common_voice_en_21892612.opus,saturn
./data/macroset/en/clips/saturn/common_voice_en_19820365.opus,saturn
./data/macroset/en/clips/saturn/common_voice_en_22204094.opus,saturn
./data/macroset/en/clips/saturn/common_voice_en_20870854.opus,saturn
./data/macroset/en/clips/shots/common_voice_en_21329771.opus,shots
./data/macroset/en/clips/shots/common_voice_en_484145.opus,shots
./data/macroset/en/clips/shots/common_voice_en_556215.opus,shots
./data/macroset/en/clips/shots/common_voice_en_633519.opus,shots
./data/macroset/en/clips/shots/common_voice_en_654778.opus,shots
./data/macroset/en/clips/dove/common_voice_en_20147939.opus,dove
./data/macroset/en/clips/dove/common_voice_en_18722331.opus,dove
./data/macroset/en/clips/dove/common_voice_en_20311869.opus,dove
./data/macroset/en/clips/dove/common_voice_en_18479974.opus,dove
./data/macroset/en/clips/dove/common_voice_en_20601445.opus,dove
./data/macroset/en/clips/switching/common_voice_en_19345450.opus,switching
./data/macroset/en/clips/switching/common_voice_en_502513.opus,switching
./data/macroset/en/clips/switching/common_voice_en_76218.opus,switching
./data/macroset/en/clips/switching/common_voice_en_19167482.opus,switching
./data/macroset/en/clips/switching/common_voice_en_589593.opus,switching
./data/macroset/en/clips/championships/common_voice_en_19131010.opus,championships
./data/macroset/en/clips/championships/common_voice_en_19684118.opus,championships
./data/macroset/en/clips/championships/common_voice_en_19728714.opus,championships
./data/macroset/en/clips/championships/common_voice_en_19587648.opus,championships
./data/macroset/en/clips/championships/common_voice_en_19822637.opus,championships
./data/macroset/en/clips/derivative/common_voice_en_18865308.opus,derivative
./data/macroset/en/clips/derivative/common_voice_en_21186477.opus,derivative
./data/macroset/en/clips/derivative/common_voice_en_22404848.opus,derivative
./data/macroset/en/clips/derivative/common_voice_en_22301966.opus,derivative
./data/macroset/en/clips/derivative/common_voice_en_22225912.opus,derivative
./data/macroset/en/clips/aesthetically/common_voice_en_17631477.opus,aesthetically
./data/macroset/en/clips/aesthetically/common_voice_en_17248976.opus,aesthetically
./data/macroset/en/clips/aesthetically/common_voice_en_17258854.opus,aesthetically
./data/macroset/en/clips/aesthetically/common_voice_en_660149.opus,aesthetically
./data/macroset/en/clips/aesthetically/common_voice_en_17261770.opus,aesthetically
./data/macroset/en/clips/restriction/common_voice_en_77685.opus,restriction
./data/macroset/en/clips/restriction/common_voice_en_212885.opus,restriction
./data/macroset/en/clips/restriction/common_voice_en_18326452.opus,restriction
./data/macroset/en/clips/restriction/common_voice_en_22116374.opus,restriction
./data/macroset/en/clips/restriction/common_voice_en_20029476.opus,restriction
./data/macroset/en/clips/states/common_voice_en_22292390.opus,states
./data/macroset/en/clips/states/common_voice_en_21952974.opus,states
./data/macroset/en/clips/states/common_voice_en_19079930.opus,states
./data/macroset/en/clips/states/common_voice_en_293797.opus,states
./data/macroset/en/clips/states/common_voice_en_20004050.opus,states
./data/macroset/en/clips/waitress/common_voice_en_85837.opus,waitress
./data/macroset/en/clips/waitress/common_voice_en_122905.opus,waitress
./data/macroset/en/clips/waitress/common_voice_en_189949.opus,waitress
./data/macroset/en/clips/waitress/common_voice_en_362734.opus,waitress
./data/macroset/en/clips/waitress/common_voice_en_17389208.opus,waitress
./data/macroset/en/clips/stadium/common_voice_en_19676628.opus,stadium
./data/macroset/en/clips/stadium/common_voice_en_20937155.opus,stadium
./data/macroset/en/clips/stadium/common_voice_en_19601830.opus,stadium
./data/macroset/en/clips/stadium/common_voice_en_19105720.opus,stadium
./data/macroset/en/clips/stadium/common_voice_en_18907844.opus,stadium
./data/macroset/en/clips/moly/common_voice_en_18070557.opus,moly
./data/macroset/en/clips/moly/common_voice_en_17656494.opus,moly
./data/macroset/en/clips/moly/common_voice_en_17488596.opus,moly
./data/macroset/en/clips/moly/common_voice_en_18083387.opus,moly
./data/macroset/en/clips/moly/common_voice_en_17793677.opus,moly
./data/macroset/en/clips/driving/common_voice_en_18474019.opus,driving
./data/macroset/en/clips/driving/common_voice_en_18283265.opus,driving
./data/macroset/en/clips/driving/common_voice_en_19994846.opus,driving
./data/macroset/en/clips/driving/common_voice_en_18518245.opus,driving
./data/macroset/en/clips/driving/common_voice_en_700441.opus,driving
./data/macroset/en/clips/repeated/common_voice_en_193135.opus,repeated
./data/macroset/en/clips/repeated/common_voice_en_20858136.opus,repeated
./data/macroset/en/clips/repeated/common_voice_en_635330.opus,repeated
./data/macroset/en/clips/repeated/common_voice_en_626869.opus,repeated
./data/macroset/en/clips/repeated/common_voice_en_17803188.opus,repeated
./data/macroset/en/clips/outed/common_voice_en_17453525.opus,outed
./data/macroset/en/clips/outed/common_voice_en_18095112.opus,outed
./data/macroset/en/clips/outed/common_voice_en_17257905.opus,outed
./data/macroset/en/clips/outed/common_voice_en_17288149.opus,outed
./data/macroset/en/clips/outed/common_voice_en_17251550.opus,outed
./data/macroset/en/clips/ribbon/common_voice_en_19684099.opus,ribbon
./data/macroset/en/clips/ribbon/common_voice_en_20310124.opus,ribbon
./data/macroset/en/clips/ribbon/common_voice_en_217032.opus,ribbon
./data/macroset/en/clips/ribbon/common_voice_en_20782059.opus,ribbon
./data/macroset/en/clips/ribbon/common_voice_en_22022276.opus,ribbon
./data/macroset/en/clips/prefer/common_voice_en_476740.opus,prefer
./data/macroset/en/clips/prefer/common_voice_en_17887734.opus,prefer
./data/macroset/en/clips/prefer/common_voice_en_69006.opus,prefer
./data/macroset/en/clips/prefer/common_voice_en_17589871.opus,prefer
./data/macroset/en/clips/prefer/common_voice_en_356069.opus,prefer
./data/macroset/en/clips/belly/common_voice_en_19646017.opus,belly
./data/macroset/en/clips/belly/common_voice_en_428185.opus,belly
./data/macroset/en/clips/belly/common_voice_en_46915.opus,belly
./data/macroset/en/clips/belly/common_voice_en_3654469.opus,belly
./data/macroset/en/clips/belly/common_voice_en_491769.opus,belly
./data/macroset/en/clips/despicable/common_voice_en_43132.opus,despicable
./data/macroset/en/clips/despicable/common_voice_en_494225.opus,despicable
./data/macroset/en/clips/despicable/common_voice_en_615570.opus,despicable
./data/macroset/en/clips/despicable/common_voice_en_584106.opus,despicable
./data/macroset/en/clips/despicable/common_voice_en_496776.opus,despicable
./data/macroset/en/clips/collection/common_voice_en_18975211.opus,collection
./data/macroset/en/clips/collection/common_voice_en_20358404.opus,collection
./data/macroset/en/clips/collection/common_voice_en_677431.opus,collection
./data/macroset/en/clips/collection/common_voice_en_20113611.opus,collection
./data/macroset/en/clips/collection/common_voice_en_524647.opus,collection
./data/macroset/en/clips/lifestyle/common_voice_en_19152615.opus,lifestyle
./data/macroset/en/clips/lifestyle/common_voice_en_20694431.opus,lifestyle
./data/macroset/en/clips/lifestyle/common_voice_en_20631669.opus,lifestyle
./data/macroset/en/clips/lifestyle/common_voice_en_19911485.opus,lifestyle
./data/macroset/en/clips/lifestyle/common_voice_en_20400271.opus,lifestyle
./data/macroset/en/clips/looking/common_voice_en_171.opus,looking
./data/macroset/en/clips/looking/common_voice_en_497922.opus,looking
./data/macroset/en/clips/looking/common_voice_en_75143.opus,looking
./data/macroset/en/clips/looking/common_voice_en_667049.opus,looking
./data/macroset/en/clips/looking/common_voice_en_27484.opus,looking
./data/macroset/en/clips/definitely/common_voice_en_17730006.opus,definitely
./data/macroset/en/clips/definitely/common_voice_en_484589.opus,definitely
./data/macroset/en/clips/definitely/common_voice_en_626172.opus,definitely
./data/macroset/en/clips/definitely/common_voice_en_534669.opus,definitely
./data/macroset/en/clips/definitely/common_voice_en_555705.opus,definitely
./data/macroset/en/clips/break/common_voice_en_63840.opus,break
./data/macroset/en/clips/break/common_voice_en_21359304.opus,break
./data/macroset/en/clips/break/common_voice_en_3695233.opus,break
./data/macroset/en/clips/break/common_voice_en_18427472.opus,break
./data/macroset/en/clips/break/common_voice_en_20483303.opus,break
./data/macroset/en/clips/atlanta/common_voice_en_19913614.opus,atlanta
./data/macroset/en/clips/atlanta/common_voice_en_20261645.opus,atlanta
./data/macroset/en/clips/atlanta/common_voice_en_20600196.opus,atlanta
./data/macroset/en/clips/atlanta/common_voice_en_22468748.opus,atlanta
./data/macroset/en/clips/atlanta/common_voice_en_21097735.opus,atlanta
./data/macroset/en/clips/yukon/common_voice_en_18752024.opus,yukon
./data/macroset/en/clips/yukon/common_voice_en_18503898.opus,yukon
./data/macroset/en/clips/yukon/common_voice_en_22051384.opus,yukon
./data/macroset/en/clips/yukon/common_voice_en_19129776.opus,yukon
./data/macroset/en/clips/yukon/common_voice_en_18893751.opus,yukon
./data/macroset/en/clips/jelly/common_voice_en_19972.opus,jelly
./data/macroset/en/clips/jelly/common_voice_en_17253122.opus,jelly
./data/macroset/en/clips/jelly/common_voice_en_20767315.opus,jelly
./data/macroset/en/clips/jelly/common_voice_en_19013158.opus,jelly
./data/macroset/en/clips/jelly/common_voice_en_34536.opus,jelly
./data/macroset/en/clips/rolled/common_voice_en_20744580.opus,rolled
./data/macroset/en/clips/rolled/common_voice_en_188831.opus,rolled
./data/macroset/en/clips/rolled/common_voice_en_678806.opus,rolled
./data/macroset/en/clips/rolled/common_voice_en_124042.opus,rolled
./data/macroset/en/clips/rolled/common_voice_en_608141.opus,rolled
./data/macroset/en/clips/queen/common_voice_en_20159358.opus,queen
./data/macroset/en/clips/queen/common_voice_en_20466951.opus,queen
./data/macroset/en/clips/queen/common_voice_en_20620171.opus,queen
./data/macroset/en/clips/queen/common_voice_en_20176345.opus,queen
./data/macroset/en/clips/queen/common_voice_en_18593921.opus,queen
./data/macroset/en/clips/subsequent/common_voice_en_583676.opus,subsequent
./data/macroset/en/clips/subsequent/common_voice_en_22200309.opus,subsequent
./data/macroset/en/clips/subsequent/common_voice_en_21964411.opus,subsequent
./data/macroset/en/clips/subsequent/common_voice_en_20588957.opus,subsequent
./data/macroset/en/clips/subsequent/common_voice_en_22343887.opus,subsequent
./data/macroset/en/clips/highest/common_voice_en_20411066.opus,highest
./data/macroset/en/clips/highest/common_voice_en_19596022.opus,highest
./data/macroset/en/clips/highest/common_voice_en_20961267.opus,highest
./data/macroset/en/clips/highest/common_voice_en_485267.opus,highest
./data/macroset/en/clips/highest/common_voice_en_18811398.opus,highest
./data/macroset/en/clips/modifying/common_voice_en_276759.opus,modifying
./data/macroset/en/clips/modifying/common_voice_en_19481411.opus,modifying
./data/macroset/en/clips/modifying/common_voice_en_1344691.opus,modifying
./data/macroset/en/clips/modifying/common_voice_en_20348795.opus,modifying
./data/macroset/en/clips/modifying/common_voice_en_18946853.opus,modifying
./data/macroset/en/clips/kelvin/common_voice_en_17673560.opus,kelvin
./data/macroset/en/clips/kelvin/common_voice_en_17776173.opus,kelvin
./data/macroset/en/clips/kelvin/common_voice_en_17290126.opus,kelvin
./data/macroset/en/clips/kelvin/common_voice_en_17340758.opus,kelvin
./data/macroset/en/clips/kelvin/common_voice_en_17527045.opus,kelvin
./data/macroset/en/clips/distant/common_voice_en_74877.opus,distant
./data/macroset/en/clips/distant/common_voice_en_19973518.opus,distant
./data/macroset/en/clips/distant/common_voice_en_657548.opus,distant
./data/macroset/en/clips/distant/common_voice_en_606591.opus,distant
./data/macroset/en/clips/distant/common_voice_en_664901.opus,distant
./data/macroset/en/clips/novelist/common_voice_en_20140082.opus,novelist
./data/macroset/en/clips/novelist/common_voice_en_19664944.opus,novelist
./data/macroset/en/clips/novelist/common_voice_en_20982514.opus,novelist
./data/macroset/en/clips/novelist/common_voice_en_20162809.opus,novelist
./data/macroset/en/clips/novelist/common_voice_en_20778863.opus,novelist
./data/macroset/en/clips/tomato/common_voice_en_18483799.opus,tomato
./data/macroset/en/clips/tomato/common_voice_en_22966.opus,tomato
./data/macroset/en/clips/tomato/common_voice_en_17887526.opus,tomato
./data/macroset/en/clips/tomato/common_voice_en_86185.opus,tomato
./data/macroset/en/clips/tomato/common_voice_en_538814.opus,tomato
./data/macroset/en/clips/rico/common_voice_en_20591239.opus,rico
./data/macroset/en/clips/rico/common_voice_en_21002051.opus,rico
./data/macroset/en/clips/rico/common_voice_en_19875048.opus,rico
./data/macroset/en/clips/rico/common_voice_en_20895509.opus,rico
./data/macroset/en/clips/rico/common_voice_en_21181580.opus,rico
./data/macroset/en/clips/swing/common_voice_en_436916.opus,swing
./data/macroset/en/clips/swing/common_voice_en_191053.opus,swing
./data/macroset/en/clips/swing/common_voice_en_20583864.opus,swing
./data/macroset/en/clips/swing/common_voice_en_20415995.opus,swing
./data/macroset/en/clips/swing/common_voice_en_20882169.opus,swing
./data/macroset/en/clips/lock/common_voice_en_8750382.opus,lock
./data/macroset/en/clips/lock/common_voice_en_374403.opus,lock
./data/macroset/en/clips/lock/common_voice_en_18087501.opus,lock
./data/macroset/en/clips/lock/common_voice_en_461599.opus,lock
./data/macroset/en/clips/lock/common_voice_en_20872607.opus,lock
./data/macroset/en/clips/charm/common_voice_en_18127920.opus,charm
./data/macroset/en/clips/charm/common_voice_en_20443461.opus,charm
./data/macroset/en/clips/charm/common_voice_en_637481.opus,charm
./data/macroset/en/clips/charm/common_voice_en_17887486.opus,charm
./data/macroset/en/clips/charm/common_voice_en_20779652.opus,charm
./data/macroset/en/clips/preferred/common_voice_en_20778852.opus,preferred
./data/macroset/en/clips/preferred/common_voice_en_19617110.opus,preferred
./data/macroset/en/clips/preferred/common_voice_en_20245109.opus,preferred
./data/macroset/en/clips/preferred/common_voice_en_19946494.opus,preferred
./data/macroset/en/clips/preferred/common_voice_en_8755.opus,preferred
./data/macroset/en/clips/steering/common_voice_en_20424693.opus,steering
./data/macroset/en/clips/steering/common_voice_en_19858394.opus,steering
./data/macroset/en/clips/steering/common_voice_en_21673025.opus,steering
./data/macroset/en/clips/steering/common_voice_en_21722038.opus,steering
./data/macroset/en/clips/steering/common_voice_en_22323751.opus,steering
./data/macroset/en/clips/compilation/common_voice_en_20848995.opus,compilation
./data/macroset/en/clips/compilation/common_voice_en_21088167.opus,compilation
./data/macroset/en/clips/compilation/common_voice_en_20976613.opus,compilation
./data/macroset/en/clips/compilation/common_voice_en_22099766.opus,compilation
./data/macroset/en/clips/compilation/common_voice_en_20464879.opus,compilation
./data/macroset/en/clips/integrate/common_voice_en_697438.opus,integrate
./data/macroset/en/clips/integrate/common_voice_en_668574.opus,integrate
./data/macroset/en/clips/integrate/common_voice_en_658079.opus,integrate
./data/macroset/en/clips/integrate/common_voice_en_215907.opus,integrate
./data/macroset/en/clips/integrate/common_voice_en_21725364.opus,integrate
./data/macroset/en/clips/maple/common_voice_en_31876.opus,maple
./data/macroset/en/clips/maple/common_voice_en_18116874.opus,maple
./data/macroset/en/clips/maple/common_voice_en_17461233.opus,maple
./data/macroset/en/clips/maple/common_voice_en_17283101.opus,maple
./data/macroset/en/clips/maple/common_voice_en_18713156.opus,maple
./data/macroset/en/clips/lavender/common_voice_en_65677.opus,lavender
./data/macroset/en/clips/lavender/common_voice_en_17562352.opus,lavender
./data/macroset/en/clips/lavender/common_voice_en_17262690.opus,lavender
./data/macroset/en/clips/lavender/common_voice_en_535097.opus,lavender
./data/macroset/en/clips/lavender/common_voice_en_17263971.opus,lavender
./data/macroset/en/clips/gum/common_voice_en_18733322.opus,gum
./data/macroset/en/clips/gum/common_voice_en_21080760.opus,gum
./data/macroset/en/clips/gum/common_voice_en_214646.opus,gum
./data/macroset/en/clips/gum/common_voice_en_19745363.opus,gum
./data/macroset/en/clips/gum/common_voice_en_19305144.opus,gum
./data/macroset/en/clips/guild/common_voice_en_22435668.opus,guild
./data/macroset/en/clips/guild/common_voice_en_19671115.opus,guild
./data/macroset/en/clips/guild/common_voice_en_20529921.opus,guild
./data/macroset/en/clips/guild/common_voice_en_20970733.opus,guild
./data/macroset/en/clips/guild/common_voice_en_21425677.opus,guild
./data/macroset/en/clips/fruitful/common_voice_en_18533433.opus,fruitful
./data/macroset/en/clips/fruitful/common_voice_en_18163599.opus,fruitful
./data/macroset/en/clips/fruitful/common_voice_en_17785923.opus,fruitful
./data/macroset/en/clips/fruitful/common_voice_en_17851447.opus,fruitful
./data/macroset/en/clips/fruitful/common_voice_en_18508562.opus,fruitful
./data/macroset/en/clips/dreadful/common_voice_en_184420.opus,dreadful
./data/macroset/en/clips/dreadful/common_voice_en_21796592.opus,dreadful
./data/macroset/en/clips/dreadful/common_voice_en_478823.opus,dreadful
./data/macroset/en/clips/dreadful/common_voice_en_551743.opus,dreadful
./data/macroset/en/clips/dreadful/common_voice_en_20552.opus,dreadful
./data/macroset/en/clips/equator/common_voice_en_17863761.opus,equator
./data/macroset/en/clips/equator/common_voice_en_19453449.opus,equator
./data/macroset/en/clips/equator/common_voice_en_17250479.opus,equator
./data/macroset/en/clips/equator/common_voice_en_17369644.opus,equator
./data/macroset/en/clips/equator/common_voice_en_17366948.opus,equator
./data/macroset/en/clips/jetting/common_voice_en_39595.opus,jetting
./data/macroset/en/clips/jetting/common_voice_en_589555.opus,jetting
./data/macroset/en/clips/jetting/common_voice_en_93224.opus,jetting
./data/macroset/en/clips/jetting/common_voice_en_653985.opus,jetting
./data/macroset/en/clips/jetting/common_voice_en_133855.opus,jetting
./data/macroset/en/clips/growing/common_voice_en_20367202.opus,growing
./data/macroset/en/clips/growing/common_voice_en_20517089.opus,growing
./data/macroset/en/clips/growing/common_voice_en_18320373.opus,growing
./data/macroset/en/clips/growing/common_voice_en_18489053.opus,growing
./data/macroset/en/clips/growing/common_voice_en_18696478.opus,growing
./data/macroset/en/clips/greek/common_voice_en_20026159.opus,greek
./data/macroset/en/clips/greek/common_voice_en_19981823.opus,greek
./data/macroset/en/clips/greek/common_voice_en_22371571.opus,greek
./data/macroset/en/clips/greek/common_voice_en_20948349.opus,greek
./data/macroset/en/clips/greek/common_voice_en_83944.opus,greek
./data/macroset/en/clips/andrea/common_voice_en_20330506.opus,andrea
./data/macroset/en/clips/andrea/common_voice_en_20247398.opus,andrea
./data/macroset/en/clips/andrea/common_voice_en_21995875.opus,andrea
./data/macroset/en/clips/andrea/common_voice_en_20381661.opus,andrea
./data/macroset/en/clips/andrea/common_voice_en_19651340.opus,andrea
./data/macroset/en/clips/places/common_voice_en_22384848.opus,places
./data/macroset/en/clips/places/common_voice_en_18708567.opus,places
./data/macroset/en/clips/places/common_voice_en_18675784.opus,places
./data/macroset/en/clips/places/common_voice_en_635844.opus,places
./data/macroset/en/clips/places/common_voice_en_70766.opus,places
./data/macroset/en/clips/skateboard/common_voice_en_671898.opus,skateboard
./data/macroset/en/clips/skateboard/common_voice_en_620027.opus,skateboard
./data/macroset/en/clips/skateboard/common_voice_en_499705.opus,skateboard
./data/macroset/en/clips/skateboard/common_voice_en_572130.opus,skateboard
./data/macroset/en/clips/skateboard/common_voice_en_218041.opus,skateboard
./data/macroset/en/clips/virtually/common_voice_en_19531794.opus,virtually
./data/macroset/en/clips/virtually/common_voice_en_20526409.opus,virtually
./data/macroset/en/clips/virtually/common_voice_en_21946609.opus,virtually
./data/macroset/en/clips/virtually/common_voice_en_20220117.opus,virtually
./data/macroset/en/clips/virtually/common_voice_en_20952747.opus,virtually
./data/macroset/en/clips/pumps/common_voice_en_19773085.opus,pumps
./data/macroset/en/clips/pumps/common_voice_en_19751174.opus,pumps
./data/macroset/en/clips/pumps/common_voice_en_22366301.opus,pumps
./data/macroset/en/clips/pumps/common_voice_en_20833894.opus,pumps
./data/macroset/en/clips/pumps/common_voice_en_20498571.opus,pumps
./data/macroset/en/clips/jungle/common_voice_en_200408.opus,jungle
./data/macroset/en/clips/jungle/common_voice_en_670333.opus,jungle
./data/macroset/en/clips/jungle/common_voice_en_179459.opus,jungle
./data/macroset/en/clips/jungle/common_voice_en_652214.opus,jungle
./data/macroset/en/clips/jungle/common_voice_en_17530755.opus,jungle
./data/macroset/en/clips/moisturising/common_voice_en_43103.opus,moisturising
./data/macroset/en/clips/moisturising/common_voice_en_630022.opus,moisturising
./data/macroset/en/clips/moisturising/common_voice_en_661510.opus,moisturising
./data/macroset/en/clips/moisturising/common_voice_en_654376.opus,moisturising
./data/macroset/en/clips/moisturising/common_voice_en_591401.opus,moisturising
./data/macroset/en/clips/pastry/common_voice_en_20586894.opus,pastry
./data/macroset/en/clips/pastry/common_voice_en_689884.opus,pastry
./data/macroset/en/clips/pastry/common_voice_en_419371.opus,pastry
./data/macroset/en/clips/pastry/common_voice_en_19917423.opus,pastry
./data/macroset/en/clips/pastry/common_voice_en_547617.opus,pastry
./data/macroset/en/clips/flow/common_voice_en_19201554.opus,flow
./data/macroset/en/clips/flow/common_voice_en_20995973.opus,flow
./data/macroset/en/clips/flow/common_voice_en_21735116.opus,flow
./data/macroset/en/clips/flow/common_voice_en_19518317.opus,flow
./data/macroset/en/clips/flow/common_voice_en_21979021.opus,flow
./data/macroset/en/clips/bedrooms/common_voice_en_17287122.opus,bedrooms
./data/macroset/en/clips/bedrooms/common_voice_en_19281059.opus,bedrooms
./data/macroset/en/clips/bedrooms/common_voice_en_17967460.opus,bedrooms
./data/macroset/en/clips/bedrooms/common_voice_en_550365.opus,bedrooms
./data/macroset/en/clips/bedrooms/common_voice_en_20818403.opus,bedrooms
./data/macroset/en/clips/muscles/common_voice_en_527488.opus,muscles
./data/macroset/en/clips/muscles/common_voice_en_22303911.opus,muscles
./data/macroset/en/clips/muscles/common_voice_en_20656448.opus,muscles
./data/macroset/en/clips/muscles/common_voice_en_18706740.opus,muscles
./data/macroset/en/clips/muscles/common_voice_en_19750034.opus,muscles
./data/macroset/en/clips/gossip/common_voice_en_17385175.opus,gossip
./data/macroset/en/clips/gossip/common_voice_en_17319016.opus,gossip
./data/macroset/en/clips/gossip/common_voice_en_18116869.opus,gossip
./data/macroset/en/clips/gossip/common_voice_en_17282457.opus,gossip
./data/macroset/en/clips/gossip/common_voice_en_17965405.opus,gossip
./data/macroset/en/clips/motorway/common_voice_en_18300223.opus,motorway
./data/macroset/en/clips/motorway/common_voice_en_21912165.opus,motorway
./data/macroset/en/clips/motorway/common_voice_en_18418147.opus,motorway
./data/macroset/en/clips/motorway/common_voice_en_19546553.opus,motorway
./data/macroset/en/clips/motorway/common_voice_en_92122.opus,motorway
./data/macroset/en/clips/auxiliary/common_voice_en_19710087.opus,auxiliary
./data/macroset/en/clips/auxiliary/common_voice_en_20661247.opus,auxiliary
./data/macroset/en/clips/auxiliary/common_voice_en_21242050.opus,auxiliary
./data/macroset/en/clips/auxiliary/common_voice_en_20306055.opus,auxiliary
./data/macroset/en/clips/auxiliary/common_voice_en_19482966.opus,auxiliary
./data/macroset/en/clips/chips/common_voice_en_283796.opus,chips
./data/macroset/en/clips/chips/common_voice_en_684313.opus,chips
./data/macroset/en/clips/chips/common_voice_en_18326313.opus,chips
./data/macroset/en/clips/chips/common_voice_en_17867492.opus,chips
./data/macroset/en/clips/chips/common_voice_en_20341648.opus,chips
./data/macroset/en/clips/tribes/common_voice_en_20407600.opus,tribes
./data/macroset/en/clips/tribes/common_voice_en_19592028.opus,tribes
./data/macroset/en/clips/tribes/common_voice_en_667566.opus,tribes
./data/macroset/en/clips/tribes/common_voice_en_520253.opus,tribes
./data/macroset/en/clips/tribes/common_voice_en_680843.opus,tribes
./data/macroset/en/clips/terminology/common_voice_en_20270221.opus,terminology
./data/macroset/en/clips/terminology/common_voice_en_20289318.opus,terminology
./data/macroset/en/clips/terminology/common_voice_en_19443357.opus,terminology
./data/macroset/en/clips/terminology/common_voice_en_19687256.opus,terminology
./data/macroset/en/clips/terminology/common_voice_en_22373557.opus,terminology
./data/macroset/en/clips/intended/common_voice_en_19613537.opus,intended
./data/macroset/en/clips/intended/common_voice_en_21945449.opus,intended
./data/macroset/en/clips/intended/common_voice_en_19652650.opus,intended
./data/macroset/en/clips/intended/common_voice_en_19654692.opus,intended
./data/macroset/en/clips/intended/common_voice_en_21982333.opus,intended
./data/macroset/en/clips/nodes/common_voice_en_628708.opus,nodes
./data/macroset/en/clips/nodes/common_voice_en_20947149.opus,nodes
./data/macroset/en/clips/nodes/common_voice_en_19114855.opus,nodes
./data/macroset/en/clips/nodes/common_voice_en_19702280__2.opus,nodes
./data/macroset/en/clips/nodes/common_voice_en_20602085.opus,nodes
./data/macroset/en/clips/few/common_voice_en_9747.opus,few
./data/macroset/en/clips/few/common_voice_en_618374.opus,few
./data/macroset/en/clips/few/common_voice_en_657404.opus,few
./data/macroset/en/clips/few/common_voice_en_20822368.opus,few
./data/macroset/en/clips/few/common_voice_en_146071.opus,few
./data/macroset/en/clips/miles/common_voice_en_19344707.opus,miles
./data/macroset/en/clips/miles/common_voice_en_18971377.opus,miles
./data/macroset/en/clips/miles/common_voice_en_625521.opus,miles
./data/macroset/en/clips/miles/common_voice_en_612605.opus,miles
./data/macroset/en/clips/miles/common_voice_en_426040.opus,miles
./data/macroset/en/clips/circle/common_voice_en_19369545.opus,circle
./data/macroset/en/clips/circle/common_voice_en_26316.opus,circle
./data/macroset/en/clips/circle/common_voice_en_209915.opus,circle
./data/macroset/en/clips/circle/common_voice_en_483720.opus,circle
./data/macroset/en/clips/circle/common_voice_en_645360.opus,circle
./data/macroset/en/clips/unbearable/common_voice_en_8607936.opus,unbearable
./data/macroset/en/clips/unbearable/common_voice_en_521326.opus,unbearable
./data/macroset/en/clips/unbearable/common_voice_en_544501.opus,unbearable
./data/macroset/en/clips/unbearable/common_voice_en_480636.opus,unbearable
./data/macroset/en/clips/unbearable/common_voice_en_243468.opus,unbearable
./data/macroset/en/clips/eleventh/common_voice_en_20343580.opus,eleventh
./data/macroset/en/clips/eleventh/common_voice_en_18120529.opus,eleventh
./data/macroset/en/clips/eleventh/common_voice_en_21062797.opus,eleventh
./data/macroset/en/clips/eleventh/common_voice_en_18780097.opus,eleventh
./data/macroset/en/clips/eleventh/common_voice_en_17754048.opus,eleventh
./data/macroset/en/clips/gorilla/common_voice_en_18994381.opus,gorilla
./data/macroset/en/clips/gorilla/common_voice_en_18542308.opus,gorilla
./data/macroset/en/clips/gorilla/common_voice_en_18511890.opus,gorilla
./data/macroset/en/clips/gorilla/common_voice_en_681028.opus,gorilla
./data/macroset/en/clips/gorilla/common_voice_en_629197.opus,gorilla
./data/macroset/en/clips/intervened/common_voice_en_19675356.opus,intervened
./data/macroset/en/clips/intervened/common_voice_en_564865.opus,intervened
./data/macroset/en/clips/intervened/common_voice_en_429852.opus,intervened
./data/macroset/en/clips/intervened/common_voice_en_17888662.opus,intervened
./data/macroset/en/clips/intervened/common_voice_en_18870824.opus,intervened
./data/macroset/en/clips/criminals/common_voice_en_580610.opus,criminals
./data/macroset/en/clips/criminals/common_voice_en_596103.opus,criminals
./data/macroset/en/clips/criminals/common_voice_en_58924.opus,criminals
./data/macroset/en/clips/criminals/common_voice_en_533805.opus,criminals
./data/macroset/en/clips/criminals/common_voice_en_153893.opus,criminals
./data/macroset/en/clips/genera/common_voice_en_20068367.opus,genera
./data/macroset/en/clips/genera/common_voice_en_20015732.opus,genera
./data/macroset/en/clips/genera/common_voice_en_19415983.opus,genera
./data/macroset/en/clips/genera/common_voice_en_22083392.opus,genera
./data/macroset/en/clips/genera/common_voice_en_22010448.opus,genera
./data/macroset/en/clips/gorgeous/common_voice_en_520121.opus,gorgeous
./data/macroset/en/clips/gorgeous/common_voice_en_675734.opus,gorgeous
./data/macroset/en/clips/gorgeous/common_voice_en_635350.opus,gorgeous
./data/macroset/en/clips/gorgeous/common_voice_en_96394.opus,gorgeous
./data/macroset/en/clips/gorgeous/common_voice_en_555068.opus,gorgeous
./data/macroset/en/clips/grammar/common_voice_en_22243857.opus,grammar
./data/macroset/en/clips/grammar/common_voice_en_20705981.opus,grammar
./data/macroset/en/clips/grammar/common_voice_en_20554727.opus,grammar
./data/macroset/en/clips/grammar/common_voice_en_21205907.opus,grammar
./data/macroset/en/clips/grammar/common_voice_en_654397.opus,grammar
./data/macroset/en/clips/participate/common_voice_en_21677896.opus,participate
./data/macroset/en/clips/participate/common_voice_en_17281094.opus,participate
./data/macroset/en/clips/participate/common_voice_en_626433.opus,participate
./data/macroset/en/clips/participate/common_voice_en_19043140.opus,participate
./data/macroset/en/clips/participate/common_voice_en_18893743.opus,participate
./data/macroset/en/clips/rotation/common_voice_en_18960670.opus,rotation
./data/macroset/en/clips/rotation/common_voice_en_20239971.opus,rotation
./data/macroset/en/clips/rotation/common_voice_en_20101332.opus,rotation
./data/macroset/en/clips/rotation/common_voice_en_19652335.opus,rotation
./data/macroset/en/clips/rotation/common_voice_en_21902052.opus,rotation
./data/macroset/en/clips/dial/common_voice_en_20506853.opus,dial
./data/macroset/en/clips/dial/common_voice_en_21777406.opus,dial
./data/macroset/en/clips/dial/common_voice_en_20174874.opus,dial
./data/macroset/en/clips/dial/common_voice_en_19821941.opus,dial
./data/macroset/en/clips/dial/common_voice_en_18714965.opus,dial
./data/macroset/en/clips/grammars/common_voice_en_46966.opus,grammars
./data/macroset/en/clips/grammars/common_voice_en_629505.opus,grammars
./data/macroset/en/clips/grammars/common_voice_en_47009.opus,grammars
./data/macroset/en/clips/grammars/common_voice_en_207091.opus,grammars
./data/macroset/en/clips/grammars/common_voice_en_218920.opus,grammars
./data/macroset/en/clips/anyone/common_voice_en_17556008.opus,anyone
./data/macroset/en/clips/anyone/common_voice_en_37412.opus,anyone
./data/macroset/en/clips/anyone/common_voice_en_654299.opus,anyone
./data/macroset/en/clips/anyone/common_voice_en_164738.opus,anyone
./data/macroset/en/clips/anyone/common_voice_en_17456549.opus,anyone
./data/macroset/en/clips/arrested/common_voice_en_18403779.opus,arrested
./data/macroset/en/clips/arrested/common_voice_en_20253610.opus,arrested
./data/macroset/en/clips/arrested/common_voice_en_21814410.opus,arrested
./data/macroset/en/clips/arrested/common_voice_en_19032381.opus,arrested
./data/macroset/en/clips/arrested/common_voice_en_20782094.opus,arrested
./data/macroset/en/clips/omar/common_voice_en_20408077.opus,omar
./data/macroset/en/clips/omar/common_voice_en_494967.opus,omar
./data/macroset/en/clips/omar/common_voice_en_21737908.opus,omar
./data/macroset/en/clips/omar/common_voice_en_21374410.opus,omar
./data/macroset/en/clips/omar/common_voice_en_21476552.opus,omar
./data/macroset/en/clips/failure/common_voice_en_71349.opus,failure
./data/macroset/en/clips/failure/common_voice_en_20173432.opus,failure
./data/macroset/en/clips/failure/common_voice_en_19466055.opus,failure
./data/macroset/en/clips/failure/common_voice_en_669154.opus,failure
./data/macroset/en/clips/failure/common_voice_en_164851.opus,failure
./data/macroset/en/clips/requests/common_voice_en_2354269.opus,requests
./data/macroset/en/clips/requests/common_voice_en_521211.opus,requests
./data/macroset/en/clips/requests/common_voice_en_18148067.opus,requests
./data/macroset/en/clips/requests/common_voice_en_21328770.opus,requests
./data/macroset/en/clips/requests/common_voice_en_564578.opus,requests
./data/macroset/en/clips/maktub/common_voice_en_155568.opus,maktub
./data/macroset/en/clips/maktub/common_voice_en_197932.opus,maktub
./data/macroset/en/clips/maktub/common_voice_en_619222.opus,maktub
./data/macroset/en/clips/maktub/common_voice_en_519249.opus,maktub
./data/macroset/en/clips/maktub/common_voice_en_602556.opus,maktub
./data/macroset/en/clips/fed/common_voice_en_481854.opus,fed
./data/macroset/en/clips/fed/common_voice_en_19320308.opus,fed
./data/macroset/en/clips/fed/common_voice_en_629238.opus,fed
./data/macroset/en/clips/fed/common_voice_en_157986.opus,fed
./data/macroset/en/clips/fed/common_voice_en_22145076.opus,fed
./data/macroset/en/clips/bills/common_voice_en_21261370.opus,bills
./data/macroset/en/clips/bills/common_voice_en_21349176.opus,bills
./data/macroset/en/clips/bills/common_voice_en_20894124.opus,bills
./data/macroset/en/clips/bills/common_voice_en_51606.opus,bills
./data/macroset/en/clips/bills/common_voice_en_19323610.opus,bills
./data/macroset/en/clips/proximity/common_voice_en_60350.opus,proximity
./data/macroset/en/clips/proximity/common_voice_en_571009.opus,proximity
./data/macroset/en/clips/proximity/common_voice_en_22151012.opus,proximity
./data/macroset/en/clips/proximity/common_voice_en_580024.opus,proximity
./data/macroset/en/clips/proximity/common_voice_en_626832.opus,proximity
./data/macroset/en/clips/adulthood/common_voice_en_19845213.opus,adulthood
./data/macroset/en/clips/adulthood/common_voice_en_20309185.opus,adulthood
./data/macroset/en/clips/adulthood/common_voice_en_19050364.opus,adulthood
./data/macroset/en/clips/adulthood/common_voice_en_21721582.opus,adulthood
./data/macroset/en/clips/adulthood/common_voice_en_22052334.opus,adulthood
./data/macroset/en/clips/robins/common_voice_en_20437424.opus,robins
./data/macroset/en/clips/robins/common_voice_en_33560.opus,robins
./data/macroset/en/clips/robins/common_voice_en_629181.opus,robins
./data/macroset/en/clips/robins/common_voice_en_15734907.opus,robins
./data/macroset/en/clips/robins/common_voice_en_21307644.opus,robins
./data/macroset/en/clips/dentist/common_voice_en_17450522.opus,dentist
./data/macroset/en/clips/dentist/common_voice_en_17259922.opus,dentist
./data/macroset/en/clips/dentist/common_voice_en_17272115.opus,dentist
./data/macroset/en/clips/dentist/common_voice_en_689123.opus,dentist
./data/macroset/en/clips/dentist/common_voice_en_591201.opus,dentist
./data/macroset/en/clips/stout/common_voice_en_18308168.opus,stout
./data/macroset/en/clips/stout/common_voice_en_18356159.opus,stout
./data/macroset/en/clips/stout/common_voice_en_18601013.opus,stout
./data/macroset/en/clips/stout/common_voice_en_19325071.opus,stout
./data/macroset/en/clips/stout/common_voice_en_18510602.opus,stout
./data/macroset/en/clips/predicted/common_voice_en_572974.opus,predicted
./data/macroset/en/clips/predicted/common_voice_en_21705258.opus,predicted
./data/macroset/en/clips/predicted/common_voice_en_18722045.opus,predicted
./data/macroset/en/clips/predicted/common_voice_en_19010906.opus,predicted
./data/macroset/en/clips/predicted/common_voice_en_418360.opus,predicted
./data/macroset/en/clips/shoulder/common_voice_en_48311.opus,shoulder
./data/macroset/en/clips/shoulder/common_voice_en_18598682.opus,shoulder
./data/macroset/en/clips/shoulder/common_voice_en_666643.opus,shoulder
./data/macroset/en/clips/shoulder/common_voice_en_548212.opus,shoulder
./data/macroset/en/clips/shoulder/common_voice_en_84514.opus,shoulder
./data/macroset/en/clips/maintained/common_voice_en_21484159.opus,maintained
./data/macroset/en/clips/maintained/common_voice_en_81492.opus,maintained
./data/macroset/en/clips/maintained/common_voice_en_19787151.opus,maintained
./data/macroset/en/clips/maintained/common_voice_en_19185221.opus,maintained
./data/macroset/en/clips/maintained/common_voice_en_22025872.opus,maintained
./data/macroset/en/clips/luckily/common_voice_en_555540.opus,luckily
./data/macroset/en/clips/luckily/common_voice_en_17939407.opus,luckily
./data/macroset/en/clips/luckily/common_voice_en_17392316.opus,luckily
./data/macroset/en/clips/luckily/common_voice_en_17883982.opus,luckily
./data/macroset/en/clips/luckily/common_voice_en_42366.opus,luckily
./data/macroset/en/clips/elm/common_voice_en_18683532.opus,elm
./data/macroset/en/clips/elm/common_voice_en_21770902.opus,elm
./data/macroset/en/clips/elm/common_voice_en_21995345.opus,elm
./data/macroset/en/clips/elm/common_voice_en_20474298.opus,elm
./data/macroset/en/clips/elm/common_voice_en_19595199.opus,elm
./data/macroset/en/clips/jerk/common_voice_en_17971265.opus,jerk
./data/macroset/en/clips/jerk/common_voice_en_596577.opus,jerk
./data/macroset/en/clips/jerk/common_voice_en_95066.opus,jerk
./data/macroset/en/clips/jerk/common_voice_en_63357.opus,jerk
./data/macroset/en/clips/jerk/common_voice_en_17262086.opus,jerk
./data/macroset/en/clips/bride/common_voice_en_658.opus,bride
./data/macroset/en/clips/bride/common_voice_en_22444822.opus,bride
./data/macroset/en/clips/bride/common_voice_en_545198.opus,bride
./data/macroset/en/clips/bride/common_voice_en_484936.opus,bride
./data/macroset/en/clips/bride/common_voice_en_19969232.opus,bride
./data/macroset/en/clips/prix/common_voice_en_20990030.opus,prix
./data/macroset/en/clips/prix/common_voice_en_20227576.opus,prix
./data/macroset/en/clips/prix/common_voice_en_19150039.opus,prix
./data/macroset/en/clips/prix/common_voice_en_22202580.opus,prix
./data/macroset/en/clips/prix/common_voice_en_19497602.opus,prix
./data/macroset/en/clips/soaking/common_voice_en_526040.opus,soaking
./data/macroset/en/clips/soaking/common_voice_en_18515632.opus,soaking
./data/macroset/en/clips/soaking/common_voice_en_15903725.opus,soaking
./data/macroset/en/clips/soaking/common_voice_en_8731556.opus,soaking
./data/macroset/en/clips/soaking/common_voice_en_511378.opus,soaking
./data/macroset/en/clips/closest/common_voice_en_19502985.opus,closest
./data/macroset/en/clips/closest/common_voice_en_21951191.opus,closest
./data/macroset/en/clips/closest/common_voice_en_18528168.opus,closest
./data/macroset/en/clips/closest/common_voice_en_679856.opus,closest
./data/macroset/en/clips/closest/common_voice_en_19504741.opus,closest
./data/macroset/en/clips/evenings/common_voice_en_19982807.opus,evenings
./data/macroset/en/clips/evenings/common_voice_en_20823910.opus,evenings
./data/macroset/en/clips/evenings/common_voice_en_21721515.opus,evenings
./data/macroset/en/clips/evenings/common_voice_en_20004726.opus,evenings
./data/macroset/en/clips/evenings/common_voice_en_20251232.opus,evenings
./data/macroset/en/clips/television/common_voice_en_19747943.opus,television
./data/macroset/en/clips/television/common_voice_en_21512590.opus,television
./data/macroset/en/clips/television/common_voice_en_19809563.opus,television
./data/macroset/en/clips/television/common_voice_en_18301205.opus,television
./data/macroset/en/clips/television/common_voice_en_20116094.opus,television
./data/macroset/en/clips/row/common_voice_en_20478562.opus,row
./data/macroset/en/clips/row/common_voice_en_20982698.opus,row
./data/macroset/en/clips/row/common_voice_en_84317.opus,row
./data/macroset/en/clips/row/common_voice_en_21855474.opus,row
./data/macroset/en/clips/row/common_voice_en_18608869.opus,row
./data/macroset/en/clips/vocalist/common_voice_en_20670638.opus,vocalist
./data/macroset/en/clips/vocalist/common_voice_en_20233302.opus,vocalist
./data/macroset/en/clips/vocalist/common_voice_en_22323980.opus,vocalist
./data/macroset/en/clips/vocalist/common_voice_en_18784672.opus,vocalist
./data/macroset/en/clips/vocalist/common_voice_en_21932712.opus,vocalist
./data/macroset/en/clips/staying/common_voice_en_20723608.opus,staying
./data/macroset/en/clips/staying/common_voice_en_18479356.opus,staying
./data/macroset/en/clips/staying/common_voice_en_654092.opus,staying
./data/macroset/en/clips/staying/common_voice_en_17247848.opus,staying
./data/macroset/en/clips/staying/common_voice_en_17288865.opus,staying
./data/macroset/en/clips/bankrupt/common_voice_en_513376.opus,bankrupt
./data/macroset/en/clips/bankrupt/common_voice_en_20256208.opus,bankrupt
./data/macroset/en/clips/bankrupt/common_voice_en_672138.opus,bankrupt
./data/macroset/en/clips/bankrupt/common_voice_en_695224.opus,bankrupt
./data/macroset/en/clips/bankrupt/common_voice_en_19455278.opus,bankrupt
./data/macroset/en/clips/homework/common_voice_en_212679.opus,homework
./data/macroset/en/clips/homework/common_voice_en_20448984.opus,homework
./data/macroset/en/clips/homework/common_voice_en_18645162.opus,homework
./data/macroset/en/clips/homework/common_voice_en_18060336.opus,homework
./data/macroset/en/clips/homework/common_voice_en_689037.opus,homework
./data/macroset/en/clips/forgiven/common_voice_en_648012.opus,forgiven
./data/macroset/en/clips/forgiven/common_voice_en_17524667.opus,forgiven
./data/macroset/en/clips/forgiven/common_voice_en_17875174.opus,forgiven
./data/macroset/en/clips/forgiven/common_voice_en_18065919.opus,forgiven
./data/macroset/en/clips/forgiven/common_voice_en_21645943.opus,forgiven
./data/macroset/en/clips/linda/common_voice_en_21375103.opus,linda
./data/macroset/en/clips/linda/common_voice_en_512141.opus,linda
./data/macroset/en/clips/linda/common_voice_en_21401135.opus,linda
./data/macroset/en/clips/linda/common_voice_en_682111.opus,linda
./data/macroset/en/clips/linda/common_voice_en_17869962.opus,linda
./data/macroset/en/clips/talent/common_voice_en_19709132.opus,talent
./data/macroset/en/clips/talent/common_voice_en_22023546.opus,talent
./data/macroset/en/clips/talent/common_voice_en_21765900.opus,talent
./data/macroset/en/clips/talent/common_voice_en_19710994.opus,talent
./data/macroset/en/clips/talent/common_voice_en_19476685.opus,talent
./data/macroset/en/clips/mentions/common_voice_en_20400276.opus,mentions
./data/macroset/en/clips/mentions/common_voice_en_21160555.opus,mentions
./data/macroset/en/clips/mentions/common_voice_en_19389058.opus,mentions
./data/macroset/en/clips/mentions/common_voice_en_22160207.opus,mentions
./data/macroset/en/clips/mentions/common_voice_en_19324249.opus,mentions
./data/macroset/en/clips/medieval/common_voice_en_18854053.opus,medieval
./data/macroset/en/clips/medieval/common_voice_en_19008049.opus,medieval
./data/macroset/en/clips/medieval/common_voice_en_22440581.opus,medieval
./data/macroset/en/clips/medieval/common_voice_en_19310040.opus,medieval
./data/macroset/en/clips/medieval/common_voice_en_22212973.opus,medieval
./data/macroset/en/clips/novels/common_voice_en_20237170.opus,novels
./data/macroset/en/clips/novels/common_voice_en_18744714.opus,novels
./data/macroset/en/clips/novels/common_voice_en_20859392.opus,novels
./data/macroset/en/clips/novels/common_voice_en_19677906.opus,novels
./data/macroset/en/clips/novels/common_voice_en_20990301.opus,novels
./data/macroset/en/clips/device/common_voice_en_21380552.opus,device
./data/macroset/en/clips/device/common_voice_en_21692262.opus,device
./data/macroset/en/clips/device/common_voice_en_18946138.opus,device
./data/macroset/en/clips/device/common_voice_en_18300372.opus,device
./data/macroset/en/clips/device/common_voice_en_574551.opus,device
./data/macroset/en/clips/hatred/common_voice_en_18156845.opus,hatred
./data/macroset/en/clips/hatred/common_voice_en_17755481.opus,hatred
./data/macroset/en/clips/hatred/common_voice_en_22400453.opus,hatred
./data/macroset/en/clips/hatred/common_voice_en_19531054.opus,hatred
./data/macroset/en/clips/hatred/common_voice_en_18353868.opus,hatred
./data/macroset/en/clips/update/common_voice_en_18096815.opus,update
./data/macroset/en/clips/update/common_voice_en_18931255.opus,update
./data/macroset/en/clips/update/common_voice_en_21958059.opus,update
./data/macroset/en/clips/update/common_voice_en_9347277.opus,update
./data/macroset/en/clips/update/common_voice_en_253794.opus,update
./data/macroset/en/clips/destination/common_voice_en_20704941.opus,destination
./data/macroset/en/clips/destination/common_voice_en_488597.opus,destination
./data/macroset/en/clips/destination/common_voice_en_498616.opus,destination
./data/macroset/en/clips/destination/common_voice_en_19960661.opus,destination
./data/macroset/en/clips/destination/common_voice_en_461792.opus,destination
./data/macroset/en/clips/week/common_voice_en_17888106.opus,week
./data/macroset/en/clips/week/common_voice_en_889.opus,week
./data/macroset/en/clips/week/common_voice_en_20955931.opus,week
./data/macroset/en/clips/week/common_voice_en_700480.opus,week
./data/macroset/en/clips/week/common_voice_en_18415936.opus,week
./data/macroset/en/clips/hoping/common_voice_en_546136.opus,hoping
./data/macroset/en/clips/hoping/common_voice_en_209985.opus,hoping
./data/macroset/en/clips/hoping/common_voice_en_696834.opus,hoping
./data/macroset/en/clips/hoping/common_voice_en_212445.opus,hoping
./data/macroset/en/clips/hoping/common_voice_en_528754.opus,hoping
./data/macroset/en/clips/herd/common_voice_en_20878824.opus,herd
./data/macroset/en/clips/herd/common_voice_en_68890.opus,herd
./data/macroset/en/clips/herd/common_voice_en_22433937.opus,herd
./data/macroset/en/clips/herd/common_voice_en_191383.opus,herd
./data/macroset/en/clips/herd/common_voice_en_206373.opus,herd
./data/macroset/en/clips/threats/common_voice_en_22109236.opus,threats
./data/macroset/en/clips/threats/common_voice_en_21348714.opus,threats
./data/macroset/en/clips/threats/common_voice_en_18897973.opus,threats
./data/macroset/en/clips/threats/common_voice_en_20951303.opus,threats
./data/macroset/en/clips/threats/common_voice_en_20826110.opus,threats
./data/macroset/en/clips/calmly/common_voice_en_17275879.opus,calmly
./data/macroset/en/clips/calmly/common_voice_en_17270625.opus,calmly
./data/macroset/en/clips/calmly/common_voice_en_21595190.opus,calmly
./data/macroset/en/clips/calmly/common_voice_en_18848254.opus,calmly
./data/macroset/en/clips/calmly/common_voice_en_17965865.opus,calmly
./data/macroset/en/clips/merchant/common_voice_en_20176476.opus,merchant
./data/macroset/en/clips/merchant/common_voice_en_549987.opus,merchant
./data/macroset/en/clips/merchant/common_voice_en_136489.opus,merchant
./data/macroset/en/clips/merchant/common_voice_en_597849.opus,merchant
./data/macroset/en/clips/merchant/common_voice_en_535444.opus,merchant
./data/macroset/en/clips/step/common_voice_en_211900.opus,step
./data/macroset/en/clips/step/common_voice_en_566230.opus,step
./data/macroset/en/clips/step/common_voice_en_22051321.opus,step
./data/macroset/en/clips/step/common_voice_en_18142274.opus,step
./data/macroset/en/clips/step/common_voice_en_20559523.opus,step
./data/macroset/en/clips/fibers/common_voice_en_19799798.opus,fibers
./data/macroset/en/clips/fibers/common_voice_en_21352323.opus,fibers
./data/macroset/en/clips/fibers/common_voice_en_20821005.opus,fibers
./data/macroset/en/clips/fibers/common_voice_en_18721970.opus,fibers
./data/macroset/en/clips/fibers/common_voice_en_19538646.opus,fibers
./data/macroset/en/clips/sponsors/common_voice_en_19311567.opus,sponsors
./data/macroset/en/clips/sponsors/common_voice_en_20320400.opus,sponsors
./data/macroset/en/clips/sponsors/common_voice_en_19794774.opus,sponsors
./data/macroset/en/clips/sponsors/common_voice_en_20147314.opus,sponsors
./data/macroset/en/clips/sponsors/common_voice_en_21469299.opus,sponsors
./data/macroset/en/clips/curtains/common_voice_en_18739317.opus,curtains
./data/macroset/en/clips/curtains/common_voice_en_17387926.opus,curtains
./data/macroset/en/clips/curtains/common_voice_en_18095185.opus,curtains
./data/macroset/en/clips/curtains/common_voice_en_58575.opus,curtains
./data/macroset/en/clips/curtains/common_voice_en_17562550.opus,curtains
./data/macroset/en/clips/sandals/common_voice_en_569531.opus,sandals
./data/macroset/en/clips/sandals/common_voice_en_90701.opus,sandals
./data/macroset/en/clips/sandals/common_voice_en_18157213.opus,sandals
./data/macroset/en/clips/sandals/common_voice_en_49525.opus,sandals
./data/macroset/en/clips/sandals/common_voice_en_661964.opus,sandals
./data/macroset/en/clips/hangover/common_voice_en_17558180.opus,hangover
./data/macroset/en/clips/hangover/common_voice_en_651982.opus,hangover
./data/macroset/en/clips/hangover/common_voice_en_17278573.opus,hangover
./data/macroset/en/clips/hangover/common_voice_en_22248433.opus,hangover
./data/macroset/en/clips/hangover/common_voice_en_17269174.opus,hangover
./data/macroset/en/clips/doomed/common_voice_en_17902877.opus,doomed
./data/macroset/en/clips/doomed/common_voice_en_17841357.opus,doomed
./data/macroset/en/clips/doomed/common_voice_en_8127000.opus,doomed
./data/macroset/en/clips/doomed/common_voice_en_17941012.opus,doomed
./data/macroset/en/clips/doomed/common_voice_en_22131819.opus,doomed
./data/macroset/en/clips/quarrelling/common_voice_en_691317.opus,quarrelling
./data/macroset/en/clips/quarrelling/common_voice_en_17840395.opus,quarrelling
./data/macroset/en/clips/quarrelling/common_voice_en_18134374.opus,quarrelling
./data/macroset/en/clips/quarrelling/common_voice_en_4261971.opus,quarrelling
./data/macroset/en/clips/quarrelling/common_voice_en_19955979.opus,quarrelling
./data/macroset/en/clips/permit/common_voice_en_20650614.opus,permit
./data/macroset/en/clips/permit/common_voice_en_19004328.opus,permit
./data/macroset/en/clips/permit/common_voice_en_19861429.opus,permit
./data/macroset/en/clips/permit/common_voice_en_21081742.opus,permit
./data/macroset/en/clips/permit/common_voice_en_21510683.opus,permit
./data/macroset/en/clips/homophobia/common_voice_en_17272064.opus,homophobia
./data/macroset/en/clips/homophobia/common_voice_en_17303281.opus,homophobia
./data/macroset/en/clips/homophobia/common_voice_en_17385797.opus,homophobia
./data/macroset/en/clips/homophobia/common_voice_en_17250623.opus,homophobia
./data/macroset/en/clips/homophobia/common_voice_en_17250105.opus,homophobia
./data/macroset/en/clips/briefing/common_voice_en_345228.opus,briefing
./data/macroset/en/clips/briefing/common_voice_en_58021.opus,briefing
./data/macroset/en/clips/briefing/common_voice_en_21522383.opus,briefing
./data/macroset/en/clips/briefing/common_voice_en_604856.opus,briefing
./data/macroset/en/clips/briefing/common_voice_en_19254310.opus,briefing
./data/macroset/en/clips/analogue/common_voice_en_19502888.opus,analogue
./data/macroset/en/clips/analogue/common_voice_en_20116364.opus,analogue
./data/macroset/en/clips/analogue/common_voice_en_22457862.opus,analogue
./data/macroset/en/clips/analogue/common_voice_en_18988595.opus,analogue
./data/macroset/en/clips/analogue/common_voice_en_18854981.opus,analogue
./data/macroset/en/clips/support/common_voice_en_50742.opus,support
./data/macroset/en/clips/support/common_voice_en_591899.opus,support
./data/macroset/en/clips/support/common_voice_en_19008010.opus,support
./data/macroset/en/clips/support/common_voice_en_19958904.opus,support
./data/macroset/en/clips/support/common_voice_en_19963513.opus,support
./data/macroset/en/clips/jocks/common_voice_en_179625.opus,jocks
./data/macroset/en/clips/jocks/common_voice_en_193337.opus,jocks
./data/macroset/en/clips/jocks/common_voice_en_674774.opus,jocks
./data/macroset/en/clips/jocks/common_voice_en_653656.opus,jocks
./data/macroset/en/clips/jocks/common_voice_en_123301.opus,jocks
./data/macroset/en/clips/subliminal/common_voice_en_470989.opus,subliminal
./data/macroset/en/clips/subliminal/common_voice_en_17268454.opus,subliminal
./data/macroset/en/clips/subliminal/common_voice_en_17393158.opus,subliminal
./data/macroset/en/clips/subliminal/common_voice_en_497009.opus,subliminal
./data/macroset/en/clips/subliminal/common_voice_en_2354367.opus,subliminal
./data/macroset/en/clips/adaptation/common_voice_en_20440498.opus,adaptation
./data/macroset/en/clips/adaptation/common_voice_en_19636198.opus,adaptation
./data/macroset/en/clips/adaptation/common_voice_en_20047452.opus,adaptation
./data/macroset/en/clips/adaptation/common_voice_en_19561920.opus,adaptation
./data/macroset/en/clips/adaptation/common_voice_en_19690107.opus,adaptation
./data/macroset/en/clips/hardship/common_voice_en_131906.opus,hardship
./data/macroset/en/clips/hardship/common_voice_en_20173138.opus,hardship
./data/macroset/en/clips/hardship/common_voice_en_17914489.opus,hardship
./data/macroset/en/clips/hardship/common_voice_en_20928639.opus,hardship
./data/macroset/en/clips/hardship/common_voice_en_20143599.opus,hardship
./data/macroset/en/clips/nail/common_voice_en_18078828.opus,nail
./data/macroset/en/clips/nail/common_voice_en_18317459.opus,nail
./data/macroset/en/clips/nail/common_voice_en_18608564.opus,nail
./data/macroset/en/clips/nail/common_voice_en_18325932.opus,nail
./data/macroset/en/clips/nail/common_voice_en_610088.opus,nail
./data/macroset/en/clips/pierre/common_voice_en_476918.opus,pierre
./data/macroset/en/clips/pierre/common_voice_en_18444138.opus,pierre
./data/macroset/en/clips/pierre/common_voice_en_20579700.opus,pierre
./data/macroset/en/clips/pierre/common_voice_en_19586509.opus,pierre
./data/macroset/en/clips/pierre/common_voice_en_20975698.opus,pierre
./data/macroset/en/clips/arrows/common_voice_en_21175390.opus,arrows
./data/macroset/en/clips/arrows/common_voice_en_20028256.opus,arrows
./data/macroset/en/clips/arrows/common_voice_en_19893061.opus,arrows
./data/macroset/en/clips/arrows/common_voice_en_19782457__2.opus,arrows
./data/macroset/en/clips/arrows/common_voice_en_19669531.opus,arrows
./data/macroset/en/clips/labelled/common_voice_en_19312583.opus,labelled
./data/macroset/en/clips/labelled/common_voice_en_22052438.opus,labelled
./data/macroset/en/clips/labelled/common_voice_en_20346676.opus,labelled
./data/macroset/en/clips/labelled/common_voice_en_21982814.opus,labelled
./data/macroset/en/clips/labelled/common_voice_en_20428055.opus,labelled
./data/macroset/en/clips/crowds/common_voice_en_20900080.opus,crowds
./data/macroset/en/clips/crowds/common_voice_en_20805372.opus,crowds
./data/macroset/en/clips/crowds/common_voice_en_3804.opus,crowds
./data/macroset/en/clips/crowds/common_voice_en_22312617.opus,crowds
./data/macroset/en/clips/crowds/common_voice_en_21518197.opus,crowds
./data/macroset/en/clips/parishes/common_voice_en_20300975.opus,parishes
./data/macroset/en/clips/parishes/common_voice_en_20866773.opus,parishes
./data/macroset/en/clips/parishes/common_voice_en_21293432.opus,parishes
./data/macroset/en/clips/parishes/common_voice_en_19912356.opus,parishes
./data/macroset/en/clips/parishes/common_voice_en_20876519.opus,parishes
./data/macroset/en/clips/how/common_voice_en_644918.opus,how
./data/macroset/en/clips/how/common_voice_en_17381110.opus,how
./data/macroset/en/clips/how/common_voice_en_17272877.opus,how
./data/macroset/en/clips/how/common_voice_en_18658322.opus,how
./data/macroset/en/clips/how/common_voice_en_674512.opus,how
./data/macroset/en/clips/squid/common_voice_en_570213.opus,squid
./data/macroset/en/clips/squid/common_voice_en_625430.opus,squid
./data/macroset/en/clips/squid/common_voice_en_20633273.opus,squid
./data/macroset/en/clips/squid/common_voice_en_19457.opus,squid
./data/macroset/en/clips/squid/common_voice_en_4465764.opus,squid
./data/macroset/en/clips/institutions/common_voice_en_21636783.opus,institutions
./data/macroset/en/clips/institutions/common_voice_en_20251900.opus,institutions
./data/macroset/en/clips/institutions/common_voice_en_20183384.opus,institutions
./data/macroset/en/clips/institutions/common_voice_en_21943728.opus,institutions
./data/macroset/en/clips/institutions/common_voice_en_21765202.opus,institutions
./data/macroset/en/clips/jay/common_voice_en_18939219.opus,jay
./data/macroset/en/clips/jay/common_voice_en_20145420.opus,jay
./data/macroset/en/clips/jay/common_voice_en_22465888.opus,jay
./data/macroset/en/clips/jay/common_voice_en_20530238.opus,jay
./data/macroset/en/clips/jay/common_voice_en_19032285.opus,jay
./data/macroset/en/clips/dolly/common_voice_en_18492807.opus,dolly
./data/macroset/en/clips/dolly/common_voice_en_21717222.opus,dolly
./data/macroset/en/clips/dolly/common_voice_en_699024.opus,dolly
./data/macroset/en/clips/dolly/common_voice_en_18429596.opus,dolly
./data/macroset/en/clips/dolly/common_voice_en_20927381.opus,dolly
./data/macroset/en/clips/nordic/common_voice_en_20321628.opus,nordic
./data/macroset/en/clips/nordic/common_voice_en_19650297.opus,nordic
./data/macroset/en/clips/nordic/common_voice_en_21877830.opus,nordic
./data/macroset/en/clips/nordic/common_voice_en_20966513.opus,nordic
./data/macroset/en/clips/nordic/common_voice_en_20058977.opus,nordic
./data/macroset/en/clips/blown/common_voice_en_19370946.opus,blown
./data/macroset/en/clips/blown/common_voice_en_476460.opus,blown
./data/macroset/en/clips/blown/common_voice_en_239470.opus,blown
./data/macroset/en/clips/blown/common_voice_en_66427.opus,blown
./data/macroset/en/clips/blown/common_voice_en_20360831.opus,blown
./data/macroset/en/clips/strip/common_voice_en_17856978.opus,strip
./data/macroset/en/clips/strip/common_voice_en_18967156.opus,strip
./data/macroset/en/clips/strip/common_voice_en_456014.opus,strip
./data/macroset/en/clips/strip/common_voice_en_18012995.opus,strip
./data/macroset/en/clips/strip/common_voice_en_17844508.opus,strip
./data/macroset/en/clips/forgive/common_voice_en_308727.opus,forgive
./data/macroset/en/clips/forgive/common_voice_en_577286.opus,forgive
./data/macroset/en/clips/forgive/common_voice_en_18315346.opus,forgive
./data/macroset/en/clips/forgive/common_voice_en_18536044.opus,forgive
./data/macroset/en/clips/forgive/common_voice_en_18536040.opus,forgive
./data/macroset/en/clips/julius/common_voice_en_21895320.opus,julius
./data/macroset/en/clips/julius/common_voice_en_22253407.opus,julius
./data/macroset/en/clips/julius/common_voice_en_19528201.opus,julius
./data/macroset/en/clips/julius/common_voice_en_18711994.opus,julius
./data/macroset/en/clips/julius/common_voice_en_19516961.opus,julius
./data/macroset/en/clips/capsules/common_voice_en_631931.opus,capsules
./data/macroset/en/clips/capsules/common_voice_en_584935.opus,capsules
./data/macroset/en/clips/capsules/common_voice_en_625646.opus,capsules
./data/macroset/en/clips/capsules/common_voice_en_178858.opus,capsules
./data/macroset/en/clips/capsules/common_voice_en_674426.opus,capsules
./data/macroset/en/clips/resources/common_voice_en_20004388.opus,resources
./data/macroset/en/clips/resources/common_voice_en_19695296__2.opus,resources
./data/macroset/en/clips/resources/common_voice_en_21725415.opus,resources
./data/macroset/en/clips/resources/common_voice_en_20304878.opus,resources
./data/macroset/en/clips/resources/common_voice_en_613560.opus,resources
./data/macroset/en/clips/examined/common_voice_en_535927.opus,examined
./data/macroset/en/clips/examined/common_voice_en_525664.opus,examined
./data/macroset/en/clips/examined/common_voice_en_20527961.opus,examined
./data/macroset/en/clips/examined/common_voice_en_663645.opus,examined
./data/macroset/en/clips/examined/common_voice_en_46999.opus,examined
./data/macroset/en/clips/climate/common_voice_en_21062785.opus,climate
./data/macroset/en/clips/climate/common_voice_en_19575975.opus,climate
./data/macroset/en/clips/climate/common_voice_en_20150333.opus,climate
./data/macroset/en/clips/climate/common_voice_en_19068059.opus,climate
./data/macroset/en/clips/climate/common_voice_en_20397116.opus,climate
./data/macroset/en/clips/integer/common_voice_en_18982527.opus,integer
./data/macroset/en/clips/integer/common_voice_en_20403639.opus,integer
./data/macroset/en/clips/integer/common_voice_en_21553085.opus,integer
./data/macroset/en/clips/integer/common_voice_en_19635593.opus,integer
./data/macroset/en/clips/integer/common_voice_en_22058527.opus,integer
./data/macroset/en/clips/sanders/common_voice_en_18894117.opus,sanders
./data/macroset/en/clips/sanders/common_voice_en_20877865.opus,sanders
./data/macroset/en/clips/sanders/common_voice_en_20025733.opus,sanders
./data/macroset/en/clips/sanders/common_voice_en_18757960.opus,sanders
./data/macroset/en/clips/sanders/common_voice_en_19846394.opus,sanders
./data/macroset/en/clips/robotics/common_voice_en_21935272.opus,robotics
./data/macroset/en/clips/robotics/common_voice_en_18522738.opus,robotics
./data/macroset/en/clips/robotics/common_voice_en_20731225.opus,robotics
./data/macroset/en/clips/robotics/common_voice_en_18494090.opus,robotics
./data/macroset/en/clips/robotics/common_voice_en_19975130.opus,robotics
./data/macroset/en/clips/coastline/common_voice_en_21091864.opus,coastline
./data/macroset/en/clips/coastline/common_voice_en_20144736.opus,coastline
./data/macroset/en/clips/coastline/common_voice_en_21564437.opus,coastline
./data/macroset/en/clips/coastline/common_voice_en_21753489.opus,coastline
./data/macroset/en/clips/coastline/common_voice_en_18974878.opus,coastline
./data/macroset/en/clips/machinery/common_voice_en_19608511.opus,machinery
./data/macroset/en/clips/machinery/common_voice_en_21107072.opus,machinery
./data/macroset/en/clips/machinery/common_voice_en_20106616.opus,machinery
./data/macroset/en/clips/machinery/common_voice_en_18946803.opus,machinery
./data/macroset/en/clips/machinery/common_voice_en_89640.opus,machinery
./data/macroset/en/clips/studied/common_voice_en_19689804.opus,studied
./data/macroset/en/clips/studied/common_voice_en_24291.opus,studied
./data/macroset/en/clips/studied/common_voice_en_20190337.opus,studied
./data/macroset/en/clips/studied/common_voice_en_19514085.opus,studied
./data/macroset/en/clips/studied/common_voice_en_21858370.opus,studied
./data/macroset/en/clips/artistic/common_voice_en_19311261.opus,artistic
./data/macroset/en/clips/artistic/common_voice_en_19684441.opus,artistic
./data/macroset/en/clips/artistic/common_voice_en_21645823.opus,artistic
./data/macroset/en/clips/artistic/common_voice_en_19944652.opus,artistic
./data/macroset/en/clips/artistic/common_voice_en_19547444.opus,artistic
./data/macroset/en/clips/creative/common_voice_en_189063.opus,creative
./data/macroset/en/clips/creative/common_voice_en_481910.opus,creative
./data/macroset/en/clips/creative/common_voice_en_20715429.opus,creative
./data/macroset/en/clips/creative/common_voice_en_18128627.opus,creative
./data/macroset/en/clips/creative/common_voice_en_377977.opus,creative
./data/macroset/en/clips/labeled/common_voice_en_21093732.opus,labeled
./data/macroset/en/clips/labeled/common_voice_en_20433678.opus,labeled
./data/macroset/en/clips/labeled/common_voice_en_20292074.opus,labeled
./data/macroset/en/clips/labeled/common_voice_en_20519588.opus,labeled
./data/macroset/en/clips/labeled/common_voice_en_22155128.opus,labeled
./data/macroset/en/clips/mysterious/common_voice_en_20183761.opus,mysterious
./data/macroset/en/clips/mysterious/common_voice_en_19708742.opus,mysterious
./data/macroset/en/clips/mysterious/common_voice_en_18319717.opus,mysterious
./data/macroset/en/clips/mysterious/common_voice_en_20637083.opus,mysterious
./data/macroset/en/clips/mysterious/common_voice_en_19561247.opus,mysterious
./data/macroset/en/clips/lucy/common_voice_en_17538311.opus,lucy
./data/macroset/en/clips/lucy/common_voice_en_17489475.opus,lucy
./data/macroset/en/clips/lucy/common_voice_en_18985410.opus,lucy
./data/macroset/en/clips/lucy/common_voice_en_74795.opus,lucy
./data/macroset/en/clips/lucy/common_voice_en_18901850.opus,lucy
./data/macroset/en/clips/myths/common_voice_en_18503841.opus,myths
./data/macroset/en/clips/myths/common_voice_en_22430913.opus,myths
./data/macroset/en/clips/myths/common_voice_en_20877796.opus,myths
./data/macroset/en/clips/myths/common_voice_en_20093312.opus,myths
./data/macroset/en/clips/myths/common_voice_en_19772689.opus,myths
./data/macroset/en/clips/novel/common_voice_en_598161.opus,novel
./data/macroset/en/clips/novel/common_voice_en_17978763.opus,novel
./data/macroset/en/clips/novel/common_voice_en_501854.opus,novel
./data/macroset/en/clips/novel/common_voice_en_20693082.opus,novel
./data/macroset/en/clips/novel/common_voice_en_18729616.opus,novel
./data/macroset/en/clips/blond/common_voice_en_217734__2.opus,blond
./data/macroset/en/clips/blond/common_voice_en_662943.opus,blond
./data/macroset/en/clips/blond/common_voice_en_196168.opus,blond
./data/macroset/en/clips/blond/common_voice_en_582733.opus,blond
./data/macroset/en/clips/blond/common_voice_en_62610.opus,blond
./data/macroset/en/clips/terribly/common_voice_en_605255.opus,terribly
./data/macroset/en/clips/terribly/common_voice_en_17825360.opus,terribly
./data/macroset/en/clips/terribly/common_voice_en_17356904.opus,terribly
./data/macroset/en/clips/terribly/common_voice_en_526165.opus,terribly
./data/macroset/en/clips/terribly/common_voice_en_195086.opus,terribly
./data/macroset/en/clips/flattened/common_voice_en_14601.opus,flattened
./data/macroset/en/clips/flattened/common_voice_en_678174.opus,flattened
./data/macroset/en/clips/flattened/common_voice_en_32661.opus,flattened
./data/macroset/en/clips/flattened/common_voice_en_196940.opus,flattened
./data/macroset/en/clips/flattened/common_voice_en_19453657.opus,flattened
./data/macroset/en/clips/arrears/common_voice_en_522741.opus,arrears
./data/macroset/en/clips/arrears/common_voice_en_71082.opus,arrears
./data/macroset/en/clips/arrears/common_voice_en_428178.opus,arrears
./data/macroset/en/clips/arrears/common_voice_en_20266386.opus,arrears
./data/macroset/en/clips/arrears/common_voice_en_690684.opus,arrears
./data/macroset/en/clips/lining/common_voice_en_494371.opus,lining
./data/macroset/en/clips/lining/common_voice_en_20288855.opus,lining
./data/macroset/en/clips/lining/common_voice_en_3988272.opus,lining
./data/macroset/en/clips/lining/common_voice_en_18801849.opus,lining
./data/macroset/en/clips/lining/common_voice_en_18435102.opus,lining
./data/macroset/en/clips/interior/common_voice_en_21777464.opus,interior
./data/macroset/en/clips/interior/common_voice_en_19959437.opus,interior
./data/macroset/en/clips/interior/common_voice_en_19513973.opus,interior
./data/macroset/en/clips/interior/common_voice_en_20992439.opus,interior
./data/macroset/en/clips/interior/common_voice_en_19865527.opus,interior
./data/macroset/en/clips/proper/common_voice_en_18999412.opus,proper
./data/macroset/en/clips/proper/common_voice_en_20310109.opus,proper
./data/macroset/en/clips/proper/common_voice_en_20359055.opus,proper
./data/macroset/en/clips/proper/common_voice_en_19453957.opus,proper
./data/macroset/en/clips/proper/common_voice_en_19570671.opus,proper
./data/macroset/en/clips/weekends/common_voice_en_29337.opus,weekends
./data/macroset/en/clips/weekends/common_voice_en_575506.opus,weekends
./data/macroset/en/clips/weekends/common_voice_en_647385.opus,weekends
./data/macroset/en/clips/weekends/common_voice_en_19557147.opus,weekends
./data/macroset/en/clips/weekends/common_voice_en_210540.opus,weekends
./data/macroset/en/clips/accomplice/common_voice_en_18165257.opus,accomplice
./data/macroset/en/clips/accomplice/common_voice_en_18645871.opus,accomplice
./data/macroset/en/clips/accomplice/common_voice_en_337437.opus,accomplice
./data/macroset/en/clips/accomplice/common_voice_en_18649449.opus,accomplice
./data/macroset/en/clips/accomplice/common_voice_en_18023385.opus,accomplice
./data/macroset/en/clips/shark/common_voice_en_557612.opus,shark
./data/macroset/en/clips/shark/common_voice_en_20030889.opus,shark
./data/macroset/en/clips/shark/common_voice_en_19797294.opus,shark
./data/macroset/en/clips/shark/common_voice_en_577419.opus,shark
./data/macroset/en/clips/shark/common_voice_en_18661944.opus,shark
./data/macroset/en/clips/clearer/common_voice_en_20883327.opus,clearer
./data/macroset/en/clips/clearer/common_voice_en_18507391.opus,clearer
./data/macroset/en/clips/clearer/common_voice_en_20876438.opus,clearer
./data/macroset/en/clips/clearer/common_voice_en_19651459.opus,clearer
./data/macroset/en/clips/clearer/common_voice_en_18545655.opus,clearer
./data/macroset/en/clips/powerful/common_voice_en_17541834.opus,powerful
./data/macroset/en/clips/powerful/common_voice_en_26175.opus,powerful
./data/macroset/en/clips/powerful/common_voice_en_19549446.opus,powerful
./data/macroset/en/clips/powerful/common_voice_en_9873.opus,powerful
./data/macroset/en/clips/powerful/common_voice_en_666368.opus,powerful
./data/macroset/en/clips/quartz/common_voice_en_18028946.opus,quartz
./data/macroset/en/clips/quartz/common_voice_en_21447844.opus,quartz
./data/macroset/en/clips/quartz/common_voice_en_21263999.opus,quartz
./data/macroset/en/clips/quartz/common_voice_en_560089.opus,quartz
./data/macroset/en/clips/quartz/common_voice_en_18165323.opus,quartz
./data/macroset/en/clips/excerpt/common_voice_en_42370.opus,excerpt
./data/macroset/en/clips/excerpt/common_voice_en_674219.opus,excerpt
./data/macroset/en/clips/excerpt/common_voice_en_674550.opus,excerpt
./data/macroset/en/clips/excerpt/common_voice_en_689758.opus,excerpt
./data/macroset/en/clips/excerpt/common_voice_en_83229.opus,excerpt
./data/macroset/en/clips/plaza/common_voice_en_518072.opus,plaza
./data/macroset/en/clips/plaza/common_voice_en_681199.opus,plaza
./data/macroset/en/clips/plaza/common_voice_en_57428.opus,plaza
./data/macroset/en/clips/plaza/common_voice_en_96377.opus,plaza
./data/macroset/en/clips/plaza/common_voice_en_491624.opus,plaza
./data/macroset/en/clips/cartridge/common_voice_en_18536908.opus,cartridge
./data/macroset/en/clips/cartridge/common_voice_en_21255212__2.opus,cartridge
./data/macroset/en/clips/cartridge/common_voice_en_20791406.opus,cartridge
./data/macroset/en/clips/cartridge/common_voice_en_21255212.opus,cartridge
./data/macroset/en/clips/cartridge/common_voice_en_21794398.opus,cartridge
./data/macroset/en/clips/sheffield/common_voice_en_20583221.opus,sheffield
./data/macroset/en/clips/sheffield/common_voice_en_19678055.opus,sheffield
./data/macroset/en/clips/sheffield/common_voice_en_21368372.opus,sheffield
./data/macroset/en/clips/sheffield/common_voice_en_20382304.opus,sheffield
./data/macroset/en/clips/sheffield/common_voice_en_20226826.opus,sheffield
./data/macroset/en/clips/belts/common_voice_en_567655.opus,belts
./data/macroset/en/clips/belts/common_voice_en_21605983.opus,belts
./data/macroset/en/clips/belts/common_voice_en_20900468.opus,belts
./data/macroset/en/clips/belts/common_voice_en_19980789.opus,belts
./data/macroset/en/clips/belts/common_voice_en_22350327.opus,belts
./data/macroset/en/clips/really/common_voice_en_17412347.opus,really
./data/macroset/en/clips/really/common_voice_en_680461.opus,really
./data/macroset/en/clips/really/common_voice_en_531178.opus,really
./data/macroset/en/clips/really/common_voice_en_626208.opus,really
./data/macroset/en/clips/really/common_voice_en_17910632.opus,really
./data/macroset/en/clips/engaged/common_voice_en_18411277.opus,engaged
./data/macroset/en/clips/engaged/common_voice_en_20343189.opus,engaged
./data/macroset/en/clips/engaged/common_voice_en_21378699.opus,engaged
./data/macroset/en/clips/engaged/common_voice_en_19855185.opus,engaged
./data/macroset/en/clips/engaged/common_voice_en_19430244.opus,engaged
./data/macroset/en/clips/custard/common_voice_en_17261992.opus,custard
./data/macroset/en/clips/custard/common_voice_en_17617456.opus,custard
./data/macroset/en/clips/custard/common_voice_en_17257187.opus,custard
./data/macroset/en/clips/custard/common_voice_en_96985.opus,custard
./data/macroset/en/clips/custard/common_voice_en_17428695.opus,custard
./data/macroset/en/clips/encyclopedia/common_voice_en_16665887.opus,encyclopedia
./data/macroset/en/clips/encyclopedia/common_voice_en_66210.opus,encyclopedia
./data/macroset/en/clips/encyclopedia/common_voice_en_17787343.opus,encyclopedia
./data/macroset/en/clips/encyclopedia/common_voice_en_20835171.opus,encyclopedia
./data/macroset/en/clips/encyclopedia/common_voice_en_216585.opus,encyclopedia
./data/macroset/en/clips/terrorist/common_voice_en_19977429.opus,terrorist
./data/macroset/en/clips/terrorist/common_voice_en_22069523.opus,terrorist
./data/macroset/en/clips/terrorist/common_voice_en_544672.opus,terrorist
./data/macroset/en/clips/terrorist/common_voice_en_7795.opus,terrorist
./data/macroset/en/clips/terrorist/common_voice_en_43990.opus,terrorist
./data/macroset/en/clips/granddaughter/common_voice_en_19686239.opus,granddaughter
./data/macroset/en/clips/granddaughter/common_voice_en_20026284.opus,granddaughter
./data/macroset/en/clips/granddaughter/common_voice_en_19389118.opus,granddaughter
./data/macroset/en/clips/granddaughter/common_voice_en_19215067.opus,granddaughter
./data/macroset/en/clips/granddaughter/common_voice_en_21777459.opus,granddaughter
./data/macroset/en/clips/directly/common_voice_en_506193.opus,directly
./data/macroset/en/clips/directly/common_voice_en_20314256.opus,directly
./data/macroset/en/clips/directly/common_voice_en_22372108.opus,directly
./data/macroset/en/clips/directly/common_voice_en_20243456.opus,directly
./data/macroset/en/clips/directly/common_voice_en_20110220.opus,directly
./data/macroset/en/clips/naming/common_voice_en_20895480.opus,naming
./data/macroset/en/clips/naming/common_voice_en_21207089.opus,naming
./data/macroset/en/clips/naming/common_voice_en_18507199.opus,naming
./data/macroset/en/clips/naming/common_voice_en_19638146.opus,naming
./data/macroset/en/clips/naming/common_voice_en_561472.opus,naming
./data/macroset/en/clips/led/common_voice_en_18739454.opus,led
./data/macroset/en/clips/led/common_voice_en_19652623.opus,led
./data/macroset/en/clips/led/common_voice_en_19706161.opus,led
./data/macroset/en/clips/led/common_voice_en_20221060__2.opus,led
./data/macroset/en/clips/led/common_voice_en_19157148.opus,led
./data/macroset/en/clips/detritus/common_voice_en_848276.opus,detritus
./data/macroset/en/clips/detritus/common_voice_en_682138.opus,detritus
./data/macroset/en/clips/detritus/common_voice_en_511615.opus,detritus
./data/macroset/en/clips/detritus/common_voice_en_81604.opus,detritus
./data/macroset/en/clips/detritus/common_voice_en_537652.opus,detritus
./data/macroset/en/clips/tag/common_voice_en_22181176.opus,tag
./data/macroset/en/clips/tag/common_voice_en_20184154.opus,tag
./data/macroset/en/clips/tag/common_voice_en_1895556.opus,tag
./data/macroset/en/clips/tag/common_voice_en_570987.opus,tag
./data/macroset/en/clips/tag/common_voice_en_592669.opus,tag
./data/macroset/en/clips/intrinsic/common_voice_en_18052082.opus,intrinsic
./data/macroset/en/clips/intrinsic/common_voice_en_18999379.opus,intrinsic
./data/macroset/en/clips/intrinsic/common_voice_en_73764.opus,intrinsic
./data/macroset/en/clips/intrinsic/common_voice_en_20329423.opus,intrinsic
./data/macroset/en/clips/intrinsic/common_voice_en_19726443.opus,intrinsic
./data/macroset/en/clips/medal/common_voice_en_22452176.opus,medal
./data/macroset/en/clips/medal/common_voice_en_19268238__2.opus,medal
./data/macroset/en/clips/medal/common_voice_en_652087.opus,medal
./data/macroset/en/clips/medal/common_voice_en_18826520.opus,medal
./data/macroset/en/clips/medal/common_voice_en_19007983.opus,medal
./data/macroset/en/clips/openstreetmap/common_voice_en_17247295.opus,openstreetmap
./data/macroset/en/clips/openstreetmap/common_voice_en_18124102.opus,openstreetmap
./data/macroset/en/clips/openstreetmap/common_voice_en_682259.opus,openstreetmap
./data/macroset/en/clips/openstreetmap/common_voice_en_5429657.opus,openstreetmap
./data/macroset/en/clips/openstreetmap/common_voice_en_652019.opus,openstreetmap
./data/macroset/en/clips/pragmatic/common_voice_en_21359215.opus,pragmatic
./data/macroset/en/clips/pragmatic/common_voice_en_17290445.opus,pragmatic
./data/macroset/en/clips/pragmatic/common_voice_en_17292170.opus,pragmatic
./data/macroset/en/clips/pragmatic/common_voice_en_17356271.opus,pragmatic
./data/macroset/en/clips/pragmatic/common_voice_en_17293186.opus,pragmatic
./data/macroset/en/clips/walkway/common_voice_en_558836.opus,walkway
./data/macroset/en/clips/walkway/common_voice_en_20850147.opus,walkway
./data/macroset/en/clips/walkway/common_voice_en_537884.opus,walkway
./data/macroset/en/clips/walkway/common_voice_en_19596019.opus,walkway
./data/macroset/en/clips/walkway/common_voice_en_33618.opus,walkway
./data/macroset/en/clips/snowed/common_voice_en_18115019.opus,snowed
./data/macroset/en/clips/snowed/common_voice_en_18548858.opus,snowed
./data/macroset/en/clips/snowed/common_voice_en_17248904.opus,snowed
./data/macroset/en/clips/snowed/common_voice_en_17287226.opus,snowed
./data/macroset/en/clips/snowed/common_voice_en_15735322.opus,snowed
./data/macroset/en/clips/crossings/common_voice_en_18829114.opus,crossings
./data/macroset/en/clips/crossings/common_voice_en_19246347.opus,crossings
./data/macroset/en/clips/crossings/common_voice_en_20013509__2.opus,crossings
./data/macroset/en/clips/crossings/common_voice_en_20998706.opus,crossings
./data/macroset/en/clips/crossings/common_voice_en_21949375.opus,crossings
./data/macroset/en/clips/glove/common_voice_en_537897.opus,glove
./data/macroset/en/clips/glove/common_voice_en_18511327.opus,glove
./data/macroset/en/clips/glove/common_voice_en_18665064.opus,glove
./data/macroset/en/clips/glove/common_voice_en_528803.opus,glove
./data/macroset/en/clips/glove/common_voice_en_679453.opus,glove
./data/macroset/en/clips/aperture/common_voice_en_20291614.opus,aperture
./data/macroset/en/clips/aperture/common_voice_en_71097.opus,aperture
./data/macroset/en/clips/aperture/common_voice_en_22059754.opus,aperture
./data/macroset/en/clips/aperture/common_voice_en_559417.opus,aperture
./data/macroset/en/clips/aperture/common_voice_en_177269.opus,aperture
./data/macroset/en/clips/lieutenant/common_voice_en_19087585.opus,lieutenant
./data/macroset/en/clips/lieutenant/common_voice_en_22017461.opus,lieutenant
./data/macroset/en/clips/lieutenant/common_voice_en_19619128.opus,lieutenant
./data/macroset/en/clips/lieutenant/common_voice_en_22083174.opus,lieutenant
./data/macroset/en/clips/lieutenant/common_voice_en_20581405.opus,lieutenant
./data/macroset/en/clips/uniformly/common_voice_en_34480.opus,uniformly
./data/macroset/en/clips/uniformly/common_voice_en_697472.opus,uniformly
./data/macroset/en/clips/uniformly/common_voice_en_19367884.opus,uniformly
./data/macroset/en/clips/uniformly/common_voice_en_575823.opus,uniformly
./data/macroset/en/clips/uniformly/common_voice_en_9347726.opus,uniformly
./data/macroset/en/clips/building/common_voice_en_20498676.opus,building
./data/macroset/en/clips/building/common_voice_en_116650.opus,building
./data/macroset/en/clips/building/common_voice_en_19263234.opus,building
./data/macroset/en/clips/building/common_voice_en_21351186.opus,building
./data/macroset/en/clips/building/common_voice_en_22127698.opus,building
./data/macroset/en/clips/from/common_voice_en_490427.opus,from
./data/macroset/en/clips/from/common_voice_en_18143197.opus,from
./data/macroset/en/clips/from/common_voice_en_19392649.opus,from
./data/macroset/en/clips/from/common_voice_en_19510713.opus,from
./data/macroset/en/clips/from/common_voice_en_22167902.opus,from
./data/macroset/en/clips/sublime/common_voice_en_21530612.opus,sublime
./data/macroset/en/clips/sublime/common_voice_en_650401.opus,sublime
./data/macroset/en/clips/sublime/common_voice_en_18155265.opus,sublime
./data/macroset/en/clips/sublime/common_voice_en_19628457.opus,sublime
./data/macroset/en/clips/sublime/common_voice_en_684019.opus,sublime
./data/macroset/en/clips/occupying/common_voice_en_92266.opus,occupying
./data/macroset/en/clips/occupying/common_voice_en_21176334.opus,occupying
./data/macroset/en/clips/occupying/common_voice_en_19001348.opus,occupying
./data/macroset/en/clips/occupying/common_voice_en_22435854.opus,occupying
./data/macroset/en/clips/occupying/common_voice_en_514981.opus,occupying
./data/macroset/en/clips/verse/common_voice_en_20860621.opus,verse
./data/macroset/en/clips/verse/common_voice_en_21309839.opus,verse
./data/macroset/en/clips/verse/common_voice_en_18935117.opus,verse
./data/macroset/en/clips/verse/common_voice_en_22091315.opus,verse
./data/macroset/en/clips/verse/common_voice_en_19973251.opus,verse
./data/macroset/en/clips/microwave/common_voice_en_19757903.opus,microwave
./data/macroset/en/clips/microwave/common_voice_en_18768325.opus,microwave
./data/macroset/en/clips/microwave/common_voice_en_1857938.opus,microwave
./data/macroset/en/clips/microwave/common_voice_en_23790.opus,microwave
./data/macroset/en/clips/microwave/common_voice_en_33537.opus,microwave
./data/macroset/en/clips/dictionaries/common_voice_en_17957495.opus,dictionaries
./data/macroset/en/clips/dictionaries/common_voice_en_20045934.opus,dictionaries
./data/macroset/en/clips/dictionaries/common_voice_en_22274661.opus,dictionaries
./data/macroset/en/clips/dictionaries/common_voice_en_18010955.opus,dictionaries
./data/macroset/en/clips/dictionaries/common_voice_en_17862420.opus,dictionaries
./data/macroset/en/clips/considerably/common_voice_en_21958358.opus,considerably
./data/macroset/en/clips/considerably/common_voice_en_21312361.opus,considerably
./data/macroset/en/clips/considerably/common_voice_en_20442007.opus,considerably
./data/macroset/en/clips/considerably/common_voice_en_22201701.opus,considerably
./data/macroset/en/clips/considerably/common_voice_en_20346822.opus,considerably
./data/macroset/en/clips/cobalt/common_voice_en_18915297.opus,cobalt
./data/macroset/en/clips/cobalt/common_voice_en_20851605.opus,cobalt
./data/macroset/en/clips/cobalt/common_voice_en_537067.opus,cobalt
./data/macroset/en/clips/cobalt/common_voice_en_18115098.opus,cobalt
./data/macroset/en/clips/cobalt/common_voice_en_20822947.opus,cobalt
./data/macroset/en/clips/blues/common_voice_en_21645903.opus,blues
./data/macroset/en/clips/blues/common_voice_en_20182913.opus,blues
./data/macroset/en/clips/blues/common_voice_en_18673551.opus,blues
./data/macroset/en/clips/blues/common_voice_en_19731960.opus,blues
./data/macroset/en/clips/blues/common_voice_en_559455.opus,blues
./data/macroset/en/clips/lost/common_voice_en_481337.opus,lost
./data/macroset/en/clips/lost/common_voice_en_46192.opus,lost
./data/macroset/en/clips/lost/common_voice_en_20744580.opus,lost
./data/macroset/en/clips/lost/common_voice_en_20271045.opus,lost
./data/macroset/en/clips/lost/common_voice_en_21916305.opus,lost
./data/macroset/en/clips/loses/common_voice_en_19761157.opus,loses
./data/macroset/en/clips/loses/common_voice_en_21382081.opus,loses
./data/macroset/en/clips/loses/common_voice_en_19874065.opus,loses
./data/macroset/en/clips/loses/common_voice_en_21328925.opus,loses
./data/macroset/en/clips/loses/common_voice_en_21368459.opus,loses
./data/macroset/en/clips/byte/common_voice_en_419380.opus,byte
./data/macroset/en/clips/byte/common_voice_en_18429954.opus,byte
./data/macroset/en/clips/byte/common_voice_en_18151621.opus,byte
./data/macroset/en/clips/byte/common_voice_en_544964.opus,byte
./data/macroset/en/clips/byte/common_voice_en_559467.opus,byte
./data/macroset/en/clips/northeastern/common_voice_en_22164752.opus,northeastern
./data/macroset/en/clips/northeastern/common_voice_en_20497415.opus,northeastern
./data/macroset/en/clips/northeastern/common_voice_en_20257405.opus,northeastern
./data/macroset/en/clips/northeastern/common_voice_en_19687754.opus,northeastern
./data/macroset/en/clips/northeastern/common_voice_en_21759695.opus,northeastern
./data/macroset/en/clips/orchid/common_voice_en_22046144.opus,orchid
./data/macroset/en/clips/orchid/common_voice_en_22299485.opus,orchid
./data/macroset/en/clips/orchid/common_voice_en_239465.opus,orchid
./data/macroset/en/clips/orchid/common_voice_en_518107.opus,orchid
./data/macroset/en/clips/orchid/common_voice_en_17843285.opus,orchid
./data/macroset/en/clips/unification/common_voice_en_20581942.opus,unification
./data/macroset/en/clips/unification/common_voice_en_20274804.opus,unification
./data/macroset/en/clips/unification/common_voice_en_21052403.opus,unification
./data/macroset/en/clips/unification/common_voice_en_19267866.opus,unification
./data/macroset/en/clips/unification/common_voice_en_21024743.opus,unification
./data/macroset/en/clips/hangs/common_voice_en_21770913.opus,hangs
./data/macroset/en/clips/hangs/common_voice_en_19777083.opus,hangs
./data/macroset/en/clips/hangs/common_voice_en_21713731.opus,hangs
./data/macroset/en/clips/hangs/common_voice_en_22205427.opus,hangs
./data/macroset/en/clips/hangs/common_voice_en_558815.opus,hangs
./data/macroset/en/clips/praised/common_voice_en_20670656.opus,praised
./data/macroset/en/clips/praised/common_voice_en_20449054.opus,praised
./data/macroset/en/clips/praised/common_voice_en_20523306.opus,praised
./data/macroset/en/clips/praised/common_voice_en_20346158.opus,praised
./data/macroset/en/clips/praised/common_voice_en_22347298.opus,praised
./data/macroset/en/clips/peers/common_voice_en_20001935.opus,peers
./data/macroset/en/clips/peers/common_voice_en_21934610.opus,peers
./data/macroset/en/clips/peers/common_voice_en_20039616.opus,peers
./data/macroset/en/clips/peers/common_voice_en_19532335.opus,peers
./data/macroset/en/clips/peers/common_voice_en_20414250.opus,peers
./data/macroset/en/clips/toledo/common_voice_en_21786629.opus,toledo
./data/macroset/en/clips/toledo/common_voice_en_20159938.opus,toledo
./data/macroset/en/clips/toledo/common_voice_en_20658987.opus,toledo
./data/macroset/en/clips/toledo/common_voice_en_18793587.opus,toledo
./data/macroset/en/clips/toledo/common_voice_en_22162931.opus,toledo
./data/macroset/en/clips/horace/common_voice_en_20052394.opus,horace
./data/macroset/en/clips/horace/common_voice_en_21980980.opus,horace
./data/macroset/en/clips/horace/common_voice_en_20975530.opus,horace
./data/macroset/en/clips/horace/common_voice_en_19945874.opus,horace
./data/macroset/en/clips/horace/common_voice_en_21024331.opus,horace
./data/macroset/en/clips/electronic/common_voice_en_19864894.opus,electronic
./data/macroset/en/clips/electronic/common_voice_en_20575241.opus,electronic
./data/macroset/en/clips/electronic/common_voice_en_22448739.opus,electronic
./data/macroset/en/clips/electronic/common_voice_en_199187.opus,electronic
./data/macroset/en/clips/electronic/common_voice_en_19750018.opus,electronic
./data/macroset/en/clips/famous/common_voice_en_19507684.opus,famous
./data/macroset/en/clips/famous/common_voice_en_19546288.opus,famous
./data/macroset/en/clips/famous/common_voice_en_19703811.opus,famous
./data/macroset/en/clips/famous/common_voice_en_22058329.opus,famous
./data/macroset/en/clips/famous/common_voice_en_529634.opus,famous
./data/macroset/en/clips/branches/common_voice_en_20673566.opus,branches
./data/macroset/en/clips/branches/common_voice_en_20919892.opus,branches
./data/macroset/en/clips/branches/common_voice_en_17827713.opus,branches
./data/macroset/en/clips/branches/common_voice_en_18987374.opus,branches
./data/macroset/en/clips/branches/common_voice_en_21572784.opus,branches
./data/macroset/en/clips/relax/common_voice_en_210996.opus,relax
./data/macroset/en/clips/relax/common_voice_en_695080.opus,relax
./data/macroset/en/clips/relax/common_voice_en_18335649.opus,relax
./data/macroset/en/clips/relax/common_voice_en_18171047.opus,relax
./data/macroset/en/clips/relax/common_voice_en_18129418.opus,relax
./data/macroset/en/clips/python/common_voice_en_21594230.opus,python
./data/macroset/en/clips/python/common_voice_en_631212.opus,python
./data/macroset/en/clips/python/common_voice_en_19703810.opus,python
./data/macroset/en/clips/python/common_voice_en_18897932.opus,python
./data/macroset/en/clips/python/common_voice_en_185556.opus,python
./data/macroset/en/clips/publication/common_voice_en_632718.opus,publication
./data/macroset/en/clips/publication/common_voice_en_21819441.opus,publication
./data/macroset/en/clips/publication/common_voice_en_19638908.opus,publication
./data/macroset/en/clips/publication/common_voice_en_19396408.opus,publication
./data/macroset/en/clips/publication/common_voice_en_20575037.opus,publication
./data/macroset/en/clips/managers/common_voice_en_21114479.opus,managers
./data/macroset/en/clips/managers/common_voice_en_19579322.opus,managers
./data/macroset/en/clips/managers/common_voice_en_19201241.opus,managers
./data/macroset/en/clips/managers/common_voice_en_19965910.opus,managers
./data/macroset/en/clips/managers/common_voice_en_19002938.opus,managers
./data/macroset/en/clips/cocaine/common_voice_en_8878437.opus,cocaine
./data/macroset/en/clips/cocaine/common_voice_en_316910.opus,cocaine
./data/macroset/en/clips/cocaine/common_voice_en_20696190.opus,cocaine
./data/macroset/en/clips/cocaine/common_voice_en_18009268.opus,cocaine
./data/macroset/en/clips/cocaine/common_voice_en_20112747.opus,cocaine
./data/macroset/en/clips/jesse/common_voice_en_19705760.opus,jesse
./data/macroset/en/clips/jesse/common_voice_en_20728189.opus,jesse
./data/macroset/en/clips/jesse/common_voice_en_19312750.opus,jesse
./data/macroset/en/clips/jesse/common_voice_en_20397562.opus,jesse
./data/macroset/en/clips/jesse/common_voice_en_21381700.opus,jesse
./data/macroset/en/clips/afghan/common_voice_en_19805093.opus,afghan
./data/macroset/en/clips/afghan/common_voice_en_19612401.opus,afghan
./data/macroset/en/clips/afghan/common_voice_en_20316317.opus,afghan
./data/macroset/en/clips/afghan/common_voice_en_19410719.opus,afghan
./data/macroset/en/clips/afghan/common_voice_en_21989370.opus,afghan
./data/macroset/en/clips/arctic/common_voice_en_19369448.opus,arctic
./data/macroset/en/clips/arctic/common_voice_en_19736404.opus,arctic
./data/macroset/en/clips/arctic/common_voice_en_18978800.opus,arctic
./data/macroset/en/clips/arctic/common_voice_en_20969215.opus,arctic
./data/macroset/en/clips/arctic/common_voice_en_610137.opus,arctic
./data/macroset/en/clips/doctor/common_voice_en_21317174.opus,doctor
./data/macroset/en/clips/doctor/common_voice_en_552604.opus,doctor
./data/macroset/en/clips/doctor/common_voice_en_19687589.opus,doctor
./data/macroset/en/clips/doctor/common_voice_en_677415.opus,doctor
./data/macroset/en/clips/doctor/common_voice_en_60498.opus,doctor
./data/macroset/en/clips/respects/common_voice_en_20189484.opus,respects
./data/macroset/en/clips/respects/common_voice_en_21281286.opus,respects
./data/macroset/en/clips/respects/common_voice_en_19952860.opus,respects
./data/macroset/en/clips/respects/common_voice_en_19097360.opus,respects
./data/macroset/en/clips/respects/common_voice_en_19561381.opus,respects
./data/macroset/en/clips/checks/common_voice_en_529288.opus,checks
./data/macroset/en/clips/checks/common_voice_en_19463223.opus,checks
./data/macroset/en/clips/checks/common_voice_en_18600013.opus,checks
./data/macroset/en/clips/checks/common_voice_en_19783330.opus,checks
./data/macroset/en/clips/checks/common_voice_en_20220594.opus,checks
./data/macroset/en/clips/trunk/common_voice_en_18128557.opus,trunk
./data/macroset/en/clips/trunk/common_voice_en_20669540.opus,trunk
./data/macroset/en/clips/trunk/common_voice_en_17902410.opus,trunk
./data/macroset/en/clips/trunk/common_voice_en_17270623.opus,trunk
./data/macroset/en/clips/trunk/common_voice_en_19556326.opus,trunk
./data/macroset/en/clips/charities/common_voice_en_18846734.opus,charities
./data/macroset/en/clips/charities/common_voice_en_19583060.opus,charities
./data/macroset/en/clips/charities/common_voice_en_18869919.opus,charities
./data/macroset/en/clips/charities/common_voice_en_18852210.opus,charities
./data/macroset/en/clips/charities/common_voice_en_22199230.opus,charities
./data/macroset/en/clips/different/common_voice_en_20190217.opus,different
./data/macroset/en/clips/different/common_voice_en_418398.opus,different
./data/macroset/en/clips/different/common_voice_en_17791436.opus,different
./data/macroset/en/clips/different/common_voice_en_18995934.opus,different
./data/macroset/en/clips/different/common_voice_en_21777560.opus,different
./data/macroset/en/clips/herself/common_voice_en_537175.opus,herself
./data/macroset/en/clips/herself/common_voice_en_17295215.opus,herself
./data/macroset/en/clips/herself/common_voice_en_18441566.opus,herself
./data/macroset/en/clips/herself/common_voice_en_20259934.opus,herself
./data/macroset/en/clips/herself/common_voice_en_18607503.opus,herself
./data/macroset/en/clips/too/common_voice_en_570468.opus,too
./data/macroset/en/clips/too/common_voice_en_18330515.opus,too
./data/macroset/en/clips/too/common_voice_en_697727.opus,too
./data/macroset/en/clips/too/common_voice_en_18061691.opus,too
./data/macroset/en/clips/too/common_voice_en_20966585.opus,too
./data/macroset/en/clips/crouch/common_voice_en_17842308.opus,crouch
./data/macroset/en/clips/crouch/common_voice_en_17644391.opus,crouch
./data/macroset/en/clips/crouch/common_voice_en_18114249.opus,crouch
./data/macroset/en/clips/crouch/common_voice_en_20389266.opus,crouch
./data/macroset/en/clips/crouch/common_voice_en_17762238.opus,crouch
./data/macroset/en/clips/killed/common_voice_en_20750807.opus,killed
./data/macroset/en/clips/killed/common_voice_en_20292232.opus,killed
./data/macroset/en/clips/killed/common_voice_en_19287859.opus,killed
./data/macroset/en/clips/killed/common_voice_en_19265401.opus,killed
./data/macroset/en/clips/killed/common_voice_en_659194.opus,killed
./data/macroset/en/clips/presently/common_voice_en_18597554.opus,presently
./data/macroset/en/clips/presently/common_voice_en_20816354.opus,presently
./data/macroset/en/clips/presently/common_voice_en_198428.opus,presently
./data/macroset/en/clips/presently/common_voice_en_167122.opus,presently
./data/macroset/en/clips/presently/common_voice_en_44140.opus,presently
./data/macroset/en/clips/minerals/common_voice_en_19747937.opus,minerals
./data/macroset/en/clips/minerals/common_voice_en_20186371.opus,minerals
./data/macroset/en/clips/minerals/common_voice_en_21875717.opus,minerals
./data/macroset/en/clips/minerals/common_voice_en_19690343.opus,minerals
./data/macroset/en/clips/minerals/common_voice_en_20346155.opus,minerals
./data/macroset/en/clips/batsman/common_voice_en_21714641.opus,batsman
./data/macroset/en/clips/batsman/common_voice_en_20934636.opus,batsman
./data/macroset/en/clips/batsman/common_voice_en_19646804.opus,batsman
./data/macroset/en/clips/batsman/common_voice_en_19638546.opus,batsman
./data/macroset/en/clips/batsman/common_voice_en_22433979.opus,batsman
./data/macroset/en/clips/relay/common_voice_en_19836357.opus,relay
./data/macroset/en/clips/relay/common_voice_en_17887988.opus,relay
./data/macroset/en/clips/relay/common_voice_en_18161836.opus,relay
./data/macroset/en/clips/relay/common_voice_en_17331146.opus,relay
./data/macroset/en/clips/relay/common_voice_en_17406397.opus,relay
./data/macroset/en/clips/truest/common_voice_en_18124101.opus,truest
./data/macroset/en/clips/truest/common_voice_en_17860709.opus,truest
./data/macroset/en/clips/truest/common_voice_en_17566168.opus,truest
./data/macroset/en/clips/truest/common_voice_en_17663447.opus,truest
./data/macroset/en/clips/truest/common_voice_en_17416264.opus,truest
./data/macroset/en/clips/legal/common_voice_en_18752341.opus,legal
./data/macroset/en/clips/legal/common_voice_en_18513288.opus,legal
./data/macroset/en/clips/legal/common_voice_en_20303242.opus,legal
./data/macroset/en/clips/legal/common_voice_en_19370913__2.opus,legal
./data/macroset/en/clips/legal/common_voice_en_19012047.opus,legal
./data/macroset/en/clips/representing/common_voice_en_22291333.opus,representing
./data/macroset/en/clips/representing/common_voice_en_20894582.opus,representing
./data/macroset/en/clips/representing/common_voice_en_18944620.opus,representing
./data/macroset/en/clips/representing/common_voice_en_19984265.opus,representing
./data/macroset/en/clips/representing/common_voice_en_19657232.opus,representing
./data/macroset/en/clips/counties/common_voice_en_20961274.opus,counties
./data/macroset/en/clips/counties/common_voice_en_22062269.opus,counties
./data/macroset/en/clips/counties/common_voice_en_22281331.opus,counties
./data/macroset/en/clips/counties/common_voice_en_19843953.opus,counties
./data/macroset/en/clips/counties/common_voice_en_18861611.opus,counties
./data/macroset/en/clips/forever/common_voice_en_192205.opus,forever
./data/macroset/en/clips/forever/common_voice_en_206116.opus,forever
./data/macroset/en/clips/forever/common_voice_en_208693.opus,forever
./data/macroset/en/clips/forever/common_voice_en_18871473.opus,forever
./data/macroset/en/clips/forever/common_voice_en_18491252.opus,forever
./data/macroset/en/clips/voyaged/common_voice_en_689985.opus,voyaged
./data/macroset/en/clips/voyaged/common_voice_en_18177488.opus,voyaged
./data/macroset/en/clips/voyaged/common_voice_en_665042.opus,voyaged
./data/macroset/en/clips/voyaged/common_voice_en_18308052.opus,voyaged
./data/macroset/en/clips/voyaged/common_voice_en_18057250.opus,voyaged
./data/macroset/en/clips/dummy/common_voice_en_18485026.opus,dummy
./data/macroset/en/clips/dummy/common_voice_en_17908728.opus,dummy
./data/macroset/en/clips/dummy/common_voice_en_444737.opus,dummy
./data/macroset/en/clips/dummy/common_voice_en_4237215.opus,dummy
./data/macroset/en/clips/dummy/common_voice_en_18419402.opus,dummy
./data/macroset/en/clips/reflection/common_voice_en_17412162.opus,reflection
./data/macroset/en/clips/reflection/common_voice_en_553224.opus,reflection
./data/macroset/en/clips/reflection/common_voice_en_17512993.opus,reflection
./data/macroset/en/clips/reflection/common_voice_en_156396.opus,reflection
./data/macroset/en/clips/reflection/common_voice_en_17391342.opus,reflection
./data/macroset/en/clips/philosophy/common_voice_en_20234638.opus,philosophy
./data/macroset/en/clips/philosophy/common_voice_en_21371055.opus,philosophy
./data/macroset/en/clips/philosophy/common_voice_en_22003154.opus,philosophy
./data/macroset/en/clips/philosophy/common_voice_en_20858221.opus,philosophy
./data/macroset/en/clips/philosophy/common_voice_en_19403399.opus,philosophy
./data/macroset/en/clips/experience/common_voice_en_534891.opus,experience
./data/macroset/en/clips/experience/common_voice_en_22096165.opus,experience
./data/macroset/en/clips/experience/common_voice_en_657696.opus,experience
./data/macroset/en/clips/experience/common_voice_en_8496287.opus,experience
./data/macroset/en/clips/experience/common_voice_en_21283179.opus,experience
./data/macroset/en/clips/cover/common_voice_en_19528348.opus,cover
./data/macroset/en/clips/cover/common_voice_en_20299582__2.opus,cover
./data/macroset/en/clips/cover/common_voice_en_20063814.opus,cover
./data/macroset/en/clips/cover/common_voice_en_20080412.opus,cover
./data/macroset/en/clips/cover/common_voice_en_21680133.opus,cover
./data/macroset/en/clips/significantly/common_voice_en_20387865.opus,significantly
./data/macroset/en/clips/significantly/common_voice_en_19943331.opus,significantly
./data/macroset/en/clips/significantly/common_voice_en_18879953.opus,significantly
./data/macroset/en/clips/significantly/common_voice_en_1858041.opus,significantly
./data/macroset/en/clips/significantly/common_voice_en_37796.opus,significantly
./data/macroset/en/clips/staircase/common_voice_en_19595609.opus,staircase
./data/macroset/en/clips/staircase/common_voice_en_20457473.opus,staircase
./data/macroset/en/clips/staircase/common_voice_en_19664201.opus,staircase
./data/macroset/en/clips/staircase/common_voice_en_507710.opus,staircase
./data/macroset/en/clips/staircase/common_voice_en_20017953.opus,staircase
./data/macroset/en/clips/segments/common_voice_en_21961371.opus,segments
./data/macroset/en/clips/segments/common_voice_en_20276132.opus,segments
./data/macroset/en/clips/segments/common_voice_en_21921155.opus,segments
./data/macroset/en/clips/segments/common_voice_en_20920224.opus,segments
./data/macroset/en/clips/segments/common_voice_en_19313975.opus,segments
./data/macroset/en/clips/genial/common_voice_en_17254609.opus,genial
./data/macroset/en/clips/genial/common_voice_en_17257598.opus,genial
./data/macroset/en/clips/genial/common_voice_en_15742873.opus,genial
./data/macroset/en/clips/genial/common_voice_en_16662811.opus,genial
./data/macroset/en/clips/genial/common_voice_en_17848946.opus,genial
./data/macroset/en/clips/servants/common_voice_en_19964891.opus,servants
./data/macroset/en/clips/servants/common_voice_en_22000850.opus,servants
./data/macroset/en/clips/servants/common_voice_en_663413.opus,servants
./data/macroset/en/clips/servants/common_voice_en_21854142.opus,servants
./data/macroset/en/clips/servants/common_voice_en_649625.opus,servants
./data/macroset/en/clips/graduate/common_voice_en_18251450.opus,graduate
./data/macroset/en/clips/graduate/common_voice_en_22366258.opus,graduate
./data/macroset/en/clips/graduate/common_voice_en_18707059.opus,graduate
./data/macroset/en/clips/graduate/common_voice_en_19325073.opus,graduate
./data/macroset/en/clips/graduate/common_voice_en_20989029.opus,graduate
./data/macroset/en/clips/unequal/common_voice_en_66455.opus,unequal
./data/macroset/en/clips/unequal/common_voice_en_41184.opus,unequal
./data/macroset/en/clips/unequal/common_voice_en_93076.opus,unequal
./data/macroset/en/clips/unequal/common_voice_en_44917.opus,unequal
./data/macroset/en/clips/unequal/common_voice_en_557054.opus,unequal
./data/macroset/en/clips/touch/common_voice_en_20000433.opus,touch
./data/macroset/en/clips/touch/common_voice_en_17824842.opus,touch
./data/macroset/en/clips/touch/common_voice_en_18792256.opus,touch
./data/macroset/en/clips/touch/common_voice_en_20683043.opus,touch
./data/macroset/en/clips/touch/common_voice_en_575664.opus,touch
./data/macroset/en/clips/cappuccino/common_voice_en_50467.opus,cappuccino
./data/macroset/en/clips/cappuccino/common_voice_en_17881548.opus,cappuccino
./data/macroset/en/clips/cappuccino/common_voice_en_17385901.opus,cappuccino
./data/macroset/en/clips/cappuccino/common_voice_en_17269443.opus,cappuccino
./data/macroset/en/clips/cappuccino/common_voice_en_17334226.opus,cappuccino
./data/macroset/en/clips/distributor/common_voice_en_18745526.opus,distributor
./data/macroset/en/clips/distributor/common_voice_en_20922111.opus,distributor
./data/macroset/en/clips/distributor/common_voice_en_20673596.opus,distributor
./data/macroset/en/clips/distributor/common_voice_en_18876159.opus,distributor
./data/macroset/en/clips/distributor/common_voice_en_19970045.opus,distributor
./data/macroset/en/clips/steel/common_voice_en_19097422.opus,steel
./data/macroset/en/clips/steel/common_voice_en_17922366.opus,steel
./data/macroset/en/clips/steel/common_voice_en_20409817.opus,steel
./data/macroset/en/clips/steel/common_voice_en_557331.opus,steel
./data/macroset/en/clips/steel/common_voice_en_660300.opus,steel
./data/macroset/en/clips/bird/common_voice_en_20963853.opus,bird
./data/macroset/en/clips/bird/common_voice_en_19971409.opus,bird
./data/macroset/en/clips/bird/common_voice_en_21968115.opus,bird
./data/macroset/en/clips/bird/common_voice_en_21281768.opus,bird
./data/macroset/en/clips/bird/common_voice_en_18710128.opus,bird
./data/macroset/en/clips/sense/common_voice_en_504428.opus,sense
./data/macroset/en/clips/sense/common_voice_en_590099.opus,sense
./data/macroset/en/clips/sense/common_voice_en_20478596.opus,sense
./data/macroset/en/clips/sense/common_voice_en_685487.opus,sense
./data/macroset/en/clips/sense/common_voice_en_166353.opus,sense
./data/macroset/en/clips/experiments/common_voice_en_20691477.opus,experiments
./data/macroset/en/clips/experiments/common_voice_en_549551.opus,experiments
./data/macroset/en/clips/experiments/common_voice_en_19325138.opus,experiments
./data/macroset/en/clips/experiments/common_voice_en_585751.opus,experiments
./data/macroset/en/clips/experiments/common_voice_en_19611009.opus,experiments
./data/macroset/en/clips/renewed/common_voice_en_21285041.opus,renewed
./data/macroset/en/clips/renewed/common_voice_en_19789276.opus,renewed
./data/macroset/en/clips/renewed/common_voice_en_20868882.opus,renewed
./data/macroset/en/clips/renewed/common_voice_en_19836604.opus,renewed
./data/macroset/en/clips/renewed/common_voice_en_21402169.opus,renewed
./data/macroset/en/clips/savouring/common_voice_en_17390719.opus,savouring
./data/macroset/en/clips/savouring/common_voice_en_17263363.opus,savouring
./data/macroset/en/clips/savouring/common_voice_en_222042.opus,savouring
./data/macroset/en/clips/savouring/common_voice_en_17287642.opus,savouring
./data/macroset/en/clips/savouring/common_voice_en_17393146.opus,savouring
./data/macroset/en/clips/regarded/common_voice_en_20522826.opus,regarded
./data/macroset/en/clips/regarded/common_voice_en_20455544.opus,regarded
./data/macroset/en/clips/regarded/common_voice_en_19770211.opus,regarded
./data/macroset/en/clips/regarded/common_voice_en_21015026.opus,regarded
./data/macroset/en/clips/regarded/common_voice_en_20661769.opus,regarded
./data/macroset/en/clips/activity/common_voice_en_18713415.opus,activity
./data/macroset/en/clips/activity/common_voice_en_565507.opus,activity
./data/macroset/en/clips/activity/common_voice_en_19429294.opus,activity
./data/macroset/en/clips/activity/common_voice_en_20386963.opus,activity
./data/macroset/en/clips/activity/common_voice_en_23535.opus,activity
./data/macroset/en/clips/possibly/common_voice_en_17887459.opus,possibly
./data/macroset/en/clips/possibly/common_voice_en_485598.opus,possibly
./data/macroset/en/clips/possibly/common_voice_en_18986909.opus,possibly
./data/macroset/en/clips/possibly/common_voice_en_18418649.opus,possibly
./data/macroset/en/clips/possibly/common_voice_en_18984649.opus,possibly
./data/macroset/en/clips/mined/common_voice_en_19658249.opus,mined
./data/macroset/en/clips/mined/common_voice_en_19547957.opus,mined
./data/macroset/en/clips/mined/common_voice_en_20475071.opus,mined
./data/macroset/en/clips/mined/common_voice_en_19618555.opus,mined
./data/macroset/en/clips/mined/common_voice_en_19018854.opus,mined
./data/macroset/en/clips/chloride/common_voice_en_21475487.opus,chloride
./data/macroset/en/clips/chloride/common_voice_en_19123866.opus,chloride
./data/macroset/en/clips/chloride/common_voice_en_20374345.opus,chloride
./data/macroset/en/clips/chloride/common_voice_en_573582.opus,chloride
./data/macroset/en/clips/chloride/common_voice_en_20841016.opus,chloride
./data/macroset/en/clips/metallic/common_voice_en_20880360.opus,metallic
./data/macroset/en/clips/metallic/common_voice_en_19314008.opus,metallic
./data/macroset/en/clips/metallic/common_voice_en_20903583.opus,metallic
./data/macroset/en/clips/metallic/common_voice_en_18765386.opus,metallic
./data/macroset/en/clips/metallic/common_voice_en_21329229.opus,metallic
./data/macroset/en/clips/agency/common_voice_en_20260829.opus,agency
./data/macroset/en/clips/agency/common_voice_en_19203066.opus,agency
./data/macroset/en/clips/agency/common_voice_en_19717832.opus,agency
./data/macroset/en/clips/agency/common_voice_en_20883199.opus,agency
./data/macroset/en/clips/agency/common_voice_en_19350622.opus,agency
./data/macroset/en/clips/represents/common_voice_en_20267183.opus,represents
./data/macroset/en/clips/represents/common_voice_en_22050208.opus,represents
./data/macroset/en/clips/represents/common_voice_en_20689774.opus,represents
./data/macroset/en/clips/represents/common_voice_en_19951023.opus,represents
./data/macroset/en/clips/represents/common_voice_en_19625474.opus,represents
./data/macroset/en/clips/cartoons/common_voice_en_20173512.opus,cartoons
./data/macroset/en/clips/cartoons/common_voice_en_17281492.opus,cartoons
./data/macroset/en/clips/cartoons/common_voice_en_17270632.opus,cartoons
./data/macroset/en/clips/cartoons/common_voice_en_21719834.opus,cartoons
./data/macroset/en/clips/cartoons/common_voice_en_17339353.opus,cartoons
./data/macroset/en/clips/operators/common_voice_en_21755072.opus,operators
./data/macroset/en/clips/operators/common_voice_en_21752637.opus,operators
./data/macroset/en/clips/operators/common_voice_en_18735250.opus,operators
./data/macroset/en/clips/operators/common_voice_en_20048325.opus,operators
./data/macroset/en/clips/operators/common_voice_en_18747864.opus,operators
./data/macroset/en/clips/stretch/common_voice_en_19763631.opus,stretch
./data/macroset/en/clips/stretch/common_voice_en_649770.opus,stretch
./data/macroset/en/clips/stretch/common_voice_en_19475056.opus,stretch
./data/macroset/en/clips/stretch/common_voice_en_586749.opus,stretch
./data/macroset/en/clips/stretch/common_voice_en_579036.opus,stretch
./data/macroset/en/clips/goalkeeper/common_voice_en_21995467.opus,goalkeeper
./data/macroset/en/clips/goalkeeper/common_voice_en_19456985.opus,goalkeeper
./data/macroset/en/clips/goalkeeper/common_voice_en_21108963.opus,goalkeeper
./data/macroset/en/clips/goalkeeper/common_voice_en_22166285.opus,goalkeeper
./data/macroset/en/clips/goalkeeper/common_voice_en_20221329.opus,goalkeeper
./data/macroset/en/clips/during/common_voice_en_20777099.opus,during
./data/macroset/en/clips/during/common_voice_en_18727649.opus,during
./data/macroset/en/clips/during/common_voice_en_22310353.opus,during
./data/macroset/en/clips/during/common_voice_en_21101657.opus,during
./data/macroset/en/clips/during/common_voice_en_19810930.opus,during
./data/macroset/en/clips/capabilities/common_voice_en_19372573.opus,capabilities
./data/macroset/en/clips/capabilities/common_voice_en_18673528.opus,capabilities
./data/macroset/en/clips/capabilities/common_voice_en_22139218.opus,capabilities
./data/macroset/en/clips/capabilities/common_voice_en_18732793.opus,capabilities
./data/macroset/en/clips/capabilities/common_voice_en_22329728.opus,capabilities
./data/macroset/en/clips/may/common_voice_en_22002003.opus,may
./data/macroset/en/clips/may/common_voice_en_21277267.opus,may
./data/macroset/en/clips/may/common_voice_en_33766.opus,may
./data/macroset/en/clips/may/common_voice_en_17957430.opus,may
./data/macroset/en/clips/may/common_voice_en_18429637.opus,may
./data/macroset/en/clips/enjoy/common_voice_en_698299.opus,enjoy
./data/macroset/en/clips/enjoy/common_voice_en_571643.opus,enjoy
./data/macroset/en/clips/enjoy/common_voice_en_27031.opus,enjoy
./data/macroset/en/clips/enjoy/common_voice_en_32969.opus,enjoy
./data/macroset/en/clips/enjoy/common_voice_en_17278609.opus,enjoy
./data/macroset/en/clips/theory/common_voice_en_19777443.opus,theory
./data/macroset/en/clips/theory/common_voice_en_19705712.opus,theory
./data/macroset/en/clips/theory/common_voice_en_19588083__2.opus,theory
./data/macroset/en/clips/theory/common_voice_en_494596.opus,theory
./data/macroset/en/clips/theory/common_voice_en_20101906.opus,theory
./data/macroset/en/clips/putting/common_voice_en_397307.opus,putting
./data/macroset/en/clips/putting/common_voice_en_20296902.opus,putting
./data/macroset/en/clips/putting/common_voice_en_1857938.opus,putting
./data/macroset/en/clips/putting/common_voice_en_20281042.opus,putting
./data/macroset/en/clips/putting/common_voice_en_21661206.opus,putting
./data/macroset/en/clips/nutrition/common_voice_en_20910770.opus,nutrition
./data/macroset/en/clips/nutrition/common_voice_en_5258380.opus,nutrition
./data/macroset/en/clips/nutrition/common_voice_en_608499.opus,nutrition
./data/macroset/en/clips/nutrition/common_voice_en_18238979.opus,nutrition
./data/macroset/en/clips/nutrition/common_voice_en_18145213.opus,nutrition
./data/macroset/en/clips/kathleen/common_voice_en_18912480.opus,kathleen
./data/macroset/en/clips/kathleen/common_voice_en_20498805.opus,kathleen
./data/macroset/en/clips/kathleen/common_voice_en_21372747.opus,kathleen
./data/macroset/en/clips/kathleen/common_voice_en_18158181.opus,kathleen
./data/macroset/en/clips/kathleen/common_voice_en_20255927.opus,kathleen
./data/macroset/en/clips/enormous/common_voice_en_630199.opus,enormous
./data/macroset/en/clips/enormous/common_voice_en_18765473.opus,enormous
./data/macroset/en/clips/enormous/common_voice_en_197935.opus,enormous
./data/macroset/en/clips/enormous/common_voice_en_590182.opus,enormous
./data/macroset/en/clips/enormous/common_voice_en_662364.opus,enormous
./data/macroset/en/clips/homeboy/common_voice_en_17896661.opus,homeboy
./data/macroset/en/clips/homeboy/common_voice_en_1757683.opus,homeboy
./data/macroset/en/clips/homeboy/common_voice_en_18148789.opus,homeboy
./data/macroset/en/clips/homeboy/common_voice_en_18124951.opus,homeboy
./data/macroset/en/clips/homeboy/common_voice_en_17658511.opus,homeboy
./data/macroset/en/clips/pepper/common_voice_en_18713702.opus,pepper
./data/macroset/en/clips/pepper/common_voice_en_20008813.opus,pepper
./data/macroset/en/clips/pepper/common_voice_en_65075.opus,pepper
./data/macroset/en/clips/pepper/common_voice_en_20190774.opus,pepper
./data/macroset/en/clips/pepper/common_voice_en_18102299.opus,pepper
./data/macroset/en/clips/motto/common_voice_en_19893677.opus,motto
./data/macroset/en/clips/motto/common_voice_en_22048686.opus,motto
./data/macroset/en/clips/motto/common_voice_en_18685682.opus,motto
./data/macroset/en/clips/motto/common_voice_en_20473716.opus,motto
./data/macroset/en/clips/motto/common_voice_en_19794969.opus,motto
./data/macroset/en/clips/retrospect/common_voice_en_17251873.opus,retrospect
./data/macroset/en/clips/retrospect/common_voice_en_17910483.opus,retrospect
./data/macroset/en/clips/retrospect/common_voice_en_17383204.opus,retrospect
./data/macroset/en/clips/retrospect/common_voice_en_17269036.opus,retrospect
./data/macroset/en/clips/retrospect/common_voice_en_17629512.opus,retrospect
./data/macroset/en/clips/custody/common_voice_en_21024932.opus,custody
./data/macroset/en/clips/custody/common_voice_en_21455856.opus,custody
./data/macroset/en/clips/custody/common_voice_en_20929886.opus,custody
./data/macroset/en/clips/custody/common_voice_en_19777246.opus,custody
./data/macroset/en/clips/custody/common_voice_en_20049356.opus,custody
./data/macroset/en/clips/tentacles/common_voice_en_539879.opus,tentacles
./data/macroset/en/clips/tentacles/common_voice_en_503984.opus,tentacles
./data/macroset/en/clips/tentacles/common_voice_en_83475.opus,tentacles
./data/macroset/en/clips/tentacles/common_voice_en_591712.opus,tentacles
./data/macroset/en/clips/tentacles/common_voice_en_688882.opus,tentacles
./data/macroset/en/clips/whip/common_voice_en_515154.opus,whip
./data/macroset/en/clips/whip/common_voice_en_19206575.opus,whip
./data/macroset/en/clips/whip/common_voice_en_516984.opus,whip
./data/macroset/en/clips/whip/common_voice_en_545900.opus,whip
./data/macroset/en/clips/whip/common_voice_en_544932.opus,whip
./data/macroset/en/clips/wooded/common_voice_en_20210917.opus,wooded
./data/macroset/en/clips/wooded/common_voice_en_20373205.opus,wooded
./data/macroset/en/clips/wooded/common_voice_en_19654373.opus,wooded
./data/macroset/en/clips/wooded/common_voice_en_18729490.opus,wooded
./data/macroset/en/clips/wooded/common_voice_en_20162603.opus,wooded
./data/macroset/en/clips/diana/common_voice_en_20734150.opus,diana
./data/macroset/en/clips/diana/common_voice_en_18161065.opus,diana
./data/macroset/en/clips/diana/common_voice_en_19050058.opus,diana
./data/macroset/en/clips/diana/common_voice_en_21269747.opus,diana
./data/macroset/en/clips/diana/common_voice_en_21106528.opus,diana
./data/macroset/en/clips/rain/common_voice_en_18545665.opus,rain
./data/macroset/en/clips/rain/common_voice_en_17353811.opus,rain
./data/macroset/en/clips/rain/common_voice_en_52689.opus,rain
./data/macroset/en/clips/rain/common_voice_en_628542.opus,rain
./data/macroset/en/clips/rain/common_voice_en_18708068.opus,rain
./data/macroset/en/clips/hospital/common_voice_en_656034.opus,hospital
./data/macroset/en/clips/hospital/common_voice_en_93950.opus,hospital
./data/macroset/en/clips/hospital/common_voice_en_624277.opus,hospital
./data/macroset/en/clips/hospital/common_voice_en_19263794.opus,hospital
./data/macroset/en/clips/hospital/common_voice_en_22003349.opus,hospital
./data/macroset/en/clips/green/common_voice_en_18767230.opus,green
./data/macroset/en/clips/green/common_voice_en_491739.opus,green
./data/macroset/en/clips/green/common_voice_en_20115175__2.opus,green
./data/macroset/en/clips/green/common_voice_en_20947703.opus,green
./data/macroset/en/clips/green/common_voice_en_490591.opus,green
./data/macroset/en/clips/rubbing/common_voice_en_20101647.opus,rubbing
./data/macroset/en/clips/rubbing/common_voice_en_549290.opus,rubbing
./data/macroset/en/clips/rubbing/common_voice_en_607717.opus,rubbing
./data/macroset/en/clips/rubbing/common_voice_en_156062.opus,rubbing
./data/macroset/en/clips/rubbing/common_voice_en_41572.opus,rubbing
./data/macroset/en/clips/dozens/common_voice_en_22027064.opus,dozens
./data/macroset/en/clips/dozens/common_voice_en_21555623__2.opus,dozens
./data/macroset/en/clips/dozens/common_voice_en_21284019.opus,dozens
./data/macroset/en/clips/dozens/common_voice_en_21388317.opus,dozens
./data/macroset/en/clips/dozens/common_voice_en_77177.opus,dozens
./data/macroset/en/clips/wikipedia/common_voice_en_584323.opus,wikipedia
./data/macroset/en/clips/wikipedia/common_voice_en_18873391.opus,wikipedia
./data/macroset/en/clips/wikipedia/common_voice_en_18492204.opus,wikipedia
./data/macroset/en/clips/wikipedia/common_voice_en_18428455.opus,wikipedia
./data/macroset/en/clips/wikipedia/common_voice_en_522211.opus,wikipedia
./data/macroset/en/clips/company/common_voice_en_22287451.opus,company
./data/macroset/en/clips/company/common_voice_en_19114876.opus,company
./data/macroset/en/clips/company/common_voice_en_20044975.opus,company
./data/macroset/en/clips/company/common_voice_en_21385588.opus,company
./data/macroset/en/clips/company/common_voice_en_21370185.opus,company
./data/macroset/en/clips/estimated/common_voice_en_18757883.opus,estimated
./data/macroset/en/clips/estimated/common_voice_en_19152271.opus,estimated
./data/macroset/en/clips/estimated/common_voice_en_18779953.opus,estimated
./data/macroset/en/clips/estimated/common_voice_en_20274324.opus,estimated
./data/macroset/en/clips/estimated/common_voice_en_21186916.opus,estimated
./data/macroset/en/clips/medaling/common_voice_en_689203.opus,medaling
./data/macroset/en/clips/medaling/common_voice_en_211328.opus,medaling
./data/macroset/en/clips/medaling/common_voice_en_643445.opus,medaling
./data/macroset/en/clips/medaling/common_voice_en_537455.opus,medaling
./data/macroset/en/clips/medaling/common_voice_en_634087.opus,medaling
./data/macroset/en/clips/marketing/common_voice_en_21901514.opus,marketing
./data/macroset/en/clips/marketing/common_voice_en_19350531.opus,marketing
./data/macroset/en/clips/marketing/common_voice_en_20637912.opus,marketing
./data/macroset/en/clips/marketing/common_voice_en_18155266.opus,marketing
./data/macroset/en/clips/marketing/common_voice_en_195093.opus,marketing
./data/macroset/en/clips/helene/common_voice_en_18554147.opus,helene
./data/macroset/en/clips/helene/common_voice_en_18667569.opus,helene
./data/macroset/en/clips/helene/common_voice_en_670714.opus,helene
./data/macroset/en/clips/helene/common_voice_en_18667181.opus,helene
./data/macroset/en/clips/helene/common_voice_en_18530100.opus,helene
./data/macroset/en/clips/stems/common_voice_en_20391644.opus,stems
./data/macroset/en/clips/stems/common_voice_en_18091102.opus,stems
./data/macroset/en/clips/stems/common_voice_en_19758861.opus,stems
./data/macroset/en/clips/stems/common_voice_en_19546308.opus,stems
./data/macroset/en/clips/stems/common_voice_en_21518014.opus,stems
./data/macroset/en/clips/sharon/common_voice_en_19943040.opus,sharon
./data/macroset/en/clips/sharon/common_voice_en_19279406.opus,sharon
./data/macroset/en/clips/sharon/common_voice_en_20952308.opus,sharon
./data/macroset/en/clips/sharon/common_voice_en_383270.opus,sharon
./data/macroset/en/clips/sharon/common_voice_en_20880637.opus,sharon
./data/macroset/en/clips/tattoo/common_voice_en_610203.opus,tattoo
./data/macroset/en/clips/tattoo/common_voice_en_84072.opus,tattoo
./data/macroset/en/clips/tattoo/common_voice_en_577229.opus,tattoo
./data/macroset/en/clips/tattoo/common_voice_en_19689788.opus,tattoo
./data/macroset/en/clips/tattoo/common_voice_en_545246.opus,tattoo
./data/macroset/en/clips/waterfront/common_voice_en_206286.opus,waterfront
./data/macroset/en/clips/waterfront/common_voice_en_605381.opus,waterfront
./data/macroset/en/clips/waterfront/common_voice_en_22368295.opus,waterfront
./data/macroset/en/clips/waterfront/common_voice_en_10960.opus,waterfront
./data/macroset/en/clips/waterfront/common_voice_en_197013.opus,waterfront
./data/macroset/en/clips/couch/common_voice_en_20463612.opus,couch
./data/macroset/en/clips/couch/common_voice_en_563867.opus,couch
./data/macroset/en/clips/couch/common_voice_en_18161758.opus,couch
./data/macroset/en/clips/couch/common_voice_en_197023.opus,couch
./data/macroset/en/clips/couch/common_voice_en_17839890.opus,couch
./data/macroset/en/clips/helped/common_voice_en_19471435.opus,helped
./data/macroset/en/clips/helped/common_voice_en_33952.opus,helped
./data/macroset/en/clips/helped/common_voice_en_31292.opus,helped
./data/macroset/en/clips/helped/common_voice_en_547044.opus,helped
./data/macroset/en/clips/helped/common_voice_en_519723.opus,helped
./data/macroset/en/clips/randolph/common_voice_en_21096356.opus,randolph
./data/macroset/en/clips/randolph/common_voice_en_20919386.opus,randolph
./data/macroset/en/clips/randolph/common_voice_en_20425201.opus,randolph
./data/macroset/en/clips/randolph/common_voice_en_19869556.opus,randolph
./data/macroset/en/clips/randolph/common_voice_en_19974318.opus,randolph
./data/macroset/en/clips/connecting/common_voice_en_19650850.opus,connecting
./data/macroset/en/clips/connecting/common_voice_en_18894798.opus,connecting
./data/macroset/en/clips/connecting/common_voice_en_20423977.opus,connecting
./data/macroset/en/clips/connecting/common_voice_en_21013824.opus,connecting
./data/macroset/en/clips/connecting/common_voice_en_577852.opus,connecting
./data/macroset/en/clips/refreshments/common_voice_en_21257974.opus,refreshments
./data/macroset/en/clips/refreshments/common_voice_en_625658.opus,refreshments
./data/macroset/en/clips/refreshments/common_voice_en_575441.opus,refreshments
./data/macroset/en/clips/refreshments/common_voice_en_20922161.opus,refreshments
./data/macroset/en/clips/refreshments/common_voice_en_525901.opus,refreshments
./data/macroset/en/clips/mama/common_voice_en_608432.opus,mama
./data/macroset/en/clips/mama/common_voice_en_19729302.opus,mama
./data/macroset/en/clips/mama/common_voice_en_69227.opus,mama
./data/macroset/en/clips/mama/common_voice_en_21099684.opus,mama
./data/macroset/en/clips/mama/common_voice_en_18726871.opus,mama
./data/macroset/en/clips/dressed/common_voice_en_547450.opus,dressed
./data/macroset/en/clips/dressed/common_voice_en_669798.opus,dressed
./data/macroset/en/clips/dressed/common_voice_en_17551183.opus,dressed
./data/macroset/en/clips/dressed/common_voice_en_682841.opus,dressed
./data/macroset/en/clips/dressed/common_voice_en_84336.opus,dressed
./data/macroset/en/clips/lure/common_voice_en_18105235.opus,lure
./data/macroset/en/clips/lure/common_voice_en_19999879.opus,lure
./data/macroset/en/clips/lure/common_voice_en_17787381.opus,lure
./data/macroset/en/clips/lure/common_voice_en_20956996.opus,lure
./data/macroset/en/clips/lure/common_voice_en_18093948.opus,lure
./data/macroset/en/clips/respite/common_voice_en_617528.opus,respite
./data/macroset/en/clips/respite/common_voice_en_583604.opus,respite
./data/macroset/en/clips/respite/common_voice_en_51327.opus,respite
./data/macroset/en/clips/respite/common_voice_en_2354556.opus,respite
./data/macroset/en/clips/respite/common_voice_en_78760.opus,respite
./data/macroset/en/clips/whispering/common_voice_en_18052391.opus,whispering
./data/macroset/en/clips/whispering/common_voice_en_17255328.opus,whispering
./data/macroset/en/clips/whispering/common_voice_en_17551823.opus,whispering
./data/macroset/en/clips/whispering/common_voice_en_18473458.opus,whispering
./data/macroset/en/clips/whispering/common_voice_en_17280670.opus,whispering
./data/macroset/en/clips/quiet/common_voice_en_542889.opus,quiet
./data/macroset/en/clips/quiet/common_voice_en_668573.opus,quiet
./data/macroset/en/clips/quiet/common_voice_en_50972.opus,quiet
./data/macroset/en/clips/quiet/common_voice_en_572365.opus,quiet
./data/macroset/en/clips/quiet/common_voice_en_61390.opus,quiet
./data/macroset/en/clips/lovelace/common_voice_en_19621471.opus,lovelace
./data/macroset/en/clips/lovelace/common_voice_en_630001.opus,lovelace
./data/macroset/en/clips/lovelace/common_voice_en_2788.opus,lovelace
./data/macroset/en/clips/lovelace/common_voice_en_18259882.opus,lovelace
./data/macroset/en/clips/lovelace/common_voice_en_533971.opus,lovelace
./data/macroset/en/clips/freeman/common_voice_en_20828402.opus,freeman
./data/macroset/en/clips/freeman/common_voice_en_21670223.opus,freeman
./data/macroset/en/clips/freeman/common_voice_en_22304998.opus,freeman
./data/macroset/en/clips/freeman/common_voice_en_20602095.opus,freeman
./data/macroset/en/clips/freeman/common_voice_en_22321023.opus,freeman
./data/macroset/en/clips/combining/common_voice_en_19771849.opus,combining
./data/macroset/en/clips/combining/common_voice_en_20027693.opus,combining
./data/macroset/en/clips/combining/common_voice_en_20101563.opus,combining
./data/macroset/en/clips/combining/common_voice_en_20782225.opus,combining
./data/macroset/en/clips/combining/common_voice_en_20116064.opus,combining
./data/macroset/en/clips/indonesia/common_voice_en_17489385.opus,indonesia
./data/macroset/en/clips/indonesia/common_voice_en_21345829.opus,indonesia
./data/macroset/en/clips/indonesia/common_voice_en_21203670.opus,indonesia
./data/macroset/en/clips/indonesia/common_voice_en_17645505.opus,indonesia
./data/macroset/en/clips/indonesia/common_voice_en_623994.opus,indonesia
./data/macroset/en/clips/frequency/common_voice_en_21176619.opus,frequency
./data/macroset/en/clips/frequency/common_voice_en_20386761.opus,frequency
./data/macroset/en/clips/frequency/common_voice_en_569433.opus,frequency
./data/macroset/en/clips/frequency/common_voice_en_20878442.opus,frequency
./data/macroset/en/clips/frequency/common_voice_en_19958882.opus,frequency
./data/macroset/en/clips/refinery/common_voice_en_454821.opus,refinery
./data/macroset/en/clips/refinery/common_voice_en_555388.opus,refinery
./data/macroset/en/clips/refinery/common_voice_en_22179590.opus,refinery
./data/macroset/en/clips/refinery/common_voice_en_514986.opus,refinery
./data/macroset/en/clips/refinery/common_voice_en_663625.opus,refinery
./data/macroset/en/clips/mediterranean/common_voice_en_19534836.opus,mediterranean
./data/macroset/en/clips/mediterranean/common_voice_en_513582.opus,mediterranean
./data/macroset/en/clips/mediterranean/common_voice_en_21162688.opus,mediterranean
./data/macroset/en/clips/mediterranean/common_voice_en_19536655.opus,mediterranean
./data/macroset/en/clips/mediterranean/common_voice_en_18793693.opus,mediterranean
./data/macroset/en/clips/watering/common_voice_en_675430.opus,watering
./data/macroset/en/clips/watering/common_voice_en_84290.opus,watering
./data/macroset/en/clips/watering/common_voice_en_535962.opus,watering
./data/macroset/en/clips/watering/common_voice_en_21690734.opus,watering
./data/macroset/en/clips/watering/common_voice_en_74278.opus,watering
./data/macroset/en/clips/lincoln/common_voice_en_651139.opus,lincoln
./data/macroset/en/clips/lincoln/common_voice_en_19984355.opus,lincoln
./data/macroset/en/clips/lincoln/common_voice_en_20723886.opus,lincoln
./data/macroset/en/clips/lincoln/common_voice_en_19281333.opus,lincoln
./data/macroset/en/clips/lincoln/common_voice_en_19609089.opus,lincoln
./data/macroset/en/clips/demanded/common_voice_en_661364.opus,demanded
./data/macroset/en/clips/demanded/common_voice_en_21925730.opus,demanded
./data/macroset/en/clips/demanded/common_voice_en_205469.opus,demanded
./data/macroset/en/clips/demanded/common_voice_en_634328.opus,demanded
./data/macroset/en/clips/demanded/common_voice_en_496055.opus,demanded
./data/macroset/en/clips/lately/common_voice_en_18662389.opus,lately
./data/macroset/en/clips/lately/common_voice_en_204534.opus,lately
./data/macroset/en/clips/lately/common_voice_en_18618766.opus,lately
./data/macroset/en/clips/lately/common_voice_en_18600309.opus,lately
./data/macroset/en/clips/lately/common_voice_en_20300786.opus,lately
./data/macroset/en/clips/gained/common_voice_en_19392836.opus,gained
./data/macroset/en/clips/gained/common_voice_en_21330932.opus,gained
./data/macroset/en/clips/gained/common_voice_en_19106669.opus,gained
./data/macroset/en/clips/gained/common_voice_en_22206498.opus,gained
./data/macroset/en/clips/gained/common_voice_en_18809838.opus,gained
./data/macroset/en/clips/narrator/common_voice_en_21397312.opus,narrator
./data/macroset/en/clips/narrator/common_voice_en_420729.opus,narrator
./data/macroset/en/clips/narrator/common_voice_en_17875460.opus,narrator
./data/macroset/en/clips/narrator/common_voice_en_17283209.opus,narrator
./data/macroset/en/clips/narrator/common_voice_en_19387500.opus,narrator
./data/macroset/en/clips/owl/common_voice_en_20577513.opus,owl
./data/macroset/en/clips/owl/common_voice_en_20676226.opus,owl
./data/macroset/en/clips/owl/common_voice_en_18419076.opus,owl
./data/macroset/en/clips/owl/common_voice_en_18834965.opus,owl
./data/macroset/en/clips/owl/common_voice_en_20566220.opus,owl
./data/macroset/en/clips/randall/common_voice_en_18775409.opus,randall
./data/macroset/en/clips/randall/common_voice_en_22400093.opus,randall
./data/macroset/en/clips/randall/common_voice_en_18418405.opus,randall
./data/macroset/en/clips/randall/common_voice_en_20993466.opus,randall
./data/macroset/en/clips/randall/common_voice_en_20115963.opus,randall
./data/macroset/en/clips/lobes/common_voice_en_20242675.opus,lobes
./data/macroset/en/clips/lobes/common_voice_en_19204070.opus,lobes
./data/macroset/en/clips/lobes/common_voice_en_19848575.opus,lobes
./data/macroset/en/clips/lobes/common_voice_en_19461463.opus,lobes
./data/macroset/en/clips/lobes/common_voice_en_18075574.opus,lobes
./data/macroset/en/clips/relativity/common_voice_en_18465697.opus,relativity
./data/macroset/en/clips/relativity/common_voice_en_18412787.opus,relativity
./data/macroset/en/clips/relativity/common_voice_en_19138.opus,relativity
./data/macroset/en/clips/relativity/common_voice_en_20643129.opus,relativity
./data/macroset/en/clips/relativity/common_voice_en_18102067.opus,relativity
./data/macroset/en/clips/fiber/common_voice_en_18893556.opus,fiber
./data/macroset/en/clips/fiber/common_voice_en_22416076.opus,fiber
./data/macroset/en/clips/fiber/common_voice_en_19500605.opus,fiber
./data/macroset/en/clips/fiber/common_voice_en_19945817__2.opus,fiber
./data/macroset/en/clips/fiber/common_voice_en_21275779.opus,fiber
./data/macroset/en/clips/slaughter/common_voice_en_22094220.opus,slaughter
./data/macroset/en/clips/slaughter/common_voice_en_682849.opus,slaughter
./data/macroset/en/clips/slaughter/common_voice_en_590008.opus,slaughter
./data/macroset/en/clips/slaughter/common_voice_en_90595.opus,slaughter
./data/macroset/en/clips/slaughter/common_voice_en_659717.opus,slaughter
./data/macroset/en/clips/mouth/common_voice_en_17709879.opus,mouth
./data/macroset/en/clips/mouth/common_voice_en_642687.opus,mouth
./data/macroset/en/clips/mouth/common_voice_en_556926.opus,mouth
./data/macroset/en/clips/mouth/common_voice_en_4989630.opus,mouth
./data/macroset/en/clips/mouth/common_voice_en_60078.opus,mouth
./data/macroset/en/clips/diluted/common_voice_en_585844.opus,diluted
./data/macroset/en/clips/diluted/common_voice_en_18553090.opus,diluted
./data/macroset/en/clips/diluted/common_voice_en_535481.opus,diluted
./data/macroset/en/clips/diluted/common_voice_en_573877.opus,diluted
./data/macroset/en/clips/diluted/common_voice_en_544869.opus,diluted
./data/macroset/en/clips/trees/common_voice_en_21877895.opus,trees
./data/macroset/en/clips/trees/common_voice_en_17668695.opus,trees
./data/macroset/en/clips/trees/common_voice_en_565027.opus,trees
./data/macroset/en/clips/trees/common_voice_en_529761.opus,trees
./data/macroset/en/clips/trees/common_voice_en_17932168.opus,trees
./data/macroset/en/clips/barkeeper/common_voice_en_575654.opus,barkeeper
./data/macroset/en/clips/barkeeper/common_voice_en_17270117.opus,barkeeper
./data/macroset/en/clips/barkeeper/common_voice_en_17769567.opus,barkeeper
./data/macroset/en/clips/barkeeper/common_voice_en_404075.opus,barkeeper
./data/macroset/en/clips/barkeeper/common_voice_en_18109013.opus,barkeeper
./data/macroset/en/clips/elijah/common_voice_en_17947538.opus,elijah
./data/macroset/en/clips/elijah/common_voice_en_18168701.opus,elijah
./data/macroset/en/clips/elijah/common_voice_en_19433586.opus,elijah
./data/macroset/en/clips/elijah/common_voice_en_21528382.opus,elijah
./data/macroset/en/clips/elijah/common_voice_en_17843583.opus,elijah
./data/macroset/en/clips/pixels/common_voice_en_571442.opus,pixels
./data/macroset/en/clips/pixels/common_voice_en_18247191.opus,pixels
./data/macroset/en/clips/pixels/common_voice_en_186088.opus,pixels
./data/macroset/en/clips/pixels/common_voice_en_500865.opus,pixels
./data/macroset/en/clips/pixels/common_voice_en_506835.opus,pixels
./data/macroset/en/clips/aloft/common_voice_en_17325559.opus,aloft
./data/macroset/en/clips/aloft/common_voice_en_17453583.opus,aloft
./data/macroset/en/clips/aloft/common_voice_en_17358158.opus,aloft
./data/macroset/en/clips/aloft/common_voice_en_17967659.opus,aloft
./data/macroset/en/clips/aloft/common_voice_en_17276782.opus,aloft
./data/macroset/en/clips/shaded/common_voice_en_20133660.opus,shaded
./data/macroset/en/clips/shaded/common_voice_en_18662437.opus,shaded
./data/macroset/en/clips/shaded/common_voice_en_685205.opus,shaded
./data/macroset/en/clips/shaded/common_voice_en_77171.opus,shaded
./data/macroset/en/clips/shaded/common_voice_en_18154177.opus,shaded
./data/macroset/en/clips/second/common_voice_en_22287399.opus,second
./data/macroset/en/clips/second/common_voice_en_19777437.opus,second
./data/macroset/en/clips/second/common_voice_en_18419411.opus,second
./data/macroset/en/clips/second/common_voice_en_18980436.opus,second
./data/macroset/en/clips/second/common_voice_en_18709291.opus,second
./data/macroset/en/clips/mink/common_voice_en_618207.opus,mink
./data/macroset/en/clips/mink/common_voice_en_158169.opus,mink
./data/macroset/en/clips/mink/common_voice_en_679975.opus,mink
./data/macroset/en/clips/mink/common_voice_en_76867.opus,mink
./data/macroset/en/clips/mink/common_voice_en_511201.opus,mink
./data/macroset/en/clips/midnight/common_voice_en_18516576.opus,midnight
./data/macroset/en/clips/midnight/common_voice_en_18654063.opus,midnight
./data/macroset/en/clips/midnight/common_voice_en_18605451.opus,midnight
./data/macroset/en/clips/midnight/common_voice_en_631666.opus,midnight
./data/macroset/en/clips/midnight/common_voice_en_19823261.opus,midnight
