link,word
./data/macroset/en/clips/cheers/common_voice_en_19118496.opus,cheers
./data/macroset/en/clips/cheers/common_voice_en_21807643.opus,cheers
./data/macroset/en/clips/cheers/common_voice_en_17258231.opus,cheers
./data/macroset/en/clips/cheers/common_voice_en_515308.opus,cheers
./data/macroset/en/clips/cheers/common_voice_en_18316618.opus,cheers
./data/macroset/en/clips/contractor/common_voice_en_20332923.opus,contractor
./data/macroset/en/clips/contractor/common_voice_en_20802386.opus,contractor
./data/macroset/en/clips/contractor/common_voice_en_18998439.opus,contractor
./data/macroset/en/clips/contractor/common_voice_en_21302272.opus,contractor
./data/macroset/en/clips/contractor/common_voice_en_20167658.opus,contractor
./data/macroset/en/clips/growing/common_voice_en_18756694.opus,growing
./data/macroset/en/clips/growing/common_voice_en_20952369.opus,growing
./data/macroset/en/clips/growing/common_voice_en_20754729.opus,growing
./data/macroset/en/clips/growing/common_voice_en_19867016.opus,growing
./data/macroset/en/clips/growing/common_voice_en_20522793.opus,growing
./data/macroset/en/clips/diversity/common_voice_en_20361505.opus,diversity
./data/macroset/en/clips/diversity/common_voice_en_20387419.opus,diversity
./data/macroset/en/clips/diversity/common_voice_en_22038582.opus,diversity
./data/macroset/en/clips/diversity/common_voice_en_19725319.opus,diversity
./data/macroset/en/clips/diversity/common_voice_en_21836263.opus,diversity
./data/macroset/en/clips/lock/common_voice_en_17841301.opus,lock
./data/macroset/en/clips/lock/common_voice_en_700550.opus,lock
./data/macroset/en/clips/lock/common_voice_en_17876924.opus,lock
./data/macroset/en/clips/lock/common_voice_en_521549.opus,lock
./data/macroset/en/clips/lock/common_voice_en_20092183.opus,lock
./data/macroset/en/clips/soprano/common_voice_en_20248765.opus,soprano
./data/macroset/en/clips/soprano/common_voice_en_22239287.opus,soprano
./data/macroset/en/clips/soprano/common_voice_en_20941061.opus,soprano
./data/macroset/en/clips/soprano/common_voice_en_22178337.opus,soprano
./data/macroset/en/clips/soprano/common_voice_en_18320353.opus,soprano
./data/macroset/en/clips/rick/common_voice_en_332710.opus,rick
./data/macroset/en/clips/rick/common_voice_en_18658636.opus,rick
./data/macroset/en/clips/rick/common_voice_en_22470996.opus,rick
./data/macroset/en/clips/rick/common_voice_en_19749979.opus,rick
./data/macroset/en/clips/rick/common_voice_en_19668734.opus,rick
./data/macroset/en/clips/unresting/common_voice_en_684384.opus,unresting
./data/macroset/en/clips/unresting/common_voice_en_17297488.opus,unresting
./data/macroset/en/clips/unresting/common_voice_en_17735726.opus,unresting
./data/macroset/en/clips/unresting/common_voice_en_18152578.opus,unresting
./data/macroset/en/clips/unresting/common_voice_en_8029705.opus,unresting
./data/macroset/en/clips/plush/common_voice_en_18522219.opus,plush
./data/macroset/en/clips/plush/common_voice_en_17986051.opus,plush
./data/macroset/en/clips/plush/common_voice_en_356956.opus,plush
./data/macroset/en/clips/plush/common_voice_en_21924674.opus,plush
./data/macroset/en/clips/plush/common_voice_en_16047441.opus,plush
./data/macroset/en/clips/dubious/common_voice_en_18971252.opus,dubious
./data/macroset/en/clips/dubious/common_voice_en_18521384.opus,dubious
./data/macroset/en/clips/dubious/common_voice_en_19350517.opus,dubious
./data/macroset/en/clips/dubious/common_voice_en_50521.opus,dubious
./data/macroset/en/clips/dubious/common_voice_en_572941.opus,dubious
./data/macroset/en/clips/morning/common_voice_en_17276941.opus,morning
./data/macroset/en/clips/morning/common_voice_en_20036038.opus,morning
./data/macroset/en/clips/morning/common_voice_en_20754266.opus,morning
./data/macroset/en/clips/morning/common_voice_en_153783.opus,morning
./data/macroset/en/clips/morning/common_voice_en_86927.opus,morning
./data/macroset/en/clips/added/common_voice_en_646290.opus,added
./data/macroset/en/clips/added/common_voice_en_18166172.opus,added
./data/macroset/en/clips/added/common_voice_en_22246046.opus,added
./data/macroset/en/clips/added/common_voice_en_19620337.opus,added
./data/macroset/en/clips/added/common_voice_en_21311172.opus,added
./data/macroset/en/clips/sunburn/common_voice_en_18177884.opus,sunburn
./data/macroset/en/clips/sunburn/common_voice_en_18131074.opus,sunburn
./data/macroset/en/clips/sunburn/common_voice_en_18283281.opus,sunburn
./data/macroset/en/clips/sunburn/common_voice_en_19657169.opus,sunburn
./data/macroset/en/clips/sunburn/common_voice_en_18266136.opus,sunburn
./data/macroset/en/clips/blair/common_voice_en_19782458.opus,blair
./data/macroset/en/clips/blair/common_voice_en_20049617.opus,blair
./data/macroset/en/clips/blair/common_voice_en_20398351.opus,blair
./data/macroset/en/clips/blair/common_voice_en_21399668.opus,blair
./data/macroset/en/clips/blair/common_voice_en_21311013.opus,blair
./data/macroset/en/clips/settlement/common_voice_en_21217032.opus,settlement
./data/macroset/en/clips/settlement/common_voice_en_20228969.opus,settlement
./data/macroset/en/clips/settlement/common_voice_en_22346861.opus,settlement
./data/macroset/en/clips/settlement/common_voice_en_21155754.opus,settlement
./data/macroset/en/clips/settlement/common_voice_en_19125843.opus,settlement
./data/macroset/en/clips/midnight/common_voice_en_18479898.opus,midnight
./data/macroset/en/clips/midnight/common_voice_en_163110.opus,midnight
./data/macroset/en/clips/midnight/common_voice_en_18250391.opus,midnight
./data/macroset/en/clips/midnight/common_voice_en_18489046.opus,midnight
./data/macroset/en/clips/midnight/common_voice_en_311728.opus,midnight
./data/macroset/en/clips/sectors/common_voice_en_19982271.opus,sectors
./data/macroset/en/clips/sectors/common_voice_en_20186371.opus,sectors
./data/macroset/en/clips/sectors/common_voice_en_19702475.opus,sectors
./data/macroset/en/clips/sectors/common_voice_en_20343180.opus,sectors
./data/macroset/en/clips/sectors/common_voice_en_20026843.opus,sectors
./data/macroset/en/clips/gray/common_voice_en_543604.opus,gray
./data/macroset/en/clips/gray/common_voice_en_566302.opus,gray
./data/macroset/en/clips/gray/common_voice_en_21645717.opus,gray
./data/macroset/en/clips/gray/common_voice_en_174473.opus,gray
./data/macroset/en/clips/gray/common_voice_en_594545.opus,gray
./data/macroset/en/clips/allergic/common_voice_en_18253508.opus,allergic
./data/macroset/en/clips/allergic/common_voice_en_67613.opus,allergic
./data/macroset/en/clips/allergic/common_voice_en_17999125.opus,allergic
./data/macroset/en/clips/allergic/common_voice_en_20989583.opus,allergic
./data/macroset/en/clips/allergic/common_voice_en_18315707.opus,allergic
./data/macroset/en/clips/wither/common_voice_en_596429.opus,wither
./data/macroset/en/clips/wither/common_voice_en_685418.opus,wither
./data/macroset/en/clips/wither/common_voice_en_639731.opus,wither
./data/macroset/en/clips/wither/common_voice_en_578375.opus,wither
./data/macroset/en/clips/wither/common_voice_en_665182.opus,wither
./data/macroset/en/clips/surprised/common_voice_en_575034.opus,surprised
./data/macroset/en/clips/surprised/common_voice_en_483489.opus,surprised
./data/macroset/en/clips/surprised/common_voice_en_40753.opus,surprised
./data/macroset/en/clips/surprised/common_voice_en_78946.opus,surprised
./data/macroset/en/clips/surprised/common_voice_en_639729.opus,surprised
./data/macroset/en/clips/powerful/common_voice_en_18316684.opus,powerful
./data/macroset/en/clips/powerful/common_voice_en_542572.opus,powerful
./data/macroset/en/clips/powerful/common_voice_en_19857517.opus,powerful
./data/macroset/en/clips/powerful/common_voice_en_3245726.opus,powerful
./data/macroset/en/clips/powerful/common_voice_en_579490.opus,powerful
./data/macroset/en/clips/duncan/common_voice_en_21501268.opus,duncan
./data/macroset/en/clips/duncan/common_voice_en_20404264.opus,duncan
./data/macroset/en/clips/duncan/common_voice_en_21721936.opus,duncan
./data/macroset/en/clips/duncan/common_voice_en_19710275.opus,duncan
./data/macroset/en/clips/duncan/common_voice_en_19627675.opus,duncan
./data/macroset/en/clips/doomed/common_voice_en_497600.opus,doomed
./data/macroset/en/clips/doomed/common_voice_en_22131819.opus,doomed
./data/macroset/en/clips/doomed/common_voice_en_549640.opus,doomed
./data/macroset/en/clips/doomed/common_voice_en_18090912.opus,doomed
./data/macroset/en/clips/doomed/common_voice_en_20143624.opus,doomed
./data/macroset/en/clips/cotton/common_voice_en_680233.opus,cotton
./data/macroset/en/clips/cotton/common_voice_en_19621143.opus,cotton
./data/macroset/en/clips/cotton/common_voice_en_21665329.opus,cotton
./data/macroset/en/clips/cotton/common_voice_en_19979813.opus,cotton
./data/macroset/en/clips/cotton/common_voice_en_19289177.opus,cotton
./data/macroset/en/clips/bills/common_voice_en_19092616__2.opus,bills
./data/macroset/en/clips/bills/common_voice_en_19322810.opus,bills
./data/macroset/en/clips/bills/common_voice_en_658440.opus,bills
./data/macroset/en/clips/bills/common_voice_en_22361506.opus,bills
./data/macroset/en/clips/bills/common_voice_en_337427.opus,bills
./data/macroset/en/clips/dam/common_voice_en_19591138.opus,dam
./data/macroset/en/clips/dam/common_voice_en_20991832.opus,dam
./data/macroset/en/clips/dam/common_voice_en_18253232.opus,dam
./data/macroset/en/clips/dam/common_voice_en_20876069.opus,dam
./data/macroset/en/clips/dam/common_voice_en_20670764.opus,dam
./data/macroset/en/clips/looking/common_voice_en_19365.opus,looking
./data/macroset/en/clips/looking/common_voice_en_483803.opus,looking
./data/macroset/en/clips/looking/common_voice_en_49517.opus,looking
./data/macroset/en/clips/looking/common_voice_en_500752.opus,looking
./data/macroset/en/clips/looking/common_voice_en_489007.opus,looking
./data/macroset/en/clips/diplomatic/common_voice_en_20288529.opus,diplomatic
./data/macroset/en/clips/diplomatic/common_voice_en_22243920.opus,diplomatic
./data/macroset/en/clips/diplomatic/common_voice_en_19630125.opus,diplomatic
./data/macroset/en/clips/diplomatic/common_voice_en_19740069.opus,diplomatic
./data/macroset/en/clips/diplomatic/common_voice_en_19826118.opus,diplomatic
./data/macroset/en/clips/youtube/common_voice_en_19615218.opus,youtube
./data/macroset/en/clips/youtube/common_voice_en_638201.opus,youtube
./data/macroset/en/clips/youtube/common_voice_en_21061443.opus,youtube
./data/macroset/en/clips/youtube/common_voice_en_19766313.opus,youtube
./data/macroset/en/clips/youtube/common_voice_en_19991459.opus,youtube
./data/macroset/en/clips/protest/common_voice_en_21240156.opus,protest
./data/macroset/en/clips/protest/common_voice_en_555368.opus,protest
./data/macroset/en/clips/protest/common_voice_en_530735.opus,protest
./data/macroset/en/clips/protest/common_voice_en_18936374.opus,protest
./data/macroset/en/clips/protest/common_voice_en_20175696.opus,protest
./data/macroset/en/clips/support/common_voice_en_18982334.opus,support
./data/macroset/en/clips/support/common_voice_en_20568889.opus,support
./data/macroset/en/clips/support/common_voice_en_18598009.opus,support
./data/macroset/en/clips/support/common_voice_en_22245839.opus,support
./data/macroset/en/clips/support/common_voice_en_21795840.opus,support
./data/macroset/en/clips/extraction/common_voice_en_20961192.opus,extraction
./data/macroset/en/clips/extraction/common_voice_en_17893781.opus,extraction
./data/macroset/en/clips/extraction/common_voice_en_53038.opus,extraction
./data/macroset/en/clips/extraction/common_voice_en_18104793.opus,extraction
./data/macroset/en/clips/extraction/common_voice_en_17807554.opus,extraction
./data/macroset/en/clips/firewalls/common_voice_en_519513.opus,firewalls
./data/macroset/en/clips/firewalls/common_voice_en_588646.opus,firewalls
./data/macroset/en/clips/firewalls/common_voice_en_219033.opus,firewalls
./data/macroset/en/clips/firewalls/common_voice_en_527355.opus,firewalls
./data/macroset/en/clips/firewalls/common_voice_en_654220.opus,firewalls
./data/macroset/en/clips/ambition/common_voice_en_587855.opus,ambition
./data/macroset/en/clips/ambition/common_voice_en_361676.opus,ambition
./data/macroset/en/clips/ambition/common_voice_en_20260180.opus,ambition
./data/macroset/en/clips/ambition/common_voice_en_17930063.opus,ambition
./data/macroset/en/clips/ambition/common_voice_en_19246157.opus,ambition
./data/macroset/en/clips/kate/common_voice_en_20284801.opus,kate
./data/macroset/en/clips/kate/common_voice_en_606362.opus,kate
./data/macroset/en/clips/kate/common_voice_en_533212.opus,kate
./data/macroset/en/clips/kate/common_voice_en_21724257.opus,kate
./data/macroset/en/clips/kate/common_voice_en_21850940.opus,kate
./data/macroset/en/clips/wide/common_voice_en_18512380.opus,wide
./data/macroset/en/clips/wide/common_voice_en_204106.opus,wide
./data/macroset/en/clips/wide/common_voice_en_20696274.opus,wide
./data/macroset/en/clips/wide/common_voice_en_20920634.opus,wide
./data/macroset/en/clips/wide/common_voice_en_20052024.opus,wide
./data/macroset/en/clips/angle/common_voice_en_19618371.opus,angle
./data/macroset/en/clips/angle/common_voice_en_19961367.opus,angle
./data/macroset/en/clips/angle/common_voice_en_20690340__2.opus,angle
./data/macroset/en/clips/angle/common_voice_en_19874097.opus,angle
./data/macroset/en/clips/angle/common_voice_en_20182932.opus,angle
./data/macroset/en/clips/grilled/common_voice_en_17245970.opus,grilled
./data/macroset/en/clips/grilled/common_voice_en_5559081.opus,grilled
./data/macroset/en/clips/grilled/common_voice_en_510442.opus,grilled
./data/macroset/en/clips/grilled/common_voice_en_634750.opus,grilled
./data/macroset/en/clips/grilled/common_voice_en_461018.opus,grilled
./data/macroset/en/clips/colored/common_voice_en_603065.opus,colored
./data/macroset/en/clips/colored/common_voice_en_644092.opus,colored
./data/macroset/en/clips/colored/common_voice_en_662430.opus,colored
./data/macroset/en/clips/colored/common_voice_en_17746473.opus,colored
./data/macroset/en/clips/colored/common_voice_en_514001.opus,colored
./data/macroset/en/clips/repeated/common_voice_en_20815128.opus,repeated
./data/macroset/en/clips/repeated/common_voice_en_624671.opus,repeated
./data/macroset/en/clips/repeated/common_voice_en_538903.opus,repeated
./data/macroset/en/clips/repeated/common_voice_en_22180966.opus,repeated
./data/macroset/en/clips/repeated/common_voice_en_695750.opus,repeated
./data/macroset/en/clips/episode/common_voice_en_21705175.opus,episode
./data/macroset/en/clips/episode/common_voice_en_18700012.opus,episode
./data/macroset/en/clips/episode/common_voice_en_19816209.opus,episode
./data/macroset/en/clips/episode/common_voice_en_20571991.opus,episode
./data/macroset/en/clips/episode/common_voice_en_19707839.opus,episode
./data/macroset/en/clips/formation/common_voice_en_21975799.opus,formation
./data/macroset/en/clips/formation/common_voice_en_636496.opus,formation
./data/macroset/en/clips/formation/common_voice_en_20128864.opus,formation
./data/macroset/en/clips/formation/common_voice_en_643765.opus,formation
./data/macroset/en/clips/formation/common_voice_en_19783711.opus,formation
./data/macroset/en/clips/run/common_voice_en_677268.opus,run
./data/macroset/en/clips/run/common_voice_en_19247245.opus,run
./data/macroset/en/clips/run/common_voice_en_15903580.opus,run
./data/macroset/en/clips/run/common_voice_en_19100179.opus,run
./data/macroset/en/clips/run/common_voice_en_21504493.opus,run
./data/macroset/en/clips/providing/common_voice_en_20863966.opus,providing
./data/macroset/en/clips/providing/common_voice_en_19467607.opus,providing
./data/macroset/en/clips/providing/common_voice_en_21738283.opus,providing
./data/macroset/en/clips/providing/common_voice_en_20251817.opus,providing
./data/macroset/en/clips/providing/common_voice_en_21510773.opus,providing
./data/macroset/en/clips/stripe/common_voice_en_18870849.opus,stripe
./data/macroset/en/clips/stripe/common_voice_en_526796.opus,stripe
./data/macroset/en/clips/stripe/common_voice_en_20569332.opus,stripe
./data/macroset/en/clips/stripe/common_voice_en_19574416.opus,stripe
./data/macroset/en/clips/stripe/common_voice_en_20559522.opus,stripe
./data/macroset/en/clips/rhymes/common_voice_en_17292908.opus,rhymes
./data/macroset/en/clips/rhymes/common_voice_en_20676381.opus,rhymes
./data/macroset/en/clips/rhymes/common_voice_en_17265019.opus,rhymes
./data/macroset/en/clips/rhymes/common_voice_en_17529258.opus,rhymes
./data/macroset/en/clips/rhymes/common_voice_en_17369010.opus,rhymes
./data/macroset/en/clips/loading/common_voice_en_20267536.opus,loading
./data/macroset/en/clips/loading/common_voice_en_21915370.opus,loading
./data/macroset/en/clips/loading/common_voice_en_18788780.opus,loading
./data/macroset/en/clips/loading/common_voice_en_20552383.opus,loading
./data/macroset/en/clips/loading/common_voice_en_19814795.opus,loading
./data/macroset/en/clips/pipe/common_voice_en_698796.opus,pipe
./data/macroset/en/clips/pipe/common_voice_en_3308.opus,pipe
./data/macroset/en/clips/pipe/common_voice_en_671397.opus,pipe
./data/macroset/en/clips/pipe/common_voice_en_625960.opus,pipe
./data/macroset/en/clips/pipe/common_voice_en_19463499.opus,pipe
./data/macroset/en/clips/jury/common_voice_en_18491196.opus,jury
./data/macroset/en/clips/jury/common_voice_en_19853533.opus,jury
./data/macroset/en/clips/jury/common_voice_en_20072322.opus,jury
./data/macroset/en/clips/jury/common_voice_en_19401611.opus,jury
./data/macroset/en/clips/jury/common_voice_en_1858146.opus,jury
./data/macroset/en/clips/pounced/common_voice_en_428104.opus,pounced
./data/macroset/en/clips/pounced/common_voice_en_17286662.opus,pounced
./data/macroset/en/clips/pounced/common_voice_en_17248707.opus,pounced
./data/macroset/en/clips/pounced/common_voice_en_18139537.opus,pounced
./data/macroset/en/clips/pounced/common_voice_en_17926573.opus,pounced
./data/macroset/en/clips/gossip/common_voice_en_17274414.opus,gossip
./data/macroset/en/clips/gossip/common_voice_en_19660005.opus,gossip
./data/macroset/en/clips/gossip/common_voice_en_17405327.opus,gossip
./data/macroset/en/clips/gossip/common_voice_en_17276983.opus,gossip
./data/macroset/en/clips/gossip/common_voice_en_17263534.opus,gossip
./data/macroset/en/clips/north/common_voice_en_21538259.opus,north
./data/macroset/en/clips/north/common_voice_en_19343520.opus,north
./data/macroset/en/clips/north/common_voice_en_21846271.opus,north
./data/macroset/en/clips/north/common_voice_en_20234293.opus,north
./data/macroset/en/clips/north/common_voice_en_22202346.opus,north
./data/macroset/en/clips/pop/common_voice_en_19654027.opus,pop
./data/macroset/en/clips/pop/common_voice_en_21281746.opus,pop
./data/macroset/en/clips/pop/common_voice_en_20983832.opus,pop
./data/macroset/en/clips/pop/common_voice_en_19698727.opus,pop
./data/macroset/en/clips/pop/common_voice_en_504039.opus,pop
./data/macroset/en/clips/stroke/common_voice_en_203007.opus,stroke
./data/macroset/en/clips/stroke/common_voice_en_20162623.opus,stroke
./data/macroset/en/clips/stroke/common_voice_en_621690.opus,stroke
./data/macroset/en/clips/stroke/common_voice_en_168479.opus,stroke
./data/macroset/en/clips/stroke/common_voice_en_218915.opus,stroke
./data/macroset/en/clips/scenarios/common_voice_en_221409.opus,scenarios
./data/macroset/en/clips/scenarios/common_voice_en_3204.opus,scenarios
./data/macroset/en/clips/scenarios/common_voice_en_19786939.opus,scenarios
./data/macroset/en/clips/scenarios/common_voice_en_19072513.opus,scenarios
./data/macroset/en/clips/scenarios/common_voice_en_490884.opus,scenarios
./data/macroset/en/clips/uterine/common_voice_en_18300813.opus,uterine
./data/macroset/en/clips/uterine/common_voice_en_17935793.opus,uterine
./data/macroset/en/clips/uterine/common_voice_en_17375672.opus,uterine
./data/macroset/en/clips/uterine/common_voice_en_18128698.opus,uterine
./data/macroset/en/clips/uterine/common_voice_en_18147418.opus,uterine
./data/macroset/en/clips/qualities/common_voice_en_22352442.opus,qualities
./data/macroset/en/clips/qualities/common_voice_en_20905669.opus,qualities
./data/macroset/en/clips/qualities/common_voice_en_21307026.opus,qualities
./data/macroset/en/clips/qualities/common_voice_en_21419936.opus,qualities
./data/macroset/en/clips/qualities/common_voice_en_19533677.opus,qualities
./data/macroset/en/clips/bothered/common_voice_en_658901.opus,bothered
./data/macroset/en/clips/bothered/common_voice_en_18424968.opus,bothered
./data/macroset/en/clips/bothered/common_voice_en_39800.opus,bothered
./data/macroset/en/clips/bothered/common_voice_en_194014.opus,bothered
./data/macroset/en/clips/bothered/common_voice_en_18682536.opus,bothered
./data/macroset/en/clips/not/common_voice_en_20302734.opus,not
./data/macroset/en/clips/not/common_voice_en_137255.opus,not
./data/macroset/en/clips/not/common_voice_en_26517.opus,not
./data/macroset/en/clips/not/common_voice_en_19743633.opus,not
./data/macroset/en/clips/not/common_voice_en_19248988.opus,not
./data/macroset/en/clips/resident/common_voice_en_21750897.opus,resident
./data/macroset/en/clips/resident/common_voice_en_19983997.opus,resident
./data/macroset/en/clips/resident/common_voice_en_22091623.opus,resident
./data/macroset/en/clips/resident/common_voice_en_22006878.opus,resident
./data/macroset/en/clips/resident/common_voice_en_18963885.opus,resident
./data/macroset/en/clips/bread/common_voice_en_22450029.opus,bread
./data/macroset/en/clips/bread/common_voice_en_374387.opus,bread
./data/macroset/en/clips/bread/common_voice_en_9210.opus,bread
./data/macroset/en/clips/bread/common_voice_en_15903587.opus,bread
./data/macroset/en/clips/bread/common_voice_en_20517614.opus,bread
./data/macroset/en/clips/avenger/common_voice_en_18077568.opus,avenger
./data/macroset/en/clips/avenger/common_voice_en_17538322.opus,avenger
./data/macroset/en/clips/avenger/common_voice_en_17260938.opus,avenger
./data/macroset/en/clips/avenger/common_voice_en_480450.opus,avenger
./data/macroset/en/clips/avenger/common_voice_en_17859598.opus,avenger
./data/macroset/en/clips/jug/common_voice_en_18163476.opus,jug
./data/macroset/en/clips/jug/common_voice_en_17847939.opus,jug
./data/macroset/en/clips/jug/common_voice_en_393317.opus,jug
./data/macroset/en/clips/jug/common_voice_en_18841465.opus,jug
./data/macroset/en/clips/jug/common_voice_en_18049364.opus,jug
./data/macroset/en/clips/developers/common_voice_en_575765.opus,developers
./data/macroset/en/clips/developers/common_voice_en_18627639.opus,developers
./data/macroset/en/clips/developers/common_voice_en_21403064.opus,developers
./data/macroset/en/clips/developers/common_voice_en_19100101.opus,developers
./data/macroset/en/clips/developers/common_voice_en_695904.opus,developers
./data/macroset/en/clips/patiently/common_voice_en_683297.opus,patiently
./data/macroset/en/clips/patiently/common_voice_en_653247.opus,patiently
./data/macroset/en/clips/patiently/common_voice_en_621005.opus,patiently
./data/macroset/en/clips/patiently/common_voice_en_18328133.opus,patiently
./data/macroset/en/clips/patiently/common_voice_en_18459686.opus,patiently
./data/macroset/en/clips/editors/common_voice_en_21861412.opus,editors
./data/macroset/en/clips/editors/common_voice_en_21419778.opus,editors
./data/macroset/en/clips/editors/common_voice_en_22225845.opus,editors
./data/macroset/en/clips/editors/common_voice_en_19677033.opus,editors
./data/macroset/en/clips/editors/common_voice_en_22270784.opus,editors
./data/macroset/en/clips/outdoors/common_voice_en_17257948.opus,outdoors
./data/macroset/en/clips/outdoors/common_voice_en_116774.opus,outdoors
./data/macroset/en/clips/outdoors/common_voice_en_567637.opus,outdoors
./data/macroset/en/clips/outdoors/common_voice_en_17806959.opus,outdoors
./data/macroset/en/clips/outdoors/common_voice_en_59249.opus,outdoors
./data/macroset/en/clips/cyclists/common_voice_en_20415877.opus,cyclists
./data/macroset/en/clips/cyclists/common_voice_en_567556.opus,cyclists
./data/macroset/en/clips/cyclists/common_voice_en_696325.opus,cyclists
./data/macroset/en/clips/cyclists/common_voice_en_37928.opus,cyclists
./data/macroset/en/clips/cyclists/common_voice_en_619694.opus,cyclists
./data/macroset/en/clips/topological/common_voice_en_20011373.opus,topological
./data/macroset/en/clips/topological/common_voice_en_21351731.opus,topological
./data/macroset/en/clips/topological/common_voice_en_21381675.opus,topological
./data/macroset/en/clips/topological/common_voice_en_18105561.opus,topological
./data/macroset/en/clips/topological/common_voice_en_20234666.opus,topological
./data/macroset/en/clips/inconvenience/common_voice_en_635906.opus,inconvenience
./data/macroset/en/clips/inconvenience/common_voice_en_76685.opus,inconvenience
./data/macroset/en/clips/inconvenience/common_voice_en_558928.opus,inconvenience
./data/macroset/en/clips/inconvenience/common_voice_en_500542.opus,inconvenience
./data/macroset/en/clips/inconvenience/common_voice_en_20670648.opus,inconvenience
./data/macroset/en/clips/funerals/common_voice_en_183428.opus,funerals
./data/macroset/en/clips/funerals/common_voice_en_700569.opus,funerals
./data/macroset/en/clips/funerals/common_voice_en_18590.opus,funerals
./data/macroset/en/clips/funerals/common_voice_en_697920.opus,funerals
./data/macroset/en/clips/funerals/common_voice_en_188687.opus,funerals
./data/macroset/en/clips/recognized/common_voice_en_19748655.opus,recognized
./data/macroset/en/clips/recognized/common_voice_en_20105019.opus,recognized
./data/macroset/en/clips/recognized/common_voice_en_92136.opus,recognized
./data/macroset/en/clips/recognized/common_voice_en_19715496.opus,recognized
./data/macroset/en/clips/recognized/common_voice_en_18944226.opus,recognized
./data/macroset/en/clips/welcomed/common_voice_en_16578.opus,welcomed
./data/macroset/en/clips/welcomed/common_voice_en_556649.opus,welcomed
./data/macroset/en/clips/welcomed/common_voice_en_654973.opus,welcomed
./data/macroset/en/clips/welcomed/common_voice_en_19453872.opus,welcomed
./data/macroset/en/clips/welcomed/common_voice_en_166985.opus,welcomed
./data/macroset/en/clips/dots/common_voice_en_18052406.opus,dots
./data/macroset/en/clips/dots/common_voice_en_17850778.opus,dots
./data/macroset/en/clips/dots/common_voice_en_19796.opus,dots
./data/macroset/en/clips/dots/common_voice_en_68593.opus,dots
./data/macroset/en/clips/dots/common_voice_en_247062.opus,dots
./data/macroset/en/clips/timber/common_voice_en_20754931.opus,timber
./data/macroset/en/clips/timber/common_voice_en_20216367.opus,timber
./data/macroset/en/clips/timber/common_voice_en_18825754.opus,timber
./data/macroset/en/clips/timber/common_voice_en_21269687.opus,timber
./data/macroset/en/clips/timber/common_voice_en_20912257.opus,timber
./data/macroset/en/clips/judged/common_voice_en_19827760.opus,judged
./data/macroset/en/clips/judged/common_voice_en_22292704.opus,judged
./data/macroset/en/clips/judged/common_voice_en_20306113.opus,judged
./data/macroset/en/clips/judged/common_voice_en_20691487.opus,judged
./data/macroset/en/clips/judged/common_voice_en_20952852.opus,judged
./data/macroset/en/clips/homophobia/common_voice_en_17563914.opus,homophobia
./data/macroset/en/clips/homophobia/common_voice_en_17339375.opus,homophobia
./data/macroset/en/clips/homophobia/common_voice_en_17966026.opus,homophobia
./data/macroset/en/clips/homophobia/common_voice_en_17260333.opus,homophobia
./data/macroset/en/clips/homophobia/common_voice_en_203856.opus,homophobia
./data/macroset/en/clips/emblem/common_voice_en_19521181.opus,emblem
./data/macroset/en/clips/emblem/common_voice_en_21998403.opus,emblem
./data/macroset/en/clips/emblem/common_voice_en_22190549.opus,emblem
./data/macroset/en/clips/emblem/common_voice_en_22084659.opus,emblem
./data/macroset/en/clips/emblem/common_voice_en_21763750.opus,emblem
./data/macroset/en/clips/wow/common_voice_en_17290197.opus,wow
./data/macroset/en/clips/wow/common_voice_en_18081852.opus,wow
./data/macroset/en/clips/wow/common_voice_en_17258070.opus,wow
./data/macroset/en/clips/wow/common_voice_en_17290136.opus,wow
./data/macroset/en/clips/wow/common_voice_en_373908.opus,wow
./data/macroset/en/clips/gradually/common_voice_en_20358608.opus,gradually
./data/macroset/en/clips/gradually/common_voice_en_22408157.opus,gradually
./data/macroset/en/clips/gradually/common_voice_en_19676540.opus,gradually
./data/macroset/en/clips/gradually/common_voice_en_20498489.opus,gradually
./data/macroset/en/clips/gradually/common_voice_en_21650031.opus,gradually
./data/macroset/en/clips/spilt/common_voice_en_491964.opus,spilt
./data/macroset/en/clips/spilt/common_voice_en_17725565.opus,spilt
./data/macroset/en/clips/spilt/common_voice_en_18130309.opus,spilt
./data/macroset/en/clips/spilt/common_voice_en_7957204.opus,spilt
./data/macroset/en/clips/spilt/common_voice_en_17371590.opus,spilt
./data/macroset/en/clips/germans/common_voice_en_22398058.opus,germans
./data/macroset/en/clips/germans/common_voice_en_21512291.opus,germans
./data/macroset/en/clips/germans/common_voice_en_19150899.opus,germans
./data/macroset/en/clips/germans/common_voice_en_22292437.opus,germans
./data/macroset/en/clips/germans/common_voice_en_20993606.opus,germans
./data/macroset/en/clips/represents/common_voice_en_20466388.opus,represents
./data/macroset/en/clips/represents/common_voice_en_22029911.opus,represents
./data/macroset/en/clips/represents/common_voice_en_18741460.opus,represents
./data/macroset/en/clips/represents/common_voice_en_19690112.opus,represents
./data/macroset/en/clips/represents/common_voice_en_18816252.opus,represents
./data/macroset/en/clips/attention/common_voice_en_593444.opus,attention
./data/macroset/en/clips/attention/common_voice_en_600980.opus,attention
./data/macroset/en/clips/attention/common_voice_en_19158323.opus,attention
./data/macroset/en/clips/attention/common_voice_en_214543.opus,attention
./data/macroset/en/clips/attention/common_voice_en_19195975.opus,attention
./data/macroset/en/clips/autonomous/common_voice_en_18287207.opus,autonomous
./data/macroset/en/clips/autonomous/common_voice_en_18306199.opus,autonomous
./data/macroset/en/clips/autonomous/common_voice_en_22445019.opus,autonomous
./data/macroset/en/clips/autonomous/common_voice_en_18277845.opus,autonomous
./data/macroset/en/clips/autonomous/common_voice_en_22173228.opus,autonomous
./data/macroset/en/clips/whip/common_voice_en_97783.opus,whip
./data/macroset/en/clips/whip/common_voice_en_20994815.opus,whip
./data/macroset/en/clips/whip/common_voice_en_88082.opus,whip
./data/macroset/en/clips/whip/common_voice_en_99718.opus,whip
./data/macroset/en/clips/whip/common_voice_en_19137814.opus,whip
./data/macroset/en/clips/intensive/common_voice_en_19636930.opus,intensive
./data/macroset/en/clips/intensive/common_voice_en_30166.opus,intensive
./data/macroset/en/clips/intensive/common_voice_en_22181581.opus,intensive
./data/macroset/en/clips/intensive/common_voice_en_18954975.opus,intensive
./data/macroset/en/clips/intensive/common_voice_en_20315455.opus,intensive
./data/macroset/en/clips/antelope/common_voice_en_17422799.opus,antelope
./data/macroset/en/clips/antelope/common_voice_en_17278118.opus,antelope
./data/macroset/en/clips/antelope/common_voice_en_57571.opus,antelope
./data/macroset/en/clips/antelope/common_voice_en_17576864.opus,antelope
./data/macroset/en/clips/antelope/common_voice_en_525124.opus,antelope
./data/macroset/en/clips/estimating/common_voice_en_2478415.opus,estimating
./data/macroset/en/clips/estimating/common_voice_en_9592.opus,estimating
./data/macroset/en/clips/estimating/common_voice_en_17474626.opus,estimating
./data/macroset/en/clips/estimating/common_voice_en_17331466.opus,estimating
./data/macroset/en/clips/estimating/common_voice_en_17855089.opus,estimating
./data/macroset/en/clips/dimension/common_voice_en_601420.opus,dimension
./data/macroset/en/clips/dimension/common_voice_en_20490795.opus,dimension
./data/macroset/en/clips/dimension/common_voice_en_491249.opus,dimension
./data/macroset/en/clips/dimension/common_voice_en_41338.opus,dimension
./data/macroset/en/clips/dimension/common_voice_en_262948.opus,dimension
./data/macroset/en/clips/berries/common_voice_en_21244467.opus,berries
./data/macroset/en/clips/berries/common_voice_en_19854538.opus,berries
./data/macroset/en/clips/berries/common_voice_en_21776734.opus,berries
./data/macroset/en/clips/berries/common_voice_en_21656471.opus,berries
./data/macroset/en/clips/berries/common_voice_en_19666102.opus,berries
./data/macroset/en/clips/horror/common_voice_en_21760631.opus,horror
./data/macroset/en/clips/horror/common_voice_en_18603491.opus,horror
./data/macroset/en/clips/horror/common_voice_en_18754611.opus,horror
./data/macroset/en/clips/horror/common_voice_en_21690813.opus,horror
./data/macroset/en/clips/horror/common_voice_en_65774.opus,horror
./data/macroset/en/clips/proceeds/common_voice_en_19612191.opus,proceeds
./data/macroset/en/clips/proceeds/common_voice_en_20896476.opus,proceeds
./data/macroset/en/clips/proceeds/common_voice_en_19974605.opus,proceeds
./data/macroset/en/clips/proceeds/common_voice_en_18772679.opus,proceeds
./data/macroset/en/clips/proceeds/common_voice_en_19610510.opus,proceeds
./data/macroset/en/clips/trent/common_voice_en_20234467.opus,trent
./data/macroset/en/clips/trent/common_voice_en_19188063.opus,trent
./data/macroset/en/clips/trent/common_voice_en_22309848.opus,trent
./data/macroset/en/clips/trent/common_voice_en_19703131.opus,trent
./data/macroset/en/clips/trent/common_voice_en_18717883.opus,trent
./data/macroset/en/clips/nevertheless/common_voice_en_19362484.opus,nevertheless
./data/macroset/en/clips/nevertheless/common_voice_en_18835781.opus,nevertheless
./data/macroset/en/clips/nevertheless/common_voice_en_21206756.opus,nevertheless
./data/macroset/en/clips/nevertheless/common_voice_en_20475139.opus,nevertheless
./data/macroset/en/clips/nevertheless/common_voice_en_20178478.opus,nevertheless
./data/macroset/en/clips/flower/common_voice_en_629616.opus,flower
./data/macroset/en/clips/flower/common_voice_en_18327043.opus,flower
./data/macroset/en/clips/flower/common_voice_en_19639945.opus,flower
./data/macroset/en/clips/flower/common_voice_en_20248854.opus,flower
./data/macroset/en/clips/flower/common_voice_en_19685723.opus,flower
./data/macroset/en/clips/second/common_voice_en_20990065.opus,second
./data/macroset/en/clips/second/common_voice_en_20524078.opus,second
./data/macroset/en/clips/second/common_voice_en_22468366.opus,second
./data/macroset/en/clips/second/common_voice_en_18883282.opus,second
./data/macroset/en/clips/second/common_voice_en_18960672.opus,second
./data/macroset/en/clips/plead/common_voice_en_19376959.opus,plead
./data/macroset/en/clips/plead/common_voice_en_18789.opus,plead
./data/macroset/en/clips/plead/common_voice_en_17375708.opus,plead
./data/macroset/en/clips/plead/common_voice_en_43112.opus,plead
./data/macroset/en/clips/plead/common_voice_en_18177050.opus,plead
./data/macroset/en/clips/measured/common_voice_en_18314248.opus,measured
./data/macroset/en/clips/measured/common_voice_en_22267064.opus,measured
./data/macroset/en/clips/measured/common_voice_en_19050509.opus,measured
./data/macroset/en/clips/measured/common_voice_en_20353727.opus,measured
./data/macroset/en/clips/measured/common_voice_en_18520217.opus,measured
./data/macroset/en/clips/knob/common_voice_en_20256462.opus,knob
./data/macroset/en/clips/knob/common_voice_en_636616.opus,knob
./data/macroset/en/clips/knob/common_voice_en_588315.opus,knob
./data/macroset/en/clips/knob/common_voice_en_592777.opus,knob
./data/macroset/en/clips/knob/common_voice_en_21872552.opus,knob
./data/macroset/en/clips/worms/common_voice_en_698714.opus,worms
./data/macroset/en/clips/worms/common_voice_en_17777136.opus,worms
./data/macroset/en/clips/worms/common_voice_en_17718631.opus,worms
./data/macroset/en/clips/worms/common_voice_en_18043621.opus,worms
./data/macroset/en/clips/worms/common_voice_en_526188.opus,worms
./data/macroset/en/clips/solutions/common_voice_en_19954786.opus,solutions
./data/macroset/en/clips/solutions/common_voice_en_15734913__2.opus,solutions
./data/macroset/en/clips/solutions/common_voice_en_22279__2.opus,solutions
./data/macroset/en/clips/solutions/common_voice_en_18870402.opus,solutions
./data/macroset/en/clips/solutions/common_voice_en_15753005__2.opus,solutions
./data/macroset/en/clips/platforms/common_voice_en_20794026.opus,platforms
./data/macroset/en/clips/platforms/common_voice_en_22159979.opus,platforms
./data/macroset/en/clips/platforms/common_voice_en_21187102.opus,platforms
./data/macroset/en/clips/platforms/common_voice_en_19170951.opus,platforms
./data/macroset/en/clips/platforms/common_voice_en_19774152.opus,platforms
./data/macroset/en/clips/exchanged/common_voice_en_65583.opus,exchanged
./data/macroset/en/clips/exchanged/common_voice_en_670920.opus,exchanged
./data/macroset/en/clips/exchanged/common_voice_en_613848.opus,exchanged
./data/macroset/en/clips/exchanged/common_voice_en_22032853.opus,exchanged
./data/macroset/en/clips/exchanged/common_voice_en_187786.opus,exchanged
./data/macroset/en/clips/cliffs/common_voice_en_19433665.opus,cliffs
./data/macroset/en/clips/cliffs/common_voice_en_19702238.opus,cliffs
./data/macroset/en/clips/cliffs/common_voice_en_20537521.opus,cliffs
./data/macroset/en/clips/cliffs/common_voice_en_22304972.opus,cliffs
./data/macroset/en/clips/cliffs/common_voice_en_21220675.opus,cliffs
./data/macroset/en/clips/eldest/common_voice_en_19599216.opus,eldest
./data/macroset/en/clips/eldest/common_voice_en_21923581.opus,eldest
./data/macroset/en/clips/eldest/common_voice_en_20880399.opus,eldest
./data/macroset/en/clips/eldest/common_voice_en_19942987.opus,eldest
./data/macroset/en/clips/eldest/common_voice_en_20963708.opus,eldest
./data/macroset/en/clips/translucent/common_voice_en_418331.opus,translucent
./data/macroset/en/clips/translucent/common_voice_en_18019469.opus,translucent
./data/macroset/en/clips/translucent/common_voice_en_17666317.opus,translucent
./data/macroset/en/clips/translucent/common_voice_en_17345892.opus,translucent
./data/macroset/en/clips/translucent/common_voice_en_17261104.opus,translucent
./data/macroset/en/clips/rose/common_voice_en_12566765.opus,rose
./data/macroset/en/clips/rose/common_voice_en_18543022.opus,rose
./data/macroset/en/clips/rose/common_voice_en_21004920.opus,rose
./data/macroset/en/clips/rose/common_voice_en_588587.opus,rose
./data/macroset/en/clips/rose/common_voice_en_19574563.opus,rose
./data/macroset/en/clips/contrary/common_voice_en_299001.opus,contrary
./data/macroset/en/clips/contrary/common_voice_en_18816463.opus,contrary
./data/macroset/en/clips/contrary/common_voice_en_17965783.opus,contrary
./data/macroset/en/clips/contrary/common_voice_en_19003030.opus,contrary
./data/macroset/en/clips/contrary/common_voice_en_17276934.opus,contrary
./data/macroset/en/clips/specialized/common_voice_en_22439262.opus,specialized
./data/macroset/en/clips/specialized/common_voice_en_18067573.opus,specialized
./data/macroset/en/clips/specialized/common_voice_en_615748.opus,specialized
./data/macroset/en/clips/specialized/common_voice_en_19022830.opus,specialized
./data/macroset/en/clips/specialized/common_voice_en_18850086.opus,specialized
./data/macroset/en/clips/motivated/common_voice_en_20763507.opus,motivated
./data/macroset/en/clips/motivated/common_voice_en_22183171.opus,motivated
./data/macroset/en/clips/motivated/common_voice_en_621144.opus,motivated
./data/macroset/en/clips/motivated/common_voice_en_19215100.opus,motivated
./data/macroset/en/clips/motivated/common_voice_en_21274938.opus,motivated
./data/macroset/en/clips/laboratory/common_voice_en_538281.opus,laboratory
./data/macroset/en/clips/laboratory/common_voice_en_21768752.opus,laboratory
./data/macroset/en/clips/laboratory/common_voice_en_679522.opus,laboratory
./data/macroset/en/clips/laboratory/common_voice_en_19306809.opus,laboratory
./data/macroset/en/clips/laboratory/common_voice_en_19150921.opus,laboratory
./data/macroset/en/clips/york/common_voice_en_20436643.opus,york
./data/macroset/en/clips/york/common_voice_en_20783576.opus,york
./data/macroset/en/clips/york/common_voice_en_22417186.opus,york
./data/macroset/en/clips/york/common_voice_en_20065705.opus,york
./data/macroset/en/clips/york/common_voice_en_19590992.opus,york
./data/macroset/en/clips/tyre/common_voice_en_17572371.opus,tyre
./data/macroset/en/clips/tyre/common_voice_en_19453400.opus,tyre
./data/macroset/en/clips/tyre/common_voice_en_17387992.opus,tyre
./data/macroset/en/clips/tyre/common_voice_en_17254181.opus,tyre
./data/macroset/en/clips/tyre/common_voice_en_17388505.opus,tyre
./data/macroset/en/clips/states/common_voice_en_20132668.opus,states
./data/macroset/en/clips/states/common_voice_en_20143536.opus,states
./data/macroset/en/clips/states/common_voice_en_19634586.opus,states
./data/macroset/en/clips/states/common_voice_en_17391302.opus,states
./data/macroset/en/clips/states/common_voice_en_20540974.opus,states
./data/macroset/en/clips/figures/common_voice_en_20990411.opus,figures
./data/macroset/en/clips/figures/common_voice_en_619302.opus,figures
./data/macroset/en/clips/figures/common_voice_en_20235702.opus,figures
./data/macroset/en/clips/figures/common_voice_en_20968504.opus,figures
./data/macroset/en/clips/figures/common_voice_en_647760.opus,figures
./data/macroset/en/clips/religious/common_voice_en_19702007.opus,religious
./data/macroset/en/clips/religious/common_voice_en_22371063.opus,religious
./data/macroset/en/clips/religious/common_voice_en_22307520.opus,religious
./data/macroset/en/clips/religious/common_voice_en_22384260.opus,religious
./data/macroset/en/clips/religious/common_voice_en_20413662.opus,religious
./data/macroset/en/clips/freshwater/common_voice_en_19496900.opus,freshwater
./data/macroset/en/clips/freshwater/common_voice_en_20030331.opus,freshwater
./data/macroset/en/clips/freshwater/common_voice_en_22325226.opus,freshwater
./data/macroset/en/clips/freshwater/common_voice_en_20348788.opus,freshwater
./data/macroset/en/clips/freshwater/common_voice_en_22287169.opus,freshwater
./data/macroset/en/clips/grinning/common_voice_en_17726847.opus,grinning
./data/macroset/en/clips/grinning/common_voice_en_17945078.opus,grinning
./data/macroset/en/clips/grinning/common_voice_en_17298539.opus,grinning
./data/macroset/en/clips/grinning/common_voice_en_659766.opus,grinning
./data/macroset/en/clips/grinning/common_voice_en_17279206.opus,grinning
./data/macroset/en/clips/ensued/common_voice_en_20934217.opus,ensued
./data/macroset/en/clips/ensued/common_voice_en_19747857.opus,ensued
./data/macroset/en/clips/ensued/common_voice_en_22226037.opus,ensued
./data/macroset/en/clips/ensued/common_voice_en_20778502.opus,ensued
./data/macroset/en/clips/ensued/common_voice_en_20234037.opus,ensued
./data/macroset/en/clips/recovered/common_voice_en_19570217.opus,recovered
./data/macroset/en/clips/recovered/common_voice_en_20594936.opus,recovered
./data/macroset/en/clips/recovered/common_voice_en_22133063.opus,recovered
./data/macroset/en/clips/recovered/common_voice_en_22149776.opus,recovered
./data/macroset/en/clips/recovered/common_voice_en_20303197.opus,recovered
./data/macroset/en/clips/endured/common_voice_en_18339964.opus,endured
./data/macroset/en/clips/endured/common_voice_en_22249315.opus,endured
./data/macroset/en/clips/endured/common_voice_en_19546650.opus,endured
./data/macroset/en/clips/endured/common_voice_en_22458776.opus,endured
./data/macroset/en/clips/endured/common_voice_en_449828.opus,endured
./data/macroset/en/clips/rotating/common_voice_en_49350.opus,rotating
./data/macroset/en/clips/rotating/common_voice_en_618508.opus,rotating
./data/macroset/en/clips/rotating/common_voice_en_72335.opus,rotating
./data/macroset/en/clips/rotating/common_voice_en_537313.opus,rotating
./data/macroset/en/clips/rotating/common_voice_en_630372.opus,rotating
./data/macroset/en/clips/paralysed/common_voice_en_656673.opus,paralysed
./data/macroset/en/clips/paralysed/common_voice_en_680317.opus,paralysed
./data/macroset/en/clips/paralysed/common_voice_en_579281.opus,paralysed
./data/macroset/en/clips/paralysed/common_voice_en_501736.opus,paralysed
./data/macroset/en/clips/paralysed/common_voice_en_20318768.opus,paralysed
./data/macroset/en/clips/welcome/common_voice_en_18341993.opus,welcome
./data/macroset/en/clips/welcome/common_voice_en_694359.opus,welcome
./data/macroset/en/clips/welcome/common_voice_en_17727963.opus,welcome
./data/macroset/en/clips/welcome/common_voice_en_637181.opus,welcome
./data/macroset/en/clips/welcome/common_voice_en_17289011.opus,welcome
./data/macroset/en/clips/acting/common_voice_en_500326.opus,acting
./data/macroset/en/clips/acting/common_voice_en_19773968.opus,acting
./data/macroset/en/clips/acting/common_voice_en_218997.opus,acting
./data/macroset/en/clips/acting/common_voice_en_19526617.opus,acting
./data/macroset/en/clips/acting/common_voice_en_19652610.opus,acting
./data/macroset/en/clips/act/common_voice_en_581997.opus,act
./data/macroset/en/clips/act/common_voice_en_213595.opus,act
./data/macroset/en/clips/act/common_voice_en_20820120.opus,act
./data/macroset/en/clips/act/common_voice_en_659854.opus,act
./data/macroset/en/clips/act/common_voice_en_19853816.opus,act
./data/macroset/en/clips/wheat/common_voice_en_21725448.opus,wheat
./data/macroset/en/clips/wheat/common_voice_en_19409461.opus,wheat
./data/macroset/en/clips/wheat/common_voice_en_17932262.opus,wheat
./data/macroset/en/clips/wheat/common_voice_en_20586961.opus,wheat
./data/macroset/en/clips/wheat/common_voice_en_22320562.opus,wheat
./data/macroset/en/clips/optical/common_voice_en_694125.opus,optical
./data/macroset/en/clips/optical/common_voice_en_20424863.opus,optical
./data/macroset/en/clips/optical/common_voice_en_21127800.opus,optical
./data/macroset/en/clips/optical/common_voice_en_21947483.opus,optical
./data/macroset/en/clips/optical/common_voice_en_21024896.opus,optical
./data/macroset/en/clips/transmitted/common_voice_en_19515686.opus,transmitted
./data/macroset/en/clips/transmitted/common_voice_en_22377785.opus,transmitted
./data/macroset/en/clips/transmitted/common_voice_en_20374585.opus,transmitted
./data/macroset/en/clips/transmitted/common_voice_en_19022672.opus,transmitted
./data/macroset/en/clips/transmitted/common_voice_en_579599.opus,transmitted
./data/macroset/en/clips/badge/common_voice_en_21739766.opus,badge
./data/macroset/en/clips/badge/common_voice_en_21111319.opus,badge
./data/macroset/en/clips/badge/common_voice_en_20974160.opus,badge
./data/macroset/en/clips/badge/common_voice_en_21781812.opus,badge
./data/macroset/en/clips/badge/common_voice_en_567132.opus,badge
./data/macroset/en/clips/community/common_voice_en_20857967.opus,community
./data/macroset/en/clips/community/common_voice_en_20785818.opus,community
./data/macroset/en/clips/community/common_voice_en_19410916.opus,community
./data/macroset/en/clips/community/common_voice_en_20888051.opus,community
./data/macroset/en/clips/community/common_voice_en_19577359.opus,community
./data/macroset/en/clips/catches/common_voice_en_19812445.opus,catches
./data/macroset/en/clips/catches/common_voice_en_501638.opus,catches
./data/macroset/en/clips/catches/common_voice_en_74917.opus,catches
./data/macroset/en/clips/catches/common_voice_en_20261739.opus,catches
./data/macroset/en/clips/catches/common_voice_en_20757529.opus,catches
./data/macroset/en/clips/brolly/common_voice_en_17387961.opus,brolly
./data/macroset/en/clips/brolly/common_voice_en_617195.opus,brolly
./data/macroset/en/clips/brolly/common_voice_en_17556001.opus,brolly
./data/macroset/en/clips/brolly/common_voice_en_17264645.opus,brolly
./data/macroset/en/clips/brolly/common_voice_en_17885079.opus,brolly
./data/macroset/en/clips/socialize/common_voice_en_19769467.opus,socialize
./data/macroset/en/clips/socialize/common_voice_en_18142469.opus,socialize
./data/macroset/en/clips/socialize/common_voice_en_17582176.opus,socialize
./data/macroset/en/clips/socialize/common_voice_en_17715390.opus,socialize
./data/macroset/en/clips/socialize/common_voice_en_539795.opus,socialize
./data/macroset/en/clips/malfunctioning/common_voice_en_72899.opus,malfunctioning
./data/macroset/en/clips/malfunctioning/common_voice_en_54763.opus,malfunctioning
./data/macroset/en/clips/malfunctioning/common_voice_en_204226.opus,malfunctioning
./data/macroset/en/clips/malfunctioning/common_voice_en_311650.opus,malfunctioning
./data/macroset/en/clips/malfunctioning/common_voice_en_523316.opus,malfunctioning
./data/macroset/en/clips/down/common_voice_en_17298259.opus,down
./data/macroset/en/clips/down/common_voice_en_17851607.opus,down
./data/macroset/en/clips/down/common_voice_en_17456530.opus,down
./data/macroset/en/clips/down/common_voice_en_17996399.opus,down
./data/macroset/en/clips/down/common_voice_en_201476.opus,down
./data/macroset/en/clips/elegant/common_voice_en_21311011.opus,elegant
./data/macroset/en/clips/elegant/common_voice_en_15804262.opus,elegant
./data/macroset/en/clips/elegant/common_voice_en_79826.opus,elegant
./data/macroset/en/clips/elegant/common_voice_en_20297043.opus,elegant
./data/macroset/en/clips/elegant/common_voice_en_79545.opus,elegant
./data/macroset/en/clips/injuries/common_voice_en_22254935.opus,injuries
./data/macroset/en/clips/injuries/common_voice_en_21229743.opus,injuries
./data/macroset/en/clips/injuries/common_voice_en_17279831.opus,injuries
./data/macroset/en/clips/injuries/common_voice_en_673224.opus,injuries
./data/macroset/en/clips/injuries/common_voice_en_18952302.opus,injuries
./data/macroset/en/clips/baptism/common_voice_en_17453526.opus,baptism
./data/macroset/en/clips/baptism/common_voice_en_19493202.opus,baptism
./data/macroset/en/clips/baptism/common_voice_en_526685.opus,baptism
./data/macroset/en/clips/baptism/common_voice_en_85465.opus,baptism
./data/macroset/en/clips/baptism/common_voice_en_317065.opus,baptism
./data/macroset/en/clips/tyrannical/common_voice_en_608642.opus,tyrannical
./data/macroset/en/clips/tyrannical/common_voice_en_140913.opus,tyrannical
./data/macroset/en/clips/tyrannical/common_voice_en_534225.opus,tyrannical
./data/macroset/en/clips/tyrannical/common_voice_en_539996.opus,tyrannical
./data/macroset/en/clips/tyrannical/common_voice_en_202116.opus,tyrannical
./data/macroset/en/clips/bugs/common_voice_en_17273648.opus,bugs
./data/macroset/en/clips/bugs/common_voice_en_17433119.opus,bugs
./data/macroset/en/clips/bugs/common_voice_en_17444700.opus,bugs
./data/macroset/en/clips/bugs/common_voice_en_17808957.opus,bugs
./data/macroset/en/clips/bugs/common_voice_en_17291540.opus,bugs
./data/macroset/en/clips/edges/common_voice_en_58226.opus,edges
./data/macroset/en/clips/edges/common_voice_en_17272108.opus,edges
./data/macroset/en/clips/edges/common_voice_en_20463900.opus,edges
./data/macroset/en/clips/edges/common_voice_en_21100604.opus,edges
./data/macroset/en/clips/edges/common_voice_en_17325552.opus,edges
./data/macroset/en/clips/keeps/common_voice_en_18301237.opus,keeps
./data/macroset/en/clips/keeps/common_voice_en_8496282.opus,keeps
./data/macroset/en/clips/keeps/common_voice_en_578521.opus,keeps
./data/macroset/en/clips/keeps/common_voice_en_17959152.opus,keeps
./data/macroset/en/clips/keeps/common_voice_en_404083.opus,keeps
./data/macroset/en/clips/unfazed/common_voice_en_17259510.opus,unfazed
./data/macroset/en/clips/unfazed/common_voice_en_18003392.opus,unfazed
./data/macroset/en/clips/unfazed/common_voice_en_17844021.opus,unfazed
./data/macroset/en/clips/unfazed/common_voice_en_17248686.opus,unfazed
./data/macroset/en/clips/unfazed/common_voice_en_17388505.opus,unfazed
./data/macroset/en/clips/falcon/common_voice_en_523660.opus,falcon
./data/macroset/en/clips/falcon/common_voice_en_179792.opus,falcon
./data/macroset/en/clips/falcon/common_voice_en_197027.opus,falcon
./data/macroset/en/clips/falcon/common_voice_en_19942258.opus,falcon
./data/macroset/en/clips/falcon/common_voice_en_161692.opus,falcon
./data/macroset/en/clips/nylon/common_voice_en_20989524.opus,nylon
./data/macroset/en/clips/nylon/common_voice_en_5666035.opus,nylon
./data/macroset/en/clips/nylon/common_voice_en_188427.opus,nylon
./data/macroset/en/clips/nylon/common_voice_en_322722.opus,nylon
./data/macroset/en/clips/nylon/common_voice_en_20294737.opus,nylon
./data/macroset/en/clips/anthem/common_voice_en_17281081.opus,anthem
./data/macroset/en/clips/anthem/common_voice_en_17808795.opus,anthem
./data/macroset/en/clips/anthem/common_voice_en_19029213.opus,anthem
./data/macroset/en/clips/anthem/common_voice_en_17582127.opus,anthem
./data/macroset/en/clips/anthem/common_voice_en_17889280.opus,anthem
./data/macroset/en/clips/unlikely/common_voice_en_19410837.opus,unlikely
./data/macroset/en/clips/unlikely/common_voice_en_19599404.opus,unlikely
./data/macroset/en/clips/unlikely/common_voice_en_20894708.opus,unlikely
./data/macroset/en/clips/unlikely/common_voice_en_18960908.opus,unlikely
./data/macroset/en/clips/unlikely/common_voice_en_552254.opus,unlikely
./data/macroset/en/clips/vase/common_voice_en_18165255.opus,vase
./data/macroset/en/clips/vase/common_voice_en_17448396.opus,vase
./data/macroset/en/clips/vase/common_voice_en_631340.opus,vase
./data/macroset/en/clips/vase/common_voice_en_169443.opus,vase
./data/macroset/en/clips/vase/common_voice_en_665816.opus,vase
./data/macroset/en/clips/pickle/common_voice_en_18470509.opus,pickle
./data/macroset/en/clips/pickle/common_voice_en_8750389.opus,pickle
./data/macroset/en/clips/pickle/common_voice_en_17916315.opus,pickle
./data/macroset/en/clips/pickle/common_voice_en_590844.opus,pickle
./data/macroset/en/clips/pickle/common_voice_en_72072.opus,pickle
./data/macroset/en/clips/eight/common_voice_en_21920321.opus,eight
./data/macroset/en/clips/eight/common_voice_en_22382902.opus,eight
./data/macroset/en/clips/eight/common_voice_en_22014349.opus,eight
./data/macroset/en/clips/eight/common_voice_en_125983.opus,eight
./data/macroset/en/clips/eight/common_voice_en_20484484.opus,eight
./data/macroset/en/clips/learner/common_voice_en_158681.opus,learner
./data/macroset/en/clips/learner/common_voice_en_32410.opus,learner
./data/macroset/en/clips/learner/common_voice_en_597105.opus,learner
./data/macroset/en/clips/learner/common_voice_en_627909.opus,learner
./data/macroset/en/clips/learner/common_voice_en_667554.opus,learner
./data/macroset/en/clips/clock/common_voice_en_8404128.opus,clock
./data/macroset/en/clips/clock/common_voice_en_18266200.opus,clock
./data/macroset/en/clips/clock/common_voice_en_21678151.opus,clock
./data/macroset/en/clips/clock/common_voice_en_20273175.opus,clock
./data/macroset/en/clips/clock/common_voice_en_18150615.opus,clock
./data/macroset/en/clips/translate/common_voice_en_51023.opus,translate
./data/macroset/en/clips/translate/common_voice_en_18924247.opus,translate
./data/macroset/en/clips/translate/common_voice_en_19645923.opus,translate
./data/macroset/en/clips/translate/common_voice_en_19206567.opus,translate
./data/macroset/en/clips/translate/common_voice_en_21380081.opus,translate
./data/macroset/en/clips/broadway/common_voice_en_19664329.opus,broadway
./data/macroset/en/clips/broadway/common_voice_en_20744207.opus,broadway
./data/macroset/en/clips/broadway/common_voice_en_21932708.opus,broadway
./data/macroset/en/clips/broadway/common_voice_en_18833679.opus,broadway
./data/macroset/en/clips/broadway/common_voice_en_20840834.opus,broadway
./data/macroset/en/clips/branches/common_voice_en_20266918.opus,branches
./data/macroset/en/clips/branches/common_voice_en_17740651.opus,branches
./data/macroset/en/clips/branches/common_voice_en_663605.opus,branches
./data/macroset/en/clips/branches/common_voice_en_19949275.opus,branches
./data/macroset/en/clips/branches/common_voice_en_19080192.opus,branches
./data/macroset/en/clips/isle/common_voice_en_19953464.opus,isle
./data/macroset/en/clips/isle/common_voice_en_20826724.opus,isle
./data/macroset/en/clips/isle/common_voice_en_19841028.opus,isle
./data/macroset/en/clips/isle/common_voice_en_21383.opus,isle
./data/macroset/en/clips/isle/common_voice_en_19603237.opus,isle
./data/macroset/en/clips/normalization/common_voice_en_487579.opus,normalization
./data/macroset/en/clips/normalization/common_voice_en_19536791.opus,normalization
./data/macroset/en/clips/normalization/common_voice_en_525429.opus,normalization
./data/macroset/en/clips/normalization/common_voice_en_647690.opus,normalization
./data/macroset/en/clips/normalization/common_voice_en_586195.opus,normalization
./data/macroset/en/clips/sultan/common_voice_en_19802655.opus,sultan
./data/macroset/en/clips/sultan/common_voice_en_20675760.opus,sultan
./data/macroset/en/clips/sultan/common_voice_en_18678668.opus,sultan
./data/macroset/en/clips/sultan/common_voice_en_19668531.opus,sultan
./data/macroset/en/clips/sultan/common_voice_en_19214726.opus,sultan
./data/macroset/en/clips/seller/common_voice_en_187415.opus,seller
./data/macroset/en/clips/seller/common_voice_en_19345602.opus,seller
./data/macroset/en/clips/seller/common_voice_en_561288.opus,seller
./data/macroset/en/clips/seller/common_voice_en_507463.opus,seller
./data/macroset/en/clips/seller/common_voice_en_20919137.opus,seller
./data/macroset/en/clips/cache/common_voice_en_20831541.opus,cache
./data/macroset/en/clips/cache/common_voice_en_18534164.opus,cache
./data/macroset/en/clips/cache/common_voice_en_17675631.opus,cache
./data/macroset/en/clips/cache/common_voice_en_3638594.opus,cache
./data/macroset/en/clips/cache/common_voice_en_20327634.opus,cache
./data/macroset/en/clips/feed/common_voice_en_20174252.opus,feed
./data/macroset/en/clips/feed/common_voice_en_19727600.opus,feed
./data/macroset/en/clips/feed/common_voice_en_17957543.opus,feed
./data/macroset/en/clips/feed/common_voice_en_17273648.opus,feed
./data/macroset/en/clips/feed/common_voice_en_17842026.opus,feed
./data/macroset/en/clips/goes/common_voice_en_19857285.opus,goes
./data/macroset/en/clips/goes/common_voice_en_63174.opus,goes
./data/macroset/en/clips/goes/common_voice_en_17844211.opus,goes
./data/macroset/en/clips/goes/common_voice_en_19576628.opus,goes
./data/macroset/en/clips/goes/common_voice_en_17888085.opus,goes
./data/macroset/en/clips/yes/common_voice_en_22020948.opus,yes
./data/macroset/en/clips/yes/common_voice_en_20151521.opus,yes
./data/macroset/en/clips/yes/common_voice_en_21981537.opus,yes
./data/macroset/en/clips/yes/common_voice_en_22185711.opus,yes
./data/macroset/en/clips/yes/common_voice_en_20738806.opus,yes
./data/macroset/en/clips/slide/common_voice_en_3271880.opus,slide
./data/macroset/en/clips/slide/common_voice_en_21783429.opus,slide
./data/macroset/en/clips/slide/common_voice_en_17898488.opus,slide
./data/macroset/en/clips/slide/common_voice_en_18036864.opus,slide
./data/macroset/en/clips/slide/common_voice_en_583534.opus,slide
./data/macroset/en/clips/label/common_voice_en_21681074.opus,label
./data/macroset/en/clips/label/common_voice_en_22083960.opus,label
./data/macroset/en/clips/label/common_voice_en_22133843.opus,label
./data/macroset/en/clips/label/common_voice_en_19960373.opus,label
./data/macroset/en/clips/label/common_voice_en_20381298.opus,label
./data/macroset/en/clips/less/common_voice_en_608548.opus,less
./data/macroset/en/clips/less/common_voice_en_30262.opus,less
./data/macroset/en/clips/less/common_voice_en_581261.opus,less
./data/macroset/en/clips/less/common_voice_en_567943.opus,less
./data/macroset/en/clips/less/common_voice_en_22168078.opus,less
./data/macroset/en/clips/step/common_voice_en_18139394.opus,step
./data/macroset/en/clips/step/common_voice_en_19267347.opus,step
./data/macroset/en/clips/step/common_voice_en_19358864.opus,step
./data/macroset/en/clips/step/common_voice_en_22457743.opus,step
./data/macroset/en/clips/step/common_voice_en_91991.opus,step
./data/macroset/en/clips/brakes/common_voice_en_20512980.opus,brakes
./data/macroset/en/clips/brakes/common_voice_en_624295.opus,brakes
./data/macroset/en/clips/brakes/common_voice_en_20867232.opus,brakes
./data/macroset/en/clips/brakes/common_voice_en_20952664.opus,brakes
./data/macroset/en/clips/brakes/common_voice_en_18899966.opus,brakes
./data/macroset/en/clips/study/common_voice_en_18767145.opus,study
./data/macroset/en/clips/study/common_voice_en_20518766.opus,study
./data/macroset/en/clips/study/common_voice_en_18423049.opus,study
./data/macroset/en/clips/study/common_voice_en_7937468.opus,study
./data/macroset/en/clips/study/common_voice_en_18342326.opus,study
./data/macroset/en/clips/postal/common_voice_en_20732045.opus,postal
./data/macroset/en/clips/postal/common_voice_en_19877809.opus,postal
./data/macroset/en/clips/postal/common_voice_en_20068037.opus,postal
./data/macroset/en/clips/postal/common_voice_en_19553004.opus,postal
./data/macroset/en/clips/postal/common_voice_en_19033674.opus,postal
./data/macroset/en/clips/patio/common_voice_en_17394987.opus,patio
./data/macroset/en/clips/patio/common_voice_en_18144475.opus,patio
./data/macroset/en/clips/patio/common_voice_en_17266129.opus,patio
./data/macroset/en/clips/patio/common_voice_en_17263380.opus,patio
./data/macroset/en/clips/patio/common_voice_en_17785795.opus,patio
./data/macroset/en/clips/submit/common_voice_en_18467439.opus,submit
./data/macroset/en/clips/submit/common_voice_en_22466141.opus,submit
./data/macroset/en/clips/submit/common_voice_en_18497434.opus,submit
./data/macroset/en/clips/submit/common_voice_en_18542987.opus,submit
./data/macroset/en/clips/submit/common_voice_en_19861298.opus,submit
./data/macroset/en/clips/knockout/common_voice_en_20266385.opus,knockout
./data/macroset/en/clips/knockout/common_voice_en_19349710.opus,knockout
./data/macroset/en/clips/knockout/common_voice_en_20050822.opus,knockout
./data/macroset/en/clips/knockout/common_voice_en_19009000.opus,knockout
./data/macroset/en/clips/knockout/common_voice_en_21098483.opus,knockout
./data/macroset/en/clips/microscope/common_voice_en_147602.opus,microscope
./data/macroset/en/clips/microscope/common_voice_en_21770899.opus,microscope
./data/macroset/en/clips/microscope/common_voice_en_206065.opus,microscope
./data/macroset/en/clips/microscope/common_voice_en_419378.opus,microscope
./data/macroset/en/clips/microscope/common_voice_en_20679553.opus,microscope
./data/macroset/en/clips/outlet/common_voice_en_20030279.opus,outlet
./data/macroset/en/clips/outlet/common_voice_en_20782097.opus,outlet
./data/macroset/en/clips/outlet/common_voice_en_19498273.opus,outlet
./data/macroset/en/clips/outlet/common_voice_en_20679558.opus,outlet
./data/macroset/en/clips/outlet/common_voice_en_21564596.opus,outlet
./data/macroset/en/clips/frank/common_voice_en_20186647.opus,frank
./data/macroset/en/clips/frank/common_voice_en_20746952.opus,frank
./data/macroset/en/clips/frank/common_voice_en_21038271.opus,frank
./data/macroset/en/clips/frank/common_voice_en_20495738.opus,frank
./data/macroset/en/clips/frank/common_voice_en_638352.opus,frank
./data/macroset/en/clips/commerce/common_voice_en_33772.opus,commerce
./data/macroset/en/clips/commerce/common_voice_en_20260845.opus,commerce
./data/macroset/en/clips/commerce/common_voice_en_20132318.opus,commerce
./data/macroset/en/clips/commerce/common_voice_en_21886390.opus,commerce
./data/macroset/en/clips/commerce/common_voice_en_21304094.opus,commerce
./data/macroset/en/clips/flourished/common_voice_en_21757461.opus,flourished
./data/macroset/en/clips/flourished/common_voice_en_22069420.opus,flourished
./data/macroset/en/clips/flourished/common_voice_en_19623065.opus,flourished
./data/macroset/en/clips/flourished/common_voice_en_20205230.opus,flourished
./data/macroset/en/clips/flourished/common_voice_en_22465874.opus,flourished
./data/macroset/en/clips/infancy/common_voice_en_20464878.opus,infancy
./data/macroset/en/clips/infancy/common_voice_en_20339574.opus,infancy
./data/macroset/en/clips/infancy/common_voice_en_20784027.opus,infancy
./data/macroset/en/clips/infancy/common_voice_en_18675243.opus,infancy
./data/macroset/en/clips/infancy/common_voice_en_22250568.opus,infancy
./data/macroset/en/clips/slam/common_voice_en_17871585.opus,slam
./data/macroset/en/clips/slam/common_voice_en_19715220.opus,slam
./data/macroset/en/clips/slam/common_voice_en_339573.opus,slam
./data/macroset/en/clips/slam/common_voice_en_20601499.opus,slam
./data/macroset/en/clips/slam/common_voice_en_18129626.opus,slam
./data/macroset/en/clips/warren/common_voice_en_653733.opus,warren
./data/macroset/en/clips/warren/common_voice_en_22327953.opus,warren
./data/macroset/en/clips/warren/common_voice_en_19852553__2.opus,warren
./data/macroset/en/clips/warren/common_voice_en_21301082.opus,warren
./data/macroset/en/clips/warren/common_voice_en_21038046.opus,warren
./data/macroset/en/clips/hid/common_voice_en_548341.opus,hid
./data/macroset/en/clips/hid/common_voice_en_697471.opus,hid
./data/macroset/en/clips/hid/common_voice_en_184983.opus,hid
./data/macroset/en/clips/hid/common_voice_en_18618565.opus,hid
./data/macroset/en/clips/hid/common_voice_en_19847854.opus,hid
./data/macroset/en/clips/clone/common_voice_en_18850056.opus,clone
./data/macroset/en/clips/clone/common_voice_en_21324717.opus,clone
./data/macroset/en/clips/clone/common_voice_en_581385.opus,clone
./data/macroset/en/clips/clone/common_voice_en_19497236.opus,clone
./data/macroset/en/clips/clone/common_voice_en_20498709.opus,clone
./data/macroset/en/clips/mailed/common_voice_en_17809535.opus,mailed
./data/macroset/en/clips/mailed/common_voice_en_419358.opus,mailed
./data/macroset/en/clips/mailed/common_voice_en_20287756.opus,mailed
./data/macroset/en/clips/mailed/common_voice_en_18114918.opus,mailed
./data/macroset/en/clips/mailed/common_voice_en_337427.opus,mailed
./data/macroset/en/clips/workout/common_voice_en_590785.opus,workout
./data/macroset/en/clips/workout/common_voice_en_561280.opus,workout
./data/macroset/en/clips/workout/common_voice_en_18744699.opus,workout
./data/macroset/en/clips/workout/common_voice_en_635771.opus,workout
./data/macroset/en/clips/workout/common_voice_en_73684.opus,workout
./data/macroset/en/clips/lumber/common_voice_en_22313220.opus,lumber
./data/macroset/en/clips/lumber/common_voice_en_21089099.opus,lumber
./data/macroset/en/clips/lumber/common_voice_en_22154377.opus,lumber
./data/macroset/en/clips/lumber/common_voice_en_19610333.opus,lumber
./data/macroset/en/clips/lumber/common_voice_en_19650577.opus,lumber
./data/macroset/en/clips/humour/common_voice_en_20795150.opus,humour
./data/macroset/en/clips/humour/common_voice_en_18451469.opus,humour
./data/macroset/en/clips/humour/common_voice_en_20148596.opus,humour
./data/macroset/en/clips/humour/common_voice_en_19415174.opus,humour
./data/macroset/en/clips/humour/common_voice_en_20984448.opus,humour
./data/macroset/en/clips/absorption/common_voice_en_20451854.opus,absorption
./data/macroset/en/clips/absorption/common_voice_en_22361054.opus,absorption
./data/macroset/en/clips/absorption/common_voice_en_17796192.opus,absorption
./data/macroset/en/clips/absorption/common_voice_en_18144820.opus,absorption
./data/macroset/en/clips/absorption/common_voice_en_18768011.opus,absorption
./data/macroset/en/clips/morrison/common_voice_en_19979513.opus,morrison
./data/macroset/en/clips/morrison/common_voice_en_20414265.opus,morrison
./data/macroset/en/clips/morrison/common_voice_en_19824574.opus,morrison
./data/macroset/en/clips/morrison/common_voice_en_21281803.opus,morrison
./data/macroset/en/clips/morrison/common_voice_en_21289206.opus,morrison
./data/macroset/en/clips/squared/common_voice_en_18251306.opus,squared
./data/macroset/en/clips/squared/common_voice_en_18255402.opus,squared
./data/macroset/en/clips/squared/common_voice_en_3546727.opus,squared
./data/macroset/en/clips/squared/common_voice_en_18529923.opus,squared
./data/macroset/en/clips/squared/common_voice_en_20545384.opus,squared
./data/macroset/en/clips/sirens/common_voice_en_17993621.opus,sirens
./data/macroset/en/clips/sirens/common_voice_en_510477.opus,sirens
./data/macroset/en/clips/sirens/common_voice_en_689480.opus,sirens
./data/macroset/en/clips/sirens/common_voice_en_17990898.opus,sirens
./data/macroset/en/clips/sirens/common_voice_en_18168093.opus,sirens
./data/macroset/en/clips/lights/common_voice_en_21372298.opus,lights
./data/macroset/en/clips/lights/common_voice_en_58080.opus,lights
./data/macroset/en/clips/lights/common_voice_en_680214.opus,lights
./data/macroset/en/clips/lights/common_voice_en_17562255.opus,lights
./data/macroset/en/clips/lights/common_voice_en_553710.opus,lights
./data/macroset/en/clips/lies/common_voice_en_36113.opus,lies
./data/macroset/en/clips/lies/common_voice_en_21401332.opus,lies
./data/macroset/en/clips/lies/common_voice_en_19131614.opus,lies
./data/macroset/en/clips/lies/common_voice_en_20960973.opus,lies
./data/macroset/en/clips/lies/common_voice_en_18686752.opus,lies
./data/macroset/en/clips/continual/common_voice_en_17937285.opus,continual
./data/macroset/en/clips/continual/common_voice_en_17460421.opus,continual
./data/macroset/en/clips/continual/common_voice_en_581285.opus,continual
./data/macroset/en/clips/continual/common_voice_en_480859.opus,continual
./data/macroset/en/clips/continual/common_voice_en_499024.opus,continual
./data/macroset/en/clips/contempt/common_voice_en_436921.opus,contempt
./data/macroset/en/clips/contempt/common_voice_en_19972754.opus,contempt
./data/macroset/en/clips/contempt/common_voice_en_17651582.opus,contempt
./data/macroset/en/clips/contempt/common_voice_en_18156370.opus,contempt
./data/macroset/en/clips/contempt/common_voice_en_18750692.opus,contempt
./data/macroset/en/clips/slant/common_voice_en_18174375.opus,slant
./data/macroset/en/clips/slant/common_voice_en_19536802.opus,slant
./data/macroset/en/clips/slant/common_voice_en_20876147.opus,slant
./data/macroset/en/clips/slant/common_voice_en_18026054.opus,slant
./data/macroset/en/clips/slant/common_voice_en_17754918.opus,slant
./data/macroset/en/clips/subsequent/common_voice_en_19114396.opus,subsequent
./data/macroset/en/clips/subsequent/common_voice_en_20261822.opus,subsequent
./data/macroset/en/clips/subsequent/common_voice_en_20221776.opus,subsequent
./data/macroset/en/clips/subsequent/common_voice_en_20861731.opus,subsequent
./data/macroset/en/clips/subsequent/common_voice_en_21555382.opus,subsequent
./data/macroset/en/clips/spoke/common_voice_en_632789.opus,spoke
./data/macroset/en/clips/spoke/common_voice_en_18411501.opus,spoke
./data/macroset/en/clips/spoke/common_voice_en_596204.opus,spoke
./data/macroset/en/clips/spoke/common_voice_en_622185.opus,spoke
./data/macroset/en/clips/spoke/common_voice_en_143411.opus,spoke
./data/macroset/en/clips/insignia/common_voice_en_20783771.opus,insignia
./data/macroset/en/clips/insignia/common_voice_en_19771040.opus,insignia
./data/macroset/en/clips/insignia/common_voice_en_21274440.opus,insignia
./data/macroset/en/clips/insignia/common_voice_en_21819350.opus,insignia
./data/macroset/en/clips/insignia/common_voice_en_19414445.opus,insignia
./data/macroset/en/clips/communist/common_voice_en_19820110.opus,communist
./data/macroset/en/clips/communist/common_voice_en_19843941.opus,communist
./data/macroset/en/clips/communist/common_voice_en_18993995.opus,communist
./data/macroset/en/clips/communist/common_voice_en_21291634.opus,communist
./data/macroset/en/clips/communist/common_voice_en_19777241.opus,communist
./data/macroset/en/clips/thinking/common_voice_en_695518.opus,thinking
./data/macroset/en/clips/thinking/common_voice_en_18512392.opus,thinking
./data/macroset/en/clips/thinking/common_voice_en_59402.opus,thinking
./data/macroset/en/clips/thinking/common_voice_en_629418.opus,thinking
./data/macroset/en/clips/thinking/common_voice_en_633873.opus,thinking
./data/macroset/en/clips/impact/common_voice_en_24543.opus,impact
./data/macroset/en/clips/impact/common_voice_en_512627.opus,impact
./data/macroset/en/clips/impact/common_voice_en_7979.opus,impact
./data/macroset/en/clips/impact/common_voice_en_21115545.opus,impact
./data/macroset/en/clips/impact/common_voice_en_90927.opus,impact
./data/macroset/en/clips/mile/common_voice_en_591438.opus,mile
./data/macroset/en/clips/mile/common_voice_en_44146.opus,mile
./data/macroset/en/clips/mile/common_voice_en_520296.opus,mile
./data/macroset/en/clips/mile/common_voice_en_508096.opus,mile
./data/macroset/en/clips/mile/common_voice_en_586324.opus,mile
./data/macroset/en/clips/gal/common_voice_en_20174923.opus,gal
./data/macroset/en/clips/gal/common_voice_en_76075.opus,gal
./data/macroset/en/clips/gal/common_voice_en_514972.opus,gal
./data/macroset/en/clips/gal/common_voice_en_493916.opus,gal
./data/macroset/en/clips/gal/common_voice_en_635298.opus,gal
./data/macroset/en/clips/convincing/common_voice_en_633859.opus,convincing
./data/macroset/en/clips/convincing/common_voice_en_522969.opus,convincing
./data/macroset/en/clips/convincing/common_voice_en_617793.opus,convincing
./data/macroset/en/clips/convincing/common_voice_en_18451494.opus,convincing
./data/macroset/en/clips/convincing/common_voice_en_53923.opus,convincing
./data/macroset/en/clips/workflow/common_voice_en_17360811.opus,workflow
./data/macroset/en/clips/workflow/common_voice_en_17517046.opus,workflow
./data/macroset/en/clips/workflow/common_voice_en_653828.opus,workflow
./data/macroset/en/clips/workflow/common_voice_en_17877133.opus,workflow
./data/macroset/en/clips/workflow/common_voice_en_21781108.opus,workflow
./data/macroset/en/clips/hoping/common_voice_en_667829.opus,hoping
./data/macroset/en/clips/hoping/common_voice_en_18479043.opus,hoping
./data/macroset/en/clips/hoping/common_voice_en_4096846.opus,hoping
./data/macroset/en/clips/hoping/common_voice_en_18404592.opus,hoping
./data/macroset/en/clips/hoping/common_voice_en_1861.opus,hoping
./data/macroset/en/clips/more/common_voice_en_562766.opus,more
./data/macroset/en/clips/more/common_voice_en_518944.opus,more
./data/macroset/en/clips/more/common_voice_en_541846.opus,more
./data/macroset/en/clips/more/common_voice_en_517036.opus,more
./data/macroset/en/clips/more/common_voice_en_20162693.opus,more
./data/macroset/en/clips/communication/common_voice_en_21879733.opus,communication
./data/macroset/en/clips/communication/common_voice_en_19762623.opus,communication
./data/macroset/en/clips/communication/common_voice_en_20525290.opus,communication
./data/macroset/en/clips/communication/common_voice_en_19084192.opus,communication
./data/macroset/en/clips/communication/common_voice_en_20637082.opus,communication
./data/macroset/en/clips/bankrupt/common_voice_en_544081.opus,bankrupt
./data/macroset/en/clips/bankrupt/common_voice_en_672138.opus,bankrupt
./data/macroset/en/clips/bankrupt/common_voice_en_20281016.opus,bankrupt
./data/macroset/en/clips/bankrupt/common_voice_en_20072617.opus,bankrupt
./data/macroset/en/clips/bankrupt/common_voice_en_22355619.opus,bankrupt
./data/macroset/en/clips/peppers/common_voice_en_18144516.opus,peppers
./data/macroset/en/clips/peppers/common_voice_en_574812.opus,peppers
./data/macroset/en/clips/peppers/common_voice_en_18549831.opus,peppers
./data/macroset/en/clips/peppers/common_voice_en_18008968.opus,peppers
./data/macroset/en/clips/peppers/common_voice_en_20406128.opus,peppers
./data/macroset/en/clips/forensic/common_voice_en_30101.opus,forensic
./data/macroset/en/clips/forensic/common_voice_en_617591.opus,forensic
./data/macroset/en/clips/forensic/common_voice_en_177258.opus,forensic
./data/macroset/en/clips/forensic/common_voice_en_18011325.opus,forensic
./data/macroset/en/clips/forensic/common_voice_en_19311681.opus,forensic
./data/macroset/en/clips/finally/common_voice_en_19526561.opus,finally
./data/macroset/en/clips/finally/common_voice_en_505902.opus,finally
./data/macroset/en/clips/finally/common_voice_en_92714.opus,finally
./data/macroset/en/clips/finally/common_voice_en_517692.opus,finally
./data/macroset/en/clips/finally/common_voice_en_564927.opus,finally
./data/macroset/en/clips/completion/common_voice_en_20919678.opus,completion
./data/macroset/en/clips/completion/common_voice_en_20826220.opus,completion
./data/macroset/en/clips/completion/common_voice_en_19091244.opus,completion
./data/macroset/en/clips/completion/common_voice_en_20258424.opus,completion
./data/macroset/en/clips/completion/common_voice_en_19754317.opus,completion
./data/macroset/en/clips/vertex/common_voice_en_19589142__2.opus,vertex
./data/macroset/en/clips/vertex/common_voice_en_19311248.opus,vertex
./data/macroset/en/clips/vertex/common_voice_en_19772351.opus,vertex
./data/macroset/en/clips/vertex/common_voice_en_20952365.opus,vertex
./data/macroset/en/clips/vertex/common_voice_en_80240.opus,vertex
./data/macroset/en/clips/inanimate/common_voice_en_682661.opus,inanimate
./data/macroset/en/clips/inanimate/common_voice_en_68584.opus,inanimate
./data/macroset/en/clips/inanimate/common_voice_en_575541.opus,inanimate
./data/macroset/en/clips/inanimate/common_voice_en_673363.opus,inanimate
./data/macroset/en/clips/inanimate/common_voice_en_692875.opus,inanimate
./data/macroset/en/clips/recycling/common_voice_en_6215503.opus,recycling
./data/macroset/en/clips/recycling/common_voice_en_292369.opus,recycling
./data/macroset/en/clips/recycling/common_voice_en_41677.opus,recycling
./data/macroset/en/clips/recycling/common_voice_en_18712951.opus,recycling
./data/macroset/en/clips/recycling/common_voice_en_18827617.opus,recycling
./data/macroset/en/clips/proportional/common_voice_en_21798296.opus,proportional
./data/macroset/en/clips/proportional/common_voice_en_18963483.opus,proportional
./data/macroset/en/clips/proportional/common_voice_en_17846417.opus,proportional
./data/macroset/en/clips/proportional/common_voice_en_17941122.opus,proportional
./data/macroset/en/clips/proportional/common_voice_en_19732059.opus,proportional
./data/macroset/en/clips/difficulty/common_voice_en_19838357.opus,difficulty
./data/macroset/en/clips/difficulty/common_voice_en_18308512.opus,difficulty
./data/macroset/en/clips/difficulty/common_voice_en_18564280.opus,difficulty
./data/macroset/en/clips/difficulty/common_voice_en_20322295.opus,difficulty
./data/macroset/en/clips/difficulty/common_voice_en_18500357.opus,difficulty
./data/macroset/en/clips/bucks/common_voice_en_624144.opus,bucks
./data/macroset/en/clips/bucks/common_voice_en_15853.opus,bucks
./data/macroset/en/clips/bucks/common_voice_en_197709.opus,bucks
./data/macroset/en/clips/bucks/common_voice_en_18713345.opus,bucks
./data/macroset/en/clips/bucks/common_voice_en_21703562.opus,bucks
./data/macroset/en/clips/jargon/common_voice_en_17887812.opus,jargon
./data/macroset/en/clips/jargon/common_voice_en_3988118.opus,jargon
./data/macroset/en/clips/jargon/common_voice_en_18512307.opus,jargon
./data/macroset/en/clips/jargon/common_voice_en_17847061.opus,jargon
./data/macroset/en/clips/jargon/common_voice_en_19686476.opus,jargon
./data/macroset/en/clips/domestic/common_voice_en_20048398.opus,domestic
./data/macroset/en/clips/domestic/common_voice_en_18497071.opus,domestic
./data/macroset/en/clips/domestic/common_voice_en_19783574.opus,domestic
./data/macroset/en/clips/domestic/common_voice_en_19841603.opus,domestic
./data/macroset/en/clips/domestic/common_voice_en_21843142.opus,domestic
./data/macroset/en/clips/atlanta/common_voice_en_18713332.opus,atlanta
./data/macroset/en/clips/atlanta/common_voice_en_20514992.opus,atlanta
./data/macroset/en/clips/atlanta/common_voice_en_20650504.opus,atlanta
./data/macroset/en/clips/atlanta/common_voice_en_22331879.opus,atlanta
./data/macroset/en/clips/atlanta/common_voice_en_19823379__2.opus,atlanta
./data/macroset/en/clips/requirements/common_voice_en_36899.opus,requirements
./data/macroset/en/clips/requirements/common_voice_en_21750542.opus,requirements
./data/macroset/en/clips/requirements/common_voice_en_19212708.opus,requirements
./data/macroset/en/clips/requirements/common_voice_en_548748.opus,requirements
./data/macroset/en/clips/requirements/common_voice_en_19679099.opus,requirements
./data/macroset/en/clips/garage/common_voice_en_18414504.opus,garage
./data/macroset/en/clips/garage/common_voice_en_17273094.opus,garage
./data/macroset/en/clips/garage/common_voice_en_17274718.opus,garage
./data/macroset/en/clips/garage/common_voice_en_18279204.opus,garage
./data/macroset/en/clips/garage/common_voice_en_17263586.opus,garage
./data/macroset/en/clips/assure/common_voice_en_17731193.opus,assure
./data/macroset/en/clips/assure/common_voice_en_207699.opus,assure
./data/macroset/en/clips/assure/common_voice_en_58376.opus,assure
./data/macroset/en/clips/assure/common_voice_en_18597054.opus,assure
./data/macroset/en/clips/assure/common_voice_en_18610578.opus,assure
./data/macroset/en/clips/want/common_voice_en_44718.opus,want
./data/macroset/en/clips/want/common_voice_en_614519.opus,want
./data/macroset/en/clips/want/common_voice_en_534178.opus,want
./data/macroset/en/clips/want/common_voice_en_631417.opus,want
./data/macroset/en/clips/want/common_voice_en_18403594.opus,want
./data/macroset/en/clips/capture/common_voice_en_18163099.opus,capture
./data/macroset/en/clips/capture/common_voice_en_20425319.opus,capture
./data/macroset/en/clips/capture/common_voice_en_21162433.opus,capture
./data/macroset/en/clips/capture/common_voice_en_199718.opus,capture
./data/macroset/en/clips/capture/common_voice_en_21250712.opus,capture
./data/macroset/en/clips/marty/common_voice_en_480650.opus,marty
./data/macroset/en/clips/marty/common_voice_en_555104.opus,marty
./data/macroset/en/clips/marty/common_voice_en_19709929.opus,marty
./data/macroset/en/clips/marty/common_voice_en_637101.opus,marty
./data/macroset/en/clips/marty/common_voice_en_19453407.opus,marty
./data/macroset/en/clips/secret/common_voice_en_18115266.opus,secret
./data/macroset/en/clips/secret/common_voice_en_635992.opus,secret
./data/macroset/en/clips/secret/common_voice_en_3367582.opus,secret
./data/macroset/en/clips/secret/common_voice_en_18148692.opus,secret
./data/macroset/en/clips/secret/common_voice_en_554595.opus,secret
./data/macroset/en/clips/emerson/common_voice_en_22437580.opus,emerson
./data/macroset/en/clips/emerson/common_voice_en_18745718.opus,emerson
./data/macroset/en/clips/emerson/common_voice_en_22306053.opus,emerson
./data/macroset/en/clips/emerson/common_voice_en_22097182.opus,emerson
./data/macroset/en/clips/emerson/common_voice_en_21107036.opus,emerson
./data/macroset/en/clips/bundle/common_voice_en_18924567.opus,bundle
./data/macroset/en/clips/bundle/common_voice_en_479764.opus,bundle
./data/macroset/en/clips/bundle/common_voice_en_665176.opus,bundle
./data/macroset/en/clips/bundle/common_voice_en_19672472.opus,bundle
./data/macroset/en/clips/bundle/common_voice_en_20338892.opus,bundle
./data/macroset/en/clips/bleak/common_voice_en_18083703.opus,bleak
./data/macroset/en/clips/bleak/common_voice_en_17910629.opus,bleak
./data/macroset/en/clips/bleak/common_voice_en_17585867.opus,bleak
./data/macroset/en/clips/bleak/common_voice_en_17650777.opus,bleak
./data/macroset/en/clips/bleak/common_voice_en_17573076.opus,bleak
./data/macroset/en/clips/smuggling/common_voice_en_17881802.opus,smuggling
./data/macroset/en/clips/smuggling/common_voice_en_85351.opus,smuggling
./data/macroset/en/clips/smuggling/common_voice_en_20801308.opus,smuggling
./data/macroset/en/clips/smuggling/common_voice_en_63373.opus,smuggling
./data/macroset/en/clips/smuggling/common_voice_en_17658511.opus,smuggling
./data/macroset/en/clips/managed/common_voice_en_43891.opus,managed
./data/macroset/en/clips/managed/common_voice_en_21877281.opus,managed
./data/macroset/en/clips/managed/common_voice_en_18707759.opus,managed
./data/macroset/en/clips/managed/common_voice_en_18889814.opus,managed
./data/macroset/en/clips/managed/common_voice_en_21102736.opus,managed
./data/macroset/en/clips/wharf/common_voice_en_373921.opus,wharf
./data/macroset/en/clips/wharf/common_voice_en_18133442.opus,wharf
./data/macroset/en/clips/wharf/common_voice_en_510535.opus,wharf
./data/macroset/en/clips/wharf/common_voice_en_19165804.opus,wharf
./data/macroset/en/clips/wharf/common_voice_en_20292295.opus,wharf
./data/macroset/en/clips/truth/common_voice_en_675531.opus,truth
./data/macroset/en/clips/truth/common_voice_en_19561529.opus,truth
./data/macroset/en/clips/truth/common_voice_en_672994.opus,truth
./data/macroset/en/clips/truth/common_voice_en_20295208.opus,truth
./data/macroset/en/clips/truth/common_voice_en_579942.opus,truth
./data/macroset/en/clips/environments/common_voice_en_21799084.opus,environments
./data/macroset/en/clips/environments/common_voice_en_20024404.opus,environments
./data/macroset/en/clips/environments/common_voice_en_20030220__2.opus,environments
./data/macroset/en/clips/environments/common_voice_en_20870672.opus,environments
./data/macroset/en/clips/environments/common_voice_en_20725977.opus,environments
./data/macroset/en/clips/category/common_voice_en_18750651.opus,category
./data/macroset/en/clips/category/common_voice_en_20660911.opus,category
./data/macroset/en/clips/category/common_voice_en_481827.opus,category
./data/macroset/en/clips/category/common_voice_en_19149981.opus,category
./data/macroset/en/clips/category/common_voice_en_21555308.opus,category
./data/macroset/en/clips/algebra/common_voice_en_18739499.opus,algebra
./data/macroset/en/clips/algebra/common_voice_en_18780329.opus,algebra
./data/macroset/en/clips/algebra/common_voice_en_20370787.opus,algebra
./data/macroset/en/clips/algebra/common_voice_en_20091790.opus,algebra
./data/macroset/en/clips/algebra/common_voice_en_19762274.opus,algebra
./data/macroset/en/clips/bruno/common_voice_en_20956611.opus,bruno
./data/macroset/en/clips/bruno/common_voice_en_19683202.opus,bruno
./data/macroset/en/clips/bruno/common_voice_en_22095359.opus,bruno
./data/macroset/en/clips/bruno/common_voice_en_21703010.opus,bruno
./data/macroset/en/clips/bruno/common_voice_en_19655836.opus,bruno
./data/macroset/en/clips/definitely/common_voice_en_19666051.opus,definitely
./data/macroset/en/clips/definitely/common_voice_en_696520.opus,definitely
./data/macroset/en/clips/definitely/common_voice_en_80201.opus,definitely
./data/macroset/en/clips/definitely/common_voice_en_93248.opus,definitely
./data/macroset/en/clips/definitely/common_voice_en_592151.opus,definitely
./data/macroset/en/clips/board/common_voice_en_214170.opus,board
./data/macroset/en/clips/board/common_voice_en_18778668.opus,board
./data/macroset/en/clips/board/common_voice_en_20734197.opus,board
./data/macroset/en/clips/board/common_voice_en_18459752.opus,board
./data/macroset/en/clips/board/common_voice_en_17978837.opus,board
./data/macroset/en/clips/tributaries/common_voice_en_21705188.opus,tributaries
./data/macroset/en/clips/tributaries/common_voice_en_20993273.opus,tributaries
./data/macroset/en/clips/tributaries/common_voice_en_18793731.opus,tributaries
./data/macroset/en/clips/tributaries/common_voice_en_19022996.opus,tributaries
./data/macroset/en/clips/tributaries/common_voice_en_22237511.opus,tributaries
./data/macroset/en/clips/betrayed/common_voice_en_56533.opus,betrayed
./data/macroset/en/clips/betrayed/common_voice_en_75399.opus,betrayed
./data/macroset/en/clips/betrayed/common_voice_en_699786.opus,betrayed
./data/macroset/en/clips/betrayed/common_voice_en_247062.opus,betrayed
./data/macroset/en/clips/betrayed/common_voice_en_19064780.opus,betrayed
./data/macroset/en/clips/madame/common_voice_en_20733927.opus,madame
./data/macroset/en/clips/madame/common_voice_en_20049796.opus,madame
./data/macroset/en/clips/madame/common_voice_en_19311330.opus,madame
./data/macroset/en/clips/madame/common_voice_en_18583161.opus,madame
./data/macroset/en/clips/madame/common_voice_en_18541645.opus,madame
./data/macroset/en/clips/sheffield/common_voice_en_19498775__2.opus,sheffield
./data/macroset/en/clips/sheffield/common_voice_en_19588647.opus,sheffield
./data/macroset/en/clips/sheffield/common_voice_en_20685650.opus,sheffield
./data/macroset/en/clips/sheffield/common_voice_en_21522967.opus,sheffield
./data/macroset/en/clips/sheffield/common_voice_en_20049799.opus,sheffield
./data/macroset/en/clips/swayed/common_voice_en_17407127.opus,swayed
./data/macroset/en/clips/swayed/common_voice_en_219573.opus,swayed
./data/macroset/en/clips/swayed/common_voice_en_632277.opus,swayed
./data/macroset/en/clips/swayed/common_voice_en_162937.opus,swayed
./data/macroset/en/clips/swayed/common_voice_en_9347726.opus,swayed
./data/macroset/en/clips/notation/common_voice_en_20582305.opus,notation
./data/macroset/en/clips/notation/common_voice_en_20234489.opus,notation
./data/macroset/en/clips/notation/common_voice_en_22439539.opus,notation
./data/macroset/en/clips/notation/common_voice_en_18917873.opus,notation
./data/macroset/en/clips/notation/common_voice_en_21486897.opus,notation
./data/macroset/en/clips/column/common_voice_en_21715557.opus,column
./data/macroset/en/clips/column/common_voice_en_493954.opus,column
./data/macroset/en/clips/column/common_voice_en_22226469.opus,column
./data/macroset/en/clips/column/common_voice_en_19997518.opus,column
./data/macroset/en/clips/column/common_voice_en_21381218.opus,column
./data/macroset/en/clips/fresh/common_voice_en_17387699.opus,fresh
./data/macroset/en/clips/fresh/common_voice_en_18281566.opus,fresh
./data/macroset/en/clips/fresh/common_voice_en_580512.opus,fresh
./data/macroset/en/clips/fresh/common_voice_en_21986437.opus,fresh
./data/macroset/en/clips/fresh/common_voice_en_19652718.opus,fresh
./data/macroset/en/clips/adjoining/common_voice_en_21537323.opus,adjoining
./data/macroset/en/clips/adjoining/common_voice_en_22148576.opus,adjoining
./data/macroset/en/clips/adjoining/common_voice_en_20992998.opus,adjoining
./data/macroset/en/clips/adjoining/common_voice_en_21753043.opus,adjoining
./data/macroset/en/clips/adjoining/common_voice_en_19845211.opus,adjoining
./data/macroset/en/clips/russians/common_voice_en_21180895.opus,russians
./data/macroset/en/clips/russians/common_voice_en_19742314.opus,russians
./data/macroset/en/clips/russians/common_voice_en_18713303.opus,russians
./data/macroset/en/clips/russians/common_voice_en_21332661.opus,russians
./data/macroset/en/clips/russians/common_voice_en_22239012.opus,russians
./data/macroset/en/clips/soundtrack/common_voice_en_21798288.opus,soundtrack
./data/macroset/en/clips/soundtrack/common_voice_en_19717506.opus,soundtrack
./data/macroset/en/clips/soundtrack/common_voice_en_18870161.opus,soundtrack
./data/macroset/en/clips/soundtrack/common_voice_en_207368.opus,soundtrack
./data/macroset/en/clips/soundtrack/common_voice_en_652875.opus,soundtrack
./data/macroset/en/clips/gigabytes/common_voice_en_527459.opus,gigabytes
./data/macroset/en/clips/gigabytes/common_voice_en_497850.opus,gigabytes
./data/macroset/en/clips/gigabytes/common_voice_en_634662.opus,gigabytes
./data/macroset/en/clips/gigabytes/common_voice_en_19507791.opus,gigabytes
./data/macroset/en/clips/gigabytes/common_voice_en_164779.opus,gigabytes
./data/macroset/en/clips/restriction/common_voice_en_18506217.opus,restriction
./data/macroset/en/clips/restriction/common_voice_en_22304980.opus,restriction
./data/macroset/en/clips/restriction/common_voice_en_428335.opus,restriction
./data/macroset/en/clips/restriction/common_voice_en_212885.opus,restriction
./data/macroset/en/clips/restriction/common_voice_en_19944631.opus,restriction
./data/macroset/en/clips/bless/common_voice_en_18016229.opus,bless
./data/macroset/en/clips/bless/common_voice_en_18491252.opus,bless
./data/macroset/en/clips/bless/common_voice_en_18592111.opus,bless
./data/macroset/en/clips/bless/common_voice_en_17748505.opus,bless
./data/macroset/en/clips/bless/common_voice_en_18175678.opus,bless
./data/macroset/en/clips/pseudonym/common_voice_en_21504875.opus,pseudonym
./data/macroset/en/clips/pseudonym/common_voice_en_20965539.opus,pseudonym
./data/macroset/en/clips/pseudonym/common_voice_en_19754460.opus,pseudonym
./data/macroset/en/clips/pseudonym/common_voice_en_22127335.opus,pseudonym
./data/macroset/en/clips/pseudonym/common_voice_en_20482718.opus,pseudonym
./data/macroset/en/clips/persian/common_voice_en_19704341.opus,persian
./data/macroset/en/clips/persian/common_voice_en_22281327__2.opus,persian
./data/macroset/en/clips/persian/common_voice_en_21363722.opus,persian
./data/macroset/en/clips/persian/common_voice_en_19454108.opus,persian
./data/macroset/en/clips/persian/common_voice_en_19704341__2.opus,persian
./data/macroset/en/clips/camden/common_voice_en_21320641.opus,camden
./data/macroset/en/clips/camden/common_voice_en_20190190.opus,camden
./data/macroset/en/clips/camden/common_voice_en_21555302.opus,camden
./data/macroset/en/clips/camden/common_voice_en_21976037.opus,camden
./data/macroset/en/clips/camden/common_voice_en_20559531.opus,camden
./data/macroset/en/clips/vandalism/common_voice_en_17668547.opus,vandalism
./data/macroset/en/clips/vandalism/common_voice_en_20600833.opus,vandalism
./data/macroset/en/clips/vandalism/common_voice_en_18117939.opus,vandalism
./data/macroset/en/clips/vandalism/common_voice_en_20513134.opus,vandalism
./data/macroset/en/clips/vandalism/common_voice_en_17785946.opus,vandalism
./data/macroset/en/clips/leaving/common_voice_en_524129.opus,leaving
./data/macroset/en/clips/leaving/common_voice_en_675030.opus,leaving
./data/macroset/en/clips/leaving/common_voice_en_75244.opus,leaving
./data/macroset/en/clips/leaving/common_voice_en_20466293.opus,leaving
./data/macroset/en/clips/leaving/common_voice_en_19418926.opus,leaving
./data/macroset/en/clips/wolves/common_voice_en_469906.opus,wolves
./data/macroset/en/clips/wolves/common_voice_en_19606230.opus,wolves
./data/macroset/en/clips/wolves/common_voice_en_17246488.opus,wolves
./data/macroset/en/clips/wolves/common_voice_en_17270610.opus,wolves
./data/macroset/en/clips/wolves/common_voice_en_17278729.opus,wolves
./data/macroset/en/clips/profitable/common_voice_en_20425599.opus,profitable
./data/macroset/en/clips/profitable/common_voice_en_19680282.opus,profitable
./data/macroset/en/clips/profitable/common_voice_en_22026035.opus,profitable
./data/macroset/en/clips/profitable/common_voice_en_18661730.opus,profitable
./data/macroset/en/clips/profitable/common_voice_en_18887305.opus,profitable
./data/macroset/en/clips/intelligence/common_voice_en_20170250.opus,intelligence
./data/macroset/en/clips/intelligence/common_voice_en_604954.opus,intelligence
./data/macroset/en/clips/intelligence/common_voice_en_21626117.opus,intelligence
./data/macroset/en/clips/intelligence/common_voice_en_18342432.opus,intelligence
./data/macroset/en/clips/intelligence/common_voice_en_17763018.opus,intelligence
./data/macroset/en/clips/green/common_voice_en_17967696.opus,green
./data/macroset/en/clips/green/common_voice_en_84341.opus,green
./data/macroset/en/clips/green/common_voice_en_594407.opus,green
./data/macroset/en/clips/green/common_voice_en_497178.opus,green
./data/macroset/en/clips/green/common_voice_en_116915__2.opus,green
./data/macroset/en/clips/corrosive/common_voice_en_18061614.opus,corrosive
./data/macroset/en/clips/corrosive/common_voice_en_19056044.opus,corrosive
./data/macroset/en/clips/corrosive/common_voice_en_19886380.opus,corrosive
./data/macroset/en/clips/corrosive/common_voice_en_18113637.opus,corrosive
./data/macroset/en/clips/corrosive/common_voice_en_17283704.opus,corrosive
./data/macroset/en/clips/buffalo/common_voice_en_20629469.opus,buffalo
./data/macroset/en/clips/buffalo/common_voice_en_20465604.opus,buffalo
./data/macroset/en/clips/buffalo/common_voice_en_21766635.opus,buffalo
./data/macroset/en/clips/buffalo/common_voice_en_18713379.opus,buffalo
./data/macroset/en/clips/buffalo/common_voice_en_19680799.opus,buffalo
./data/macroset/en/clips/stormed/common_voice_en_17524789.opus,stormed
./data/macroset/en/clips/stormed/common_voice_en_19467322.opus,stormed
./data/macroset/en/clips/stormed/common_voice_en_17884809.opus,stormed
./data/macroset/en/clips/stormed/common_voice_en_18993019.opus,stormed
./data/macroset/en/clips/stormed/common_voice_en_18099082.opus,stormed
./data/macroset/en/clips/cavity/common_voice_en_17842122.opus,cavity
./data/macroset/en/clips/cavity/common_voice_en_17356316.opus,cavity
./data/macroset/en/clips/cavity/common_voice_en_17279422.opus,cavity
./data/macroset/en/clips/cavity/common_voice_en_17899356.opus,cavity
./data/macroset/en/clips/cavity/common_voice_en_17850125.opus,cavity
./data/macroset/en/clips/kinda/common_voice_en_566116.opus,kinda
./data/macroset/en/clips/kinda/common_voice_en_534072.opus,kinda
./data/macroset/en/clips/kinda/common_voice_en_18136133.opus,kinda
./data/macroset/en/clips/kinda/common_voice_en_697862.opus,kinda
./data/macroset/en/clips/kinda/common_voice_en_685957.opus,kinda
./data/macroset/en/clips/profit/common_voice_en_20714648.opus,profit
./data/macroset/en/clips/profit/common_voice_en_20969339.opus,profit
./data/macroset/en/clips/profit/common_voice_en_18882409.opus,profit
./data/macroset/en/clips/profit/common_voice_en_17283626.opus,profit
./data/macroset/en/clips/profit/common_voice_en_20987397.opus,profit
./data/macroset/en/clips/town/common_voice_en_581426.opus,town
./data/macroset/en/clips/town/common_voice_en_21098433.opus,town
./data/macroset/en/clips/town/common_voice_en_20952826.opus,town
./data/macroset/en/clips/town/common_voice_en_21024883.opus,town
./data/macroset/en/clips/town/common_voice_en_542453.opus,town
./data/macroset/en/clips/goggles/common_voice_en_2585.opus,goggles
./data/macroset/en/clips/goggles/common_voice_en_672226.opus,goggles
./data/macroset/en/clips/goggles/common_voice_en_501195.opus,goggles
./data/macroset/en/clips/goggles/common_voice_en_595758.opus,goggles
./data/macroset/en/clips/goggles/common_voice_en_18049221.opus,goggles
./data/macroset/en/clips/overlooked/common_voice_en_20009081.opus,overlooked
./data/macroset/en/clips/overlooked/common_voice_en_18628706.opus,overlooked
./data/macroset/en/clips/overlooked/common_voice_en_18507277.opus,overlooked
./data/macroset/en/clips/overlooked/common_voice_en_198563.opus,overlooked
./data/macroset/en/clips/overlooked/common_voice_en_545260.opus,overlooked
./data/macroset/en/clips/christine/common_voice_en_17392422.opus,christine
./data/macroset/en/clips/christine/common_voice_en_19705578.opus,christine
./data/macroset/en/clips/christine/common_voice_en_604661.opus,christine
./data/macroset/en/clips/christine/common_voice_en_539447.opus,christine
./data/macroset/en/clips/christine/common_voice_en_89421.opus,christine
./data/macroset/en/clips/producer/common_voice_en_20920591.opus,producer
./data/macroset/en/clips/producer/common_voice_en_19844537.opus,producer
./data/macroset/en/clips/producer/common_voice_en_20391402.opus,producer
./data/macroset/en/clips/producer/common_voice_en_22324636.opus,producer
./data/macroset/en/clips/producer/common_voice_en_19727681.opus,producer
./data/macroset/en/clips/simplified/common_voice_en_21545803.opus,simplified
./data/macroset/en/clips/simplified/common_voice_en_20022809.opus,simplified
./data/macroset/en/clips/simplified/common_voice_en_21957916.opus,simplified
./data/macroset/en/clips/simplified/common_voice_en_20835375.opus,simplified
./data/macroset/en/clips/simplified/common_voice_en_19646597.opus,simplified
./data/macroset/en/clips/haunt/common_voice_en_1344654.opus,haunt
./data/macroset/en/clips/haunt/common_voice_en_369394.opus,haunt
./data/macroset/en/clips/haunt/common_voice_en_5799091.opus,haunt
./data/macroset/en/clips/haunt/common_voice_en_17376476.opus,haunt
./data/macroset/en/clips/haunt/common_voice_en_17406987.opus,haunt
./data/macroset/en/clips/oakland/common_voice_en_18338485.opus,oakland
./data/macroset/en/clips/oakland/common_voice_en_19791260.opus,oakland
./data/macroset/en/clips/oakland/common_voice_en_21497201.opus,oakland
./data/macroset/en/clips/oakland/common_voice_en_18819107.opus,oakland
./data/macroset/en/clips/oakland/common_voice_en_21863541.opus,oakland
./data/macroset/en/clips/accomplice/common_voice_en_22196701.opus,accomplice
./data/macroset/en/clips/accomplice/common_voice_en_17799201.opus,accomplice
./data/macroset/en/clips/accomplice/common_voice_en_17843269.opus,accomplice
./data/macroset/en/clips/accomplice/common_voice_en_555511.opus,accomplice
./data/macroset/en/clips/accomplice/common_voice_en_337437.opus,accomplice
./data/macroset/en/clips/simplicity/common_voice_en_21944039.opus,simplicity
./data/macroset/en/clips/simplicity/common_voice_en_22018988.opus,simplicity
./data/macroset/en/clips/simplicity/common_voice_en_21304854.opus,simplicity
./data/macroset/en/clips/simplicity/common_voice_en_21772686.opus,simplicity
./data/macroset/en/clips/simplicity/common_voice_en_22150561.opus,simplicity
./data/macroset/en/clips/theology/common_voice_en_20829585.opus,theology
./data/macroset/en/clips/theology/common_voice_en_20715774.opus,theology
./data/macroset/en/clips/theology/common_voice_en_21636482.opus,theology
./data/macroset/en/clips/theology/common_voice_en_21740760.opus,theology
./data/macroset/en/clips/theology/common_voice_en_20184968.opus,theology
./data/macroset/en/clips/cove/common_voice_en_20272787.opus,cove
./data/macroset/en/clips/cove/common_voice_en_21024830__2.opus,cove
./data/macroset/en/clips/cove/common_voice_en_18765560.opus,cove
./data/macroset/en/clips/cove/common_voice_en_19974091.opus,cove
./data/macroset/en/clips/cove/common_voice_en_21362240.opus,cove
./data/macroset/en/clips/iris/common_voice_en_19704427.opus,iris
./data/macroset/en/clips/iris/common_voice_en_20872600.opus,iris
./data/macroset/en/clips/iris/common_voice_en_20316424.opus,iris
./data/macroset/en/clips/iris/common_voice_en_20882749.opus,iris
./data/macroset/en/clips/iris/common_voice_en_19019407__2.opus,iris
./data/macroset/en/clips/apparent/common_voice_en_81133.opus,apparent
./data/macroset/en/clips/apparent/common_voice_en_22164090.opus,apparent
./data/macroset/en/clips/apparent/common_voice_en_495900.opus,apparent
./data/macroset/en/clips/apparent/common_voice_en_612862.opus,apparent
./data/macroset/en/clips/apparent/common_voice_en_20315411.opus,apparent
./data/macroset/en/clips/stretched/common_voice_en_18468292.opus,stretched
./data/macroset/en/clips/stretched/common_voice_en_684924.opus,stretched
./data/macroset/en/clips/stretched/common_voice_en_18109809.opus,stretched
./data/macroset/en/clips/stretched/common_voice_en_18161488.opus,stretched
./data/macroset/en/clips/stretched/common_voice_en_665185.opus,stretched
./data/macroset/en/clips/beagle/common_voice_en_18177488.opus,beagle
./data/macroset/en/clips/beagle/common_voice_en_527337.opus,beagle
./data/macroset/en/clips/beagle/common_voice_en_18054423.opus,beagle
./data/macroset/en/clips/beagle/common_voice_en_18308052.opus,beagle
./data/macroset/en/clips/beagle/common_voice_en_605964.opus,beagle
./data/macroset/en/clips/decided/common_voice_en_17644662.opus,decided
./data/macroset/en/clips/decided/common_voice_en_671380.opus,decided
./data/macroset/en/clips/decided/common_voice_en_484177.opus,decided
./data/macroset/en/clips/decided/common_voice_en_22020643.opus,decided
./data/macroset/en/clips/decided/common_voice_en_18003327.opus,decided
./data/macroset/en/clips/cell/common_voice_en_19026053.opus,cell
./data/macroset/en/clips/cell/common_voice_en_19983353__2.opus,cell
./data/macroset/en/clips/cell/common_voice_en_20584811.opus,cell
./data/macroset/en/clips/cell/common_voice_en_19192611.opus,cell
./data/macroset/en/clips/cell/common_voice_en_21375125.opus,cell
./data/macroset/en/clips/signals/common_voice_en_18816416.opus,signals
./data/macroset/en/clips/signals/common_voice_en_20646856.opus,signals
./data/macroset/en/clips/signals/common_voice_en_18937225.opus,signals
./data/macroset/en/clips/signals/common_voice_en_19677226__2.opus,signals
./data/macroset/en/clips/signals/common_voice_en_526427.opus,signals
./data/macroset/en/clips/lick/common_voice_en_18792280.opus,lick
./data/macroset/en/clips/lick/common_voice_en_19541413.opus,lick
./data/macroset/en/clips/lick/common_voice_en_696966.opus,lick
./data/macroset/en/clips/lick/common_voice_en_588471.opus,lick
./data/macroset/en/clips/lick/common_voice_en_621164.opus,lick
./data/macroset/en/clips/monoxide/common_voice_en_526617.opus,monoxide
./data/macroset/en/clips/monoxide/common_voice_en_22254719.opus,monoxide
./data/macroset/en/clips/monoxide/common_voice_en_19822233.opus,monoxide
./data/macroset/en/clips/monoxide/common_voice_en_164139.opus,monoxide
./data/macroset/en/clips/monoxide/common_voice_en_594027.opus,monoxide
./data/macroset/en/clips/species/common_voice_en_19226506.opus,species
./data/macroset/en/clips/species/common_voice_en_22156134.opus,species
./data/macroset/en/clips/species/common_voice_en_19764556.opus,species
./data/macroset/en/clips/species/common_voice_en_22115299.opus,species
./data/macroset/en/clips/species/common_voice_en_20876176.opus,species
./data/macroset/en/clips/arose/common_voice_en_65243.opus,arose
./data/macroset/en/clips/arose/common_voice_en_599275.opus,arose
./data/macroset/en/clips/arose/common_voice_en_9101.opus,arose
./data/macroset/en/clips/arose/common_voice_en_586270.opus,arose
./data/macroset/en/clips/arose/common_voice_en_37364.opus,arose
./data/macroset/en/clips/marilyn/common_voice_en_20023446.opus,marilyn
./data/macroset/en/clips/marilyn/common_voice_en_20143036.opus,marilyn
./data/macroset/en/clips/marilyn/common_voice_en_17824860.opus,marilyn
./data/macroset/en/clips/marilyn/common_voice_en_20251190.opus,marilyn
./data/macroset/en/clips/marilyn/common_voice_en_17917176.opus,marilyn
./data/macroset/en/clips/proximity/common_voice_en_20916794.opus,proximity
./data/macroset/en/clips/proximity/common_voice_en_17274246.opus,proximity
./data/macroset/en/clips/proximity/common_voice_en_207337.opus,proximity
./data/macroset/en/clips/proximity/common_voice_en_58494.opus,proximity
./data/macroset/en/clips/proximity/common_voice_en_18670525.opus,proximity
./data/macroset/en/clips/god/common_voice_en_18537020.opus,god
./data/macroset/en/clips/god/common_voice_en_21729640.opus,god
./data/macroset/en/clips/god/common_voice_en_18644661.opus,god
./data/macroset/en/clips/god/common_voice_en_18739981.opus,god
./data/macroset/en/clips/god/common_voice_en_20008606.opus,god
./data/macroset/en/clips/rotate/common_voice_en_71175.opus,rotate
./data/macroset/en/clips/rotate/common_voice_en_88360.opus,rotate
./data/macroset/en/clips/rotate/common_voice_en_555830.opus,rotate
./data/macroset/en/clips/rotate/common_voice_en_35299.opus,rotate
./data/macroset/en/clips/rotate/common_voice_en_584039.opus,rotate
./data/macroset/en/clips/midst/common_voice_en_694865.opus,midst
./data/macroset/en/clips/midst/common_voice_en_23245.opus,midst
./data/macroset/en/clips/midst/common_voice_en_683017.opus,midst
./data/macroset/en/clips/midst/common_voice_en_156156.opus,midst
./data/macroset/en/clips/midst/common_voice_en_17840354.opus,midst
./data/macroset/en/clips/peninsula/common_voice_en_20159938.opus,peninsula
./data/macroset/en/clips/peninsula/common_voice_en_19651697.opus,peninsula
./data/macroset/en/clips/peninsula/common_voice_en_19659449.opus,peninsula
./data/macroset/en/clips/peninsula/common_voice_en_22108800.opus,peninsula
./data/macroset/en/clips/peninsula/common_voice_en_20287591.opus,peninsula
./data/macroset/en/clips/vending/common_voice_en_483173.opus,vending
./data/macroset/en/clips/vending/common_voice_en_522542.opus,vending
./data/macroset/en/clips/vending/common_voice_en_506906.opus,vending
./data/macroset/en/clips/vending/common_voice_en_653005.opus,vending
./data/macroset/en/clips/vending/common_voice_en_698361.opus,vending
./data/macroset/en/clips/smell/common_voice_en_72201.opus,smell
./data/macroset/en/clips/smell/common_voice_en_18428823.opus,smell
./data/macroset/en/clips/smell/common_voice_en_639580.opus,smell
./data/macroset/en/clips/smell/common_voice_en_197642.opus,smell
./data/macroset/en/clips/smell/common_voice_en_213883.opus,smell
./data/macroset/en/clips/electoral/common_voice_en_20076809.opus,electoral
./data/macroset/en/clips/electoral/common_voice_en_21792091.opus,electoral
./data/macroset/en/clips/electoral/common_voice_en_19589205.opus,electoral
./data/macroset/en/clips/electoral/common_voice_en_21803529.opus,electoral
./data/macroset/en/clips/electoral/common_voice_en_20069248.opus,electoral
./data/macroset/en/clips/incumbent/common_voice_en_20637156.opus,incumbent
./data/macroset/en/clips/incumbent/common_voice_en_20890997.opus,incumbent
./data/macroset/en/clips/incumbent/common_voice_en_18745170.opus,incumbent
./data/macroset/en/clips/incumbent/common_voice_en_20562758.opus,incumbent
./data/macroset/en/clips/incumbent/common_voice_en_20298896.opus,incumbent
./data/macroset/en/clips/corresponding/common_voice_en_18897936.opus,corresponding
./data/macroset/en/clips/corresponding/common_voice_en_19131589.opus,corresponding
./data/macroset/en/clips/corresponding/common_voice_en_20663734.opus,corresponding
./data/macroset/en/clips/corresponding/common_voice_en_19742293.opus,corresponding
./data/macroset/en/clips/corresponding/common_voice_en_19988016.opus,corresponding
./data/macroset/en/clips/upgrades/common_voice_en_19679014.opus,upgrades
./data/macroset/en/clips/upgrades/common_voice_en_21902077.opus,upgrades
./data/macroset/en/clips/upgrades/common_voice_en_19700007.opus,upgrades
./data/macroset/en/clips/upgrades/common_voice_en_21181946.opus,upgrades
./data/macroset/en/clips/upgrades/common_voice_en_21761184.opus,upgrades
./data/macroset/en/clips/stalking/common_voice_en_22317254.opus,stalking
./data/macroset/en/clips/stalking/common_voice_en_632628.opus,stalking
./data/macroset/en/clips/stalking/common_voice_en_658382.opus,stalking
./data/macroset/en/clips/stalking/common_voice_en_20183273.opus,stalking
./data/macroset/en/clips/stalking/common_voice_en_529235.opus,stalking
./data/macroset/en/clips/within/common_voice_en_20351070.opus,within
./data/macroset/en/clips/within/common_voice_en_20026030.opus,within
./data/macroset/en/clips/within/common_voice_en_21257105.opus,within
./data/macroset/en/clips/within/common_voice_en_19546782.opus,within
./data/macroset/en/clips/within/common_voice_en_19611989.opus,within
./data/macroset/en/clips/moisturising/common_voice_en_591401.opus,moisturising
./data/macroset/en/clips/moisturising/common_voice_en_630022.opus,moisturising
./data/macroset/en/clips/moisturising/common_voice_en_16665609.opus,moisturising
./data/macroset/en/clips/moisturising/common_voice_en_576676.opus,moisturising
./data/macroset/en/clips/moisturising/common_voice_en_645031.opus,moisturising
./data/macroset/en/clips/jesus/common_voice_en_18713311.opus,jesus
./data/macroset/en/clips/jesus/common_voice_en_20290374.opus,jesus
./data/macroset/en/clips/jesus/common_voice_en_19942461.opus,jesus
./data/macroset/en/clips/jesus/common_voice_en_19289382.opus,jesus
./data/macroset/en/clips/jesus/common_voice_en_21327771.opus,jesus
./data/macroset/en/clips/attempted/common_voice_en_21741374.opus,attempted
./data/macroset/en/clips/attempted/common_voice_en_22321172.opus,attempted
./data/macroset/en/clips/attempted/common_voice_en_21419934.opus,attempted
./data/macroset/en/clips/attempted/common_voice_en_19534459.opus,attempted
./data/macroset/en/clips/attempted/common_voice_en_20507272.opus,attempted
./data/macroset/en/clips/hungry/common_voice_en_21309585.opus,hungry
./data/macroset/en/clips/hungry/common_voice_en_219800.opus,hungry
./data/macroset/en/clips/hungry/common_voice_en_206453.opus,hungry
./data/macroset/en/clips/hungry/common_voice_en_194958.opus,hungry
./data/macroset/en/clips/hungry/common_voice_en_596164.opus,hungry
./data/macroset/en/clips/bees/common_voice_en_60434.opus,bees
./data/macroset/en/clips/bees/common_voice_en_652739.opus,bees
./data/macroset/en/clips/bees/common_voice_en_21595087.opus,bees
./data/macroset/en/clips/bees/common_voice_en_20771189.opus,bees
./data/macroset/en/clips/bees/common_voice_en_17991353.opus,bees
./data/macroset/en/clips/motto/common_voice_en_18846030.opus,motto
./data/macroset/en/clips/motto/common_voice_en_20397624.opus,motto
./data/macroset/en/clips/motto/common_voice_en_19370947.opus,motto
./data/macroset/en/clips/motto/common_voice_en_19615467.opus,motto
./data/macroset/en/clips/motto/common_voice_en_19698439.opus,motto
./data/macroset/en/clips/austen/common_voice_en_18054770.opus,austen
./data/macroset/en/clips/austen/common_voice_en_17331132.opus,austen
./data/macroset/en/clips/austen/common_voice_en_18199629.opus,austen
./data/macroset/en/clips/austen/common_voice_en_18482703.opus,austen
./data/macroset/en/clips/austen/common_voice_en_18105157.opus,austen
./data/macroset/en/clips/chili/common_voice_en_19639258.opus,chili
./data/macroset/en/clips/chili/common_voice_en_552156.opus,chili
./data/macroset/en/clips/chili/common_voice_en_18008968.opus,chili
./data/macroset/en/clips/chili/common_voice_en_20102649.opus,chili
./data/macroset/en/clips/chili/common_voice_en_18104822.opus,chili
./data/macroset/en/clips/ramps/common_voice_en_19449652.opus,ramps
./data/macroset/en/clips/ramps/common_voice_en_20879822.opus,ramps
./data/macroset/en/clips/ramps/common_voice_en_22358698.opus,ramps
./data/macroset/en/clips/ramps/common_voice_en_20527751.opus,ramps
./data/macroset/en/clips/ramps/common_voice_en_21851818.opus,ramps
./data/macroset/en/clips/parliament/common_voice_en_18866690.opus,parliament
./data/macroset/en/clips/parliament/common_voice_en_19105131.opus,parliament
./data/macroset/en/clips/parliament/common_voice_en_22398983.opus,parliament
./data/macroset/en/clips/parliament/common_voice_en_21466261.opus,parliament
./data/macroset/en/clips/parliament/common_voice_en_2322753.opus,parliament
./data/macroset/en/clips/guns/common_voice_en_19470656.opus,guns
./data/macroset/en/clips/guns/common_voice_en_9911.opus,guns
./data/macroset/en/clips/guns/common_voice_en_21485320.opus,guns
./data/macroset/en/clips/guns/common_voice_en_486251.opus,guns
./data/macroset/en/clips/guns/common_voice_en_20840961.opus,guns
./data/macroset/en/clips/embarrassing/common_voice_en_527162.opus,embarrassing
./data/macroset/en/clips/embarrassing/common_voice_en_22167971.opus,embarrassing
./data/macroset/en/clips/embarrassing/common_voice_en_608753.opus,embarrassing
./data/macroset/en/clips/embarrassing/common_voice_en_17888187.opus,embarrassing
./data/macroset/en/clips/embarrassing/common_voice_en_17671216.opus,embarrassing
./data/macroset/en/clips/foremost/common_voice_en_22440834.opus,foremost
./data/macroset/en/clips/foremost/common_voice_en_20905700.opus,foremost
./data/macroset/en/clips/foremost/common_voice_en_20116327.opus,foremost
./data/macroset/en/clips/foremost/common_voice_en_18779672.opus,foremost
./data/macroset/en/clips/foremost/common_voice_en_22438250.opus,foremost
./data/macroset/en/clips/worst/common_voice_en_630542.opus,worst
./data/macroset/en/clips/worst/common_voice_en_18161867.opus,worst
./data/macroset/en/clips/worst/common_voice_en_20571859.opus,worst
./data/macroset/en/clips/worst/common_voice_en_18634684.opus,worst
./data/macroset/en/clips/worst/common_voice_en_21796334.opus,worst
./data/macroset/en/clips/missed/common_voice_en_21345762.opus,missed
./data/macroset/en/clips/missed/common_voice_en_17901826.opus,missed
./data/macroset/en/clips/missed/common_voice_en_34096.opus,missed
./data/macroset/en/clips/missed/common_voice_en_193167.opus,missed
./data/macroset/en/clips/missed/common_voice_en_608489.opus,missed
./data/macroset/en/clips/intense/common_voice_en_95987.opus,intense
./data/macroset/en/clips/intense/common_voice_en_22361100.opus,intense
./data/macroset/en/clips/intense/common_voice_en_633189.opus,intense
./data/macroset/en/clips/intense/common_voice_en_19910992.opus,intense
./data/macroset/en/clips/intense/common_voice_en_19087038.opus,intense
./data/macroset/en/clips/trembling/common_voice_en_661847.opus,trembling
./data/macroset/en/clips/trembling/common_voice_en_18590760.opus,trembling
./data/macroset/en/clips/trembling/common_voice_en_687162.opus,trembling
./data/macroset/en/clips/trembling/common_voice_en_57760.opus,trembling
./data/macroset/en/clips/trembling/common_voice_en_19529531.opus,trembling
./data/macroset/en/clips/microwave/common_voice_en_18760298.opus,microwave
./data/macroset/en/clips/microwave/common_voice_en_692238.opus,microwave
./data/macroset/en/clips/microwave/common_voice_en_17322013.opus,microwave
./data/macroset/en/clips/microwave/common_voice_en_33537.opus,microwave
./data/macroset/en/clips/microwave/common_voice_en_20057404.opus,microwave
./data/macroset/en/clips/strips/common_voice_en_19676472.opus,strips
./data/macroset/en/clips/strips/common_voice_en_662257.opus,strips
./data/macroset/en/clips/strips/common_voice_en_486217.opus,strips
./data/macroset/en/clips/strips/common_voice_en_39036.opus,strips
./data/macroset/en/clips/strips/common_voice_en_12138.opus,strips
./data/macroset/en/clips/regular/common_voice_en_20636569.opus,regular
./data/macroset/en/clips/regular/common_voice_en_19451289.opus,regular
./data/macroset/en/clips/regular/common_voice_en_20313191.opus,regular
./data/macroset/en/clips/regular/common_voice_en_21220968.opus,regular
./data/macroset/en/clips/regular/common_voice_en_21889144.opus,regular
./data/macroset/en/clips/golfer/common_voice_en_19599505.opus,golfer
./data/macroset/en/clips/golfer/common_voice_en_17906402.opus,golfer
./data/macroset/en/clips/golfer/common_voice_en_4924577.opus,golfer
./data/macroset/en/clips/golfer/common_voice_en_19965583.opus,golfer
./data/macroset/en/clips/golfer/common_voice_en_19345673.opus,golfer
./data/macroset/en/clips/zoological/common_voice_en_650807.opus,zoological
./data/macroset/en/clips/zoological/common_voice_en_21645580.opus,zoological
./data/macroset/en/clips/zoological/common_voice_en_516463.opus,zoological
./data/macroset/en/clips/zoological/common_voice_en_22130289.opus,zoological
./data/macroset/en/clips/zoological/common_voice_en_18142468.opus,zoological
./data/macroset/en/clips/shah/common_voice_en_18782804.opus,shah
./data/macroset/en/clips/shah/common_voice_en_19617052.opus,shah
./data/macroset/en/clips/shah/common_voice_en_21894031.opus,shah
./data/macroset/en/clips/shah/common_voice_en_18732678.opus,shah
./data/macroset/en/clips/shah/common_voice_en_20783464.opus,shah
./data/macroset/en/clips/hire/common_voice_en_19111945.opus,hire
./data/macroset/en/clips/hire/common_voice_en_20303829.opus,hire
./data/macroset/en/clips/hire/common_voice_en_522052.opus,hire
./data/macroset/en/clips/hire/common_voice_en_20386720.opus,hire
./data/macroset/en/clips/hire/common_voice_en_57557.opus,hire
./data/macroset/en/clips/stunning/common_voice_en_505199.opus,stunning
./data/macroset/en/clips/stunning/common_voice_en_532494.opus,stunning
./data/macroset/en/clips/stunning/common_voice_en_642962.opus,stunning
./data/macroset/en/clips/stunning/common_voice_en_20019721.opus,stunning
./data/macroset/en/clips/stunning/common_voice_en_18460182.opus,stunning
./data/macroset/en/clips/utilities/common_voice_en_19733774.opus,utilities
./data/macroset/en/clips/utilities/common_voice_en_545101.opus,utilities
./data/macroset/en/clips/utilities/common_voice_en_22245891.opus,utilities
./data/macroset/en/clips/utilities/common_voice_en_21673214.opus,utilities
./data/macroset/en/clips/utilities/common_voice_en_21947644.opus,utilities
./data/macroset/en/clips/tensions/common_voice_en_21803899.opus,tensions
./data/macroset/en/clips/tensions/common_voice_en_18940153.opus,tensions
./data/macroset/en/clips/tensions/common_voice_en_19164287.opus,tensions
./data/macroset/en/clips/tensions/common_voice_en_22055262.opus,tensions
./data/macroset/en/clips/tensions/common_voice_en_19027172.opus,tensions
./data/macroset/en/clips/breathed/common_voice_en_17396741.opus,breathed
./data/macroset/en/clips/breathed/common_voice_en_429847.opus,breathed
./data/macroset/en/clips/breathed/common_voice_en_15904038.opus,breathed
./data/macroset/en/clips/breathed/common_voice_en_18039492.opus,breathed
./data/macroset/en/clips/breathed/common_voice_en_650553.opus,breathed
./data/macroset/en/clips/likewise/common_voice_en_18717225.opus,likewise
./data/macroset/en/clips/likewise/common_voice_en_19021446.opus,likewise
./data/macroset/en/clips/likewise/common_voice_en_20391813.opus,likewise
./data/macroset/en/clips/likewise/common_voice_en_18746722.opus,likewise
./data/macroset/en/clips/likewise/common_voice_en_18952141.opus,likewise
./data/macroset/en/clips/note/common_voice_en_599612.opus,note
./data/macroset/en/clips/note/common_voice_en_197418.opus,note
./data/macroset/en/clips/note/common_voice_en_92336.opus,note
./data/macroset/en/clips/note/common_voice_en_17551839__2.opus,note
./data/macroset/en/clips/note/common_voice_en_19392650.opus,note
./data/macroset/en/clips/contributor/common_voice_en_20301168.opus,contributor
./data/macroset/en/clips/contributor/common_voice_en_20850800.opus,contributor
./data/macroset/en/clips/contributor/common_voice_en_20456278.opus,contributor
./data/macroset/en/clips/contributor/common_voice_en_19864749.opus,contributor
./data/macroset/en/clips/contributor/common_voice_en_19507593.opus,contributor
./data/macroset/en/clips/ned/common_voice_en_21764269.opus,ned
./data/macroset/en/clips/ned/common_voice_en_207503.opus,ned
./data/macroset/en/clips/ned/common_voice_en_624137.opus,ned
./data/macroset/en/clips/ned/common_voice_en_20027642.opus,ned
./data/macroset/en/clips/ned/common_voice_en_676838.opus,ned
./data/macroset/en/clips/illustrations/common_voice_en_22364187.opus,illustrations
./data/macroset/en/clips/illustrations/common_voice_en_19887820.opus,illustrations
./data/macroset/en/clips/illustrations/common_voice_en_19089509.opus,illustrations
./data/macroset/en/clips/illustrations/common_voice_en_20242527.opus,illustrations
./data/macroset/en/clips/illustrations/common_voice_en_21842611.opus,illustrations
./data/macroset/en/clips/dummy/common_voice_en_18633734.opus,dummy
./data/macroset/en/clips/dummy/common_voice_en_20872143.opus,dummy
./data/macroset/en/clips/dummy/common_voice_en_18151619.opus,dummy
./data/macroset/en/clips/dummy/common_voice_en_18972957.opus,dummy
./data/macroset/en/clips/dummy/common_voice_en_18731045.opus,dummy
./data/macroset/en/clips/diabetics/common_voice_en_676830.opus,diabetics
./data/macroset/en/clips/diabetics/common_voice_en_549560.opus,diabetics
./data/macroset/en/clips/diabetics/common_voice_en_19837789__2.opus,diabetics
./data/macroset/en/clips/diabetics/common_voice_en_543939.opus,diabetics
./data/macroset/en/clips/diabetics/common_voice_en_613238.opus,diabetics
./data/macroset/en/clips/company/common_voice_en_22293967.opus,company
./data/macroset/en/clips/company/common_voice_en_19507635.opus,company
./data/macroset/en/clips/company/common_voice_en_22006964.opus,company
./data/macroset/en/clips/company/common_voice_en_20074454.opus,company
./data/macroset/en/clips/company/common_voice_en_21489074.opus,company
./data/macroset/en/clips/vaccines/common_voice_en_21019539.opus,vaccines
./data/macroset/en/clips/vaccines/common_voice_en_20363459__2.opus,vaccines
./data/macroset/en/clips/vaccines/common_voice_en_21019539__2.opus,vaccines
./data/macroset/en/clips/vaccines/common_voice_en_21771826.opus,vaccines
./data/macroset/en/clips/vaccines/common_voice_en_18661217.opus,vaccines
./data/macroset/en/clips/lobes/common_voice_en_22325623.opus,lobes
./data/macroset/en/clips/lobes/common_voice_en_20339724.opus,lobes
./data/macroset/en/clips/lobes/common_voice_en_542183.opus,lobes
./data/macroset/en/clips/lobes/common_voice_en_282852.opus,lobes
./data/macroset/en/clips/lobes/common_voice_en_19898654.opus,lobes
./data/macroset/en/clips/every/common_voice_en_22045829.opus,every
./data/macroset/en/clips/every/common_voice_en_142651.opus,every
./data/macroset/en/clips/every/common_voice_en_17954146.opus,every
./data/macroset/en/clips/every/common_voice_en_634933.opus,every
./data/macroset/en/clips/every/common_voice_en_19289225.opus,every
./data/macroset/en/clips/business/common_voice_en_20233303.opus,business
./data/macroset/en/clips/business/common_voice_en_20233200.opus,business
./data/macroset/en/clips/business/common_voice_en_19239650.opus,business
./data/macroset/en/clips/business/common_voice_en_19875025.opus,business
./data/macroset/en/clips/business/common_voice_en_145262.opus,business
./data/macroset/en/clips/enabled/common_voice_en_18580373.opus,enabled
./data/macroset/en/clips/enabled/common_voice_en_18732329.opus,enabled
./data/macroset/en/clips/enabled/common_voice_en_20777743.opus,enabled
./data/macroset/en/clips/enabled/common_voice_en_19950493.opus,enabled
./data/macroset/en/clips/enabled/common_voice_en_21914659.opus,enabled
./data/macroset/en/clips/sting/common_voice_en_18409453.opus,sting
./data/macroset/en/clips/sting/common_voice_en_20668522.opus,sting
./data/macroset/en/clips/sting/common_voice_en_18580349.opus,sting
./data/macroset/en/clips/sting/common_voice_en_18649600.opus,sting
./data/macroset/en/clips/sting/common_voice_en_21478186.opus,sting
./data/macroset/en/clips/declined/common_voice_en_20682410.opus,declined
./data/macroset/en/clips/declined/common_voice_en_21486902.opus,declined
./data/macroset/en/clips/declined/common_voice_en_20367049.opus,declined
./data/macroset/en/clips/declined/common_voice_en_19969413.opus,declined
./data/macroset/en/clips/declined/common_voice_en_20812857.opus,declined
./data/macroset/en/clips/counterargument/common_voice_en_17263468.opus,counterargument
./data/macroset/en/clips/counterargument/common_voice_en_18002067.opus,counterargument
./data/macroset/en/clips/counterargument/common_voice_en_17929877.opus,counterargument
./data/macroset/en/clips/counterargument/common_voice_en_17903862.opus,counterargument
./data/macroset/en/clips/counterargument/common_voice_en_18459767.opus,counterargument
./data/macroset/en/clips/gymnasium/common_voice_en_18840234.opus,gymnasium
./data/macroset/en/clips/gymnasium/common_voice_en_19095375.opus,gymnasium
./data/macroset/en/clips/gymnasium/common_voice_en_20428368.opus,gymnasium
./data/macroset/en/clips/gymnasium/common_voice_en_696030.opus,gymnasium
./data/macroset/en/clips/gymnasium/common_voice_en_20989674.opus,gymnasium
./data/macroset/en/clips/petroleum/common_voice_en_19646704.opus,petroleum
./data/macroset/en/clips/petroleum/common_voice_en_19387075.opus,petroleum
./data/macroset/en/clips/petroleum/common_voice_en_20008461.opus,petroleum
./data/macroset/en/clips/petroleum/common_voice_en_21750870.opus,petroleum
./data/macroset/en/clips/petroleum/common_voice_en_21338065.opus,petroleum
./data/macroset/en/clips/erie/common_voice_en_20416734.opus,erie
./data/macroset/en/clips/erie/common_voice_en_18810847.opus,erie
./data/macroset/en/clips/erie/common_voice_en_20430956.opus,erie
./data/macroset/en/clips/erie/common_voice_en_19265634.opus,erie
./data/macroset/en/clips/erie/common_voice_en_20861081.opus,erie
./data/macroset/en/clips/petersburg/common_voice_en_20246931.opus,petersburg
./data/macroset/en/clips/petersburg/common_voice_en_20225410.opus,petersburg
./data/macroset/en/clips/petersburg/common_voice_en_19266102.opus,petersburg
./data/macroset/en/clips/petersburg/common_voice_en_21129431.opus,petersburg
./data/macroset/en/clips/petersburg/common_voice_en_22309523.opus,petersburg
./data/macroset/en/clips/menu/common_voice_en_190984.opus,menu
./data/macroset/en/clips/menu/common_voice_en_32550.opus,menu
./data/macroset/en/clips/menu/common_voice_en_20190214.opus,menu
./data/macroset/en/clips/menu/common_voice_en_9228.opus,menu
./data/macroset/en/clips/menu/common_voice_en_17321453.opus,menu
./data/macroset/en/clips/persuaded/common_voice_en_21042624.opus,persuaded
./data/macroset/en/clips/persuaded/common_voice_en_17965371.opus,persuaded
./data/macroset/en/clips/persuaded/common_voice_en_619098.opus,persuaded
./data/macroset/en/clips/persuaded/common_voice_en_659326.opus,persuaded
./data/macroset/en/clips/persuaded/common_voice_en_17287861.opus,persuaded
./data/macroset/en/clips/fugitives/common_voice_en_525944.opus,fugitives
./data/macroset/en/clips/fugitives/common_voice_en_20771895.opus,fugitives
./data/macroset/en/clips/fugitives/common_voice_en_626657.opus,fugitives
./data/macroset/en/clips/fugitives/common_voice_en_20299510.opus,fugitives
./data/macroset/en/clips/fugitives/common_voice_en_18139297.opus,fugitives
./data/macroset/en/clips/brian/common_voice_en_4529772.opus,brian
./data/macroset/en/clips/brian/common_voice_en_19552870.opus,brian
./data/macroset/en/clips/brian/common_voice_en_20348682.opus,brian
./data/macroset/en/clips/brian/common_voice_en_21351384.opus,brian
./data/macroset/en/clips/brian/common_voice_en_20356137.opus,brian
./data/macroset/en/clips/formal/common_voice_en_20586067.opus,formal
./data/macroset/en/clips/formal/common_voice_en_19742316.opus,formal
./data/macroset/en/clips/formal/common_voice_en_21753988.opus,formal
./data/macroset/en/clips/formal/common_voice_en_21314699.opus,formal
./data/macroset/en/clips/formal/common_voice_en_20267430.opus,formal
./data/macroset/en/clips/substance/common_voice_en_19753689.opus,substance
./data/macroset/en/clips/substance/common_voice_en_20466956.opus,substance
./data/macroset/en/clips/substance/common_voice_en_19739616.opus,substance
./data/macroset/en/clips/substance/common_voice_en_19258889.opus,substance
./data/macroset/en/clips/substance/common_voice_en_18645568.opus,substance
./data/macroset/en/clips/despicable/common_voice_en_556139.opus,despicable
./data/macroset/en/clips/despicable/common_voice_en_640389.opus,despicable
./data/macroset/en/clips/despicable/common_voice_en_147832.opus,despicable
./data/macroset/en/clips/despicable/common_voice_en_158826.opus,despicable
./data/macroset/en/clips/despicable/common_voice_en_86627.opus,despicable
./data/macroset/en/clips/hilarious/common_voice_en_629508.opus,hilarious
./data/macroset/en/clips/hilarious/common_voice_en_18238429.opus,hilarious
./data/macroset/en/clips/hilarious/common_voice_en_2202803.opus,hilarious
./data/macroset/en/clips/hilarious/common_voice_en_19627722.opus,hilarious
./data/macroset/en/clips/hilarious/common_voice_en_18020051.opus,hilarious
./data/macroset/en/clips/boston/common_voice_en_19355293.opus,boston
./data/macroset/en/clips/boston/common_voice_en_22261590.opus,boston
./data/macroset/en/clips/boston/common_voice_en_19952916.opus,boston
./data/macroset/en/clips/boston/common_voice_en_20052806.opus,boston
./data/macroset/en/clips/boston/common_voice_en_22097182.opus,boston
./data/macroset/en/clips/brink/common_voice_en_17916335.opus,brink
./data/macroset/en/clips/brink/common_voice_en_17840299.opus,brink
./data/macroset/en/clips/brink/common_voice_en_18638083.opus,brink
./data/macroset/en/clips/brink/common_voice_en_528979.opus,brink
./data/macroset/en/clips/brink/common_voice_en_642885.opus,brink
./data/macroset/en/clips/artistic/common_voice_en_21021325.opus,artistic
./data/macroset/en/clips/artistic/common_voice_en_19666772.opus,artistic
./data/macroset/en/clips/artistic/common_voice_en_20425471.opus,artistic
./data/macroset/en/clips/artistic/common_voice_en_21283084.opus,artistic
./data/macroset/en/clips/artistic/common_voice_en_20965535.opus,artistic
./data/macroset/en/clips/broadcasts/common_voice_en_19742830.opus,broadcasts
./data/macroset/en/clips/broadcasts/common_voice_en_22309515.opus,broadcasts
./data/macroset/en/clips/broadcasts/common_voice_en_22324664.opus,broadcasts
./data/macroset/en/clips/broadcasts/common_voice_en_21906096.opus,broadcasts
./data/macroset/en/clips/broadcasts/common_voice_en_19403571.opus,broadcasts
./data/macroset/en/clips/during/common_voice_en_18869159.opus,during
./data/macroset/en/clips/during/common_voice_en_19286036.opus,during
./data/macroset/en/clips/during/common_voice_en_20272034.opus,during
./data/macroset/en/clips/during/common_voice_en_21495705.opus,during
./data/macroset/en/clips/during/common_voice_en_19700471__2.opus,during
./data/macroset/en/clips/your/common_voice_en_698376.opus,your
./data/macroset/en/clips/your/common_voice_en_16732.opus,your
./data/macroset/en/clips/your/common_voice_en_114136.opus,your
./data/macroset/en/clips/your/common_voice_en_211051.opus,your
./data/macroset/en/clips/your/common_voice_en_502124.opus,your
./data/macroset/en/clips/coconut/common_voice_en_564091.opus,coconut
./data/macroset/en/clips/coconut/common_voice_en_19479437.opus,coconut
./data/macroset/en/clips/coconut/common_voice_en_67971.opus,coconut
./data/macroset/en/clips/coconut/common_voice_en_600199.opus,coconut
./data/macroset/en/clips/coconut/common_voice_en_21158212.opus,coconut
./data/macroset/en/clips/florence/common_voice_en_18722573.opus,florence
./data/macroset/en/clips/florence/common_voice_en_19685280.opus,florence
./data/macroset/en/clips/florence/common_voice_en_19614212.opus,florence
./data/macroset/en/clips/florence/common_voice_en_20810269.opus,florence
./data/macroset/en/clips/florence/common_voice_en_21799834.opus,florence
./data/macroset/en/clips/flee/common_voice_en_197480.opus,flee
./data/macroset/en/clips/flee/common_voice_en_60992.opus,flee
./data/macroset/en/clips/flee/common_voice_en_552194.opus,flee
./data/macroset/en/clips/flee/common_voice_en_210650.opus,flee
./data/macroset/en/clips/flee/common_voice_en_600164.opus,flee
./data/macroset/en/clips/accommodate/common_voice_en_18760676.opus,accommodate
./data/macroset/en/clips/accommodate/common_voice_en_20183753.opus,accommodate
./data/macroset/en/clips/accommodate/common_voice_en_19878451.opus,accommodate
./data/macroset/en/clips/accommodate/common_voice_en_21246299.opus,accommodate
./data/macroset/en/clips/accommodate/common_voice_en_19878126.opus,accommodate
./data/macroset/en/clips/briefing/common_voice_en_631873.opus,briefing
./data/macroset/en/clips/briefing/common_voice_en_509491.opus,briefing
./data/macroset/en/clips/briefing/common_voice_en_36005.opus,briefing
./data/macroset/en/clips/briefing/common_voice_en_145187.opus,briefing
./data/macroset/en/clips/briefing/common_voice_en_196555.opus,briefing
./data/macroset/en/clips/jerome/common_voice_en_20241018.opus,jerome
./data/macroset/en/clips/jerome/common_voice_en_22299339.opus,jerome
./data/macroset/en/clips/jerome/common_voice_en_19339146.opus,jerome
./data/macroset/en/clips/jerome/common_voice_en_20113663.opus,jerome
./data/macroset/en/clips/jerome/common_voice_en_19857733.opus,jerome
./data/macroset/en/clips/tampa/common_voice_en_19768454.opus,tampa
./data/macroset/en/clips/tampa/common_voice_en_22204362.opus,tampa
./data/macroset/en/clips/tampa/common_voice_en_19055272.opus,tampa
./data/macroset/en/clips/tampa/common_voice_en_21021269.opus,tampa
./data/macroset/en/clips/tampa/common_voice_en_20288698.opus,tampa
./data/macroset/en/clips/salvation/common_voice_en_20516838.opus,salvation
./data/macroset/en/clips/salvation/common_voice_en_20105478.opus,salvation
./data/macroset/en/clips/salvation/common_voice_en_19669878.opus,salvation
./data/macroset/en/clips/salvation/common_voice_en_19584308.opus,salvation
./data/macroset/en/clips/salvation/common_voice_en_18810817.opus,salvation
./data/macroset/en/clips/proof/common_voice_en_20247644.opus,proof
./data/macroset/en/clips/proof/common_voice_en_18855040.opus,proof
./data/macroset/en/clips/proof/common_voice_en_18523110.opus,proof
./data/macroset/en/clips/proof/common_voice_en_499567.opus,proof
./data/macroset/en/clips/proof/common_voice_en_22294173.opus,proof
./data/macroset/en/clips/even/common_voice_en_697958.opus,even
./data/macroset/en/clips/even/common_voice_en_81121.opus,even
./data/macroset/en/clips/even/common_voice_en_203606.opus,even
./data/macroset/en/clips/even/common_voice_en_21101340.opus,even
./data/macroset/en/clips/even/common_voice_en_18712665.opus,even
./data/macroset/en/clips/preservation/common_voice_en_21139282.opus,preservation
./data/macroset/en/clips/preservation/common_voice_en_20887781.opus,preservation
./data/macroset/en/clips/preservation/common_voice_en_20026234.opus,preservation
./data/macroset/en/clips/preservation/common_voice_en_22445154.opus,preservation
./data/macroset/en/clips/preservation/common_voice_en_19403645.opus,preservation
./data/macroset/en/clips/cute/common_voice_en_164447.opus,cute
./data/macroset/en/clips/cute/common_voice_en_16665470.opus,cute
./data/macroset/en/clips/cute/common_voice_en_603992.opus,cute
./data/macroset/en/clips/cute/common_voice_en_18148645.opus,cute
./data/macroset/en/clips/cute/common_voice_en_580871.opus,cute
./data/macroset/en/clips/hill/common_voice_en_20830139.opus,hill
./data/macroset/en/clips/hill/common_voice_en_21996637.opus,hill
./data/macroset/en/clips/hill/common_voice_en_675362.opus,hill
./data/macroset/en/clips/hill/common_voice_en_20155715.opus,hill
./data/macroset/en/clips/hill/common_voice_en_20586450.opus,hill
./data/macroset/en/clips/mistakes/common_voice_en_686627.opus,mistakes
./data/macroset/en/clips/mistakes/common_voice_en_6923108.opus,mistakes
./data/macroset/en/clips/mistakes/common_voice_en_581539.opus,mistakes
./data/macroset/en/clips/mistakes/common_voice_en_517137.opus,mistakes
./data/macroset/en/clips/mistakes/common_voice_en_472620.opus,mistakes
./data/macroset/en/clips/spoiled/common_voice_en_178150.opus,spoiled
./data/macroset/en/clips/spoiled/common_voice_en_187464.opus,spoiled
./data/macroset/en/clips/spoiled/common_voice_en_76000.opus,spoiled
./data/macroset/en/clips/spoiled/common_voice_en_688471.opus,spoiled
./data/macroset/en/clips/spoiled/common_voice_en_544651.opus,spoiled
./data/macroset/en/clips/associated/common_voice_en_20495822.opus,associated
./data/macroset/en/clips/associated/common_voice_en_20851939.opus,associated
./data/macroset/en/clips/associated/common_voice_en_20975474.opus,associated
./data/macroset/en/clips/associated/common_voice_en_20261262.opus,associated
./data/macroset/en/clips/associated/common_voice_en_19319974.opus,associated
./data/macroset/en/clips/snowed/common_voice_en_18548858.opus,snowed
./data/macroset/en/clips/snowed/common_voice_en_635710.opus,snowed
./data/macroset/en/clips/snowed/common_voice_en_96319.opus,snowed
./data/macroset/en/clips/snowed/common_voice_en_17343908.opus,snowed
./data/macroset/en/clips/snowed/common_voice_en_18042766.opus,snowed
./data/macroset/en/clips/rituals/common_voice_en_19945165.opus,rituals
./data/macroset/en/clips/rituals/common_voice_en_19552412.opus,rituals
./data/macroset/en/clips/rituals/common_voice_en_21305959.opus,rituals
./data/macroset/en/clips/rituals/common_voice_en_20454389.opus,rituals
./data/macroset/en/clips/rituals/common_voice_en_20623239.opus,rituals
./data/macroset/en/clips/valley/common_voice_en_19029104.opus,valley
./data/macroset/en/clips/valley/common_voice_en_680233.opus,valley
./data/macroset/en/clips/valley/common_voice_en_21559706.opus,valley
./data/macroset/en/clips/valley/common_voice_en_19304712.opus,valley
./data/macroset/en/clips/valley/common_voice_en_20025292.opus,valley
./data/macroset/en/clips/staged/common_voice_en_499777.opus,staged
./data/macroset/en/clips/staged/common_voice_en_19764628.opus,staged
./data/macroset/en/clips/staged/common_voice_en_20643130.opus,staged
./data/macroset/en/clips/staged/common_voice_en_20418178.opus,staged
./data/macroset/en/clips/staged/common_voice_en_18840528.opus,staged
./data/macroset/en/clips/seemingly/common_voice_en_19868051.opus,seemingly
./data/macroset/en/clips/seemingly/common_voice_en_21886577.opus,seemingly
./data/macroset/en/clips/seemingly/common_voice_en_2575.opus,seemingly
./data/macroset/en/clips/seemingly/common_voice_en_20744379.opus,seemingly
./data/macroset/en/clips/seemingly/common_voice_en_22331878.opus,seemingly
./data/macroset/en/clips/sensed/common_voice_en_671027.opus,sensed
./data/macroset/en/clips/sensed/common_voice_en_515745.opus,sensed
./data/macroset/en/clips/sensed/common_voice_en_101414.opus,sensed
./data/macroset/en/clips/sensed/common_voice_en_627625.opus,sensed
./data/macroset/en/clips/sensed/common_voice_en_90888.opus,sensed
./data/macroset/en/clips/surviving/common_voice_en_19979614.opus,surviving
./data/macroset/en/clips/surviving/common_voice_en_534545.opus,surviving
./data/macroset/en/clips/surviving/common_voice_en_20876843.opus,surviving
./data/macroset/en/clips/surviving/common_voice_en_21275196.opus,surviving
./data/macroset/en/clips/surviving/common_voice_en_20216845.opus,surviving
./data/macroset/en/clips/dreams/common_voice_en_42629.opus,dreams
./data/macroset/en/clips/dreams/common_voice_en_572382.opus,dreams
./data/macroset/en/clips/dreams/common_voice_en_651248.opus,dreams
./data/macroset/en/clips/dreams/common_voice_en_20675761.opus,dreams
./data/macroset/en/clips/dreams/common_voice_en_562860.opus,dreams
./data/macroset/en/clips/nigeria/common_voice_en_20824015.opus,nigeria
./data/macroset/en/clips/nigeria/common_voice_en_21681252.opus,nigeria
./data/macroset/en/clips/nigeria/common_voice_en_20319363.opus,nigeria
./data/macroset/en/clips/nigeria/common_voice_en_19358784.opus,nigeria
./data/macroset/en/clips/nigeria/common_voice_en_21768851.opus,nigeria
./data/macroset/en/clips/explosion/common_voice_en_76269.opus,explosion
./data/macroset/en/clips/explosion/common_voice_en_18740451.opus,explosion
./data/macroset/en/clips/explosion/common_voice_en_586029.opus,explosion
./data/macroset/en/clips/explosion/common_voice_en_586622.opus,explosion
./data/macroset/en/clips/explosion/common_voice_en_536015.opus,explosion
./data/macroset/en/clips/church/common_voice_en_22226801.opus,church
./data/macroset/en/clips/church/common_voice_en_19546966.opus,church
./data/macroset/en/clips/church/common_voice_en_18730664.opus,church
./data/macroset/en/clips/church/common_voice_en_20878902.opus,church
./data/macroset/en/clips/church/common_voice_en_20383434.opus,church
./data/macroset/en/clips/dropped/common_voice_en_18101500.opus,dropped
./data/macroset/en/clips/dropped/common_voice_en_95870.opus,dropped
./data/macroset/en/clips/dropped/common_voice_en_21151440.opus,dropped
./data/macroset/en/clips/dropped/common_voice_en_20851833.opus,dropped
./data/macroset/en/clips/dropped/common_voice_en_489129.opus,dropped
./data/macroset/en/clips/namely/common_voice_en_22440180.opus,namely
./data/macroset/en/clips/namely/common_voice_en_19665523.opus,namely
./data/macroset/en/clips/namely/common_voice_en_19863488.opus,namely
./data/macroset/en/clips/namely/common_voice_en_21305288.opus,namely
./data/macroset/en/clips/namely/common_voice_en_22262133.opus,namely
./data/macroset/en/clips/sight/common_voice_en_20696794.opus,sight
./data/macroset/en/clips/sight/common_voice_en_17287486.opus,sight
./data/macroset/en/clips/sight/common_voice_en_688853.opus,sight
./data/macroset/en/clips/sight/common_voice_en_17273291.opus,sight
./data/macroset/en/clips/sight/common_voice_en_21268343.opus,sight
./data/macroset/en/clips/reaches/common_voice_en_19313504.opus,reaches
./data/macroset/en/clips/reaches/common_voice_en_17526740.opus,reaches
./data/macroset/en/clips/reaches/common_voice_en_19569840.opus,reaches
./data/macroset/en/clips/reaches/common_voice_en_268529.opus,reaches
./data/macroset/en/clips/reaches/common_voice_en_21181234.opus,reaches
./data/macroset/en/clips/swooping/common_voice_en_18101507.opus,swooping
./data/macroset/en/clips/swooping/common_voice_en_17957990.opus,swooping
./data/macroset/en/clips/swooping/common_voice_en_17322172.opus,swooping
./data/macroset/en/clips/swooping/common_voice_en_17449639.opus,swooping
./data/macroset/en/clips/swooping/common_voice_en_17355267.opus,swooping
./data/macroset/en/clips/bankruptcy/common_voice_en_481560.opus,bankruptcy
./data/macroset/en/clips/bankruptcy/common_voice_en_73344.opus,bankruptcy
./data/macroset/en/clips/bankruptcy/common_voice_en_576883.opus,bankruptcy
./data/macroset/en/clips/bankruptcy/common_voice_en_19950037.opus,bankruptcy
./data/macroset/en/clips/bankruptcy/common_voice_en_18319858.opus,bankruptcy
./data/macroset/en/clips/dangles/common_voice_en_17860709.opus,dangles
./data/macroset/en/clips/dangles/common_voice_en_3044128.opus,dangles
./data/macroset/en/clips/dangles/common_voice_en_192611.opus,dangles
./data/macroset/en/clips/dangles/common_voice_en_18124101.opus,dangles
./data/macroset/en/clips/dangles/common_voice_en_17967439.opus,dangles
./data/macroset/en/clips/forums/common_voice_en_587717.opus,forums
./data/macroset/en/clips/forums/common_voice_en_22097463.opus,forums
./data/macroset/en/clips/forums/common_voice_en_20076882.opus,forums
./data/macroset/en/clips/forums/common_voice_en_219428.opus,forums
./data/macroset/en/clips/forums/common_voice_en_19575033.opus,forums
./data/macroset/en/clips/beans/common_voice_en_19725196.opus,beans
./data/macroset/en/clips/beans/common_voice_en_19787248.opus,beans
./data/macroset/en/clips/beans/common_voice_en_22445512.opus,beans
./data/macroset/en/clips/beans/common_voice_en_19647319.opus,beans
./data/macroset/en/clips/beans/common_voice_en_20672194.opus,beans
./data/macroset/en/clips/plutonium/common_voice_en_581045.opus,plutonium
./data/macroset/en/clips/plutonium/common_voice_en_464717.opus,plutonium
./data/macroset/en/clips/plutonium/common_voice_en_18249353.opus,plutonium
./data/macroset/en/clips/plutonium/common_voice_en_18122003.opus,plutonium
./data/macroset/en/clips/plutonium/common_voice_en_469395.opus,plutonium
./data/macroset/en/clips/accompany/common_voice_en_20805115.opus,accompany
./data/macroset/en/clips/accompany/common_voice_en_22206576.opus,accompany
./data/macroset/en/clips/accompany/common_voice_en_19359112.opus,accompany
./data/macroset/en/clips/accompany/common_voice_en_22131677.opus,accompany
./data/macroset/en/clips/accompany/common_voice_en_18825686.opus,accompany
./data/macroset/en/clips/lean/common_voice_en_20312121.opus,lean
./data/macroset/en/clips/lean/common_voice_en_554171.opus,lean
./data/macroset/en/clips/lean/common_voice_en_18436362.opus,lean
./data/macroset/en/clips/lean/common_voice_en_21740872.opus,lean
./data/macroset/en/clips/lean/common_voice_en_21335828.opus,lean
./data/macroset/en/clips/firm/common_voice_en_19676959.opus,firm
./data/macroset/en/clips/firm/common_voice_en_247058.opus,firm
./data/macroset/en/clips/firm/common_voice_en_19824984.opus,firm
./data/macroset/en/clips/firm/common_voice_en_19640008.opus,firm
./data/macroset/en/clips/firm/common_voice_en_683412.opus,firm
./data/macroset/en/clips/individual/common_voice_en_18420185.opus,individual
./data/macroset/en/clips/individual/common_voice_en_19780141.opus,individual
./data/macroset/en/clips/individual/common_voice_en_22384242.opus,individual
./data/macroset/en/clips/individual/common_voice_en_19748459.opus,individual
./data/macroset/en/clips/individual/common_voice_en_19350296.opus,individual
./data/macroset/en/clips/string/common_voice_en_673898.opus,string
./data/macroset/en/clips/string/common_voice_en_18102128.opus,string
./data/macroset/en/clips/string/common_voice_en_18454848.opus,string
./data/macroset/en/clips/string/common_voice_en_21629877.opus,string
./data/macroset/en/clips/string/common_voice_en_565125.opus,string
./data/macroset/en/clips/somewhat/common_voice_en_18707546.opus,somewhat
./data/macroset/en/clips/somewhat/common_voice_en_19948819.opus,somewhat
./data/macroset/en/clips/somewhat/common_voice_en_15904138.opus,somewhat
./data/macroset/en/clips/somewhat/common_voice_en_20051838.opus,somewhat
./data/macroset/en/clips/somewhat/common_voice_en_21860134.opus,somewhat
./data/macroset/en/clips/i’ll/common_voice_en_611811.opus,i’ll
./data/macroset/en/clips/i’ll/common_voice_en_18472367.opus,i’ll
./data/macroset/en/clips/i’ll/common_voice_en_19639454.opus,i’ll
./data/macroset/en/clips/i’ll/common_voice_en_18428520.opus,i’ll
./data/macroset/en/clips/i’ll/common_voice_en_18515133.opus,i’ll
./data/macroset/en/clips/treason/common_voice_en_18981324.opus,treason
./data/macroset/en/clips/treason/common_voice_en_554421.opus,treason
./data/macroset/en/clips/treason/common_voice_en_568546.opus,treason
./data/macroset/en/clips/treason/common_voice_en_52204.opus,treason
./data/macroset/en/clips/treason/common_voice_en_646406.opus,treason
./data/macroset/en/clips/threats/common_voice_en_19840989.opus,threats
./data/macroset/en/clips/threats/common_voice_en_19720367.opus,threats
./data/macroset/en/clips/threats/common_voice_en_19106531.opus,threats
./data/macroset/en/clips/threats/common_voice_en_22150032.opus,threats
./data/macroset/en/clips/threats/common_voice_en_20951303.opus,threats
./data/macroset/en/clips/wrist/common_voice_en_19952021.opus,wrist
./data/macroset/en/clips/wrist/common_voice_en_673883.opus,wrist
./data/macroset/en/clips/wrist/common_voice_en_19500465.opus,wrist
./data/macroset/en/clips/wrist/common_voice_en_18191275.opus,wrist
./data/macroset/en/clips/wrist/common_voice_en_17861834.opus,wrist
./data/macroset/en/clips/obvious/common_voice_en_20139874.opus,obvious
./data/macroset/en/clips/obvious/common_voice_en_19350518.opus,obvious
./data/macroset/en/clips/obvious/common_voice_en_18699821.opus,obvious
./data/macroset/en/clips/obvious/common_voice_en_20687457.opus,obvious
./data/macroset/en/clips/obvious/common_voice_en_20391623.opus,obvious
./data/macroset/en/clips/feelings/common_voice_en_37625.opus,feelings
./data/macroset/en/clips/feelings/common_voice_en_493227.opus,feelings
./data/macroset/en/clips/feelings/common_voice_en_18149905.opus,feelings
./data/macroset/en/clips/feelings/common_voice_en_669921.opus,feelings
./data/macroset/en/clips/feelings/common_voice_en_104713.opus,feelings
./data/macroset/en/clips/handed/common_voice_en_663685.opus,handed
./data/macroset/en/clips/handed/common_voice_en_21058737.opus,handed
./data/macroset/en/clips/handed/common_voice_en_18753194.opus,handed
./data/macroset/en/clips/handed/common_voice_en_21876350__2.opus,handed
./data/macroset/en/clips/handed/common_voice_en_20381399.opus,handed
./data/macroset/en/clips/correspond/common_voice_en_19649519.opus,correspond
./data/macroset/en/clips/correspond/common_voice_en_20020779.opus,correspond
./data/macroset/en/clips/correspond/common_voice_en_22144982.opus,correspond
./data/macroset/en/clips/correspond/common_voice_en_20000257.opus,correspond
./data/macroset/en/clips/correspond/common_voice_en_19453628.opus,correspond
./data/macroset/en/clips/umbrellas/common_voice_en_546748.opus,umbrellas
./data/macroset/en/clips/umbrellas/common_voice_en_19694473.opus,umbrellas
./data/macroset/en/clips/umbrellas/common_voice_en_186746.opus,umbrellas
./data/macroset/en/clips/umbrellas/common_voice_en_21013283.opus,umbrellas
./data/macroset/en/clips/umbrellas/common_voice_en_15599.opus,umbrellas
./data/macroset/en/clips/chekhov/common_voice_en_20674907.opus,chekhov
./data/macroset/en/clips/chekhov/common_voice_en_96478.opus,chekhov
./data/macroset/en/clips/chekhov/common_voice_en_694066.opus,chekhov
./data/macroset/en/clips/chekhov/common_voice_en_661382.opus,chekhov
./data/macroset/en/clips/chekhov/common_voice_en_131813.opus,chekhov
./data/macroset/en/clips/bakery/common_voice_en_507755.opus,bakery
./data/macroset/en/clips/bakery/common_voice_en_206680.opus,bakery
./data/macroset/en/clips/bakery/common_voice_en_195616.opus,bakery
./data/macroset/en/clips/bakery/common_voice_en_646617.opus,bakery
./data/macroset/en/clips/bakery/common_voice_en_610694.opus,bakery
./data/macroset/en/clips/amendment/common_voice_en_19721236.opus,amendment
./data/macroset/en/clips/amendment/common_voice_en_20391081.opus,amendment
./data/macroset/en/clips/amendment/common_voice_en_19573551.opus,amendment
./data/macroset/en/clips/amendment/common_voice_en_20583013.opus,amendment
./data/macroset/en/clips/amendment/common_voice_en_20961125.opus,amendment
./data/macroset/en/clips/viral/common_voice_en_19711409.opus,viral
./data/macroset/en/clips/viral/common_voice_en_22316597.opus,viral
./data/macroset/en/clips/viral/common_voice_en_19612781.opus,viral
./data/macroset/en/clips/viral/common_voice_en_19676443.opus,viral
./data/macroset/en/clips/viral/common_voice_en_19633853.opus,viral
./data/macroset/en/clips/honour/common_voice_en_22379596.opus,honour
./data/macroset/en/clips/honour/common_voice_en_552083.opus,honour
./data/macroset/en/clips/honour/common_voice_en_21151437.opus,honour
./data/macroset/en/clips/honour/common_voice_en_19848067.opus,honour
./data/macroset/en/clips/honour/common_voice_en_19534079.opus,honour
./data/macroset/en/clips/but/common_voice_en_38446.opus,but
./data/macroset/en/clips/but/common_voice_en_19840347.opus,but
./data/macroset/en/clips/but/common_voice_en_542734.opus,but
./data/macroset/en/clips/but/common_voice_en_62891.opus,but
./data/macroset/en/clips/but/common_voice_en_17249023.opus,but
./data/macroset/en/clips/agricultural/common_voice_en_21827338.opus,agricultural
./data/macroset/en/clips/agricultural/common_voice_en_19631400.opus,agricultural
./data/macroset/en/clips/agricultural/common_voice_en_21806656.opus,agricultural
./data/macroset/en/clips/agricultural/common_voice_en_20007567.opus,agricultural
./data/macroset/en/clips/agricultural/common_voice_en_19831626.opus,agricultural
./data/macroset/en/clips/glacier/common_voice_en_21813264.opus,glacier
./data/macroset/en/clips/glacier/common_voice_en_20820108.opus,glacier
./data/macroset/en/clips/glacier/common_voice_en_20770665.opus,glacier
./data/macroset/en/clips/glacier/common_voice_en_20522598.opus,glacier
./data/macroset/en/clips/glacier/common_voice_en_18984127.opus,glacier
./data/macroset/en/clips/occupying/common_voice_en_24998.opus,occupying
./data/macroset/en/clips/occupying/common_voice_en_26585.opus,occupying
./data/macroset/en/clips/occupying/common_voice_en_19652399.opus,occupying
./data/macroset/en/clips/occupying/common_voice_en_21386729.opus,occupying
./data/macroset/en/clips/occupying/common_voice_en_22435854.opus,occupying
./data/macroset/en/clips/ireland/common_voice_en_20068083__2.opus,ireland
./data/macroset/en/clips/ireland/common_voice_en_18765348.opus,ireland
./data/macroset/en/clips/ireland/common_voice_en_20853004.opus,ireland
./data/macroset/en/clips/ireland/common_voice_en_22445723.opus,ireland
./data/macroset/en/clips/ireland/common_voice_en_19680405.opus,ireland
./data/macroset/en/clips/password/common_voice_en_17290305.opus,password
./data/macroset/en/clips/password/common_voice_en_18448636.opus,password
./data/macroset/en/clips/password/common_voice_en_679669.opus,password
./data/macroset/en/clips/password/common_voice_en_18852389.opus,password
./data/macroset/en/clips/password/common_voice_en_697532.opus,password
./data/macroset/en/clips/quarters/common_voice_en_19204563.opus,quarters
./data/macroset/en/clips/quarters/common_voice_en_20865859.opus,quarters
./data/macroset/en/clips/quarters/common_voice_en_19889937.opus,quarters
./data/macroset/en/clips/quarters/common_voice_en_19981213.opus,quarters
./data/macroset/en/clips/quarters/common_voice_en_20275703.opus,quarters
./data/macroset/en/clips/octopus/common_voice_en_564671.opus,octopus
./data/macroset/en/clips/octopus/common_voice_en_21876465.opus,octopus
./data/macroset/en/clips/octopus/common_voice_en_22429466.opus,octopus
./data/macroset/en/clips/octopus/common_voice_en_9693.opus,octopus
./data/macroset/en/clips/octopus/common_voice_en_6903892.opus,octopus
./data/macroset/en/clips/earlier/common_voice_en_20391243.opus,earlier
./data/macroset/en/clips/earlier/common_voice_en_206768.opus,earlier
./data/macroset/en/clips/earlier/common_voice_en_20719168.opus,earlier
./data/macroset/en/clips/earlier/common_voice_en_17684224.opus,earlier
./data/macroset/en/clips/earlier/common_voice_en_19962229.opus,earlier
./data/macroset/en/clips/able/common_voice_en_20783661.opus,able
./data/macroset/en/clips/able/common_voice_en_672299.opus,able
./data/macroset/en/clips/able/common_voice_en_580249.opus,able
./data/macroset/en/clips/able/common_voice_en_623353.opus,able
./data/macroset/en/clips/able/common_voice_en_20031069.opus,able
./data/macroset/en/clips/forks/common_voice_en_20287955.opus,forks
./data/macroset/en/clips/forks/common_voice_en_20428499.opus,forks
./data/macroset/en/clips/forks/common_voice_en_21709959.opus,forks
./data/macroset/en/clips/forks/common_voice_en_19639090.opus,forks
./data/macroset/en/clips/forks/common_voice_en_19468905.opus,forks
./data/macroset/en/clips/diversion/common_voice_en_20713012.opus,diversion
./data/macroset/en/clips/diversion/common_voice_en_18564778.opus,diversion
./data/macroset/en/clips/diversion/common_voice_en_18412735.opus,diversion
./data/macroset/en/clips/diversion/common_voice_en_19389423.opus,diversion
./data/macroset/en/clips/diversion/common_voice_en_21024852.opus,diversion
./data/macroset/en/clips/anderson/common_voice_en_22275201.opus,anderson
./data/macroset/en/clips/anderson/common_voice_en_21240335.opus,anderson
./data/macroset/en/clips/anderson/common_voice_en_19523187.opus,anderson
./data/macroset/en/clips/anderson/common_voice_en_19980271.opus,anderson
./data/macroset/en/clips/anderson/common_voice_en_19313595.opus,anderson
./data/macroset/en/clips/cricket/common_voice_en_21636819.opus,cricket
./data/macroset/en/clips/cricket/common_voice_en_308411.opus,cricket
./data/macroset/en/clips/cricket/common_voice_en_19383641.opus,cricket
./data/macroset/en/clips/cricket/common_voice_en_19689734.opus,cricket
./data/macroset/en/clips/cricket/common_voice_en_84056.opus,cricket
./data/macroset/en/clips/compare/common_voice_en_18520022.opus,compare
./data/macroset/en/clips/compare/common_voice_en_19691847.opus,compare
./data/macroset/en/clips/compare/common_voice_en_608752.opus,compare
./data/macroset/en/clips/compare/common_voice_en_502822.opus,compare
./data/macroset/en/clips/compare/common_voice_en_183419.opus,compare
./data/macroset/en/clips/experience/common_voice_en_49779.opus,experience
./data/macroset/en/clips/experience/common_voice_en_18269989.opus,experience
./data/macroset/en/clips/experience/common_voice_en_21781757.opus,experience
./data/macroset/en/clips/experience/common_voice_en_220873.opus,experience
./data/macroset/en/clips/experience/common_voice_en_623073.opus,experience
./data/macroset/en/clips/nixon/common_voice_en_19586319.opus,nixon
./data/macroset/en/clips/nixon/common_voice_en_22292182.opus,nixon
./data/macroset/en/clips/nixon/common_voice_en_19638628.opus,nixon
./data/macroset/en/clips/nixon/common_voice_en_21653087.opus,nixon
./data/macroset/en/clips/nixon/common_voice_en_19908467.opus,nixon
./data/macroset/en/clips/launched/common_voice_en_20850826.opus,launched
./data/macroset/en/clips/launched/common_voice_en_21516790.opus,launched
./data/macroset/en/clips/launched/common_voice_en_21162612.opus,launched
./data/macroset/en/clips/launched/common_voice_en_19770074.opus,launched
./data/macroset/en/clips/launched/common_voice_en_19638385.opus,launched
./data/macroset/en/clips/themes/common_voice_en_19735099.opus,themes
./data/macroset/en/clips/themes/common_voice_en_20270875.opus,themes
./data/macroset/en/clips/themes/common_voice_en_22440760.opus,themes
./data/macroset/en/clips/themes/common_voice_en_19945800.opus,themes
./data/macroset/en/clips/themes/common_voice_en_20635299.opus,themes
./data/macroset/en/clips/virtue/common_voice_en_18029172.opus,virtue
./data/macroset/en/clips/virtue/common_voice_en_19497671.opus,virtue
./data/macroset/en/clips/virtue/common_voice_en_18061615.opus,virtue
./data/macroset/en/clips/virtue/common_voice_en_255703.opus,virtue
./data/macroset/en/clips/virtue/common_voice_en_182278.opus,virtue
./data/macroset/en/clips/tuppy/common_voice_en_18548734.opus,tuppy
./data/macroset/en/clips/tuppy/common_voice_en_18418608.opus,tuppy
./data/macroset/en/clips/tuppy/common_voice_en_18529366.opus,tuppy
./data/macroset/en/clips/tuppy/common_voice_en_18513948.opus,tuppy
./data/macroset/en/clips/tuppy/common_voice_en_18637069.opus,tuppy
./data/macroset/en/clips/comest/common_voice_en_17281367.opus,comest
./data/macroset/en/clips/comest/common_voice_en_17812201.opus,comest
./data/macroset/en/clips/comest/common_voice_en_459029.opus,comest
./data/macroset/en/clips/comest/common_voice_en_591283.opus,comest
./data/macroset/en/clips/comest/common_voice_en_17586025.opus,comest
./data/macroset/en/clips/provision/common_voice_en_21413401.opus,provision
./data/macroset/en/clips/provision/common_voice_en_21088385.opus,provision
./data/macroset/en/clips/provision/common_voice_en_19634189.opus,provision
./data/macroset/en/clips/provision/common_voice_en_19681823.opus,provision
./data/macroset/en/clips/provision/common_voice_en_19963424.opus,provision
./data/macroset/en/clips/spirited/common_voice_en_17789664.opus,spirited
./data/macroset/en/clips/spirited/common_voice_en_18608510.opus,spirited
./data/macroset/en/clips/spirited/common_voice_en_18788926.opus,spirited
./data/macroset/en/clips/spirited/common_voice_en_7387102.opus,spirited
./data/macroset/en/clips/spirited/common_voice_en_18061973.opus,spirited
./data/macroset/en/clips/asks/common_voice_en_20030431.opus,asks
./data/macroset/en/clips/asks/common_voice_en_20733876.opus,asks
./data/macroset/en/clips/asks/common_voice_en_21378818.opus,asks
./data/macroset/en/clips/asks/common_voice_en_19467061.opus,asks
./data/macroset/en/clips/asks/common_voice_en_21681269.opus,asks
./data/macroset/en/clips/thames/common_voice_en_20817845.opus,thames
./data/macroset/en/clips/thames/common_voice_en_20322625.opus,thames
./data/macroset/en/clips/thames/common_voice_en_19675531.opus,thames
./data/macroset/en/clips/thames/common_voice_en_20389906.opus,thames
./data/macroset/en/clips/thames/common_voice_en_21012616.opus,thames
./data/macroset/en/clips/spruce/common_voice_en_20721358.opus,spruce
./data/macroset/en/clips/spruce/common_voice_en_671897.opus,spruce
./data/macroset/en/clips/spruce/common_voice_en_19313503.opus,spruce
./data/macroset/en/clips/spruce/common_voice_en_20304907.opus,spruce
./data/macroset/en/clips/spruce/common_voice_en_20120075.opus,spruce
./data/macroset/en/clips/call/common_voice_en_21842157.opus,call
./data/macroset/en/clips/call/common_voice_en_19185469.opus,call
./data/macroset/en/clips/call/common_voice_en_18121567.opus,call
./data/macroset/en/clips/call/common_voice_en_30571.opus,call
./data/macroset/en/clips/call/common_voice_en_21783744.opus,call
./data/macroset/en/clips/midland/common_voice_en_21485129.opus,midland
./data/macroset/en/clips/midland/common_voice_en_20634868.opus,midland
./data/macroset/en/clips/midland/common_voice_en_19521482.opus,midland
./data/macroset/en/clips/midland/common_voice_en_20051610.opus,midland
./data/macroset/en/clips/midland/common_voice_en_22138483.opus,midland
./data/macroset/en/clips/aboard/common_voice_en_21528763.opus,aboard
./data/macroset/en/clips/aboard/common_voice_en_18751367.opus,aboard
./data/macroset/en/clips/aboard/common_voice_en_19513093.opus,aboard
./data/macroset/en/clips/aboard/common_voice_en_20934630.opus,aboard
./data/macroset/en/clips/aboard/common_voice_en_19652483.opus,aboard
./data/macroset/en/clips/cabinet/common_voice_en_19956161.opus,cabinet
./data/macroset/en/clips/cabinet/common_voice_en_19598965.opus,cabinet
./data/macroset/en/clips/cabinet/common_voice_en_21517410.opus,cabinet
./data/macroset/en/clips/cabinet/common_voice_en_20068644.opus,cabinet
./data/macroset/en/clips/cabinet/common_voice_en_20276421.opus,cabinet
./data/macroset/en/clips/saving/common_voice_en_17411119.opus,saving
./data/macroset/en/clips/saving/common_voice_en_218175.opus,saving
./data/macroset/en/clips/saving/common_voice_en_669797.opus,saving
./data/macroset/en/clips/saving/common_voice_en_18281215.opus,saving
./data/macroset/en/clips/saving/common_voice_en_18403588.opus,saving
./data/macroset/en/clips/sutton/common_voice_en_19583267.opus,sutton
./data/macroset/en/clips/sutton/common_voice_en_21469394.opus,sutton
./data/macroset/en/clips/sutton/common_voice_en_19820045.opus,sutton
./data/macroset/en/clips/sutton/common_voice_en_22310346.opus,sutton
./data/macroset/en/clips/sutton/common_voice_en_20512014.opus,sutton
./data/macroset/en/clips/gotcha/common_voice_en_17381030.opus,gotcha
./data/macroset/en/clips/gotcha/common_voice_en_191550.opus,gotcha
./data/macroset/en/clips/gotcha/common_voice_en_16047977.opus,gotcha
./data/macroset/en/clips/gotcha/common_voice_en_17297788.opus,gotcha
./data/macroset/en/clips/gotcha/common_voice_en_585842.opus,gotcha
./data/macroset/en/clips/staircase/common_voice_en_19664201.opus,staircase
./data/macroset/en/clips/staircase/common_voice_en_19454506.opus,staircase
./data/macroset/en/clips/staircase/common_voice_en_20907764.opus,staircase
./data/macroset/en/clips/staircase/common_voice_en_19664473.opus,staircase
./data/macroset/en/clips/staircase/common_voice_en_21915681.opus,staircase
./data/macroset/en/clips/intervened/common_voice_en_20920838.opus,intervened
./data/macroset/en/clips/intervened/common_voice_en_18870824.opus,intervened
./data/macroset/en/clips/intervened/common_voice_en_4699104.opus,intervened
./data/macroset/en/clips/intervened/common_voice_en_21687706.opus,intervened
./data/macroset/en/clips/intervened/common_voice_en_48404.opus,intervened
./data/macroset/en/clips/urdu/common_voice_en_19726435.opus,urdu
./data/macroset/en/clips/urdu/common_voice_en_21721536.opus,urdu
./data/macroset/en/clips/urdu/common_voice_en_18697520.opus,urdu
./data/macroset/en/clips/urdu/common_voice_en_21367786.opus,urdu
./data/macroset/en/clips/urdu/common_voice_en_19765609.opus,urdu
./data/macroset/en/clips/fore/common_voice_en_19878408.opus,fore
./data/macroset/en/clips/fore/common_voice_en_17955221__2.opus,fore
./data/macroset/en/clips/fore/common_voice_en_18100943__2.opus,fore
./data/macroset/en/clips/fore/common_voice_en_17983377.opus,fore
./data/macroset/en/clips/fore/common_voice_en_17877043__2.opus,fore
./data/macroset/en/clips/corruption/common_voice_en_609693.opus,corruption
./data/macroset/en/clips/corruption/common_voice_en_20601020.opus,corruption
./data/macroset/en/clips/corruption/common_voice_en_18938989.opus,corruption
./data/macroset/en/clips/corruption/common_voice_en_20019767.opus,corruption
./data/macroset/en/clips/corruption/common_voice_en_690492.opus,corruption
./data/macroset/en/clips/autumn/common_voice_en_529925.opus,autumn
./data/macroset/en/clips/autumn/common_voice_en_21827250.opus,autumn
./data/macroset/en/clips/autumn/common_voice_en_19869640.opus,autumn
./data/macroset/en/clips/autumn/common_voice_en_575261.opus,autumn
./data/macroset/en/clips/autumn/common_voice_en_20049959.opus,autumn
./data/macroset/en/clips/don’t/common_voice_en_17725702.opus,don’t
./data/macroset/en/clips/don’t/common_voice_en_18553575.opus,don’t
./data/macroset/en/clips/don’t/common_voice_en_700564.opus,don’t
./data/macroset/en/clips/don’t/common_voice_en_638469.opus,don’t
./data/macroset/en/clips/don’t/common_voice_en_610380.opus,don’t
./data/macroset/en/clips/ducks/common_voice_en_17917047.opus,ducks
./data/macroset/en/clips/ducks/common_voice_en_20990006.opus,ducks
./data/macroset/en/clips/ducks/common_voice_en_22156016.opus,ducks
./data/macroset/en/clips/ducks/common_voice_en_480382.opus,ducks
./data/macroset/en/clips/ducks/common_voice_en_18066004.opus,ducks
./data/macroset/en/clips/stainless/common_voice_en_21827147.opus,stainless
./data/macroset/en/clips/stainless/common_voice_en_19989641.opus,stainless
./data/macroset/en/clips/stainless/common_voice_en_182586.opus,stainless
./data/macroset/en/clips/stainless/common_voice_en_21250769.opus,stainless
./data/macroset/en/clips/stainless/common_voice_en_660902.opus,stainless
./data/macroset/en/clips/wired/common_voice_en_74398.opus,wired
./data/macroset/en/clips/wired/common_voice_en_526151.opus,wired
./data/macroset/en/clips/wired/common_voice_en_597639.opus,wired
./data/macroset/en/clips/wired/common_voice_en_95686.opus,wired
./data/macroset/en/clips/wired/common_voice_en_20325584.opus,wired
./data/macroset/en/clips/bird/common_voice_en_196640.opus,bird
./data/macroset/en/clips/bird/common_voice_en_617728.opus,bird
./data/macroset/en/clips/bird/common_voice_en_507710.opus,bird
./data/macroset/en/clips/bird/common_voice_en_554469.opus,bird
./data/macroset/en/clips/bird/common_voice_en_616915.opus,bird
./data/macroset/en/clips/synonymous/common_voice_en_19755719.opus,synonymous
./data/macroset/en/clips/synonymous/common_voice_en_20160285.opus,synonymous
./data/macroset/en/clips/synonymous/common_voice_en_20114601.opus,synonymous
./data/macroset/en/clips/synonymous/common_voice_en_20900404.opus,synonymous
./data/macroset/en/clips/synonymous/common_voice_en_20176383.opus,synonymous
./data/macroset/en/clips/deficits/common_voice_en_18963308.opus,deficits
./data/macroset/en/clips/deficits/common_voice_en_17291559.opus,deficits
./data/macroset/en/clips/deficits/common_voice_en_17650723.opus,deficits
./data/macroset/en/clips/deficits/common_voice_en_693292.opus,deficits
./data/macroset/en/clips/deficits/common_voice_en_18144349.opus,deficits
./data/macroset/en/clips/concentration/common_voice_en_20462386.opus,concentration
./data/macroset/en/clips/concentration/common_voice_en_22023697.opus,concentration
./data/macroset/en/clips/concentration/common_voice_en_22091096.opus,concentration
./data/macroset/en/clips/concentration/common_voice_en_20731752.opus,concentration
./data/macroset/en/clips/concentration/common_voice_en_19744390.opus,concentration
./data/macroset/en/clips/trash/common_voice_en_17956829.opus,trash
./data/macroset/en/clips/trash/common_voice_en_18117149.opus,trash
./data/macroset/en/clips/trash/common_voice_en_179487.opus,trash
./data/macroset/en/clips/trash/common_voice_en_18138016.opus,trash
./data/macroset/en/clips/trash/common_voice_en_79556.opus,trash
./data/macroset/en/clips/former/common_voice_en_19620964.opus,former
./data/macroset/en/clips/former/common_voice_en_22293744.opus,former
./data/macroset/en/clips/former/common_voice_en_19497401.opus,former
./data/macroset/en/clips/former/common_voice_en_21589235.opus,former
./data/macroset/en/clips/former/common_voice_en_19388580.opus,former
./data/macroset/en/clips/european/common_voice_en_19476545.opus,european
./data/macroset/en/clips/european/common_voice_en_552767.opus,european
./data/macroset/en/clips/european/common_voice_en_20562552.opus,european
./data/macroset/en/clips/european/common_voice_en_19419428.opus,european
./data/macroset/en/clips/european/common_voice_en_20189986.opus,european
./data/macroset/en/clips/image/common_voice_en_19811178.opus,image
./data/macroset/en/clips/image/common_voice_en_106740.opus,image
./data/macroset/en/clips/image/common_voice_en_20132589.opus,image
./data/macroset/en/clips/image/common_voice_en_22366304.opus,image
./data/macroset/en/clips/image/common_voice_en_674330.opus,image
./data/macroset/en/clips/papal/common_voice_en_20793075.opus,papal
./data/macroset/en/clips/papal/common_voice_en_18930788.opus,papal
./data/macroset/en/clips/papal/common_voice_en_21311023.opus,papal
./data/macroset/en/clips/papal/common_voice_en_19689312.opus,papal
./data/macroset/en/clips/papal/common_voice_en_18735270.opus,papal
./data/macroset/en/clips/textbooks/common_voice_en_20881068.opus,textbooks
./data/macroset/en/clips/textbooks/common_voice_en_19467952.opus,textbooks
./data/macroset/en/clips/textbooks/common_voice_en_20048464.opus,textbooks
./data/macroset/en/clips/textbooks/common_voice_en_21456257.opus,textbooks
./data/macroset/en/clips/textbooks/common_voice_en_20771192.opus,textbooks
./data/macroset/en/clips/grammars/common_voice_en_207106.opus,grammars
./data/macroset/en/clips/grammars/common_voice_en_22364764.opus,grammars
./data/macroset/en/clips/grammars/common_voice_en_19675231.opus,grammars
./data/macroset/en/clips/grammars/common_voice_en_668239.opus,grammars
./data/macroset/en/clips/grammars/common_voice_en_58490.opus,grammars
./data/macroset/en/clips/meeting/common_voice_en_9412145.opus,meeting
./data/macroset/en/clips/meeting/common_voice_en_594444.opus,meeting
./data/macroset/en/clips/meeting/common_voice_en_19638849.opus,meeting
./data/macroset/en/clips/meeting/common_voice_en_18829110.opus,meeting
./data/macroset/en/clips/meeting/common_voice_en_19964766.opus,meeting
./data/macroset/en/clips/fence/common_voice_en_18522186.opus,fence
./data/macroset/en/clips/fence/common_voice_en_607142.opus,fence
./data/macroset/en/clips/fence/common_voice_en_687690.opus,fence
./data/macroset/en/clips/fence/common_voice_en_528961.opus,fence
./data/macroset/en/clips/fence/common_voice_en_337318.opus,fence
./data/macroset/en/clips/threads/common_voice_en_18764565.opus,threads
./data/macroset/en/clips/threads/common_voice_en_20181980.opus,threads
./data/macroset/en/clips/threads/common_voice_en_19890442__2.opus,threads
./data/macroset/en/clips/threads/common_voice_en_22314753.opus,threads
./data/macroset/en/clips/threads/common_voice_en_21054323.opus,threads
./data/macroset/en/clips/guilt/common_voice_en_21768430.opus,guilt
./data/macroset/en/clips/guilt/common_voice_en_18550235.opus,guilt
./data/macroset/en/clips/guilt/common_voice_en_20262159.opus,guilt
./data/macroset/en/clips/guilt/common_voice_en_18673356.opus,guilt
./data/macroset/en/clips/guilt/common_voice_en_20263607.opus,guilt
./data/macroset/en/clips/differential/common_voice_en_624279.opus,differential
./data/macroset/en/clips/differential/common_voice_en_20922888.opus,differential
./data/macroset/en/clips/differential/common_voice_en_612374.opus,differential
./data/macroset/en/clips/differential/common_voice_en_700230.opus,differential
./data/macroset/en/clips/differential/common_voice_en_20106607.opus,differential
./data/macroset/en/clips/headcloth/common_voice_en_668567.opus,headcloth
./data/macroset/en/clips/headcloth/common_voice_en_80193.opus,headcloth
./data/macroset/en/clips/headcloth/common_voice_en_176606.opus,headcloth
./data/macroset/en/clips/headcloth/common_voice_en_508592.opus,headcloth
./data/macroset/en/clips/headcloth/common_voice_en_60642.opus,headcloth
./data/macroset/en/clips/capital/common_voice_en_22044953.opus,capital
./data/macroset/en/clips/capital/common_voice_en_694517.opus,capital
./data/macroset/en/clips/capital/common_voice_en_21341602__2.opus,capital
./data/macroset/en/clips/capital/common_voice_en_20284953.opus,capital
./data/macroset/en/clips/capital/common_voice_en_20448946.opus,capital
./data/macroset/en/clips/noun/common_voice_en_20530236.opus,noun
./data/macroset/en/clips/noun/common_voice_en_19132588.opus,noun
./data/macroset/en/clips/noun/common_voice_en_20021087.opus,noun
./data/macroset/en/clips/noun/common_voice_en_21253417.opus,noun
./data/macroset/en/clips/noun/common_voice_en_20247865.opus,noun
./data/macroset/en/clips/terminology/common_voice_en_20733721.opus,terminology
./data/macroset/en/clips/terminology/common_voice_en_20371628.opus,terminology
./data/macroset/en/clips/terminology/common_voice_en_19289294.opus,terminology
./data/macroset/en/clips/terminology/common_voice_en_22373557.opus,terminology
./data/macroset/en/clips/terminology/common_voice_en_19802884.opus,terminology
./data/macroset/en/clips/expedition/common_voice_en_19791509.opus,expedition
./data/macroset/en/clips/expedition/common_voice_en_21440402.opus,expedition
./data/macroset/en/clips/expedition/common_voice_en_22244196.opus,expedition
./data/macroset/en/clips/expedition/common_voice_en_21864680.opus,expedition
./data/macroset/en/clips/expedition/common_voice_en_22085927.opus,expedition
./data/macroset/en/clips/victories/common_voice_en_19539590.opus,victories
./data/macroset/en/clips/victories/common_voice_en_18851827.opus,victories
./data/macroset/en/clips/victories/common_voice_en_22344366.opus,victories
./data/macroset/en/clips/victories/common_voice_en_21320754.opus,victories
./data/macroset/en/clips/victories/common_voice_en_18498738.opus,victories
./data/macroset/en/clips/drops/common_voice_en_558136.opus,drops
./data/macroset/en/clips/drops/common_voice_en_2586282.opus,drops
./data/macroset/en/clips/drops/common_voice_en_2322984.opus,drops
./data/macroset/en/clips/drops/common_voice_en_22191741.opus,drops
./data/macroset/en/clips/drops/common_voice_en_253817.opus,drops
./data/macroset/en/clips/congressional/common_voice_en_19887761.opus,congressional
./data/macroset/en/clips/congressional/common_voice_en_44012.opus,congressional
./data/macroset/en/clips/congressional/common_voice_en_527803.opus,congressional
./data/macroset/en/clips/congressional/common_voice_en_638621.opus,congressional
./data/macroset/en/clips/congressional/common_voice_en_21512940.opus,congressional
./data/macroset/en/clips/liam/common_voice_en_18748756.opus,liam
./data/macroset/en/clips/liam/common_voice_en_18762383.opus,liam
./data/macroset/en/clips/liam/common_voice_en_18882534.opus,liam
./data/macroset/en/clips/liam/common_voice_en_20993644.opus,liam
./data/macroset/en/clips/liam/common_voice_en_1948749.opus,liam
./data/macroset/en/clips/eugene/common_voice_en_19815198.opus,eugene
./data/macroset/en/clips/eugene/common_voice_en_19681781.opus,eugene
./data/macroset/en/clips/eugene/common_voice_en_22239007.opus,eugene
./data/macroset/en/clips/eugene/common_voice_en_19172749.opus,eugene
./data/macroset/en/clips/eugene/common_voice_en_19710901.opus,eugene
./data/macroset/en/clips/early/common_voice_en_21244210.opus,early
./data/macroset/en/clips/early/common_voice_en_22324023.opus,early
./data/macroset/en/clips/early/common_voice_en_655979.opus,early
./data/macroset/en/clips/early/common_voice_en_94715.opus,early
./data/macroset/en/clips/early/common_voice_en_17294411.opus,early
./data/macroset/en/clips/phil/common_voice_en_18826616.opus,phil
./data/macroset/en/clips/phil/common_voice_en_21834296.opus,phil
./data/macroset/en/clips/phil/common_voice_en_17993760.opus,phil
./data/macroset/en/clips/phil/common_voice_en_18518622.opus,phil
./data/macroset/en/clips/phil/common_voice_en_17928503.opus,phil
./data/macroset/en/clips/managers/common_voice_en_20688630.opus,managers
./data/macroset/en/clips/managers/common_voice_en_20299476.opus,managers
./data/macroset/en/clips/managers/common_voice_en_22329740.opus,managers
./data/macroset/en/clips/managers/common_voice_en_21700486.opus,managers
./data/macroset/en/clips/managers/common_voice_en_21653279.opus,managers
./data/macroset/en/clips/mia/common_voice_en_21342677.opus,mia
./data/macroset/en/clips/mia/common_voice_en_18165591.opus,mia
./data/macroset/en/clips/mia/common_voice_en_17832903.opus,mia
./data/macroset/en/clips/mia/common_voice_en_9412158.opus,mia
./data/macroset/en/clips/mia/common_voice_en_18091135.opus,mia
./data/macroset/en/clips/scrapped/common_voice_en_19694822.opus,scrapped
./data/macroset/en/clips/scrapped/common_voice_en_19647074.opus,scrapped
./data/macroset/en/clips/scrapped/common_voice_en_19514491.opus,scrapped
./data/macroset/en/clips/scrapped/common_voice_en_19187180.opus,scrapped
./data/macroset/en/clips/scrapped/common_voice_en_20920340.opus,scrapped
./data/macroset/en/clips/manufactured/common_voice_en_20596926.opus,manufactured
./data/macroset/en/clips/manufactured/common_voice_en_20847417.opus,manufactured
./data/macroset/en/clips/manufactured/common_voice_en_20041536.opus,manufactured
./data/macroset/en/clips/manufactured/common_voice_en_21929664.opus,manufactured
./data/macroset/en/clips/manufactured/common_voice_en_19607310.opus,manufactured
./data/macroset/en/clips/forecasting/common_voice_en_567029.opus,forecasting
./data/macroset/en/clips/forecasting/common_voice_en_528042.opus,forecasting
./data/macroset/en/clips/forecasting/common_voice_en_205477.opus,forecasting
./data/macroset/en/clips/forecasting/common_voice_en_642976.opus,forecasting
./data/macroset/en/clips/forecasting/common_voice_en_628942.opus,forecasting
./data/macroset/en/clips/monster/common_voice_en_183716.opus,monster
./data/macroset/en/clips/monster/common_voice_en_635144.opus,monster
./data/macroset/en/clips/monster/common_voice_en_535803.opus,monster
./data/macroset/en/clips/monster/common_voice_en_22108872.opus,monster
./data/macroset/en/clips/monster/common_voice_en_19765913.opus,monster
./data/macroset/en/clips/representation/common_voice_en_20200547.opus,representation
./data/macroset/en/clips/representation/common_voice_en_18673533__2.opus,representation
./data/macroset/en/clips/representation/common_voice_en_72088.opus,representation
./data/macroset/en/clips/representation/common_voice_en_20159850.opus,representation
./data/macroset/en/clips/representation/common_voice_en_535549.opus,representation
./data/macroset/en/clips/stretch/common_voice_en_20258398.opus,stretch
./data/macroset/en/clips/stretch/common_voice_en_20260372.opus,stretch
./data/macroset/en/clips/stretch/common_voice_en_18884595.opus,stretch
./data/macroset/en/clips/stretch/common_voice_en_99999.opus,stretch
./data/macroset/en/clips/stretch/common_voice_en_22441007.opus,stretch
./data/macroset/en/clips/foods/common_voice_en_21690561.opus,foods
./data/macroset/en/clips/foods/common_voice_en_19755065.opus,foods
./data/macroset/en/clips/foods/common_voice_en_19946652.opus,foods
./data/macroset/en/clips/foods/common_voice_en_20278306.opus,foods
./data/macroset/en/clips/foods/common_voice_en_21854603.opus,foods
./data/macroset/en/clips/ending/common_voice_en_20067777.opus,ending
./data/macroset/en/clips/ending/common_voice_en_499380.opus,ending
./data/macroset/en/clips/ending/common_voice_en_18598651.opus,ending
./data/macroset/en/clips/ending/common_voice_en_17400377.opus,ending
./data/macroset/en/clips/ending/common_voice_en_17292226.opus,ending
./data/macroset/en/clips/vancouver/common_voice_en_19142047.opus,vancouver
./data/macroset/en/clips/vancouver/common_voice_en_20877143.opus,vancouver
./data/macroset/en/clips/vancouver/common_voice_en_21229832.opus,vancouver
./data/macroset/en/clips/vancouver/common_voice_en_19036619.opus,vancouver
./data/macroset/en/clips/vancouver/common_voice_en_21247788.opus,vancouver
./data/macroset/en/clips/tokyo/common_voice_en_21936490.opus,tokyo
./data/macroset/en/clips/tokyo/common_voice_en_18751949.opus,tokyo
./data/macroset/en/clips/tokyo/common_voice_en_18465324.opus,tokyo
./data/macroset/en/clips/tokyo/common_voice_en_603638.opus,tokyo
./data/macroset/en/clips/tokyo/common_voice_en_22455153.opus,tokyo
./data/macroset/en/clips/indonesian/common_voice_en_20696866.opus,indonesian
./data/macroset/en/clips/indonesian/common_voice_en_20934913.opus,indonesian
./data/macroset/en/clips/indonesian/common_voice_en_20703099.opus,indonesian
./data/macroset/en/clips/indonesian/common_voice_en_22364254.opus,indonesian
./data/macroset/en/clips/indonesian/common_voice_en_21304026.opus,indonesian
./data/macroset/en/clips/affiliated/common_voice_en_20741394.opus,affiliated
./data/macroset/en/clips/affiliated/common_voice_en_22256701.opus,affiliated
./data/macroset/en/clips/affiliated/common_voice_en_19035636.opus,affiliated
./data/macroset/en/clips/affiliated/common_voice_en_19507743.opus,affiliated
./data/macroset/en/clips/affiliated/common_voice_en_19783863.opus,affiliated
./data/macroset/en/clips/demanded/common_voice_en_42644.opus,demanded
./data/macroset/en/clips/demanded/common_voice_en_19249047.opus,demanded
./data/macroset/en/clips/demanded/common_voice_en_21366100.opus,demanded
./data/macroset/en/clips/demanded/common_voice_en_22377758.opus,demanded
./data/macroset/en/clips/demanded/common_voice_en_18800349.opus,demanded
./data/macroset/en/clips/sailed/common_voice_en_22314734.opus,sailed
./data/macroset/en/clips/sailed/common_voice_en_18713342.opus,sailed
./data/macroset/en/clips/sailed/common_voice_en_22082686.opus,sailed
./data/macroset/en/clips/sailed/common_voice_en_19756143.opus,sailed
./data/macroset/en/clips/sailed/common_voice_en_19609594.opus,sailed
./data/macroset/en/clips/emeritus/common_voice_en_19683256.opus,emeritus
./data/macroset/en/clips/emeritus/common_voice_en_22139900.opus,emeritus
./data/macroset/en/clips/emeritus/common_voice_en_19424046.opus,emeritus
./data/macroset/en/clips/emeritus/common_voice_en_19752470.opus,emeritus
./data/macroset/en/clips/emeritus/common_voice_en_20131868.opus,emeritus
./data/macroset/en/clips/northeast/common_voice_en_20243607.opus,northeast
./data/macroset/en/clips/northeast/common_voice_en_19887725.opus,northeast
./data/macroset/en/clips/northeast/common_voice_en_19705038.opus,northeast
./data/macroset/en/clips/northeast/common_voice_en_20879818.opus,northeast
./data/macroset/en/clips/northeast/common_voice_en_20261029.opus,northeast
./data/macroset/en/clips/curtains/common_voice_en_212862.opus,curtains
./data/macroset/en/clips/curtains/common_voice_en_17282888.opus,curtains
./data/macroset/en/clips/curtains/common_voice_en_62173.opus,curtains
./data/macroset/en/clips/curtains/common_voice_en_58575.opus,curtains
./data/macroset/en/clips/curtains/common_voice_en_17556290.opus,curtains
./data/macroset/en/clips/century/common_voice_en_19605667.opus,century
./data/macroset/en/clips/century/common_voice_en_18113839.opus,century
./data/macroset/en/clips/century/common_voice_en_18861727.opus,century
./data/macroset/en/clips/century/common_voice_en_20361505.opus,century
./data/macroset/en/clips/century/common_voice_en_20988228.opus,century
./data/macroset/en/clips/bore/common_voice_en_20339284.opus,bore
./data/macroset/en/clips/bore/common_voice_en_22184990.opus,bore
./data/macroset/en/clips/bore/common_voice_en_20141631.opus,bore
./data/macroset/en/clips/bore/common_voice_en_18483770.opus,bore
./data/macroset/en/clips/bore/common_voice_en_21543035.opus,bore
./data/macroset/en/clips/vocalist/common_voice_en_21359726.opus,vocalist
./data/macroset/en/clips/vocalist/common_voice_en_21929954.opus,vocalist
./data/macroset/en/clips/vocalist/common_voice_en_20923104.opus,vocalist
./data/macroset/en/clips/vocalist/common_voice_en_20092710.opus,vocalist
./data/macroset/en/clips/vocalist/common_voice_en_21132441.opus,vocalist
./data/macroset/en/clips/dynamics/common_voice_en_20876278.opus,dynamics
./data/macroset/en/clips/dynamics/common_voice_en_21688347.opus,dynamics
./data/macroset/en/clips/dynamics/common_voice_en_19869690.opus,dynamics
./data/macroset/en/clips/dynamics/common_voice_en_20179001.opus,dynamics
./data/macroset/en/clips/dynamics/common_voice_en_18949425__2.opus,dynamics
./data/macroset/en/clips/citizenship/common_voice_en_18503884.opus,citizenship
./data/macroset/en/clips/citizenship/common_voice_en_22451299.opus,citizenship
./data/macroset/en/clips/citizenship/common_voice_en_19180904.opus,citizenship
./data/macroset/en/clips/citizenship/common_voice_en_21494090.opus,citizenship
./data/macroset/en/clips/citizenship/common_voice_en_20061948.opus,citizenship
./data/macroset/en/clips/unpopular/common_voice_en_20733924.opus,unpopular
./data/macroset/en/clips/unpopular/common_voice_en_21427461.opus,unpopular
./data/macroset/en/clips/unpopular/common_voice_en_20952592.opus,unpopular
./data/macroset/en/clips/unpopular/common_voice_en_20296683.opus,unpopular
./data/macroset/en/clips/unpopular/common_voice_en_22089849.opus,unpopular
./data/macroset/en/clips/trample/common_voice_en_20270272.opus,trample
./data/macroset/en/clips/trample/common_voice_en_17551224.opus,trample
./data/macroset/en/clips/trample/common_voice_en_17654799.opus,trample
./data/macroset/en/clips/trample/common_voice_en_17291722.opus,trample
./data/macroset/en/clips/trample/common_voice_en_73644.opus,trample
./data/macroset/en/clips/assume/common_voice_en_20182754.opus,assume
./data/macroset/en/clips/assume/common_voice_en_18522739.opus,assume
./data/macroset/en/clips/assume/common_voice_en_633815.opus,assume
./data/macroset/en/clips/assume/common_voice_en_488012.opus,assume
./data/macroset/en/clips/assume/common_voice_en_20911481.opus,assume
./data/macroset/en/clips/mountain/common_voice_en_20294579.opus,mountain
./data/macroset/en/clips/mountain/common_voice_en_19106656.opus,mountain
./data/macroset/en/clips/mountain/common_voice_en_209842.opus,mountain
./data/macroset/en/clips/mountain/common_voice_en_20016220.opus,mountain
./data/macroset/en/clips/mountain/common_voice_en_22364689.opus,mountain
./data/macroset/en/clips/mitchell/common_voice_en_19660215.opus,mitchell
./data/macroset/en/clips/mitchell/common_voice_en_20004994.opus,mitchell
./data/macroset/en/clips/mitchell/common_voice_en_657803.opus,mitchell
./data/macroset/en/clips/mitchell/common_voice_en_20920678.opus,mitchell
./data/macroset/en/clips/mitchell/common_voice_en_20644188.opus,mitchell
./data/macroset/en/clips/poles/common_voice_en_20240160.opus,poles
./data/macroset/en/clips/poles/common_voice_en_16048093.opus,poles
./data/macroset/en/clips/poles/common_voice_en_17817387.opus,poles
./data/macroset/en/clips/poles/common_voice_en_22403513.opus,poles
./data/macroset/en/clips/poles/common_voice_en_594322.opus,poles
./data/macroset/en/clips/measuring/common_voice_en_205057.opus,measuring
./data/macroset/en/clips/measuring/common_voice_en_18749385.opus,measuring
./data/macroset/en/clips/measuring/common_voice_en_20526314.opus,measuring
./data/macroset/en/clips/measuring/common_voice_en_18991546.opus,measuring
./data/macroset/en/clips/measuring/common_voice_en_21452768.opus,measuring
./data/macroset/en/clips/masculine/common_voice_en_19497444.opus,masculine
./data/macroset/en/clips/masculine/common_voice_en_17922691.opus,masculine
./data/macroset/en/clips/masculine/common_voice_en_74828.opus,masculine
./data/macroset/en/clips/masculine/common_voice_en_18095085.opus,masculine
./data/macroset/en/clips/masculine/common_voice_en_17299485.opus,masculine
./data/macroset/en/clips/sense/common_voice_en_658475.opus,sense
./data/macroset/en/clips/sense/common_voice_en_699158.opus,sense
./data/macroset/en/clips/sense/common_voice_en_567920.opus,sense
./data/macroset/en/clips/sense/common_voice_en_632052.opus,sense
./data/macroset/en/clips/sense/common_voice_en_15733855.opus,sense
./data/macroset/en/clips/traces/common_voice_en_20293697.opus,traces
./data/macroset/en/clips/traces/common_voice_en_22248944.opus,traces
./data/macroset/en/clips/traces/common_voice_en_19024559.opus,traces
./data/macroset/en/clips/traces/common_voice_en_20636610.opus,traces
./data/macroset/en/clips/traces/common_voice_en_22080409.opus,traces
./data/macroset/en/clips/include/common_voice_en_20391001.opus,include
./data/macroset/en/clips/include/common_voice_en_20533060.opus,include
./data/macroset/en/clips/include/common_voice_en_18957879.opus,include
./data/macroset/en/clips/include/common_voice_en_18863058.opus,include
./data/macroset/en/clips/include/common_voice_en_22085267.opus,include
./data/macroset/en/clips/joel/common_voice_en_22437899.opus,joel
./data/macroset/en/clips/joel/common_voice_en_686681.opus,joel
./data/macroset/en/clips/joel/common_voice_en_64294.opus,joel
./data/macroset/en/clips/joel/common_voice_en_21703469.opus,joel
./data/macroset/en/clips/joel/common_voice_en_19466260.opus,joel
./data/macroset/en/clips/poodle/common_voice_en_18469625.opus,poodle
./data/macroset/en/clips/poodle/common_voice_en_72078.opus,poodle
./data/macroset/en/clips/poodle/common_voice_en_18522224.opus,poodle
./data/macroset/en/clips/poodle/common_voice_en_529830.opus,poodle
./data/macroset/en/clips/poodle/common_voice_en_639237.opus,poodle
./data/macroset/en/clips/hull/common_voice_en_19601933.opus,hull
./data/macroset/en/clips/hull/common_voice_en_208836.opus,hull
./data/macroset/en/clips/hull/common_voice_en_21089671.opus,hull
./data/macroset/en/clips/hull/common_voice_en_18121385.opus,hull
./data/macroset/en/clips/hull/common_voice_en_18683947.opus,hull
./data/macroset/en/clips/daunting/common_voice_en_52261.opus,daunting
./data/macroset/en/clips/daunting/common_voice_en_78515.opus,daunting
./data/macroset/en/clips/daunting/common_voice_en_567195.opus,daunting
./data/macroset/en/clips/daunting/common_voice_en_546174.opus,daunting
./data/macroset/en/clips/daunting/common_voice_en_185136.opus,daunting
./data/macroset/en/clips/litigation/common_voice_en_20818767.opus,litigation
./data/macroset/en/clips/litigation/common_voice_en_18815072.opus,litigation
./data/macroset/en/clips/litigation/common_voice_en_21351182.opus,litigation
./data/macroset/en/clips/litigation/common_voice_en_19965819.opus,litigation
./data/macroset/en/clips/litigation/common_voice_en_20228885.opus,litigation
./data/macroset/en/clips/transit/common_voice_en_20709062.opus,transit
./data/macroset/en/clips/transit/common_voice_en_19409066.opus,transit
./data/macroset/en/clips/transit/common_voice_en_22085696.opus,transit
./data/macroset/en/clips/transit/common_voice_en_19711192.opus,transit
./data/macroset/en/clips/transit/common_voice_en_20883025.opus,transit
./data/macroset/en/clips/appeared/common_voice_en_20602226.opus,appeared
./data/macroset/en/clips/appeared/common_voice_en_22026038.opus,appeared
./data/macroset/en/clips/appeared/common_voice_en_18864278.opus,appeared
./data/macroset/en/clips/appeared/common_voice_en_94136.opus,appeared
./data/macroset/en/clips/appeared/common_voice_en_47276.opus,appeared
./data/macroset/en/clips/pier/common_voice_en_612004.opus,pier
./data/macroset/en/clips/pier/common_voice_en_22302000.opus,pier
./data/macroset/en/clips/pier/common_voice_en_19581360.opus,pier
./data/macroset/en/clips/pier/common_voice_en_20235804.opus,pier
./data/macroset/en/clips/pier/common_voice_en_20523030.opus,pier
./data/macroset/en/clips/mailbox/common_voice_en_18103858.opus,mailbox
./data/macroset/en/clips/mailbox/common_voice_en_192009.opus,mailbox
./data/macroset/en/clips/mailbox/common_voice_en_253753.opus,mailbox
./data/macroset/en/clips/mailbox/common_voice_en_692387.opus,mailbox
./data/macroset/en/clips/mailbox/common_voice_en_11820568.opus,mailbox
./data/macroset/en/clips/stepping/common_voice_en_499837.opus,stepping
./data/macroset/en/clips/stepping/common_voice_en_529388.opus,stepping
./data/macroset/en/clips/stepping/common_voice_en_18616351.opus,stepping
./data/macroset/en/clips/stepping/common_voice_en_505783.opus,stepping
./data/macroset/en/clips/stepping/common_voice_en_140161.opus,stepping
./data/macroset/en/clips/dinosaur/common_voice_en_638272.opus,dinosaur
./data/macroset/en/clips/dinosaur/common_voice_en_631664.opus,dinosaur
./data/macroset/en/clips/dinosaur/common_voice_en_6923248.opus,dinosaur
./data/macroset/en/clips/dinosaur/common_voice_en_575184.opus,dinosaur
./data/macroset/en/clips/dinosaur/common_voice_en_194278.opus,dinosaur
./data/macroset/en/clips/glyphs/common_voice_en_18058959.opus,glyphs
./data/macroset/en/clips/glyphs/common_voice_en_17858131.opus,glyphs
./data/macroset/en/clips/glyphs/common_voice_en_568358.opus,glyphs
./data/macroset/en/clips/glyphs/common_voice_en_278863.opus,glyphs
./data/macroset/en/clips/glyphs/common_voice_en_18113545.opus,glyphs
./data/macroset/en/clips/palms/common_voice_en_81540.opus,palms
./data/macroset/en/clips/palms/common_voice_en_21368101.opus,palms
./data/macroset/en/clips/palms/common_voice_en_17280356.opus,palms
./data/macroset/en/clips/palms/common_voice_en_18116872.opus,palms
./data/macroset/en/clips/palms/common_voice_en_20105116.opus,palms
./data/macroset/en/clips/losses/common_voice_en_19639943.opus,losses
./data/macroset/en/clips/losses/common_voice_en_21290244.opus,losses
./data/macroset/en/clips/losses/common_voice_en_19982775.opus,losses
./data/macroset/en/clips/losses/common_voice_en_20188423.opus,losses
./data/macroset/en/clips/losses/common_voice_en_20826847.opus,losses
./data/macroset/en/clips/relating/common_voice_en_22360775.opus,relating
./data/macroset/en/clips/relating/common_voice_en_22234082.opus,relating
./data/macroset/en/clips/relating/common_voice_en_22184317.opus,relating
./data/macroset/en/clips/relating/common_voice_en_19067268.opus,relating
./data/macroset/en/clips/relating/common_voice_en_19985389.opus,relating
./data/macroset/en/clips/tiger/common_voice_en_3676200.opus,tiger
./data/macroset/en/clips/tiger/common_voice_en_21447819.opus,tiger
./data/macroset/en/clips/tiger/common_voice_en_493338.opus,tiger
./data/macroset/en/clips/tiger/common_voice_en_494386.opus,tiger
./data/macroset/en/clips/tiger/common_voice_en_21947111.opus,tiger
./data/macroset/en/clips/convince/common_voice_en_511889.opus,convince
./data/macroset/en/clips/convince/common_voice_en_490049.opus,convince
./data/macroset/en/clips/convince/common_voice_en_203034.opus,convince
./data/macroset/en/clips/convince/common_voice_en_164304.opus,convince
./data/macroset/en/clips/convince/common_voice_en_20099.opus,convince
./data/macroset/en/clips/partial/common_voice_en_20424660.opus,partial
./data/macroset/en/clips/partial/common_voice_en_20841054.opus,partial
./data/macroset/en/clips/partial/common_voice_en_21338154.opus,partial
./data/macroset/en/clips/partial/common_voice_en_20316086.opus,partial
./data/macroset/en/clips/partial/common_voice_en_19081558.opus,partial
./data/macroset/en/clips/flowering/common_voice_en_553955.opus,flowering
./data/macroset/en/clips/flowering/common_voice_en_21634707.opus,flowering
./data/macroset/en/clips/flowering/common_voice_en_20897825.opus,flowering
./data/macroset/en/clips/flowering/common_voice_en_20649246.opus,flowering
./data/macroset/en/clips/flowering/common_voice_en_562320.opus,flowering
./data/macroset/en/clips/display/common_voice_en_20294009.opus,display
./data/macroset/en/clips/display/common_voice_en_17370427.opus,display
./data/macroset/en/clips/display/common_voice_en_563978.opus,display
./data/macroset/en/clips/display/common_voice_en_19011538.opus,display
./data/macroset/en/clips/display/common_voice_en_20472641.opus,display
./data/macroset/en/clips/neighboring/common_voice_en_20478375.opus,neighboring
./data/macroset/en/clips/neighboring/common_voice_en_21591589.opus,neighboring
./data/macroset/en/clips/neighboring/common_voice_en_21269434.opus,neighboring
./data/macroset/en/clips/neighboring/common_voice_en_19311934.opus,neighboring
./data/macroset/en/clips/neighboring/common_voice_en_20760481.opus,neighboring
./data/macroset/en/clips/got/common_voice_en_98428.opus,got
./data/macroset/en/clips/got/common_voice_en_652972.opus,got
./data/macroset/en/clips/got/common_voice_en_135483.opus,got
./data/macroset/en/clips/got/common_voice_en_530099.opus,got
./data/macroset/en/clips/got/common_voice_en_605503.opus,got
./data/macroset/en/clips/translator/common_voice_en_19573560.opus,translator
./data/macroset/en/clips/translator/common_voice_en_18717201.opus,translator
./data/macroset/en/clips/translator/common_voice_en_20168219.opus,translator
./data/macroset/en/clips/translator/common_voice_en_20417097.opus,translator
./data/macroset/en/clips/translator/common_voice_en_20007276.opus,translator
./data/macroset/en/clips/blackness/common_voice_en_647606.opus,blackness
./data/macroset/en/clips/blackness/common_voice_en_534045.opus,blackness
./data/macroset/en/clips/blackness/common_voice_en_174017.opus,blackness
./data/macroset/en/clips/blackness/common_voice_en_57756.opus,blackness
./data/macroset/en/clips/blackness/common_voice_en_56095.opus,blackness
./data/macroset/en/clips/illogical/common_voice_en_543470.opus,illogical
./data/macroset/en/clips/illogical/common_voice_en_635591.opus,illogical
./data/macroset/en/clips/illogical/common_voice_en_504839.opus,illogical
./data/macroset/en/clips/illogical/common_voice_en_211417.opus,illogical
./data/macroset/en/clips/illogical/common_voice_en_19640544.opus,illogical
./data/macroset/en/clips/vinegar/common_voice_en_17541695.opus,vinegar
./data/macroset/en/clips/vinegar/common_voice_en_630564.opus,vinegar
./data/macroset/en/clips/vinegar/common_voice_en_603866.opus,vinegar
./data/macroset/en/clips/vinegar/common_voice_en_21690741.opus,vinegar
./data/macroset/en/clips/vinegar/common_voice_en_20705017.opus,vinegar
./data/macroset/en/clips/kitten/common_voice_en_617795.opus,kitten
./data/macroset/en/clips/kitten/common_voice_en_218049.opus,kitten
./data/macroset/en/clips/kitten/common_voice_en_19766966.opus,kitten
./data/macroset/en/clips/kitten/common_voice_en_18462411.opus,kitten
./data/macroset/en/clips/kitten/common_voice_en_577808.opus,kitten
./data/macroset/en/clips/relief/common_voice_en_20686333.opus,relief
./data/macroset/en/clips/relief/common_voice_en_18150482.opus,relief
./data/macroset/en/clips/relief/common_voice_en_18661914.opus,relief
./data/macroset/en/clips/relief/common_voice_en_588784.opus,relief
./data/macroset/en/clips/relief/common_voice_en_610477.opus,relief
./data/macroset/en/clips/sketch/common_voice_en_20800883.opus,sketch
./data/macroset/en/clips/sketch/common_voice_en_20274397.opus,sketch
./data/macroset/en/clips/sketch/common_voice_en_22052332.opus,sketch
./data/macroset/en/clips/sketch/common_voice_en_19783849.opus,sketch
./data/macroset/en/clips/sketch/common_voice_en_21739730.opus,sketch
./data/macroset/en/clips/psychologist/common_voice_en_17252647.opus,psychologist
./data/macroset/en/clips/psychologist/common_voice_en_17416450.opus,psychologist
./data/macroset/en/clips/psychologist/common_voice_en_17776308.opus,psychologist
./data/macroset/en/clips/psychologist/common_voice_en_20792975.opus,psychologist
./data/macroset/en/clips/psychologist/common_voice_en_20522431.opus,psychologist
./data/macroset/en/clips/determined/common_voice_en_21877291.opus,determined
./data/macroset/en/clips/determined/common_voice_en_19546833.opus,determined
./data/macroset/en/clips/determined/common_voice_en_21322237.opus,determined
./data/macroset/en/clips/determined/common_voice_en_18424131.opus,determined
./data/macroset/en/clips/determined/common_voice_en_21469760.opus,determined
./data/macroset/en/clips/brandon/common_voice_en_19700444.opus,brandon
./data/macroset/en/clips/brandon/common_voice_en_18797842__2.opus,brandon
./data/macroset/en/clips/brandon/common_voice_en_20403496.opus,brandon
./data/macroset/en/clips/brandon/common_voice_en_20316614.opus,brandon
./data/macroset/en/clips/brandon/common_voice_en_19788952.opus,brandon
./data/macroset/en/clips/insurance/common_voice_en_20339771.opus,insurance
./data/macroset/en/clips/insurance/common_voice_en_78851.opus,insurance
./data/macroset/en/clips/insurance/common_voice_en_483055.opus,insurance
./data/macroset/en/clips/insurance/common_voice_en_19762112.opus,insurance
./data/macroset/en/clips/insurance/common_voice_en_26694.opus,insurance
./data/macroset/en/clips/artificial/common_voice_en_18658126.opus,artificial
./data/macroset/en/clips/artificial/common_voice_en_21207095.opus,artificial
./data/macroset/en/clips/artificial/common_voice_en_649482.opus,artificial
./data/macroset/en/clips/artificial/common_voice_en_22190434.opus,artificial
./data/macroset/en/clips/artificial/common_voice_en_18907858.opus,artificial
./data/macroset/en/clips/garden/common_voice_en_629887.opus,garden
./data/macroset/en/clips/garden/common_voice_en_483654.opus,garden
./data/macroset/en/clips/garden/common_voice_en_24378.opus,garden
./data/macroset/en/clips/garden/common_voice_en_596168.opus,garden
./data/macroset/en/clips/garden/common_voice_en_4965356.opus,garden
./data/macroset/en/clips/learn/common_voice_en_578895.opus,learn
./data/macroset/en/clips/learn/common_voice_en_19612867.opus,learn
./data/macroset/en/clips/learn/common_voice_en_17884959.opus,learn
./data/macroset/en/clips/learn/common_voice_en_17673929.opus,learn
./data/macroset/en/clips/learn/common_voice_en_17250482.opus,learn
./data/macroset/en/clips/sweat/common_voice_en_17426596.opus,sweat
./data/macroset/en/clips/sweat/common_voice_en_20179475.opus,sweat
./data/macroset/en/clips/sweat/common_voice_en_32219.opus,sweat
./data/macroset/en/clips/sweat/common_voice_en_316991.opus,sweat
./data/macroset/en/clips/sweat/common_voice_en_178609.opus,sweat
./data/macroset/en/clips/poison/common_voice_en_19152320.opus,poison
./data/macroset/en/clips/poison/common_voice_en_207565.opus,poison
./data/macroset/en/clips/poison/common_voice_en_21185294.opus,poison
./data/macroset/en/clips/poison/common_voice_en_19009608.opus,poison
./data/macroset/en/clips/poison/common_voice_en_516094.opus,poison
./data/macroset/en/clips/shutters/common_voice_en_187609.opus,shutters
./data/macroset/en/clips/shutters/common_voice_en_83702.opus,shutters
./data/macroset/en/clips/shutters/common_voice_en_583044.opus,shutters
./data/macroset/en/clips/shutters/common_voice_en_168293.opus,shutters
./data/macroset/en/clips/shutters/common_voice_en_482120.opus,shutters
./data/macroset/en/clips/woke/common_voice_en_18557189.opus,woke
./data/macroset/en/clips/woke/common_voice_en_369402.opus,woke
./data/macroset/en/clips/woke/common_voice_en_18124926.opus,woke
./data/macroset/en/clips/woke/common_voice_en_4404473.opus,woke
./data/macroset/en/clips/woke/common_voice_en_18109097.opus,woke
./data/macroset/en/clips/praise/common_voice_en_21623955.opus,praise
./data/macroset/en/clips/praise/common_voice_en_20310363.opus,praise
./data/macroset/en/clips/praise/common_voice_en_21755567.opus,praise
./data/macroset/en/clips/praise/common_voice_en_18770794.opus,praise
./data/macroset/en/clips/praise/common_voice_en_21327193.opus,praise
./data/macroset/en/clips/citing/common_voice_en_21832995.opus,citing
./data/macroset/en/clips/citing/common_voice_en_20109636.opus,citing
./data/macroset/en/clips/citing/common_voice_en_20547550.opus,citing
./data/macroset/en/clips/citing/common_voice_en_21951398.opus,citing
./data/macroset/en/clips/citing/common_voice_en_20042707.opus,citing
./data/macroset/en/clips/planning/common_voice_en_20154269.opus,planning
./data/macroset/en/clips/planning/common_voice_en_17375678.opus,planning
./data/macroset/en/clips/planning/common_voice_en_20900098.opus,planning
./data/macroset/en/clips/planning/common_voice_en_21320505.opus,planning
./data/macroset/en/clips/planning/common_voice_en_18090913.opus,planning
./data/macroset/en/clips/louise/common_voice_en_19581360.opus,louise
./data/macroset/en/clips/louise/common_voice_en_20754744.opus,louise
./data/macroset/en/clips/louise/common_voice_en_22261979.opus,louise
./data/macroset/en/clips/louise/common_voice_en_22463979.opus,louise
./data/macroset/en/clips/louise/common_voice_en_19617475.opus,louise
./data/macroset/en/clips/personnel/common_voice_en_19766010.opus,personnel
./data/macroset/en/clips/personnel/common_voice_en_19592427.opus,personnel
./data/macroset/en/clips/personnel/common_voice_en_20326369.opus,personnel
./data/macroset/en/clips/personnel/common_voice_en_19604942.opus,personnel
./data/macroset/en/clips/personnel/common_voice_en_20589417.opus,personnel
./data/macroset/en/clips/quantities/common_voice_en_19519168.opus,quantities
./data/macroset/en/clips/quantities/common_voice_en_20041232.opus,quantities
./data/macroset/en/clips/quantities/common_voice_en_21555310.opus,quantities
./data/macroset/en/clips/quantities/common_voice_en_20286349.opus,quantities
./data/macroset/en/clips/quantities/common_voice_en_22355678.opus,quantities
./data/macroset/en/clips/gear/common_voice_en_22465754.opus,gear
./data/macroset/en/clips/gear/common_voice_en_8633.opus,gear
./data/macroset/en/clips/gear/common_voice_en_485419.opus,gear
./data/macroset/en/clips/gear/common_voice_en_18893844.opus,gear
./data/macroset/en/clips/gear/common_voice_en_21692278.opus,gear
./data/macroset/en/clips/admit/common_voice_en_18600235.opus,admit
./data/macroset/en/clips/admit/common_voice_en_673876.opus,admit
./data/macroset/en/clips/admit/common_voice_en_18412673.opus,admit
./data/macroset/en/clips/admit/common_voice_en_18994398.opus,admit
./data/macroset/en/clips/admit/common_voice_en_23769.opus,admit
./data/macroset/en/clips/guided/common_voice_en_19749573.opus,guided
./data/macroset/en/clips/guided/common_voice_en_19591009.opus,guided
./data/macroset/en/clips/guided/common_voice_en_20016771.opus,guided
./data/macroset/en/clips/guided/common_voice_en_19796950.opus,guided
./data/macroset/en/clips/guided/common_voice_en_19511518.opus,guided
./data/macroset/en/clips/saloon/common_voice_en_22431279.opus,saloon
./data/macroset/en/clips/saloon/common_voice_en_20162632.opus,saloon
./data/macroset/en/clips/saloon/common_voice_en_21701864.opus,saloon
./data/macroset/en/clips/saloon/common_voice_en_18326398.opus,saloon
./data/macroset/en/clips/saloon/common_voice_en_18491673.opus,saloon
./data/macroset/en/clips/irrational/common_voice_en_17276079.opus,irrational
./data/macroset/en/clips/irrational/common_voice_en_17290985.opus,irrational
./data/macroset/en/clips/irrational/common_voice_en_20894982.opus,irrational
./data/macroset/en/clips/irrational/common_voice_en_581987.opus,irrational
./data/macroset/en/clips/irrational/common_voice_en_18125067.opus,irrational
./data/macroset/en/clips/radiogram/common_voice_en_377971.opus,radiogram
./data/macroset/en/clips/radiogram/common_voice_en_23671.opus,radiogram
./data/macroset/en/clips/radiogram/common_voice_en_18150467.opus,radiogram
./data/macroset/en/clips/radiogram/common_voice_en_17646914.opus,radiogram
./data/macroset/en/clips/radiogram/common_voice_en_17297285.opus,radiogram
./data/macroset/en/clips/boner/common_voice_en_17656347.opus,boner
./data/macroset/en/clips/boner/common_voice_en_18138010.opus,boner
./data/macroset/en/clips/boner/common_voice_en_18017775.opus,boner
./data/macroset/en/clips/boner/common_voice_en_17259666.opus,boner
./data/macroset/en/clips/boner/common_voice_en_471019.opus,boner
./data/macroset/en/clips/ought/common_voice_en_526150.opus,ought
./data/macroset/en/clips/ought/common_voice_en_690321.opus,ought
./data/macroset/en/clips/ought/common_voice_en_597152.opus,ought
./data/macroset/en/clips/ought/common_voice_en_36122.opus,ought
./data/macroset/en/clips/ought/common_voice_en_40912.opus,ought
./data/macroset/en/clips/muhammad/common_voice_en_19404325.opus,muhammad
./data/macroset/en/clips/muhammad/common_voice_en_20067339.opus,muhammad
./data/macroset/en/clips/muhammad/common_voice_en_19561348.opus,muhammad
./data/macroset/en/clips/muhammad/common_voice_en_19079747.opus,muhammad
./data/macroset/en/clips/muhammad/common_voice_en_19511488.opus,muhammad
./data/macroset/en/clips/regret/common_voice_en_18510696.opus,regret
./data/macroset/en/clips/regret/common_voice_en_18480071.opus,regret
./data/macroset/en/clips/regret/common_voice_en_18649855.opus,regret
./data/macroset/en/clips/regret/common_voice_en_22289472.opus,regret
./data/macroset/en/clips/regret/common_voice_en_19732711.opus,regret
./data/macroset/en/clips/adjacent/common_voice_en_19820367.opus,adjacent
./data/macroset/en/clips/adjacent/common_voice_en_20591837.opus,adjacent
./data/macroset/en/clips/adjacent/common_voice_en_20309205.opus,adjacent
./data/macroset/en/clips/adjacent/common_voice_en_20905091.opus,adjacent
./data/macroset/en/clips/adjacent/common_voice_en_19547621.opus,adjacent
./data/macroset/en/clips/difficulties/common_voice_en_17399466.opus,difficulties
./data/macroset/en/clips/difficulties/common_voice_en_524345.opus,difficulties
./data/macroset/en/clips/difficulties/common_voice_en_553996.opus,difficulties
./data/macroset/en/clips/difficulties/common_voice_en_21172654.opus,difficulties
./data/macroset/en/clips/difficulties/common_voice_en_630294.opus,difficulties
./data/macroset/en/clips/dangerous/common_voice_en_18769878.opus,dangerous
./data/macroset/en/clips/dangerous/common_voice_en_600625.opus,dangerous
./data/macroset/en/clips/dangerous/common_voice_en_17685942.opus,dangerous
./data/macroset/en/clips/dangerous/common_voice_en_622076.opus,dangerous
./data/macroset/en/clips/dangerous/common_voice_en_337465.opus,dangerous
./data/macroset/en/clips/liquor/common_voice_en_633654.opus,liquor
./data/macroset/en/clips/liquor/common_voice_en_20275233.opus,liquor
./data/macroset/en/clips/liquor/common_voice_en_20926392.opus,liquor
./data/macroset/en/clips/liquor/common_voice_en_20163089.opus,liquor
./data/macroset/en/clips/liquor/common_voice_en_19547479.opus,liquor
./data/macroset/en/clips/socks/common_voice_en_20513247.opus,socks
./data/macroset/en/clips/socks/common_voice_en_650197.opus,socks
./data/macroset/en/clips/socks/common_voice_en_22287061.opus,socks
./data/macroset/en/clips/socks/common_voice_en_582374.opus,socks
./data/macroset/en/clips/socks/common_voice_en_18999610.opus,socks
./data/macroset/en/clips/originate/common_voice_en_18791344.opus,originate
./data/macroset/en/clips/originate/common_voice_en_20781552.opus,originate
./data/macroset/en/clips/originate/common_voice_en_18722199.opus,originate
./data/macroset/en/clips/originate/common_voice_en_20442532.opus,originate
./data/macroset/en/clips/originate/common_voice_en_18796662.opus,originate
./data/macroset/en/clips/highlighting/common_voice_en_55882.opus,highlighting
./data/macroset/en/clips/highlighting/common_voice_en_21411630.opus,highlighting
./data/macroset/en/clips/highlighting/common_voice_en_665528.opus,highlighting
./data/macroset/en/clips/highlighting/common_voice_en_524475.opus,highlighting
./data/macroset/en/clips/highlighting/common_voice_en_198563.opus,highlighting
./data/macroset/en/clips/earl/common_voice_en_20819278.opus,earl
./data/macroset/en/clips/earl/common_voice_en_20917751.opus,earl
./data/macroset/en/clips/earl/common_voice_en_18697746.opus,earl
./data/macroset/en/clips/earl/common_voice_en_19988269.opus,earl
./data/macroset/en/clips/earl/common_voice_en_19973576.opus,earl
./data/macroset/en/clips/refreshments/common_voice_en_20919190.opus,refreshments
./data/macroset/en/clips/refreshments/common_voice_en_21916780.opus,refreshments
./data/macroset/en/clips/refreshments/common_voice_en_91995.opus,refreshments
./data/macroset/en/clips/refreshments/common_voice_en_19853111.opus,refreshments
./data/macroset/en/clips/refreshments/common_voice_en_470980.opus,refreshments
./data/macroset/en/clips/woodman/common_voice_en_19246291.opus,woodman
./data/macroset/en/clips/woodman/common_voice_en_20996164.opus,woodman
./data/macroset/en/clips/woodman/common_voice_en_22323876.opus,woodman
./data/macroset/en/clips/woodman/common_voice_en_18415859.opus,woodman
./data/macroset/en/clips/woodman/common_voice_en_21750914.opus,woodman
./data/macroset/en/clips/willow/common_voice_en_19646215.opus,willow
./data/macroset/en/clips/willow/common_voice_en_20081125.opus,willow
./data/macroset/en/clips/willow/common_voice_en_18822384.opus,willow
./data/macroset/en/clips/willow/common_voice_en_19402275.opus,willow
./data/macroset/en/clips/willow/common_voice_en_19742991.opus,willow
./data/macroset/en/clips/awarded/common_voice_en_18793614.opus,awarded
./data/macroset/en/clips/awarded/common_voice_en_21940590.opus,awarded
./data/macroset/en/clips/awarded/common_voice_en_22440560.opus,awarded
./data/macroset/en/clips/awarded/common_voice_en_21198512.opus,awarded
./data/macroset/en/clips/awarded/common_voice_en_19314332.opus,awarded
./data/macroset/en/clips/video/common_voice_en_18857828.opus,video
./data/macroset/en/clips/video/common_voice_en_18176842.opus,video
./data/macroset/en/clips/video/common_voice_en_19029531.opus,video
./data/macroset/en/clips/video/common_voice_en_20522563.opus,video
./data/macroset/en/clips/video/common_voice_en_19817414.opus,video
./data/macroset/en/clips/resort/common_voice_en_19281128.opus,resort
./data/macroset/en/clips/resort/common_voice_en_20637180.opus,resort
./data/macroset/en/clips/resort/common_voice_en_18769721.opus,resort
./data/macroset/en/clips/resort/common_voice_en_19980731.opus,resort
./data/macroset/en/clips/resort/common_voice_en_482675.opus,resort
./data/macroset/en/clips/odor/common_voice_en_322036.opus,odor
./data/macroset/en/clips/odor/common_voice_en_541245.opus,odor
./data/macroset/en/clips/odor/common_voice_en_20462386.opus,odor
./data/macroset/en/clips/odor/common_voice_en_17791283.opus,odor
./data/macroset/en/clips/odor/common_voice_en_99827.opus,odor
./data/macroset/en/clips/swamp/common_voice_en_21504885.opus,swamp
./data/macroset/en/clips/swamp/common_voice_en_21313932.opus,swamp
./data/macroset/en/clips/swamp/common_voice_en_19113874.opus,swamp
./data/macroset/en/clips/swamp/common_voice_en_20791372.opus,swamp
./data/macroset/en/clips/swamp/common_voice_en_20235416.opus,swamp
./data/macroset/en/clips/reduces/common_voice_en_63907.opus,reduces
./data/macroset/en/clips/reduces/common_voice_en_534529.opus,reduces
./data/macroset/en/clips/reduces/common_voice_en_19773969.opus,reduces
./data/macroset/en/clips/reduces/common_voice_en_20282456.opus,reduces
./data/macroset/en/clips/reduces/common_voice_en_20060365.opus,reduces
./data/macroset/en/clips/givers/common_voice_en_18144777.opus,givers
./data/macroset/en/clips/givers/common_voice_en_600052.opus,givers
./data/macroset/en/clips/givers/common_voice_en_696011.opus,givers
./data/macroset/en/clips/givers/common_voice_en_18130733.opus,givers
./data/macroset/en/clips/givers/common_voice_en_17841157.opus,givers
./data/macroset/en/clips/commonwealth/common_voice_en_20536624.opus,commonwealth
./data/macroset/en/clips/commonwealth/common_voice_en_19359102.opus,commonwealth
./data/macroset/en/clips/commonwealth/common_voice_en_20008649.opus,commonwealth
./data/macroset/en/clips/commonwealth/common_voice_en_20132002.opus,commonwealth
./data/macroset/en/clips/commonwealth/common_voice_en_20140083.opus,commonwealth
./data/macroset/en/clips/mall/common_voice_en_18094800.opus,mall
./data/macroset/en/clips/mall/common_voice_en_20791430.opus,mall
./data/macroset/en/clips/mall/common_voice_en_19649019.opus,mall
./data/macroset/en/clips/mall/common_voice_en_501222.opus,mall
./data/macroset/en/clips/mall/common_voice_en_18836269__2.opus,mall
./data/macroset/en/clips/around/common_voice_en_17895253.opus,around
./data/macroset/en/clips/around/common_voice_en_21270347.opus,around
./data/macroset/en/clips/around/common_voice_en_594118.opus,around
./data/macroset/en/clips/around/common_voice_en_594821.opus,around
./data/macroset/en/clips/around/common_voice_en_492036.opus,around
./data/macroset/en/clips/liberation/common_voice_en_20001421.opus,liberation
./data/macroset/en/clips/liberation/common_voice_en_20961782.opus,liberation
./data/macroset/en/clips/liberation/common_voice_en_18994375.opus,liberation
./data/macroset/en/clips/liberation/common_voice_en_20142438.opus,liberation
./data/macroset/en/clips/liberation/common_voice_en_19449076.opus,liberation
./data/macroset/en/clips/fine/common_voice_en_20363939.opus,fine
./data/macroset/en/clips/fine/common_voice_en_22285384.opus,fine
./data/macroset/en/clips/fine/common_voice_en_18062081.opus,fine
./data/macroset/en/clips/fine/common_voice_en_17771810.opus,fine
./data/macroset/en/clips/fine/common_voice_en_18451442.opus,fine
./data/macroset/en/clips/innit/common_voice_en_17443033.opus,innit
./data/macroset/en/clips/innit/common_voice_en_17367050.opus,innit
./data/macroset/en/clips/innit/common_voice_en_17993534.opus,innit
./data/macroset/en/clips/innit/common_voice_en_17551934.opus,innit
./data/macroset/en/clips/innit/common_voice_en_17296743.opus,innit
./data/macroset/en/clips/cats/common_voice_en_21368509.opus,cats
./data/macroset/en/clips/cats/common_voice_en_20636181.opus,cats
./data/macroset/en/clips/cats/common_voice_en_557646.opus,cats
./data/macroset/en/clips/cats/common_voice_en_672705.opus,cats
./data/macroset/en/clips/cats/common_voice_en_20113093.opus,cats
./data/macroset/en/clips/wet/common_voice_en_19500391.opus,wet
./data/macroset/en/clips/wet/common_voice_en_2943028.opus,wet
./data/macroset/en/clips/wet/common_voice_en_17872986.opus,wet
./data/macroset/en/clips/wet/common_voice_en_19319957.opus,wet
./data/macroset/en/clips/wet/common_voice_en_44742.opus,wet
./data/macroset/en/clips/crust/common_voice_en_19731735.opus,crust
./data/macroset/en/clips/crust/common_voice_en_317166.opus,crust
./data/macroset/en/clips/crust/common_voice_en_17898549.opus,crust
./data/macroset/en/clips/crust/common_voice_en_407280.opus,crust
./data/macroset/en/clips/crust/common_voice_en_20514011.opus,crust
./data/macroset/en/clips/failed/common_voice_en_21753461.opus,failed
./data/macroset/en/clips/failed/common_voice_en_584844.opus,failed
./data/macroset/en/clips/failed/common_voice_en_19618756.opus,failed
./data/macroset/en/clips/failed/common_voice_en_21389135.opus,failed
./data/macroset/en/clips/failed/common_voice_en_288910.opus,failed
./data/macroset/en/clips/boundaries/common_voice_en_19685624.opus,boundaries
./data/macroset/en/clips/boundaries/common_voice_en_20822617.opus,boundaries
./data/macroset/en/clips/boundaries/common_voice_en_55036.opus,boundaries
./data/macroset/en/clips/boundaries/common_voice_en_20242836.opus,boundaries
./data/macroset/en/clips/boundaries/common_voice_en_20019416.opus,boundaries
./data/macroset/en/clips/monument/common_voice_en_19478346__2.opus,monument
./data/macroset/en/clips/monument/common_voice_en_20228251.opus,monument
./data/macroset/en/clips/monument/common_voice_en_19029860.opus,monument
./data/macroset/en/clips/monument/common_voice_en_18713869.opus,monument
./data/macroset/en/clips/monument/common_voice_en_20173375.opus,monument
./data/macroset/en/clips/joins/common_voice_en_20172775.opus,joins
./data/macroset/en/clips/joins/common_voice_en_19876192.opus,joins
./data/macroset/en/clips/joins/common_voice_en_19654103.opus,joins
./data/macroset/en/clips/joins/common_voice_en_19599292__2.opus,joins
./data/macroset/en/clips/joins/common_voice_en_19684084.opus,joins
./data/macroset/en/clips/atheist/common_voice_en_19724557.opus,atheist
./data/macroset/en/clips/atheist/common_voice_en_19750597.opus,atheist
./data/macroset/en/clips/atheist/common_voice_en_20994389.opus,atheist
./data/macroset/en/clips/atheist/common_voice_en_19839362.opus,atheist
./data/macroset/en/clips/atheist/common_voice_en_20893769.opus,atheist
./data/macroset/en/clips/few/common_voice_en_19654192.opus,few
./data/macroset/en/clips/few/common_voice_en_22130581.opus,few
./data/macroset/en/clips/few/common_voice_en_17271981.opus,few
./data/macroset/en/clips/few/common_voice_en_21981286.opus,few
./data/macroset/en/clips/few/common_voice_en_21283482.opus,few
./data/macroset/en/clips/uneasy/common_voice_en_662608.opus,uneasy
./data/macroset/en/clips/uneasy/common_voice_en_671009.opus,uneasy
./data/macroset/en/clips/uneasy/common_voice_en_88359.opus,uneasy
./data/macroset/en/clips/uneasy/common_voice_en_605549.opus,uneasy
./data/macroset/en/clips/uneasy/common_voice_en_644821.opus,uneasy
./data/macroset/en/clips/printing/common_voice_en_18799801.opus,printing
./data/macroset/en/clips/printing/common_voice_en_517030.opus,printing
./data/macroset/en/clips/printing/common_voice_en_519731.opus,printing
./data/macroset/en/clips/printing/common_voice_en_21343286.opus,printing
./data/macroset/en/clips/printing/common_voice_en_19789106.opus,printing
./data/macroset/en/clips/glasses/common_voice_en_660534.opus,glasses
./data/macroset/en/clips/glasses/common_voice_en_574933.opus,glasses
./data/macroset/en/clips/glasses/common_voice_en_17286696.opus,glasses
./data/macroset/en/clips/glasses/common_voice_en_18034106.opus,glasses
./data/macroset/en/clips/glasses/common_voice_en_17629488.opus,glasses
./data/macroset/en/clips/fifty/common_voice_en_560534.opus,fifty
./data/macroset/en/clips/fifty/common_voice_en_687327.opus,fifty
./data/macroset/en/clips/fifty/common_voice_en_18544948.opus,fifty
./data/macroset/en/clips/fifty/common_voice_en_19419410.opus,fifty
./data/macroset/en/clips/fifty/common_voice_en_188044.opus,fifty
./data/macroset/en/clips/surrendered/common_voice_en_21656558.opus,surrendered
./data/macroset/en/clips/surrendered/common_voice_en_19846930.opus,surrendered
./data/macroset/en/clips/surrendered/common_voice_en_19984340.opus,surrendered
./data/macroset/en/clips/surrendered/common_voice_en_21381511.opus,surrendered
./data/macroset/en/clips/surrendered/common_voice_en_21213702.opus,surrendered
./data/macroset/en/clips/mondays/common_voice_en_21703495.opus,mondays
./data/macroset/en/clips/mondays/common_voice_en_22329690.opus,mondays
./data/macroset/en/clips/mondays/common_voice_en_546661.opus,mondays
./data/macroset/en/clips/mondays/common_voice_en_573847.opus,mondays
./data/macroset/en/clips/mondays/common_voice_en_18155249.opus,mondays
./data/macroset/en/clips/echoed/common_voice_en_667944.opus,echoed
./data/macroset/en/clips/echoed/common_voice_en_26803.opus,echoed
./data/macroset/en/clips/echoed/common_voice_en_567968.opus,echoed
./data/macroset/en/clips/echoed/common_voice_en_58377.opus,echoed
./data/macroset/en/clips/echoed/common_voice_en_685573.opus,echoed
./data/macroset/en/clips/importance/common_voice_en_19956768.opus,importance
./data/macroset/en/clips/importance/common_voice_en_21832103.opus,importance
./data/macroset/en/clips/importance/common_voice_en_19675059.opus,importance
./data/macroset/en/clips/importance/common_voice_en_22245843.opus,importance
./data/macroset/en/clips/importance/common_voice_en_19676943.opus,importance
./data/macroset/en/clips/east/common_voice_en_21367113.opus,east
./data/macroset/en/clips/east/common_voice_en_21827440.opus,east
./data/macroset/en/clips/east/common_voice_en_18713373.opus,east
./data/macroset/en/clips/east/common_voice_en_19151945.opus,east
./data/macroset/en/clips/east/common_voice_en_20735690.opus,east
./data/macroset/en/clips/sixty/common_voice_en_495665.opus,sixty
./data/macroset/en/clips/sixty/common_voice_en_18198686.opus,sixty
./data/macroset/en/clips/sixty/common_voice_en_19320889.opus,sixty
./data/macroset/en/clips/sixty/common_voice_en_19113798.opus,sixty
./data/macroset/en/clips/sixty/common_voice_en_85843.opus,sixty
./data/macroset/en/clips/juan/common_voice_en_20379823.opus,juan
./data/macroset/en/clips/juan/common_voice_en_21163909.opus,juan
./data/macroset/en/clips/juan/common_voice_en_22282541.opus,juan
./data/macroset/en/clips/juan/common_voice_en_20313834.opus,juan
./data/macroset/en/clips/juan/common_voice_en_20306170.opus,juan
./data/macroset/en/clips/bounce/common_voice_en_18492023.opus,bounce
./data/macroset/en/clips/bounce/common_voice_en_20157930.opus,bounce
./data/macroset/en/clips/bounce/common_voice_en_18511109.opus,bounce
./data/macroset/en/clips/bounce/common_voice_en_20305167.opus,bounce
./data/macroset/en/clips/bounce/common_voice_en_19310377.opus,bounce
./data/macroset/en/clips/grape/common_voice_en_21388000.opus,grape
./data/macroset/en/clips/grape/common_voice_en_19968256.opus,grape
./data/macroset/en/clips/grape/common_voice_en_21771554.opus,grape
./data/macroset/en/clips/grape/common_voice_en_21379850.opus,grape
./data/macroset/en/clips/grape/common_voice_en_18164881.opus,grape
./data/macroset/en/clips/sanders/common_voice_en_20877865.opus,sanders
./data/macroset/en/clips/sanders/common_voice_en_19388597.opus,sanders
./data/macroset/en/clips/sanders/common_voice_en_18724364.opus,sanders
./data/macroset/en/clips/sanders/common_voice_en_19846394.opus,sanders
./data/macroset/en/clips/sanders/common_voice_en_21661127.opus,sanders
./data/macroset/en/clips/improve/common_voice_en_20449609.opus,improve
./data/macroset/en/clips/improve/common_voice_en_691620.opus,improve
./data/macroset/en/clips/improve/common_voice_en_584213.opus,improve
./data/macroset/en/clips/improve/common_voice_en_20163154.opus,improve
./data/macroset/en/clips/improve/common_voice_en_26866.opus,improve
./data/macroset/en/clips/miracles/common_voice_en_19951573.opus,miracles
./data/macroset/en/clips/miracles/common_voice_en_18361.opus,miracles
./data/macroset/en/clips/miracles/common_voice_en_653400.opus,miracles
./data/macroset/en/clips/miracles/common_voice_en_195678.opus,miracles
./data/macroset/en/clips/miracles/common_voice_en_21843362.opus,miracles
./data/macroset/en/clips/costly/common_voice_en_590667.opus,costly
./data/macroset/en/clips/costly/common_voice_en_521543.opus,costly
./data/macroset/en/clips/costly/common_voice_en_17985642.opus,costly
./data/macroset/en/clips/costly/common_voice_en_21139538.opus,costly
./data/macroset/en/clips/costly/common_voice_en_18533496.opus,costly
./data/macroset/en/clips/revealed/common_voice_en_20788140.opus,revealed
./data/macroset/en/clips/revealed/common_voice_en_18253131.opus,revealed
./data/macroset/en/clips/revealed/common_voice_en_661003.opus,revealed
./data/macroset/en/clips/revealed/common_voice_en_20150653.opus,revealed
./data/macroset/en/clips/revealed/common_voice_en_19893074.opus,revealed
./data/macroset/en/clips/literally/common_voice_en_22455308.opus,literally
./data/macroset/en/clips/literally/common_voice_en_22310156.opus,literally
./data/macroset/en/clips/literally/common_voice_en_17394730.opus,literally
./data/macroset/en/clips/literally/common_voice_en_19854946.opus,literally
./data/macroset/en/clips/literally/common_voice_en_22269406.opus,literally
./data/macroset/en/clips/quaker/common_voice_en_19699765.opus,quaker
./data/macroset/en/clips/quaker/common_voice_en_21513733.opus,quaker
./data/macroset/en/clips/quaker/common_voice_en_20058973.opus,quaker
./data/macroset/en/clips/quaker/common_voice_en_19639117.opus,quaker
./data/macroset/en/clips/quaker/common_voice_en_20894480.opus,quaker
./data/macroset/en/clips/earning/common_voice_en_20754709.opus,earning
./data/macroset/en/clips/earning/common_voice_en_21843311.opus,earning
./data/macroset/en/clips/earning/common_voice_en_21642065.opus,earning
./data/macroset/en/clips/earning/common_voice_en_19523161.opus,earning
./data/macroset/en/clips/earning/common_voice_en_20876876.opus,earning
./data/macroset/en/clips/ted/common_voice_en_19471439.opus,ted
./data/macroset/en/clips/ted/common_voice_en_19374138.opus,ted
./data/macroset/en/clips/ted/common_voice_en_22162015.opus,ted
./data/macroset/en/clips/ted/common_voice_en_20887387.opus,ted
./data/macroset/en/clips/ted/common_voice_en_19965727.opus,ted
./data/macroset/en/clips/prix/common_voice_en_19764107.opus,prix
./data/macroset/en/clips/prix/common_voice_en_19511831.opus,prix
./data/macroset/en/clips/prix/common_voice_en_19497602.opus,prix
./data/macroset/en/clips/prix/common_voice_en_20990030.opus,prix
./data/macroset/en/clips/prix/common_voice_en_21307030.opus,prix
./data/macroset/en/clips/barley/common_voice_en_20382507.opus,barley
./data/macroset/en/clips/barley/common_voice_en_20408036__2.opus,barley
./data/macroset/en/clips/barley/common_voice_en_18780059.opus,barley
./data/macroset/en/clips/barley/common_voice_en_20661279.opus,barley
./data/macroset/en/clips/barley/common_voice_en_19646651.opus,barley
./data/macroset/en/clips/steering/common_voice_en_20981480.opus,steering
./data/macroset/en/clips/steering/common_voice_en_19709799.opus,steering
./data/macroset/en/clips/steering/common_voice_en_19709998.opus,steering
./data/macroset/en/clips/steering/common_voice_en_18816189.opus,steering
./data/macroset/en/clips/steering/common_voice_en_19631105.opus,steering
./data/macroset/en/clips/baby/common_voice_en_20586731.opus,baby
./data/macroset/en/clips/baby/common_voice_en_97494.opus,baby
./data/macroset/en/clips/baby/common_voice_en_18658593.opus,baby
./data/macroset/en/clips/baby/common_voice_en_486524.opus,baby
./data/macroset/en/clips/baby/common_voice_en_194332.opus,baby
./data/macroset/en/clips/tightening/common_voice_en_461153.opus,tightening
./data/macroset/en/clips/tightening/common_voice_en_17866032.opus,tightening
./data/macroset/en/clips/tightening/common_voice_en_17263341.opus,tightening
./data/macroset/en/clips/tightening/common_voice_en_17286417.opus,tightening
./data/macroset/en/clips/tightening/common_voice_en_18082354.opus,tightening
./data/macroset/en/clips/ancestor/common_voice_en_20243532.opus,ancestor
./data/macroset/en/clips/ancestor/common_voice_en_19962217.opus,ancestor
./data/macroset/en/clips/ancestor/common_voice_en_19823940.opus,ancestor
./data/macroset/en/clips/ancestor/common_voice_en_20583871.opus,ancestor
./data/macroset/en/clips/ancestor/common_voice_en_22358230.opus,ancestor
./data/macroset/en/clips/leaks/common_voice_en_18101472.opus,leaks
./data/macroset/en/clips/leaks/common_voice_en_20824567.opus,leaks
./data/macroset/en/clips/leaks/common_voice_en_17850019.opus,leaks
./data/macroset/en/clips/leaks/common_voice_en_22149152.opus,leaks
./data/macroset/en/clips/leaks/common_voice_en_20301597.opus,leaks
./data/macroset/en/clips/buy/common_voice_en_59886.opus,buy
./data/macroset/en/clips/buy/common_voice_en_18133630.opus,buy
./data/macroset/en/clips/buy/common_voice_en_656493.opus,buy
./data/macroset/en/clips/buy/common_voice_en_608208.opus,buy
./data/macroset/en/clips/buy/common_voice_en_19835.opus,buy
./data/macroset/en/clips/workers/common_voice_en_22449627.opus,workers
./data/macroset/en/clips/workers/common_voice_en_553763.opus,workers
./data/macroset/en/clips/workers/common_voice_en_20818931.opus,workers
./data/macroset/en/clips/workers/common_voice_en_8215.opus,workers
./data/macroset/en/clips/workers/common_voice_en_491706.opus,workers
./data/macroset/en/clips/salinity/common_voice_en_551399.opus,salinity
./data/macroset/en/clips/salinity/common_voice_en_564753.opus,salinity
./data/macroset/en/clips/salinity/common_voice_en_17277178.opus,salinity
./data/macroset/en/clips/salinity/common_voice_en_3616565.opus,salinity
./data/macroset/en/clips/salinity/common_voice_en_17288733.opus,salinity
./data/macroset/en/clips/pasadena/common_voice_en_502932.opus,pasadena
./data/macroset/en/clips/pasadena/common_voice_en_21255198.opus,pasadena
./data/macroset/en/clips/pasadena/common_voice_en_562974.opus,pasadena
./data/macroset/en/clips/pasadena/common_voice_en_19352482.opus,pasadena
./data/macroset/en/clips/pasadena/common_voice_en_19344272.opus,pasadena
./data/macroset/en/clips/caesar/common_voice_en_22236419.opus,caesar
./data/macroset/en/clips/caesar/common_voice_en_216857.opus,caesar
./data/macroset/en/clips/caesar/common_voice_en_545449.opus,caesar
./data/macroset/en/clips/caesar/common_voice_en_221978.opus,caesar
./data/macroset/en/clips/caesar/common_voice_en_19356813.opus,caesar
./data/macroset/en/clips/incompatible/common_voice_en_5170490.opus,incompatible
./data/macroset/en/clips/incompatible/common_voice_en_20457433.opus,incompatible
./data/macroset/en/clips/incompatible/common_voice_en_210771.opus,incompatible
./data/macroset/en/clips/incompatible/common_voice_en_20529565.opus,incompatible
./data/macroset/en/clips/incompatible/common_voice_en_292365.opus,incompatible
./data/macroset/en/clips/like/common_voice_en_17292161.opus,like
./data/macroset/en/clips/like/common_voice_en_18601354.opus,like
./data/macroset/en/clips/like/common_voice_en_87832.opus,like
./data/macroset/en/clips/like/common_voice_en_18255888.opus,like
./data/macroset/en/clips/like/common_voice_en_21544368.opus,like
./data/macroset/en/clips/racket/common_voice_en_631445.opus,racket
./data/macroset/en/clips/racket/common_voice_en_84136.opus,racket
./data/macroset/en/clips/racket/common_voice_en_533672.opus,racket
./data/macroset/en/clips/racket/common_voice_en_18465294.opus,racket
./data/macroset/en/clips/racket/common_voice_en_17286199.opus,racket
./data/macroset/en/clips/dwarf/common_voice_en_20101335.opus,dwarf
./data/macroset/en/clips/dwarf/common_voice_en_19946364.opus,dwarf
./data/macroset/en/clips/dwarf/common_voice_en_21328922.opus,dwarf
./data/macroset/en/clips/dwarf/common_voice_en_19613325.opus,dwarf
./data/macroset/en/clips/dwarf/common_voice_en_20308801.opus,dwarf
./data/macroset/en/clips/potter/common_voice_en_20519861.opus,potter
./data/macroset/en/clips/potter/common_voice_en_18752193.opus,potter
./data/macroset/en/clips/potter/common_voice_en_20177200.opus,potter
./data/macroset/en/clips/potter/common_voice_en_21854048.opus,potter
./data/macroset/en/clips/potter/common_voice_en_19862842.opus,potter
./data/macroset/en/clips/asleep/common_voice_en_96172.opus,asleep
./data/macroset/en/clips/asleep/common_voice_en_650972.opus,asleep
./data/macroset/en/clips/asleep/common_voice_en_185707.opus,asleep
./data/macroset/en/clips/asleep/common_voice_en_697010.opus,asleep
./data/macroset/en/clips/asleep/common_voice_en_675988.opus,asleep
./data/macroset/en/clips/colonial/common_voice_en_19739490.opus,colonial
./data/macroset/en/clips/colonial/common_voice_en_19206520.opus,colonial
./data/macroset/en/clips/colonial/common_voice_en_20470203.opus,colonial
./data/macroset/en/clips/colonial/common_voice_en_21088233.opus,colonial
./data/macroset/en/clips/colonial/common_voice_en_22085924.opus,colonial
./data/macroset/en/clips/vietnamese/common_voice_en_20952724.opus,vietnamese
./data/macroset/en/clips/vietnamese/common_voice_en_20856001.opus,vietnamese
./data/macroset/en/clips/vietnamese/common_voice_en_19856516.opus,vietnamese
./data/macroset/en/clips/vietnamese/common_voice_en_20924357.opus,vietnamese
./data/macroset/en/clips/vietnamese/common_voice_en_21183011.opus,vietnamese
./data/macroset/en/clips/quench/common_voice_en_17919538.opus,quench
./data/macroset/en/clips/quench/common_voice_en_22550.opus,quench
./data/macroset/en/clips/quench/common_voice_en_17715598.opus,quench
./data/macroset/en/clips/quench/common_voice_en_203808.opus,quench
./data/macroset/en/clips/quench/common_voice_en_17278207.opus,quench
./data/macroset/en/clips/naval/common_voice_en_19953545.opus,naval
./data/macroset/en/clips/naval/common_voice_en_19497315.opus,naval
./data/macroset/en/clips/naval/common_voice_en_21709847.opus,naval
./data/macroset/en/clips/naval/common_voice_en_20218366.opus,naval
./data/macroset/en/clips/naval/common_voice_en_19372110.opus,naval
./data/macroset/en/clips/belts/common_voice_en_19029139__2.opus,belts
./data/macroset/en/clips/belts/common_voice_en_19971013.opus,belts
./data/macroset/en/clips/belts/common_voice_en_616046.opus,belts
./data/macroset/en/clips/belts/common_voice_en_20866949.opus,belts
./data/macroset/en/clips/belts/common_voice_en_20141418.opus,belts
./data/macroset/en/clips/die/common_voice_en_48252.opus,die
./data/macroset/en/clips/die/common_voice_en_664926.opus,die
./data/macroset/en/clips/die/common_voice_en_572398.opus,die
./data/macroset/en/clips/die/common_voice_en_573737.opus,die
./data/macroset/en/clips/die/common_voice_en_172745.opus,die
./data/macroset/en/clips/cons/common_voice_en_17851741.opus,cons
./data/macroset/en/clips/cons/common_voice_en_17917033.opus,cons
./data/macroset/en/clips/cons/common_voice_en_17948918.opus,cons
./data/macroset/en/clips/cons/common_voice_en_17785842.opus,cons
./data/macroset/en/clips/cons/common_voice_en_588314.opus,cons
./data/macroset/en/clips/prayer/common_voice_en_219511.opus,prayer
./data/macroset/en/clips/prayer/common_voice_en_21281133.opus,prayer
./data/macroset/en/clips/prayer/common_voice_en_21555414.opus,prayer
./data/macroset/en/clips/prayer/common_voice_en_19431170.opus,prayer
./data/macroset/en/clips/prayer/common_voice_en_47896.opus,prayer
./data/macroset/en/clips/fishermen/common_voice_en_18872667.opus,fishermen
./data/macroset/en/clips/fishermen/common_voice_en_21019600.opus,fishermen
./data/macroset/en/clips/fishermen/common_voice_en_19983351.opus,fishermen
./data/macroset/en/clips/fishermen/common_voice_en_20139334.opus,fishermen
./data/macroset/en/clips/fishermen/common_voice_en_22179100.opus,fishermen
./data/macroset/en/clips/yards/common_voice_en_692859.opus,yards
./data/macroset/en/clips/yards/common_voice_en_170261.opus,yards
./data/macroset/en/clips/yards/common_voice_en_19010682__2.opus,yards
./data/macroset/en/clips/yards/common_voice_en_21505352.opus,yards
./data/macroset/en/clips/yards/common_voice_en_18334295.opus,yards
./data/macroset/en/clips/watershed/common_voice_en_20984497.opus,watershed
./data/macroset/en/clips/watershed/common_voice_en_19700520.opus,watershed
./data/macroset/en/clips/watershed/common_voice_en_21176451.opus,watershed
./data/macroset/en/clips/watershed/common_voice_en_19795520.opus,watershed
./data/macroset/en/clips/watershed/common_voice_en_21985896.opus,watershed
./data/macroset/en/clips/plot/common_voice_en_19743926.opus,plot
./data/macroset/en/clips/plot/common_voice_en_20024206.opus,plot
./data/macroset/en/clips/plot/common_voice_en_20170892.opus,plot
./data/macroset/en/clips/plot/common_voice_en_18962935.opus,plot
./data/macroset/en/clips/plot/common_voice_en_22431311.opus,plot
./data/macroset/en/clips/modifying/common_voice_en_3026823.opus,modifying
./data/macroset/en/clips/modifying/common_voice_en_604467.opus,modifying
./data/macroset/en/clips/modifying/common_voice_en_124510.opus,modifying
./data/macroset/en/clips/modifying/common_voice_en_1344691.opus,modifying
./data/macroset/en/clips/modifying/common_voice_en_478111.opus,modifying
./data/macroset/en/clips/intervals/common_voice_en_20879331.opus,intervals
./data/macroset/en/clips/intervals/common_voice_en_18503714.opus,intervals
./data/macroset/en/clips/intervals/common_voice_en_20562679.opus,intervals
./data/macroset/en/clips/intervals/common_voice_en_19476598.opus,intervals
./data/macroset/en/clips/intervals/common_voice_en_20233011.opus,intervals
./data/macroset/en/clips/transcend/common_voice_en_522147.opus,transcend
./data/macroset/en/clips/transcend/common_voice_en_683130.opus,transcend
./data/macroset/en/clips/transcend/common_voice_en_654555.opus,transcend
./data/macroset/en/clips/transcend/common_voice_en_623585.opus,transcend
./data/macroset/en/clips/transcend/common_voice_en_184014.opus,transcend
./data/macroset/en/clips/engaging/common_voice_en_21102412.opus,engaging
./data/macroset/en/clips/engaging/common_voice_en_20513281.opus,engaging
./data/macroset/en/clips/engaging/common_voice_en_20266276.opus,engaging
./data/macroset/en/clips/engaging/common_voice_en_19453940.opus,engaging
./data/macroset/en/clips/engaging/common_voice_en_60793.opus,engaging
./data/macroset/en/clips/seemed/common_voice_en_200295.opus,seemed
./data/macroset/en/clips/seemed/common_voice_en_18498116.opus,seemed
./data/macroset/en/clips/seemed/common_voice_en_19246231.opus,seemed
./data/macroset/en/clips/seemed/common_voice_en_21713252.opus,seemed
./data/macroset/en/clips/seemed/common_voice_en_567424.opus,seemed
./data/macroset/en/clips/whoever/common_voice_en_20905999.opus,whoever
./data/macroset/en/clips/whoever/common_voice_en_668643.opus,whoever
./data/macroset/en/clips/whoever/common_voice_en_18471246.opus,whoever
./data/macroset/en/clips/whoever/common_voice_en_18331849.opus,whoever
./data/macroset/en/clips/whoever/common_voice_en_21353266.opus,whoever
./data/macroset/en/clips/kangaroos/common_voice_en_602944.opus,kangaroos
./data/macroset/en/clips/kangaroos/common_voice_en_17266176.opus,kangaroos
./data/macroset/en/clips/kangaroos/common_voice_en_18400634.opus,kangaroos
./data/macroset/en/clips/kangaroos/common_voice_en_17259489.opus,kangaroos
./data/macroset/en/clips/kangaroos/common_voice_en_17279950.opus,kangaroos
./data/macroset/en/clips/las/common_voice_en_22240915.opus,las
./data/macroset/en/clips/las/common_voice_en_21323775.opus,las
./data/macroset/en/clips/las/common_voice_en_19497898.opus,las
./data/macroset/en/clips/las/common_voice_en_21243313.opus,las
./data/macroset/en/clips/las/common_voice_en_19267420.opus,las
./data/macroset/en/clips/charts/common_voice_en_21307024.opus,charts
./data/macroset/en/clips/charts/common_voice_en_21385675.opus,charts
./data/macroset/en/clips/charts/common_voice_en_22268458.opus,charts
./data/macroset/en/clips/charts/common_voice_en_19718478.opus,charts
./data/macroset/en/clips/charts/common_voice_en_21179719.opus,charts
./data/macroset/en/clips/tolerance/common_voice_en_21636709.opus,tolerance
./data/macroset/en/clips/tolerance/common_voice_en_20132755.opus,tolerance
./data/macroset/en/clips/tolerance/common_voice_en_19740862.opus,tolerance
./data/macroset/en/clips/tolerance/common_voice_en_20280901.opus,tolerance
./data/macroset/en/clips/tolerance/common_voice_en_18679447.opus,tolerance
./data/macroset/en/clips/achieved/common_voice_en_19411844.opus,achieved
./data/macroset/en/clips/achieved/common_voice_en_20747443.opus,achieved
./data/macroset/en/clips/achieved/common_voice_en_20214911.opus,achieved
./data/macroset/en/clips/achieved/common_voice_en_19887807.opus,achieved
./data/macroset/en/clips/achieved/common_voice_en_19471459.opus,achieved
./data/macroset/en/clips/mayor/common_voice_en_20186055.opus,mayor
./data/macroset/en/clips/mayor/common_voice_en_20856740.opus,mayor
./data/macroset/en/clips/mayor/common_voice_en_21483094.opus,mayor
./data/macroset/en/clips/mayor/common_voice_en_21113772.opus,mayor
./data/macroset/en/clips/mayor/common_voice_en_21824592.opus,mayor
./data/macroset/en/clips/review/common_voice_en_691564.opus,review
./data/macroset/en/clips/review/common_voice_en_19772551.opus,review
./data/macroset/en/clips/review/common_voice_en_495841.opus,review
./data/macroset/en/clips/review/common_voice_en_20322760.opus,review
./data/macroset/en/clips/review/common_voice_en_526056.opus,review
./data/macroset/en/clips/oversteered/common_voice_en_65357.opus,oversteered
./data/macroset/en/clips/oversteered/common_voice_en_77180.opus,oversteered
./data/macroset/en/clips/oversteered/common_voice_en_17355300.opus,oversteered
./data/macroset/en/clips/oversteered/common_voice_en_17398640.opus,oversteered
./data/macroset/en/clips/oversteered/common_voice_en_17562047.opus,oversteered
./data/macroset/en/clips/seals/common_voice_en_60511.opus,seals
./data/macroset/en/clips/seals/common_voice_en_585303.opus,seals
./data/macroset/en/clips/seals/common_voice_en_545889.opus,seals
./data/macroset/en/clips/seals/common_voice_en_17808908.opus,seals
./data/macroset/en/clips/seals/common_voice_en_20143523.opus,seals
./data/macroset/en/clips/chapters/common_voice_en_21659260.opus,chapters
./data/macroset/en/clips/chapters/common_voice_en_21882533.opus,chapters
./data/macroset/en/clips/chapters/common_voice_en_19500373.opus,chapters
./data/macroset/en/clips/chapters/common_voice_en_21434411.opus,chapters
./data/macroset/en/clips/chapters/common_voice_en_21736811.opus,chapters
./data/macroset/en/clips/televisions/common_voice_en_522769.opus,televisions
./data/macroset/en/clips/televisions/common_voice_en_20183330.opus,televisions
./data/macroset/en/clips/televisions/common_voice_en_18090665.opus,televisions
./data/macroset/en/clips/televisions/common_voice_en_522623.opus,televisions
./data/macroset/en/clips/televisions/common_voice_en_17733786.opus,televisions
./data/macroset/en/clips/missions/common_voice_en_20540502.opus,missions
./data/macroset/en/clips/missions/common_voice_en_20150570.opus,missions
./data/macroset/en/clips/missions/common_voice_en_20226569.opus,missions
./data/macroset/en/clips/missions/common_voice_en_21512405.opus,missions
./data/macroset/en/clips/missions/common_voice_en_18743807.opus,missions
./data/macroset/en/clips/interfering/common_voice_en_221720.opus,interfering
./data/macroset/en/clips/interfering/common_voice_en_15816572.opus,interfering
./data/macroset/en/clips/interfering/common_voice_en_21765612.opus,interfering
./data/macroset/en/clips/interfering/common_voice_en_17782189.opus,interfering
./data/macroset/en/clips/interfering/common_voice_en_531434.opus,interfering
./data/macroset/en/clips/remark/common_voice_en_19307.opus,remark
./data/macroset/en/clips/remark/common_voice_en_18662376.opus,remark
./data/macroset/en/clips/remark/common_voice_en_18604950.opus,remark
./data/macroset/en/clips/remark/common_voice_en_627442.opus,remark
./data/macroset/en/clips/remark/common_voice_en_581340.opus,remark
./data/macroset/en/clips/horns/common_voice_en_21790939.opus,horns
./data/macroset/en/clips/horns/common_voice_en_21902324.opus,horns
./data/macroset/en/clips/horns/common_voice_en_19287923.opus,horns
./data/macroset/en/clips/horns/common_voice_en_20050235.opus,horns
./data/macroset/en/clips/horns/common_voice_en_20162464.opus,horns
./data/macroset/en/clips/made/common_voice_en_622108.opus,made
./data/macroset/en/clips/made/common_voice_en_17850197.opus,made
./data/macroset/en/clips/made/common_voice_en_383071.opus,made
./data/macroset/en/clips/made/common_voice_en_676020.opus,made
./data/macroset/en/clips/made/common_voice_en_36713.opus,made
./data/macroset/en/clips/whitney/common_voice_en_553021.opus,whitney
./data/macroset/en/clips/whitney/common_voice_en_20462360.opus,whitney
./data/macroset/en/clips/whitney/common_voice_en_20754751.opus,whitney
./data/macroset/en/clips/whitney/common_voice_en_21737905.opus,whitney
./data/macroset/en/clips/whitney/common_voice_en_20005320.opus,whitney
./data/macroset/en/clips/somewhere/common_voice_en_694402.opus,somewhere
./data/macroset/en/clips/somewhere/common_voice_en_17358127.opus,somewhere
./data/macroset/en/clips/somewhere/common_voice_en_203233.opus,somewhere
./data/macroset/en/clips/somewhere/common_voice_en_626351.opus,somewhere
./data/macroset/en/clips/somewhere/common_voice_en_54054.opus,somewhere
./data/macroset/en/clips/untaped/common_voice_en_643638.opus,untaped
./data/macroset/en/clips/untaped/common_voice_en_82314.opus,untaped
./data/macroset/en/clips/untaped/common_voice_en_698708.opus,untaped
./data/macroset/en/clips/untaped/common_voice_en_41295.opus,untaped
./data/macroset/en/clips/untaped/common_voice_en_642389.opus,untaped
./data/macroset/en/clips/bound/common_voice_en_21929803.opus,bound
./data/macroset/en/clips/bound/common_voice_en_20891023.opus,bound
./data/macroset/en/clips/bound/common_voice_en_18941407.opus,bound
./data/macroset/en/clips/bound/common_voice_en_19978558.opus,bound
./data/macroset/en/clips/bound/common_voice_en_19026066.opus,bound
./data/macroset/en/clips/honest/common_voice_en_70917.opus,honest
./data/macroset/en/clips/honest/common_voice_en_17994990.opus,honest
./data/macroset/en/clips/honest/common_voice_en_20531872.opus,honest
./data/macroset/en/clips/honest/common_voice_en_591826.opus,honest
./data/macroset/en/clips/honest/common_voice_en_18403520.opus,honest
./data/macroset/en/clips/cobalt/common_voice_en_536090.opus,cobalt
./data/macroset/en/clips/cobalt/common_voice_en_21408425.opus,cobalt
./data/macroset/en/clips/cobalt/common_voice_en_479778.opus,cobalt
./data/macroset/en/clips/cobalt/common_voice_en_534060.opus,cobalt
./data/macroset/en/clips/cobalt/common_voice_en_582494.opus,cobalt
./data/macroset/en/clips/philadelphia/common_voice_en_21563233.opus,philadelphia
./data/macroset/en/clips/philadelphia/common_voice_en_19091152.opus,philadelphia
./data/macroset/en/clips/philadelphia/common_voice_en_20952737.opus,philadelphia
./data/macroset/en/clips/philadelphia/common_voice_en_19091066.opus,philadelphia
./data/macroset/en/clips/philadelphia/common_voice_en_22442088.opus,philadelphia
./data/macroset/en/clips/focusing/common_voice_en_20729025.opus,focusing
./data/macroset/en/clips/focusing/common_voice_en_21847326.opus,focusing
./data/macroset/en/clips/focusing/common_voice_en_22346867.opus,focusing
./data/macroset/en/clips/focusing/common_voice_en_18972954.opus,focusing
./data/macroset/en/clips/focusing/common_voice_en_18851686.opus,focusing
./data/macroset/en/clips/blond/common_voice_en_678870.opus,blond
./data/macroset/en/clips/blond/common_voice_en_122901.opus,blond
./data/macroset/en/clips/blond/common_voice_en_196168.opus,blond
./data/macroset/en/clips/blond/common_voice_en_671855.opus,blond
./data/macroset/en/clips/blond/common_voice_en_17869110.opus,blond
./data/macroset/en/clips/soup/common_voice_en_544145.opus,soup
./data/macroset/en/clips/soup/common_voice_en_21073868.opus,soup
./data/macroset/en/clips/soup/common_voice_en_18640068.opus,soup
./data/macroset/en/clips/soup/common_voice_en_566998.opus,soup
./data/macroset/en/clips/soup/common_voice_en_589745.opus,soup
./data/macroset/en/clips/invincible/common_voice_en_17483562.opus,invincible
./data/macroset/en/clips/invincible/common_voice_en_17735952.opus,invincible
./data/macroset/en/clips/invincible/common_voice_en_62826.opus,invincible
./data/macroset/en/clips/invincible/common_voice_en_496133.opus,invincible
./data/macroset/en/clips/invincible/common_voice_en_17885317.opus,invincible
./data/macroset/en/clips/thoroughly/common_voice_en_20719161.opus,thoroughly
./data/macroset/en/clips/thoroughly/common_voice_en_17390988.opus,thoroughly
./data/macroset/en/clips/thoroughly/common_voice_en_18698287.opus,thoroughly
./data/macroset/en/clips/thoroughly/common_voice_en_17339385.opus,thoroughly
./data/macroset/en/clips/thoroughly/common_voice_en_18722162.opus,thoroughly
./data/macroset/en/clips/casts/common_voice_en_17995351.opus,casts
./data/macroset/en/clips/casts/common_voice_en_18133659.opus,casts
./data/macroset/en/clips/casts/common_voice_en_19540607.opus,casts
./data/macroset/en/clips/casts/common_voice_en_620022.opus,casts
./data/macroset/en/clips/casts/common_voice_en_511599.opus,casts
./data/macroset/en/clips/distracted/common_voice_en_546246.opus,distracted
./data/macroset/en/clips/distracted/common_voice_en_35600.opus,distracted
./data/macroset/en/clips/distracted/common_voice_en_40734.opus,distracted
./data/macroset/en/clips/distracted/common_voice_en_507385.opus,distracted
./data/macroset/en/clips/distracted/common_voice_en_623070.opus,distracted
./data/macroset/en/clips/teddy/common_voice_en_21247018.opus,teddy
./data/macroset/en/clips/teddy/common_voice_en_28773.opus,teddy
./data/macroset/en/clips/teddy/common_voice_en_11351672.opus,teddy
./data/macroset/en/clips/teddy/common_voice_en_645993.opus,teddy
./data/macroset/en/clips/teddy/common_voice_en_18981280.opus,teddy
./data/macroset/en/clips/hearted/common_voice_en_18458971.opus,hearted
./data/macroset/en/clips/hearted/common_voice_en_18893471.opus,hearted
./data/macroset/en/clips/hearted/common_voice_en_18650341.opus,hearted
./data/macroset/en/clips/hearted/common_voice_en_19115370.opus,hearted
./data/macroset/en/clips/hearted/common_voice_en_18996388.opus,hearted
./data/macroset/en/clips/roman/common_voice_en_19610687.opus,roman
./data/macroset/en/clips/roman/common_voice_en_199558.opus,roman
./data/macroset/en/clips/roman/common_voice_en_20263192.opus,roman
./data/macroset/en/clips/roman/common_voice_en_20139811.opus,roman
./data/macroset/en/clips/roman/common_voice_en_22204378.opus,roman
./data/macroset/en/clips/outrageous/common_voice_en_18343870.opus,outrageous
./data/macroset/en/clips/outrageous/common_voice_en_18971600.opus,outrageous
./data/macroset/en/clips/outrageous/common_voice_en_18311835.opus,outrageous
./data/macroset/en/clips/outrageous/common_voice_en_18354721.opus,outrageous
./data/macroset/en/clips/outrageous/common_voice_en_552008.opus,outrageous
./data/macroset/en/clips/airfield/common_voice_en_19201560.opus,airfield
./data/macroset/en/clips/airfield/common_voice_en_19389083.opus,airfield
./data/macroset/en/clips/airfield/common_voice_en_19201525.opus,airfield
./data/macroset/en/clips/airfield/common_voice_en_21208278.opus,airfield
./data/macroset/en/clips/airfield/common_voice_en_19497365.opus,airfield
./data/macroset/en/clips/tells/common_voice_en_20322635.opus,tells
./data/macroset/en/clips/tells/common_voice_en_19502028.opus,tells
./data/macroset/en/clips/tells/common_voice_en_644197.opus,tells
./data/macroset/en/clips/tells/common_voice_en_21672972.opus,tells
./data/macroset/en/clips/tells/common_voice_en_21348727.opus,tells
./data/macroset/en/clips/toggle/common_voice_en_125627.opus,toggle
./data/macroset/en/clips/toggle/common_voice_en_661014.opus,toggle
./data/macroset/en/clips/toggle/common_voice_en_411133.opus,toggle
./data/macroset/en/clips/toggle/common_voice_en_505212.opus,toggle
./data/macroset/en/clips/toggle/common_voice_en_88103.opus,toggle
./data/macroset/en/clips/withdrew/common_voice_en_20512522.opus,withdrew
./data/macroset/en/clips/withdrew/common_voice_en_19411812.opus,withdrew
./data/macroset/en/clips/withdrew/common_voice_en_18978736.opus,withdrew
./data/macroset/en/clips/withdrew/common_voice_en_67856.opus,withdrew
./data/macroset/en/clips/withdrew/common_voice_en_22292747.opus,withdrew
./data/macroset/en/clips/zones/common_voice_en_526323.opus,zones
./data/macroset/en/clips/zones/common_voice_en_22308410.opus,zones
./data/macroset/en/clips/zones/common_voice_en_19381586.opus,zones
./data/macroset/en/clips/zones/common_voice_en_21397456.opus,zones
./data/macroset/en/clips/zones/common_voice_en_19724559.opus,zones
./data/macroset/en/clips/breaking/common_voice_en_20261008.opus,breaking
./data/macroset/en/clips/breaking/common_voice_en_21929892.opus,breaking
./data/macroset/en/clips/breaking/common_voice_en_20955321.opus,breaking
./data/macroset/en/clips/breaking/common_voice_en_19698475.opus,breaking
./data/macroset/en/clips/breaking/common_voice_en_21306631.opus,breaking
./data/macroset/en/clips/medal/common_voice_en_20235712.opus,medal
./data/macroset/en/clips/medal/common_voice_en_19479436.opus,medal
./data/macroset/en/clips/medal/common_voice_en_20461066.opus,medal
./data/macroset/en/clips/medal/common_voice_en_661421.opus,medal
./data/macroset/en/clips/medal/common_voice_en_680664.opus,medal
./data/macroset/en/clips/advertised/common_voice_en_18978380.opus,advertised
./data/macroset/en/clips/advertised/common_voice_en_19781657.opus,advertised
./data/macroset/en/clips/advertised/common_voice_en_19248967.opus,advertised
./data/macroset/en/clips/advertised/common_voice_en_21376556.opus,advertised
./data/macroset/en/clips/advertised/common_voice_en_20148056.opus,advertised
./data/macroset/en/clips/mouse/common_voice_en_20378502.opus,mouse
./data/macroset/en/clips/mouse/common_voice_en_18643664.opus,mouse
./data/macroset/en/clips/mouse/common_voice_en_18113498.opus,mouse
./data/macroset/en/clips/mouse/common_voice_en_18478721.opus,mouse
./data/macroset/en/clips/mouse/common_voice_en_21735049.opus,mouse
./data/macroset/en/clips/oral/common_voice_en_20795019.opus,oral
./data/macroset/en/clips/oral/common_voice_en_20792943.opus,oral
./data/macroset/en/clips/oral/common_voice_en_21283086.opus,oral
./data/macroset/en/clips/oral/common_voice_en_61684.opus,oral
./data/macroset/en/clips/oral/common_voice_en_21864590.opus,oral
./data/macroset/en/clips/jocks/common_voice_en_177656.opus,jocks
./data/macroset/en/clips/jocks/common_voice_en_179625.opus,jocks
./data/macroset/en/clips/jocks/common_voice_en_530545.opus,jocks
./data/macroset/en/clips/jocks/common_voice_en_123301.opus,jocks
./data/macroset/en/clips/jocks/common_voice_en_564860.opus,jocks
./data/macroset/en/clips/west/common_voice_en_21367757.opus,west
./data/macroset/en/clips/west/common_voice_en_19735578.opus,west
./data/macroset/en/clips/west/common_voice_en_21854140.opus,west
./data/macroset/en/clips/west/common_voice_en_19410934.opus,west
./data/macroset/en/clips/west/common_voice_en_19417004.opus,west
./data/macroset/en/clips/chieftains/common_voice_en_89454.opus,chieftains
./data/macroset/en/clips/chieftains/common_voice_en_640382.opus,chieftains
./data/macroset/en/clips/chieftains/common_voice_en_194205.opus,chieftains
./data/macroset/en/clips/chieftains/common_voice_en_65313.opus,chieftains
./data/macroset/en/clips/chieftains/common_voice_en_680604.opus,chieftains
./data/macroset/en/clips/applied/common_voice_en_18699984.opus,applied
./data/macroset/en/clips/applied/common_voice_en_21486969.opus,applied
./data/macroset/en/clips/applied/common_voice_en_21927540.opus,applied
./data/macroset/en/clips/applied/common_voice_en_20456340.opus,applied
./data/macroset/en/clips/applied/common_voice_en_646897.opus,applied
./data/macroset/en/clips/lending/common_voice_en_18122454.opus,lending
./data/macroset/en/clips/lending/common_voice_en_17270780.opus,lending
./data/macroset/en/clips/lending/common_voice_en_17270071.opus,lending
./data/macroset/en/clips/lending/common_voice_en_19960587.opus,lending
./data/macroset/en/clips/lending/common_voice_en_98767.opus,lending
./data/macroset/en/clips/wikipedia/common_voice_en_700701.opus,wikipedia
./data/macroset/en/clips/wikipedia/common_voice_en_20921504.opus,wikipedia
./data/macroset/en/clips/wikipedia/common_voice_en_500309.opus,wikipedia
./data/macroset/en/clips/wikipedia/common_voice_en_562034.opus,wikipedia
./data/macroset/en/clips/wikipedia/common_voice_en_418206.opus,wikipedia
./data/macroset/en/clips/resigned/common_voice_en_20663163.opus,resigned
./data/macroset/en/clips/resigned/common_voice_en_19497704.opus,resigned
./data/macroset/en/clips/resigned/common_voice_en_22150449.opus,resigned
./data/macroset/en/clips/resigned/common_voice_en_19350299.opus,resigned
./data/macroset/en/clips/resigned/common_voice_en_22250547.opus,resigned
./data/macroset/en/clips/rambling/common_voice_en_17282180.opus,rambling
./data/macroset/en/clips/rambling/common_voice_en_17384688.opus,rambling
./data/macroset/en/clips/rambling/common_voice_en_17268415.opus,rambling
./data/macroset/en/clips/rambling/common_voice_en_18138419.opus,rambling
./data/macroset/en/clips/rambling/common_voice_en_17713320.opus,rambling
./data/macroset/en/clips/successor/common_voice_en_20049252.opus,successor
./data/macroset/en/clips/successor/common_voice_en_22054068.opus,successor
./data/macroset/en/clips/successor/common_voice_en_19956871.opus,successor
./data/macroset/en/clips/successor/common_voice_en_19719091.opus,successor
./data/macroset/en/clips/successor/common_voice_en_18894720.opus,successor
./data/macroset/en/clips/photograph/common_voice_en_20513936.opus,photograph
./data/macroset/en/clips/photograph/common_voice_en_19773232.opus,photograph
./data/macroset/en/clips/photograph/common_voice_en_19467129.opus,photograph
./data/macroset/en/clips/photograph/common_voice_en_554597.opus,photograph
./data/macroset/en/clips/photograph/common_voice_en_17731340.opus,photograph
./data/macroset/en/clips/orleans/common_voice_en_21451996.opus,orleans
./data/macroset/en/clips/orleans/common_voice_en_19545410.opus,orleans
./data/macroset/en/clips/orleans/common_voice_en_19410702.opus,orleans
./data/macroset/en/clips/orleans/common_voice_en_21055513.opus,orleans
./data/macroset/en/clips/orleans/common_voice_en_20919850.opus,orleans
./data/macroset/en/clips/fallen/common_voice_en_573227.opus,fallen
./data/macroset/en/clips/fallen/common_voice_en_654970.opus,fallen
./data/macroset/en/clips/fallen/common_voice_en_191720.opus,fallen
./data/macroset/en/clips/fallen/common_voice_en_505852.opus,fallen
./data/macroset/en/clips/fallen/common_voice_en_656717.opus,fallen
./data/macroset/en/clips/opinions/common_voice_en_693075.opus,opinions
./data/macroset/en/clips/opinions/common_voice_en_18525972.opus,opinions
./data/macroset/en/clips/opinions/common_voice_en_22147968.opus,opinions
./data/macroset/en/clips/opinions/common_voice_en_562304.opus,opinions
./data/macroset/en/clips/opinions/common_voice_en_19690201.opus,opinions
./data/macroset/en/clips/esther/common_voice_en_18606731.opus,esther
./data/macroset/en/clips/esther/common_voice_en_22247923.opus,esther
./data/macroset/en/clips/esther/common_voice_en_18606244.opus,esther
./data/macroset/en/clips/esther/common_voice_en_20374376.opus,esther
./data/macroset/en/clips/esther/common_voice_en_18620337.opus,esther
./data/macroset/en/clips/news/common_voice_en_21323785.opus,news
./data/macroset/en/clips/news/common_voice_en_92974.opus,news
./data/macroset/en/clips/news/common_voice_en_488753.opus,news
./data/macroset/en/clips/news/common_voice_en_493757.opus,news
./data/macroset/en/clips/news/common_voice_en_583626.opus,news
./data/macroset/en/clips/caravans/common_voice_en_140874.opus,caravans
./data/macroset/en/clips/caravans/common_voice_en_18852014.opus,caravans
./data/macroset/en/clips/caravans/common_voice_en_20510.opus,caravans
./data/macroset/en/clips/caravans/common_voice_en_600948.opus,caravans
./data/macroset/en/clips/caravans/common_voice_en_528591.opus,caravans
./data/macroset/en/clips/chains/common_voice_en_20247556.opus,chains
./data/macroset/en/clips/chains/common_voice_en_20388126.opus,chains
./data/macroset/en/clips/chains/common_voice_en_20353953.opus,chains
./data/macroset/en/clips/chains/common_voice_en_20143350.opus,chains
./data/macroset/en/clips/chains/common_voice_en_18829364.opus,chains
./data/macroset/en/clips/wayne/common_voice_en_659870.opus,wayne
./data/macroset/en/clips/wayne/common_voice_en_19965521.opus,wayne
./data/macroset/en/clips/wayne/common_voice_en_21605868.opus,wayne
./data/macroset/en/clips/wayne/common_voice_en_21097758.opus,wayne
./data/macroset/en/clips/wayne/common_voice_en_19611311.opus,wayne
./data/macroset/en/clips/accepts/common_voice_en_21100726.opus,accepts
./data/macroset/en/clips/accepts/common_voice_en_19867749.opus,accepts
./data/macroset/en/clips/accepts/common_voice_en_20414216.opus,accepts
./data/macroset/en/clips/accepts/common_voice_en_19721560.opus,accepts
./data/macroset/en/clips/accepts/common_voice_en_21619814.opus,accepts
./data/macroset/en/clips/chart/common_voice_en_20590156.opus,chart
./data/macroset/en/clips/chart/common_voice_en_19497362.opus,chart
./data/macroset/en/clips/chart/common_voice_en_19200916.opus,chart
./data/macroset/en/clips/chart/common_voice_en_18871264.opus,chart
./data/macroset/en/clips/chart/common_voice_en_18989034.opus,chart
./data/macroset/en/clips/volleyball/common_voice_en_19612270.opus,volleyball
./data/macroset/en/clips/volleyball/common_voice_en_293821.opus,volleyball
./data/macroset/en/clips/volleyball/common_voice_en_627032.opus,volleyball
./data/macroset/en/clips/volleyball/common_voice_en_171057__2.opus,volleyball
./data/macroset/en/clips/volleyball/common_voice_en_211980.opus,volleyball
./data/macroset/en/clips/tnt/common_voice_en_17390859.opus,tnt
./data/macroset/en/clips/tnt/common_voice_en_17885354.opus,tnt
./data/macroset/en/clips/tnt/common_voice_en_17453645.opus,tnt
./data/macroset/en/clips/tnt/common_voice_en_17392204.opus,tnt
./data/macroset/en/clips/tnt/common_voice_en_554368.opus,tnt
./data/macroset/en/clips/studio/common_voice_en_20238481.opus,studio
./data/macroset/en/clips/studio/common_voice_en_20288933.opus,studio
./data/macroset/en/clips/studio/common_voice_en_20143569.opus,studio
./data/macroset/en/clips/studio/common_voice_en_21551948.opus,studio
./data/macroset/en/clips/studio/common_voice_en_20434212.opus,studio
./data/macroset/en/clips/forbidden/common_voice_en_18892621.opus,forbidden
./data/macroset/en/clips/forbidden/common_voice_en_19451745.opus,forbidden
./data/macroset/en/clips/forbidden/common_voice_en_19801200.opus,forbidden
./data/macroset/en/clips/forbidden/common_voice_en_19132019.opus,forbidden
./data/macroset/en/clips/forbidden/common_voice_en_20587317.opus,forbidden
./data/macroset/en/clips/suspension/common_voice_en_21929676.opus,suspension
./data/macroset/en/clips/suspension/common_voice_en_20532139.opus,suspension
./data/macroset/en/clips/suspension/common_voice_en_19403372.opus,suspension
./data/macroset/en/clips/suspension/common_voice_en_21572724.opus,suspension
./data/macroset/en/clips/suspension/common_voice_en_499150.opus,suspension
./data/macroset/en/clips/swiftly/common_voice_en_18348538.opus,swiftly
./data/macroset/en/clips/swiftly/common_voice_en_530080.opus,swiftly
./data/macroset/en/clips/swiftly/common_voice_en_18510181.opus,swiftly
./data/macroset/en/clips/swiftly/common_voice_en_19777333.opus,swiftly
./data/macroset/en/clips/swiftly/common_voice_en_21957372.opus,swiftly
./data/macroset/en/clips/idol/common_voice_en_17269467.opus,idol
./data/macroset/en/clips/idol/common_voice_en_20966286.opus,idol
./data/macroset/en/clips/idol/common_voice_en_4236536.opus,idol
./data/macroset/en/clips/idol/common_voice_en_17297102.opus,idol
./data/macroset/en/clips/idol/common_voice_en_20008949.opus,idol
./data/macroset/en/clips/climbing/common_voice_en_538800.opus,climbing
./data/macroset/en/clips/climbing/common_voice_en_18962935.opus,climbing
./data/macroset/en/clips/climbing/common_voice_en_20408151.opus,climbing
./data/macroset/en/clips/climbing/common_voice_en_610649.opus,climbing
./data/macroset/en/clips/climbing/common_voice_en_19529533.opus,climbing
./data/macroset/en/clips/warrior/common_voice_en_482921.opus,warrior
./data/macroset/en/clips/warrior/common_voice_en_24236.opus,warrior
./data/macroset/en/clips/warrior/common_voice_en_534355.opus,warrior
./data/macroset/en/clips/warrior/common_voice_en_586277.opus,warrior
./data/macroset/en/clips/warrior/common_voice_en_217163.opus,warrior
./data/macroset/en/clips/exactly/common_voice_en_498768.opus,exactly
./data/macroset/en/clips/exactly/common_voice_en_18350703.opus,exactly
./data/macroset/en/clips/exactly/common_voice_en_512609.opus,exactly
./data/macroset/en/clips/exactly/common_voice_en_17965676.opus,exactly
./data/macroset/en/clips/exactly/common_voice_en_573035.opus,exactly
./data/macroset/en/clips/horace/common_voice_en_21826784.opus,horace
./data/macroset/en/clips/horace/common_voice_en_19645006.opus,horace
./data/macroset/en/clips/horace/common_voice_en_19945874.opus,horace
./data/macroset/en/clips/horace/common_voice_en_19248031.opus,horace
./data/macroset/en/clips/horace/common_voice_en_21724233.opus,horace
./data/macroset/en/clips/voting/common_voice_en_20559992.opus,voting
./data/macroset/en/clips/voting/common_voice_en_19010699.opus,voting
./data/macroset/en/clips/voting/common_voice_en_19467610.opus,voting
./data/macroset/en/clips/voting/common_voice_en_21246953.opus,voting
./data/macroset/en/clips/voting/common_voice_en_20259969.opus,voting
./data/macroset/en/clips/tipperary/common_voice_en_19249215.opus,tipperary
./data/macroset/en/clips/tipperary/common_voice_en_17966210.opus,tipperary
./data/macroset/en/clips/tipperary/common_voice_en_17735730.opus,tipperary
./data/macroset/en/clips/tipperary/common_voice_en_17252100.opus,tipperary
./data/macroset/en/clips/tipperary/common_voice_en_20965521.opus,tipperary
./data/macroset/en/clips/campfire/common_voice_en_17428276.opus,campfire
./data/macroset/en/clips/campfire/common_voice_en_691536.opus,campfire
./data/macroset/en/clips/campfire/common_voice_en_17258378.opus,campfire
./data/macroset/en/clips/campfire/common_voice_en_17688660.opus,campfire
./data/macroset/en/clips/campfire/common_voice_en_17342572.opus,campfire
./data/macroset/en/clips/burning/common_voice_en_18687472.opus,burning
./data/macroset/en/clips/burning/common_voice_en_63941.opus,burning
./data/macroset/en/clips/burning/common_voice_en_664917.opus,burning
./data/macroset/en/clips/burning/common_voice_en_505416.opus,burning
./data/macroset/en/clips/burning/common_voice_en_57084.opus,burning
./data/macroset/en/clips/folks/common_voice_en_161720.opus,folks
./data/macroset/en/clips/folks/common_voice_en_624199.opus,folks
./data/macroset/en/clips/folks/common_voice_en_657771.opus,folks
./data/macroset/en/clips/folks/common_voice_en_581191.opus,folks
./data/macroset/en/clips/folks/common_voice_en_625593.opus,folks
./data/macroset/en/clips/chess/common_voice_en_218252.opus,chess
./data/macroset/en/clips/chess/common_voice_en_21282408.opus,chess
./data/macroset/en/clips/chess/common_voice_en_18354375.opus,chess
./data/macroset/en/clips/chess/common_voice_en_21629071.opus,chess
./data/macroset/en/clips/chess/common_voice_en_17295650.opus,chess
./data/macroset/en/clips/mainland/common_voice_en_20027286.opus,mainland
./data/macroset/en/clips/mainland/common_voice_en_18930699.opus,mainland
./data/macroset/en/clips/mainland/common_voice_en_18793890.opus,mainland
./data/macroset/en/clips/mainland/common_voice_en_19941811.opus,mainland
./data/macroset/en/clips/mainland/common_voice_en_20245257.opus,mainland
./data/macroset/en/clips/chewy/common_voice_en_181677.opus,chewy
./data/macroset/en/clips/chewy/common_voice_en_90534.opus,chewy
./data/macroset/en/clips/chewy/common_voice_en_564164.opus,chewy
./data/macroset/en/clips/chewy/common_voice_en_178976.opus,chewy
./data/macroset/en/clips/chewy/common_voice_en_8370.opus,chewy
./data/macroset/en/clips/australia/common_voice_en_20229532.opus,australia
./data/macroset/en/clips/australia/common_voice_en_20712798.opus,australia
./data/macroset/en/clips/australia/common_voice_en_19739987.opus,australia
./data/macroset/en/clips/australia/common_voice_en_19593908.opus,australia
./data/macroset/en/clips/australia/common_voice_en_19745297.opus,australia
./data/macroset/en/clips/generators/common_voice_en_17908219.opus,generators
./data/macroset/en/clips/generators/common_voice_en_21100126.opus,generators
./data/macroset/en/clips/generators/common_voice_en_21926011.opus,generators
./data/macroset/en/clips/generators/common_voice_en_20302043.opus,generators
./data/macroset/en/clips/generators/common_voice_en_22282151.opus,generators
./data/macroset/en/clips/collected/common_voice_en_17903419.opus,collected
./data/macroset/en/clips/collected/common_voice_en_19795516.opus,collected
./data/macroset/en/clips/collected/common_voice_en_20984489.opus,collected
./data/macroset/en/clips/collected/common_voice_en_19952425.opus,collected
./data/macroset/en/clips/collected/common_voice_en_18773446.opus,collected
./data/macroset/en/clips/hurts/common_voice_en_18164417__2.opus,hurts
./data/macroset/en/clips/hurts/common_voice_en_17276956__2.opus,hurts
./data/macroset/en/clips/hurts/common_voice_en_17849300__2.opus,hurts
./data/macroset/en/clips/hurts/common_voice_en_17285946.opus,hurts
./data/macroset/en/clips/hurts/common_voice_en_17733402__2.opus,hurts
./data/macroset/en/clips/isolated/common_voice_en_20883269.opus,isolated
./data/macroset/en/clips/isolated/common_voice_en_22354562.opus,isolated
./data/macroset/en/clips/isolated/common_voice_en_19542310.opus,isolated
./data/macroset/en/clips/isolated/common_voice_en_20069103.opus,isolated
./data/macroset/en/clips/isolated/common_voice_en_21864611.opus,isolated
./data/macroset/en/clips/ruby/common_voice_en_22329739.opus,ruby
./data/macroset/en/clips/ruby/common_voice_en_21303681.opus,ruby
./data/macroset/en/clips/ruby/common_voice_en_19345439.opus,ruby
./data/macroset/en/clips/ruby/common_voice_en_19111327.opus,ruby
./data/macroset/en/clips/ruby/common_voice_en_19844594.opus,ruby
./data/macroset/en/clips/putin/common_voice_en_17873000.opus,putin
./data/macroset/en/clips/putin/common_voice_en_569159.opus,putin
./data/macroset/en/clips/putin/common_voice_en_641822.opus,putin
./data/macroset/en/clips/putin/common_voice_en_17704436.opus,putin
./data/macroset/en/clips/putin/common_voice_en_22276251.opus,putin
./data/macroset/en/clips/romeo/common_voice_en_18071542.opus,romeo
./data/macroset/en/clips/romeo/common_voice_en_18684933.opus,romeo
./data/macroset/en/clips/romeo/common_voice_en_19797861.opus,romeo
./data/macroset/en/clips/romeo/common_voice_en_616889.opus,romeo
./data/macroset/en/clips/romeo/common_voice_en_19958612.opus,romeo
./data/macroset/en/clips/androids/common_voice_en_17607201.opus,androids
./data/macroset/en/clips/androids/common_voice_en_17441607.opus,androids
./data/macroset/en/clips/androids/common_voice_en_17367167.opus,androids
./data/macroset/en/clips/androids/common_voice_en_17325528.opus,androids
./data/macroset/en/clips/androids/common_voice_en_17286633.opus,androids
./data/macroset/en/clips/adorned/common_voice_en_51313.opus,adorned
./data/macroset/en/clips/adorned/common_voice_en_326314.opus,adorned
./data/macroset/en/clips/adorned/common_voice_en_94585.opus,adorned
./data/macroset/en/clips/adorned/common_voice_en_21692078.opus,adorned
./data/macroset/en/clips/adorned/common_voice_en_20068111.opus,adorned
./data/macroset/en/clips/abuse/common_voice_en_94232.opus,abuse
./data/macroset/en/clips/abuse/common_voice_en_21106533.opus,abuse
./data/macroset/en/clips/abuse/common_voice_en_21376780.opus,abuse
./data/macroset/en/clips/abuse/common_voice_en_20025555.opus,abuse
./data/macroset/en/clips/abuse/common_voice_en_20968366.opus,abuse
./data/macroset/en/clips/steroids/common_voice_en_21399644.opus,steroids
./data/macroset/en/clips/steroids/common_voice_en_430727.opus,steroids
./data/macroset/en/clips/steroids/common_voice_en_19093361.opus,steroids
./data/macroset/en/clips/steroids/common_voice_en_194648.opus,steroids
./data/macroset/en/clips/steroids/common_voice_en_627298.opus,steroids
./data/macroset/en/clips/expectations/common_voice_en_2020951.opus,expectations
./data/macroset/en/clips/expectations/common_voice_en_18799570.opus,expectations
./data/macroset/en/clips/expectations/common_voice_en_19719729.opus,expectations
./data/macroset/en/clips/expectations/common_voice_en_17288505.opus,expectations
./data/macroset/en/clips/expectations/common_voice_en_592818.opus,expectations
./data/macroset/en/clips/iguana/common_voice_en_18065907.opus,iguana
./data/macroset/en/clips/iguana/common_voice_en_18091130.opus,iguana
./data/macroset/en/clips/iguana/common_voice_en_17287654.opus,iguana
./data/macroset/en/clips/iguana/common_voice_en_18408597.opus,iguana
./data/macroset/en/clips/iguana/common_voice_en_17526553.opus,iguana
./data/macroset/en/clips/additionally/common_voice_en_21737397.opus,additionally
./data/macroset/en/clips/additionally/common_voice_en_22040738.opus,additionally
./data/macroset/en/clips/additionally/common_voice_en_20237311.opus,additionally
./data/macroset/en/clips/additionally/common_voice_en_20109788.opus,additionally
./data/macroset/en/clips/additionally/common_voice_en_19593910.opus,additionally
./data/macroset/en/clips/conquest/common_voice_en_19549427.opus,conquest
./data/macroset/en/clips/conquest/common_voice_en_18897917.opus,conquest
./data/macroset/en/clips/conquest/common_voice_en_21489174.opus,conquest
./data/macroset/en/clips/conquest/common_voice_en_20213901.opus,conquest
./data/macroset/en/clips/conquest/common_voice_en_20294450.opus,conquest
./data/macroset/en/clips/wildlife/common_voice_en_21103831.opus,wildlife
./data/macroset/en/clips/wildlife/common_voice_en_20101836.opus,wildlife
./data/macroset/en/clips/wildlife/common_voice_en_21876946.opus,wildlife
./data/macroset/en/clips/wildlife/common_voice_en_19854985.opus,wildlife
./data/macroset/en/clips/wildlife/common_voice_en_20956136.opus,wildlife
./data/macroset/en/clips/italy/common_voice_en_20358580.opus,italy
./data/macroset/en/clips/italy/common_voice_en_22361221__2.opus,italy
./data/macroset/en/clips/italy/common_voice_en_19479789.opus,italy
./data/macroset/en/clips/italy/common_voice_en_20027637.opus,italy
./data/macroset/en/clips/italy/common_voice_en_18838998.opus,italy
./data/macroset/en/clips/saturday/common_voice_en_19416916.opus,saturday
./data/macroset/en/clips/saturday/common_voice_en_20391221.opus,saturday
./data/macroset/en/clips/saturday/common_voice_en_505294.opus,saturday
./data/macroset/en/clips/saturday/common_voice_en_5666053.opus,saturday
./data/macroset/en/clips/saturday/common_voice_en_20454819.opus,saturday
./data/macroset/en/clips/olympic/common_voice_en_19267253.opus,olympic
./data/macroset/en/clips/olympic/common_voice_en_18860142__2.opus,olympic
./data/macroset/en/clips/olympic/common_voice_en_20314865.opus,olympic
./data/macroset/en/clips/olympic/common_voice_en_21402615.opus,olympic
./data/macroset/en/clips/olympic/common_voice_en_20057333.opus,olympic
./data/macroset/en/clips/leap/common_voice_en_20913105.opus,leap
./data/macroset/en/clips/leap/common_voice_en_19027119.opus,leap
./data/macroset/en/clips/leap/common_voice_en_18715978.opus,leap
./data/macroset/en/clips/leap/common_voice_en_20049470.opus,leap
./data/macroset/en/clips/leap/common_voice_en_21946485.opus,leap
./data/macroset/en/clips/discrete/common_voice_en_19611628.opus,discrete
./data/macroset/en/clips/discrete/common_voice_en_19710518.opus,discrete
./data/macroset/en/clips/discrete/common_voice_en_20118781.opus,discrete
./data/macroset/en/clips/discrete/common_voice_en_21570505.opus,discrete
./data/macroset/en/clips/discrete/common_voice_en_20835795.opus,discrete
./data/macroset/en/clips/heavens/common_voice_en_20575715.opus,heavens
./data/macroset/en/clips/heavens/common_voice_en_2202986.opus,heavens
./data/macroset/en/clips/heavens/common_voice_en_188713.opus,heavens
./data/macroset/en/clips/heavens/common_voice_en_621568.opus,heavens
./data/macroset/en/clips/heavens/common_voice_en_18478392.opus,heavens
./data/macroset/en/clips/massachusetts/common_voice_en_21251780.opus,massachusetts
./data/macroset/en/clips/massachusetts/common_voice_en_19783727.opus,massachusetts
./data/macroset/en/clips/massachusetts/common_voice_en_19583109__2.opus,massachusetts
./data/macroset/en/clips/massachusetts/common_voice_en_19749135.opus,massachusetts
./data/macroset/en/clips/massachusetts/common_voice_en_19663803.opus,massachusetts
./data/macroset/en/clips/relaxed/common_voice_en_680583.opus,relaxed
./data/macroset/en/clips/relaxed/common_voice_en_639698.opus,relaxed
./data/macroset/en/clips/relaxed/common_voice_en_78515.opus,relaxed
./data/macroset/en/clips/relaxed/common_voice_en_546174.opus,relaxed
./data/macroset/en/clips/relaxed/common_voice_en_153886.opus,relaxed
./data/macroset/en/clips/plum/common_voice_en_19467451.opus,plum
./data/macroset/en/clips/plum/common_voice_en_72630.opus,plum
./data/macroset/en/clips/plum/common_voice_en_19538874.opus,plum
./data/macroset/en/clips/plum/common_voice_en_1857922.opus,plum
./data/macroset/en/clips/plum/common_voice_en_20664821.opus,plum
./data/macroset/en/clips/legends/common_voice_en_650811.opus,legends
./data/macroset/en/clips/legends/common_voice_en_19978253.opus,legends
./data/macroset/en/clips/legends/common_voice_en_19201619.opus,legends
./data/macroset/en/clips/legends/common_voice_en_20881070.opus,legends
./data/macroset/en/clips/legends/common_voice_en_601666.opus,legends
./data/macroset/en/clips/acronym/common_voice_en_498912.opus,acronym
./data/macroset/en/clips/acronym/common_voice_en_19772656.opus,acronym
./data/macroset/en/clips/acronym/common_voice_en_682409.opus,acronym
./data/macroset/en/clips/acronym/common_voice_en_17785743.opus,acronym
./data/macroset/en/clips/acronym/common_voice_en_18865160.opus,acronym
./data/macroset/en/clips/scholars/common_voice_en_19130415.opus,scholars
./data/macroset/en/clips/scholars/common_voice_en_19400071.opus,scholars
./data/macroset/en/clips/scholars/common_voice_en_20903377.opus,scholars
./data/macroset/en/clips/scholars/common_voice_en_19846686.opus,scholars
./data/macroset/en/clips/scholars/common_voice_en_20026170.opus,scholars
./data/macroset/en/clips/belt/common_voice_en_20264271.opus,belt
./data/macroset/en/clips/belt/common_voice_en_22445668.opus,belt
./data/macroset/en/clips/belt/common_voice_en_19655381.opus,belt
./data/macroset/en/clips/belt/common_voice_en_18848591.opus,belt
./data/macroset/en/clips/belt/common_voice_en_204537.opus,belt
./data/macroset/en/clips/savage/common_voice_en_19672127.opus,savage
./data/macroset/en/clips/savage/common_voice_en_20526414.opus,savage
./data/macroset/en/clips/savage/common_voice_en_19943365.opus,savage
./data/macroset/en/clips/savage/common_voice_en_21408873.opus,savage
./data/macroset/en/clips/savage/common_voice_en_20798190.opus,savage
./data/macroset/en/clips/python/common_voice_en_428313.opus,python
./data/macroset/en/clips/python/common_voice_en_572914.opus,python
./data/macroset/en/clips/python/common_voice_en_19514062.opus,python
./data/macroset/en/clips/python/common_voice_en_17562265.opus,python
./data/macroset/en/clips/python/common_voice_en_153057.opus,python
./data/macroset/en/clips/drill/common_voice_en_565156.opus,drill
./data/macroset/en/clips/drill/common_voice_en_20754232.opus,drill
./data/macroset/en/clips/drill/common_voice_en_57102.opus,drill
./data/macroset/en/clips/drill/common_voice_en_20132815.opus,drill
./data/macroset/en/clips/drill/common_voice_en_488526.opus,drill
./data/macroset/en/clips/stephen/common_voice_en_22310987.opus,stephen
./data/macroset/en/clips/stephen/common_voice_en_19947481.opus,stephen
./data/macroset/en/clips/stephen/common_voice_en_22287352.opus,stephen
./data/macroset/en/clips/stephen/common_voice_en_18415712.opus,stephen
./data/macroset/en/clips/stephen/common_voice_en_18673542.opus,stephen
./data/macroset/en/clips/rivalry/common_voice_en_22277943.opus,rivalry
./data/macroset/en/clips/rivalry/common_voice_en_20315812.opus,rivalry
./data/macroset/en/clips/rivalry/common_voice_en_20656461.opus,rivalry
./data/macroset/en/clips/rivalry/common_voice_en_19092645.opus,rivalry
./data/macroset/en/clips/rivalry/common_voice_en_21078904.opus,rivalry
./data/macroset/en/clips/puddles/common_voice_en_665320.opus,puddles
./data/macroset/en/clips/puddles/common_voice_en_563778.opus,puddles
./data/macroset/en/clips/puddles/common_voice_en_204939.opus,puddles
./data/macroset/en/clips/puddles/common_voice_en_648155.opus,puddles
./data/macroset/en/clips/puddles/common_voice_en_87598.opus,puddles
./data/macroset/en/clips/nets/common_voice_en_20257607.opus,nets
./data/macroset/en/clips/nets/common_voice_en_19799325.opus,nets
./data/macroset/en/clips/nets/common_voice_en_19948713.opus,nets
./data/macroset/en/clips/nets/common_voice_en_20143911.opus,nets
./data/macroset/en/clips/nets/common_voice_en_19387921.opus,nets
./data/macroset/en/clips/adults/common_voice_en_19855052.opus,adults
./data/macroset/en/clips/adults/common_voice_en_17407086.opus,adults
./data/macroset/en/clips/adults/common_voice_en_19499621.opus,adults
./data/macroset/en/clips/adults/common_voice_en_20122795.opus,adults
./data/macroset/en/clips/adults/common_voice_en_21692573.opus,adults
./data/macroset/en/clips/promoting/common_voice_en_19968119.opus,promoting
./data/macroset/en/clips/promoting/common_voice_en_21482912.opus,promoting
./data/macroset/en/clips/promoting/common_voice_en_22332739.opus,promoting
./data/macroset/en/clips/promoting/common_voice_en_20359053.opus,promoting
./data/macroset/en/clips/promoting/common_voice_en_19179464.opus,promoting
./data/macroset/en/clips/which/common_voice_en_20562654.opus,which
./data/macroset/en/clips/which/common_voice_en_22441125.opus,which
./data/macroset/en/clips/which/common_voice_en_18061614.opus,which
./data/macroset/en/clips/which/common_voice_en_19347739.opus,which
./data/macroset/en/clips/which/common_voice_en_585578.opus,which
./data/macroset/en/clips/left/common_voice_en_9347735.opus,left
./data/macroset/en/clips/left/common_voice_en_17390342.opus,left
./data/macroset/en/clips/left/common_voice_en_32114.opus,left
./data/macroset/en/clips/left/common_voice_en_101409.opus,left
./data/macroset/en/clips/left/common_voice_en_621703.opus,left
./data/macroset/en/clips/encyclopedia/common_voice_en_40741.opus,encyclopedia
./data/macroset/en/clips/encyclopedia/common_voice_en_518685.opus,encyclopedia
./data/macroset/en/clips/encyclopedia/common_voice_en_590479.opus,encyclopedia
./data/macroset/en/clips/encyclopedia/common_voice_en_20456278.opus,encyclopedia
./data/macroset/en/clips/encyclopedia/common_voice_en_21203840.opus,encyclopedia
./data/macroset/en/clips/farm/common_voice_en_20766217.opus,farm
./data/macroset/en/clips/farm/common_voice_en_211520.opus,farm
./data/macroset/en/clips/farm/common_voice_en_20272799.opus,farm
./data/macroset/en/clips/farm/common_voice_en_20501486.opus,farm
./data/macroset/en/clips/farm/common_voice_en_20973603.opus,farm
./data/macroset/en/clips/angeles/common_voice_en_22033988.opus,angeles
./data/macroset/en/clips/angeles/common_voice_en_20947742.opus,angeles
./data/macroset/en/clips/angeles/common_voice_en_21990753.opus,angeles
./data/macroset/en/clips/angeles/common_voice_en_22368297.opus,angeles
./data/macroset/en/clips/angeles/common_voice_en_488703.opus,angeles
./data/macroset/en/clips/staring/common_voice_en_613577.opus,staring
./data/macroset/en/clips/staring/common_voice_en_585711.opus,staring
./data/macroset/en/clips/staring/common_voice_en_565584.opus,staring
./data/macroset/en/clips/staring/common_voice_en_548066.opus,staring
./data/macroset/en/clips/staring/common_voice_en_203513.opus,staring
./data/macroset/en/clips/participating/common_voice_en_20818788.opus,participating
./data/macroset/en/clips/participating/common_voice_en_20276208.opus,participating
./data/macroset/en/clips/participating/common_voice_en_21427316.opus,participating
./data/macroset/en/clips/participating/common_voice_en_20463959.opus,participating
./data/macroset/en/clips/participating/common_voice_en_20726332.opus,participating
./data/macroset/en/clips/referenced/common_voice_en_19738619.opus,referenced
./data/macroset/en/clips/referenced/common_voice_en_20466186.opus,referenced
./data/macroset/en/clips/referenced/common_voice_en_21535134.opus,referenced
./data/macroset/en/clips/referenced/common_voice_en_20114502.opus,referenced
./data/macroset/en/clips/referenced/common_voice_en_20303882.opus,referenced
./data/macroset/en/clips/see/common_voice_en_550249.opus,see
./data/macroset/en/clips/see/common_voice_en_658093.opus,see
./data/macroset/en/clips/see/common_voice_en_18441219.opus,see
./data/macroset/en/clips/see/common_voice_en_648716.opus,see
./data/macroset/en/clips/see/common_voice_en_18024746.opus,see
./data/macroset/en/clips/pike/common_voice_en_19812227.opus,pike
./data/macroset/en/clips/pike/common_voice_en_18818622.opus,pike
./data/macroset/en/clips/pike/common_voice_en_19566014.opus,pike
./data/macroset/en/clips/pike/common_voice_en_18853421.opus,pike
./data/macroset/en/clips/pike/common_voice_en_18486720.opus,pike
./data/macroset/en/clips/hat/common_voice_en_18893755.opus,hat
./data/macroset/en/clips/hat/common_voice_en_79935.opus,hat
./data/macroset/en/clips/hat/common_voice_en_71559.opus,hat
./data/macroset/en/clips/hat/common_voice_en_19872256.opus,hat
./data/macroset/en/clips/hat/common_voice_en_518469.opus,hat
./data/macroset/en/clips/comfortable/common_voice_en_673964.opus,comfortable
./data/macroset/en/clips/comfortable/common_voice_en_18428838.opus,comfortable
./data/macroset/en/clips/comfortable/common_voice_en_19762495.opus,comfortable
./data/macroset/en/clips/comfortable/common_voice_en_19497263.opus,comfortable
./data/macroset/en/clips/comfortable/common_voice_en_576658.opus,comfortable
./data/macroset/en/clips/robins/common_voice_en_20686586.opus,robins
./data/macroset/en/clips/robins/common_voice_en_629181.opus,robins
./data/macroset/en/clips/robins/common_voice_en_18147443.opus,robins
./data/macroset/en/clips/robins/common_voice_en_18085683.opus,robins
./data/macroset/en/clips/robins/common_voice_en_5214464.opus,robins
./data/macroset/en/clips/sine/common_voice_en_17870206.opus,sine
./data/macroset/en/clips/sine/common_voice_en_18120382.opus,sine
./data/macroset/en/clips/sine/common_voice_en_17884933.opus,sine
./data/macroset/en/clips/sine/common_voice_en_17265947.opus,sine
./data/macroset/en/clips/sine/common_voice_en_17274243.opus,sine
./data/macroset/en/clips/reports/common_voice_en_21229662.opus,reports
./data/macroset/en/clips/reports/common_voice_en_19869829.opus,reports
./data/macroset/en/clips/reports/common_voice_en_18491678.opus,reports
./data/macroset/en/clips/reports/common_voice_en_19768873__2.opus,reports
./data/macroset/en/clips/reports/common_voice_en_18129650.opus,reports
./data/macroset/en/clips/buddhist/common_voice_en_20498270.opus,buddhist
./data/macroset/en/clips/buddhist/common_voice_en_21253440.opus,buddhist
./data/macroset/en/clips/buddhist/common_voice_en_20462361.opus,buddhist
./data/macroset/en/clips/buddhist/common_voice_en_19693520.opus,buddhist
./data/macroset/en/clips/buddhist/common_voice_en_20183271.opus,buddhist
./data/macroset/en/clips/occurs/common_voice_en_20661394.opus,occurs
./data/macroset/en/clips/occurs/common_voice_en_20719958.opus,occurs
./data/macroset/en/clips/occurs/common_voice_en_19954890.opus,occurs
./data/macroset/en/clips/occurs/common_voice_en_21953632.opus,occurs
./data/macroset/en/clips/occurs/common_voice_en_21843178.opus,occurs
./data/macroset/en/clips/specimens/common_voice_en_19622103.opus,specimens
./data/macroset/en/clips/specimens/common_voice_en_20027419.opus,specimens
./data/macroset/en/clips/specimens/common_voice_en_22175265.opus,specimens
./data/macroset/en/clips/specimens/common_voice_en_21364776.opus,specimens
./data/macroset/en/clips/specimens/common_voice_en_20875649.opus,specimens
./data/macroset/en/clips/noise/common_voice_en_19951830.opus,noise
./data/macroset/en/clips/noise/common_voice_en_18130231.opus,noise
./data/macroset/en/clips/noise/common_voice_en_21351972.opus,noise
./data/macroset/en/clips/noise/common_voice_en_77802.opus,noise
./data/macroset/en/clips/noise/common_voice_en_17412692.opus,noise
./data/macroset/en/clips/weekly/common_voice_en_19876708.opus,weekly
./data/macroset/en/clips/weekly/common_voice_en_19795265.opus,weekly
./data/macroset/en/clips/weekly/common_voice_en_19289225.opus,weekly
./data/macroset/en/clips/weekly/common_voice_en_22371928.opus,weekly
./data/macroset/en/clips/weekly/common_voice_en_21240677.opus,weekly
./data/macroset/en/clips/fishes/common_voice_en_18299287.opus,fishes
./data/macroset/en/clips/fishes/common_voice_en_22001082.opus,fishes
./data/macroset/en/clips/fishes/common_voice_en_520513.opus,fishes
./data/macroset/en/clips/fishes/common_voice_en_18287133.opus,fishes
./data/macroset/en/clips/fishes/common_voice_en_18104804.opus,fishes
./data/macroset/en/clips/perry/common_voice_en_19607809.opus,perry
./data/macroset/en/clips/perry/common_voice_en_20989580.opus,perry
./data/macroset/en/clips/perry/common_voice_en_20661228.opus,perry
./data/macroset/en/clips/perry/common_voice_en_21224322.opus,perry
./data/macroset/en/clips/perry/common_voice_en_18844762.opus,perry
./data/macroset/en/clips/intentions/common_voice_en_526093.opus,intentions
./data/macroset/en/clips/intentions/common_voice_en_572910.opus,intentions
./data/macroset/en/clips/intentions/common_voice_en_20650682.opus,intentions
./data/macroset/en/clips/intentions/common_voice_en_17869074.opus,intentions
./data/macroset/en/clips/intentions/common_voice_en_353466.opus,intentions
./data/macroset/en/clips/mark/common_voice_en_317034.opus,mark
./data/macroset/en/clips/mark/common_voice_en_17372237.opus,mark
./data/macroset/en/clips/mark/common_voice_en_19727057.opus,mark
./data/macroset/en/clips/mark/common_voice_en_19869744.opus,mark
./data/macroset/en/clips/mark/common_voice_en_90481.opus,mark
./data/macroset/en/clips/irving/common_voice_en_22286819.opus,irving
./data/macroset/en/clips/irving/common_voice_en_20877653.opus,irving
./data/macroset/en/clips/irving/common_voice_en_20303303.opus,irving
./data/macroset/en/clips/irving/common_voice_en_21916385.opus,irving
./data/macroset/en/clips/irving/common_voice_en_19952840.opus,irving
./data/macroset/en/clips/reiterated/common_voice_en_596409.opus,reiterated
./data/macroset/en/clips/reiterated/common_voice_en_518758.opus,reiterated
./data/macroset/en/clips/reiterated/common_voice_en_498385.opus,reiterated
./data/macroset/en/clips/reiterated/common_voice_en_81413.opus,reiterated
./data/macroset/en/clips/reiterated/common_voice_en_500048.opus,reiterated
./data/macroset/en/clips/educated/common_voice_en_21447864.opus,educated
./data/macroset/en/clips/educated/common_voice_en_20957799.opus,educated
./data/macroset/en/clips/educated/common_voice_en_20229177.opus,educated
./data/macroset/en/clips/educated/common_voice_en_18854970.opus,educated
./data/macroset/en/clips/educated/common_voice_en_19983170.opus,educated
./data/macroset/en/clips/point/common_voice_en_22281211.opus,point
./data/macroset/en/clips/point/common_voice_en_620392.opus,point
./data/macroset/en/clips/point/common_voice_en_22290580__2.opus,point
./data/macroset/en/clips/point/common_voice_en_21341985.opus,point
./data/macroset/en/clips/point/common_voice_en_21952387.opus,point
./data/macroset/en/clips/fridge/common_voice_en_573824.opus,fridge
./data/macroset/en/clips/fridge/common_voice_en_17812468.opus,fridge
./data/macroset/en/clips/fridge/common_voice_en_585076.opus,fridge
./data/macroset/en/clips/fridge/common_voice_en_685970.opus,fridge
./data/macroset/en/clips/fridge/common_voice_en_635883.opus,fridge
./data/macroset/en/clips/birds/common_voice_en_589033.opus,birds
./data/macroset/en/clips/birds/common_voice_en_484781.opus,birds
./data/macroset/en/clips/birds/common_voice_en_25135.opus,birds
./data/macroset/en/clips/birds/common_voice_en_598491.opus,birds
./data/macroset/en/clips/birds/common_voice_en_12516828.opus,birds
./data/macroset/en/clips/lineage/common_voice_en_19961698.opus,lineage
./data/macroset/en/clips/lineage/common_voice_en_19523180.opus,lineage
./data/macroset/en/clips/lineage/common_voice_en_19127135.opus,lineage
./data/macroset/en/clips/lineage/common_voice_en_20726353.opus,lineage
./data/macroset/en/clips/lineage/common_voice_en_19686322.opus,lineage
./data/macroset/en/clips/subliminal/common_voice_en_17263797.opus,subliminal
./data/macroset/en/clips/subliminal/common_voice_en_17297144.opus,subliminal
./data/macroset/en/clips/subliminal/common_voice_en_647415.opus,subliminal
./data/macroset/en/clips/subliminal/common_voice_en_17294672.opus,subliminal
./data/macroset/en/clips/subliminal/common_voice_en_515088.opus,subliminal
./data/macroset/en/clips/waiter/common_voice_en_624646.opus,waiter
./data/macroset/en/clips/waiter/common_voice_en_19533626.opus,waiter
./data/macroset/en/clips/waiter/common_voice_en_18591372.opus,waiter
./data/macroset/en/clips/waiter/common_voice_en_17564012.opus,waiter
./data/macroset/en/clips/waiter/common_voice_en_17885302.opus,waiter
./data/macroset/en/clips/challenged/common_voice_en_19370842.opus,challenged
./data/macroset/en/clips/challenged/common_voice_en_22403509.opus,challenged
./data/macroset/en/clips/challenged/common_voice_en_19148509.opus,challenged
./data/macroset/en/clips/challenged/common_voice_en_20939064.opus,challenged
./data/macroset/en/clips/challenged/common_voice_en_19681277.opus,challenged
./data/macroset/en/clips/mercury/common_voice_en_129564.opus,mercury
./data/macroset/en/clips/mercury/common_voice_en_160741.opus,mercury
./data/macroset/en/clips/mercury/common_voice_en_21806780.opus,mercury
./data/macroset/en/clips/mercury/common_voice_en_507343.opus,mercury
./data/macroset/en/clips/mercury/common_voice_en_20299573.opus,mercury
./data/macroset/en/clips/engaged/common_voice_en_18706735.opus,engaged
./data/macroset/en/clips/engaged/common_voice_en_20255233.opus,engaged
./data/macroset/en/clips/engaged/common_voice_en_21438961.opus,engaged
./data/macroset/en/clips/engaged/common_voice_en_18839593.opus,engaged
./data/macroset/en/clips/engaged/common_voice_en_21351182.opus,engaged
./data/macroset/en/clips/marie/common_voice_en_19236769.opus,marie
./data/macroset/en/clips/marie/common_voice_en_19101811.opus,marie
./data/macroset/en/clips/marie/common_voice_en_19728494.opus,marie
./data/macroset/en/clips/marie/common_voice_en_22140932.opus,marie
./data/macroset/en/clips/marie/common_voice_en_20803607.opus,marie
./data/macroset/en/clips/gas/common_voice_en_641306.opus,gas
./data/macroset/en/clips/gas/common_voice_en_176570.opus,gas
./data/macroset/en/clips/gas/common_voice_en_32656.opus,gas
./data/macroset/en/clips/gas/common_voice_en_19952503.opus,gas
./data/macroset/en/clips/gas/common_voice_en_207911.opus,gas
./data/macroset/en/clips/parts/common_voice_en_592597.opus,parts
./data/macroset/en/clips/parts/common_voice_en_20027097.opus,parts
./data/macroset/en/clips/parts/common_voice_en_19561591.opus,parts
./data/macroset/en/clips/parts/common_voice_en_19504360.opus,parts
./data/macroset/en/clips/parts/common_voice_en_21399253.opus,parts
./data/macroset/en/clips/killed/common_voice_en_20314035.opus,killed
./data/macroset/en/clips/killed/common_voice_en_21504416.opus,killed
./data/macroset/en/clips/killed/common_voice_en_20252612.opus,killed
./data/macroset/en/clips/killed/common_voice_en_17436032.opus,killed
./data/macroset/en/clips/killed/common_voice_en_18997529.opus,killed
./data/macroset/en/clips/caribbean/common_voice_en_21429357.opus,caribbean
./data/macroset/en/clips/caribbean/common_voice_en_19984266.opus,caribbean
./data/macroset/en/clips/caribbean/common_voice_en_22305401.opus,caribbean
./data/macroset/en/clips/caribbean/common_voice_en_22196389.opus,caribbean
./data/macroset/en/clips/caribbean/common_voice_en_21073724.opus,caribbean
./data/macroset/en/clips/speedway/common_voice_en_19857567.opus,speedway
./data/macroset/en/clips/speedway/common_voice_en_18951940.opus,speedway
./data/macroset/en/clips/speedway/common_voice_en_20896282.opus,speedway
./data/macroset/en/clips/speedway/common_voice_en_20370952.opus,speedway
./data/macroset/en/clips/speedway/common_voice_en_20865830.opus,speedway
./data/macroset/en/clips/everlasting/common_voice_en_18066214.opus,everlasting
./data/macroset/en/clips/everlasting/common_voice_en_18074522.opus,everlasting
./data/macroset/en/clips/everlasting/common_voice_en_17727873.opus,everlasting
./data/macroset/en/clips/everlasting/common_voice_en_546939.opus,everlasting
./data/macroset/en/clips/everlasting/common_voice_en_17371666.opus,everlasting
./data/macroset/en/clips/chester/common_voice_en_19751056.opus,chester
./data/macroset/en/clips/chester/common_voice_en_21243256.opus,chester
./data/macroset/en/clips/chester/common_voice_en_21335712.opus,chester
./data/macroset/en/clips/chester/common_voice_en_18835866.opus,chester
./data/macroset/en/clips/chester/common_voice_en_21829737.opus,chester
./data/macroset/en/clips/confess/common_voice_en_17871505.opus,confess
./data/macroset/en/clips/confess/common_voice_en_553004.opus,confess
./data/macroset/en/clips/confess/common_voice_en_18454848.opus,confess
./data/macroset/en/clips/confess/common_voice_en_2378746.opus,confess
./data/macroset/en/clips/confess/common_voice_en_18723345.opus,confess
./data/macroset/en/clips/internationally/common_voice_en_19320070.opus,internationally
./data/macroset/en/clips/internationally/common_voice_en_19718344.opus,internationally
./data/macroset/en/clips/internationally/common_voice_en_21333442.opus,internationally
./data/macroset/en/clips/internationally/common_voice_en_20797933.opus,internationally
./data/macroset/en/clips/internationally/common_voice_en_22191628.opus,internationally
./data/macroset/en/clips/darius/common_voice_en_20300017.opus,darius
./data/macroset/en/clips/darius/common_voice_en_17622429.opus,darius
./data/macroset/en/clips/darius/common_voice_en_17657346.opus,darius
./data/macroset/en/clips/darius/common_voice_en_18124878.opus,darius
./data/macroset/en/clips/darius/common_voice_en_17262749.opus,darius
./data/macroset/en/clips/auction/common_voice_en_17471214.opus,auction
./data/macroset/en/clips/auction/common_voice_en_518773.opus,auction
./data/macroset/en/clips/auction/common_voice_en_17818604.opus,auction
./data/macroset/en/clips/auction/common_voice_en_19167081.opus,auction
./data/macroset/en/clips/auction/common_voice_en_19674941.opus,auction
./data/macroset/en/clips/lavender/common_voice_en_17258515.opus,lavender
./data/macroset/en/clips/lavender/common_voice_en_587776.opus,lavender
./data/macroset/en/clips/lavender/common_voice_en_17881502.opus,lavender
./data/macroset/en/clips/lavender/common_voice_en_17246146.opus,lavender
./data/macroset/en/clips/lavender/common_voice_en_494049.opus,lavender
./data/macroset/en/clips/grandchildren/common_voice_en_20057399.opus,grandchildren
./data/macroset/en/clips/grandchildren/common_voice_en_20622012.opus,grandchildren
./data/macroset/en/clips/grandchildren/common_voice_en_22279431.opus,grandchildren
./data/macroset/en/clips/grandchildren/common_voice_en_20162080.opus,grandchildren
./data/macroset/en/clips/grandchildren/common_voice_en_22207531.opus,grandchildren
./data/macroset/en/clips/whisked/common_voice_en_666008.opus,whisked
./data/macroset/en/clips/whisked/common_voice_en_13754945.opus,whisked
./data/macroset/en/clips/whisked/common_voice_en_537243.opus,whisked
./data/macroset/en/clips/whisked/common_voice_en_483915.opus,whisked
./data/macroset/en/clips/whisked/common_voice_en_66991.opus,whisked
./data/macroset/en/clips/discover/common_voice_en_21277182.opus,discover
./data/macroset/en/clips/discover/common_voice_en_19576643.opus,discover
./data/macroset/en/clips/discover/common_voice_en_22083101.opus,discover
./data/macroset/en/clips/discover/common_voice_en_18607897.opus,discover
./data/macroset/en/clips/discover/common_voice_en_20080199.opus,discover
./data/macroset/en/clips/dealing/common_voice_en_20135037.opus,dealing
./data/macroset/en/clips/dealing/common_voice_en_18580341.opus,dealing
./data/macroset/en/clips/dealing/common_voice_en_20540970.opus,dealing
./data/macroset/en/clips/dealing/common_voice_en_18871507.opus,dealing
./data/macroset/en/clips/dealing/common_voice_en_595394.opus,dealing
./data/macroset/en/clips/also/common_voice_en_20135808.opus,also
./data/macroset/en/clips/also/common_voice_en_19613443.opus,also
./data/macroset/en/clips/also/common_voice_en_20276188.opus,also
./data/macroset/en/clips/also/common_voice_en_18897706.opus,also
./data/macroset/en/clips/also/common_voice_en_20965342.opus,also
./data/macroset/en/clips/report/common_voice_en_18115169.opus,report
./data/macroset/en/clips/report/common_voice_en_18810137.opus,report
./data/macroset/en/clips/report/common_voice_en_20931476.opus,report
./data/macroset/en/clips/report/common_voice_en_17785758.opus,report
./data/macroset/en/clips/report/common_voice_en_18654099.opus,report
./data/macroset/en/clips/gain/common_voice_en_442021.opus,gain
./data/macroset/en/clips/gain/common_voice_en_21977095.opus,gain
./data/macroset/en/clips/gain/common_voice_en_18788805.opus,gain
./data/macroset/en/clips/gain/common_voice_en_610239.opus,gain
./data/macroset/en/clips/gain/common_voice_en_17246302.opus,gain
./data/macroset/en/clips/integer/common_voice_en_18819634.opus,integer
./data/macroset/en/clips/integer/common_voice_en_21553085.opus,integer
./data/macroset/en/clips/integer/common_voice_en_20091696.opus,integer
./data/macroset/en/clips/integer/common_voice_en_21386162.opus,integer
./data/macroset/en/clips/integer/common_voice_en_19487283.opus,integer
./data/macroset/en/clips/pulled/common_voice_en_17885081.opus,pulled
./data/macroset/en/clips/pulled/common_voice_en_481920.opus,pulled
./data/macroset/en/clips/pulled/common_voice_en_20081068.opus,pulled
./data/macroset/en/clips/pulled/common_voice_en_18445436.opus,pulled
./data/macroset/en/clips/pulled/common_voice_en_18128711.opus,pulled
./data/macroset/en/clips/pedal/common_voice_en_507816.opus,pedal
./data/macroset/en/clips/pedal/common_voice_en_564227.opus,pedal
./data/macroset/en/clips/pedal/common_voice_en_17865268.opus,pedal
./data/macroset/en/clips/pedal/common_voice_en_18975132.opus,pedal
./data/macroset/en/clips/pedal/common_voice_en_17942467.opus,pedal
./data/macroset/en/clips/speak/common_voice_en_532830.opus,speak
./data/macroset/en/clips/speak/common_voice_en_19811190.opus,speak
./data/macroset/en/clips/speak/common_voice_en_36388.opus,speak
./data/macroset/en/clips/speak/common_voice_en_17367883__2.opus,speak
./data/macroset/en/clips/speak/common_voice_en_21376087.opus,speak
./data/macroset/en/clips/bristol/common_voice_en_21843155.opus,bristol
./data/macroset/en/clips/bristol/common_voice_en_19476584.opus,bristol
./data/macroset/en/clips/bristol/common_voice_en_20187670.opus,bristol
./data/macroset/en/clips/bristol/common_voice_en_19991465.opus,bristol
./data/macroset/en/clips/bristol/common_voice_en_21267954.opus,bristol
./data/macroset/en/clips/undo/common_voice_en_18298236.opus,undo
./data/macroset/en/clips/undo/common_voice_en_601842.opus,undo
./data/macroset/en/clips/undo/common_voice_en_517306.opus,undo
./data/macroset/en/clips/undo/common_voice_en_654399.opus,undo
./data/macroset/en/clips/undo/common_voice_en_533395.opus,undo
./data/macroset/en/clips/matching/common_voice_en_659748.opus,matching
./data/macroset/en/clips/matching/common_voice_en_20858220.opus,matching
./data/macroset/en/clips/matching/common_voice_en_594902.opus,matching
./data/macroset/en/clips/matching/common_voice_en_19324883.opus,matching
./data/macroset/en/clips/matching/common_voice_en_545756.opus,matching
./data/macroset/en/clips/projectile/common_voice_en_490620.opus,projectile
./data/macroset/en/clips/projectile/common_voice_en_678778.opus,projectile
./data/macroset/en/clips/projectile/common_voice_en_659325.opus,projectile
./data/macroset/en/clips/projectile/common_voice_en_600158.opus,projectile
./data/macroset/en/clips/projectile/common_voice_en_24543.opus,projectile
./data/macroset/en/clips/politics/common_voice_en_20926960.opus,politics
./data/macroset/en/clips/politics/common_voice_en_698090.opus,politics
./data/macroset/en/clips/politics/common_voice_en_20989557.opus,politics
./data/macroset/en/clips/politics/common_voice_en_22261877.opus,politics
./data/macroset/en/clips/politics/common_voice_en_20297795.opus,politics
./data/macroset/en/clips/byron/common_voice_en_19724557.opus,byron
./data/macroset/en/clips/byron/common_voice_en_20245403.opus,byron
./data/macroset/en/clips/byron/common_voice_en_21180464.opus,byron
./data/macroset/en/clips/byron/common_voice_en_20791490__2.opus,byron
./data/macroset/en/clips/byron/common_voice_en_20636592.opus,byron
./data/macroset/en/clips/stalk/common_voice_en_21112639.opus,stalk
./data/macroset/en/clips/stalk/common_voice_en_18082091.opus,stalk
./data/macroset/en/clips/stalk/common_voice_en_18066268.opus,stalk
./data/macroset/en/clips/stalk/common_voice_en_17874766.opus,stalk
./data/macroset/en/clips/stalk/common_voice_en_700228.opus,stalk
./data/macroset/en/clips/disclosure/common_voice_en_19312832.opus,disclosure
./data/macroset/en/clips/disclosure/common_voice_en_18534193.opus,disclosure
./data/macroset/en/clips/disclosure/common_voice_en_19466978.opus,disclosure
./data/macroset/en/clips/disclosure/common_voice_en_416691.opus,disclosure
./data/macroset/en/clips/disclosure/common_voice_en_48416.opus,disclosure
./data/macroset/en/clips/technologies/common_voice_en_22270747.opus,technologies
./data/macroset/en/clips/technologies/common_voice_en_19350610.opus,technologies
./data/macroset/en/clips/technologies/common_voice_en_20569216.opus,technologies
./data/macroset/en/clips/technologies/common_voice_en_22051225.opus,technologies
./data/macroset/en/clips/technologies/common_voice_en_19659247.opus,technologies
./data/macroset/en/clips/flaw/common_voice_en_692142.opus,flaw
./data/macroset/en/clips/flaw/common_voice_en_18144890.opus,flaw
./data/macroset/en/clips/flaw/common_voice_en_646749.opus,flaw
./data/macroset/en/clips/flaw/common_voice_en_652076.opus,flaw
./data/macroset/en/clips/flaw/common_voice_en_4529657.opus,flaw
./data/macroset/en/clips/chips/common_voice_en_18420577.opus,chips
./data/macroset/en/clips/chips/common_voice_en_18276170.opus,chips
./data/macroset/en/clips/chips/common_voice_en_20541101.opus,chips
./data/macroset/en/clips/chips/common_voice_en_18507262.opus,chips
./data/macroset/en/clips/chips/common_voice_en_18451770.opus,chips
./data/macroset/en/clips/supporter/common_voice_en_20753886.opus,supporter
./data/macroset/en/clips/supporter/common_voice_en_20600694.opus,supporter
./data/macroset/en/clips/supporter/common_voice_en_19478708.opus,supporter
./data/macroset/en/clips/supporter/common_voice_en_21454448.opus,supporter
./data/macroset/en/clips/supporter/common_voice_en_19565601.opus,supporter
./data/macroset/en/clips/towards/common_voice_en_18961304.opus,towards
./data/macroset/en/clips/towards/common_voice_en_540398.opus,towards
./data/macroset/en/clips/towards/common_voice_en_693897.opus,towards
./data/macroset/en/clips/towards/common_voice_en_72427.opus,towards
./data/macroset/en/clips/towards/common_voice_en_651653.opus,towards
./data/macroset/en/clips/assault/common_voice_en_19196141.opus,assault
./data/macroset/en/clips/assault/common_voice_en_18765314.opus,assault
./data/macroset/en/clips/assault/common_voice_en_20826738.opus,assault
./data/macroset/en/clips/assault/common_voice_en_20235789.opus,assault
./data/macroset/en/clips/assault/common_voice_en_21576961.opus,assault
./data/macroset/en/clips/wore/common_voice_en_339663.opus,wore
./data/macroset/en/clips/wore/common_voice_en_18143442.opus,wore
./data/macroset/en/clips/wore/common_voice_en_628175.opus,wore
./data/macroset/en/clips/wore/common_voice_en_31070.opus,wore
./data/macroset/en/clips/wore/common_voice_en_18419232.opus,wore
./data/macroset/en/clips/davis/common_voice_en_19869124.opus,davis
./data/macroset/en/clips/davis/common_voice_en_146014.opus,davis
./data/macroset/en/clips/davis/common_voice_en_561465.opus,davis
./data/macroset/en/clips/davis/common_voice_en_19687191.opus,davis
./data/macroset/en/clips/davis/common_voice_en_502310.opus,davis
./data/macroset/en/clips/motion/common_voice_en_20425447.opus,motion
./data/macroset/en/clips/motion/common_voice_en_36684.opus,motion
./data/macroset/en/clips/motion/common_voice_en_18236741.opus,motion
./data/macroset/en/clips/motion/common_voice_en_19510697.opus,motion
./data/macroset/en/clips/motion/common_voice_en_192949.opus,motion
./data/macroset/en/clips/overlap/common_voice_en_20870808.opus,overlap
./data/macroset/en/clips/overlap/common_voice_en_660987.opus,overlap
./data/macroset/en/clips/overlap/common_voice_en_19980875.opus,overlap
./data/macroset/en/clips/overlap/common_voice_en_19825114.opus,overlap
./data/macroset/en/clips/overlap/common_voice_en_20159141.opus,overlap
./data/macroset/en/clips/submarines/common_voice_en_18743436.opus,submarines
./data/macroset/en/clips/submarines/common_voice_en_20532046.opus,submarines
./data/macroset/en/clips/submarines/common_voice_en_19158296.opus,submarines
./data/macroset/en/clips/submarines/common_voice_en_19934124.opus,submarines
./data/macroset/en/clips/submarines/common_voice_en_19758002.opus,submarines
./data/macroset/en/clips/homeboy/common_voice_en_579835.opus,homeboy
./data/macroset/en/clips/homeboy/common_voice_en_18042574.opus,homeboy
./data/macroset/en/clips/homeboy/common_voice_en_17369872.opus,homeboy
./data/macroset/en/clips/homeboy/common_voice_en_179113.opus,homeboy
./data/macroset/en/clips/homeboy/common_voice_en_17658511.opus,homeboy
./data/macroset/en/clips/exhibition/common_voice_en_18799490.opus,exhibition
./data/macroset/en/clips/exhibition/common_voice_en_19795377.opus,exhibition
./data/macroset/en/clips/exhibition/common_voice_en_247320.opus,exhibition
./data/macroset/en/clips/exhibition/common_voice_en_19982496.opus,exhibition
./data/macroset/en/clips/exhibition/common_voice_en_20322149.opus,exhibition
./data/macroset/en/clips/bestselling/common_voice_en_499894.opus,bestselling
./data/macroset/en/clips/bestselling/common_voice_en_17874805.opus,bestselling
./data/macroset/en/clips/bestselling/common_voice_en_21593848.opus,bestselling
./data/macroset/en/clips/bestselling/common_voice_en_18473433.opus,bestselling
./data/macroset/en/clips/bestselling/common_voice_en_18403465.opus,bestselling
./data/macroset/en/clips/rating/common_voice_en_18662889.opus,rating
./data/macroset/en/clips/rating/common_voice_en_20485266.opus,rating
./data/macroset/en/clips/rating/common_voice_en_17356904.opus,rating
./data/macroset/en/clips/rating/common_voice_en_17885119.opus,rating
./data/macroset/en/clips/rating/common_voice_en_17556802.opus,rating
./data/macroset/en/clips/marc/common_voice_en_21293982.opus,marc
./data/macroset/en/clips/marc/common_voice_en_17400302.opus,marc
./data/macroset/en/clips/marc/common_voice_en_21690002.opus,marc
./data/macroset/en/clips/marc/common_voice_en_625609.opus,marc
./data/macroset/en/clips/marc/common_voice_en_17256558.opus,marc
./data/macroset/en/clips/cameras/common_voice_en_19721433.opus,cameras
./data/macroset/en/clips/cameras/common_voice_en_17520072.opus,cameras
./data/macroset/en/clips/cameras/common_voice_en_20922098.opus,cameras
./data/macroset/en/clips/cameras/common_voice_en_671814.opus,cameras
./data/macroset/en/clips/cameras/common_voice_en_21779886.opus,cameras
./data/macroset/en/clips/fred/common_voice_en_20172171.opus,fred
./data/macroset/en/clips/fred/common_voice_en_21547409.opus,fred
./data/macroset/en/clips/fred/common_voice_en_20857047.opus,fred
./data/macroset/en/clips/fred/common_voice_en_20397520.opus,fred
./data/macroset/en/clips/fred/common_voice_en_19753458.opus,fred
./data/macroset/en/clips/yeah/common_voice_en_17693245.opus,yeah
./data/macroset/en/clips/yeah/common_voice_en_17872989.opus,yeah
./data/macroset/en/clips/yeah/common_voice_en_17778058.opus,yeah
./data/macroset/en/clips/yeah/common_voice_en_193989.opus,yeah
./data/macroset/en/clips/yeah/common_voice_en_484671.opus,yeah
./data/macroset/en/clips/auxiliary/common_voice_en_19026009.opus,auxiliary
./data/macroset/en/clips/auxiliary/common_voice_en_20629517.opus,auxiliary
./data/macroset/en/clips/auxiliary/common_voice_en_19710087.opus,auxiliary
./data/macroset/en/clips/auxiliary/common_voice_en_21929262__2.opus,auxiliary
./data/macroset/en/clips/auxiliary/common_voice_en_18938934.opus,auxiliary
./data/macroset/en/clips/fur/common_voice_en_20120503.opus,fur
./data/macroset/en/clips/fur/common_voice_en_17314346.opus,fur
./data/macroset/en/clips/fur/common_voice_en_18183372.opus,fur
./data/macroset/en/clips/fur/common_voice_en_20120464.opus,fur
./data/macroset/en/clips/fur/common_voice_en_18822781.opus,fur
./data/macroset/en/clips/elementary/common_voice_en_25099.opus,elementary
./data/macroset/en/clips/elementary/common_voice_en_22123560.opus,elementary
./data/macroset/en/clips/elementary/common_voice_en_20928636.opus,elementary
./data/macroset/en/clips/elementary/common_voice_en_21449140__2.opus,elementary
./data/macroset/en/clips/elementary/common_voice_en_18844726.opus,elementary
./data/macroset/en/clips/cows/common_voice_en_20186254.opus,cows
./data/macroset/en/clips/cows/common_voice_en_20704192.opus,cows
./data/macroset/en/clips/cows/common_voice_en_573965.opus,cows
./data/macroset/en/clips/cows/common_voice_en_22324013.opus,cows
./data/macroset/en/clips/cows/common_voice_en_18157243.opus,cows
./data/macroset/en/clips/poured/common_voice_en_680923.opus,poured
./data/macroset/en/clips/poured/common_voice_en_177704.opus,poured
./data/macroset/en/clips/poured/common_voice_en_602673.opus,poured
./data/macroset/en/clips/poured/common_voice_en_519395.opus,poured
./data/macroset/en/clips/poured/common_voice_en_82703.opus,poured
./data/macroset/en/clips/londoners/common_voice_en_537746.opus,londoners
./data/macroset/en/clips/londoners/common_voice_en_588919.opus,londoners
./data/macroset/en/clips/londoners/common_voice_en_44025.opus,londoners
./data/macroset/en/clips/londoners/common_voice_en_15777183.opus,londoners
./data/macroset/en/clips/londoners/common_voice_en_502874.opus,londoners
./data/macroset/en/clips/daniel/common_voice_en_18016449.opus,daniel
./data/macroset/en/clips/daniel/common_voice_en_317259.opus,daniel
./data/macroset/en/clips/daniel/common_voice_en_19709328.opus,daniel
./data/macroset/en/clips/daniel/common_voice_en_18454730.opus,daniel
./data/macroset/en/clips/daniel/common_voice_en_20456256.opus,daniel
./data/macroset/en/clips/leanne/common_voice_en_70160.opus,leanne
./data/macroset/en/clips/leanne/common_voice_en_89247.opus,leanne
./data/macroset/en/clips/leanne/common_voice_en_700078.opus,leanne
./data/macroset/en/clips/leanne/common_voice_en_509687.opus,leanne
./data/macroset/en/clips/leanne/common_voice_en_516026.opus,leanne
./data/macroset/en/clips/slender/common_voice_en_21160072.opus,slender
./data/macroset/en/clips/slender/common_voice_en_21872692.opus,slender
./data/macroset/en/clips/slender/common_voice_en_21965825.opus,slender
./data/macroset/en/clips/slender/common_voice_en_20733724.opus,slender
./data/macroset/en/clips/slender/common_voice_en_21982628.opus,slender
./data/macroset/en/clips/production/common_voice_en_20248171.opus,production
./data/macroset/en/clips/production/common_voice_en_20522635.opus,production
./data/macroset/en/clips/production/common_voice_en_22347417.opus,production
./data/macroset/en/clips/production/common_voice_en_19158280.opus,production
./data/macroset/en/clips/production/common_voice_en_20738981.opus,production
./data/macroset/en/clips/bobbing/common_voice_en_503110.opus,bobbing
./data/macroset/en/clips/bobbing/common_voice_en_664382.opus,bobbing
./data/macroset/en/clips/bobbing/common_voice_en_83402.opus,bobbing
./data/macroset/en/clips/bobbing/common_voice_en_66549.opus,bobbing
./data/macroset/en/clips/bobbing/common_voice_en_216543.opus,bobbing
./data/macroset/en/clips/diabetes/common_voice_en_17147816.opus,diabetes
./data/macroset/en/clips/diabetes/common_voice_en_17279466.opus,diabetes
./data/macroset/en/clips/diabetes/common_voice_en_19172269.opus,diabetes
./data/macroset/en/clips/diabetes/common_voice_en_19766350.opus,diabetes
./data/macroset/en/clips/diabetes/common_voice_en_17505488.opus,diabetes
./data/macroset/en/clips/assisted/common_voice_en_19561364.opus,assisted
./data/macroset/en/clips/assisted/common_voice_en_20114492.opus,assisted
./data/macroset/en/clips/assisted/common_voice_en_21829654.opus,assisted
./data/macroset/en/clips/assisted/common_voice_en_19614051.opus,assisted
./data/macroset/en/clips/assisted/common_voice_en_20634697.opus,assisted
./data/macroset/en/clips/chilling/common_voice_en_17280660.opus,chilling
./data/macroset/en/clips/chilling/common_voice_en_17885359.opus,chilling
./data/macroset/en/clips/chilling/common_voice_en_17262669.opus,chilling
./data/macroset/en/clips/chilling/common_voice_en_515544.opus,chilling
./data/macroset/en/clips/chilling/common_voice_en_17777327.opus,chilling
./data/macroset/en/clips/carried/common_voice_en_20787439.opus,carried
./data/macroset/en/clips/carried/common_voice_en_548212.opus,carried
./data/macroset/en/clips/carried/common_voice_en_19496911.opus,carried
./data/macroset/en/clips/carried/common_voice_en_20062010.opus,carried
./data/macroset/en/clips/carried/common_voice_en_20495939.opus,carried
./data/macroset/en/clips/transforms/common_voice_en_20092277.opus,transforms
./data/macroset/en/clips/transforms/common_voice_en_19326463.opus,transforms
./data/macroset/en/clips/transforms/common_voice_en_155145.opus,transforms
./data/macroset/en/clips/transforms/common_voice_en_19973974.opus,transforms
./data/macroset/en/clips/transforms/common_voice_en_67817.opus,transforms
./data/macroset/en/clips/gluten/common_voice_en_18302804.opus,gluten
./data/macroset/en/clips/gluten/common_voice_en_21604584.opus,gluten
./data/macroset/en/clips/gluten/common_voice_en_18283384.opus,gluten
./data/macroset/en/clips/gluten/common_voice_en_21484110.opus,gluten
./data/macroset/en/clips/gluten/common_voice_en_18513297.opus,gluten
./data/macroset/en/clips/flesh/common_voice_en_96085.opus,flesh
./data/macroset/en/clips/flesh/common_voice_en_88626.opus,flesh
./data/macroset/en/clips/flesh/common_voice_en_18515158.opus,flesh
./data/macroset/en/clips/flesh/common_voice_en_550112.opus,flesh
./data/macroset/en/clips/flesh/common_voice_en_44453.opus,flesh
./data/macroset/en/clips/luckily/common_voice_en_19688877.opus,luckily
./data/macroset/en/clips/luckily/common_voice_en_17265485.opus,luckily
./data/macroset/en/clips/luckily/common_voice_en_18095033.opus,luckily
./data/macroset/en/clips/luckily/common_voice_en_17263392.opus,luckily
./data/macroset/en/clips/luckily/common_voice_en_553923.opus,luckily
./data/macroset/en/clips/critically/common_voice_en_20570883.opus,critically
./data/macroset/en/clips/critically/common_voice_en_21255215.opus,critically
./data/macroset/en/clips/critically/common_voice_en_19680464.opus,critically
./data/macroset/en/clips/critically/common_voice_en_19804906.opus,critically
./data/macroset/en/clips/critically/common_voice_en_19205740.opus,critically
./data/macroset/en/clips/travelled/common_voice_en_590123.opus,travelled
./data/macroset/en/clips/travelled/common_voice_en_84165.opus,travelled
./data/macroset/en/clips/travelled/common_voice_en_18412383.opus,travelled
./data/macroset/en/clips/travelled/common_voice_en_19122485.opus,travelled
./data/macroset/en/clips/travelled/common_voice_en_154880.opus,travelled
./data/macroset/en/clips/relevant/common_voice_en_21436969.opus,relevant
./data/macroset/en/clips/relevant/common_voice_en_20416285.opus,relevant
./data/macroset/en/clips/relevant/common_voice_en_18441702.opus,relevant
./data/macroset/en/clips/relevant/common_voice_en_18708797.opus,relevant
./data/macroset/en/clips/relevant/common_voice_en_18767122.opus,relevant
./data/macroset/en/clips/places/common_voice_en_20382334.opus,places
./data/macroset/en/clips/places/common_voice_en_666699.opus,places
./data/macroset/en/clips/places/common_voice_en_20697959.opus,places
./data/macroset/en/clips/places/common_voice_en_18348063.opus,places
./data/macroset/en/clips/places/common_voice_en_20189735.opus,places
./data/macroset/en/clips/accounts/common_voice_en_22311512.opus,accounts
./data/macroset/en/clips/accounts/common_voice_en_21101788.opus,accounts
./data/macroset/en/clips/accounts/common_voice_en_18754944.opus,accounts
./data/macroset/en/clips/accounts/common_voice_en_21852572.opus,accounts
./data/macroset/en/clips/accounts/common_voice_en_19637413.opus,accounts
./data/macroset/en/clips/sniff/common_voice_en_17285424.opus,sniff
./data/macroset/en/clips/sniff/common_voice_en_17263152.opus,sniff
./data/macroset/en/clips/sniff/common_voice_en_18078399.opus,sniff
./data/macroset/en/clips/sniff/common_voice_en_17361996.opus,sniff
./data/macroset/en/clips/sniff/common_voice_en_17387570.opus,sniff
./data/macroset/en/clips/southern/common_voice_en_19636962.opus,southern
./data/macroset/en/clips/southern/common_voice_en_19699971.opus,southern
./data/macroset/en/clips/southern/common_voice_en_20079799__2.opus,southern
./data/macroset/en/clips/southern/common_voice_en_20693003.opus,southern
./data/macroset/en/clips/southern/common_voice_en_21324752.opus,southern
./data/macroset/en/clips/shining/common_voice_en_617243.opus,shining
./data/macroset/en/clips/shining/common_voice_en_19665612.opus,shining
./data/macroset/en/clips/shining/common_voice_en_21371071.opus,shining
./data/macroset/en/clips/shining/common_voice_en_19783354.opus,shining
./data/macroset/en/clips/shining/common_voice_en_18504020.opus,shining
./data/macroset/en/clips/tentacles/common_voice_en_21380670.opus,tentacles
./data/macroset/en/clips/tentacles/common_voice_en_596639.opus,tentacles
./data/macroset/en/clips/tentacles/common_voice_en_604177.opus,tentacles
./data/macroset/en/clips/tentacles/common_voice_en_506875.opus,tentacles
./data/macroset/en/clips/tentacles/common_voice_en_697330.opus,tentacles
./data/macroset/en/clips/deadly/common_voice_en_18618790.opus,deadly
./data/macroset/en/clips/deadly/common_voice_en_18101178.opus,deadly
./data/macroset/en/clips/deadly/common_voice_en_17956128.opus,deadly
./data/macroset/en/clips/deadly/common_voice_en_17743864.opus,deadly
./data/macroset/en/clips/deadly/common_voice_en_20266228.opus,deadly
./data/macroset/en/clips/singapore/common_voice_en_21341748.opus,singapore
./data/macroset/en/clips/singapore/common_voice_en_21872515.opus,singapore
./data/macroset/en/clips/singapore/common_voice_en_19632053.opus,singapore
./data/macroset/en/clips/singapore/common_voice_en_19846967.opus,singapore
./data/macroset/en/clips/singapore/common_voice_en_18893470.opus,singapore
./data/macroset/en/clips/eleventh/common_voice_en_92309.opus,eleventh
./data/macroset/en/clips/eleventh/common_voice_en_17715345.opus,eleventh
./data/macroset/en/clips/eleventh/common_voice_en_18120529.opus,eleventh
./data/macroset/en/clips/eleventh/common_voice_en_20870854.opus,eleventh
./data/macroset/en/clips/eleventh/common_voice_en_18300717.opus,eleventh
./data/macroset/en/clips/risks/common_voice_en_17296408.opus,risks
./data/macroset/en/clips/risks/common_voice_en_20317199.opus,risks
./data/macroset/en/clips/risks/common_voice_en_17427520.opus,risks
./data/macroset/en/clips/risks/common_voice_en_20026498.opus,risks
./data/macroset/en/clips/risks/common_voice_en_22311181.opus,risks
./data/macroset/en/clips/refuses/common_voice_en_19843510.opus,refuses
./data/macroset/en/clips/refuses/common_voice_en_20731987.opus,refuses
./data/macroset/en/clips/refuses/common_voice_en_22184188.opus,refuses
./data/macroset/en/clips/refuses/common_voice_en_20305183.opus,refuses
./data/macroset/en/clips/refuses/common_voice_en_19895879.opus,refuses
./data/macroset/en/clips/conclusive/common_voice_en_18785836.opus,conclusive
./data/macroset/en/clips/conclusive/common_voice_en_687589.opus,conclusive
./data/macroset/en/clips/conclusive/common_voice_en_683632.opus,conclusive
./data/macroset/en/clips/conclusive/common_voice_en_119185.opus,conclusive
./data/macroset/en/clips/conclusive/common_voice_en_20984086.opus,conclusive
./data/macroset/en/clips/formed/common_voice_en_20496026.opus,formed
./data/macroset/en/clips/formed/common_voice_en_18951769.opus,formed
./data/macroset/en/clips/formed/common_voice_en_21715647.opus,formed
./data/macroset/en/clips/formed/common_voice_en_2719.opus,formed
./data/macroset/en/clips/formed/common_voice_en_19613300.opus,formed
./data/macroset/en/clips/sank/common_voice_en_18483164.opus,sank
./data/macroset/en/clips/sank/common_voice_en_420661.opus,sank
./data/macroset/en/clips/sank/common_voice_en_19839949.opus,sank
./data/macroset/en/clips/sank/common_voice_en_20857964.opus,sank
./data/macroset/en/clips/sank/common_voice_en_18458998.opus,sank
./data/macroset/en/clips/goddess/common_voice_en_19765317.opus,goddess
./data/macroset/en/clips/goddess/common_voice_en_18421628.opus,goddess
./data/macroset/en/clips/goddess/common_voice_en_21307034.opus,goddess
./data/macroset/en/clips/goddess/common_voice_en_20525000__2.opus,goddess
./data/macroset/en/clips/goddess/common_voice_en_22321021.opus,goddess
./data/macroset/en/clips/students/common_voice_en_691500.opus,students
./data/macroset/en/clips/students/common_voice_en_20614095.opus,students
./data/macroset/en/clips/students/common_voice_en_19476188.opus,students
./data/macroset/en/clips/students/common_voice_en_22124744.opus,students
./data/macroset/en/clips/students/common_voice_en_17253220.opus,students
./data/macroset/en/clips/cartoon/common_voice_en_21620050.opus,cartoon
./data/macroset/en/clips/cartoon/common_voice_en_21687707.opus,cartoon
./data/macroset/en/clips/cartoon/common_voice_en_19439286.opus,cartoon
./data/macroset/en/clips/cartoon/common_voice_en_19667859.opus,cartoon
./data/macroset/en/clips/cartoon/common_voice_en_18872484.opus,cartoon
./data/macroset/en/clips/allow/common_voice_en_20630357.opus,allow
./data/macroset/en/clips/allow/common_voice_en_17392472.opus,allow
./data/macroset/en/clips/allow/common_voice_en_18826818.opus,allow
./data/macroset/en/clips/allow/common_voice_en_19027119.opus,allow
./data/macroset/en/clips/allow/common_voice_en_20952552.opus,allow
./data/macroset/en/clips/northern/common_voice_en_20429392.opus,northern
./data/macroset/en/clips/northern/common_voice_en_20403350.opus,northern
./data/macroset/en/clips/northern/common_voice_en_20414365.opus,northern
./data/macroset/en/clips/northern/common_voice_en_20317052.opus,northern
./data/macroset/en/clips/northern/common_voice_en_21367757.opus,northern
./data/macroset/en/clips/telling/common_voice_en_18610667.opus,telling
./data/macroset/en/clips/telling/common_voice_en_55410.opus,telling
./data/macroset/en/clips/telling/common_voice_en_556848.opus,telling
./data/macroset/en/clips/telling/common_voice_en_18102363.opus,telling
./data/macroset/en/clips/telling/common_voice_en_18446645.opus,telling
./data/macroset/en/clips/torn/common_voice_en_17887521.opus,torn
./data/macroset/en/clips/torn/common_voice_en_80031.opus,torn
./data/macroset/en/clips/torn/common_voice_en_17979385.opus,torn
./data/macroset/en/clips/torn/common_voice_en_638705.opus,torn
./data/macroset/en/clips/torn/common_voice_en_13212894.opus,torn
./data/macroset/en/clips/teenage/common_voice_en_97572.opus,teenage
./data/macroset/en/clips/teenage/common_voice_en_18852419.opus,teenage
./data/macroset/en/clips/teenage/common_voice_en_22313239.opus,teenage
./data/macroset/en/clips/teenage/common_voice_en_493423.opus,teenage
./data/macroset/en/clips/teenage/common_voice_en_19810873.opus,teenage
./data/macroset/en/clips/truest/common_voice_en_3044128.opus,truest
./data/macroset/en/clips/truest/common_voice_en_17556069.opus,truest
./data/macroset/en/clips/truest/common_voice_en_192611.opus,truest
./data/macroset/en/clips/truest/common_voice_en_17292135.opus,truest
./data/macroset/en/clips/truest/common_voice_en_17669675.opus,truest
./data/macroset/en/clips/raymond/common_voice_en_20520379.opus,raymond
./data/macroset/en/clips/raymond/common_voice_en_18726907.opus,raymond
./data/macroset/en/clips/raymond/common_voice_en_19433602.opus,raymond
./data/macroset/en/clips/raymond/common_voice_en_19537971.opus,raymond
./data/macroset/en/clips/raymond/common_voice_en_20162341.opus,raymond
./data/macroset/en/clips/pullman/common_voice_en_19562429.opus,pullman
./data/macroset/en/clips/pullman/common_voice_en_19537006.opus,pullman
./data/macroset/en/clips/pullman/common_voice_en_597976.opus,pullman
./data/macroset/en/clips/pullman/common_voice_en_677775.opus,pullman
./data/macroset/en/clips/pullman/common_voice_en_82996.opus,pullman
./data/macroset/en/clips/substitute/common_voice_en_20008690.opus,substitute
./data/macroset/en/clips/substitute/common_voice_en_19557769.opus,substitute
./data/macroset/en/clips/substitute/common_voice_en_19451290.opus,substitute
./data/macroset/en/clips/substitute/common_voice_en_22164441.opus,substitute
./data/macroset/en/clips/substitute/common_voice_en_20058971.opus,substitute
./data/macroset/en/clips/utah/common_voice_en_19358859.opus,utah
./data/macroset/en/clips/utah/common_voice_en_20235343.opus,utah
./data/macroset/en/clips/utah/common_voice_en_20462639.opus,utah
./data/macroset/en/clips/utah/common_voice_en_20740539.opus,utah
./data/macroset/en/clips/utah/common_voice_en_19972819.opus,utah
./data/macroset/en/clips/plague/common_voice_en_18817965.opus,plague
./data/macroset/en/clips/plague/common_voice_en_19790229.opus,plague
./data/macroset/en/clips/plague/common_voice_en_546304.opus,plague
./data/macroset/en/clips/plague/common_voice_en_247140.opus,plague
./data/macroset/en/clips/plague/common_voice_en_17896846.opus,plague
./data/macroset/en/clips/hospitality/common_voice_en_26821.opus,hospitality
./data/macroset/en/clips/hospitality/common_voice_en_20261055.opus,hospitality
./data/macroset/en/clips/hospitality/common_voice_en_211441.opus,hospitality
./data/macroset/en/clips/hospitality/common_voice_en_687561.opus,hospitality
./data/macroset/en/clips/hospitality/common_voice_en_556615.opus,hospitality
./data/macroset/en/clips/investment/common_voice_en_21821173.opus,investment
./data/macroset/en/clips/investment/common_voice_en_20966143.opus,investment
./data/macroset/en/clips/investment/common_voice_en_20738483.opus,investment
./data/macroset/en/clips/investment/common_voice_en_18023388.opus,investment
./data/macroset/en/clips/investment/common_voice_en_21106591.opus,investment
./data/macroset/en/clips/tucked/common_voice_en_18078290.opus,tucked
./data/macroset/en/clips/tucked/common_voice_en_17291410.opus,tucked
./data/macroset/en/clips/tucked/common_voice_en_17360258.opus,tucked
./data/macroset/en/clips/tucked/common_voice_en_17477873.opus,tucked
./data/macroset/en/clips/tucked/common_voice_en_17264611.opus,tucked
./data/macroset/en/clips/sunk/common_voice_en_20273790.opus,sunk
./data/macroset/en/clips/sunk/common_voice_en_19350612.opus,sunk
./data/macroset/en/clips/sunk/common_voice_en_19520051.opus,sunk
./data/macroset/en/clips/sunk/common_voice_en_18557190.opus,sunk
./data/macroset/en/clips/sunk/common_voice_en_21229749.opus,sunk
./data/macroset/en/clips/person/common_voice_en_17976203.opus,person
./data/macroset/en/clips/person/common_voice_en_17279976.opus,person
./data/macroset/en/clips/person/common_voice_en_628500.opus,person
./data/macroset/en/clips/person/common_voice_en_492255.opus,person
./data/macroset/en/clips/person/common_voice_en_20132364.opus,person
./data/macroset/en/clips/altogether/common_voice_en_18566893.opus,altogether
./data/macroset/en/clips/altogether/common_voice_en_20670649.opus,altogether
./data/macroset/en/clips/altogether/common_voice_en_20882834.opus,altogether
./data/macroset/en/clips/altogether/common_voice_en_18541237.opus,altogether
./data/macroset/en/clips/altogether/common_voice_en_18608798.opus,altogether
./data/macroset/en/clips/shoreline/common_voice_en_22281536.opus,shoreline
./data/macroset/en/clips/shoreline/common_voice_en_21234909.opus,shoreline
./data/macroset/en/clips/shoreline/common_voice_en_19815884.opus,shoreline
./data/macroset/en/clips/shoreline/common_voice_en_18890321.opus,shoreline
./data/macroset/en/clips/shoreline/common_voice_en_21537339.opus,shoreline
./data/macroset/en/clips/sometime/common_voice_en_193855.opus,sometime
./data/macroset/en/clips/sometime/common_voice_en_522823.opus,sometime
./data/macroset/en/clips/sometime/common_voice_en_40622.opus,sometime
./data/macroset/en/clips/sometime/common_voice_en_98750.opus,sometime
./data/macroset/en/clips/sometime/common_voice_en_55157.opus,sometime
./data/macroset/en/clips/deceased/common_voice_en_20173850.opus,deceased
./data/macroset/en/clips/deceased/common_voice_en_22298508.opus,deceased
./data/macroset/en/clips/deceased/common_voice_en_19804564.opus,deceased
./data/macroset/en/clips/deceased/common_voice_en_19773084.opus,deceased
./data/macroset/en/clips/deceased/common_voice_en_22306654.opus,deceased
./data/macroset/en/clips/depends/common_voice_en_17282470__2.opus,depends
./data/macroset/en/clips/depends/common_voice_en_20698945.opus,depends
./data/macroset/en/clips/depends/common_voice_en_17432950.opus,depends
./data/macroset/en/clips/depends/common_voice_en_17249089.opus,depends
./data/macroset/en/clips/depends/common_voice_en_21371092.opus,depends
./data/macroset/en/clips/rush/common_voice_en_90042.opus,rush
./data/macroset/en/clips/rush/common_voice_en_20306063.opus,rush
./data/macroset/en/clips/rush/common_voice_en_19184461.opus,rush
./data/macroset/en/clips/rush/common_voice_en_50085.opus,rush
./data/macroset/en/clips/rush/common_voice_en_18752123.opus,rush
./data/macroset/en/clips/mighty/common_voice_en_20160343.opus,mighty
./data/macroset/en/clips/mighty/common_voice_en_18984650.opus,mighty
./data/macroset/en/clips/mighty/common_voice_en_573130.opus,mighty
./data/macroset/en/clips/mighty/common_voice_en_153545.opus,mighty
./data/macroset/en/clips/mighty/common_voice_en_539949.opus,mighty
./data/macroset/en/clips/ages/common_voice_en_20040312.opus,ages
./data/macroset/en/clips/ages/common_voice_en_20024579.opus,ages
./data/macroset/en/clips/ages/common_voice_en_19984753.opus,ages
./data/macroset/en/clips/ages/common_voice_en_20109879.opus,ages
./data/macroset/en/clips/ages/common_voice_en_21456257.opus,ages
./data/macroset/en/clips/yield/common_voice_en_20060797.opus,yield
./data/macroset/en/clips/yield/common_voice_en_611302.opus,yield
./data/macroset/en/clips/yield/common_voice_en_18532360.opus,yield
./data/macroset/en/clips/yield/common_voice_en_21902395.opus,yield
./data/macroset/en/clips/yield/common_voice_en_78240.opus,yield
./data/macroset/en/clips/historical/common_voice_en_20976641.opus,historical
./data/macroset/en/clips/historical/common_voice_en_22037695.opus,historical
./data/macroset/en/clips/historical/common_voice_en_22160349.opus,historical
./data/macroset/en/clips/historical/common_voice_en_19529215.opus,historical
./data/macroset/en/clips/historical/common_voice_en_19129873.opus,historical
./data/macroset/en/clips/war/common_voice_en_21703862.opus,war
./data/macroset/en/clips/war/common_voice_en_21271822.opus,war
./data/macroset/en/clips/war/common_voice_en_21927.opus,war
./data/macroset/en/clips/war/common_voice_en_21996580.opus,war
./data/macroset/en/clips/war/common_voice_en_506028.opus,war
./data/macroset/en/clips/wetlands/common_voice_en_22234597.opus,wetlands
./data/macroset/en/clips/wetlands/common_voice_en_19657116.opus,wetlands
./data/macroset/en/clips/wetlands/common_voice_en_21719825.opus,wetlands
./data/macroset/en/clips/wetlands/common_voice_en_19716093.opus,wetlands
./data/macroset/en/clips/wetlands/common_voice_en_22433132.opus,wetlands
./data/macroset/en/clips/door/common_voice_en_17263523.opus,door
./data/macroset/en/clips/door/common_voice_en_17703082.opus,door
./data/macroset/en/clips/door/common_voice_en_18412366.opus,door
./data/macroset/en/clips/door/common_voice_en_18314500.opus,door
./data/macroset/en/clips/door/common_voice_en_525085.opus,door
./data/macroset/en/clips/nursery/common_voice_en_18301207.opus,nursery
./data/macroset/en/clips/nursery/common_voice_en_20045008__2.opus,nursery
./data/macroset/en/clips/nursery/common_voice_en_19710239.opus,nursery
./data/macroset/en/clips/nursery/common_voice_en_21902051.opus,nursery
./data/macroset/en/clips/nursery/common_voice_en_20041261.opus,nursery
./data/macroset/en/clips/metaphor/common_voice_en_20415382.opus,metaphor
./data/macroset/en/clips/metaphor/common_voice_en_19607554.opus,metaphor
./data/macroset/en/clips/metaphor/common_voice_en_22000556.opus,metaphor
./data/macroset/en/clips/metaphor/common_voice_en_21434821.opus,metaphor
./data/macroset/en/clips/metaphor/common_voice_en_19740868.opus,metaphor
./data/macroset/en/clips/decade/common_voice_en_19311581.opus,decade
./data/macroset/en/clips/decade/common_voice_en_19314412.opus,decade
./data/macroset/en/clips/decade/common_voice_en_22051198.opus,decade
./data/macroset/en/clips/decade/common_voice_en_21102684.opus,decade
./data/macroset/en/clips/decade/common_voice_en_20754111.opus,decade
./data/macroset/en/clips/filed/common_voice_en_20945219.opus,filed
./data/macroset/en/clips/filed/common_voice_en_20140143.opus,filed
./data/macroset/en/clips/filed/common_voice_en_20117862.opus,filed
./data/macroset/en/clips/filed/common_voice_en_21282602.opus,filed
./data/macroset/en/clips/filed/common_voice_en_22127101.opus,filed
./data/macroset/en/clips/franz/common_voice_en_19321618.opus,franz
./data/macroset/en/clips/franz/common_voice_en_20956609.opus,franz
./data/macroset/en/clips/franz/common_voice_en_21684575.opus,franz
./data/macroset/en/clips/franz/common_voice_en_20805996.opus,franz
./data/macroset/en/clips/franz/common_voice_en_21504953.opus,franz
./data/macroset/en/clips/iraqi/common_voice_en_19181239.opus,iraqi
./data/macroset/en/clips/iraqi/common_voice_en_19490302.opus,iraqi
./data/macroset/en/clips/iraqi/common_voice_en_19681376.opus,iraqi
./data/macroset/en/clips/iraqi/common_voice_en_19968599.opus,iraqi
./data/macroset/en/clips/iraqi/common_voice_en_21365956.opus,iraqi
./data/macroset/en/clips/dog/common_voice_en_19640085__2.opus,dog
./data/macroset/en/clips/dog/common_voice_en_489116.opus,dog
./data/macroset/en/clips/dog/common_voice_en_672148__2.opus,dog
./data/macroset/en/clips/dog/common_voice_en_501113.opus,dog
./data/macroset/en/clips/dog/common_voice_en_633748.opus,dog
./data/macroset/en/clips/interior/common_voice_en_19597880.opus,interior
./data/macroset/en/clips/interior/common_voice_en_22448724.opus,interior
./data/macroset/en/clips/interior/common_voice_en_22332052.opus,interior
./data/macroset/en/clips/interior/common_voice_en_20039775.opus,interior
./data/macroset/en/clips/interior/common_voice_en_20875229.opus,interior
./data/macroset/en/clips/ascertain/common_voice_en_522312.opus,ascertain
./data/macroset/en/clips/ascertain/common_voice_en_19312187.opus,ascertain
./data/macroset/en/clips/ascertain/common_voice_en_56639.opus,ascertain
./data/macroset/en/clips/ascertain/common_voice_en_644132.opus,ascertain
./data/macroset/en/clips/ascertain/common_voice_en_15904132.opus,ascertain
./data/macroset/en/clips/het/common_voice_en_558543.opus,het
./data/macroset/en/clips/het/common_voice_en_629115.opus,het
./data/macroset/en/clips/het/common_voice_en_21586.opus,het
./data/macroset/en/clips/het/common_voice_en_586139.opus,het
./data/macroset/en/clips/het/common_voice_en_697902.opus,het
./data/macroset/en/clips/qualify/common_voice_en_21505421.opus,qualify
./data/macroset/en/clips/qualify/common_voice_en_21595840.opus,qualify
./data/macroset/en/clips/qualify/common_voice_en_19631231.opus,qualify
./data/macroset/en/clips/qualify/common_voice_en_19472059.opus,qualify
./data/macroset/en/clips/qualify/common_voice_en_20748323.opus,qualify
./data/macroset/en/clips/request/common_voice_en_18940518.opus,request
./data/macroset/en/clips/request/common_voice_en_19466907.opus,request
./data/macroset/en/clips/request/common_voice_en_16419659.opus,request
./data/macroset/en/clips/request/common_voice_en_17910717.opus,request
./data/macroset/en/clips/request/common_voice_en_19669834.opus,request
./data/macroset/en/clips/face/common_voice_en_18981205.opus,face
./data/macroset/en/clips/face/common_voice_en_18338533.opus,face
./data/macroset/en/clips/face/common_voice_en_22371888.opus,face
./data/macroset/en/clips/face/common_voice_en_620075.opus,face
./data/macroset/en/clips/face/common_voice_en_662052.opus,face
./data/macroset/en/clips/management/common_voice_en_19700622__2.opus,management
./data/macroset/en/clips/management/common_voice_en_22123999.opus,management
./data/macroset/en/clips/management/common_voice_en_21088190.opus,management
./data/macroset/en/clips/management/common_voice_en_22149966.opus,management
./data/macroset/en/clips/management/common_voice_en_22347917.opus,management
./data/macroset/en/clips/multivariate/common_voice_en_17841693.opus,multivariate
./data/macroset/en/clips/multivariate/common_voice_en_21342849.opus,multivariate
./data/macroset/en/clips/multivariate/common_voice_en_573431.opus,multivariate
./data/macroset/en/clips/multivariate/common_voice_en_17261629.opus,multivariate
./data/macroset/en/clips/multivariate/common_voice_en_17292354.opus,multivariate
./data/macroset/en/clips/knives/common_voice_en_20117875.opus,knives
./data/macroset/en/clips/knives/common_voice_en_19557124.opus,knives
./data/macroset/en/clips/knives/common_voice_en_20081155.opus,knives
./data/macroset/en/clips/knives/common_voice_en_21181293.opus,knives
./data/macroset/en/clips/knives/common_voice_en_19976847.opus,knives
./data/macroset/en/clips/fit/common_voice_en_18080822.opus,fit
./data/macroset/en/clips/fit/common_voice_en_18277315.opus,fit
./data/macroset/en/clips/fit/common_voice_en_18446476.opus,fit
./data/macroset/en/clips/fit/common_voice_en_21343286.opus,fit
./data/macroset/en/clips/fit/common_voice_en_585379.opus,fit
./data/macroset/en/clips/underwear/common_voice_en_486252.opus,underwear
./data/macroset/en/clips/underwear/common_voice_en_178483.opus,underwear
./data/macroset/en/clips/underwear/common_voice_en_36578.opus,underwear
./data/macroset/en/clips/underwear/common_voice_en_557988.opus,underwear
./data/macroset/en/clips/underwear/common_voice_en_485154.opus,underwear
./data/macroset/en/clips/travel/common_voice_en_159175.opus,travel
./data/macroset/en/clips/travel/common_voice_en_20261702.opus,travel
./data/macroset/en/clips/travel/common_voice_en_574128.opus,travel
./data/macroset/en/clips/travel/common_voice_en_615502.opus,travel
./data/macroset/en/clips/travel/common_voice_en_20348524.opus,travel
./data/macroset/en/clips/crouch/common_voice_en_18114249.opus,crouch
./data/macroset/en/clips/crouch/common_voice_en_5170517.opus,crouch
./data/macroset/en/clips/crouch/common_voice_en_18152750.opus,crouch
./data/macroset/en/clips/crouch/common_voice_en_692718.opus,crouch
./data/macroset/en/clips/crouch/common_voice_en_19037333.opus,crouch
./data/macroset/en/clips/nearest/common_voice_en_564180.opus,nearest
./data/macroset/en/clips/nearest/common_voice_en_182992.opus,nearest
./data/macroset/en/clips/nearest/common_voice_en_551442.opus,nearest
./data/macroset/en/clips/nearest/common_voice_en_18697989.opus,nearest
./data/macroset/en/clips/nearest/common_voice_en_18326985.opus,nearest
./data/macroset/en/clips/fleece/common_voice_en_19217475.opus,fleece
./data/macroset/en/clips/fleece/common_voice_en_20167831.opus,fleece
./data/macroset/en/clips/fleece/common_voice_en_19847228.opus,fleece
./data/macroset/en/clips/fleece/common_voice_en_17808672.opus,fleece
./data/macroset/en/clips/fleece/common_voice_en_421663.opus,fleece
./data/macroset/en/clips/contributed/common_voice_en_20698567.opus,contributed
./data/macroset/en/clips/contributed/common_voice_en_19544142.opus,contributed
./data/macroset/en/clips/contributed/common_voice_en_695062.opus,contributed
./data/macroset/en/clips/contributed/common_voice_en_20177335.opus,contributed
./data/macroset/en/clips/contributed/common_voice_en_20327983.opus,contributed
./data/macroset/en/clips/evergreen/common_voice_en_20513346.opus,evergreen
./data/macroset/en/clips/evergreen/common_voice_en_20050333.opus,evergreen
./data/macroset/en/clips/evergreen/common_voice_en_21693060.opus,evergreen
./data/macroset/en/clips/evergreen/common_voice_en_21753331.opus,evergreen
./data/macroset/en/clips/evergreen/common_voice_en_19546053.opus,evergreen
./data/macroset/en/clips/missile/common_voice_en_19330304.opus,missile
./data/macroset/en/clips/missile/common_voice_en_20433377.opus,missile
./data/macroset/en/clips/missile/common_voice_en_18850715.opus,missile
./data/macroset/en/clips/missile/common_voice_en_22448800.opus,missile
./data/macroset/en/clips/missile/common_voice_en_22021448.opus,missile
./data/macroset/en/clips/matrix/common_voice_en_20050038.opus,matrix
./data/macroset/en/clips/matrix/common_voice_en_20879476__2.opus,matrix
./data/macroset/en/clips/matrix/common_voice_en_19497093.opus,matrix
./data/macroset/en/clips/matrix/common_voice_en_19533585.opus,matrix
./data/macroset/en/clips/matrix/common_voice_en_22288293.opus,matrix
./data/macroset/en/clips/seoul/common_voice_en_17262135.opus,seoul
./data/macroset/en/clips/seoul/common_voice_en_17276296.opus,seoul
./data/macroset/en/clips/seoul/common_voice_en_17392651.opus,seoul
./data/macroset/en/clips/seoul/common_voice_en_18725805.opus,seoul
./data/macroset/en/clips/seoul/common_voice_en_17270804.opus,seoul
./data/macroset/en/clips/housed/common_voice_en_19526586.opus,housed
./data/macroset/en/clips/housed/common_voice_en_19529170.opus,housed
./data/macroset/en/clips/housed/common_voice_en_19316941.opus,housed
./data/macroset/en/clips/housed/common_voice_en_19982498.opus,housed
./data/macroset/en/clips/housed/common_voice_en_21670387.opus,housed
./data/macroset/en/clips/venture/common_voice_en_18124583.opus,venture
./data/macroset/en/clips/venture/common_voice_en_22213448.opus,venture
./data/macroset/en/clips/venture/common_voice_en_20143658.opus,venture
./data/macroset/en/clips/venture/common_voice_en_19734825.opus,venture
./data/macroset/en/clips/venture/common_voice_en_20849106.opus,venture
./data/macroset/en/clips/christian/common_voice_en_21794979.opus,christian
./data/macroset/en/clips/christian/common_voice_en_19676187.opus,christian
./data/macroset/en/clips/christian/common_voice_en_20052287.opus,christian
./data/macroset/en/clips/christian/common_voice_en_19467160.opus,christian
./data/macroset/en/clips/christian/common_voice_en_20261320.opus,christian
./data/macroset/en/clips/rotting/common_voice_en_17817378.opus,rotting
./data/macroset/en/clips/rotting/common_voice_en_21529127.opus,rotting
./data/macroset/en/clips/rotting/common_voice_en_415857.opus,rotting
./data/macroset/en/clips/rotting/common_voice_en_18074545.opus,rotting
./data/macroset/en/clips/rotting/common_voice_en_17903516.opus,rotting
./data/macroset/en/clips/lined/common_voice_en_51429.opus,lined
./data/macroset/en/clips/lined/common_voice_en_20186996.opus,lined
./data/macroset/en/clips/lined/common_voice_en_697243.opus,lined
./data/macroset/en/clips/lined/common_voice_en_18779654.opus,lined
./data/macroset/en/clips/lined/common_voice_en_18163128.opus,lined
./data/macroset/en/clips/meters/common_voice_en_513916.opus,meters
./data/macroset/en/clips/meters/common_voice_en_17279062.opus,meters
./data/macroset/en/clips/meters/common_voice_en_20731278.opus,meters
./data/macroset/en/clips/meters/common_voice_en_477141.opus,meters
./data/macroset/en/clips/meters/common_voice_en_605937.opus,meters
./data/macroset/en/clips/renovation/common_voice_en_20391838.opus,renovation
./data/macroset/en/clips/renovation/common_voice_en_21872130.opus,renovation
./data/macroset/en/clips/renovation/common_voice_en_18739364.opus,renovation
./data/macroset/en/clips/renovation/common_voice_en_20391695.opus,renovation
./data/macroset/en/clips/renovation/common_voice_en_19592438.opus,renovation
./data/macroset/en/clips/scattering/common_voice_en_18106131.opus,scattering
./data/macroset/en/clips/scattering/common_voice_en_19533865.opus,scattering
./data/macroset/en/clips/scattering/common_voice_en_17841261.opus,scattering
./data/macroset/en/clips/scattering/common_voice_en_17785745.opus,scattering
./data/macroset/en/clips/scattering/common_voice_en_17939524.opus,scattering
./data/macroset/en/clips/compilation/common_voice_en_19815888.opus,compilation
./data/macroset/en/clips/compilation/common_voice_en_21137071.opus,compilation
./data/macroset/en/clips/compilation/common_voice_en_19949828.opus,compilation
./data/macroset/en/clips/compilation/common_voice_en_21650266.opus,compilation
./data/macroset/en/clips/compilation/common_voice_en_19855477.opus,compilation
./data/macroset/en/clips/spent/common_voice_en_20066022.opus,spent
./data/macroset/en/clips/spent/common_voice_en_88172.opus,spent
./data/macroset/en/clips/spent/common_voice_en_21356298.opus,spent
./data/macroset/en/clips/spent/common_voice_en_18989888.opus,spent
./data/macroset/en/clips/spent/common_voice_en_20933533.opus,spent
./data/macroset/en/clips/supper/common_voice_en_17793674.opus,supper
./data/macroset/en/clips/supper/common_voice_en_17939406.opus,supper
./data/macroset/en/clips/supper/common_voice_en_88460.opus,supper
./data/macroset/en/clips/supper/common_voice_en_18453347.opus,supper
./data/macroset/en/clips/supper/common_voice_en_17910362.opus,supper
