link,word
./data/macroset/en/clips/mistake/common_voice_en_653613.opus,mistake
./data/macroset/en/clips/mistake/common_voice_en_619851.opus,mistake
./data/macroset/en/clips/mistake/common_voice_en_218003.opus,mistake
./data/macroset/en/clips/mistake/common_voice_en_19846923.opus,mistake
./data/macroset/en/clips/mistake/common_voice_en_35018.opus,mistake
./data/macroset/en/clips/nervous/common_voice_en_17288014.opus,nervous
./data/macroset/en/clips/nervous/common_voice_en_33026.opus,nervous
./data/macroset/en/clips/nervous/common_voice_en_612052.opus,nervous
./data/macroset/en/clips/nervous/common_voice_en_18558350.opus,nervous
./data/macroset/en/clips/nervous/common_voice_en_17562028.opus,nervous
./data/macroset/en/clips/regret/common_voice_en_21674055.opus,regret
./data/macroset/en/clips/regret/common_voice_en_18982799.opus,regret
./data/macroset/en/clips/regret/common_voice_en_581427.opus,regret
./data/macroset/en/clips/regret/common_voice_en_18451430.opus,regret
./data/macroset/en/clips/regret/common_voice_en_18900027.opus,regret
./data/macroset/en/clips/politics/common_voice_en_686704.opus,politics
./data/macroset/en/clips/politics/common_voice_en_21670385.opus,politics
./data/macroset/en/clips/politics/common_voice_en_20705058.opus,politics
./data/macroset/en/clips/politics/common_voice_en_213338.opus,politics
./data/macroset/en/clips/politics/common_voice_en_32268.opus,politics
./data/macroset/en/clips/driven/common_voice_en_20839119.opus,driven
./data/macroset/en/clips/driven/common_voice_en_20184533.opus,driven
./data/macroset/en/clips/driven/common_voice_en_19709238.opus,driven
./data/macroset/en/clips/driven/common_voice_en_19472011.opus,driven
./data/macroset/en/clips/driven/common_voice_en_19125792.opus,driven
./data/macroset/en/clips/mayor/common_voice_en_19649475.opus,mayor
./data/macroset/en/clips/mayor/common_voice_en_20921875__2.opus,mayor
./data/macroset/en/clips/mayor/common_voice_en_600741.opus,mayor
./data/macroset/en/clips/mayor/common_voice_en_21375103.opus,mayor
./data/macroset/en/clips/mayor/common_voice_en_21447191.opus,mayor
./data/macroset/en/clips/timber/common_voice_en_19417007.opus,timber
./data/macroset/en/clips/timber/common_voice_en_18679509.opus,timber
./data/macroset/en/clips/timber/common_voice_en_22303205.opus,timber
./data/macroset/en/clips/timber/common_voice_en_19296852.opus,timber
./data/macroset/en/clips/timber/common_voice_en_20593389.opus,timber
./data/macroset/en/clips/neil/common_voice_en_22230220.opus,neil
./data/macroset/en/clips/neil/common_voice_en_19655248.opus,neil
./data/macroset/en/clips/neil/common_voice_en_22268497.opus,neil
./data/macroset/en/clips/neil/common_voice_en_19511673.opus,neil
./data/macroset/en/clips/neil/common_voice_en_19419427.opus,neil
./data/macroset/en/clips/rig/common_voice_en_246953.opus,rig
./data/macroset/en/clips/rig/common_voice_en_18986892.opus,rig
./data/macroset/en/clips/rig/common_voice_en_19497231.opus,rig
./data/macroset/en/clips/rig/common_voice_en_21101114.opus,rig
./data/macroset/en/clips/rig/common_voice_en_597578.opus,rig
./data/macroset/en/clips/signs/common_voice_en_20110221.opus,signs
./data/macroset/en/clips/signs/common_voice_en_18799814.opus,signs
./data/macroset/en/clips/signs/common_voice_en_62458.opus,signs
./data/macroset/en/clips/signs/common_voice_en_657298.opus,signs
./data/macroset/en/clips/signs/common_voice_en_501410.opus,signs
./data/macroset/en/clips/frisbee/common_voice_en_66552.opus,frisbee
./data/macroset/en/clips/frisbee/common_voice_en_217693.opus,frisbee
./data/macroset/en/clips/frisbee/common_voice_en_609426.opus,frisbee
./data/macroset/en/clips/frisbee/common_voice_en_652983.opus,frisbee
./data/macroset/en/clips/frisbee/common_voice_en_535361.opus,frisbee
./data/macroset/en/clips/ireland/common_voice_en_18942434.opus,ireland
./data/macroset/en/clips/ireland/common_voice_en_19475381.opus,ireland
./data/macroset/en/clips/ireland/common_voice_en_21679737.opus,ireland
./data/macroset/en/clips/ireland/common_voice_en_19010812.opus,ireland
./data/macroset/en/clips/ireland/common_voice_en_19795619.opus,ireland
./data/macroset/en/clips/yellowish/common_voice_en_20975041.opus,yellowish
./data/macroset/en/clips/yellowish/common_voice_en_20169872.opus,yellowish
./data/macroset/en/clips/yellowish/common_voice_en_22362448.opus,yellowish
./data/macroset/en/clips/yellowish/common_voice_en_20982129.opus,yellowish
./data/macroset/en/clips/yellowish/common_voice_en_20447969.opus,yellowish
./data/macroset/en/clips/walkway/common_voice_en_90698.opus,walkway
./data/macroset/en/clips/walkway/common_voice_en_19419288.opus,walkway
./data/macroset/en/clips/walkway/common_voice_en_20850147.opus,walkway
./data/macroset/en/clips/walkway/common_voice_en_21949375.opus,walkway
./data/macroset/en/clips/walkway/common_voice_en_20230189.opus,walkway
./data/macroset/en/clips/plan/common_voice_en_21637483.opus,plan
./data/macroset/en/clips/plan/common_voice_en_18797005.opus,plan
./data/macroset/en/clips/plan/common_voice_en_17979614.opus,plan
./data/macroset/en/clips/plan/common_voice_en_497390.opus,plan
./data/macroset/en/clips/plan/common_voice_en_19042875.opus,plan
./data/macroset/en/clips/massachusetts/common_voice_en_20379732.opus,massachusetts
./data/macroset/en/clips/massachusetts/common_voice_en_19688148.opus,massachusetts
./data/macroset/en/clips/massachusetts/common_voice_en_19887742.opus,massachusetts
./data/macroset/en/clips/massachusetts/common_voice_en_19768829.opus,massachusetts
./data/macroset/en/clips/massachusetts/common_voice_en_19641316.opus,massachusetts
./data/macroset/en/clips/commanded/common_voice_en_20114602.opus,commanded
./data/macroset/en/clips/commanded/common_voice_en_20546569.opus,commanded
./data/macroset/en/clips/commanded/common_voice_en_18931084.opus,commanded
./data/macroset/en/clips/commanded/common_voice_en_18757838.opus,commanded
./data/macroset/en/clips/commanded/common_voice_en_19943720.opus,commanded
./data/macroset/en/clips/mandatory/common_voice_en_18800382.opus,mandatory
./data/macroset/en/clips/mandatory/common_voice_en_19293748.opus,mandatory
./data/macroset/en/clips/mandatory/common_voice_en_19056535.opus,mandatory
./data/macroset/en/clips/mandatory/common_voice_en_21904031.opus,mandatory
./data/macroset/en/clips/mandatory/common_voice_en_17284304.opus,mandatory
./data/macroset/en/clips/pocketed/common_voice_en_17944590.opus,pocketed
./data/macroset/en/clips/pocketed/common_voice_en_17389401.opus,pocketed
./data/macroset/en/clips/pocketed/common_voice_en_17991431.opus,pocketed
./data/macroset/en/clips/pocketed/common_voice_en_17556352.opus,pocketed
./data/macroset/en/clips/pocketed/common_voice_en_17354585.opus,pocketed
./data/macroset/en/clips/chains/common_voice_en_20565159.opus,chains
./data/macroset/en/clips/chains/common_voice_en_20391229.opus,chains
./data/macroset/en/clips/chains/common_voice_en_19583246.opus,chains
./data/macroset/en/clips/chains/common_voice_en_22448486.opus,chains
./data/macroset/en/clips/chains/common_voice_en_20312367.opus,chains
./data/macroset/en/clips/specialty/common_voice_en_18995155.opus,specialty
./data/macroset/en/clips/specialty/common_voice_en_19199334.opus,specialty
./data/macroset/en/clips/specialty/common_voice_en_22291679.opus,specialty
./data/macroset/en/clips/specialty/common_voice_en_19838361.opus,specialty
./data/macroset/en/clips/specialty/common_voice_en_19841207.opus,specialty
./data/macroset/en/clips/seizing/common_voice_en_78020.opus,seizing
./data/macroset/en/clips/seizing/common_voice_en_516161.opus,seizing
./data/macroset/en/clips/seizing/common_voice_en_85606.opus,seizing
./data/macroset/en/clips/seizing/common_voice_en_560071.opus,seizing
./data/macroset/en/clips/seizing/common_voice_en_91175.opus,seizing
./data/macroset/en/clips/occupying/common_voice_en_634787.opus,occupying
./data/macroset/en/clips/occupying/common_voice_en_549812.opus,occupying
./data/macroset/en/clips/occupying/common_voice_en_19001348.opus,occupying
./data/macroset/en/clips/occupying/common_voice_en_164255.opus,occupying
./data/macroset/en/clips/occupying/common_voice_en_24998.opus,occupying
./data/macroset/en/clips/whenever/common_voice_en_18618584.opus,whenever
./data/macroset/en/clips/whenever/common_voice_en_695950.opus,whenever
./data/macroset/en/clips/whenever/common_voice_en_635312.opus,whenever
./data/macroset/en/clips/whenever/common_voice_en_46721.opus,whenever
./data/macroset/en/clips/whenever/common_voice_en_504248.opus,whenever
./data/macroset/en/clips/firm/common_voice_en_20922502.opus,firm
./data/macroset/en/clips/firm/common_voice_en_317024.opus,firm
./data/macroset/en/clips/firm/common_voice_en_20571908.opus,firm
./data/macroset/en/clips/firm/common_voice_en_19773618.opus,firm
./data/macroset/en/clips/firm/common_voice_en_17412579.opus,firm
./data/macroset/en/clips/del/common_voice_en_19318387.opus,del
./data/macroset/en/clips/del/common_voice_en_185263.opus,del
./data/macroset/en/clips/del/common_voice_en_20173628.opus,del
./data/macroset/en/clips/del/common_voice_en_20117469.opus,del
./data/macroset/en/clips/del/common_voice_en_21845765.opus,del
./data/macroset/en/clips/bobby/common_voice_en_53947.opus,bobby
./data/macroset/en/clips/bobby/common_voice_en_22248112.opus,bobby
./data/macroset/en/clips/bobby/common_voice_en_21906151.opus,bobby
./data/macroset/en/clips/bobby/common_voice_en_20048024.opus,bobby
./data/macroset/en/clips/bobby/common_voice_en_22040051.opus,bobby
./data/macroset/en/clips/crawling/common_voice_en_522582.opus,crawling
./data/macroset/en/clips/crawling/common_voice_en_18414195.opus,crawling
./data/macroset/en/clips/crawling/common_voice_en_119831.opus,crawling
./data/macroset/en/clips/crawling/common_voice_en_122377.opus,crawling
./data/macroset/en/clips/crawling/common_voice_en_18488502.opus,crawling
./data/macroset/en/clips/queuing/common_voice_en_19099887.opus,queuing
./data/macroset/en/clips/queuing/common_voice_en_57657.opus,queuing
./data/macroset/en/clips/queuing/common_voice_en_522497.opus,queuing
./data/macroset/en/clips/queuing/common_voice_en_21756.opus,queuing
./data/macroset/en/clips/queuing/common_voice_en_554256.opus,queuing
./data/macroset/en/clips/dozens/common_voice_en_19377016.opus,dozens
./data/macroset/en/clips/dozens/common_voice_en_20312808.opus,dozens
./data/macroset/en/clips/dozens/common_voice_en_20863950.opus,dozens
./data/macroset/en/clips/dozens/common_voice_en_19463368.opus,dozens
./data/macroset/en/clips/dozens/common_voice_en_18403893.opus,dozens
./data/macroset/en/clips/famed/common_voice_en_19664846.opus,famed
./data/macroset/en/clips/famed/common_voice_en_21490081.opus,famed
./data/macroset/en/clips/famed/common_voice_en_22361641.opus,famed
./data/macroset/en/clips/famed/common_voice_en_20183572.opus,famed
./data/macroset/en/clips/famed/common_voice_en_20675223.opus,famed
./data/macroset/en/clips/skates/common_voice_en_525486.opus,skates
./data/macroset/en/clips/skates/common_voice_en_17369880__2.opus,skates
./data/macroset/en/clips/skates/common_voice_en_621636.opus,skates
./data/macroset/en/clips/skates/common_voice_en_18057037__2.opus,skates
./data/macroset/en/clips/skates/common_voice_en_15904659.opus,skates
./data/macroset/en/clips/final/common_voice_en_20132463.opus,final
./data/macroset/en/clips/final/common_voice_en_19444935.opus,final
./data/macroset/en/clips/final/common_voice_en_20410395.opus,final
./data/macroset/en/clips/final/common_voice_en_20452967.opus,final
./data/macroset/en/clips/final/common_voice_en_20035393.opus,final
./data/macroset/en/clips/angle/common_voice_en_19323383.opus,angle
./data/macroset/en/clips/angle/common_voice_en_19003505.opus,angle
./data/macroset/en/clips/angle/common_voice_en_19827755.opus,angle
./data/macroset/en/clips/angle/common_voice_en_18926106.opus,angle
./data/macroset/en/clips/angle/common_voice_en_19657490.opus,angle
./data/macroset/en/clips/liam/common_voice_en_17764186.opus,liam
./data/macroset/en/clips/liam/common_voice_en_1948749.opus,liam
./data/macroset/en/clips/liam/common_voice_en_18135421.opus,liam
./data/macroset/en/clips/liam/common_voice_en_17887500.opus,liam
./data/macroset/en/clips/liam/common_voice_en_8750387.opus,liam
./data/macroset/en/clips/mann/common_voice_en_21516113.opus,mann
./data/macroset/en/clips/mann/common_voice_en_21774165.opus,mann
./data/macroset/en/clips/mann/common_voice_en_548874.opus,mann
./data/macroset/en/clips/mann/common_voice_en_20466363.opus,mann
./data/macroset/en/clips/mann/common_voice_en_19960204.opus,mann
./data/macroset/en/clips/diversity/common_voice_en_19438550.opus,diversity
./data/macroset/en/clips/diversity/common_voice_en_19826579.opus,diversity
./data/macroset/en/clips/diversity/common_voice_en_21103306.opus,diversity
./data/macroset/en/clips/diversity/common_voice_en_20302222.opus,diversity
./data/macroset/en/clips/diversity/common_voice_en_19168540.opus,diversity
./data/macroset/en/clips/gravitational/common_voice_en_185476.opus,gravitational
./data/macroset/en/clips/gravitational/common_voice_en_18144929.opus,gravitational
./data/macroset/en/clips/gravitational/common_voice_en_21829718.opus,gravitational
./data/macroset/en/clips/gravitational/common_voice_en_682243.opus,gravitational
./data/macroset/en/clips/gravitational/common_voice_en_469488.opus,gravitational
./data/macroset/en/clips/texts/common_voice_en_19878582.opus,texts
./data/macroset/en/clips/texts/common_voice_en_19300321.opus,texts
./data/macroset/en/clips/texts/common_voice_en_21388886.opus,texts
./data/macroset/en/clips/texts/common_voice_en_21073585.opus,texts
./data/macroset/en/clips/texts/common_voice_en_20025857.opus,texts
./data/macroset/en/clips/reverend/common_voice_en_19786883.opus,reverend
./data/macroset/en/clips/reverend/common_voice_en_19769619.opus,reverend
./data/macroset/en/clips/reverend/common_voice_en_19637674.opus,reverend
./data/macroset/en/clips/reverend/common_voice_en_19411409.opus,reverend
./data/macroset/en/clips/reverend/common_voice_en_20827614.opus,reverend
./data/macroset/en/clips/darth/common_voice_en_171292.opus,darth
./data/macroset/en/clips/darth/common_voice_en_85256.opus,darth
./data/macroset/en/clips/darth/common_voice_en_486198.opus,darth
./data/macroset/en/clips/darth/common_voice_en_22259806.opus,darth
./data/macroset/en/clips/darth/common_voice_en_15735289.opus,darth
./data/macroset/en/clips/alberta/common_voice_en_20222572.opus,alberta
./data/macroset/en/clips/alberta/common_voice_en_20427287.opus,alberta
./data/macroset/en/clips/alberta/common_voice_en_19980536.opus,alberta
./data/macroset/en/clips/alberta/common_voice_en_19281474.opus,alberta
./data/macroset/en/clips/alberta/common_voice_en_19747506.opus,alberta
./data/macroset/en/clips/phone/common_voice_en_672149.opus,phone
./data/macroset/en/clips/phone/common_voice_en_18853398.opus,phone
./data/macroset/en/clips/phone/common_voice_en_219257.opus,phone
./data/macroset/en/clips/phone/common_voice_en_96245.opus,phone
./data/macroset/en/clips/phone/common_voice_en_238010.opus,phone
./data/macroset/en/clips/bladder/common_voice_en_20149577.opus,bladder
./data/macroset/en/clips/bladder/common_voice_en_17268540.opus,bladder
./data/macroset/en/clips/bladder/common_voice_en_590992.opus,bladder
./data/macroset/en/clips/bladder/common_voice_en_22361054.opus,bladder
./data/macroset/en/clips/bladder/common_voice_en_17296654.opus,bladder
./data/macroset/en/clips/seized/common_voice_en_610627.opus,seized
./data/macroset/en/clips/seized/common_voice_en_484243.opus,seized
./data/macroset/en/clips/seized/common_voice_en_670281.opus,seized
./data/macroset/en/clips/seized/common_voice_en_18146295.opus,seized
./data/macroset/en/clips/seized/common_voice_en_19688310.opus,seized
./data/macroset/en/clips/std/common_voice_en_18010013.opus,std
./data/macroset/en/clips/std/common_voice_en_17754628.opus,std
./data/macroset/en/clips/std/common_voice_en_17959046.opus,std
./data/macroset/en/clips/std/common_voice_en_17406415.opus,std
./data/macroset/en/clips/std/common_voice_en_17287773.opus,std
./data/macroset/en/clips/largest/common_voice_en_21376048.opus,largest
./data/macroset/en/clips/largest/common_voice_en_21338056.opus,largest
./data/macroset/en/clips/largest/common_voice_en_20517042.opus,largest
./data/macroset/en/clips/largest/common_voice_en_20761759.opus,largest
./data/macroset/en/clips/largest/common_voice_en_19763990.opus,largest
./data/macroset/en/clips/drifts/common_voice_en_18144732.opus,drifts
./data/macroset/en/clips/drifts/common_voice_en_13547224.opus,drifts
./data/macroset/en/clips/drifts/common_voice_en_17852126.opus,drifts
./data/macroset/en/clips/drifts/common_voice_en_17685140.opus,drifts
./data/macroset/en/clips/drifts/common_voice_en_17258532.opus,drifts
./data/macroset/en/clips/workflow/common_voice_en_21387750.opus,workflow
./data/macroset/en/clips/workflow/common_voice_en_17877133.opus,workflow
./data/macroset/en/clips/workflow/common_voice_en_455253.opus,workflow
./data/macroset/en/clips/workflow/common_voice_en_17658833.opus,workflow
./data/macroset/en/clips/workflow/common_voice_en_5267024.opus,workflow
./data/macroset/en/clips/gymnasium/common_voice_en_19411577.opus,gymnasium
./data/macroset/en/clips/gymnasium/common_voice_en_20451368.opus,gymnasium
./data/macroset/en/clips/gymnasium/common_voice_en_20556391.opus,gymnasium
./data/macroset/en/clips/gymnasium/common_voice_en_20896044.opus,gymnasium
./data/macroset/en/clips/gymnasium/common_voice_en_20309021.opus,gymnasium
./data/macroset/en/clips/which/common_voice_en_20049583.opus,which
./data/macroset/en/clips/which/common_voice_en_19496379.opus,which
./data/macroset/en/clips/which/common_voice_en_20597007.opus,which
./data/macroset/en/clips/which/common_voice_en_17268662.opus,which
./data/macroset/en/clips/which/common_voice_en_147076.opus,which
./data/macroset/en/clips/woke/common_voice_en_17634632.opus,woke
./data/macroset/en/clips/woke/common_voice_en_636676.opus,woke
./data/macroset/en/clips/woke/common_voice_en_477328.opus,woke
./data/macroset/en/clips/woke/common_voice_en_15734309.opus,woke
./data/macroset/en/clips/woke/common_voice_en_608398.opus,woke
./data/macroset/en/clips/farce/common_voice_en_624308.opus,farce
./data/macroset/en/clips/farce/common_voice_en_1344570.opus,farce
./data/macroset/en/clips/farce/common_voice_en_125550.opus,farce
./data/macroset/en/clips/farce/common_voice_en_99334.opus,farce
./data/macroset/en/clips/farce/common_voice_en_190898.opus,farce
./data/macroset/en/clips/but/common_voice_en_18691650.opus,but
./data/macroset/en/clips/but/common_voice_en_17910615.opus,but
./data/macroset/en/clips/but/common_voice_en_17273092.opus,but
./data/macroset/en/clips/but/common_voice_en_10586929.opus,but
./data/macroset/en/clips/but/common_voice_en_521669.opus,but
./data/macroset/en/clips/battlefield/common_voice_en_86105.opus,battlefield
./data/macroset/en/clips/battlefield/common_voice_en_20959055.opus,battlefield
./data/macroset/en/clips/battlefield/common_voice_en_19726884.opus,battlefield
./data/macroset/en/clips/battlefield/common_voice_en_93421.opus,battlefield
./data/macroset/en/clips/battlefield/common_voice_en_199002.opus,battlefield
./data/macroset/en/clips/delirium/common_voice_en_619125.opus,delirium
./data/macroset/en/clips/delirium/common_voice_en_663220.opus,delirium
./data/macroset/en/clips/delirium/common_voice_en_218773.opus,delirium
./data/macroset/en/clips/delirium/common_voice_en_18799524.opus,delirium
./data/macroset/en/clips/delirium/common_voice_en_144181.opus,delirium
./data/macroset/en/clips/throwing/common_voice_en_589235.opus,throwing
./data/macroset/en/clips/throwing/common_voice_en_87733.opus,throwing
./data/macroset/en/clips/throwing/common_voice_en_22184851.opus,throwing
./data/macroset/en/clips/throwing/common_voice_en_577134.opus,throwing
./data/macroset/en/clips/throwing/common_voice_en_21591616.opus,throwing
./data/macroset/en/clips/arranging/common_voice_en_17842091.opus,arranging
./data/macroset/en/clips/arranging/common_voice_en_18133374.opus,arranging
./data/macroset/en/clips/arranging/common_voice_en_17754075.opus,arranging
./data/macroset/en/clips/arranging/common_voice_en_19552942.opus,arranging
./data/macroset/en/clips/arranging/common_voice_en_18061443.opus,arranging
./data/macroset/en/clips/daytime/common_voice_en_20286949.opus,daytime
./data/macroset/en/clips/daytime/common_voice_en_20282873.opus,daytime
./data/macroset/en/clips/daytime/common_voice_en_19678590.opus,daytime
./data/macroset/en/clips/daytime/common_voice_en_19715500.opus,daytime
./data/macroset/en/clips/daytime/common_voice_en_21774310.opus,daytime
./data/macroset/en/clips/climbers/common_voice_en_19544126.opus,climbers
./data/macroset/en/clips/climbers/common_voice_en_21946434.opus,climbers
./data/macroset/en/clips/climbers/common_voice_en_18809319.opus,climbers
./data/macroset/en/clips/climbers/common_voice_en_3695210.opus,climbers
./data/macroset/en/clips/climbers/common_voice_en_17903886.opus,climbers
./data/macroset/en/clips/doves/common_voice_en_22232691.opus,doves
./data/macroset/en/clips/doves/common_voice_en_18129395.opus,doves
./data/macroset/en/clips/doves/common_voice_en_17269352.opus,doves
./data/macroset/en/clips/doves/common_voice_en_19947272.opus,doves
./data/macroset/en/clips/doves/common_voice_en_2322933.opus,doves
./data/macroset/en/clips/joins/common_voice_en_19199319.opus,joins
./data/macroset/en/clips/joins/common_voice_en_19367607.opus,joins
./data/macroset/en/clips/joins/common_voice_en_19718356.opus,joins
./data/macroset/en/clips/joins/common_voice_en_22218595.opus,joins
./data/macroset/en/clips/joins/common_voice_en_19845857.opus,joins
./data/macroset/en/clips/garden/common_voice_en_18242970.opus,garden
./data/macroset/en/clips/garden/common_voice_en_22398218.opus,garden
./data/macroset/en/clips/garden/common_voice_en_68228.opus,garden
./data/macroset/en/clips/garden/common_voice_en_19773944.opus,garden
./data/macroset/en/clips/garden/common_voice_en_651895.opus,garden
./data/macroset/en/clips/feels/common_voice_en_79315.opus,feels
./data/macroset/en/clips/feels/common_voice_en_255708.opus,feels
./data/macroset/en/clips/feels/common_voice_en_18405224.opus,feels
./data/macroset/en/clips/feels/common_voice_en_545265.opus,feels
./data/macroset/en/clips/feels/common_voice_en_17896805.opus,feels
./data/macroset/en/clips/mayonnaise/common_voice_en_18158152.opus,mayonnaise
./data/macroset/en/clips/mayonnaise/common_voice_en_425889.opus,mayonnaise
./data/macroset/en/clips/mayonnaise/common_voice_en_19141882.opus,mayonnaise
./data/macroset/en/clips/mayonnaise/common_voice_en_18043560.opus,mayonnaise
./data/macroset/en/clips/mayonnaise/common_voice_en_17953539.opus,mayonnaise
./data/macroset/en/clips/i’ll/common_voice_en_18564195.opus,i’ll
./data/macroset/en/clips/i’ll/common_voice_en_21467594.opus,i’ll
./data/macroset/en/clips/i’ll/common_voice_en_18510845.opus,i’ll
./data/macroset/en/clips/i’ll/common_voice_en_22108802.opus,i’ll
./data/macroset/en/clips/i’ll/common_voice_en_663469.opus,i’ll
./data/macroset/en/clips/played/common_voice_en_18981705.opus,played
./data/macroset/en/clips/played/common_voice_en_207069.opus,played
./data/macroset/en/clips/played/common_voice_en_18686112.opus,played
./data/macroset/en/clips/played/common_voice_en_20637977.opus,played
./data/macroset/en/clips/played/common_voice_en_21376453.opus,played
./data/macroset/en/clips/tanks/common_voice_en_20807968.opus,tanks
./data/macroset/en/clips/tanks/common_voice_en_22299582.opus,tanks
./data/macroset/en/clips/tanks/common_voice_en_22292341.opus,tanks
./data/macroset/en/clips/tanks/common_voice_en_18755512.opus,tanks
./data/macroset/en/clips/tanks/common_voice_en_19026975.opus,tanks
./data/macroset/en/clips/transported/common_voice_en_19836420.opus,transported
./data/macroset/en/clips/transported/common_voice_en_21090877.opus,transported
./data/macroset/en/clips/transported/common_voice_en_534458.opus,transported
./data/macroset/en/clips/transported/common_voice_en_21020037.opus,transported
./data/macroset/en/clips/transported/common_voice_en_19764085.opus,transported
./data/macroset/en/clips/boulder/common_voice_en_19777043.opus,boulder
./data/macroset/en/clips/boulder/common_voice_en_20242914.opus,boulder
./data/macroset/en/clips/boulder/common_voice_en_19579607.opus,boulder
./data/macroset/en/clips/boulder/common_voice_en_22290995.opus,boulder
./data/macroset/en/clips/boulder/common_voice_en_20031402.opus,boulder
./data/macroset/en/clips/solitary/common_voice_en_17268873.opus,solitary
./data/macroset/en/clips/solitary/common_voice_en_17290440.opus,solitary
./data/macroset/en/clips/solitary/common_voice_en_17275854.opus,solitary
./data/macroset/en/clips/solitary/common_voice_en_17286181.opus,solitary
./data/macroset/en/clips/solitary/common_voice_en_19944370.opus,solitary
./data/macroset/en/clips/censorship/common_voice_en_20008997.opus,censorship
./data/macroset/en/clips/censorship/common_voice_en_19853530.opus,censorship
./data/macroset/en/clips/censorship/common_voice_en_17408412.opus,censorship
./data/macroset/en/clips/censorship/common_voice_en_22378539.opus,censorship
./data/macroset/en/clips/censorship/common_voice_en_21351853.opus,censorship
./data/macroset/en/clips/report/common_voice_en_18767123.opus,report
./data/macroset/en/clips/report/common_voice_en_202718.opus,report
./data/macroset/en/clips/report/common_voice_en_19017512.opus,report
./data/macroset/en/clips/report/common_voice_en_20295260.opus,report
./data/macroset/en/clips/report/common_voice_en_647418.opus,report
./data/macroset/en/clips/flora/common_voice_en_21090526.opus,flora
./data/macroset/en/clips/flora/common_voice_en_18920992.opus,flora
./data/macroset/en/clips/flora/common_voice_en_46918.opus,flora
./data/macroset/en/clips/flora/common_voice_en_280977.opus,flora
./data/macroset/en/clips/flora/common_voice_en_21031145.opus,flora
./data/macroset/en/clips/counselor/common_voice_en_18714350.opus,counselor
./data/macroset/en/clips/counselor/common_voice_en_205306.opus,counselor
./data/macroset/en/clips/counselor/common_voice_en_46250.opus,counselor
./data/macroset/en/clips/counselor/common_voice_en_589342.opus,counselor
./data/macroset/en/clips/counselor/common_voice_en_38872.opus,counselor
./data/macroset/en/clips/poorly/common_voice_en_20220398.opus,poorly
./data/macroset/en/clips/poorly/common_voice_en_138184.opus,poorly
./data/macroset/en/clips/poorly/common_voice_en_22154450.opus,poorly
./data/macroset/en/clips/poorly/common_voice_en_488385.opus,poorly
./data/macroset/en/clips/poorly/common_voice_en_21371742.opus,poorly
./data/macroset/en/clips/gonna/common_voice_en_76114.opus,gonna
./data/macroset/en/clips/gonna/common_voice_en_498896.opus,gonna
./data/macroset/en/clips/gonna/common_voice_en_198878.opus,gonna
./data/macroset/en/clips/gonna/common_voice_en_580791.opus,gonna
./data/macroset/en/clips/gonna/common_voice_en_518584.opus,gonna
./data/macroset/en/clips/managing/common_voice_en_22236457.opus,managing
./data/macroset/en/clips/managing/common_voice_en_19815969.opus,managing
./data/macroset/en/clips/managing/common_voice_en_20397738.opus,managing
./data/macroset/en/clips/managing/common_voice_en_19196480.opus,managing
./data/macroset/en/clips/managing/common_voice_en_21741416.opus,managing
./data/macroset/en/clips/palestine/common_voice_en_20896057.opus,palestine
./data/macroset/en/clips/palestine/common_voice_en_20817738.opus,palestine
./data/macroset/en/clips/palestine/common_voice_en_20582598.opus,palestine
./data/macroset/en/clips/palestine/common_voice_en_21763711.opus,palestine
./data/macroset/en/clips/palestine/common_voice_en_19687736.opus,palestine
./data/macroset/en/clips/sleepy/common_voice_en_18152806.opus,sleepy
./data/macroset/en/clips/sleepy/common_voice_en_19056094.opus,sleepy
./data/macroset/en/clips/sleepy/common_voice_en_488891.opus,sleepy
./data/macroset/en/clips/sleepy/common_voice_en_18994205.opus,sleepy
./data/macroset/en/clips/sleepy/common_voice_en_17900305.opus,sleepy
./data/macroset/en/clips/undertook/common_voice_en_19006950.opus,undertook
./data/macroset/en/clips/undertook/common_voice_en_21329289.opus,undertook
./data/macroset/en/clips/undertook/common_voice_en_19267285.opus,undertook
./data/macroset/en/clips/undertook/common_voice_en_21637474.opus,undertook
./data/macroset/en/clips/undertook/common_voice_en_20080162.opus,undertook
./data/macroset/en/clips/formal/common_voice_en_19722344.opus,formal
./data/macroset/en/clips/formal/common_voice_en_20771368.opus,formal
./data/macroset/en/clips/formal/common_voice_en_21294140.opus,formal
./data/macroset/en/clips/formal/common_voice_en_20780953.opus,formal
./data/macroset/en/clips/formal/common_voice_en_675523.opus,formal
./data/macroset/en/clips/blond/common_voice_en_662943.opus,blond
./data/macroset/en/clips/blond/common_voice_en_209762.opus,blond
./data/macroset/en/clips/blond/common_voice_en_559251.opus,blond
./data/macroset/en/clips/blond/common_voice_en_486347.opus,blond
./data/macroset/en/clips/blond/common_voice_en_486477.opus,blond
./data/macroset/en/clips/randall/common_voice_en_20471896.opus,randall
./data/macroset/en/clips/randall/common_voice_en_21090474.opus,randall
./data/macroset/en/clips/randall/common_voice_en_21375042.opus,randall
./data/macroset/en/clips/randall/common_voice_en_18677356.opus,randall
./data/macroset/en/clips/randall/common_voice_en_19769021.opus,randall
./data/macroset/en/clips/mainland/common_voice_en_20235948.opus,mainland
./data/macroset/en/clips/mainland/common_voice_en_19136693.opus,mainland
./data/macroset/en/clips/mainland/common_voice_en_22134606.opus,mainland
./data/macroset/en/clips/mainland/common_voice_en_19677612.opus,mainland
./data/macroset/en/clips/mainland/common_voice_en_22051440.opus,mainland
./data/macroset/en/clips/monitoring/common_voice_en_22034833.opus,monitoring
./data/macroset/en/clips/monitoring/common_voice_en_18973479.opus,monitoring
./data/macroset/en/clips/monitoring/common_voice_en_18428411.opus,monitoring
./data/macroset/en/clips/monitoring/common_voice_en_19557849.opus,monitoring
./data/macroset/en/clips/monitoring/common_voice_en_21103343.opus,monitoring
./data/macroset/en/clips/glasses/common_voice_en_509784.opus,glasses
./data/macroset/en/clips/glasses/common_voice_en_96743.opus,glasses
./data/macroset/en/clips/glasses/common_voice_en_184745.opus,glasses
./data/macroset/en/clips/glasses/common_voice_en_17840423.opus,glasses
./data/macroset/en/clips/glasses/common_voice_en_545745.opus,glasses
./data/macroset/en/clips/business/common_voice_en_578209.opus,business
./data/macroset/en/clips/business/common_voice_en_34097.opus,business
./data/macroset/en/clips/business/common_voice_en_19840425.opus,business
./data/macroset/en/clips/business/common_voice_en_32190.opus,business
./data/macroset/en/clips/business/common_voice_en_20091160.opus,business
./data/macroset/en/clips/silk/common_voice_en_629310.opus,silk
./data/macroset/en/clips/silk/common_voice_en_317029.opus,silk
./data/macroset/en/clips/silk/common_voice_en_477098.opus,silk
./data/macroset/en/clips/silk/common_voice_en_17875210.opus,silk
./data/macroset/en/clips/silk/common_voice_en_647984.opus,silk
./data/macroset/en/clips/plodded/common_voice_en_18500275.opus,plodded
./data/macroset/en/clips/plodded/common_voice_en_645906.opus,plodded
./data/macroset/en/clips/plodded/common_voice_en_548544.opus,plodded
./data/macroset/en/clips/plodded/common_voice_en_201176.opus,plodded
./data/macroset/en/clips/plodded/common_voice_en_598811.opus,plodded
./data/macroset/en/clips/vegetable/common_voice_en_20139819.opus,vegetable
./data/macroset/en/clips/vegetable/common_voice_en_2322945.opus,vegetable
./data/macroset/en/clips/vegetable/common_voice_en_17843633.opus,vegetable
./data/macroset/en/clips/vegetable/common_voice_en_19845624.opus,vegetable
./data/macroset/en/clips/vegetable/common_voice_en_19422539.opus,vegetable
./data/macroset/en/clips/aid/common_voice_en_20527934.opus,aid
./data/macroset/en/clips/aid/common_voice_en_18514669.opus,aid
./data/macroset/en/clips/aid/common_voice_en_18907963.opus,aid
./data/macroset/en/clips/aid/common_voice_en_21450064.opus,aid
./data/macroset/en/clips/aid/common_voice_en_18303449.opus,aid
./data/macroset/en/clips/rum/common_voice_en_677128.opus,rum
./data/macroset/en/clips/rum/common_voice_en_18098255.opus,rum
./data/macroset/en/clips/rum/common_voice_en_480894.opus,rum
./data/macroset/en/clips/rum/common_voice_en_523363.opus,rum
./data/macroset/en/clips/rum/common_voice_en_18164366.opus,rum
./data/macroset/en/clips/ian/common_voice_en_17280521.opus,ian
./data/macroset/en/clips/ian/common_voice_en_20782224.opus,ian
./data/macroset/en/clips/ian/common_voice_en_22404547.opus,ian
./data/macroset/en/clips/ian/common_voice_en_19649318.opus,ian
./data/macroset/en/clips/ian/common_voice_en_19697989.opus,ian
./data/macroset/en/clips/definitions/common_voice_en_20101500.opus,definitions
./data/macroset/en/clips/definitions/common_voice_en_19051569__2.opus,definitions
./data/macroset/en/clips/definitions/common_voice_en_22312062.opus,definitions
./data/macroset/en/clips/definitions/common_voice_en_20489090.opus,definitions
./data/macroset/en/clips/definitions/common_voice_en_22404792.opus,definitions
./data/macroset/en/clips/summit/common_voice_en_21993942.opus,summit
./data/macroset/en/clips/summit/common_voice_en_19717485.opus,summit
./data/macroset/en/clips/summit/common_voice_en_20390086.opus,summit
./data/macroset/en/clips/summit/common_voice_en_19687730.opus,summit
./data/macroset/en/clips/summit/common_voice_en_19821519.opus,summit
./data/macroset/en/clips/participating/common_voice_en_20726332.opus,participating
./data/macroset/en/clips/participating/common_voice_en_20963773.opus,participating
./data/macroset/en/clips/participating/common_voice_en_20463959.opus,participating
./data/macroset/en/clips/participating/common_voice_en_499848.opus,participating
./data/macroset/en/clips/participating/common_voice_en_19686747.opus,participating
./data/macroset/en/clips/space/common_voice_en_18524678.opus,space
./data/macroset/en/clips/space/common_voice_en_588744.opus,space
./data/macroset/en/clips/space/common_voice_en_19029237.opus,space
./data/macroset/en/clips/space/common_voice_en_513310.opus,space
./data/macroset/en/clips/space/common_voice_en_486566.opus,space
./data/macroset/en/clips/nail/common_voice_en_22417715.opus,nail
./data/macroset/en/clips/nail/common_voice_en_22032508.opus,nail
./data/macroset/en/clips/nail/common_voice_en_617244.opus,nail
./data/macroset/en/clips/nail/common_voice_en_20162632.opus,nail
./data/macroset/en/clips/nail/common_voice_en_18596963.opus,nail
./data/macroset/en/clips/mailbox/common_voice_en_18168685.opus,mailbox
./data/macroset/en/clips/mailbox/common_voice_en_18103858.opus,mailbox
./data/macroset/en/clips/mailbox/common_voice_en_3678667.opus,mailbox
./data/macroset/en/clips/mailbox/common_voice_en_4237265.opus,mailbox
./data/macroset/en/clips/mailbox/common_voice_en_18167694.opus,mailbox
./data/macroset/en/clips/equator/common_voice_en_17272066.opus,equator
./data/macroset/en/clips/equator/common_voice_en_28564.opus,equator
./data/macroset/en/clips/equator/common_voice_en_21162647.opus,equator
./data/macroset/en/clips/equator/common_voice_en_18163304.opus,equator
./data/macroset/en/clips/equator/common_voice_en_18091136.opus,equator
./data/macroset/en/clips/shift/common_voice_en_63636.opus,shift
./data/macroset/en/clips/shift/common_voice_en_584754.opus,shift
./data/macroset/en/clips/shift/common_voice_en_19595653.opus,shift
./data/macroset/en/clips/shift/common_voice_en_18101479.opus,shift
./data/macroset/en/clips/shift/common_voice_en_497136.opus,shift
./data/macroset/en/clips/germans/common_voice_en_19595804.opus,germans
./data/macroset/en/clips/germans/common_voice_en_19745272.opus,germans
./data/macroset/en/clips/germans/common_voice_en_19942417.opus,germans
./data/macroset/en/clips/germans/common_voice_en_19746086.opus,germans
./data/macroset/en/clips/germans/common_voice_en_18724352.opus,germans
./data/macroset/en/clips/outdoor/common_voice_en_20877532.opus,outdoor
./data/macroset/en/clips/outdoor/common_voice_en_501054.opus,outdoor
./data/macroset/en/clips/outdoor/common_voice_en_19789261.opus,outdoor
./data/macroset/en/clips/outdoor/common_voice_en_21374589.opus,outdoor
./data/macroset/en/clips/outdoor/common_voice_en_20995672.opus,outdoor
./data/macroset/en/clips/birmingham/common_voice_en_20672052.opus,birmingham
./data/macroset/en/clips/birmingham/common_voice_en_20639444.opus,birmingham
./data/macroset/en/clips/birmingham/common_voice_en_21777037.opus,birmingham
./data/macroset/en/clips/birmingham/common_voice_en_19631147.opus,birmingham
./data/macroset/en/clips/birmingham/common_voice_en_19677046.opus,birmingham
./data/macroset/en/clips/million/common_voice_en_19479998.opus,million
./data/macroset/en/clips/million/common_voice_en_18729447.opus,million
./data/macroset/en/clips/million/common_voice_en_18125041.opus,million
./data/macroset/en/clips/million/common_voice_en_18504000.opus,million
./data/macroset/en/clips/million/common_voice_en_566733.opus,million
./data/macroset/en/clips/too/common_voice_en_484116.opus,too
./data/macroset/en/clips/too/common_voice_en_17735593.opus,too
./data/macroset/en/clips/too/common_voice_en_694231.opus,too
./data/macroset/en/clips/too/common_voice_en_18680471.opus,too
./data/macroset/en/clips/too/common_voice_en_625307.opus,too
./data/macroset/en/clips/backpack/common_voice_en_594580.opus,backpack
./data/macroset/en/clips/backpack/common_voice_en_217934.opus,backpack
./data/macroset/en/clips/backpack/common_voice_en_22237577.opus,backpack
./data/macroset/en/clips/backpack/common_voice_en_672175.opus,backpack
./data/macroset/en/clips/backpack/common_voice_en_43492.opus,backpack
./data/macroset/en/clips/finally/common_voice_en_455153.opus,finally
./data/macroset/en/clips/finally/common_voice_en_19979091.opus,finally
./data/macroset/en/clips/finally/common_voice_en_95282.opus,finally
./data/macroset/en/clips/finally/common_voice_en_616730.opus,finally
./data/macroset/en/clips/finally/common_voice_en_18993433.opus,finally
./data/macroset/en/clips/helium/common_voice_en_18155243.opus,helium
./data/macroset/en/clips/helium/common_voice_en_191317.opus,helium
./data/macroset/en/clips/helium/common_voice_en_595894.opus,helium
./data/macroset/en/clips/helium/common_voice_en_652222.opus,helium
./data/macroset/en/clips/helium/common_voice_en_531605.opus,helium
./data/macroset/en/clips/archery/common_voice_en_18851724.opus,archery
./data/macroset/en/clips/archery/common_voice_en_22442084.opus,archery
./data/macroset/en/clips/archery/common_voice_en_21291777.opus,archery
./data/macroset/en/clips/archery/common_voice_en_19815835.opus,archery
./data/macroset/en/clips/archery/common_voice_en_21528422.opus,archery
./data/macroset/en/clips/slam/common_voice_en_507708.opus,slam
./data/macroset/en/clips/slam/common_voice_en_21469927.opus,slam
./data/macroset/en/clips/slam/common_voice_en_20132390.opus,slam
./data/macroset/en/clips/slam/common_voice_en_19715220.opus,slam
./data/macroset/en/clips/slam/common_voice_en_21284884.opus,slam
./data/macroset/en/clips/nets/common_voice_en_19387921.opus,nets
./data/macroset/en/clips/nets/common_voice_en_18124646.opus,nets
./data/macroset/en/clips/nets/common_voice_en_19092053.opus,nets
./data/macroset/en/clips/nets/common_voice_en_21530785.opus,nets
./data/macroset/en/clips/nets/common_voice_en_317156.opus,nets
./data/macroset/en/clips/goddess/common_voice_en_21507145.opus,goddess
./data/macroset/en/clips/goddess/common_voice_en_22212366.opus,goddess
./data/macroset/en/clips/goddess/common_voice_en_21786618.opus,goddess
./data/macroset/en/clips/goddess/common_voice_en_20525000__2.opus,goddess
./data/macroset/en/clips/goddess/common_voice_en_20252371.opus,goddess
./data/macroset/en/clips/radical/common_voice_en_18134481.opus,radical
./data/macroset/en/clips/radical/common_voice_en_472678.opus,radical
./data/macroset/en/clips/radical/common_voice_en_19668249.opus,radical
./data/macroset/en/clips/radical/common_voice_en_18400834.opus,radical
./data/macroset/en/clips/radical/common_voice_en_9242.opus,radical
./data/macroset/en/clips/bertie/common_voice_en_18513645.opus,bertie
./data/macroset/en/clips/bertie/common_voice_en_18478044.opus,bertie
./data/macroset/en/clips/bertie/common_voice_en_18590094.opus,bertie
./data/macroset/en/clips/bertie/common_voice_en_18483194.opus,bertie
./data/macroset/en/clips/bertie/common_voice_en_18500926.opus,bertie
./data/macroset/en/clips/angeles/common_voice_en_21721634.opus,angeles
./data/macroset/en/clips/angeles/common_voice_en_20793189.opus,angeles
./data/macroset/en/clips/angeles/common_voice_en_569156.opus,angeles
./data/macroset/en/clips/angeles/common_voice_en_20732066.opus,angeles
./data/macroset/en/clips/angeles/common_voice_en_19878224.opus,angeles
./data/macroset/en/clips/ruefully/common_voice_en_20569.opus,ruefully
./data/macroset/en/clips/ruefully/common_voice_en_592230.opus,ruefully
./data/macroset/en/clips/ruefully/common_voice_en_647336.opus,ruefully
./data/macroset/en/clips/ruefully/common_voice_en_213803.opus,ruefully
./data/macroset/en/clips/ruefully/common_voice_en_560429.opus,ruefully
./data/macroset/en/clips/husband/common_voice_en_559194.opus,husband
./data/macroset/en/clips/husband/common_voice_en_33409.opus,husband
./data/macroset/en/clips/husband/common_voice_en_19279433.opus,husband
./data/macroset/en/clips/husband/common_voice_en_20185579.opus,husband
./data/macroset/en/clips/husband/common_voice_en_21946461.opus,husband
./data/macroset/en/clips/concentrated/common_voice_en_20856936.opus,concentrated
./data/macroset/en/clips/concentrated/common_voice_en_19399762.opus,concentrated
./data/macroset/en/clips/concentrated/common_voice_en_20883260.opus,concentrated
./data/macroset/en/clips/concentrated/common_voice_en_19390257.opus,concentrated
./data/macroset/en/clips/concentrated/common_voice_en_19661764.opus,concentrated
./data/macroset/en/clips/publication/common_voice_en_18941409.opus,publication
./data/macroset/en/clips/publication/common_voice_en_21877615.opus,publication
./data/macroset/en/clips/publication/common_voice_en_20990041.opus,publication
./data/macroset/en/clips/publication/common_voice_en_22456277.opus,publication
./data/macroset/en/clips/publication/common_voice_en_18801209.opus,publication
./data/macroset/en/clips/hat/common_voice_en_662934.opus,hat
./data/macroset/en/clips/hat/common_voice_en_349059.opus,hat
./data/macroset/en/clips/hat/common_voice_en_594864.opus,hat
./data/macroset/en/clips/hat/common_voice_en_17857074.opus,hat
./data/macroset/en/clips/hat/common_voice_en_62771.opus,hat
./data/macroset/en/clips/maternity/common_voice_en_18039829.opus,maternity
./data/macroset/en/clips/maternity/common_voice_en_20026125.opus,maternity
./data/macroset/en/clips/maternity/common_voice_en_643495.opus,maternity
./data/macroset/en/clips/maternity/common_voice_en_17346121.opus,maternity
./data/macroset/en/clips/maternity/common_voice_en_18752142.opus,maternity
./data/macroset/en/clips/swimming/common_voice_en_21180977.opus,swimming
./data/macroset/en/clips/swimming/common_voice_en_66400.opus,swimming
./data/macroset/en/clips/swimming/common_voice_en_624751.opus,swimming
./data/macroset/en/clips/swimming/common_voice_en_477178.opus,swimming
./data/macroset/en/clips/swimming/common_voice_en_22109025.opus,swimming
./data/macroset/en/clips/volunteered/common_voice_en_19010519.opus,volunteered
./data/macroset/en/clips/volunteered/common_voice_en_18962947.opus,volunteered
./data/macroset/en/clips/volunteered/common_voice_en_20303563.opus,volunteered
./data/macroset/en/clips/volunteered/common_voice_en_22351919.opus,volunteered
./data/macroset/en/clips/volunteered/common_voice_en_18331125.opus,volunteered
./data/macroset/en/clips/flickered/common_voice_en_18019077.opus,flickered
./data/macroset/en/clips/flickered/common_voice_en_17802006.opus,flickered
./data/macroset/en/clips/flickered/common_voice_en_18197931.opus,flickered
./data/macroset/en/clips/flickered/common_voice_en_174838.opus,flickered
./data/macroset/en/clips/flickered/common_voice_en_17746140.opus,flickered
./data/macroset/en/clips/boundaries/common_voice_en_19578726.opus,boundaries
./data/macroset/en/clips/boundaries/common_voice_en_19233152.opus,boundaries
./data/macroset/en/clips/boundaries/common_voice_en_19573538.opus,boundaries
./data/macroset/en/clips/boundaries/common_voice_en_20515749.opus,boundaries
./data/macroset/en/clips/boundaries/common_voice_en_20234097.opus,boundaries
./data/macroset/en/clips/charm/common_voice_en_565438.opus,charm
./data/macroset/en/clips/charm/common_voice_en_189404.opus,charm
./data/macroset/en/clips/charm/common_voice_en_20300996.opus,charm
./data/macroset/en/clips/charm/common_voice_en_615944.opus,charm
./data/macroset/en/clips/charm/common_voice_en_20725876.opus,charm
./data/macroset/en/clips/iris/common_voice_en_19704427.opus,iris
./data/macroset/en/clips/iris/common_voice_en_22313046.opus,iris
./data/macroset/en/clips/iris/common_voice_en_18809357.opus,iris
./data/macroset/en/clips/iris/common_voice_en_19083435.opus,iris
./data/macroset/en/clips/iris/common_voice_en_69095.opus,iris
./data/macroset/en/clips/welsh/common_voice_en_20939699.opus,welsh
./data/macroset/en/clips/welsh/common_voice_en_17370253.opus,welsh
./data/macroset/en/clips/welsh/common_voice_en_17710669.opus,welsh
./data/macroset/en/clips/welsh/common_voice_en_18708779.opus,welsh
./data/macroset/en/clips/welsh/common_voice_en_21687735.opus,welsh
./data/macroset/en/clips/violence/common_voice_en_180071.opus,violence
./data/macroset/en/clips/violence/common_voice_en_17407038.opus,violence
./data/macroset/en/clips/violence/common_voice_en_18472366.opus,violence
./data/macroset/en/clips/violence/common_voice_en_19201635.opus,violence
./data/macroset/en/clips/violence/common_voice_en_17256828.opus,violence
./data/macroset/en/clips/donald/common_voice_en_18865284.opus,donald
./data/macroset/en/clips/donald/common_voice_en_22293194.opus,donald
./data/macroset/en/clips/donald/common_voice_en_481200.opus,donald
./data/macroset/en/clips/donald/common_voice_en_71261.opus,donald
./data/macroset/en/clips/donald/common_voice_en_21522171.opus,donald
./data/macroset/en/clips/unfair/common_voice_en_525016.opus,unfair
./data/macroset/en/clips/unfair/common_voice_en_17291432.opus,unfair
./data/macroset/en/clips/unfair/common_voice_en_17264775.opus,unfair
./data/macroset/en/clips/unfair/common_voice_en_17891596.opus,unfair
./data/macroset/en/clips/unfair/common_voice_en_17454764.opus,unfair
./data/macroset/en/clips/servant/common_voice_en_19670873.opus,servant
./data/macroset/en/clips/servant/common_voice_en_19513295.opus,servant
./data/macroset/en/clips/servant/common_voice_en_22463394.opus,servant
./data/macroset/en/clips/servant/common_voice_en_677640.opus,servant
./data/macroset/en/clips/servant/common_voice_en_587435.opus,servant
./data/macroset/en/clips/teammate/common_voice_en_20526455.opus,teammate
./data/macroset/en/clips/teammate/common_voice_en_19345780.opus,teammate
./data/macroset/en/clips/teammate/common_voice_en_20163102.opus,teammate
./data/macroset/en/clips/teammate/common_voice_en_20818325__2.opus,teammate
./data/macroset/en/clips/teammate/common_voice_en_20818325.opus,teammate
./data/macroset/en/clips/selective/common_voice_en_20798173.opus,selective
./data/macroset/en/clips/selective/common_voice_en_22174733.opus,selective
./data/macroset/en/clips/selective/common_voice_en_18949972.opus,selective
./data/macroset/en/clips/selective/common_voice_en_20537117.opus,selective
./data/macroset/en/clips/selective/common_voice_en_21544558.opus,selective
./data/macroset/en/clips/objective/common_voice_en_19808035.opus,objective
./data/macroset/en/clips/objective/common_voice_en_54322.opus,objective
./data/macroset/en/clips/objective/common_voice_en_18671664.opus,objective
./data/macroset/en/clips/objective/common_voice_en_18999592.opus,objective
./data/macroset/en/clips/objective/common_voice_en_18543695.opus,objective
./data/macroset/en/clips/denied/common_voice_en_18671006.opus,denied
./data/macroset/en/clips/denied/common_voice_en_21257066.opus,denied
./data/macroset/en/clips/denied/common_voice_en_20300979.opus,denied
./data/macroset/en/clips/denied/common_voice_en_20183976.opus,denied
./data/macroset/en/clips/denied/common_voice_en_544637.opus,denied
./data/macroset/en/clips/tribes/common_voice_en_74232.opus,tribes
./data/macroset/en/clips/tribes/common_voice_en_21872169.opus,tribes
./data/macroset/en/clips/tribes/common_voice_en_206442.opus,tribes
./data/macroset/en/clips/tribes/common_voice_en_489187.opus,tribes
./data/macroset/en/clips/tribes/common_voice_en_20407600.opus,tribes
./data/macroset/en/clips/voluntary/common_voice_en_19102473.opus,voluntary
./data/macroset/en/clips/voluntary/common_voice_en_19256068.opus,voluntary
./data/macroset/en/clips/voluntary/common_voice_en_19642581.opus,voluntary
./data/macroset/en/clips/voluntary/common_voice_en_20298391.opus,voluntary
./data/macroset/en/clips/voluntary/common_voice_en_20246132.opus,voluntary
./data/macroset/en/clips/spell/common_voice_en_17806188.opus,spell
./data/macroset/en/clips/spell/common_voice_en_18446772.opus,spell
./data/macroset/en/clips/spell/common_voice_en_682041.opus,spell
./data/macroset/en/clips/spell/common_voice_en_17856981.opus,spell
./data/macroset/en/clips/spell/common_voice_en_19132581.opus,spell
./data/macroset/en/clips/collapsed/common_voice_en_19689314.opus,collapsed
./data/macroset/en/clips/collapsed/common_voice_en_496687.opus,collapsed
./data/macroset/en/clips/collapsed/common_voice_en_17585856.opus,collapsed
./data/macroset/en/clips/collapsed/common_voice_en_24830.opus,collapsed
./data/macroset/en/clips/collapsed/common_voice_en_33622.opus,collapsed
./data/macroset/en/clips/perform/common_voice_en_559642.opus,perform
./data/macroset/en/clips/perform/common_voice_en_501061.opus,perform
./data/macroset/en/clips/perform/common_voice_en_22124744.opus,perform
./data/macroset/en/clips/perform/common_voice_en_566936.opus,perform
./data/macroset/en/clips/perform/common_voice_en_19768151.opus,perform
./data/macroset/en/clips/north/common_voice_en_18866739.opus,north
./data/macroset/en/clips/north/common_voice_en_21901324.opus,north
./data/macroset/en/clips/north/common_voice_en_19453644.opus,north
./data/macroset/en/clips/north/common_voice_en_18843724.opus,north
./data/macroset/en/clips/north/common_voice_en_20883976.opus,north
./data/macroset/en/clips/resembles/common_voice_en_21101012.opus,resembles
./data/macroset/en/clips/resembles/common_voice_en_22243089.opus,resembles
./data/macroset/en/clips/resembles/common_voice_en_20808020.opus,resembles
./data/macroset/en/clips/resembles/common_voice_en_22127098.opus,resembles
./data/macroset/en/clips/resembles/common_voice_en_20531407.opus,resembles
./data/macroset/en/clips/substance/common_voice_en_20441537.opus,substance
./data/macroset/en/clips/substance/common_voice_en_21494888.opus,substance
./data/macroset/en/clips/substance/common_voice_en_19652628.opus,substance
./data/macroset/en/clips/substance/common_voice_en_20963706.opus,substance
./data/macroset/en/clips/substance/common_voice_en_19982226.opus,substance
./data/macroset/en/clips/others/common_voice_en_19574942.opus,others
./data/macroset/en/clips/others/common_voice_en_17957502.opus,others
./data/macroset/en/clips/others/common_voice_en_21531700.opus,others
./data/macroset/en/clips/others/common_voice_en_20131777.opus,others
./data/macroset/en/clips/others/common_voice_en_214569.opus,others
./data/macroset/en/clips/continuous/common_voice_en_20406031.opus,continuous
./data/macroset/en/clips/continuous/common_voice_en_21723589.opus,continuous
./data/macroset/en/clips/continuous/common_voice_en_19334685.opus,continuous
./data/macroset/en/clips/continuous/common_voice_en_19579992.opus,continuous
./data/macroset/en/clips/continuous/common_voice_en_650656.opus,continuous
./data/macroset/en/clips/poor/common_voice_en_18558309.opus,poor
./data/macroset/en/clips/poor/common_voice_en_200655.opus,poor
./data/macroset/en/clips/poor/common_voice_en_18131387.opus,poor
./data/macroset/en/clips/poor/common_voice_en_19717517.opus,poor
./data/macroset/en/clips/poor/common_voice_en_660979.opus,poor
./data/macroset/en/clips/moaning/common_voice_en_17585856.opus,moaning
./data/macroset/en/clips/moaning/common_voice_en_17329380.opus,moaning
./data/macroset/en/clips/moaning/common_voice_en_496687.opus,moaning
./data/macroset/en/clips/moaning/common_voice_en_17269401.opus,moaning
./data/macroset/en/clips/moaning/common_voice_en_73534.opus,moaning
./data/macroset/en/clips/tilted/common_voice_en_17265272.opus,tilted
./data/macroset/en/clips/tilted/common_voice_en_17889289.opus,tilted
./data/macroset/en/clips/tilted/common_voice_en_79138.opus,tilted
./data/macroset/en/clips/tilted/common_voice_en_627335.opus,tilted
./data/macroset/en/clips/tilted/common_voice_en_20383275.opus,tilted
./data/macroset/en/clips/observe/common_voice_en_672714.opus,observe
./data/macroset/en/clips/observe/common_voice_en_659062.opus,observe
./data/macroset/en/clips/observe/common_voice_en_503711.opus,observe
./data/macroset/en/clips/observe/common_voice_en_170527.opus,observe
./data/macroset/en/clips/observe/common_voice_en_534284.opus,observe
./data/macroset/en/clips/trent/common_voice_en_20527272.opus,trent
./data/macroset/en/clips/trent/common_voice_en_22324783.opus,trent
./data/macroset/en/clips/trent/common_voice_en_20391350.opus,trent
./data/macroset/en/clips/trent/common_voice_en_20572685.opus,trent
./data/macroset/en/clips/trent/common_voice_en_20893631.opus,trent
./data/macroset/en/clips/australia/common_voice_en_21103337.opus,australia
./data/macroset/en/clips/australia/common_voice_en_18814793.opus,australia
./data/macroset/en/clips/australia/common_voice_en_210813.opus,australia
./data/macroset/en/clips/australia/common_voice_en_20522473.opus,australia
./data/macroset/en/clips/australia/common_voice_en_19989032.opus,australia
./data/macroset/en/clips/colony/common_voice_en_20876325.opus,colony
./data/macroset/en/clips/colony/common_voice_en_507278.opus,colony
./data/macroset/en/clips/colony/common_voice_en_21250363.opus,colony
./data/macroset/en/clips/colony/common_voice_en_20475066.opus,colony
./data/macroset/en/clips/colony/common_voice_en_42111.opus,colony
./data/macroset/en/clips/minimal/common_voice_en_18526785.opus,minimal
./data/macroset/en/clips/minimal/common_voice_en_18989707.opus,minimal
./data/macroset/en/clips/minimal/common_voice_en_19296815.opus,minimal
./data/macroset/en/clips/minimal/common_voice_en_19113936.opus,minimal
./data/macroset/en/clips/minimal/common_voice_en_20536683.opus,minimal
./data/macroset/en/clips/supporting/common_voice_en_22404880.opus,supporting
./data/macroset/en/clips/supporting/common_voice_en_20918482.opus,supporting
./data/macroset/en/clips/supporting/common_voice_en_20391155.opus,supporting
./data/macroset/en/clips/supporting/common_voice_en_20661361.opus,supporting
./data/macroset/en/clips/supporting/common_voice_en_21399722.opus,supporting
./data/macroset/en/clips/transcend/common_voice_en_210505.opus,transcend
./data/macroset/en/clips/transcend/common_voice_en_92836.opus,transcend
./data/macroset/en/clips/transcend/common_voice_en_490365.opus,transcend
./data/macroset/en/clips/transcend/common_voice_en_519194.opus,transcend
./data/macroset/en/clips/transcend/common_voice_en_127520.opus,transcend
./data/macroset/en/clips/gray/common_voice_en_19562433.opus,gray
./data/macroset/en/clips/gray/common_voice_en_605936.opus,gray
./data/macroset/en/clips/gray/common_voice_en_682980.opus,gray
./data/macroset/en/clips/gray/common_voice_en_20312621.opus,gray
./data/macroset/en/clips/gray/common_voice_en_507147.opus,gray
./data/macroset/en/clips/socks/common_voice_en_624362.opus,socks
./data/macroset/en/clips/socks/common_voice_en_19399635.opus,socks
./data/macroset/en/clips/socks/common_voice_en_21705224.opus,socks
./data/macroset/en/clips/socks/common_voice_en_19893782.opus,socks
./data/macroset/en/clips/socks/common_voice_en_18637418.opus,socks
./data/macroset/en/clips/ever/common_voice_en_26820.opus,ever
./data/macroset/en/clips/ever/common_voice_en_17385151.opus,ever
./data/macroset/en/clips/ever/common_voice_en_33219.opus,ever
./data/macroset/en/clips/ever/common_voice_en_21846330.opus,ever
./data/macroset/en/clips/ever/common_voice_en_18871555.opus,ever
./data/macroset/en/clips/funds/common_voice_en_19708608.opus,funds
./data/macroset/en/clips/funds/common_voice_en_20877783.opus,funds
./data/macroset/en/clips/funds/common_voice_en_18772825.opus,funds
./data/macroset/en/clips/funds/common_voice_en_298437.opus,funds
./data/macroset/en/clips/funds/common_voice_en_19185303.opus,funds
./data/macroset/en/clips/arrested/common_voice_en_19743062.opus,arrested
./data/macroset/en/clips/arrested/common_voice_en_19639565.opus,arrested
./data/macroset/en/clips/arrested/common_voice_en_22129920.opus,arrested
./data/macroset/en/clips/arrested/common_voice_en_21512143.opus,arrested
./data/macroset/en/clips/arrested/common_voice_en_18761856.opus,arrested
./data/macroset/en/clips/orchid/common_voice_en_18675054__2.opus,orchid
./data/macroset/en/clips/orchid/common_voice_en_19783825.opus,orchid
./data/macroset/en/clips/orchid/common_voice_en_20828280.opus,orchid
./data/macroset/en/clips/orchid/common_voice_en_543460.opus,orchid
./data/macroset/en/clips/orchid/common_voice_en_239465.opus,orchid
./data/macroset/en/clips/gossip/common_voice_en_20183344.opus,gossip
./data/macroset/en/clips/gossip/common_voice_en_18080425.opus,gossip
./data/macroset/en/clips/gossip/common_voice_en_17264298.opus,gossip
./data/macroset/en/clips/gossip/common_voice_en_17405327.opus,gossip
./data/macroset/en/clips/gossip/common_voice_en_17321853.opus,gossip
./data/macroset/en/clips/invested/common_voice_en_19285034.opus,invested
./data/macroset/en/clips/invested/common_voice_en_19652097.opus,invested
./data/macroset/en/clips/invested/common_voice_en_20272880.opus,invested
./data/macroset/en/clips/invested/common_voice_en_21312471.opus,invested
./data/macroset/en/clips/invested/common_voice_en_20068853.opus,invested
./data/macroset/en/clips/swiss/common_voice_en_20956611.opus,swiss
./data/macroset/en/clips/swiss/common_voice_en_19673458.opus,swiss
./data/macroset/en/clips/swiss/common_voice_en_18722279.opus,swiss
./data/macroset/en/clips/swiss/common_voice_en_22373664.opus,swiss
./data/macroset/en/clips/swiss/common_voice_en_21949985.opus,swiss
./data/macroset/en/clips/amazement/common_voice_en_17280343.opus,amazement
./data/macroset/en/clips/amazement/common_voice_en_18111810.opus,amazement
./data/macroset/en/clips/amazement/common_voice_en_18149898.opus,amazement
./data/macroset/en/clips/amazement/common_voice_en_638782.opus,amazement
./data/macroset/en/clips/amazement/common_voice_en_17523973.opus,amazement
./data/macroset/en/clips/asks/common_voice_en_21712992.opus,asks
./data/macroset/en/clips/asks/common_voice_en_20933105.opus,asks
./data/macroset/en/clips/asks/common_voice_en_19709746.opus,asks
./data/macroset/en/clips/asks/common_voice_en_21385637.opus,asks
./data/macroset/en/clips/asks/common_voice_en_18894771.opus,asks
./data/macroset/en/clips/marilyn/common_voice_en_17824860.opus,marilyn
./data/macroset/en/clips/marilyn/common_voice_en_19708360.opus,marilyn
./data/macroset/en/clips/marilyn/common_voice_en_20923104.opus,marilyn
./data/macroset/en/clips/marilyn/common_voice_en_18052550.opus,marilyn
./data/macroset/en/clips/marilyn/common_voice_en_20836595.opus,marilyn
./data/macroset/en/clips/diagnosed/common_voice_en_19887776.opus,diagnosed
./data/macroset/en/clips/diagnosed/common_voice_en_337464.opus,diagnosed
./data/macroset/en/clips/diagnosed/common_voice_en_19877129.opus,diagnosed
./data/macroset/en/clips/diagnosed/common_voice_en_21669911.opus,diagnosed
./data/macroset/en/clips/diagnosed/common_voice_en_18723513.opus,diagnosed
./data/macroset/en/clips/private/common_voice_en_18811873.opus,private
./data/macroset/en/clips/private/common_voice_en_20735508.opus,private
./data/macroset/en/clips/private/common_voice_en_21137941.opus,private
./data/macroset/en/clips/private/common_voice_en_502497.opus,private
./data/macroset/en/clips/private/common_voice_en_21885850.opus,private
./data/macroset/en/clips/begin/common_voice_en_17451505.opus,begin
./data/macroset/en/clips/begin/common_voice_en_21021215.opus,begin
./data/macroset/en/clips/begin/common_voice_en_18466551.opus,begin
./data/macroset/en/clips/begin/common_voice_en_18094887.opus,begin
./data/macroset/en/clips/begin/common_voice_en_18401645.opus,begin
./data/macroset/en/clips/varieties/common_voice_en_22291542.opus,varieties
./data/macroset/en/clips/varieties/common_voice_en_21335871.opus,varieties
./data/macroset/en/clips/varieties/common_voice_en_20309983.opus,varieties
./data/macroset/en/clips/varieties/common_voice_en_18605904.opus,varieties
./data/macroset/en/clips/varieties/common_voice_en_21320255.opus,varieties
./data/macroset/en/clips/drafted/common_voice_en_20315944.opus,drafted
./data/macroset/en/clips/drafted/common_voice_en_21284849.opus,drafted
./data/macroset/en/clips/drafted/common_voice_en_20226360.opus,drafted
./data/macroset/en/clips/drafted/common_voice_en_19550668.opus,drafted
./data/macroset/en/clips/drafted/common_voice_en_20214960.opus,drafted
./data/macroset/en/clips/respects/common_voice_en_20848179.opus,respects
./data/macroset/en/clips/respects/common_voice_en_20484394.opus,respects
./data/macroset/en/clips/respects/common_voice_en_21281286.opus,respects
./data/macroset/en/clips/respects/common_voice_en_20189484.opus,respects
./data/macroset/en/clips/respects/common_voice_en_20490094.opus,respects
./data/macroset/en/clips/composed/common_voice_en_22224582.opus,composed
./data/macroset/en/clips/composed/common_voice_en_20162946.opus,composed
./data/macroset/en/clips/composed/common_voice_en_20391257.opus,composed
./data/macroset/en/clips/composed/common_voice_en_20863149.opus,composed
./data/macroset/en/clips/composed/common_voice_en_19536878.opus,composed
./data/macroset/en/clips/adorned/common_voice_en_21103765.opus,adorned
./data/macroset/en/clips/adorned/common_voice_en_19533827.opus,adorned
./data/macroset/en/clips/adorned/common_voice_en_78759.opus,adorned
./data/macroset/en/clips/adorned/common_voice_en_686412.opus,adorned
./data/macroset/en/clips/adorned/common_voice_en_21478096.opus,adorned
./data/macroset/en/clips/raymond/common_voice_en_17474485.opus,raymond
./data/macroset/en/clips/raymond/common_voice_en_19537971.opus,raymond
./data/macroset/en/clips/raymond/common_voice_en_17275741.opus,raymond
./data/macroset/en/clips/raymond/common_voice_en_17490527.opus,raymond
./data/macroset/en/clips/raymond/common_voice_en_17653206.opus,raymond
./data/macroset/en/clips/wharf/common_voice_en_19951832.opus,wharf
./data/macroset/en/clips/wharf/common_voice_en_19165804.opus,wharf
./data/macroset/en/clips/wharf/common_voice_en_18741459.opus,wharf
./data/macroset/en/clips/wharf/common_voice_en_17957520.opus,wharf
./data/macroset/en/clips/wharf/common_voice_en_18090865.opus,wharf
./data/macroset/en/clips/somewhere/common_voice_en_17541638.opus,somewhere
./data/macroset/en/clips/somewhere/common_voice_en_114673.opus,somewhere
./data/macroset/en/clips/somewhere/common_voice_en_74962.opus,somewhere
./data/macroset/en/clips/somewhere/common_voice_en_64370.opus,somewhere
./data/macroset/en/clips/somewhere/common_voice_en_678190.opus,somewhere
./data/macroset/en/clips/phosphorus/common_voice_en_19546451.opus,phosphorus
./data/macroset/en/clips/phosphorus/common_voice_en_182925.opus,phosphorus
./data/macroset/en/clips/phosphorus/common_voice_en_675954.opus,phosphorus
./data/macroset/en/clips/phosphorus/common_voice_en_19949969.opus,phosphorus
./data/macroset/en/clips/phosphorus/common_voice_en_647729.opus,phosphorus
./data/macroset/en/clips/drip/common_voice_en_19347717.opus,drip
./data/macroset/en/clips/drip/common_voice_en_18132700.opus,drip
./data/macroset/en/clips/drip/common_voice_en_11820309.opus,drip
./data/macroset/en/clips/drip/common_voice_en_628542.opus,drip
./data/macroset/en/clips/drip/common_voice_en_448502.opus,drip
./data/macroset/en/clips/belong/common_voice_en_20725171.opus,belong
./data/macroset/en/clips/belong/common_voice_en_632160.opus,belong
./data/macroset/en/clips/belong/common_voice_en_21877927.opus,belong
./data/macroset/en/clips/belong/common_voice_en_22346255.opus,belong
./data/macroset/en/clips/belong/common_voice_en_585646.opus,belong
./data/macroset/en/clips/put/common_voice_en_614317.opus,put
./data/macroset/en/clips/put/common_voice_en_18261884.opus,put
./data/macroset/en/clips/put/common_voice_en_60737.opus,put
./data/macroset/en/clips/put/common_voice_en_643157.opus,put
./data/macroset/en/clips/put/common_voice_en_18329317.opus,put
./data/macroset/en/clips/renaissance/common_voice_en_21824247.opus,renaissance
./data/macroset/en/clips/renaissance/common_voice_en_19417063.opus,renaissance
./data/macroset/en/clips/renaissance/common_voice_en_20276397.opus,renaissance
./data/macroset/en/clips/renaissance/common_voice_en_19552236.opus,renaissance
./data/macroset/en/clips/renaissance/common_voice_en_19740796.opus,renaissance
./data/macroset/en/clips/caribbean/common_voice_en_22295481.opus,caribbean
./data/macroset/en/clips/caribbean/common_voice_en_21107708.opus,caribbean
./data/macroset/en/clips/caribbean/common_voice_en_20527755.opus,caribbean
./data/macroset/en/clips/caribbean/common_voice_en_18978469.opus,caribbean
./data/macroset/en/clips/caribbean/common_voice_en_21415809.opus,caribbean
./data/macroset/en/clips/tribesmen/common_voice_en_579789.opus,tribesmen
./data/macroset/en/clips/tribesmen/common_voice_en_477826.opus,tribesmen
./data/macroset/en/clips/tribesmen/common_voice_en_483466.opus,tribesmen
./data/macroset/en/clips/tribesmen/common_voice_en_21351931.opus,tribesmen
./data/macroset/en/clips/tribesmen/common_voice_en_22467081.opus,tribesmen
./data/macroset/en/clips/mediterranean/common_voice_en_20883407.opus,mediterranean
./data/macroset/en/clips/mediterranean/common_voice_en_21905152.opus,mediterranean
./data/macroset/en/clips/mediterranean/common_voice_en_19544070.opus,mediterranean
./data/macroset/en/clips/mediterranean/common_voice_en_20546703.opus,mediterranean
./data/macroset/en/clips/mediterranean/common_voice_en_591877.opus,mediterranean
./data/macroset/en/clips/youtube/common_voice_en_20205091.opus,youtube
./data/macroset/en/clips/youtube/common_voice_en_18822472.opus,youtube
./data/macroset/en/clips/youtube/common_voice_en_19694220.opus,youtube
./data/macroset/en/clips/youtube/common_voice_en_690493.opus,youtube
./data/macroset/en/clips/youtube/common_voice_en_20868843.opus,youtube
./data/macroset/en/clips/ugly/common_voice_en_11351634.opus,ugly
./data/macroset/en/clips/ugly/common_voice_en_16123937.opus,ugly
./data/macroset/en/clips/ugly/common_voice_en_21376103.opus,ugly
./data/macroset/en/clips/ugly/common_voice_en_17255687.opus,ugly
./data/macroset/en/clips/ugly/common_voice_en_19497452.opus,ugly
./data/macroset/en/clips/whom/common_voice_en_20457310.opus,whom
./data/macroset/en/clips/whom/common_voice_en_17325573.opus,whom
./data/macroset/en/clips/whom/common_voice_en_19957562.opus,whom
./data/macroset/en/clips/whom/common_voice_en_19847183.opus,whom
./data/macroset/en/clips/whom/common_voice_en_19431222.opus,whom
./data/macroset/en/clips/diagnosis/common_voice_en_534223.opus,diagnosis
./data/macroset/en/clips/diagnosis/common_voice_en_17899477.opus,diagnosis
./data/macroset/en/clips/diagnosis/common_voice_en_681992.opus,diagnosis
./data/macroset/en/clips/diagnosis/common_voice_en_18125793.opus,diagnosis
./data/macroset/en/clips/diagnosis/common_voice_en_22430921.opus,diagnosis
./data/macroset/en/clips/secure/common_voice_en_506703.opus,secure
./data/macroset/en/clips/secure/common_voice_en_22228518.opus,secure
./data/macroset/en/clips/secure/common_voice_en_19036613.opus,secure
./data/macroset/en/clips/secure/common_voice_en_253718.opus,secure
./data/macroset/en/clips/secure/common_voice_en_19579259.opus,secure
./data/macroset/en/clips/thud/common_voice_en_546253.opus,thud
./data/macroset/en/clips/thud/common_voice_en_628076.opus,thud
./data/macroset/en/clips/thud/common_voice_en_487691.opus,thud
./data/macroset/en/clips/thud/common_voice_en_213909.opus,thud
./data/macroset/en/clips/thud/common_voice_en_66960.opus,thud
./data/macroset/en/clips/early/common_voice_en_535695.opus,early
./data/macroset/en/clips/early/common_voice_en_90446.opus,early
./data/macroset/en/clips/early/common_voice_en_20373039.opus,early
./data/macroset/en/clips/early/common_voice_en_18713091.opus,early
./data/macroset/en/clips/early/common_voice_en_1637.opus,early
./data/macroset/en/clips/convicted/common_voice_en_21411281.opus,convicted
./data/macroset/en/clips/convicted/common_voice_en_22325924.opus,convicted
./data/macroset/en/clips/convicted/common_voice_en_22431613.opus,convicted
./data/macroset/en/clips/convicted/common_voice_en_20052045.opus,convicted
./data/macroset/en/clips/convicted/common_voice_en_20818086.opus,convicted
./data/macroset/en/clips/authorized/common_voice_en_20864077.opus,authorized
./data/macroset/en/clips/authorized/common_voice_en_21356396.opus,authorized
./data/macroset/en/clips/authorized/common_voice_en_21858039.opus,authorized
./data/macroset/en/clips/authorized/common_voice_en_19539468.opus,authorized
./data/macroset/en/clips/authorized/common_voice_en_20629403.opus,authorized
./data/macroset/en/clips/snacking/common_voice_en_25115.opus,snacking
./data/macroset/en/clips/snacking/common_voice_en_686611.opus,snacking
./data/macroset/en/clips/snacking/common_voice_en_664876.opus,snacking
./data/macroset/en/clips/snacking/common_voice_en_609283.opus,snacking
./data/macroset/en/clips/snacking/common_voice_en_278137.opus,snacking
./data/macroset/en/clips/fibre/common_voice_en_556555.opus,fibre
./data/macroset/en/clips/fibre/common_voice_en_205723.opus,fibre
./data/macroset/en/clips/fibre/common_voice_en_18297239.opus,fibre
./data/macroset/en/clips/fibre/common_voice_en_22287336.opus,fibre
./data/macroset/en/clips/fibre/common_voice_en_188327.opus,fibre
./data/macroset/en/clips/cans/common_voice_en_5559144.opus,cans
./data/macroset/en/clips/cans/common_voice_en_21333865.opus,cans
./data/macroset/en/clips/cans/common_voice_en_18812636.opus,cans
./data/macroset/en/clips/cans/common_voice_en_19113858.opus,cans
./data/macroset/en/clips/cans/common_voice_en_18109772.opus,cans
./data/macroset/en/clips/fly/common_voice_en_6923100.opus,fly
./data/macroset/en/clips/fly/common_voice_en_19557756.opus,fly
./data/macroset/en/clips/fly/common_voice_en_17393059.opus,fly
./data/macroset/en/clips/fly/common_voice_en_20927631.opus,fly
./data/macroset/en/clips/fly/common_voice_en_193052.opus,fly
./data/macroset/en/clips/drift/common_voice_en_659723.opus,drift
./data/macroset/en/clips/drift/common_voice_en_141006.opus,drift
./data/macroset/en/clips/drift/common_voice_en_689232.opus,drift
./data/macroset/en/clips/drift/common_voice_en_625948.opus,drift
./data/macroset/en/clips/drift/common_voice_en_559004.opus,drift
./data/macroset/en/clips/thanked/common_voice_en_23486.opus,thanked
./data/macroset/en/clips/thanked/common_voice_en_216509.opus,thanked
./data/macroset/en/clips/thanked/common_voice_en_534575.opus,thanked
./data/macroset/en/clips/thanked/common_voice_en_498489.opus,thanked
./data/macroset/en/clips/thanked/common_voice_en_20360.opus,thanked
./data/macroset/en/clips/closed/common_voice_en_20531936.opus,closed
./data/macroset/en/clips/closed/common_voice_en_18253166.opus,closed
./data/macroset/en/clips/closed/common_voice_en_18602246.opus,closed
./data/macroset/en/clips/closed/common_voice_en_207760.opus,closed
./data/macroset/en/clips/closed/common_voice_en_72224.opus,closed
./data/macroset/en/clips/stolen/common_voice_en_18078407.opus,stolen
./data/macroset/en/clips/stolen/common_voice_en_633720.opus,stolen
./data/macroset/en/clips/stolen/common_voice_en_683881.opus,stolen
./data/macroset/en/clips/stolen/common_voice_en_18403474.opus,stolen
./data/macroset/en/clips/stolen/common_voice_en_34548.opus,stolen
./data/macroset/en/clips/things/common_voice_en_8201.opus,things
./data/macroset/en/clips/things/common_voice_en_675032.opus,things
./data/macroset/en/clips/things/common_voice_en_58027.opus,things
./data/macroset/en/clips/things/common_voice_en_218020.opus,things
./data/macroset/en/clips/things/common_voice_en_18547158.opus,things
./data/macroset/en/clips/preference/common_voice_en_18811826.opus,preference
./data/macroset/en/clips/preference/common_voice_en_20696157.opus,preference
./data/macroset/en/clips/preference/common_voice_en_19468083.opus,preference
./data/macroset/en/clips/preference/common_voice_en_19740174.opus,preference
./data/macroset/en/clips/preference/common_voice_en_19660074.opus,preference
./data/macroset/en/clips/documented/common_voice_en_20322149.opus,documented
./data/macroset/en/clips/documented/common_voice_en_21731704.opus,documented
./data/macroset/en/clips/documented/common_voice_en_21506303.opus,documented
./data/macroset/en/clips/documented/common_voice_en_20861845.opus,documented
./data/macroset/en/clips/documented/common_voice_en_22023933.opus,documented
./data/macroset/en/clips/kate/common_voice_en_19864749.opus,kate
./data/macroset/en/clips/kate/common_voice_en_21701019.opus,kate
./data/macroset/en/clips/kate/common_voice_en_19623232.opus,kate
./data/macroset/en/clips/kate/common_voice_en_21767758.opus,kate
./data/macroset/en/clips/kate/common_voice_en_19141825.opus,kate
./data/macroset/en/clips/restrained/common_voice_en_418227.opus,restrained
./data/macroset/en/clips/restrained/common_voice_en_19678292.opus,restrained
./data/macroset/en/clips/restrained/common_voice_en_17274307.opus,restrained
./data/macroset/en/clips/restrained/common_voice_en_17266404.opus,restrained
./data/macroset/en/clips/restrained/common_voice_en_17812820.opus,restrained
./data/macroset/en/clips/belt/common_voice_en_18626582.opus,belt
./data/macroset/en/clips/belt/common_voice_en_50732.opus,belt
./data/macroset/en/clips/belt/common_voice_en_18840613.opus,belt
./data/macroset/en/clips/belt/common_voice_en_18865270.opus,belt
./data/macroset/en/clips/belt/common_voice_en_625474.opus,belt
./data/macroset/en/clips/bali/common_voice_en_17268001.opus,bali
./data/macroset/en/clips/bali/common_voice_en_17503149.opus,bali
./data/macroset/en/clips/bali/common_voice_en_17562032.opus,bali
./data/macroset/en/clips/bali/common_voice_en_17811922.opus,bali
./data/macroset/en/clips/bali/common_voice_en_17627879.opus,bali
./data/macroset/en/clips/pastures/common_voice_en_515656.opus,pastures
./data/macroset/en/clips/pastures/common_voice_en_19853490.opus,pastures
./data/macroset/en/clips/pastures/common_voice_en_18163053.opus,pastures
./data/macroset/en/clips/pastures/common_voice_en_17272713.opus,pastures
./data/macroset/en/clips/pastures/common_voice_en_18003776.opus,pastures
./data/macroset/en/clips/restrictions/common_voice_en_19580109.opus,restrictions
./data/macroset/en/clips/restrictions/common_voice_en_20703465.opus,restrictions
./data/macroset/en/clips/restrictions/common_voice_en_19646000.opus,restrictions
./data/macroset/en/clips/restrictions/common_voice_en_19111443.opus,restrictions
./data/macroset/en/clips/restrictions/common_voice_en_21047255.opus,restrictions
./data/macroset/en/clips/pocket/common_voice_en_316998.opus,pocket
./data/macroset/en/clips/pocket/common_voice_en_595772.opus,pocket
./data/macroset/en/clips/pocket/common_voice_en_512492.opus,pocket
./data/macroset/en/clips/pocket/common_voice_en_552287.opus,pocket
./data/macroset/en/clips/pocket/common_voice_en_498771.opus,pocket
./data/macroset/en/clips/edge/common_voice_en_20132030.opus,edge
./data/macroset/en/clips/edge/common_voice_en_20299851.opus,edge
./data/macroset/en/clips/edge/common_voice_en_19772923.opus,edge
./data/macroset/en/clips/edge/common_voice_en_19032391.opus,edge
./data/macroset/en/clips/edge/common_voice_en_19758413.opus,edge
./data/macroset/en/clips/flammable/common_voice_en_641895.opus,flammable
./data/macroset/en/clips/flammable/common_voice_en_22468769.opus,flammable
./data/macroset/en/clips/flammable/common_voice_en_19260750.opus,flammable
./data/macroset/en/clips/flammable/common_voice_en_492841.opus,flammable
./data/macroset/en/clips/flammable/common_voice_en_1344680.opus,flammable
./data/macroset/en/clips/minister/common_voice_en_21981863.opus,minister
./data/macroset/en/clips/minister/common_voice_en_20283740.opus,minister
./data/macroset/en/clips/minister/common_voice_en_20363418.opus,minister
./data/macroset/en/clips/minister/common_voice_en_598135.opus,minister
./data/macroset/en/clips/minister/common_voice_en_18491672.opus,minister
./data/macroset/en/clips/tnt/common_voice_en_596122.opus,tnt
./data/macroset/en/clips/tnt/common_voice_en_588333.opus,tnt
./data/macroset/en/clips/tnt/common_voice_en_17259011.opus,tnt
./data/macroset/en/clips/tnt/common_voice_en_17286164.opus,tnt
./data/macroset/en/clips/tnt/common_voice_en_17941165.opus,tnt
./data/macroset/en/clips/progressed/common_voice_en_20148574.opus,progressed
./data/macroset/en/clips/progressed/common_voice_en_18816380.opus,progressed
./data/macroset/en/clips/progressed/common_voice_en_21563134.opus,progressed
./data/macroset/en/clips/progressed/common_voice_en_19582587.opus,progressed
./data/macroset/en/clips/progressed/common_voice_en_20593253.opus,progressed
./data/macroset/en/clips/write/common_voice_en_146293.opus,write
./data/macroset/en/clips/write/common_voice_en_18162492.opus,write
./data/macroset/en/clips/write/common_voice_en_502838.opus,write
./data/macroset/en/clips/write/common_voice_en_96991.opus,write
./data/macroset/en/clips/write/common_voice_en_563303.opus,write
./data/macroset/en/clips/bees/common_voice_en_18662724.opus,bees
./data/macroset/en/clips/bees/common_voice_en_18750285.opus,bees
./data/macroset/en/clips/bees/common_voice_en_17871506.opus,bees
./data/macroset/en/clips/bees/common_voice_en_21367745.opus,bees
./data/macroset/en/clips/bees/common_voice_en_22398241.opus,bees
./data/macroset/en/clips/researcher/common_voice_en_20574796.opus,researcher
./data/macroset/en/clips/researcher/common_voice_en_18043631.opus,researcher
./data/macroset/en/clips/researcher/common_voice_en_18583697.opus,researcher
./data/macroset/en/clips/researcher/common_voice_en_21243351.opus,researcher
./data/macroset/en/clips/researcher/common_voice_en_19501228.opus,researcher
./data/macroset/en/clips/frog/common_voice_en_461084.opus,frog
./data/macroset/en/clips/frog/common_voice_en_29116.opus,frog
./data/macroset/en/clips/frog/common_voice_en_4578442.opus,frog
./data/macroset/en/clips/frog/common_voice_en_558290.opus,frog
./data/macroset/en/clips/frog/common_voice_en_368719.opus,frog
./data/macroset/en/clips/emblem/common_voice_en_19958580.opus,emblem
./data/macroset/en/clips/emblem/common_voice_en_20798097.opus,emblem
./data/macroset/en/clips/emblem/common_voice_en_22236427.opus,emblem
./data/macroset/en/clips/emblem/common_voice_en_21763750.opus,emblem
./data/macroset/en/clips/emblem/common_voice_en_21431906.opus,emblem
./data/macroset/en/clips/plague/common_voice_en_21846261.opus,plague
./data/macroset/en/clips/plague/common_voice_en_18155086.opus,plague
./data/macroset/en/clips/plague/common_voice_en_20873052.opus,plague
./data/macroset/en/clips/plague/common_voice_en_2020967.opus,plague
./data/macroset/en/clips/plague/common_voice_en_18851483.opus,plague
./data/macroset/en/clips/socialize/common_voice_en_17725662.opus,socialize
./data/macroset/en/clips/socialize/common_voice_en_546972.opus,socialize
./data/macroset/en/clips/socialize/common_voice_en_18061427.opus,socialize
./data/macroset/en/clips/socialize/common_voice_en_17280879.opus,socialize
./data/macroset/en/clips/socialize/common_voice_en_17962641.opus,socialize
./data/macroset/en/clips/dam/common_voice_en_19700850.opus,dam
./data/macroset/en/clips/dam/common_voice_en_18525961.opus,dam
./data/macroset/en/clips/dam/common_voice_en_20111111.opus,dam
./data/macroset/en/clips/dam/common_voice_en_385327.opus,dam
./data/macroset/en/clips/dam/common_voice_en_20261565__2.opus,dam
./data/macroset/en/clips/married/common_voice_en_19696569.opus,married
./data/macroset/en/clips/married/common_voice_en_20883049.opus,married
./data/macroset/en/clips/married/common_voice_en_19817200.opus,married
./data/macroset/en/clips/married/common_voice_en_490109.opus,married
./data/macroset/en/clips/married/common_voice_en_20462415.opus,married
./data/macroset/en/clips/wong/common_voice_en_18954707.opus,wong
./data/macroset/en/clips/wong/common_voice_en_19777043.opus,wong
./data/macroset/en/clips/wong/common_voice_en_19710275.opus,wong
./data/macroset/en/clips/wong/common_voice_en_20012846.opus,wong
./data/macroset/en/clips/wong/common_voice_en_21853713.opus,wong
./data/macroset/en/clips/analysis/common_voice_en_18545416.opus,analysis
./data/macroset/en/clips/analysis/common_voice_en_19493339.opus,analysis
./data/macroset/en/clips/analysis/common_voice_en_19359699.opus,analysis
./data/macroset/en/clips/analysis/common_voice_en_1895609.opus,analysis
./data/macroset/en/clips/analysis/common_voice_en_22443520.opus,analysis
./data/macroset/en/clips/internationally/common_voice_en_20161899.opus,internationally
./data/macroset/en/clips/internationally/common_voice_en_19908316.opus,internationally
./data/macroset/en/clips/internationally/common_voice_en_19751998.opus,internationally
./data/macroset/en/clips/internationally/common_voice_en_20403029.opus,internationally
./data/macroset/en/clips/internationally/common_voice_en_21853971.opus,internationally
./data/macroset/en/clips/unlock/common_voice_en_33751.opus,unlock
./data/macroset/en/clips/unlock/common_voice_en_576011.opus,unlock
./data/macroset/en/clips/unlock/common_voice_en_554608.opus,unlock
./data/macroset/en/clips/unlock/common_voice_en_500563.opus,unlock
./data/macroset/en/clips/unlock/common_voice_en_181631.opus,unlock
./data/macroset/en/clips/terminated/common_voice_en_19836810.opus,terminated
./data/macroset/en/clips/terminated/common_voice_en_21277237.opus,terminated
./data/macroset/en/clips/terminated/common_voice_en_19415495.opus,terminated
./data/macroset/en/clips/terminated/common_voice_en_19546394.opus,terminated
./data/macroset/en/clips/terminated/common_voice_en_19597238.opus,terminated
./data/macroset/en/clips/scattering/common_voice_en_18956340.opus,scattering
./data/macroset/en/clips/scattering/common_voice_en_643058.opus,scattering
./data/macroset/en/clips/scattering/common_voice_en_18139420.opus,scattering
./data/macroset/en/clips/scattering/common_voice_en_649769.opus,scattering
./data/macroset/en/clips/scattering/common_voice_en_19707610.opus,scattering
./data/macroset/en/clips/request/common_voice_en_18017911.opus,request
./data/macroset/en/clips/request/common_voice_en_549546.opus,request
./data/macroset/en/clips/request/common_voice_en_19475076.opus,request
./data/macroset/en/clips/request/common_voice_en_18103840.opus,request
./data/macroset/en/clips/request/common_voice_en_18007906.opus,request
./data/macroset/en/clips/personnel/common_voice_en_19314345.opus,personnel
./data/macroset/en/clips/personnel/common_voice_en_21137743.opus,personnel
./data/macroset/en/clips/personnel/common_voice_en_19754363.opus,personnel
./data/macroset/en/clips/personnel/common_voice_en_20131752.opus,personnel
./data/macroset/en/clips/personnel/common_voice_en_19659100.opus,personnel
./data/macroset/en/clips/jessie/common_voice_en_644976.opus,jessie
./data/macroset/en/clips/jessie/common_voice_en_54183.opus,jessie
./data/macroset/en/clips/jessie/common_voice_en_523937.opus,jessie
./data/macroset/en/clips/jessie/common_voice_en_18453345.opus,jessie
./data/macroset/en/clips/jessie/common_voice_en_62736.opus,jessie
./data/macroset/en/clips/angry/common_voice_en_192340.opus,angry
./data/macroset/en/clips/angry/common_voice_en_19691862.opus,angry
./data/macroset/en/clips/angry/common_voice_en_18099074.opus,angry
./data/macroset/en/clips/angry/common_voice_en_17855792.opus,angry
./data/macroset/en/clips/angry/common_voice_en_216366.opus,angry
./data/macroset/en/clips/dwarf/common_voice_en_19910941.opus,dwarf
./data/macroset/en/clips/dwarf/common_voice_en_19863548.opus,dwarf
./data/macroset/en/clips/dwarf/common_voice_en_19093029.opus,dwarf
./data/macroset/en/clips/dwarf/common_voice_en_19705713.opus,dwarf
./data/macroset/en/clips/dwarf/common_voice_en_21928068.opus,dwarf
./data/macroset/en/clips/divide/common_voice_en_19855479.opus,divide
./data/macroset/en/clips/divide/common_voice_en_20896476.opus,divide
./data/macroset/en/clips/divide/common_voice_en_19993698.opus,divide
./data/macroset/en/clips/divide/common_voice_en_19498260.opus,divide
./data/macroset/en/clips/divide/common_voice_en_17948869.opus,divide
./data/macroset/en/clips/grandpa/common_voice_en_17863923.opus,grandpa
./data/macroset/en/clips/grandpa/common_voice_en_507545.opus,grandpa
./data/macroset/en/clips/grandpa/common_voice_en_499481.opus,grandpa
./data/macroset/en/clips/grandpa/common_voice_en_675017.opus,grandpa
./data/macroset/en/clips/grandpa/common_voice_en_6316260.opus,grandpa
./data/macroset/en/clips/voting/common_voice_en_19668407.opus,voting
./data/macroset/en/clips/voting/common_voice_en_21591717.opus,voting
./data/macroset/en/clips/voting/common_voice_en_20526230.opus,voting
./data/macroset/en/clips/voting/common_voice_en_21975540.opus,voting
./data/macroset/en/clips/voting/common_voice_en_19707369.opus,voting
./data/macroset/en/clips/duo/common_voice_en_20846738.opus,duo
./data/macroset/en/clips/duo/common_voice_en_20692112.opus,duo
./data/macroset/en/clips/duo/common_voice_en_21555509.opus,duo
./data/macroset/en/clips/duo/common_voice_en_19034649.opus,duo
./data/macroset/en/clips/duo/common_voice_en_20311556.opus,duo
./data/macroset/en/clips/butter/common_voice_en_6156412.opus,butter
./data/macroset/en/clips/butter/common_voice_en_657055.opus,butter
./data/macroset/en/clips/butter/common_voice_en_18125815.opus,butter
./data/macroset/en/clips/butter/common_voice_en_556715.opus,butter
./data/macroset/en/clips/butter/common_voice_en_19499644.opus,butter
./data/macroset/en/clips/epoch/common_voice_en_19945950.opus,epoch
./data/macroset/en/clips/epoch/common_voice_en_18113736.opus,epoch
./data/macroset/en/clips/epoch/common_voice_en_18105506.opus,epoch
./data/macroset/en/clips/epoch/common_voice_en_635359.opus,epoch
./data/macroset/en/clips/epoch/common_voice_en_592907.opus,epoch
./data/macroset/en/clips/ned/common_voice_en_208897.opus,ned
./data/macroset/en/clips/ned/common_voice_en_543163.opus,ned
./data/macroset/en/clips/ned/common_voice_en_57262.opus,ned
./data/macroset/en/clips/ned/common_voice_en_20228839.opus,ned
./data/macroset/en/clips/ned/common_voice_en_19641601.opus,ned
./data/macroset/en/clips/denounced/common_voice_en_20818160.opus,denounced
./data/macroset/en/clips/denounced/common_voice_en_20939375.opus,denounced
./data/macroset/en/clips/denounced/common_voice_en_19410194.opus,denounced
./data/macroset/en/clips/denounced/common_voice_en_19676016.opus,denounced
./data/macroset/en/clips/denounced/common_voice_en_20069072.opus,denounced
./data/macroset/en/clips/praised/common_voice_en_22305792.opus,praised
./data/macroset/en/clips/praised/common_voice_en_21309848.opus,praised
./data/macroset/en/clips/praised/common_voice_en_21741155.opus,praised
./data/macroset/en/clips/praised/common_voice_en_19131989.opus,praised
./data/macroset/en/clips/praised/common_voice_en_19977769.opus,praised
./data/macroset/en/clips/arises/common_voice_en_21438937.opus,arises
./data/macroset/en/clips/arises/common_voice_en_19798466.opus,arises
./data/macroset/en/clips/arises/common_voice_en_22382564.opus,arises
./data/macroset/en/clips/arises/common_voice_en_21728590.opus,arises
./data/macroset/en/clips/arises/common_voice_en_22293281.opus,arises
./data/macroset/en/clips/yanked/common_voice_en_77919.opus,yanked
./data/macroset/en/clips/yanked/common_voice_en_584790.opus,yanked
./data/macroset/en/clips/yanked/common_voice_en_500724.opus,yanked
./data/macroset/en/clips/yanked/common_voice_en_183491.opus,yanked
./data/macroset/en/clips/yanked/common_voice_en_567867.opus,yanked
./data/macroset/en/clips/lasted/common_voice_en_20669513.opus,lasted
./data/macroset/en/clips/lasted/common_voice_en_649924.opus,lasted
./data/macroset/en/clips/lasted/common_voice_en_486046.opus,lasted
./data/macroset/en/clips/lasted/common_voice_en_20576011.opus,lasted
./data/macroset/en/clips/lasted/common_voice_en_19681315.opus,lasted
./data/macroset/en/clips/adoption/common_voice_en_21079133.opus,adoption
./data/macroset/en/clips/adoption/common_voice_en_22375105.opus,adoption
./data/macroset/en/clips/adoption/common_voice_en_22229930.opus,adoption
./data/macroset/en/clips/adoption/common_voice_en_20466337.opus,adoption
./data/macroset/en/clips/adoption/common_voice_en_21792657.opus,adoption
./data/macroset/en/clips/adequate/common_voice_en_20846798.opus,adequate
./data/macroset/en/clips/adequate/common_voice_en_18974889.opus,adequate
./data/macroset/en/clips/adequate/common_voice_en_22355699.opus,adequate
./data/macroset/en/clips/adequate/common_voice_en_21233803.opus,adequate
./data/macroset/en/clips/adequate/common_voice_en_19130218.opus,adequate
./data/macroset/en/clips/sultan/common_voice_en_20220080.opus,sultan
./data/macroset/en/clips/sultan/common_voice_en_19975928.opus,sultan
./data/macroset/en/clips/sultan/common_voice_en_19511464.opus,sultan
./data/macroset/en/clips/sultan/common_voice_en_18939913.opus,sultan
./data/macroset/en/clips/sultan/common_voice_en_19698100.opus,sultan
./data/macroset/en/clips/terrain/common_voice_en_20204280.opus,terrain
./data/macroset/en/clips/terrain/common_voice_en_18988148.opus,terrain
./data/macroset/en/clips/terrain/common_voice_en_22115269.opus,terrain
./data/macroset/en/clips/terrain/common_voice_en_19594982.opus,terrain
./data/macroset/en/clips/terrain/common_voice_en_19561008.opus,terrain
./data/macroset/en/clips/rivalry/common_voice_en_18856112.opus,rivalry
./data/macroset/en/clips/rivalry/common_voice_en_19113831.opus,rivalry
./data/macroset/en/clips/rivalry/common_voice_en_19814805.opus,rivalry
./data/macroset/en/clips/rivalry/common_voice_en_20316154.opus,rivalry
./data/macroset/en/clips/rivalry/common_voice_en_21986863.opus,rivalry
./data/macroset/en/clips/marty/common_voice_en_599210.opus,marty
./data/macroset/en/clips/marty/common_voice_en_194668.opus,marty
./data/macroset/en/clips/marty/common_voice_en_656495.opus,marty
./data/macroset/en/clips/marty/common_voice_en_607340.opus,marty
./data/macroset/en/clips/marty/common_voice_en_199718.opus,marty
./data/macroset/en/clips/actively/common_voice_en_19507606.opus,actively
./data/macroset/en/clips/actively/common_voice_en_19676187.opus,actively
./data/macroset/en/clips/actively/common_voice_en_20537053.opus,actively
./data/macroset/en/clips/actively/common_voice_en_19792100.opus,actively
./data/macroset/en/clips/actively/common_voice_en_20321861.opus,actively
./data/macroset/en/clips/mackenzie/common_voice_en_19995894.opus,mackenzie
./data/macroset/en/clips/mackenzie/common_voice_en_19871860.opus,mackenzie
./data/macroset/en/clips/mackenzie/common_voice_en_21845946.opus,mackenzie
./data/macroset/en/clips/mackenzie/common_voice_en_20234152.opus,mackenzie
./data/macroset/en/clips/mackenzie/common_voice_en_19466202.opus,mackenzie
./data/macroset/en/clips/during/common_voice_en_17884807.opus,during
./data/macroset/en/clips/during/common_voice_en_20851580.opus,during
./data/macroset/en/clips/during/common_voice_en_603727.opus,during
./data/macroset/en/clips/during/common_voice_en_22271667.opus,during
./data/macroset/en/clips/during/common_voice_en_19204971.opus,during
./data/macroset/en/clips/oversized/common_voice_en_17252861.opus,oversized
./data/macroset/en/clips/oversized/common_voice_en_19613215.opus,oversized
./data/macroset/en/clips/oversized/common_voice_en_22344752.opus,oversized
./data/macroset/en/clips/oversized/common_voice_en_19501703.opus,oversized
./data/macroset/en/clips/oversized/common_voice_en_21508548.opus,oversized
./data/macroset/en/clips/india/common_voice_en_20110103.opus,india
./data/macroset/en/clips/india/common_voice_en_21782339.opus,india
./data/macroset/en/clips/india/common_voice_en_19281144.opus,india
./data/macroset/en/clips/india/common_voice_en_67419.opus,india
./data/macroset/en/clips/india/common_voice_en_21135178.opus,india
./data/macroset/en/clips/enlightened/common_voice_en_18008389.opus,enlightened
./data/macroset/en/clips/enlightened/common_voice_en_22053128.opus,enlightened
./data/macroset/en/clips/enlightened/common_voice_en_22267356.opus,enlightened
./data/macroset/en/clips/enlightened/common_voice_en_540310.opus,enlightened
./data/macroset/en/clips/enlightened/common_voice_en_17403970.opus,enlightened
./data/macroset/en/clips/beth/common_voice_en_207666.opus,beth
./data/macroset/en/clips/beth/common_voice_en_19975666.opus,beth
./data/macroset/en/clips/beth/common_voice_en_22344155.opus,beth
./data/macroset/en/clips/beth/common_voice_en_92769.opus,beth
./data/macroset/en/clips/beth/common_voice_en_19995891.opus,beth
./data/macroset/en/clips/certified/common_voice_en_53814.opus,certified
./data/macroset/en/clips/certified/common_voice_en_20761404.opus,certified
./data/macroset/en/clips/certified/common_voice_en_19693295.opus,certified
./data/macroset/en/clips/certified/common_voice_en_510177.opus,certified
./data/macroset/en/clips/certified/common_voice_en_570168.opus,certified
./data/macroset/en/clips/caesar/common_voice_en_657182.opus,caesar
./data/macroset/en/clips/caesar/common_voice_en_87697.opus,caesar
./data/macroset/en/clips/caesar/common_voice_en_19591233.opus,caesar
./data/macroset/en/clips/caesar/common_voice_en_76042.opus,caesar
./data/macroset/en/clips/caesar/common_voice_en_21380019.opus,caesar
./data/macroset/en/clips/nobel/common_voice_en_1857960.opus,nobel
./data/macroset/en/clips/nobel/common_voice_en_18781934.opus,nobel
./data/macroset/en/clips/nobel/common_voice_en_21530177.opus,nobel
./data/macroset/en/clips/nobel/common_voice_en_21345795.opus,nobel
./data/macroset/en/clips/nobel/common_voice_en_22067904.opus,nobel
./data/macroset/en/clips/pickled/common_voice_en_18144335.opus,pickled
./data/macroset/en/clips/pickled/common_voice_en_19561639.opus,pickled
./data/macroset/en/clips/pickled/common_voice_en_17776727.opus,pickled
./data/macroset/en/clips/pickled/common_voice_en_17444994.opus,pickled
./data/macroset/en/clips/pickled/common_voice_en_18126303.opus,pickled
./data/macroset/en/clips/discover/common_voice_en_22051689.opus,discover
./data/macroset/en/clips/discover/common_voice_en_21425911.opus,discover
./data/macroset/en/clips/discover/common_voice_en_20240305.opus,discover
./data/macroset/en/clips/discover/common_voice_en_20184795.opus,discover
./data/macroset/en/clips/discover/common_voice_en_19624544.opus,discover
./data/macroset/en/clips/communities/common_voice_en_22007786.opus,communities
./data/macroset/en/clips/communities/common_voice_en_20756804.opus,communities
./data/macroset/en/clips/communities/common_voice_en_20761495.opus,communities
./data/macroset/en/clips/communities/common_voice_en_20183081.opus,communities
./data/macroset/en/clips/communities/common_voice_en_19766238.opus,communities
./data/macroset/en/clips/reiterated/common_voice_en_607788.opus,reiterated
./data/macroset/en/clips/reiterated/common_voice_en_215103.opus,reiterated
./data/macroset/en/clips/reiterated/common_voice_en_27153.opus,reiterated
./data/macroset/en/clips/reiterated/common_voice_en_500048.opus,reiterated
./data/macroset/en/clips/reiterated/common_voice_en_52664.opus,reiterated
./data/macroset/en/clips/furiously/common_voice_en_631244.opus,furiously
./data/macroset/en/clips/furiously/common_voice_en_698158.opus,furiously
./data/macroset/en/clips/furiously/common_voice_en_316791.opus,furiously
./data/macroset/en/clips/furiously/common_voice_en_212387.opus,furiously
./data/macroset/en/clips/furiously/common_voice_en_44748.opus,furiously
./data/macroset/en/clips/dot/common_voice_en_484812.opus,dot
./data/macroset/en/clips/dot/common_voice_en_581602.opus,dot
./data/macroset/en/clips/dot/common_voice_en_650982.opus,dot
./data/macroset/en/clips/dot/common_voice_en_21839772.opus,dot
./data/macroset/en/clips/dot/common_voice_en_21102799.opus,dot
./data/macroset/en/clips/crews/common_voice_en_22047626.opus,crews
./data/macroset/en/clips/crews/common_voice_en_20114671.opus,crews
./data/macroset/en/clips/crews/common_voice_en_20135872.opus,crews
./data/macroset/en/clips/crews/common_voice_en_19214811.opus,crews
./data/macroset/en/clips/crews/common_voice_en_21257070.opus,crews
./data/macroset/en/clips/cartoon/common_voice_en_21766606.opus,cartoon
./data/macroset/en/clips/cartoon/common_voice_en_21620050.opus,cartoon
./data/macroset/en/clips/cartoon/common_voice_en_21644399.opus,cartoon
./data/macroset/en/clips/cartoon/common_voice_en_21934431.opus,cartoon
./data/macroset/en/clips/cartoon/common_voice_en_19248931.opus,cartoon
./data/macroset/en/clips/protestant/common_voice_en_20735808.opus,protestant
./data/macroset/en/clips/protestant/common_voice_en_19994842.opus,protestant
./data/macroset/en/clips/protestant/common_voice_en_19624730.opus,protestant
./data/macroset/en/clips/protestant/common_voice_en_20260882.opus,protestant
./data/macroset/en/clips/protestant/common_voice_en_20851684.opus,protestant
./data/macroset/en/clips/listing/common_voice_en_20038765.opus,listing
./data/macroset/en/clips/listing/common_voice_en_20449110.opus,listing
./data/macroset/en/clips/listing/common_voice_en_20788415.opus,listing
./data/macroset/en/clips/listing/common_voice_en_20092735.opus,listing
./data/macroset/en/clips/listing/common_voice_en_19814171.opus,listing
./data/macroset/en/clips/rick/common_voice_en_18772865.opus,rick
./data/macroset/en/clips/rick/common_voice_en_332710.opus,rick
./data/macroset/en/clips/rick/common_voice_en_19792409.opus,rick
./data/macroset/en/clips/rick/common_voice_en_20454843.opus,rick
./data/macroset/en/clips/rick/common_voice_en_22378983.opus,rick
./data/macroset/en/clips/finding/common_voice_en_52464.opus,finding
./data/macroset/en/clips/finding/common_voice_en_518424.opus,finding
./data/macroset/en/clips/finding/common_voice_en_17531577.opus,finding
./data/macroset/en/clips/finding/common_voice_en_20217.opus,finding
./data/macroset/en/clips/finding/common_voice_en_76710.opus,finding
./data/macroset/en/clips/photograph/common_voice_en_494534.opus,photograph
./data/macroset/en/clips/photograph/common_voice_en_571331.opus,photograph
./data/macroset/en/clips/photograph/common_voice_en_201561.opus,photograph
./data/macroset/en/clips/photograph/common_voice_en_20877005.opus,photograph
./data/macroset/en/clips/photograph/common_voice_en_55644.opus,photograph
./data/macroset/en/clips/there’s/common_voice_en_18661741.opus,there’s
./data/macroset/en/clips/there’s/common_voice_en_19634350.opus,there’s
./data/macroset/en/clips/there’s/common_voice_en_18580165.opus,there’s
./data/macroset/en/clips/there’s/common_voice_en_18646829.opus,there’s
./data/macroset/en/clips/there’s/common_voice_en_20348106.opus,there’s
./data/macroset/en/clips/sniff/common_voice_en_13781208.opus,sniff
./data/macroset/en/clips/sniff/common_voice_en_18078399.opus,sniff
./data/macroset/en/clips/sniff/common_voice_en_388989.opus,sniff
./data/macroset/en/clips/sniff/common_voice_en_17257444.opus,sniff
./data/macroset/en/clips/sniff/common_voice_en_17263152.opus,sniff
./data/macroset/en/clips/quit/common_voice_en_697480.opus,quit
./data/macroset/en/clips/quit/common_voice_en_215440.opus,quit
./data/macroset/en/clips/quit/common_voice_en_18498672.opus,quit
./data/macroset/en/clips/quit/common_voice_en_631714.opus,quit
./data/macroset/en/clips/quit/common_voice_en_531453.opus,quit
./data/macroset/en/clips/preparing/common_voice_en_57407.opus,preparing
./data/macroset/en/clips/preparing/common_voice_en_96571.opus,preparing
./data/macroset/en/clips/preparing/common_voice_en_618047.opus,preparing
./data/macroset/en/clips/preparing/common_voice_en_594553.opus,preparing
./data/macroset/en/clips/preparing/common_voice_en_567805.opus,preparing
./data/macroset/en/clips/respiratory/common_voice_en_20878124.opus,respiratory
./data/macroset/en/clips/respiratory/common_voice_en_22253203.opus,respiratory
./data/macroset/en/clips/respiratory/common_voice_en_19856540.opus,respiratory
./data/macroset/en/clips/respiratory/common_voice_en_19045067.opus,respiratory
./data/macroset/en/clips/respiratory/common_voice_en_21439152.opus,respiratory
./data/macroset/en/clips/rage/common_voice_en_41056.opus,rage
./data/macroset/en/clips/rage/common_voice_en_22121785.opus,rage
./data/macroset/en/clips/rage/common_voice_en_551488.opus,rage
./data/macroset/en/clips/rage/common_voice_en_19974468.opus,rage
./data/macroset/en/clips/rage/common_voice_en_663375.opus,rage
./data/macroset/en/clips/fleece/common_voice_en_19847228.opus,fleece
./data/macroset/en/clips/fleece/common_voice_en_17825153.opus,fleece
./data/macroset/en/clips/fleece/common_voice_en_18075500.opus,fleece
./data/macroset/en/clips/fleece/common_voice_en_7706578.opus,fleece
./data/macroset/en/clips/fleece/common_voice_en_17293558.opus,fleece
./data/macroset/en/clips/managers/common_voice_en_20962776.opus,managers
./data/macroset/en/clips/managers/common_voice_en_18884062.opus,managers
./data/macroset/en/clips/managers/common_voice_en_22173562.opus,managers
./data/macroset/en/clips/managers/common_voice_en_21364026.opus,managers
./data/macroset/en/clips/managers/common_voice_en_22329740.opus,managers
./data/macroset/en/clips/raven/common_voice_en_511977.opus,raven
./data/macroset/en/clips/raven/common_voice_en_20271595.opus,raven
./data/macroset/en/clips/raven/common_voice_en_45890.opus,raven
./data/macroset/en/clips/raven/common_voice_en_586397.opus,raven
./data/macroset/en/clips/raven/common_voice_en_20550852.opus,raven
./data/macroset/en/clips/relativity/common_voice_en_371131.opus,relativity
./data/macroset/en/clips/relativity/common_voice_en_762362.opus,relativity
./data/macroset/en/clips/relativity/common_voice_en_17932291.opus,relativity
./data/macroset/en/clips/relativity/common_voice_en_21256871.opus,relativity
./data/macroset/en/clips/relativity/common_voice_en_18412787.opus,relativity
./data/macroset/en/clips/essential/common_voice_en_22445697.opus,essential
./data/macroset/en/clips/essential/common_voice_en_21430162.opus,essential
./data/macroset/en/clips/essential/common_voice_en_18645464.opus,essential
./data/macroset/en/clips/essential/common_voice_en_43927.opus,essential
./data/macroset/en/clips/essential/common_voice_en_18573336.opus,essential
./data/macroset/en/clips/fisherman/common_voice_en_20892909.opus,fisherman
./data/macroset/en/clips/fisherman/common_voice_en_20089480.opus,fisherman
./data/macroset/en/clips/fisherman/common_voice_en_20778830.opus,fisherman
./data/macroset/en/clips/fisherman/common_voice_en_21758198.opus,fisherman
./data/macroset/en/clips/fisherman/common_voice_en_19650847.opus,fisherman
./data/macroset/en/clips/experiences/common_voice_en_21975013.opus,experiences
./data/macroset/en/clips/experiences/common_voice_en_18255290.opus,experiences
./data/macroset/en/clips/experiences/common_voice_en_18840372.opus,experiences
./data/macroset/en/clips/experiences/common_voice_en_19910971.opus,experiences
./data/macroset/en/clips/experiences/common_voice_en_629109.opus,experiences
./data/macroset/en/clips/hundreds/common_voice_en_584085.opus,hundreds
./data/macroset/en/clips/hundreds/common_voice_en_19958655.opus,hundreds
./data/macroset/en/clips/hundreds/common_voice_en_540884.opus,hundreds
./data/macroset/en/clips/hundreds/common_voice_en_187367.opus,hundreds
./data/macroset/en/clips/hundreds/common_voice_en_603413.opus,hundreds
./data/macroset/en/clips/cells/common_voice_en_22001489.opus,cells
./data/macroset/en/clips/cells/common_voice_en_19087559__2.opus,cells
./data/macroset/en/clips/cells/common_voice_en_19596067.opus,cells
./data/macroset/en/clips/cells/common_voice_en_19718577.opus,cells
./data/macroset/en/clips/cells/common_voice_en_21975996.opus,cells
./data/macroset/en/clips/plaza/common_voice_en_590871.opus,plaza
./data/macroset/en/clips/plaza/common_voice_en_497899.opus,plaza
./data/macroset/en/clips/plaza/common_voice_en_19609897.opus,plaza
./data/macroset/en/clips/plaza/common_voice_en_523920.opus,plaza
./data/macroset/en/clips/plaza/common_voice_en_21712973.opus,plaza
./data/macroset/en/clips/mostly/common_voice_en_18753372.opus,mostly
./data/macroset/en/clips/mostly/common_voice_en_17292901.opus,mostly
./data/macroset/en/clips/mostly/common_voice_en_20715474.opus,mostly
./data/macroset/en/clips/mostly/common_voice_en_22299768.opus,mostly
./data/macroset/en/clips/mostly/common_voice_en_19767834.opus,mostly
./data/macroset/en/clips/manuscripts/common_voice_en_19139726.opus,manuscripts
./data/macroset/en/clips/manuscripts/common_voice_en_22420413.opus,manuscripts
./data/macroset/en/clips/manuscripts/common_voice_en_19131426.opus,manuscripts
./data/macroset/en/clips/manuscripts/common_voice_en_20065905.opus,manuscripts
./data/macroset/en/clips/manuscripts/common_voice_en_20068200.opus,manuscripts
./data/macroset/en/clips/monument/common_voice_en_20641778.opus,monument
./data/macroset/en/clips/monument/common_voice_en_18770293.opus,monument
./data/macroset/en/clips/monument/common_voice_en_20687613.opus,monument
./data/macroset/en/clips/monument/common_voice_en_17329079.opus,monument
./data/macroset/en/clips/monument/common_voice_en_501366.opus,monument
./data/macroset/en/clips/londoners/common_voice_en_17147824.opus,londoners
./data/macroset/en/clips/londoners/common_voice_en_672529.opus,londoners
./data/macroset/en/clips/londoners/common_voice_en_24141.opus,londoners
./data/macroset/en/clips/londoners/common_voice_en_532174.opus,londoners
./data/macroset/en/clips/londoners/common_voice_en_20168064.opus,londoners
./data/macroset/en/clips/invincible/common_voice_en_19719634.opus,invincible
./data/macroset/en/clips/invincible/common_voice_en_17393979.opus,invincible
./data/macroset/en/clips/invincible/common_voice_en_17735952.opus,invincible
./data/macroset/en/clips/invincible/common_voice_en_17282483.opus,invincible
./data/macroset/en/clips/invincible/common_voice_en_615242.opus,invincible
./data/macroset/en/clips/scanning/common_voice_en_692555.opus,scanning
./data/macroset/en/clips/scanning/common_voice_en_22350307.opus,scanning
./data/macroset/en/clips/scanning/common_voice_en_89597.opus,scanning
./data/macroset/en/clips/scanning/common_voice_en_512251.opus,scanning
./data/macroset/en/clips/scanning/common_voice_en_20327992.opus,scanning
./data/macroset/en/clips/administration/common_voice_en_19597570.opus,administration
./data/macroset/en/clips/administration/common_voice_en_625019.opus,administration
./data/macroset/en/clips/administration/common_voice_en_20600694.opus,administration
./data/macroset/en/clips/administration/common_voice_en_19524965.opus,administration
./data/macroset/en/clips/administration/common_voice_en_97344.opus,administration
./data/macroset/en/clips/gain/common_voice_en_22192405.opus,gain
./data/macroset/en/clips/gain/common_voice_en_17776524.opus,gain
./data/macroset/en/clips/gain/common_voice_en_447356.opus,gain
./data/macroset/en/clips/gain/common_voice_en_17843554.opus,gain
./data/macroset/en/clips/gain/common_voice_en_18019454.opus,gain
./data/macroset/en/clips/offensive/common_voice_en_21252413.opus,offensive
./data/macroset/en/clips/offensive/common_voice_en_20291537.opus,offensive
./data/macroset/en/clips/offensive/common_voice_en_20976719.opus,offensive
./data/macroset/en/clips/offensive/common_voice_en_20018004.opus,offensive
./data/macroset/en/clips/offensive/common_voice_en_22328425.opus,offensive
./data/macroset/en/clips/lodge/common_voice_en_22347389.opus,lodge
./data/macroset/en/clips/lodge/common_voice_en_20723034.opus,lodge
./data/macroset/en/clips/lodge/common_voice_en_22340676.opus,lodge
./data/macroset/en/clips/lodge/common_voice_en_20016753.opus,lodge
./data/macroset/en/clips/lodge/common_voice_en_20522598.opus,lodge
./data/macroset/en/clips/wants/common_voice_en_511356.opus,wants
./data/macroset/en/clips/wants/common_voice_en_612684.opus,wants
./data/macroset/en/clips/wants/common_voice_en_550511.opus,wants
./data/macroset/en/clips/wants/common_voice_en_18324817.opus,wants
./data/macroset/en/clips/wants/common_voice_en_189393.opus,wants
./data/macroset/en/clips/northern/common_voice_en_18722053.opus,northern
./data/macroset/en/clips/northern/common_voice_en_21855644.opus,northern
./data/macroset/en/clips/northern/common_voice_en_19700987.opus,northern
./data/macroset/en/clips/northern/common_voice_en_19072461.opus,northern
./data/macroset/en/clips/northern/common_voice_en_21872130.opus,northern
./data/macroset/en/clips/video/common_voice_en_21497873.opus,video
./data/macroset/en/clips/video/common_voice_en_20532209.opus,video
./data/macroset/en/clips/video/common_voice_en_21252293.opus,video
./data/macroset/en/clips/video/common_voice_en_20309543.opus,video
./data/macroset/en/clips/video/common_voice_en_18839640.opus,video
./data/macroset/en/clips/adults/common_voice_en_472685.opus,adults
./data/macroset/en/clips/adults/common_voice_en_20674241.opus,adults
./data/macroset/en/clips/adults/common_voice_en_21319657.opus,adults
./data/macroset/en/clips/adults/common_voice_en_19501983.opus,adults
./data/macroset/en/clips/adults/common_voice_en_18708314.opus,adults
./data/macroset/en/clips/kitten/common_voice_en_617795.opus,kitten
./data/macroset/en/clips/kitten/common_voice_en_17369645.opus,kitten
./data/macroset/en/clips/kitten/common_voice_en_218049.opus,kitten
./data/macroset/en/clips/kitten/common_voice_en_19594754.opus,kitten
./data/macroset/en/clips/kitten/common_voice_en_17273706.opus,kitten
./data/macroset/en/clips/travelled/common_voice_en_19468643.opus,travelled
./data/macroset/en/clips/travelled/common_voice_en_681330.opus,travelled
./data/macroset/en/clips/travelled/common_voice_en_89380.opus,travelled
./data/macroset/en/clips/travelled/common_voice_en_599156.opus,travelled
./data/macroset/en/clips/travelled/common_voice_en_55983.opus,travelled
./data/macroset/en/clips/realized/common_voice_en_551114.opus,realized
./data/macroset/en/clips/realized/common_voice_en_21984671.opus,realized
./data/macroset/en/clips/realized/common_voice_en_47220.opus,realized
./data/macroset/en/clips/realized/common_voice_en_196054.opus,realized
./data/macroset/en/clips/realized/common_voice_en_59609.opus,realized
./data/macroset/en/clips/dressed/common_voice_en_17841209.opus,dressed
./data/macroset/en/clips/dressed/common_voice_en_19547.opus,dressed
./data/macroset/en/clips/dressed/common_voice_en_18747937.opus,dressed
./data/macroset/en/clips/dressed/common_voice_en_17622018.opus,dressed
./data/macroset/en/clips/dressed/common_voice_en_477566.opus,dressed
./data/macroset/en/clips/brewery/common_voice_en_20299422.opus,brewery
./data/macroset/en/clips/brewery/common_voice_en_610156.opus,brewery
./data/macroset/en/clips/brewery/common_voice_en_664867.opus,brewery
./data/macroset/en/clips/brewery/common_voice_en_20304905.opus,brewery
./data/macroset/en/clips/brewery/common_voice_en_19475317.opus,brewery
./data/macroset/en/clips/traditional/common_voice_en_21021409.opus,traditional
./data/macroset/en/clips/traditional/common_voice_en_19711911.opus,traditional
./data/macroset/en/clips/traditional/common_voice_en_20455508.opus,traditional
./data/macroset/en/clips/traditional/common_voice_en_21346374.opus,traditional
./data/macroset/en/clips/traditional/common_voice_en_22281760.opus,traditional
./data/macroset/en/clips/asking/common_voice_en_19458148.opus,asking
./data/macroset/en/clips/asking/common_voice_en_472649.opus,asking
./data/macroset/en/clips/asking/common_voice_en_627571.opus,asking
./data/macroset/en/clips/asking/common_voice_en_99248.opus,asking
./data/macroset/en/clips/asking/common_voice_en_198971.opus,asking
./data/macroset/en/clips/met/common_voice_en_570388.opus,met
./data/macroset/en/clips/met/common_voice_en_20311262.opus,met
./data/macroset/en/clips/met/common_voice_en_19102796.opus,met
./data/macroset/en/clips/met/common_voice_en_21355912.opus,met
./data/macroset/en/clips/met/common_voice_en_19532980.opus,met
./data/macroset/en/clips/cleveland/common_voice_en_20670220.opus,cleveland
./data/macroset/en/clips/cleveland/common_voice_en_21953918.opus,cleveland
./data/macroset/en/clips/cleveland/common_voice_en_19511595.opus,cleveland
./data/macroset/en/clips/cleveland/common_voice_en_19715783.opus,cleveland
./data/macroset/en/clips/cleveland/common_voice_en_21367783.opus,cleveland
./data/macroset/en/clips/undergoing/common_voice_en_19434312.opus,undergoing
./data/macroset/en/clips/undergoing/common_voice_en_18658025.opus,undergoing
./data/macroset/en/clips/undergoing/common_voice_en_19443357.opus,undergoing
./data/macroset/en/clips/undergoing/common_voice_en_19677865.opus,undergoing
./data/macroset/en/clips/undergoing/common_voice_en_22206884.opus,undergoing
./data/macroset/en/clips/deadly/common_voice_en_18104757.opus,deadly
./data/macroset/en/clips/deadly/common_voice_en_17985931.opus,deadly
./data/macroset/en/clips/deadly/common_voice_en_18144660.opus,deadly
./data/macroset/en/clips/deadly/common_voice_en_292352.opus,deadly
./data/macroset/en/clips/deadly/common_voice_en_17956128.opus,deadly
./data/macroset/en/clips/thai/common_voice_en_19857307.opus,thai
./data/macroset/en/clips/thai/common_voice_en_21400027.opus,thai
./data/macroset/en/clips/thai/common_voice_en_20273722.opus,thai
./data/macroset/en/clips/thai/common_voice_en_19055318.opus,thai
./data/macroset/en/clips/thai/common_voice_en_19746048.opus,thai
./data/macroset/en/clips/gases/common_voice_en_551950.opus,gases
./data/macroset/en/clips/gases/common_voice_en_21966204.opus,gases
./data/macroset/en/clips/gases/common_voice_en_542958.opus,gases
./data/macroset/en/clips/gases/common_voice_en_484133.opus,gases
./data/macroset/en/clips/gases/common_voice_en_687344.opus,gases
./data/macroset/en/clips/marketing/common_voice_en_18989875.opus,marketing
./data/macroset/en/clips/marketing/common_voice_en_19514221.opus,marketing
./data/macroset/en/clips/marketing/common_voice_en_21786322.opus,marketing
./data/macroset/en/clips/marketing/common_voice_en_20380052.opus,marketing
./data/macroset/en/clips/marketing/common_voice_en_20144669.opus,marketing
./data/macroset/en/clips/drunken/common_voice_en_81516.opus,drunken
./data/macroset/en/clips/drunken/common_voice_en_139051.opus,drunken
./data/macroset/en/clips/drunken/common_voice_en_429270.opus,drunken
./data/macroset/en/clips/drunken/common_voice_en_17394050.opus,drunken
./data/macroset/en/clips/drunken/common_voice_en_137196.opus,drunken
./data/macroset/en/clips/slot/common_voice_en_18661946.opus,slot
./data/macroset/en/clips/slot/common_voice_en_19361427.opus,slot
./data/macroset/en/clips/slot/common_voice_en_20267676.opus,slot
./data/macroset/en/clips/slot/common_voice_en_20624813.opus,slot
./data/macroset/en/clips/slot/common_voice_en_21127949.opus,slot
./data/macroset/en/clips/confounded/common_voice_en_211434.opus,confounded
./data/macroset/en/clips/confounded/common_voice_en_614313.opus,confounded
./data/macroset/en/clips/confounded/common_voice_en_127654.opus,confounded
./data/macroset/en/clips/confounded/common_voice_en_693497.opus,confounded
./data/macroset/en/clips/confounded/common_voice_en_487249.opus,confounded
./data/macroset/en/clips/sparse/common_voice_en_20367064.opus,sparse
./data/macroset/en/clips/sparse/common_voice_en_17899483.opus,sparse
./data/macroset/en/clips/sparse/common_voice_en_665076.opus,sparse
./data/macroset/en/clips/sparse/common_voice_en_20974622.opus,sparse
./data/macroset/en/clips/sparse/common_voice_en_91660.opus,sparse
./data/macroset/en/clips/hustle/common_voice_en_40333.opus,hustle
./data/macroset/en/clips/hustle/common_voice_en_15912.opus,hustle
./data/macroset/en/clips/hustle/common_voice_en_32151.opus,hustle
./data/macroset/en/clips/hustle/common_voice_en_21073954.opus,hustle
./data/macroset/en/clips/hustle/common_voice_en_487979.opus,hustle
./data/macroset/en/clips/trap/common_voice_en_461041.opus,trap
./data/macroset/en/clips/trap/common_voice_en_21329121.opus,trap
./data/macroset/en/clips/trap/common_voice_en_20268059.opus,trap
./data/macroset/en/clips/trap/common_voice_en_20580112.opus,trap
./data/macroset/en/clips/trap/common_voice_en_46471.opus,trap
./data/macroset/en/clips/promotion/common_voice_en_19329197.opus,promotion
./data/macroset/en/clips/promotion/common_voice_en_22294119.opus,promotion
./data/macroset/en/clips/promotion/common_voice_en_19869713.opus,promotion
./data/macroset/en/clips/promotion/common_voice_en_18765595.opus,promotion
./data/macroset/en/clips/promotion/common_voice_en_21949929.opus,promotion
./data/macroset/en/clips/lined/common_voice_en_21815188.opus,lined
./data/macroset/en/clips/lined/common_voice_en_19463537.opus,lined
./data/macroset/en/clips/lined/common_voice_en_17877628.opus,lined
./data/macroset/en/clips/lined/common_voice_en_597199.opus,lined
./data/macroset/en/clips/lined/common_voice_en_19669032.opus,lined
./data/macroset/en/clips/tragedy/common_voice_en_18752084.opus,tragedy
./data/macroset/en/clips/tragedy/common_voice_en_19768493.opus,tragedy
./data/macroset/en/clips/tragedy/common_voice_en_20673892.opus,tragedy
./data/macroset/en/clips/tragedy/common_voice_en_20101532.opus,tragedy
./data/macroset/en/clips/tragedy/common_voice_en_19195352.opus,tragedy
./data/macroset/en/clips/got/common_voice_en_641995.opus,got
./data/macroset/en/clips/got/common_voice_en_62169.opus,got
./data/macroset/en/clips/got/common_voice_en_177222.opus,got
./data/macroset/en/clips/got/common_voice_en_94387.opus,got
./data/macroset/en/clips/got/common_voice_en_565681.opus,got
./data/macroset/en/clips/haven/common_voice_en_20024125.opus,haven
./data/macroset/en/clips/haven/common_voice_en_22214836__2.opus,haven
./data/macroset/en/clips/haven/common_voice_en_22214836.opus,haven
./data/macroset/en/clips/haven/common_voice_en_19696920.opus,haven
./data/macroset/en/clips/haven/common_voice_en_18841443.opus,haven
./data/macroset/en/clips/portions/common_voice_en_22441006.opus,portions
./data/macroset/en/clips/portions/common_voice_en_21700594.opus,portions
./data/macroset/en/clips/portions/common_voice_en_18779899.opus,portions
./data/macroset/en/clips/portions/common_voice_en_20989180.opus,portions
./data/macroset/en/clips/portions/common_voice_en_20367064.opus,portions
./data/macroset/en/clips/measures/common_voice_en_21843740.opus,measures
./data/macroset/en/clips/measures/common_voice_en_22243931.opus,measures
./data/macroset/en/clips/measures/common_voice_en_19811120.opus,measures
./data/macroset/en/clips/measures/common_voice_en_19618397.opus,measures
./data/macroset/en/clips/measures/common_voice_en_20000585.opus,measures
./data/macroset/en/clips/curriculum/common_voice_en_20162332.opus,curriculum
./data/macroset/en/clips/curriculum/common_voice_en_20975974.opus,curriculum
./data/macroset/en/clips/curriculum/common_voice_en_20101840.opus,curriculum
./data/macroset/en/clips/curriculum/common_voice_en_20928769.opus,curriculum
./data/macroset/en/clips/curriculum/common_voice_en_20850416.opus,curriculum
./data/macroset/en/clips/dangles/common_voice_en_3044128.opus,dangles
./data/macroset/en/clips/dangles/common_voice_en_203900.opus,dangles
./data/macroset/en/clips/dangles/common_voice_en_17860709.opus,dangles
./data/macroset/en/clips/dangles/common_voice_en_17693640.opus,dangles
./data/macroset/en/clips/dangles/common_voice_en_649465.opus,dangles
./data/macroset/en/clips/professionals/common_voice_en_22145687.opus,professionals
./data/macroset/en/clips/professionals/common_voice_en_21243973.opus,professionals
./data/macroset/en/clips/professionals/common_voice_en_20162782.opus,professionals
./data/macroset/en/clips/professionals/common_voice_en_18296145.opus,professionals
./data/macroset/en/clips/professionals/common_voice_en_18965216__2.opus,professionals
./data/macroset/en/clips/piedmont/common_voice_en_21766630.opus,piedmont
./data/macroset/en/clips/piedmont/common_voice_en_19320506.opus,piedmont
./data/macroset/en/clips/piedmont/common_voice_en_20091000.opus,piedmont
./data/macroset/en/clips/piedmont/common_voice_en_21408333.opus,piedmont
./data/macroset/en/clips/piedmont/common_voice_en_20984300.opus,piedmont
./data/macroset/en/clips/track/common_voice_en_18686874.opus,track
./data/macroset/en/clips/track/common_voice_en_20275899.opus,track
./data/macroset/en/clips/track/common_voice_en_588975.opus,track
./data/macroset/en/clips/track/common_voice_en_93654.opus,track
./data/macroset/en/clips/track/common_voice_en_200763.opus,track
./data/macroset/en/clips/reduces/common_voice_en_511898.opus,reduces
./data/macroset/en/clips/reduces/common_voice_en_21281742.opus,reduces
./data/macroset/en/clips/reduces/common_voice_en_21965962.opus,reduces
./data/macroset/en/clips/reduces/common_voice_en_658075.opus,reduces
./data/macroset/en/clips/reduces/common_voice_en_20282456.opus,reduces
./data/macroset/en/clips/birds/common_voice_en_20179946.opus,birds
./data/macroset/en/clips/birds/common_voice_en_21402639.opus,birds
./data/macroset/en/clips/birds/common_voice_en_517549.opus,birds
./data/macroset/en/clips/birds/common_voice_en_20846595.opus,birds
./data/macroset/en/clips/birds/common_voice_en_20008015.opus,birds
./data/macroset/en/clips/waist/common_voice_en_20357974.opus,waist
./data/macroset/en/clips/waist/common_voice_en_93183.opus,waist
./data/macroset/en/clips/waist/common_voice_en_677771.opus,waist
./data/macroset/en/clips/waist/common_voice_en_651402.opus,waist
./data/macroset/en/clips/waist/common_voice_en_621612.opus,waist
./data/macroset/en/clips/singing/common_voice_en_527838.opus,singing
./data/macroset/en/clips/singing/common_voice_en_18331863.opus,singing
./data/macroset/en/clips/singing/common_voice_en_185596.opus,singing
./data/macroset/en/clips/singing/common_voice_en_483574.opus,singing
./data/macroset/en/clips/singing/common_voice_en_44429.opus,singing
./data/macroset/en/clips/cravat/common_voice_en_17385572.opus,cravat
./data/macroset/en/clips/cravat/common_voice_en_17673791.opus,cravat
./data/macroset/en/clips/cravat/common_voice_en_17453633.opus,cravat
./data/macroset/en/clips/cravat/common_voice_en_8237509.opus,cravat
./data/macroset/en/clips/cravat/common_voice_en_2202912.opus,cravat
./data/macroset/en/clips/fifty/common_voice_en_633256.opus,fifty
./data/macroset/en/clips/fifty/common_voice_en_21968073.opus,fifty
./data/macroset/en/clips/fifty/common_voice_en_581234.opus,fifty
./data/macroset/en/clips/fifty/common_voice_en_15733314.opus,fifty
./data/macroset/en/clips/fifty/common_voice_en_145445.opus,fifty
./data/macroset/en/clips/cures/common_voice_en_154841.opus,cures
./data/macroset/en/clips/cures/common_voice_en_588219.opus,cures
./data/macroset/en/clips/cures/common_voice_en_662824.opus,cures
./data/macroset/en/clips/cures/common_voice_en_518242.opus,cures
./data/macroset/en/clips/cures/common_voice_en_592536.opus,cures
./data/macroset/en/clips/hangover/common_voice_en_18099326.opus,hangover
./data/macroset/en/clips/hangover/common_voice_en_535043.opus,hangover
./data/macroset/en/clips/hangover/common_voice_en_615056.opus,hangover
./data/macroset/en/clips/hangover/common_voice_en_19419363.opus,hangover
./data/macroset/en/clips/hangover/common_voice_en_17269174.opus,hangover
./data/macroset/en/clips/indigenous/common_voice_en_21921120.opus,indigenous
./data/macroset/en/clips/indigenous/common_voice_en_18745279.opus,indigenous
./data/macroset/en/clips/indigenous/common_voice_en_20440326.opus,indigenous
./data/macroset/en/clips/indigenous/common_voice_en_19946361.opus,indigenous
./data/macroset/en/clips/indigenous/common_voice_en_20226876.opus,indigenous
./data/macroset/en/clips/tortoises/common_voice_en_22030042.opus,tortoises
./data/macroset/en/clips/tortoises/common_voice_en_17255151.opus,tortoises
./data/macroset/en/clips/tortoises/common_voice_en_17272010.opus,tortoises
./data/macroset/en/clips/tortoises/common_voice_en_17262681.opus,tortoises
./data/macroset/en/clips/tortoises/common_voice_en_17254172.opus,tortoises
./data/macroset/en/clips/miles/common_voice_en_18459650.opus,miles
./data/macroset/en/clips/miles/common_voice_en_19568017.opus,miles
./data/macroset/en/clips/miles/common_voice_en_17267661.opus,miles
./data/macroset/en/clips/miles/common_voice_en_20713164.opus,miles
./data/macroset/en/clips/miles/common_voice_en_18605194.opus,miles
./data/macroset/en/clips/species/common_voice_en_19763501.opus,species
./data/macroset/en/clips/species/common_voice_en_21684526.opus,species
./data/macroset/en/clips/species/common_voice_en_21244079.opus,species
./data/macroset/en/clips/species/common_voice_en_20987108.opus,species
./data/macroset/en/clips/species/common_voice_en_19716072.opus,species
./data/macroset/en/clips/qualify/common_voice_en_19848047.opus,qualify
./data/macroset/en/clips/qualify/common_voice_en_21438535.opus,qualify
./data/macroset/en/clips/qualify/common_voice_en_22287199.opus,qualify
./data/macroset/en/clips/qualify/common_voice_en_19743854.opus,qualify
./data/macroset/en/clips/qualify/common_voice_en_20041964.opus,qualify
./data/macroset/en/clips/category/common_voice_en_20697917.opus,category
./data/macroset/en/clips/category/common_voice_en_20374128.opus,category
./data/macroset/en/clips/category/common_voice_en_22304698.opus,category
./data/macroset/en/clips/category/common_voice_en_22397625.opus,category
./data/macroset/en/clips/category/common_voice_en_20416428.opus,category
./data/macroset/en/clips/induced/common_voice_en_20475216.opus,induced
./data/macroset/en/clips/induced/common_voice_en_22325012.opus,induced
./data/macroset/en/clips/induced/common_voice_en_18434120.opus,induced
./data/macroset/en/clips/induced/common_voice_en_22186163.opus,induced
./data/macroset/en/clips/induced/common_voice_en_19941882.opus,induced
./data/macroset/en/clips/defective/common_voice_en_632467.opus,defective
./data/macroset/en/clips/defective/common_voice_en_18164419.opus,defective
./data/macroset/en/clips/defective/common_voice_en_18460891.opus,defective
./data/macroset/en/clips/defective/common_voice_en_1719488.opus,defective
./data/macroset/en/clips/defective/common_voice_en_516478.opus,defective
./data/macroset/en/clips/midst/common_voice_en_17514919.opus,midst
./data/macroset/en/clips/midst/common_voice_en_86309.opus,midst
./data/macroset/en/clips/midst/common_voice_en_17849130.opus,midst
./data/macroset/en/clips/midst/common_voice_en_567668.opus,midst
./data/macroset/en/clips/midst/common_voice_en_202007.opus,midst
./data/macroset/en/clips/iron/common_voice_en_19637263.opus,iron
./data/macroset/en/clips/iron/common_voice_en_19672239.opus,iron
./data/macroset/en/clips/iron/common_voice_en_20595805.opus,iron
./data/macroset/en/clips/iron/common_voice_en_21692627.opus,iron
./data/macroset/en/clips/iron/common_voice_en_18861694.opus,iron
./data/macroset/en/clips/beef/common_voice_en_684028.opus,beef
./data/macroset/en/clips/beef/common_voice_en_545140.opus,beef
./data/macroset/en/clips/beef/common_voice_en_480841.opus,beef
./data/macroset/en/clips/beef/common_voice_en_17841468.opus,beef
./data/macroset/en/clips/beef/common_voice_en_18144048.opus,beef
./data/macroset/en/clips/medaling/common_voice_en_89960.opus,medaling
./data/macroset/en/clips/medaling/common_voice_en_161360.opus,medaling
./data/macroset/en/clips/medaling/common_voice_en_623743.opus,medaling
./data/macroset/en/clips/medaling/common_voice_en_157211.opus,medaling
./data/macroset/en/clips/medaling/common_voice_en_693151.opus,medaling
./data/macroset/en/clips/shark/common_voice_en_19797294.opus,shark
./data/macroset/en/clips/shark/common_voice_en_21636365.opus,shark
./data/macroset/en/clips/shark/common_voice_en_491789.opus,shark
./data/macroset/en/clips/shark/common_voice_en_19137972.opus,shark
./data/macroset/en/clips/shark/common_voice_en_21636365__2.opus,shark
./data/macroset/en/clips/works/common_voice_en_72741.opus,works
./data/macroset/en/clips/works/common_voice_en_21645816.opus,works
./data/macroset/en/clips/works/common_voice_en_19296746.opus,works
./data/macroset/en/clips/works/common_voice_en_20155770.opus,works
./data/macroset/en/clips/works/common_voice_en_20168060.opus,works
./data/macroset/en/clips/exhaust/common_voice_en_17690783.opus,exhaust
./data/macroset/en/clips/exhaust/common_voice_en_20387045.opus,exhaust
./data/macroset/en/clips/exhaust/common_voice_en_17340599.opus,exhaust
./data/macroset/en/clips/exhaust/common_voice_en_20988337.opus,exhaust
./data/macroset/en/clips/exhaust/common_voice_en_21261687.opus,exhaust
./data/macroset/en/clips/novel/common_voice_en_21106276.opus,novel
./data/macroset/en/clips/novel/common_voice_en_18097014.opus,novel
./data/macroset/en/clips/novel/common_voice_en_21713729.opus,novel
./data/macroset/en/clips/novel/common_voice_en_20696561.opus,novel
./data/macroset/en/clips/novel/common_voice_en_3497365.opus,novel
./data/macroset/en/clips/inventor/common_voice_en_21575702.opus,inventor
./data/macroset/en/clips/inventor/common_voice_en_18656354.opus,inventor
./data/macroset/en/clips/inventor/common_voice_en_20676164.opus,inventor
./data/macroset/en/clips/inventor/common_voice_en_19056491.opus,inventor
./data/macroset/en/clips/inventor/common_voice_en_20586729.opus,inventor
./data/macroset/en/clips/dimensional/common_voice_en_18821335.opus,dimensional
./data/macroset/en/clips/dimensional/common_voice_en_21500192.opus,dimensional
./data/macroset/en/clips/dimensional/common_voice_en_17297271.opus,dimensional
./data/macroset/en/clips/dimensional/common_voice_en_17940462.opus,dimensional
./data/macroset/en/clips/dimensional/common_voice_en_19495895.opus,dimensional
./data/macroset/en/clips/naming/common_voice_en_21764629.opus,naming
./data/macroset/en/clips/naming/common_voice_en_20248846.opus,naming
./data/macroset/en/clips/naming/common_voice_en_561472.opus,naming
./data/macroset/en/clips/naming/common_voice_en_18841293.opus,naming
./data/macroset/en/clips/naming/common_voice_en_18707953.opus,naming
./data/macroset/en/clips/capital/common_voice_en_19989178.opus,capital
./data/macroset/en/clips/capital/common_voice_en_19519074.opus,capital
./data/macroset/en/clips/capital/common_voice_en_19711262.opus,capital
./data/macroset/en/clips/capital/common_voice_en_20129518.opus,capital
./data/macroset/en/clips/capital/common_voice_en_19678247.opus,capital
./data/macroset/en/clips/adult/common_voice_en_19375561.opus,adult
./data/macroset/en/clips/adult/common_voice_en_20410979.opus,adult
./data/macroset/en/clips/adult/common_voice_en_20351307.opus,adult
./data/macroset/en/clips/adult/common_voice_en_20102113.opus,adult
./data/macroset/en/clips/adult/common_voice_en_19805044.opus,adult
./data/macroset/en/clips/atheist/common_voice_en_19839362.opus,atheist
./data/macroset/en/clips/atheist/common_voice_en_19724557.opus,atheist
./data/macroset/en/clips/atheist/common_voice_en_18739543.opus,atheist
./data/macroset/en/clips/atheist/common_voice_en_20234180.opus,atheist
./data/macroset/en/clips/atheist/common_voice_en_21946933.opus,atheist
./data/macroset/en/clips/panda/common_voice_en_21741146.opus,panda
./data/macroset/en/clips/panda/common_voice_en_17887444.opus,panda
./data/macroset/en/clips/panda/common_voice_en_481164.opus,panda
./data/macroset/en/clips/panda/common_voice_en_17932035.opus,panda
./data/macroset/en/clips/panda/common_voice_en_495056.opus,panda
./data/macroset/en/clips/apprentice/common_voice_en_21507235.opus,apprentice
./data/macroset/en/clips/apprentice/common_voice_en_552037.opus,apprentice
./data/macroset/en/clips/apprentice/common_voice_en_20027098.opus,apprentice
./data/macroset/en/clips/apprentice/common_voice_en_20423948.opus,apprentice
./data/macroset/en/clips/apprentice/common_voice_en_22202135.opus,apprentice
./data/macroset/en/clips/releasing/common_voice_en_21452755.opus,releasing
./data/macroset/en/clips/releasing/common_voice_en_19553666.opus,releasing
./data/macroset/en/clips/releasing/common_voice_en_21864581.opus,releasing
./data/macroset/en/clips/releasing/common_voice_en_21764560.opus,releasing
./data/macroset/en/clips/releasing/common_voice_en_20263538.opus,releasing
./data/macroset/en/clips/bike/common_voice_en_545141.opus,bike
./data/macroset/en/clips/bike/common_voice_en_501197.opus,bike
./data/macroset/en/clips/bike/common_voice_en_185830.opus,bike
./data/macroset/en/clips/bike/common_voice_en_594208.opus,bike
./data/macroset/en/clips/bike/common_voice_en_58387.opus,bike
./data/macroset/en/clips/rainbow/common_voice_en_21224865.opus,rainbow
./data/macroset/en/clips/rainbow/common_voice_en_20601085.opus,rainbow
./data/macroset/en/clips/rainbow/common_voice_en_18510622.opus,rainbow
./data/macroset/en/clips/rainbow/common_voice_en_486285.opus,rainbow
./data/macroset/en/clips/rainbow/common_voice_en_20636268.opus,rainbow
./data/macroset/en/clips/dataset/common_voice_en_522317.opus,dataset
./data/macroset/en/clips/dataset/common_voice_en_686638.opus,dataset
./data/macroset/en/clips/dataset/common_voice_en_674494.opus,dataset
./data/macroset/en/clips/dataset/common_voice_en_673606.opus,dataset
./data/macroset/en/clips/dataset/common_voice_en_94302.opus,dataset
./data/macroset/en/clips/exclusive/common_voice_en_652538.opus,exclusive
./data/macroset/en/clips/exclusive/common_voice_en_18438647.opus,exclusive
./data/macroset/en/clips/exclusive/common_voice_en_19081545.opus,exclusive
./data/macroset/en/clips/exclusive/common_voice_en_21851893.opus,exclusive
./data/macroset/en/clips/exclusive/common_voice_en_21334259.opus,exclusive
./data/macroset/en/clips/clone/common_voice_en_461768.opus,clone
./data/macroset/en/clips/clone/common_voice_en_553806.opus,clone
./data/macroset/en/clips/clone/common_voice_en_20233894.opus,clone
./data/macroset/en/clips/clone/common_voice_en_19855048.opus,clone
./data/macroset/en/clips/clone/common_voice_en_21276848.opus,clone
./data/macroset/en/clips/learning/common_voice_en_19049997.opus,learning
./data/macroset/en/clips/learning/common_voice_en_17297465.opus,learning
./data/macroset/en/clips/learning/common_voice_en_15903353.opus,learning
./data/macroset/en/clips/learning/common_voice_en_18846936.opus,learning
./data/macroset/en/clips/learning/common_voice_en_657875.opus,learning
./data/macroset/en/clips/scrapped/common_voice_en_18870162.opus,scrapped
./data/macroset/en/clips/scrapped/common_voice_en_21700955.opus,scrapped
./data/macroset/en/clips/scrapped/common_voice_en_22236271.opus,scrapped
./data/macroset/en/clips/scrapped/common_voice_en_20722352.opus,scrapped
./data/macroset/en/clips/scrapped/common_voice_en_20263555.opus,scrapped
./data/macroset/en/clips/descriptions/common_voice_en_20280833.opus,descriptions
./data/macroset/en/clips/descriptions/common_voice_en_20846390.opus,descriptions
./data/macroset/en/clips/descriptions/common_voice_en_19408436.opus,descriptions
./data/macroset/en/clips/descriptions/common_voice_en_20297778.opus,descriptions
./data/macroset/en/clips/descriptions/common_voice_en_21593806.opus,descriptions
./data/macroset/en/clips/lectured/common_voice_en_19783722.opus,lectured
./data/macroset/en/clips/lectured/common_voice_en_19566652.opus,lectured
./data/macroset/en/clips/lectured/common_voice_en_18515687.opus,lectured
./data/macroset/en/clips/lectured/common_voice_en_18460481.opus,lectured
./data/macroset/en/clips/lectured/common_voice_en_19786856.opus,lectured
./data/macroset/en/clips/democrat/common_voice_en_22197679.opus,democrat
./data/macroset/en/clips/democrat/common_voice_en_19863203.opus,democrat
./data/macroset/en/clips/democrat/common_voice_en_20391158.opus,democrat
./data/macroset/en/clips/democrat/common_voice_en_19648022.opus,democrat
./data/macroset/en/clips/democrat/common_voice_en_20894898.opus,democrat
./data/macroset/en/clips/exclusively/common_voice_en_18869301.opus,exclusively
./data/macroset/en/clips/exclusively/common_voice_en_19635820.opus,exclusively
./data/macroset/en/clips/exclusively/common_voice_en_19841522.opus,exclusively
./data/macroset/en/clips/exclusively/common_voice_en_19056895.opus,exclusively
./data/macroset/en/clips/exclusively/common_voice_en_20776444.opus,exclusively
./data/macroset/en/clips/benchmark/common_voice_en_484360.opus,benchmark
./data/macroset/en/clips/benchmark/common_voice_en_189071.opus,benchmark
./data/macroset/en/clips/benchmark/common_voice_en_551914.opus,benchmark
./data/macroset/en/clips/benchmark/common_voice_en_667128.opus,benchmark
./data/macroset/en/clips/benchmark/common_voice_en_21759940.opus,benchmark
./data/macroset/en/clips/rulers/common_voice_en_20442200.opus,rulers
./data/macroset/en/clips/rulers/common_voice_en_675385.opus,rulers
./data/macroset/en/clips/rulers/common_voice_en_22303031.opus,rulers
./data/macroset/en/clips/rulers/common_voice_en_19734511.opus,rulers
./data/macroset/en/clips/rulers/common_voice_en_17727186.opus,rulers
./data/macroset/en/clips/decryption/common_voice_en_668300.opus,decryption
./data/macroset/en/clips/decryption/common_voice_en_17282288.opus,decryption
./data/macroset/en/clips/decryption/common_voice_en_210303.opus,decryption
./data/macroset/en/clips/decryption/common_voice_en_1584288.opus,decryption
./data/macroset/en/clips/decryption/common_voice_en_2340507.opus,decryption
./data/macroset/en/clips/branch/common_voice_en_19990083.opus,branch
./data/macroset/en/clips/branch/common_voice_en_22434323.opus,branch
./data/macroset/en/clips/branch/common_voice_en_22371902.opus,branch
./data/macroset/en/clips/branch/common_voice_en_19467462.opus,branch
./data/macroset/en/clips/branch/common_voice_en_19123870.opus,branch
./data/macroset/en/clips/spain/common_voice_en_19546813.opus,spain
./data/macroset/en/clips/spain/common_voice_en_21020913.opus,spain
./data/macroset/en/clips/spain/common_voice_en_21335610.opus,spain
./data/macroset/en/clips/spain/common_voice_en_20379971.opus,spain
./data/macroset/en/clips/spain/common_voice_en_21387082.opus,spain
./data/macroset/en/clips/airplane/common_voice_en_20485211.opus,airplane
./data/macroset/en/clips/airplane/common_voice_en_147816.opus,airplane
./data/macroset/en/clips/airplane/common_voice_en_518813.opus,airplane
./data/macroset/en/clips/airplane/common_voice_en_594555.opus,airplane
./data/macroset/en/clips/airplane/common_voice_en_604556.opus,airplane
./data/macroset/en/clips/toronto/common_voice_en_22382298.opus,toronto
./data/macroset/en/clips/toronto/common_voice_en_22344023.opus,toronto
./data/macroset/en/clips/toronto/common_voice_en_19646177.opus,toronto
./data/macroset/en/clips/toronto/common_voice_en_20147997.opus,toronto
./data/macroset/en/clips/toronto/common_voice_en_22395720.opus,toronto
./data/macroset/en/clips/went/common_voice_en_63569.opus,went
./data/macroset/en/clips/went/common_voice_en_699491.opus,went
./data/macroset/en/clips/went/common_voice_en_20474359.opus,went
./data/macroset/en/clips/went/common_voice_en_651739.opus,went
./data/macroset/en/clips/went/common_voice_en_647965.opus,went
./data/macroset/en/clips/iguana/common_voice_en_17748354.opus,iguana
./data/macroset/en/clips/iguana/common_voice_en_18488245.opus,iguana
./data/macroset/en/clips/iguana/common_voice_en_18496891.opus,iguana
./data/macroset/en/clips/iguana/common_voice_en_18967174.opus,iguana
./data/macroset/en/clips/iguana/common_voice_en_17799171.opus,iguana
./data/macroset/en/clips/don/common_voice_en_21021222.opus,don
./data/macroset/en/clips/don/common_voice_en_22313749.opus,don
./data/macroset/en/clips/don/common_voice_en_22017581.opus,don
./data/macroset/en/clips/don/common_voice_en_19518378.opus,don
./data/macroset/en/clips/don/common_voice_en_21236506.opus,don
./data/macroset/en/clips/native/common_voice_en_22206573.opus,native
./data/macroset/en/clips/native/common_voice_en_20162606.opus,native
./data/macroset/en/clips/native/common_voice_en_19774218.opus,native
./data/macroset/en/clips/native/common_voice_en_22219306.opus,native
./data/macroset/en/clips/native/common_voice_en_21176120.opus,native
./data/macroset/en/clips/epilepsy/common_voice_en_368716.opus,epilepsy
./data/macroset/en/clips/epilepsy/common_voice_en_17147351.opus,epilepsy
./data/macroset/en/clips/epilepsy/common_voice_en_526761.opus,epilepsy
./data/macroset/en/clips/epilepsy/common_voice_en_415499.opus,epilepsy
./data/macroset/en/clips/epilepsy/common_voice_en_523330.opus,epilepsy
./data/macroset/en/clips/lace/common_voice_en_652891.opus,lace
./data/macroset/en/clips/lace/common_voice_en_19246073.opus,lace
./data/macroset/en/clips/lace/common_voice_en_18986357.opus,lace
./data/macroset/en/clips/lace/common_voice_en_17262179.opus,lace
./data/macroset/en/clips/lace/common_voice_en_67966.opus,lace
./data/macroset/en/clips/burning/common_voice_en_19798460.opus,burning
./data/macroset/en/clips/burning/common_voice_en_47996.opus,burning
./data/macroset/en/clips/burning/common_voice_en_666417.opus,burning
./data/macroset/en/clips/burning/common_voice_en_619067.opus,burning
./data/macroset/en/clips/burning/common_voice_en_576907.opus,burning
./data/macroset/en/clips/bounced/common_voice_en_682222.opus,bounced
./data/macroset/en/clips/bounced/common_voice_en_630540.opus,bounced
./data/macroset/en/clips/bounced/common_voice_en_46969.opus,bounced
./data/macroset/en/clips/bounced/common_voice_en_639687.opus,bounced
./data/macroset/en/clips/bounced/common_voice_en_18144538.opus,bounced
./data/macroset/en/clips/whispering/common_voice_en_8536176.opus,whispering
./data/macroset/en/clips/whispering/common_voice_en_647938.opus,whispering
./data/macroset/en/clips/whispering/common_voice_en_188286.opus,whispering
./data/macroset/en/clips/whispering/common_voice_en_17288292.opus,whispering
./data/macroset/en/clips/whispering/common_voice_en_18507153.opus,whispering
./data/macroset/en/clips/pregnancy/common_voice_en_639057.opus,pregnancy
./data/macroset/en/clips/pregnancy/common_voice_en_18748798.opus,pregnancy
./data/macroset/en/clips/pregnancy/common_voice_en_55063.opus,pregnancy
./data/macroset/en/clips/pregnancy/common_voice_en_624353.opus,pregnancy
./data/macroset/en/clips/pregnancy/common_voice_en_21397396.opus,pregnancy
./data/macroset/en/clips/facebook/common_voice_en_511650.opus,facebook
./data/macroset/en/clips/facebook/common_voice_en_18459677.opus,facebook
./data/macroset/en/clips/facebook/common_voice_en_19289195.opus,facebook
./data/macroset/en/clips/facebook/common_voice_en_94448.opus,facebook
./data/macroset/en/clips/facebook/common_voice_en_18940489.opus,facebook
./data/macroset/en/clips/employ/common_voice_en_20299611.opus,employ
./data/macroset/en/clips/employ/common_voice_en_19815494.opus,employ
./data/macroset/en/clips/employ/common_voice_en_19546632.opus,employ
./data/macroset/en/clips/employ/common_voice_en_21957987.opus,employ
./data/macroset/en/clips/employ/common_voice_en_20038169.opus,employ
./data/macroset/en/clips/vancouver/common_voice_en_20821262.opus,vancouver
./data/macroset/en/clips/vancouver/common_voice_en_19945400.opus,vancouver
./data/macroset/en/clips/vancouver/common_voice_en_20240280.opus,vancouver
./data/macroset/en/clips/vancouver/common_voice_en_21304117.opus,vancouver
./data/macroset/en/clips/vancouver/common_voice_en_19978251.opus,vancouver
./data/macroset/en/clips/accusations/common_voice_en_21363918.opus,accusations
./data/macroset/en/clips/accusations/common_voice_en_19978475.opus,accusations
./data/macroset/en/clips/accusations/common_voice_en_581990.opus,accusations
./data/macroset/en/clips/accusations/common_voice_en_18671006.opus,accusations
./data/macroset/en/clips/accusations/common_voice_en_19687523.opus,accusations
./data/macroset/en/clips/tune/common_voice_en_624627.opus,tune
./data/macroset/en/clips/tune/common_voice_en_551488.opus,tune
./data/macroset/en/clips/tune/common_voice_en_569284.opus,tune
./data/macroset/en/clips/tune/common_voice_en_492353.opus,tune
./data/macroset/en/clips/tune/common_voice_en_18655930.opus,tune
./data/macroset/en/clips/pie/common_voice_en_357236.opus,pie
./data/macroset/en/clips/pie/common_voice_en_513538.opus,pie
./data/macroset/en/clips/pie/common_voice_en_23880.opus,pie
./data/macroset/en/clips/pie/common_voice_en_187813.opus,pie
./data/macroset/en/clips/pie/common_voice_en_168378.opus,pie
./data/macroset/en/clips/unexpected/common_voice_en_21050646.opus,unexpected
./data/macroset/en/clips/unexpected/common_voice_en_19639207.opus,unexpected
./data/macroset/en/clips/unexpected/common_voice_en_18356052.opus,unexpected
./data/macroset/en/clips/unexpected/common_voice_en_18745488.opus,unexpected
./data/macroset/en/clips/unexpected/common_voice_en_21854781.opus,unexpected
./data/macroset/en/clips/massage/common_voice_en_256723.opus,massage
./data/macroset/en/clips/massage/common_voice_en_18496441.opus,massage
./data/macroset/en/clips/massage/common_voice_en_18095232.opus,massage
./data/macroset/en/clips/massage/common_voice_en_17815695.opus,massage
./data/macroset/en/clips/massage/common_voice_en_90085.opus,massage
./data/macroset/en/clips/remark/common_voice_en_572729.opus,remark
./data/macroset/en/clips/remark/common_voice_en_528939.opus,remark
./data/macroset/en/clips/remark/common_voice_en_438696.opus,remark
./data/macroset/en/clips/remark/common_voice_en_37605.opus,remark
./data/macroset/en/clips/remark/common_voice_en_552050.opus,remark
./data/macroset/en/clips/contempt/common_voice_en_21796029.opus,contempt
./data/macroset/en/clips/contempt/common_voice_en_431773.opus,contempt
./data/macroset/en/clips/contempt/common_voice_en_20062827.opus,contempt
./data/macroset/en/clips/contempt/common_voice_en_20433835.opus,contempt
./data/macroset/en/clips/contempt/common_voice_en_17793821.opus,contempt
./data/macroset/en/clips/members/common_voice_en_21251937.opus,members
./data/macroset/en/clips/members/common_voice_en_19622430.opus,members
./data/macroset/en/clips/members/common_voice_en_20049438.opus,members
./data/macroset/en/clips/members/common_voice_en_20923101.opus,members
./data/macroset/en/clips/members/common_voice_en_20870506.opus,members
./data/macroset/en/clips/wooded/common_voice_en_19654373.opus,wooded
./data/macroset/en/clips/wooded/common_voice_en_20373205.opus,wooded
./data/macroset/en/clips/wooded/common_voice_en_19953334.opus,wooded
./data/macroset/en/clips/wooded/common_voice_en_22140933.opus,wooded
./data/macroset/en/clips/wooded/common_voice_en_20210917.opus,wooded
./data/macroset/en/clips/chemist/common_voice_en_17887720.opus,chemist
./data/macroset/en/clips/chemist/common_voice_en_17268058.opus,chemist
./data/macroset/en/clips/chemist/common_voice_en_18856803.opus,chemist
./data/macroset/en/clips/chemist/common_voice_en_20981422.opus,chemist
./data/macroset/en/clips/chemist/common_voice_en_20309170.opus,chemist
./data/macroset/en/clips/collision/common_voice_en_19520153.opus,collision
./data/macroset/en/clips/collision/common_voice_en_18973471.opus,collision
./data/macroset/en/clips/collision/common_voice_en_19786095.opus,collision
./data/macroset/en/clips/collision/common_voice_en_512038.opus,collision
./data/macroset/en/clips/collision/common_voice_en_18505565.opus,collision
./data/macroset/en/clips/pulled/common_voice_en_499165.opus,pulled
./data/macroset/en/clips/pulled/common_voice_en_29592.opus,pulled
./data/macroset/en/clips/pulled/common_voice_en_17384569.opus,pulled
./data/macroset/en/clips/pulled/common_voice_en_210731.opus,pulled
./data/macroset/en/clips/pulled/common_voice_en_18514946.opus,pulled
./data/macroset/en/clips/falsetto/common_voice_en_19612860.opus,falsetto
./data/macroset/en/clips/falsetto/common_voice_en_17391157.opus,falsetto
./data/macroset/en/clips/falsetto/common_voice_en_17885076.opus,falsetto
./data/macroset/en/clips/falsetto/common_voice_en_18943615.opus,falsetto
./data/macroset/en/clips/falsetto/common_voice_en_17276822.opus,falsetto
./data/macroset/en/clips/tyrannical/common_voice_en_19543796.opus,tyrannical
./data/macroset/en/clips/tyrannical/common_voice_en_667858.opus,tyrannical
./data/macroset/en/clips/tyrannical/common_voice_en_438554.opus,tyrannical
./data/macroset/en/clips/tyrannical/common_voice_en_87185.opus,tyrannical
./data/macroset/en/clips/tyrannical/common_voice_en_197843.opus,tyrannical
./data/macroset/en/clips/hip/common_voice_en_18161579.opus,hip
./data/macroset/en/clips/hip/common_voice_en_498455.opus,hip
./data/macroset/en/clips/hip/common_voice_en_559402.opus,hip
./data/macroset/en/clips/hip/common_voice_en_682204.opus,hip
./data/macroset/en/clips/hip/common_voice_en_18882357.opus,hip
./data/macroset/en/clips/becoming/common_voice_en_17359521.opus,becoming
./data/macroset/en/clips/becoming/common_voice_en_664096.opus,becoming
./data/macroset/en/clips/becoming/common_voice_en_57513.opus,becoming
./data/macroset/en/clips/becoming/common_voice_en_22316284.opus,becoming
./data/macroset/en/clips/becoming/common_voice_en_19306625.opus,becoming
./data/macroset/en/clips/rare/common_voice_en_21677814.opus,rare
./data/macroset/en/clips/rare/common_voice_en_19680281.opus,rare
./data/macroset/en/clips/rare/common_voice_en_581326.opus,rare
./data/macroset/en/clips/rare/common_voice_en_19952035.opus,rare
./data/macroset/en/clips/rare/common_voice_en_19770721.opus,rare
./data/macroset/en/clips/elevated/common_voice_en_21819271.opus,elevated
./data/macroset/en/clips/elevated/common_voice_en_20245170.opus,elevated
./data/macroset/en/clips/elevated/common_voice_en_22071678.opus,elevated
./data/macroset/en/clips/elevated/common_voice_en_21341727.opus,elevated
./data/macroset/en/clips/elevated/common_voice_en_20284697.opus,elevated
./data/macroset/en/clips/jamie/common_voice_en_22323980.opus,jamie
./data/macroset/en/clips/jamie/common_voice_en_20920381.opus,jamie
./data/macroset/en/clips/jamie/common_voice_en_514359.opus,jamie
./data/macroset/en/clips/jamie/common_voice_en_669464.opus,jamie
./data/macroset/en/clips/jamie/common_voice_en_19583386.opus,jamie
./data/macroset/en/clips/leaving/common_voice_en_20857304.opus,leaving
./data/macroset/en/clips/leaving/common_voice_en_61115.opus,leaving
./data/macroset/en/clips/leaving/common_voice_en_550778.opus,leaving
./data/macroset/en/clips/leaving/common_voice_en_49324.opus,leaving
./data/macroset/en/clips/leaving/common_voice_en_88333.opus,leaving
./data/macroset/en/clips/dear/common_voice_en_17895324.opus,dear
./data/macroset/en/clips/dear/common_voice_en_17287456.opus,dear
./data/macroset/en/clips/dear/common_voice_en_18450521.opus,dear
./data/macroset/en/clips/dear/common_voice_en_17910769.opus,dear
./data/macroset/en/clips/dear/common_voice_en_641657.opus,dear
./data/macroset/en/clips/yummy/common_voice_en_17858034.opus,yummy
./data/macroset/en/clips/yummy/common_voice_en_9413.opus,yummy
./data/macroset/en/clips/yummy/common_voice_en_17720005.opus,yummy
./data/macroset/en/clips/yummy/common_voice_en_17395035.opus,yummy
./data/macroset/en/clips/yummy/common_voice_en_17808829.opus,yummy
./data/macroset/en/clips/motivation/common_voice_en_18844055.opus,motivation
./data/macroset/en/clips/motivation/common_voice_en_19853202.opus,motivation
./data/macroset/en/clips/motivation/common_voice_en_200551.opus,motivation
./data/macroset/en/clips/motivation/common_voice_en_20031209.opus,motivation
./data/macroset/en/clips/motivation/common_voice_en_19944041.opus,motivation
./data/macroset/en/clips/page/common_voice_en_20840411.opus,page
./data/macroset/en/clips/page/common_voice_en_560671.opus,page
./data/macroset/en/clips/page/common_voice_en_19960047.opus,page
./data/macroset/en/clips/page/common_voice_en_687049.opus,page
./data/macroset/en/clips/page/common_voice_en_532133.opus,page
./data/macroset/en/clips/disregarded/common_voice_en_601438.opus,disregarded
./data/macroset/en/clips/disregarded/common_voice_en_21792735.opus,disregarded
./data/macroset/en/clips/disregarded/common_voice_en_674747.opus,disregarded
./data/macroset/en/clips/disregarded/common_voice_en_21242.opus,disregarded
./data/macroset/en/clips/disregarded/common_voice_en_18608602.opus,disregarded
./data/macroset/en/clips/war/common_voice_en_21586275.opus,war
./data/macroset/en/clips/war/common_voice_en_41852.opus,war
./data/macroset/en/clips/war/common_voice_en_20878371__2.opus,war
./data/macroset/en/clips/war/common_voice_en_20994955.opus,war
./data/macroset/en/clips/war/common_voice_en_690428.opus,war
./data/macroset/en/clips/paved/common_voice_en_20271425.opus,paved
./data/macroset/en/clips/paved/common_voice_en_645159.opus,paved
./data/macroset/en/clips/paved/common_voice_en_17869074.opus,paved
./data/macroset/en/clips/paved/common_voice_en_19346532.opus,paved
./data/macroset/en/clips/paved/common_voice_en_20976148.opus,paved
./data/macroset/en/clips/vase/common_voice_en_212886.opus,vase
./data/macroset/en/clips/vase/common_voice_en_92603.opus,vase
./data/macroset/en/clips/vase/common_voice_en_12142.opus,vase
./data/macroset/en/clips/vase/common_voice_en_18117960.opus,vase
./data/macroset/en/clips/vase/common_voice_en_20065622.opus,vase
./data/macroset/en/clips/demons/common_voice_en_298436.opus,demons
./data/macroset/en/clips/demons/common_voice_en_18166024.opus,demons
./data/macroset/en/clips/demons/common_voice_en_20485179.opus,demons
./data/macroset/en/clips/demons/common_voice_en_18703140.opus,demons
./data/macroset/en/clips/demons/common_voice_en_348958.opus,demons
./data/macroset/en/clips/couples/common_voice_en_21400175.opus,couples
./data/macroset/en/clips/couples/common_voice_en_19387170__2.opus,couples
./data/macroset/en/clips/couples/common_voice_en_20526384.opus,couples
./data/macroset/en/clips/couples/common_voice_en_20374265.opus,couples
./data/macroset/en/clips/couples/common_voice_en_19231829.opus,couples
./data/macroset/en/clips/virtually/common_voice_en_18765383.opus,virtually
./data/macroset/en/clips/virtually/common_voice_en_19531794.opus,virtually
./data/macroset/en/clips/virtually/common_voice_en_20901190.opus,virtually
./data/macroset/en/clips/virtually/common_voice_en_22325086.opus,virtually
./data/macroset/en/clips/virtually/common_voice_en_21977217.opus,virtually
./data/macroset/en/clips/satan/common_voice_en_596996.opus,satan
./data/macroset/en/clips/satan/common_voice_en_17259988.opus,satan
./data/macroset/en/clips/satan/common_voice_en_19887875.opus,satan
./data/macroset/en/clips/satan/common_voice_en_17802809.opus,satan
./data/macroset/en/clips/satan/common_voice_en_609531.opus,satan
./data/macroset/en/clips/corey/common_voice_en_631374.opus,corey
./data/macroset/en/clips/corey/common_voice_en_636577.opus,corey
./data/macroset/en/clips/corey/common_voice_en_19232.opus,corey
./data/macroset/en/clips/corey/common_voice_en_615740.opus,corey
./data/macroset/en/clips/corey/common_voice_en_18850839.opus,corey
./data/macroset/en/clips/illustrated/common_voice_en_20260445.opus,illustrated
./data/macroset/en/clips/illustrated/common_voice_en_19856594.opus,illustrated
./data/macroset/en/clips/illustrated/common_voice_en_19306760.opus,illustrated
./data/macroset/en/clips/illustrated/common_voice_en_19762934.opus,illustrated
./data/macroset/en/clips/illustrated/common_voice_en_19669495.opus,illustrated
./data/macroset/en/clips/spill/common_voice_en_506883.opus,spill
./data/macroset/en/clips/spill/common_voice_en_550776.opus,spill
./data/macroset/en/clips/spill/common_voice_en_683752.opus,spill
./data/macroset/en/clips/spill/common_voice_en_386738.opus,spill
./data/macroset/en/clips/spill/common_voice_en_526896.opus,spill
./data/macroset/en/clips/classification/common_voice_en_544492.opus,classification
./data/macroset/en/clips/classification/common_voice_en_625937.opus,classification
./data/macroset/en/clips/classification/common_voice_en_645455.opus,classification
./data/macroset/en/clips/classification/common_voice_en_686784.opus,classification
./data/macroset/en/clips/classification/common_voice_en_19694747.opus,classification
./data/macroset/en/clips/bottom/common_voice_en_21440659.opus,bottom
./data/macroset/en/clips/bottom/common_voice_en_21255183.opus,bottom
./data/macroset/en/clips/bottom/common_voice_en_604023.opus,bottom
./data/macroset/en/clips/bottom/common_voice_en_18306244.opus,bottom
./data/macroset/en/clips/bottom/common_voice_en_19311245.opus,bottom
./data/macroset/en/clips/cove/common_voice_en_18852058.opus,cove
./data/macroset/en/clips/cove/common_voice_en_20676123.opus,cove
./data/macroset/en/clips/cove/common_voice_en_19428004.opus,cove
./data/macroset/en/clips/cove/common_voice_en_20892909.opus,cove
./data/macroset/en/clips/cove/common_voice_en_19848124.opus,cove
./data/macroset/en/clips/weaken/common_voice_en_19815844.opus,weaken
./data/macroset/en/clips/weaken/common_voice_en_562271.opus,weaken
./data/macroset/en/clips/weaken/common_voice_en_171478.opus,weaken
./data/macroset/en/clips/weaken/common_voice_en_203656.opus,weaken
./data/macroset/en/clips/weaken/common_voice_en_482689.opus,weaken
./data/macroset/en/clips/altogether/common_voice_en_18641967.opus,altogether
./data/macroset/en/clips/altogether/common_voice_en_20290361.opus,altogether
./data/macroset/en/clips/altogether/common_voice_en_19180418.opus,altogether
./data/macroset/en/clips/altogether/common_voice_en_18541237.opus,altogether
./data/macroset/en/clips/altogether/common_voice_en_21024266.opus,altogether
./data/macroset/en/clips/managed/common_voice_en_20789366.opus,managed
./data/macroset/en/clips/managed/common_voice_en_22176370.opus,managed
./data/macroset/en/clips/managed/common_voice_en_20144671.opus,managed
./data/macroset/en/clips/managed/common_voice_en_19203066.opus,managed
./data/macroset/en/clips/managed/common_voice_en_18751343.opus,managed
./data/macroset/en/clips/soaking/common_voice_en_17295340.opus,soaking
./data/macroset/en/clips/soaking/common_voice_en_17723591.opus,soaking
./data/macroset/en/clips/soaking/common_voice_en_485768.opus,soaking
./data/macroset/en/clips/soaking/common_voice_en_557018.opus,soaking
./data/macroset/en/clips/soaking/common_voice_en_508662.opus,soaking
./data/macroset/en/clips/pedal/common_voice_en_564865.opus,pedal
./data/macroset/en/clips/pedal/common_voice_en_594965.opus,pedal
./data/macroset/en/clips/pedal/common_voice_en_4699104.opus,pedal
./data/macroset/en/clips/pedal/common_voice_en_17942467.opus,pedal
./data/macroset/en/clips/pedal/common_voice_en_21162968.opus,pedal
./data/macroset/en/clips/manager/common_voice_en_19963298.opus,manager
./data/macroset/en/clips/manager/common_voice_en_20644154.opus,manager
./data/macroset/en/clips/manager/common_voice_en_20547873.opus,manager
./data/macroset/en/clips/manager/common_voice_en_19696950.opus,manager
./data/macroset/en/clips/manager/common_voice_en_19466955.opus,manager
./data/macroset/en/clips/oakland/common_voice_en_20880343.opus,oakland
./data/macroset/en/clips/oakland/common_voice_en_21863541.opus,oakland
./data/macroset/en/clips/oakland/common_voice_en_20024979.opus,oakland
./data/macroset/en/clips/oakland/common_voice_en_18464720.opus,oakland
./data/macroset/en/clips/oakland/common_voice_en_21273237.opus,oakland
./data/macroset/en/clips/chain/common_voice_en_19827793.opus,chain
./data/macroset/en/clips/chain/common_voice_en_20013005.opus,chain
./data/macroset/en/clips/chain/common_voice_en_584982.opus,chain
./data/macroset/en/clips/chain/common_voice_en_18708438.opus,chain
./data/macroset/en/clips/chain/common_voice_en_19635900.opus,chain
./data/macroset/en/clips/gained/common_voice_en_19478347.opus,gained
./data/macroset/en/clips/gained/common_voice_en_21176766.opus,gained
./data/macroset/en/clips/gained/common_voice_en_19106669.opus,gained
./data/macroset/en/clips/gained/common_voice_en_19095389.opus,gained
./data/macroset/en/clips/gained/common_voice_en_19181404.opus,gained
./data/macroset/en/clips/did/common_voice_en_17290715.opus,did
./data/macroset/en/clips/did/common_voice_en_112075.opus,did
./data/macroset/en/clips/did/common_voice_en_17283258.opus,did
./data/macroset/en/clips/did/common_voice_en_18546940.opus,did
./data/macroset/en/clips/did/common_voice_en_497106.opus,did
./data/macroset/en/clips/ought/common_voice_en_288329.opus,ought
./data/macroset/en/clips/ought/common_voice_en_64318.opus,ought
./data/macroset/en/clips/ought/common_voice_en_700278.opus,ought
./data/macroset/en/clips/ought/common_voice_en_654010.opus,ought
./data/macroset/en/clips/ought/common_voice_en_18424518.opus,ought
./data/macroset/en/clips/flights/common_voice_en_19695447.opus,flights
./data/macroset/en/clips/flights/common_voice_en_20173593__2.opus,flights
./data/macroset/en/clips/flights/common_voice_en_19748423.opus,flights
./data/macroset/en/clips/flights/common_voice_en_19352494.opus,flights
./data/macroset/en/clips/flights/common_voice_en_19659735.opus,flights
./data/macroset/en/clips/alliance/common_voice_en_21681268.opus,alliance
./data/macroset/en/clips/alliance/common_voice_en_21349861.opus,alliance
./data/macroset/en/clips/alliance/common_voice_en_21865406.opus,alliance
./data/macroset/en/clips/alliance/common_voice_en_21602096.opus,alliance
./data/macroset/en/clips/alliance/common_voice_en_20670890.opus,alliance
./data/macroset/en/clips/allen/common_voice_en_20113797.opus,allen
./data/macroset/en/clips/allen/common_voice_en_19709114.opus,allen
./data/macroset/en/clips/allen/common_voice_en_21681324.opus,allen
./data/macroset/en/clips/allen/common_voice_en_19073337.opus,allen
./data/macroset/en/clips/allen/common_voice_en_21926086.opus,allen
./data/macroset/en/clips/iraqi/common_voice_en_20872525__2.opus,iraqi
./data/macroset/en/clips/iraqi/common_voice_en_19084440.opus,iraqi
./data/macroset/en/clips/iraqi/common_voice_en_20184102.opus,iraqi
./data/macroset/en/clips/iraqi/common_voice_en_19783674.opus,iraqi
./data/macroset/en/clips/iraqi/common_voice_en_19588470.opus,iraqi
./data/macroset/en/clips/provision/common_voice_en_19639428.opus,provision
./data/macroset/en/clips/provision/common_voice_en_20629516.opus,provision
./data/macroset/en/clips/provision/common_voice_en_20026186.opus,provision
./data/macroset/en/clips/provision/common_voice_en_20183309.opus,provision
./data/macroset/en/clips/provision/common_voice_en_20322509.opus,provision
./data/macroset/en/clips/leonardo/common_voice_en_141355.opus,leonardo
./data/macroset/en/clips/leonardo/common_voice_en_20976373.opus,leonardo
./data/macroset/en/clips/leonardo/common_voice_en_19127795__2.opus,leonardo
./data/macroset/en/clips/leonardo/common_voice_en_17272657.opus,leonardo
./data/macroset/en/clips/leonardo/common_voice_en_19868292.opus,leonardo
./data/macroset/en/clips/review/common_voice_en_684386.opus,review
./data/macroset/en/clips/review/common_voice_en_20176508__2.opus,review
./data/macroset/en/clips/review/common_voice_en_20223023.opus,review
./data/macroset/en/clips/review/common_voice_en_21815555.opus,review
./data/macroset/en/clips/review/common_voice_en_19131029.opus,review
./data/macroset/en/clips/wolves/common_voice_en_187899.opus,wolves
./data/macroset/en/clips/wolves/common_voice_en_17251224.opus,wolves
./data/macroset/en/clips/wolves/common_voice_en_19029026.opus,wolves
./data/macroset/en/clips/wolves/common_voice_en_18797044.opus,wolves
./data/macroset/en/clips/wolves/common_voice_en_50007.opus,wolves
./data/macroset/en/clips/recreational/common_voice_en_22049764.opus,recreational
./data/macroset/en/clips/recreational/common_voice_en_21543136.opus,recreational
./data/macroset/en/clips/recreational/common_voice_en_20261828.opus,recreational
./data/macroset/en/clips/recreational/common_voice_en_21094120.opus,recreational
./data/macroset/en/clips/recreational/common_voice_en_20438588.opus,recreational
./data/macroset/en/clips/controls/common_voice_en_19954850.opus,controls
./data/macroset/en/clips/controls/common_voice_en_22192246.opus,controls
./data/macroset/en/clips/controls/common_voice_en_19392947.opus,controls
./data/macroset/en/clips/controls/common_voice_en_22091362.opus,controls
./data/macroset/en/clips/controls/common_voice_en_19003374.opus,controls
./data/macroset/en/clips/imagination/common_voice_en_3152032.opus,imagination
./data/macroset/en/clips/imagination/common_voice_en_17844341.opus,imagination
./data/macroset/en/clips/imagination/common_voice_en_18161853.opus,imagination
./data/macroset/en/clips/imagination/common_voice_en_18526147.opus,imagination
./data/macroset/en/clips/imagination/common_voice_en_19718140.opus,imagination
./data/macroset/en/clips/greener/common_voice_en_18303374.opus,greener
./data/macroset/en/clips/greener/common_voice_en_17966822.opus,greener
./data/macroset/en/clips/greener/common_voice_en_18341563.opus,greener
./data/macroset/en/clips/greener/common_voice_en_18324726.opus,greener
./data/macroset/en/clips/greener/common_voice_en_691886.opus,greener
./data/macroset/en/clips/collectively/common_voice_en_21591658.opus,collectively
./data/macroset/en/clips/collectively/common_voice_en_19674889.opus,collectively
./data/macroset/en/clips/collectively/common_voice_en_22324415.opus,collectively
./data/macroset/en/clips/collectively/common_voice_en_20794019.opus,collectively
./data/macroset/en/clips/collectively/common_voice_en_19311250.opus,collectively
./data/macroset/en/clips/neutrality/common_voice_en_20902024.opus,neutrality
./data/macroset/en/clips/neutrality/common_voice_en_663349.opus,neutrality
./data/macroset/en/clips/neutrality/common_voice_en_17833702.opus,neutrality
./data/macroset/en/clips/neutrality/common_voice_en_18157113.opus,neutrality
./data/macroset/en/clips/neutrality/common_voice_en_595480.opus,neutrality
./data/macroset/en/clips/obviously/common_voice_en_91474.opus,obviously
./data/macroset/en/clips/obviously/common_voice_en_487731.opus,obviously
./data/macroset/en/clips/obviously/common_voice_en_17718102.opus,obviously
./data/macroset/en/clips/obviously/common_voice_en_634197.opus,obviously
./data/macroset/en/clips/obviously/common_voice_en_641900.opus,obviously
./data/macroset/en/clips/settle/common_voice_en_22255916.opus,settle
./data/macroset/en/clips/settle/common_voice_en_27594.opus,settle
./data/macroset/en/clips/settle/common_voice_en_22165474.opus,settle
./data/macroset/en/clips/settle/common_voice_en_435721.opus,settle
./data/macroset/en/clips/settle/common_voice_en_21975207.opus,settle
./data/macroset/en/clips/torn/common_voice_en_13212894.opus,torn
./data/macroset/en/clips/torn/common_voice_en_18646857.opus,torn
./data/macroset/en/clips/torn/common_voice_en_683399.opus,torn
./data/macroset/en/clips/torn/common_voice_en_569744.opus,torn
./data/macroset/en/clips/torn/common_voice_en_18090715.opus,torn
./data/macroset/en/clips/bakery/common_voice_en_26785.opus,bakery
./data/macroset/en/clips/bakery/common_voice_en_625832.opus,bakery
./data/macroset/en/clips/bakery/common_voice_en_558432.opus,bakery
./data/macroset/en/clips/bakery/common_voice_en_79297.opus,bakery
./data/macroset/en/clips/bakery/common_voice_en_671869.opus,bakery
./data/macroset/en/clips/james/common_voice_en_21687717.opus,james
./data/macroset/en/clips/james/common_voice_en_18814834.opus,james
./data/macroset/en/clips/james/common_voice_en_20132345.opus,james
./data/macroset/en/clips/james/common_voice_en_20118588.opus,james
./data/macroset/en/clips/james/common_voice_en_20015318.opus,james
./data/macroset/en/clips/treason/common_voice_en_608179.opus,treason
./data/macroset/en/clips/treason/common_voice_en_662308.opus,treason
./data/macroset/en/clips/treason/common_voice_en_477811.opus,treason
./data/macroset/en/clips/treason/common_voice_en_19476579.opus,treason
./data/macroset/en/clips/treason/common_voice_en_211248.opus,treason
./data/macroset/en/clips/tattooed/common_voice_en_531346.opus,tattooed
./data/macroset/en/clips/tattooed/common_voice_en_671794.opus,tattooed
./data/macroset/en/clips/tattooed/common_voice_en_507461.opus,tattooed
./data/macroset/en/clips/tattooed/common_voice_en_583478.opus,tattooed
./data/macroset/en/clips/tattooed/common_voice_en_591315.opus,tattooed
./data/macroset/en/clips/stretched/common_voice_en_696345.opus,stretched
./data/macroset/en/clips/stretched/common_voice_en_20068120.opus,stretched
./data/macroset/en/clips/stretched/common_voice_en_200014.opus,stretched
./data/macroset/en/clips/stretched/common_voice_en_18492997.opus,stretched
./data/macroset/en/clips/stretched/common_voice_en_688277.opus,stretched
./data/macroset/en/clips/posted/common_voice_en_17370094.opus,posted
./data/macroset/en/clips/posted/common_voice_en_22160042.opus,posted
./data/macroset/en/clips/posted/common_voice_en_21873576.opus,posted
./data/macroset/en/clips/posted/common_voice_en_17730691.opus,posted
./data/macroset/en/clips/posted/common_voice_en_521673.opus,posted
./data/macroset/en/clips/loosened/common_voice_en_678512.opus,loosened
./data/macroset/en/clips/loosened/common_voice_en_558514.opus,loosened
./data/macroset/en/clips/loosened/common_voice_en_635824.opus,loosened
./data/macroset/en/clips/loosened/common_voice_en_138178.opus,loosened
./data/macroset/en/clips/loosened/common_voice_en_507232.opus,loosened
./data/macroset/en/clips/led/common_voice_en_20593358.opus,led
./data/macroset/en/clips/led/common_voice_en_21681139.opus,led
./data/macroset/en/clips/led/common_voice_en_19686407.opus,led
./data/macroset/en/clips/led/common_voice_en_22306876.opus,led
./data/macroset/en/clips/led/common_voice_en_8635770.opus,led
./data/macroset/en/clips/foods/common_voice_en_21311009.opus,foods
./data/macroset/en/clips/foods/common_voice_en_21854603.opus,foods
./data/macroset/en/clips/foods/common_voice_en_20600244.opus,foods
./data/macroset/en/clips/foods/common_voice_en_19621020.opus,foods
./data/macroset/en/clips/foods/common_voice_en_18734771.opus,foods
./data/macroset/en/clips/could/common_voice_en_213714.opus,could
./data/macroset/en/clips/could/common_voice_en_17898531.opus,could
./data/macroset/en/clips/could/common_voice_en_681140.opus,could
./data/macroset/en/clips/could/common_voice_en_18507420.opus,could
./data/macroset/en/clips/could/common_voice_en_18009259.opus,could
./data/macroset/en/clips/infant/common_voice_en_22178290.opus,infant
./data/macroset/en/clips/infant/common_voice_en_486334.opus,infant
./data/macroset/en/clips/infant/common_voice_en_19748499.opus,infant
./data/macroset/en/clips/infant/common_voice_en_84118.opus,infant
./data/macroset/en/clips/infant/common_voice_en_19838434.opus,infant
./data/macroset/en/clips/yards/common_voice_en_74092.opus,yards
./data/macroset/en/clips/yards/common_voice_en_22077334.opus,yards
./data/macroset/en/clips/yards/common_voice_en_623496.opus,yards
./data/macroset/en/clips/yards/common_voice_en_18500358.opus,yards
./data/macroset/en/clips/yards/common_voice_en_20407619.opus,yards
./data/macroset/en/clips/praise/common_voice_en_20262938.opus,praise
./data/macroset/en/clips/praise/common_voice_en_19567209.opus,praise
./data/macroset/en/clips/praise/common_voice_en_20272601.opus,praise
./data/macroset/en/clips/praise/common_voice_en_189941.opus,praise
./data/macroset/en/clips/praise/common_voice_en_18669344.opus,praise
./data/macroset/en/clips/greek/common_voice_en_19960200.opus,greek
./data/macroset/en/clips/greek/common_voice_en_20927141.opus,greek
./data/macroset/en/clips/greek/common_voice_en_19814800.opus,greek
./data/macroset/en/clips/greek/common_voice_en_21387881.opus,greek
./data/macroset/en/clips/greek/common_voice_en_19255222.opus,greek
./data/macroset/en/clips/parked/common_voice_en_17290933.opus,parked
./data/macroset/en/clips/parked/common_voice_en_18082170.opus,parked
./data/macroset/en/clips/parked/common_voice_en_17914413.opus,parked
./data/macroset/en/clips/parked/common_voice_en_17281737.opus,parked
./data/macroset/en/clips/parked/common_voice_en_527073.opus,parked
./data/macroset/en/clips/centuries/common_voice_en_21776856.opus,centuries
./data/macroset/en/clips/centuries/common_voice_en_19024310.opus,centuries
./data/macroset/en/clips/centuries/common_voice_en_19502784.opus,centuries
./data/macroset/en/clips/centuries/common_voice_en_494202.opus,centuries
./data/macroset/en/clips/centuries/common_voice_en_19960128.opus,centuries
./data/macroset/en/clips/inanimate/common_voice_en_546481.opus,inanimate
./data/macroset/en/clips/inanimate/common_voice_en_645340.opus,inanimate
./data/macroset/en/clips/inanimate/common_voice_en_134120.opus,inanimate
./data/macroset/en/clips/inanimate/common_voice_en_545818.opus,inanimate
./data/macroset/en/clips/inanimate/common_voice_en_643353.opus,inanimate
./data/macroset/en/clips/neon/common_voice_en_17396868.opus,neon
./data/macroset/en/clips/neon/common_voice_en_486348.opus,neon
./data/macroset/en/clips/neon/common_voice_en_17422449.opus,neon
./data/macroset/en/clips/neon/common_voice_en_532626.opus,neon
./data/macroset/en/clips/neon/common_voice_en_189102.opus,neon
./data/macroset/en/clips/mirrors/common_voice_en_21312341.opus,mirrors
./data/macroset/en/clips/mirrors/common_voice_en_22220924.opus,mirrors
./data/macroset/en/clips/mirrors/common_voice_en_18754963.opus,mirrors
./data/macroset/en/clips/mirrors/common_voice_en_19401219.opus,mirrors
./data/macroset/en/clips/mirrors/common_voice_en_492808.opus,mirrors
./data/macroset/en/clips/pumped/common_voice_en_18110362.opus,pumped
./data/macroset/en/clips/pumped/common_voice_en_526009.opus,pumped
./data/macroset/en/clips/pumped/common_voice_en_19760517.opus,pumped
./data/macroset/en/clips/pumped/common_voice_en_20833035.opus,pumped
./data/macroset/en/clips/pumped/common_voice_en_17776506.opus,pumped
./data/macroset/en/clips/became/common_voice_en_18673525.opus,became
./data/macroset/en/clips/became/common_voice_en_19700554.opus,became
./data/macroset/en/clips/became/common_voice_en_18564362.opus,became
./data/macroset/en/clips/became/common_voice_en_18971422.opus,became
./data/macroset/en/clips/became/common_voice_en_22285385.opus,became
./data/macroset/en/clips/retreated/common_voice_en_19347836.opus,retreated
./data/macroset/en/clips/retreated/common_voice_en_18993805.opus,retreated
./data/macroset/en/clips/retreated/common_voice_en_19918222.opus,retreated
./data/macroset/en/clips/retreated/common_voice_en_19676192.opus,retreated
./data/macroset/en/clips/retreated/common_voice_en_22259269.opus,retreated
./data/macroset/en/clips/guardian/common_voice_en_19148791.opus,guardian
./data/macroset/en/clips/guardian/common_voice_en_19961604.opus,guardian
./data/macroset/en/clips/guardian/common_voice_en_19658259.opus,guardian
./data/macroset/en/clips/guardian/common_voice_en_21101079.opus,guardian
./data/macroset/en/clips/guardian/common_voice_en_21352470.opus,guardian
./data/macroset/en/clips/victim/common_voice_en_19769952.opus,victim
./data/macroset/en/clips/victim/common_voice_en_491159.opus,victim
./data/macroset/en/clips/victim/common_voice_en_2399771.opus,victim
./data/macroset/en/clips/victim/common_voice_en_426146.opus,victim
./data/macroset/en/clips/victim/common_voice_en_18130756.opus,victim
./data/macroset/en/clips/produces/common_voice_en_19409279.opus,produces
./data/macroset/en/clips/produces/common_voice_en_20090899.opus,produces
./data/macroset/en/clips/produces/common_voice_en_20261298.opus,produces
./data/macroset/en/clips/produces/common_voice_en_20237167.opus,produces
./data/macroset/en/clips/produces/common_voice_en_22432574.opus,produces
./data/macroset/en/clips/coaching/common_voice_en_20052663.opus,coaching
./data/macroset/en/clips/coaching/common_voice_en_21846377.opus,coaching
./data/macroset/en/clips/coaching/common_voice_en_22100631.opus,coaching
./data/macroset/en/clips/coaching/common_voice_en_19137157.opus,coaching
./data/macroset/en/clips/coaching/common_voice_en_19709058.opus,coaching
./data/macroset/en/clips/maze/common_voice_en_392528.opus,maze
./data/macroset/en/clips/maze/common_voice_en_22167217.opus,maze
./data/macroset/en/clips/maze/common_voice_en_20690346.opus,maze
./data/macroset/en/clips/maze/common_voice_en_20433378.opus,maze
./data/macroset/en/clips/maze/common_voice_en_21504873.opus,maze
./data/macroset/en/clips/imminent/common_voice_en_17359480.opus,imminent
./data/macroset/en/clips/imminent/common_voice_en_480900.opus,imminent
./data/macroset/en/clips/imminent/common_voice_en_20178455.opus,imminent
./data/macroset/en/clips/imminent/common_voice_en_17516973.opus,imminent
./data/macroset/en/clips/imminent/common_voice_en_489754.opus,imminent
./data/macroset/en/clips/face/common_voice_en_20984441.opus,face
./data/macroset/en/clips/face/common_voice_en_18519642.opus,face
./data/macroset/en/clips/face/common_voice_en_17270037.opus,face
./data/macroset/en/clips/face/common_voice_en_563494.opus,face
./data/macroset/en/clips/face/common_voice_en_654830.opus,face
./data/macroset/en/clips/deployed/common_voice_en_20590743.opus,deployed
./data/macroset/en/clips/deployed/common_voice_en_20304340.opus,deployed
./data/macroset/en/clips/deployed/common_voice_en_22408115.opus,deployed
./data/macroset/en/clips/deployed/common_voice_en_19989821.opus,deployed
./data/macroset/en/clips/deployed/common_voice_en_19383713.opus,deployed
./data/macroset/en/clips/geographical/common_voice_en_21284368.opus,geographical
./data/macroset/en/clips/geographical/common_voice_en_20145037.opus,geographical
./data/macroset/en/clips/geographical/common_voice_en_22420625.opus,geographical
./data/macroset/en/clips/geographical/common_voice_en_18858580.opus,geographical
./data/macroset/en/clips/geographical/common_voice_en_20135757.opus,geographical
./data/macroset/en/clips/cameron/common_voice_en_21081002.opus,cameron
./data/macroset/en/clips/cameron/common_voice_en_18843198.opus,cameron
./data/macroset/en/clips/cameron/common_voice_en_19454101.opus,cameron
./data/macroset/en/clips/cameron/common_voice_en_19061077.opus,cameron
./data/macroset/en/clips/cameron/common_voice_en_20912290.opus,cameron
./data/macroset/en/clips/facing/common_voice_en_576048.opus,facing
./data/macroset/en/clips/facing/common_voice_en_20451503.opus,facing
./data/macroset/en/clips/facing/common_voice_en_217735.opus,facing
./data/macroset/en/clips/facing/common_voice_en_19868286.opus,facing
./data/macroset/en/clips/facing/common_voice_en_22351739.opus,facing
./data/macroset/en/clips/squeal/common_voice_en_692231.opus,squeal
./data/macroset/en/clips/squeal/common_voice_en_35820.opus,squeal
./data/macroset/en/clips/squeal/common_voice_en_679141.opus,squeal
./data/macroset/en/clips/squeal/common_voice_en_214364.opus,squeal
./data/macroset/en/clips/squeal/common_voice_en_656503.opus,squeal
./data/macroset/en/clips/yeah/common_voice_en_551528.opus,yeah
./data/macroset/en/clips/yeah/common_voice_en_147144.opus,yeah
./data/macroset/en/clips/yeah/common_voice_en_276999.opus,yeah
./data/macroset/en/clips/yeah/common_voice_en_20323738.opus,yeah
./data/macroset/en/clips/yeah/common_voice_en_17277051.opus,yeah
./data/macroset/en/clips/jay/common_voice_en_20184031.opus,jay
./data/macroset/en/clips/jay/common_voice_en_19868941.opus,jay
./data/macroset/en/clips/jay/common_voice_en_19515770.opus,jay
./data/macroset/en/clips/jay/common_voice_en_21687588.opus,jay
./data/macroset/en/clips/jay/common_voice_en_19639068.opus,jay
./data/macroset/en/clips/failed/common_voice_en_19163306.opus,failed
./data/macroset/en/clips/failed/common_voice_en_51923.opus,failed
./data/macroset/en/clips/failed/common_voice_en_18765349.opus,failed
./data/macroset/en/clips/failed/common_voice_en_661205.opus,failed
./data/macroset/en/clips/failed/common_voice_en_19690712.opus,failed
./data/macroset/en/clips/correlated/common_voice_en_17727884.opus,correlated
./data/macroset/en/clips/correlated/common_voice_en_18972971.opus,correlated
./data/macroset/en/clips/correlated/common_voice_en_18993274.opus,correlated
./data/macroset/en/clips/correlated/common_voice_en_17360224.opus,correlated
./data/macroset/en/clips/correlated/common_voice_en_18105468.opus,correlated
./data/macroset/en/clips/brooklyn/common_voice_en_19523578.opus,brooklyn
./data/macroset/en/clips/brooklyn/common_voice_en_22183238.opus,brooklyn
./data/macroset/en/clips/brooklyn/common_voice_en_22361052.opus,brooklyn
./data/macroset/en/clips/brooklyn/common_voice_en_21419934.opus,brooklyn
./data/macroset/en/clips/brooklyn/common_voice_en_20015582.opus,brooklyn
./data/macroset/en/clips/shah/common_voice_en_20883799.opus,shah
./data/macroset/en/clips/shah/common_voice_en_21891480.opus,shah
./data/macroset/en/clips/shah/common_voice_en_19561348__2.opus,shah
./data/macroset/en/clips/shah/common_voice_en_20660910.opus,shah
./data/macroset/en/clips/shah/common_voice_en_22297183.opus,shah
./data/macroset/en/clips/allies/common_voice_en_21490601.opus,allies
./data/macroset/en/clips/allies/common_voice_en_19812535.opus,allies
./data/macroset/en/clips/allies/common_voice_en_19184947.opus,allies
./data/macroset/en/clips/allies/common_voice_en_21282375.opus,allies
./data/macroset/en/clips/allies/common_voice_en_20235880.opus,allies
./data/macroset/en/clips/outlet/common_voice_en_20049270.opus,outlet
./data/macroset/en/clips/outlet/common_voice_en_20241016.opus,outlet
./data/macroset/en/clips/outlet/common_voice_en_20027303.opus,outlet
./data/macroset/en/clips/outlet/common_voice_en_22243465.opus,outlet
./data/macroset/en/clips/outlet/common_voice_en_21410357.opus,outlet
./data/macroset/en/clips/abundant/common_voice_en_20562743.opus,abundant
./data/macroset/en/clips/abundant/common_voice_en_19810416.opus,abundant
./data/macroset/en/clips/abundant/common_voice_en_19466889.opus,abundant
./data/macroset/en/clips/abundant/common_voice_en_22294302.opus,abundant
./data/macroset/en/clips/abundant/common_voice_en_19912827.opus,abundant
./data/macroset/en/clips/broadway/common_voice_en_20132344.opus,broadway
./data/macroset/en/clips/broadway/common_voice_en_21307657.opus,broadway
./data/macroset/en/clips/broadway/common_voice_en_20526869.opus,broadway
./data/macroset/en/clips/broadway/common_voice_en_20162509.opus,broadway
./data/macroset/en/clips/broadway/common_voice_en_20141471.opus,broadway
./data/macroset/en/clips/fights/common_voice_en_18846038.opus,fights
./data/macroset/en/clips/fights/common_voice_en_17885234.opus,fights
./data/macroset/en/clips/fights/common_voice_en_18799874.opus,fights
./data/macroset/en/clips/fights/common_voice_en_19529210.opus,fights
./data/macroset/en/clips/fights/common_voice_en_20554958.opus,fights
./data/macroset/en/clips/locally/common_voice_en_19805015.opus,locally
./data/macroset/en/clips/locally/common_voice_en_21352404.opus,locally
./data/macroset/en/clips/locally/common_voice_en_19645152.opus,locally
./data/macroset/en/clips/locally/common_voice_en_19629802.opus,locally
./data/macroset/en/clips/locally/common_voice_en_21205731.opus,locally
./data/macroset/en/clips/engaged/common_voice_en_18510279.opus,engaged
./data/macroset/en/clips/engaged/common_voice_en_19574584.opus,engaged
./data/macroset/en/clips/engaged/common_voice_en_18418605.opus,engaged
./data/macroset/en/clips/engaged/common_voice_en_18526143.opus,engaged
./data/macroset/en/clips/engaged/common_voice_en_18767194.opus,engaged
./data/macroset/en/clips/ourselves/common_voice_en_20287757.opus,ourselves
./data/macroset/en/clips/ourselves/common_voice_en_18492296.opus,ourselves
./data/macroset/en/clips/ourselves/common_voice_en_18513274.opus,ourselves
./data/macroset/en/clips/ourselves/common_voice_en_18315299.opus,ourselves
./data/macroset/en/clips/ourselves/common_voice_en_17282785.opus,ourselves
./data/macroset/en/clips/watershed/common_voice_en_19467867.opus,watershed
./data/macroset/en/clips/watershed/common_voice_en_19010749.opus,watershed
./data/macroset/en/clips/watershed/common_voice_en_19603959.opus,watershed
./data/macroset/en/clips/watershed/common_voice_en_20603296.opus,watershed
./data/macroset/en/clips/watershed/common_voice_en_21985896.opus,watershed
./data/macroset/en/clips/dollars/common_voice_en_60195.opus,dollars
./data/macroset/en/clips/dollars/common_voice_en_527390.opus,dollars
./data/macroset/en/clips/dollars/common_voice_en_488680.opus,dollars
./data/macroset/en/clips/dollars/common_voice_en_521125.opus,dollars
./data/macroset/en/clips/dollars/common_voice_en_19848079.opus,dollars
./data/macroset/en/clips/requirements/common_voice_en_21220605.opus,requirements
./data/macroset/en/clips/requirements/common_voice_en_18541816.opus,requirements
./data/macroset/en/clips/requirements/common_voice_en_21681315.opus,requirements
./data/macroset/en/clips/requirements/common_voice_en_21090516.opus,requirements
./data/macroset/en/clips/requirements/common_voice_en_19636969.opus,requirements
./data/macroset/en/clips/councils/common_voice_en_20080407.opus,councils
./data/macroset/en/clips/councils/common_voice_en_18884304.opus,councils
./data/macroset/en/clips/councils/common_voice_en_22400531.opus,councils
./data/macroset/en/clips/councils/common_voice_en_20382000.opus,councils
./data/macroset/en/clips/councils/common_voice_en_19355461.opus,councils
./data/macroset/en/clips/nickelodeon/common_voice_en_20204365.opus,nickelodeon
./data/macroset/en/clips/nickelodeon/common_voice_en_19149213.opus,nickelodeon
./data/macroset/en/clips/nickelodeon/common_voice_en_19012064.opus,nickelodeon
./data/macroset/en/clips/nickelodeon/common_voice_en_20024980.opus,nickelodeon
./data/macroset/en/clips/nickelodeon/common_voice_en_20327687.opus,nickelodeon
./data/macroset/en/clips/makers/common_voice_en_20587036.opus,makers
./data/macroset/en/clips/makers/common_voice_en_19710494.opus,makers
./data/macroset/en/clips/makers/common_voice_en_20812922.opus,makers
./data/macroset/en/clips/makers/common_voice_en_19612437.opus,makers
./data/macroset/en/clips/makers/common_voice_en_20247633.opus,makers
./data/macroset/en/clips/continue/common_voice_en_11351658.opus,continue
./data/macroset/en/clips/continue/common_voice_en_19637875.opus,continue
./data/macroset/en/clips/continue/common_voice_en_502124.opus,continue
./data/macroset/en/clips/continue/common_voice_en_22448487.opus,continue
./data/macroset/en/clips/continue/common_voice_en_19181578.opus,continue
./data/macroset/en/clips/cheap/common_voice_en_412120.opus,cheap
./data/macroset/en/clips/cheap/common_voice_en_277808.opus,cheap
./data/macroset/en/clips/cheap/common_voice_en_35862.opus,cheap
./data/macroset/en/clips/cheap/common_voice_en_215302.opus,cheap
./data/macroset/en/clips/cheap/common_voice_en_17390429.opus,cheap
./data/macroset/en/clips/astronomer/common_voice_en_19856670.opus,astronomer
./data/macroset/en/clips/astronomer/common_voice_en_20801657.opus,astronomer
./data/macroset/en/clips/astronomer/common_voice_en_21846375.opus,astronomer
./data/macroset/en/clips/astronomer/common_voice_en_19775315.opus,astronomer
./data/macroset/en/clips/astronomer/common_voice_en_19854842.opus,astronomer
./data/macroset/en/clips/slovakia/common_voice_en_17993661.opus,slovakia
./data/macroset/en/clips/slovakia/common_voice_en_19179752.opus,slovakia
./data/macroset/en/clips/slovakia/common_voice_en_17663031.opus,slovakia
./data/macroset/en/clips/slovakia/common_voice_en_17284301.opus,slovakia
./data/macroset/en/clips/slovakia/common_voice_en_17268042.opus,slovakia
./data/macroset/en/clips/overlooks/common_voice_en_20093186.opus,overlooks
./data/macroset/en/clips/overlooks/common_voice_en_20670155.opus,overlooks
./data/macroset/en/clips/overlooks/common_voice_en_19823703.opus,overlooks
./data/macroset/en/clips/overlooks/common_voice_en_20664793.opus,overlooks
./data/macroset/en/clips/overlooks/common_voice_en_19964322.opus,overlooks
./data/macroset/en/clips/pastry/common_voice_en_545716.opus,pastry
./data/macroset/en/clips/pastry/common_voice_en_304919.opus,pastry
./data/macroset/en/clips/pastry/common_voice_en_19917423.opus,pastry
./data/macroset/en/clips/pastry/common_voice_en_22130744.opus,pastry
./data/macroset/en/clips/pastry/common_voice_en_51158.opus,pastry
./data/macroset/en/clips/engine/common_voice_en_22044647.opus,engine
./data/macroset/en/clips/engine/common_voice_en_19844318.opus,engine
./data/macroset/en/clips/engine/common_voice_en_21275767.opus,engine
./data/macroset/en/clips/engine/common_voice_en_20440085.opus,engine
./data/macroset/en/clips/engine/common_voice_en_19673856.opus,engine
./data/macroset/en/clips/lighthouses/common_voice_en_164243.opus,lighthouses
./data/macroset/en/clips/lighthouses/common_voice_en_19953482.opus,lighthouses
./data/macroset/en/clips/lighthouses/common_voice_en_20041944.opus,lighthouses
./data/macroset/en/clips/lighthouses/common_voice_en_179506.opus,lighthouses
./data/macroset/en/clips/lighthouses/common_voice_en_481198.opus,lighthouses
./data/macroset/en/clips/organizations/common_voice_en_20274503.opus,organizations
./data/macroset/en/clips/organizations/common_voice_en_20670142.opus,organizations
./data/macroset/en/clips/organizations/common_voice_en_21352428.opus,organizations
./data/macroset/en/clips/organizations/common_voice_en_19721317.opus,organizations
./data/macroset/en/clips/organizations/common_voice_en_20040053.opus,organizations
./data/macroset/en/clips/engagement/common_voice_en_197992.opus,engagement
./data/macroset/en/clips/engagement/common_voice_en_509066.opus,engagement
./data/macroset/en/clips/engagement/common_voice_en_19600420.opus,engagement
./data/macroset/en/clips/engagement/common_voice_en_213059.opus,engagement
./data/macroset/en/clips/engagement/common_voice_en_665369.opus,engagement
./data/macroset/en/clips/bribe/common_voice_en_199965.opus,bribe
./data/macroset/en/clips/bribe/common_voice_en_94102.opus,bribe
./data/macroset/en/clips/bribe/common_voice_en_18513842.opus,bribe
./data/macroset/en/clips/bribe/common_voice_en_26653.opus,bribe
./data/macroset/en/clips/bribe/common_voice_en_19547297.opus,bribe
./data/macroset/en/clips/lamps/common_voice_en_18545579.opus,lamps
./data/macroset/en/clips/lamps/common_voice_en_17808735.opus,lamps
./data/macroset/en/clips/lamps/common_voice_en_20633321.opus,lamps
./data/macroset/en/clips/lamps/common_voice_en_17850125.opus,lamps
./data/macroset/en/clips/lamps/common_voice_en_18302288.opus,lamps
./data/macroset/en/clips/kindly/common_voice_en_699634.opus,kindly
./data/macroset/en/clips/kindly/common_voice_en_88805.opus,kindly
./data/macroset/en/clips/kindly/common_voice_en_18451171.opus,kindly
./data/macroset/en/clips/kindly/common_voice_en_18403740.opus,kindly
./data/macroset/en/clips/kindly/common_voice_en_21186419.opus,kindly
./data/macroset/en/clips/hunter/common_voice_en_22207131.opus,hunter
./data/macroset/en/clips/hunter/common_voice_en_20956481.opus,hunter
./data/macroset/en/clips/hunter/common_voice_en_20446267.opus,hunter
./data/macroset/en/clips/hunter/common_voice_en_19366329.opus,hunter
./data/macroset/en/clips/hunter/common_voice_en_19374153.opus,hunter
./data/macroset/en/clips/subsequent/common_voice_en_21102082.opus,subsequent
./data/macroset/en/clips/subsequent/common_voice_en_22306936.opus,subsequent
./data/macroset/en/clips/subsequent/common_voice_en_21517433.opus,subsequent
./data/macroset/en/clips/subsequent/common_voice_en_19439604.opus,subsequent
./data/macroset/en/clips/subsequent/common_voice_en_20346645.opus,subsequent
./data/macroset/en/clips/reports/common_voice_en_20828384.opus,reports
./data/macroset/en/clips/reports/common_voice_en_20409720.opus,reports
./data/macroset/en/clips/reports/common_voice_en_20754567.opus,reports
./data/macroset/en/clips/reports/common_voice_en_21724181.opus,reports
./data/macroset/en/clips/reports/common_voice_en_19743822.opus,reports
./data/macroset/en/clips/cometh/common_voice_en_455590.opus,cometh
./data/macroset/en/clips/cometh/common_voice_en_18121400.opus,cometh
./data/macroset/en/clips/cometh/common_voice_en_17866068.opus,cometh
./data/macroset/en/clips/cometh/common_voice_en_18183180.opus,cometh
./data/macroset/en/clips/cometh/common_voice_en_546321.opus,cometh
./data/macroset/en/clips/debra/common_voice_en_182336.opus,debra
./data/macroset/en/clips/debra/common_voice_en_93994.opus,debra
./data/macroset/en/clips/debra/common_voice_en_683529.opus,debra
./data/macroset/en/clips/debra/common_voice_en_17903413.opus,debra
./data/macroset/en/clips/debra/common_voice_en_637566.opus,debra
./data/macroset/en/clips/immediate/common_voice_en_21873177.opus,immediate
./data/macroset/en/clips/immediate/common_voice_en_21384318.opus,immediate
./data/macroset/en/clips/immediate/common_voice_en_525327.opus,immediate
./data/macroset/en/clips/immediate/common_voice_en_20322210.opus,immediate
./data/macroset/en/clips/immediate/common_voice_en_19672225.opus,immediate
./data/macroset/en/clips/barrett/common_voice_en_20343185.opus,barrett
./data/macroset/en/clips/barrett/common_voice_en_22420715.opus,barrett
./data/macroset/en/clips/barrett/common_voice_en_21949161.opus,barrett
./data/macroset/en/clips/barrett/common_voice_en_20523481.opus,barrett
./data/macroset/en/clips/barrett/common_voice_en_21427382.opus,barrett
./data/macroset/en/clips/cobalt/common_voice_en_21875887.opus,cobalt
./data/macroset/en/clips/cobalt/common_voice_en_18136131.opus,cobalt
./data/macroset/en/clips/cobalt/common_voice_en_18120876.opus,cobalt
./data/macroset/en/clips/cobalt/common_voice_en_17846499.opus,cobalt
./data/macroset/en/clips/cobalt/common_voice_en_22103662.opus,cobalt
./data/macroset/en/clips/middle/common_voice_en_492102.opus,middle
./data/macroset/en/clips/middle/common_voice_en_19677621.opus,middle
./data/macroset/en/clips/middle/common_voice_en_18493174.opus,middle
./data/macroset/en/clips/middle/common_voice_en_21741064.opus,middle
./data/macroset/en/clips/middle/common_voice_en_21146333.opus,middle
./data/macroset/en/clips/acknowledged/common_voice_en_19132578.opus,acknowledged
./data/macroset/en/clips/acknowledged/common_voice_en_20880460.opus,acknowledged
./data/macroset/en/clips/acknowledged/common_voice_en_19419424.opus,acknowledged
./data/macroset/en/clips/acknowledged/common_voice_en_20370936.opus,acknowledged
./data/macroset/en/clips/acknowledged/common_voice_en_19312645.opus,acknowledged
./data/macroset/en/clips/typing/common_voice_en_18002556.opus,typing
./data/macroset/en/clips/typing/common_voice_en_11351564.opus,typing
./data/macroset/en/clips/typing/common_voice_en_17267126.opus,typing
./data/macroset/en/clips/typing/common_voice_en_17282584.opus,typing
./data/macroset/en/clips/typing/common_voice_en_221361.opus,typing
./data/macroset/en/clips/continual/common_voice_en_17876923.opus,continual
./data/macroset/en/clips/continual/common_voice_en_499024.opus,continual
./data/macroset/en/clips/continual/common_voice_en_17460421.opus,continual
./data/macroset/en/clips/continual/common_voice_en_18102184.opus,continual
./data/macroset/en/clips/continual/common_voice_en_18937635.opus,continual
./data/macroset/en/clips/payment/common_voice_en_18603945__2.opus,payment
./data/macroset/en/clips/payment/common_voice_en_638142.opus,payment
./data/macroset/en/clips/payment/common_voice_en_492257.opus,payment
./data/macroset/en/clips/payment/common_voice_en_18649719.opus,payment
./data/macroset/en/clips/payment/common_voice_en_31151.opus,payment
./data/macroset/en/clips/italy/common_voice_en_28892.opus,italy
./data/macroset/en/clips/italy/common_voice_en_36884.opus,italy
./data/macroset/en/clips/italy/common_voice_en_19743223.opus,italy
./data/macroset/en/clips/italy/common_voice_en_22000514.opus,italy
./data/macroset/en/clips/italy/common_voice_en_19599637.opus,italy
./data/macroset/en/clips/universities/common_voice_en_20975485.opus,universities
./data/macroset/en/clips/universities/common_voice_en_19815845.opus,universities
./data/macroset/en/clips/universities/common_voice_en_22212302.opus,universities
./data/macroset/en/clips/universities/common_voice_en_19150169.opus,universities
./data/macroset/en/clips/universities/common_voice_en_21692665.opus,universities
./data/macroset/en/clips/buddhist/common_voice_en_19772057.opus,buddhist
./data/macroset/en/clips/buddhist/common_voice_en_20113515.opus,buddhist
./data/macroset/en/clips/buddhist/common_voice_en_19950479.opus,buddhist
./data/macroset/en/clips/buddhist/common_voice_en_22071303.opus,buddhist
./data/macroset/en/clips/buddhist/common_voice_en_20462361.opus,buddhist
./data/macroset/en/clips/fuzzy/common_voice_en_356071.opus,fuzzy
./data/macroset/en/clips/fuzzy/common_voice_en_21710344.opus,fuzzy
./data/macroset/en/clips/fuzzy/common_voice_en_20933499.opus,fuzzy
./data/macroset/en/clips/fuzzy/common_voice_en_505612.opus,fuzzy
./data/macroset/en/clips/fuzzy/common_voice_en_617153.opus,fuzzy
./data/macroset/en/clips/sutton/common_voice_en_20994938.opus,sutton
./data/macroset/en/clips/sutton/common_voice_en_22078777.opus,sutton
./data/macroset/en/clips/sutton/common_voice_en_21289001.opus,sutton
./data/macroset/en/clips/sutton/common_voice_en_20246428.opus,sutton
./data/macroset/en/clips/sutton/common_voice_en_18978819.opus,sutton
./data/macroset/en/clips/pod/common_voice_en_17269719.opus,pod
./data/macroset/en/clips/pod/common_voice_en_17277203.opus,pod
./data/macroset/en/clips/pod/common_voice_en_17276808.opus,pod
./data/macroset/en/clips/pod/common_voice_en_458465.opus,pod
./data/macroset/en/clips/pod/common_voice_en_613061.opus,pod
./data/macroset/en/clips/matrix/common_voice_en_20492907.opus,matrix
./data/macroset/en/clips/matrix/common_voice_en_20836529.opus,matrix
./data/macroset/en/clips/matrix/common_voice_en_20593316.opus,matrix
./data/macroset/en/clips/matrix/common_voice_en_20427171__2.opus,matrix
./data/macroset/en/clips/matrix/common_voice_en_19676354.opus,matrix
./data/macroset/en/clips/secret/common_voice_en_18893817.opus,secret
./data/macroset/en/clips/secret/common_voice_en_17803266.opus,secret
./data/macroset/en/clips/secret/common_voice_en_80704.opus,secret
./data/macroset/en/clips/secret/common_voice_en_17850794.opus,secret
./data/macroset/en/clips/secret/common_voice_en_20837470.opus,secret
./data/macroset/en/clips/unfazed/common_voice_en_17286499.opus,unfazed
./data/macroset/en/clips/unfazed/common_voice_en_18003392.opus,unfazed
./data/macroset/en/clips/unfazed/common_voice_en_17269366.opus,unfazed
./data/macroset/en/clips/unfazed/common_voice_en_18066446.opus,unfazed
./data/macroset/en/clips/unfazed/common_voice_en_17663950.opus,unfazed
./data/macroset/en/clips/bookkeeper/common_voice_en_653991.opus,bookkeeper
./data/macroset/en/clips/bookkeeper/common_voice_en_19747843.opus,bookkeeper
./data/macroset/en/clips/bookkeeper/common_voice_en_601803.opus,bookkeeper
./data/macroset/en/clips/bookkeeper/common_voice_en_555327.opus,bookkeeper
./data/macroset/en/clips/bookkeeper/common_voice_en_72198.opus,bookkeeper
./data/macroset/en/clips/kangaroo/common_voice_en_664981.opus,kangaroo
./data/macroset/en/clips/kangaroo/common_voice_en_526762.opus,kangaroo
./data/macroset/en/clips/kangaroo/common_voice_en_21367642.opus,kangaroo
./data/macroset/en/clips/kangaroo/common_voice_en_18480251.opus,kangaroo
./data/macroset/en/clips/kangaroo/common_voice_en_676307.opus,kangaroo
./data/macroset/en/clips/kiss/common_voice_en_18101123.opus,kiss
./data/macroset/en/clips/kiss/common_voice_en_20961855.opus,kiss
./data/macroset/en/clips/kiss/common_voice_en_19725722.opus,kiss
./data/macroset/en/clips/kiss/common_voice_en_19552280.opus,kiss
./data/macroset/en/clips/kiss/common_voice_en_20981844.opus,kiss
./data/macroset/en/clips/hoping/common_voice_en_17582791.opus,hoping
./data/macroset/en/clips/hoping/common_voice_en_50316.opus,hoping
./data/macroset/en/clips/hoping/common_voice_en_18638369.opus,hoping
./data/macroset/en/clips/hoping/common_voice_en_18409565.opus,hoping
./data/macroset/en/clips/hoping/common_voice_en_18404542.opus,hoping
./data/macroset/en/clips/nursery/common_voice_en_20045008__2.opus,nursery
./data/macroset/en/clips/nursery/common_voice_en_20235971.opus,nursery
./data/macroset/en/clips/nursery/common_voice_en_22185488.opus,nursery
./data/macroset/en/clips/nursery/common_voice_en_19317775.opus,nursery
./data/macroset/en/clips/nursery/common_voice_en_20380568.opus,nursery
./data/macroset/en/clips/soviet/common_voice_en_22121303.opus,soviet
./data/macroset/en/clips/soviet/common_voice_en_21869578.opus,soviet
./data/macroset/en/clips/soviet/common_voice_en_19531918.opus,soviet
./data/macroset/en/clips/soviet/common_voice_en_19515580.opus,soviet
./data/macroset/en/clips/soviet/common_voice_en_21512335__2.opus,soviet
./data/macroset/en/clips/cornish/common_voice_en_19390080.opus,cornish
./data/macroset/en/clips/cornish/common_voice_en_21692235.opus,cornish
./data/macroset/en/clips/cornish/common_voice_en_22283101.opus,cornish
./data/macroset/en/clips/cornish/common_voice_en_19597528.opus,cornish
./data/macroset/en/clips/cornish/common_voice_en_21330923.opus,cornish
./data/macroset/en/clips/memories/common_voice_en_20242555.opus,memories
./data/macroset/en/clips/memories/common_voice_en_21788358.opus,memories
./data/macroset/en/clips/memories/common_voice_en_18932924.opus,memories
./data/macroset/en/clips/memories/common_voice_en_19770583.opus,memories
./data/macroset/en/clips/memories/common_voice_en_22270637.opus,memories
./data/macroset/en/clips/mailed/common_voice_en_18949300.opus,mailed
./data/macroset/en/clips/mailed/common_voice_en_18114918.opus,mailed
./data/macroset/en/clips/mailed/common_voice_en_6635532.opus,mailed
./data/macroset/en/clips/mailed/common_voice_en_560519.opus,mailed
./data/macroset/en/clips/mailed/common_voice_en_17358149.opus,mailed
./data/macroset/en/clips/christian/common_voice_en_22425905.opus,christian
./data/macroset/en/clips/christian/common_voice_en_21753418.opus,christian
./data/macroset/en/clips/christian/common_voice_en_21927141.opus,christian
./data/macroset/en/clips/christian/common_voice_en_19232430.opus,christian
./data/macroset/en/clips/christian/common_voice_en_18814774.opus,christian
./data/macroset/en/clips/among/common_voice_en_19993723.opus,among
./data/macroset/en/clips/among/common_voice_en_523250.opus,among
./data/macroset/en/clips/among/common_voice_en_20883408.opus,among
./data/macroset/en/clips/among/common_voice_en_21470018.opus,among
./data/macroset/en/clips/among/common_voice_en_20162489.opus,among
./data/macroset/en/clips/satisfy/common_voice_en_18403898.opus,satisfy
./data/macroset/en/clips/satisfy/common_voice_en_18596097.opus,satisfy
./data/macroset/en/clips/satisfy/common_voice_en_18507441.opus,satisfy
./data/macroset/en/clips/satisfy/common_voice_en_21100176.opus,satisfy
./data/macroset/en/clips/satisfy/common_voice_en_547799.opus,satisfy
./data/macroset/en/clips/decided/common_voice_en_17255077.opus,decided
./data/macroset/en/clips/decided/common_voice_en_79974.opus,decided
./data/macroset/en/clips/decided/common_voice_en_19650156.opus,decided
./data/macroset/en/clips/decided/common_voice_en_557234.opus,decided
./data/macroset/en/clips/decided/common_voice_en_18521468.opus,decided
./data/macroset/en/clips/neighboring/common_voice_en_20442552.opus,neighboring
./data/macroset/en/clips/neighboring/common_voice_en_21793731.opus,neighboring
./data/macroset/en/clips/neighboring/common_voice_en_22162553.opus,neighboring
./data/macroset/en/clips/neighboring/common_voice_en_21830999.opus,neighboring
./data/macroset/en/clips/neighboring/common_voice_en_19001145.opus,neighboring
./data/macroset/en/clips/ballad/common_voice_en_80321.opus,ballad
./data/macroset/en/clips/ballad/common_voice_en_17294171.opus,ballad
./data/macroset/en/clips/ballad/common_voice_en_19652789.opus,ballad
./data/macroset/en/clips/ballad/common_voice_en_17881573.opus,ballad
./data/macroset/en/clips/ballad/common_voice_en_17825205.opus,ballad
./data/macroset/en/clips/chord/common_voice_en_19737940.opus,chord
./data/macroset/en/clips/chord/common_voice_en_20358458__2.opus,chord
./data/macroset/en/clips/chord/common_voice_en_20836809.opus,chord
./data/macroset/en/clips/chord/common_voice_en_20725171.opus,chord
./data/macroset/en/clips/chord/common_voice_en_22241545.opus,chord
./data/macroset/en/clips/fore/common_voice_en_41318.opus,fore
./data/macroset/en/clips/fore/common_voice_en_17983377__2.opus,fore
./data/macroset/en/clips/fore/common_voice_en_599545__2.opus,fore
./data/macroset/en/clips/fore/common_voice_en_20176019.opus,fore
./data/macroset/en/clips/fore/common_voice_en_285842.opus,fore
./data/macroset/en/clips/merchant/common_voice_en_126511.opus,merchant
./data/macroset/en/clips/merchant/common_voice_en_573348.opus,merchant
./data/macroset/en/clips/merchant/common_voice_en_542785.opus,merchant
./data/macroset/en/clips/merchant/common_voice_en_479327.opus,merchant
./data/macroset/en/clips/merchant/common_voice_en_107721.opus,merchant
./data/macroset/en/clips/saturn/common_voice_en_19612953.opus,saturn
./data/macroset/en/clips/saturn/common_voice_en_18754978.opus,saturn
./data/macroset/en/clips/saturn/common_voice_en_20814946.opus,saturn
./data/macroset/en/clips/saturn/common_voice_en_20971224.opus,saturn
./data/macroset/en/clips/saturn/common_voice_en_20814946__2.opus,saturn
./data/macroset/en/clips/target/common_voice_en_18129905.opus,target
./data/macroset/en/clips/target/common_voice_en_21385944.opus,target
./data/macroset/en/clips/target/common_voice_en_18079820.opus,target
./data/macroset/en/clips/target/common_voice_en_19836426.opus,target
./data/macroset/en/clips/target/common_voice_en_18067333.opus,target
./data/macroset/en/clips/carried/common_voice_en_621105.opus,carried
./data/macroset/en/clips/carried/common_voice_en_22046118.opus,carried
./data/macroset/en/clips/carried/common_voice_en_67021.opus,carried
./data/macroset/en/clips/carried/common_voice_en_21353397.opus,carried
./data/macroset/en/clips/carried/common_voice_en_599107.opus,carried
./data/macroset/en/clips/assassinated/common_voice_en_19664728.opus,assassinated
./data/macroset/en/clips/assassinated/common_voice_en_19050042.opus,assassinated
./data/macroset/en/clips/assassinated/common_voice_en_21776665.opus,assassinated
./data/macroset/en/clips/assassinated/common_voice_en_540624.opus,assassinated
./data/macroset/en/clips/assassinated/common_voice_en_19393065.opus,assassinated
./data/macroset/en/clips/regardless/common_voice_en_19783326.opus,regardless
./data/macroset/en/clips/regardless/common_voice_en_18745998.opus,regardless
./data/macroset/en/clips/regardless/common_voice_en_18711338.opus,regardless
./data/macroset/en/clips/regardless/common_voice_en_21232954.opus,regardless
./data/macroset/en/clips/regardless/common_voice_en_19666459.opus,regardless
./data/macroset/en/clips/discrete/common_voice_en_506835.opus,discrete
./data/macroset/en/clips/discrete/common_voice_en_3654467.opus,discrete
./data/macroset/en/clips/discrete/common_voice_en_35853.opus,discrete
./data/macroset/en/clips/discrete/common_voice_en_19721746.opus,discrete
./data/macroset/en/clips/discrete/common_voice_en_20148050.opus,discrete
./data/macroset/en/clips/steele/common_voice_en_20696724.opus,steele
./data/macroset/en/clips/steele/common_voice_en_18858885.opus,steele
./data/macroset/en/clips/steele/common_voice_en_20996122.opus,steele
./data/macroset/en/clips/steele/common_voice_en_20784016.opus,steele
./data/macroset/en/clips/steele/common_voice_en_20465604.opus,steele
./data/macroset/en/clips/edgar/common_voice_en_516107.opus,edgar
./data/macroset/en/clips/edgar/common_voice_en_19239703.opus,edgar
./data/macroset/en/clips/edgar/common_voice_en_18167725.opus,edgar
./data/macroset/en/clips/edgar/common_voice_en_18162074.opus,edgar
./data/macroset/en/clips/edgar/common_voice_en_19747747.opus,edgar
./data/macroset/en/clips/godlike/common_voice_en_17806005.opus,godlike
./data/macroset/en/clips/godlike/common_voice_en_66085.opus,godlike
./data/macroset/en/clips/godlike/common_voice_en_17248734.opus,godlike
./data/macroset/en/clips/godlike/common_voice_en_528218.opus,godlike
./data/macroset/en/clips/godlike/common_voice_en_17258934.opus,godlike
./data/macroset/en/clips/cheers/common_voice_en_496314.opus,cheers
./data/macroset/en/clips/cheers/common_voice_en_18316618.opus,cheers
./data/macroset/en/clips/cheers/common_voice_en_38715.opus,cheers
./data/macroset/en/clips/cheers/common_voice_en_18099067.opus,cheers
./data/macroset/en/clips/cheers/common_voice_en_17551254.opus,cheers
./data/macroset/en/clips/publishers/common_voice_en_19515659.opus,publishers
./data/macroset/en/clips/publishers/common_voice_en_21636430.opus,publishers
./data/macroset/en/clips/publishers/common_voice_en_19709068.opus,publishers
./data/macroset/en/clips/publishers/common_voice_en_20706037.opus,publishers
./data/macroset/en/clips/publishers/common_voice_en_22018925.opus,publishers
./data/macroset/en/clips/privileges/common_voice_en_18543132.opus,privileges
./data/macroset/en/clips/privileges/common_voice_en_19950083.opus,privileges
./data/macroset/en/clips/privileges/common_voice_en_19730750.opus,privileges
./data/macroset/en/clips/privileges/common_voice_en_20423923.opus,privileges
./data/macroset/en/clips/privileges/common_voice_en_21352571.opus,privileges
./data/macroset/en/clips/sufferer/common_voice_en_645228.opus,sufferer
./data/macroset/en/clips/sufferer/common_voice_en_15904972.opus,sufferer
./data/macroset/en/clips/sufferer/common_voice_en_32937.opus,sufferer
./data/macroset/en/clips/sufferer/common_voice_en_538706.opus,sufferer
./data/macroset/en/clips/sufferer/common_voice_en_523330.opus,sufferer
./data/macroset/en/clips/reflections/common_voice_en_20688206.opus,reflections
./data/macroset/en/clips/reflections/common_voice_en_20363841.opus,reflections
./data/macroset/en/clips/reflections/common_voice_en_17372892.opus,reflections
./data/macroset/en/clips/reflections/common_voice_en_18166453.opus,reflections
./data/macroset/en/clips/reflections/common_voice_en_17903825.opus,reflections
./data/macroset/en/clips/bluntly/common_voice_en_17371746.opus,bluntly
./data/macroset/en/clips/bluntly/common_voice_en_17999807.opus,bluntly
./data/macroset/en/clips/bluntly/common_voice_en_7957209.opus,bluntly
./data/macroset/en/clips/bluntly/common_voice_en_18124363.opus,bluntly
./data/macroset/en/clips/bluntly/common_voice_en_646756.opus,bluntly
./data/macroset/en/clips/hoist/common_voice_en_652885.opus,hoist
./data/macroset/en/clips/hoist/common_voice_en_17959153.opus,hoist
./data/macroset/en/clips/hoist/common_voice_en_472710.opus,hoist
./data/macroset/en/clips/hoist/common_voice_en_19320560.opus,hoist
./data/macroset/en/clips/hoist/common_voice_en_17862789.opus,hoist
./data/macroset/en/clips/thinks/common_voice_en_18652724.opus,thinks
./data/macroset/en/clips/thinks/common_voice_en_17703077.opus,thinks
./data/macroset/en/clips/thinks/common_voice_en_17394829.opus,thinks
./data/macroset/en/clips/thinks/common_voice_en_9728.opus,thinks
./data/macroset/en/clips/thinks/common_voice_en_18594633.opus,thinks
./data/macroset/en/clips/astonishing/common_voice_en_15904905.opus,astonishing
./data/macroset/en/clips/astonishing/common_voice_en_17261971.opus,astonishing
./data/macroset/en/clips/astonishing/common_voice_en_17262051.opus,astonishing
./data/macroset/en/clips/astonishing/common_voice_en_404082.opus,astonishing
./data/macroset/en/clips/astonishing/common_voice_en_20145124.opus,astonishing
./data/macroset/en/clips/gold/common_voice_en_645273.opus,gold
./data/macroset/en/clips/gold/common_voice_en_20858222.opus,gold
./data/macroset/en/clips/gold/common_voice_en_34317.opus,gold
./data/macroset/en/clips/gold/common_voice_en_552478.opus,gold
./data/macroset/en/clips/gold/common_voice_en_161971.opus,gold
./data/macroset/en/clips/straightforward/common_voice_en_17872017.opus,straightforward
./data/macroset/en/clips/straightforward/common_voice_en_19489618.opus,straightforward
./data/macroset/en/clips/straightforward/common_voice_en_18882289.opus,straightforward
./data/macroset/en/clips/straightforward/common_voice_en_20381735.opus,straightforward
./data/macroset/en/clips/straightforward/common_voice_en_17280446.opus,straightforward
./data/macroset/en/clips/videos/common_voice_en_22009956.opus,videos
./data/macroset/en/clips/videos/common_voice_en_20234261.opus,videos
./data/macroset/en/clips/videos/common_voice_en_21982630.opus,videos
./data/macroset/en/clips/videos/common_voice_en_21773404.opus,videos
./data/macroset/en/clips/videos/common_voice_en_20054915.opus,videos
./data/macroset/en/clips/household/common_voice_en_19654498.opus,household
./data/macroset/en/clips/household/common_voice_en_18422791.opus,household
./data/macroset/en/clips/household/common_voice_en_19463519.opus,household
./data/macroset/en/clips/household/common_voice_en_21386485.opus,household
./data/macroset/en/clips/household/common_voice_en_22385662.opus,household
./data/macroset/en/clips/rail/common_voice_en_19758744.opus,rail
./data/macroset/en/clips/rail/common_voice_en_21051584.opus,rail
./data/macroset/en/clips/rail/common_voice_en_19569840.opus,rail
./data/macroset/en/clips/rail/common_voice_en_20296597.opus,rail
./data/macroset/en/clips/rail/common_voice_en_20464782.opus,rail
./data/macroset/en/clips/signals/common_voice_en_22068151.opus,signals
./data/macroset/en/clips/signals/common_voice_en_19677226__2.opus,signals
./data/macroset/en/clips/signals/common_voice_en_20969344.opus,signals
./data/macroset/en/clips/signals/common_voice_en_20030989.opus,signals
./data/macroset/en/clips/signals/common_voice_en_526427.opus,signals
./data/macroset/en/clips/wildlife/common_voice_en_20656469.opus,wildlife
./data/macroset/en/clips/wildlife/common_voice_en_19562723.opus,wildlife
./data/macroset/en/clips/wildlife/common_voice_en_20661055.opus,wildlife
./data/macroset/en/clips/wildlife/common_voice_en_22287464.opus,wildlife
./data/macroset/en/clips/wildlife/common_voice_en_22261707.opus,wildlife
./data/macroset/en/clips/reacted/common_voice_en_39218.opus,reacted
./data/macroset/en/clips/reacted/common_voice_en_17843504.opus,reacted
./data/macroset/en/clips/reacted/common_voice_en_70396.opus,reacted
./data/macroset/en/clips/reacted/common_voice_en_18125081.opus,reacted
./data/macroset/en/clips/reacted/common_voice_en_5631971.opus,reacted
./data/macroset/en/clips/fearless/common_voice_en_53237.opus,fearless
./data/macroset/en/clips/fearless/common_voice_en_182676.opus,fearless
./data/macroset/en/clips/fearless/common_voice_en_671619.opus,fearless
./data/macroset/en/clips/fearless/common_voice_en_553113.opus,fearless
./data/macroset/en/clips/fearless/common_voice_en_546918.opus,fearless
./data/macroset/en/clips/eyes/common_voice_en_52259.opus,eyes
./data/macroset/en/clips/eyes/common_voice_en_19238575.opus,eyes
./data/macroset/en/clips/eyes/common_voice_en_16633.opus,eyes
./data/macroset/en/clips/eyes/common_voice_en_18522136.opus,eyes
./data/macroset/en/clips/eyes/common_voice_en_542233.opus,eyes
./data/macroset/en/clips/hollered/common_voice_en_17254802.opus,hollered
./data/macroset/en/clips/hollered/common_voice_en_17267101.opus,hollered
./data/macroset/en/clips/hollered/common_voice_en_17268650.opus,hollered
./data/macroset/en/clips/hollered/common_voice_en_18301.opus,hollered
./data/macroset/en/clips/hollered/common_voice_en_17249410.opus,hollered
./data/macroset/en/clips/might/common_voice_en_27700.opus,might
./data/macroset/en/clips/might/common_voice_en_17919458.opus,might
./data/macroset/en/clips/might/common_voice_en_628350.opus,might
./data/macroset/en/clips/might/common_voice_en_596058.opus,might
./data/macroset/en/clips/might/common_voice_en_593628.opus,might
./data/macroset/en/clips/complete/common_voice_en_2229.opus,complete
./data/macroset/en/clips/complete/common_voice_en_20299751.opus,complete
./data/macroset/en/clips/complete/common_voice_en_19079415.opus,complete
./data/macroset/en/clips/complete/common_voice_en_20851184.opus,complete
./data/macroset/en/clips/complete/common_voice_en_21595872.opus,complete
./data/macroset/en/clips/encampment/common_voice_en_545807.opus,encampment
./data/macroset/en/clips/encampment/common_voice_en_548175.opus,encampment
./data/macroset/en/clips/encampment/common_voice_en_118867.opus,encampment
./data/macroset/en/clips/encampment/common_voice_en_67729.opus,encampment
./data/macroset/en/clips/encampment/common_voice_en_498520.opus,encampment
./data/macroset/en/clips/whisked/common_voice_en_136074.opus,whisked
./data/macroset/en/clips/whisked/common_voice_en_666008.opus,whisked
./data/macroset/en/clips/whisked/common_voice_en_8750390.opus,whisked
./data/macroset/en/clips/whisked/common_voice_en_154417.opus,whisked
./data/macroset/en/clips/whisked/common_voice_en_529340.opus,whisked
./data/macroset/en/clips/lives/common_voice_en_22225352.opus,lives
./data/macroset/en/clips/lives/common_voice_en_19311906.opus,lives
./data/macroset/en/clips/lives/common_voice_en_400358.opus,lives
./data/macroset/en/clips/lives/common_voice_en_19682749.opus,lives
./data/macroset/en/clips/lives/common_voice_en_18126276.opus,lives
./data/macroset/en/clips/die/common_voice_en_643602.opus,die
./data/macroset/en/clips/die/common_voice_en_561543.opus,die
./data/macroset/en/clips/die/common_voice_en_17285169.opus,die
./data/macroset/en/clips/die/common_voice_en_498059.opus,die
./data/macroset/en/clips/die/common_voice_en_87217.opus,die
./data/macroset/en/clips/knob/common_voice_en_689387.opus,knob
./data/macroset/en/clips/knob/common_voice_en_1868983.opus,knob
./data/macroset/en/clips/knob/common_voice_en_164041.opus,knob
./data/macroset/en/clips/knob/common_voice_en_629528.opus,knob
./data/macroset/en/clips/knob/common_voice_en_21901731.opus,knob
./data/macroset/en/clips/integrated/common_voice_en_18764728.opus,integrated
./data/macroset/en/clips/integrated/common_voice_en_19628718.opus,integrated
./data/macroset/en/clips/integrated/common_voice_en_20052172.opus,integrated
./data/macroset/en/clips/integrated/common_voice_en_19953401.opus,integrated
./data/macroset/en/clips/integrated/common_voice_en_20381687.opus,integrated
./data/macroset/en/clips/warned/common_voice_en_599545.opus,warned
./data/macroset/en/clips/warned/common_voice_en_22314805.opus,warned
./data/macroset/en/clips/warned/common_voice_en_20687629.opus,warned
./data/macroset/en/clips/warned/common_voice_en_20465221.opus,warned
./data/macroset/en/clips/warned/common_voice_en_443136.opus,warned
./data/macroset/en/clips/receipt/common_voice_en_557506.opus,receipt
./data/macroset/en/clips/receipt/common_voice_en_603002.opus,receipt
./data/macroset/en/clips/receipt/common_voice_en_30131.opus,receipt
./data/macroset/en/clips/receipt/common_voice_en_94645.opus,receipt
./data/macroset/en/clips/receipt/common_voice_en_18454035.opus,receipt
./data/macroset/en/clips/viable/common_voice_en_21444792.opus,viable
./data/macroset/en/clips/viable/common_voice_en_18098314.opus,viable
./data/macroset/en/clips/viable/common_voice_en_18993540.opus,viable
./data/macroset/en/clips/viable/common_voice_en_18894727.opus,viable
./data/macroset/en/clips/viable/common_voice_en_18627639.opus,viable
./data/macroset/en/clips/study/common_voice_en_19320096.opus,study
./data/macroset/en/clips/study/common_voice_en_21143795.opus,study
./data/macroset/en/clips/study/common_voice_en_18680878.opus,study
./data/macroset/en/clips/study/common_voice_en_20285243.opus,study
./data/macroset/en/clips/study/common_voice_en_20286517.opus,study
./data/macroset/en/clips/monster/common_voice_en_20831115.opus,monster
./data/macroset/en/clips/monster/common_voice_en_185285.opus,monster
./data/macroset/en/clips/monster/common_voice_en_19633757.opus,monster
./data/macroset/en/clips/monster/common_voice_en_20101649.opus,monster
./data/macroset/en/clips/monster/common_voice_en_509899.opus,monster
./data/macroset/en/clips/leap/common_voice_en_560626.opus,leap
./data/macroset/en/clips/leap/common_voice_en_18715978.opus,leap
./data/macroset/en/clips/leap/common_voice_en_8603429.opus,leap
./data/macroset/en/clips/leap/common_voice_en_174558.opus,leap
./data/macroset/en/clips/leap/common_voice_en_670393.opus,leap
./data/macroset/en/clips/roman/common_voice_en_578755.opus,roman
./data/macroset/en/clips/roman/common_voice_en_22204378.opus,roman
./data/macroset/en/clips/roman/common_voice_en_22146690.opus,roman
./data/macroset/en/clips/roman/common_voice_en_18943592.opus,roman
./data/macroset/en/clips/roman/common_voice_en_19953593.opus,roman
./data/macroset/en/clips/roof/common_voice_en_211836.opus,roof
./data/macroset/en/clips/roof/common_voice_en_497692.opus,roof
./data/macroset/en/clips/roof/common_voice_en_20720000.opus,roof
./data/macroset/en/clips/roof/common_voice_en_19466541.opus,roof
./data/macroset/en/clips/roof/common_voice_en_20216381.opus,roof
./data/macroset/en/clips/peers/common_voice_en_19671839.opus,peers
./data/macroset/en/clips/peers/common_voice_en_20414250.opus,peers
./data/macroset/en/clips/peers/common_voice_en_503023.opus,peers
./data/macroset/en/clips/peers/common_voice_en_19499229.opus,peers
./data/macroset/en/clips/peers/common_voice_en_20862762.opus,peers
./data/macroset/en/clips/bend/common_voice_en_18113648.opus,bend
./data/macroset/en/clips/bend/common_voice_en_18065472.opus,bend
./data/macroset/en/clips/bend/common_voice_en_18401004.opus,bend
./data/macroset/en/clips/bend/common_voice_en_72244.opus,bend
./data/macroset/en/clips/bend/common_voice_en_30059.opus,bend
./data/macroset/en/clips/sandals/common_voice_en_486494.opus,sandals
./data/macroset/en/clips/sandals/common_voice_en_18238429.opus,sandals
./data/macroset/en/clips/sandals/common_voice_en_182726.opus,sandals
./data/macroset/en/clips/sandals/common_voice_en_133895.opus,sandals
./data/macroset/en/clips/sandals/common_voice_en_858455.opus,sandals
./data/macroset/en/clips/mitchell/common_voice_en_19619177.opus,mitchell
./data/macroset/en/clips/mitchell/common_voice_en_537915.opus,mitchell
./data/macroset/en/clips/mitchell/common_voice_en_21546803.opus,mitchell
./data/macroset/en/clips/mitchell/common_voice_en_20014853.opus,mitchell
./data/macroset/en/clips/mitchell/common_voice_en_221692.opus,mitchell
./data/macroset/en/clips/proverb/common_voice_en_658507.opus,proverb
./data/macroset/en/clips/proverb/common_voice_en_135343.opus,proverb
./data/macroset/en/clips/proverb/common_voice_en_117608.opus,proverb
./data/macroset/en/clips/proverb/common_voice_en_13719.opus,proverb
./data/macroset/en/clips/proverb/common_voice_en_143027.opus,proverb
./data/macroset/en/clips/scan/common_voice_en_670722.opus,scan
./data/macroset/en/clips/scan/common_voice_en_18161774.opus,scan
./data/macroset/en/clips/scan/common_voice_en_21518198.opus,scan
./data/macroset/en/clips/scan/common_voice_en_18542194.opus,scan
./data/macroset/en/clips/scan/common_voice_en_556549.opus,scan
./data/macroset/en/clips/institutions/common_voice_en_20722364.opus,institutions
./data/macroset/en/clips/institutions/common_voice_en_20882892.opus,institutions
./data/macroset/en/clips/institutions/common_voice_en_21095811.opus,institutions
./data/macroset/en/clips/institutions/common_voice_en_21375123.opus,institutions
./data/macroset/en/clips/institutions/common_voice_en_21306517.opus,institutions
./data/macroset/en/clips/king/common_voice_en_22156170.opus,king
./data/macroset/en/clips/king/common_voice_en_537121.opus,king
./data/macroset/en/clips/king/common_voice_en_23092.opus,king
./data/macroset/en/clips/king/common_voice_en_700163.opus,king
./data/macroset/en/clips/king/common_voice_en_18860.opus,king
./data/macroset/en/clips/pecan/common_voice_en_624608.opus,pecan
./data/macroset/en/clips/pecan/common_voice_en_17876936.opus,pecan
./data/macroset/en/clips/pecan/common_voice_en_18262097.opus,pecan
./data/macroset/en/clips/pecan/common_voice_en_17856257.opus,pecan
./data/macroset/en/clips/pecan/common_voice_en_20596129.opus,pecan
./data/macroset/en/clips/evokes/common_voice_en_687853.opus,evokes
./data/macroset/en/clips/evokes/common_voice_en_567745.opus,evokes
./data/macroset/en/clips/evokes/common_voice_en_579286.opus,evokes
./data/macroset/en/clips/evokes/common_voice_en_504370.opus,evokes
./data/macroset/en/clips/evokes/common_voice_en_541447.opus,evokes
./data/macroset/en/clips/beige/common_voice_en_71288.opus,beige
./data/macroset/en/clips/beige/common_voice_en_218941.opus,beige
./data/macroset/en/clips/beige/common_voice_en_20894974.opus,beige
./data/macroset/en/clips/beige/common_voice_en_317004.opus,beige
./data/macroset/en/clips/beige/common_voice_en_692797.opus,beige
./data/macroset/en/clips/zebras/common_voice_en_199782.opus,zebras
./data/macroset/en/clips/zebras/common_voice_en_505152.opus,zebras
./data/macroset/en/clips/zebras/common_voice_en_617208.opus,zebras
./data/macroset/en/clips/zebras/common_voice_en_537212.opus,zebras
./data/macroset/en/clips/zebras/common_voice_en_23506.opus,zebras
./data/macroset/en/clips/revenge/common_voice_en_18354554.opus,revenge
./data/macroset/en/clips/revenge/common_voice_en_208970.opus,revenge
./data/macroset/en/clips/revenge/common_voice_en_91128.opus,revenge
./data/macroset/en/clips/revenge/common_voice_en_691475.opus,revenge
./data/macroset/en/clips/revenge/common_voice_en_507624.opus,revenge
./data/macroset/en/clips/philadelphia/common_voice_en_22442088.opus,philadelphia
./data/macroset/en/clips/philadelphia/common_voice_en_19632252.opus,philadelphia
./data/macroset/en/clips/philadelphia/common_voice_en_20897767.opus,philadelphia
./data/macroset/en/clips/philadelphia/common_voice_en_21656860.opus,philadelphia
./data/macroset/en/clips/philadelphia/common_voice_en_19952866.opus,philadelphia
./data/macroset/en/clips/gentle/common_voice_en_63448.opus,gentle
./data/macroset/en/clips/gentle/common_voice_en_173375.opus,gentle
./data/macroset/en/clips/gentle/common_voice_en_20783413.opus,gentle
./data/macroset/en/clips/gentle/common_voice_en_20887550.opus,gentle
./data/macroset/en/clips/gentle/common_voice_en_20919166.opus,gentle
./data/macroset/en/clips/encounter/common_voice_en_22004410.opus,encounter
./data/macroset/en/clips/encounter/common_voice_en_21244705.opus,encounter
./data/macroset/en/clips/encounter/common_voice_en_19599333.opus,encounter
./data/macroset/en/clips/encounter/common_voice_en_20902184.opus,encounter
./data/macroset/en/clips/encounter/common_voice_en_22328508.opus,encounter
./data/macroset/en/clips/therapy/common_voice_en_20380268.opus,therapy
./data/macroset/en/clips/therapy/common_voice_en_20879045.opus,therapy
./data/macroset/en/clips/therapy/common_voice_en_19162513.opus,therapy
./data/macroset/en/clips/therapy/common_voice_en_22029930.opus,therapy
./data/macroset/en/clips/therapy/common_voice_en_21688185.opus,therapy
./data/macroset/en/clips/ensemble/common_voice_en_20294831.opus,ensemble
./data/macroset/en/clips/ensemble/common_voice_en_19606895.opus,ensemble
./data/macroset/en/clips/ensemble/common_voice_en_20068651.opus,ensemble
./data/macroset/en/clips/ensemble/common_voice_en_21906692.opus,ensemble
./data/macroset/en/clips/ensemble/common_voice_en_21250681.opus,ensemble
./data/macroset/en/clips/biker/common_voice_en_21094740.opus,biker
./data/macroset/en/clips/biker/common_voice_en_573967.opus,biker
./data/macroset/en/clips/biker/common_voice_en_162659.opus,biker
./data/macroset/en/clips/biker/common_voice_en_211447.opus,biker
./data/macroset/en/clips/biker/common_voice_en_688952.opus,biker
./data/macroset/en/clips/state/common_voice_en_22201058.opus,state
./data/macroset/en/clips/state/common_voice_en_20291032.opus,state
./data/macroset/en/clips/state/common_voice_en_580609.opus,state
./data/macroset/en/clips/state/common_voice_en_18870836.opus,state
./data/macroset/en/clips/state/common_voice_en_20779106.opus,state
./data/macroset/en/clips/loop/common_voice_en_20696088.opus,loop
./data/macroset/en/clips/loop/common_voice_en_19369483.opus,loop
./data/macroset/en/clips/loop/common_voice_en_22024641.opus,loop
./data/macroset/en/clips/loop/common_voice_en_18749836.opus,loop
./data/macroset/en/clips/loop/common_voice_en_19056884__2.opus,loop
./data/macroset/en/clips/electoral/common_voice_en_19912356.opus,electoral
./data/macroset/en/clips/electoral/common_voice_en_20699130.opus,electoral
./data/macroset/en/clips/electoral/common_voice_en_21950652.opus,electoral
./data/macroset/en/clips/electoral/common_voice_en_20235116.opus,electoral
./data/macroset/en/clips/electoral/common_voice_en_21897138.opus,electoral
./data/macroset/en/clips/shortly/common_voice_en_19499210.opus,shortly
./data/macroset/en/clips/shortly/common_voice_en_20092669.opus,shortly
./data/macroset/en/clips/shortly/common_voice_en_18729459.opus,shortly
./data/macroset/en/clips/shortly/common_voice_en_20443346.opus,shortly
./data/macroset/en/clips/shortly/common_voice_en_19543803.opus,shortly
./data/macroset/en/clips/tawdry/common_voice_en_17403121.opus,tawdry
./data/macroset/en/clips/tawdry/common_voice_en_1895614.opus,tawdry
./data/macroset/en/clips/tawdry/common_voice_en_18039561.opus,tawdry
./data/macroset/en/clips/tawdry/common_voice_en_17324858.opus,tawdry
./data/macroset/en/clips/tawdry/common_voice_en_17512977.opus,tawdry
./data/macroset/en/clips/amendment/common_voice_en_21299230.opus,amendment
./data/macroset/en/clips/amendment/common_voice_en_22205617.opus,amendment
./data/macroset/en/clips/amendment/common_voice_en_20031870.opus,amendment
./data/macroset/en/clips/amendment/common_voice_en_21978530.opus,amendment
./data/macroset/en/clips/amendment/common_voice_en_19841604.opus,amendment
./data/macroset/en/clips/legal/common_voice_en_21024744.opus,legal
./data/macroset/en/clips/legal/common_voice_en_19033240.opus,legal
./data/macroset/en/clips/legal/common_voice_en_21644406.opus,legal
./data/macroset/en/clips/legal/common_voice_en_21124077.opus,legal
./data/macroset/en/clips/legal/common_voice_en_19673140.opus,legal
./data/macroset/en/clips/directed/common_voice_en_20259898.opus,directed
./data/macroset/en/clips/directed/common_voice_en_21741373.opus,directed
./data/macroset/en/clips/directed/common_voice_en_21858624.opus,directed
./data/macroset/en/clips/directed/common_voice_en_22439445.opus,directed
./data/macroset/en/clips/directed/common_voice_en_20157926.opus,directed
./data/macroset/en/clips/auxiliary/common_voice_en_21242050.opus,auxiliary
./data/macroset/en/clips/auxiliary/common_voice_en_20030886.opus,auxiliary
./data/macroset/en/clips/auxiliary/common_voice_en_19254299.opus,auxiliary
./data/macroset/en/clips/auxiliary/common_voice_en_19908479.opus,auxiliary
./data/macroset/en/clips/auxiliary/common_voice_en_20696655.opus,auxiliary
./data/macroset/en/clips/than/common_voice_en_75244.opus,than
./data/macroset/en/clips/than/common_voice_en_605661.opus,than
./data/macroset/en/clips/than/common_voice_en_18144912.opus,than
./data/macroset/en/clips/than/common_voice_en_20873743.opus,than
./data/macroset/en/clips/than/common_voice_en_643636.opus,than
./data/macroset/en/clips/hopeful/common_voice_en_584943.opus,hopeful
./data/macroset/en/clips/hopeful/common_voice_en_45637.opus,hopeful
./data/macroset/en/clips/hopeful/common_voice_en_38810.opus,hopeful
./data/macroset/en/clips/hopeful/common_voice_en_94184.opus,hopeful
./data/macroset/en/clips/hopeful/common_voice_en_66880.opus,hopeful
./data/macroset/en/clips/subjects/common_voice_en_22023071.opus,subjects
./data/macroset/en/clips/subjects/common_voice_en_18934497.opus,subjects
./data/macroset/en/clips/subjects/common_voice_en_21151438.opus,subjects
./data/macroset/en/clips/subjects/common_voice_en_18988059.opus,subjects
./data/macroset/en/clips/subjects/common_voice_en_19982940.opus,subjects
./data/macroset/en/clips/universal/common_voice_en_671569.opus,universal
./data/macroset/en/clips/universal/common_voice_en_204497.opus,universal
./data/macroset/en/clips/universal/common_voice_en_693553.opus,universal
./data/macroset/en/clips/universal/common_voice_en_203294.opus,universal
./data/macroset/en/clips/universal/common_voice_en_668068.opus,universal
./data/macroset/en/clips/thought/common_voice_en_479393.opus,thought
./data/macroset/en/clips/thought/common_voice_en_577764.opus,thought
./data/macroset/en/clips/thought/common_voice_en_17289443.opus,thought
./data/macroset/en/clips/thought/common_voice_en_660371.opus,thought
./data/macroset/en/clips/thought/common_voice_en_656294.opus,thought
./data/macroset/en/clips/tony/common_voice_en_19852773.opus,tony
./data/macroset/en/clips/tony/common_voice_en_19943054.opus,tony
./data/macroset/en/clips/tony/common_voice_en_19612107.opus,tony
./data/macroset/en/clips/tony/common_voice_en_20684889.opus,tony
./data/macroset/en/clips/tony/common_voice_en_21466261.opus,tony
./data/macroset/en/clips/bounce/common_voice_en_19036616.opus,bounce
./data/macroset/en/clips/bounce/common_voice_en_17887774.opus,bounce
./data/macroset/en/clips/bounce/common_voice_en_594459.opus,bounce
./data/macroset/en/clips/bounce/common_voice_en_6635542.opus,bounce
./data/macroset/en/clips/bounce/common_voice_en_21803814.opus,bounce
./data/macroset/en/clips/detonation/common_voice_en_17264096.opus,detonation
./data/macroset/en/clips/detonation/common_voice_en_17582892.opus,detonation
./data/macroset/en/clips/detonation/common_voice_en_18042436.opus,detonation
./data/macroset/en/clips/detonation/common_voice_en_17258406.opus,detonation
./data/macroset/en/clips/detonation/common_voice_en_17903291.opus,detonation
./data/macroset/en/clips/plastic/common_voice_en_19664962.opus,plastic
./data/macroset/en/clips/plastic/common_voice_en_19637755.opus,plastic
./data/macroset/en/clips/plastic/common_voice_en_482705.opus,plastic
./data/macroset/en/clips/plastic/common_voice_en_593248.opus,plastic
./data/macroset/en/clips/plastic/common_voice_en_20256379.opus,plastic
./data/macroset/en/clips/kept/common_voice_en_216789.opus,kept
./data/macroset/en/clips/kept/common_voice_en_143390.opus,kept
./data/macroset/en/clips/kept/common_voice_en_625890.opus,kept
./data/macroset/en/clips/kept/common_voice_en_18160551.opus,kept
./data/macroset/en/clips/kept/common_voice_en_20170522.opus,kept
./data/macroset/en/clips/spruce/common_voice_en_188180.opus,spruce
./data/macroset/en/clips/spruce/common_voice_en_19745633.opus,spruce
./data/macroset/en/clips/spruce/common_voice_en_19875600.opus,spruce
./data/macroset/en/clips/spruce/common_voice_en_298425.opus,spruce
./data/macroset/en/clips/spruce/common_voice_en_20721358.opus,spruce
./data/macroset/en/clips/worst/common_voice_en_648734.opus,worst
./data/macroset/en/clips/worst/common_voice_en_495091.opus,worst
./data/macroset/en/clips/worst/common_voice_en_20233530.opus,worst
./data/macroset/en/clips/worst/common_voice_en_17937762.opus,worst
./data/macroset/en/clips/worst/common_voice_en_19577434.opus,worst
./data/macroset/en/clips/second/common_voice_en_20162088.opus,second
./data/macroset/en/clips/second/common_voice_en_19970409.opus,second
./data/macroset/en/clips/second/common_voice_en_19987977.opus,second
./data/macroset/en/clips/second/common_voice_en_72923.opus,second
./data/macroset/en/clips/second/common_voice_en_18752145.opus,second
./data/macroset/en/clips/standard/common_voice_en_527462.opus,standard
./data/macroset/en/clips/standard/common_voice_en_19732130.opus,standard
./data/macroset/en/clips/standard/common_voice_en_22251521.opus,standard
./data/macroset/en/clips/standard/common_voice_en_21662182.opus,standard
./data/macroset/en/clips/standard/common_voice_en_19369709.opus,standard
./data/macroset/en/clips/rugby/common_voice_en_20427168.opus,rugby
./data/macroset/en/clips/rugby/common_voice_en_20694385.opus,rugby
./data/macroset/en/clips/rugby/common_voice_en_20581213.opus,rugby
./data/macroset/en/clips/rugby/common_voice_en_19261718.opus,rugby
./data/macroset/en/clips/rugby/common_voice_en_19673945.opus,rugby
./data/macroset/en/clips/lobes/common_voice_en_19858208.opus,lobes
./data/macroset/en/clips/lobes/common_voice_en_679354.opus,lobes
./data/macroset/en/clips/lobes/common_voice_en_20339724.opus,lobes
./data/macroset/en/clips/lobes/common_voice_en_20026607.opus,lobes
./data/macroset/en/clips/lobes/common_voice_en_19010743.opus,lobes
./data/macroset/en/clips/turbine/common_voice_en_17735639.opus,turbine
./data/macroset/en/clips/turbine/common_voice_en_17260064.opus,turbine
./data/macroset/en/clips/turbine/common_voice_en_18099462.opus,turbine
./data/macroset/en/clips/turbine/common_voice_en_18889769.opus,turbine
./data/macroset/en/clips/turbine/common_voice_en_17377988.opus,turbine
./data/macroset/en/clips/increased/common_voice_en_19822290.opus,increased
./data/macroset/en/clips/increased/common_voice_en_3678663.opus,increased
./data/macroset/en/clips/increased/common_voice_en_20794017.opus,increased
./data/macroset/en/clips/increased/common_voice_en_20883063.opus,increased
./data/macroset/en/clips/increased/common_voice_en_20159229.opus,increased
./data/macroset/en/clips/waterfront/common_voice_en_605381.opus,waterfront
./data/macroset/en/clips/waterfront/common_voice_en_545500.opus,waterfront
./data/macroset/en/clips/waterfront/common_voice_en_153078.opus,waterfront
./data/macroset/en/clips/waterfront/common_voice_en_19678278.opus,waterfront
./data/macroset/en/clips/waterfront/common_voice_en_577131.opus,waterfront
./data/macroset/en/clips/exit/common_voice_en_22449622.opus,exit
./data/macroset/en/clips/exit/common_voice_en_20128754.opus,exit
./data/macroset/en/clips/exit/common_voice_en_555727.opus,exit
./data/macroset/en/clips/exit/common_voice_en_44913.opus,exit
./data/macroset/en/clips/exit/common_voice_en_20827291.opus,exit
./data/macroset/en/clips/pitched/common_voice_en_18724766.opus,pitched
./data/macroset/en/clips/pitched/common_voice_en_213238.opus,pitched
./data/macroset/en/clips/pitched/common_voice_en_20442453.opus,pitched
./data/macroset/en/clips/pitched/common_voice_en_585682.opus,pitched
./data/macroset/en/clips/pitched/common_voice_en_18729462.opus,pitched
./data/macroset/en/clips/claim/common_voice_en_18129451.opus,claim
./data/macroset/en/clips/claim/common_voice_en_20871633.opus,claim
./data/macroset/en/clips/claim/common_voice_en_589739.opus,claim
./data/macroset/en/clips/claim/common_voice_en_21294095.opus,claim
./data/macroset/en/clips/claim/common_voice_en_21146112.opus,claim
./data/macroset/en/clips/surviving/common_voice_en_22468770.opus,surviving
./data/macroset/en/clips/surviving/common_voice_en_21251693.opus,surviving
./data/macroset/en/clips/surviving/common_voice_en_19979614.opus,surviving
./data/macroset/en/clips/surviving/common_voice_en_19614516.opus,surviving
./data/macroset/en/clips/surviving/common_voice_en_21535227.opus,surviving
./data/macroset/en/clips/installation/common_voice_en_18843866.opus,installation
./data/macroset/en/clips/installation/common_voice_en_22106790.opus,installation
./data/macroset/en/clips/installation/common_voice_en_345356.opus,installation
./data/macroset/en/clips/installation/common_voice_en_19595013.opus,installation
./data/macroset/en/clips/installation/common_voice_en_20662972.opus,installation
./data/macroset/en/clips/textbook/common_voice_en_209212.opus,textbook
./data/macroset/en/clips/textbook/common_voice_en_644235.opus,textbook
./data/macroset/en/clips/textbook/common_voice_en_50362.opus,textbook
./data/macroset/en/clips/textbook/common_voice_en_527737.opus,textbook
./data/macroset/en/clips/textbook/common_voice_en_19507776.opus,textbook
./data/macroset/en/clips/warfare/common_voice_en_20399955.opus,warfare
./data/macroset/en/clips/warfare/common_voice_en_21993854.opus,warfare
./data/macroset/en/clips/warfare/common_voice_en_20276590.opus,warfare
./data/macroset/en/clips/warfare/common_voice_en_22344393.opus,warfare
./data/macroset/en/clips/warfare/common_voice_en_20469907.opus,warfare
./data/macroset/en/clips/governed/common_voice_en_19725450.opus,governed
./data/macroset/en/clips/governed/common_voice_en_22238304.opus,governed
./data/macroset/en/clips/governed/common_voice_en_21051255.opus,governed
./data/macroset/en/clips/governed/common_voice_en_19990824.opus,governed
./data/macroset/en/clips/governed/common_voice_en_20425318.opus,governed
./data/macroset/en/clips/tugged/common_voice_en_18144347.opus,tugged
./data/macroset/en/clips/tugged/common_voice_en_518011.opus,tugged
./data/macroset/en/clips/tugged/common_voice_en_608618.opus,tugged
./data/macroset/en/clips/tugged/common_voice_en_56799.opus,tugged
./data/macroset/en/clips/tugged/common_voice_en_46896.opus,tugged
./data/macroset/en/clips/byte/common_voice_en_18151621.opus,byte
./data/macroset/en/clips/byte/common_voice_en_19607364.opus,byte
./data/macroset/en/clips/byte/common_voice_en_203944.opus,byte
./data/macroset/en/clips/byte/common_voice_en_542209.opus,byte
./data/macroset/en/clips/byte/common_voice_en_18780166.opus,byte
./data/macroset/en/clips/unix/common_voice_en_99358.opus,unix
./data/macroset/en/clips/unix/common_voice_en_20031138.opus,unix
./data/macroset/en/clips/unix/common_voice_en_19711941.opus,unix
./data/macroset/en/clips/unix/common_voice_en_564136.opus,unix
./data/macroset/en/clips/unix/common_voice_en_18714009.opus,unix
./data/macroset/en/clips/cliffs/common_voice_en_21102484.opus,cliffs
./data/macroset/en/clips/cliffs/common_voice_en_20303107.opus,cliffs
./data/macroset/en/clips/cliffs/common_voice_en_21776944.opus,cliffs
./data/macroset/en/clips/cliffs/common_voice_en_21388051.opus,cliffs
./data/macroset/en/clips/cliffs/common_voice_en_20245490.opus,cliffs
./data/macroset/en/clips/traces/common_voice_en_22207606.opus,traces
./data/macroset/en/clips/traces/common_voice_en_21087736.opus,traces
./data/macroset/en/clips/traces/common_voice_en_21690716.opus,traces
./data/macroset/en/clips/traces/common_voice_en_18864781.opus,traces
./data/macroset/en/clips/traces/common_voice_en_19878476.opus,traces
./data/macroset/en/clips/saturday/common_voice_en_18814823.opus,saturday
./data/macroset/en/clips/saturday/common_voice_en_19951920.opus,saturday
./data/macroset/en/clips/saturday/common_voice_en_21367701.opus,saturday
./data/macroset/en/clips/saturday/common_voice_en_20035640.opus,saturday
./data/macroset/en/clips/saturday/common_voice_en_19693516.opus,saturday
./data/macroset/en/clips/examiner/common_voice_en_4989636.opus,examiner
./data/macroset/en/clips/examiner/common_voice_en_19047333.opus,examiner
./data/macroset/en/clips/examiner/common_voice_en_18134746.opus,examiner
./data/macroset/en/clips/examiner/common_voice_en_5167001.opus,examiner
./data/macroset/en/clips/examiner/common_voice_en_17888014.opus,examiner
./data/macroset/en/clips/pupils/common_voice_en_537818.opus,pupils
./data/macroset/en/clips/pupils/common_voice_en_19638639.opus,pupils
./data/macroset/en/clips/pupils/common_voice_en_17943757.opus,pupils
./data/macroset/en/clips/pupils/common_voice_en_20390906.opus,pupils
./data/macroset/en/clips/pupils/common_voice_en_20315956.opus,pupils
./data/macroset/en/clips/floated/common_voice_en_683984.opus,floated
./data/macroset/en/clips/floated/common_voice_en_633606.opus,floated
./data/macroset/en/clips/floated/common_voice_en_1906259.opus,floated
./data/macroset/en/clips/floated/common_voice_en_17274869.opus,floated
./data/macroset/en/clips/floated/common_voice_en_603044.opus,floated
./data/macroset/en/clips/nouns/common_voice_en_20974637.opus,nouns
./data/macroset/en/clips/nouns/common_voice_en_19056361.opus,nouns
./data/macroset/en/clips/nouns/common_voice_en_21866558.opus,nouns
./data/macroset/en/clips/nouns/common_voice_en_17454215.opus,nouns
./data/macroset/en/clips/nouns/common_voice_en_20052087.opus,nouns
./data/macroset/en/clips/gardeners/common_voice_en_20238518.opus,gardeners
./data/macroset/en/clips/gardeners/common_voice_en_17393478.opus,gardeners
./data/macroset/en/clips/gardeners/common_voice_en_17968133.opus,gardeners
./data/macroset/en/clips/gardeners/common_voice_en_18404282.opus,gardeners
./data/macroset/en/clips/gardeners/common_voice_en_18115146.opus,gardeners
./data/macroset/en/clips/interactions/common_voice_en_18835846.opus,interactions
./data/macroset/en/clips/interactions/common_voice_en_20079508.opus,interactions
./data/macroset/en/clips/interactions/common_voice_en_20883030.opus,interactions
./data/macroset/en/clips/interactions/common_voice_en_19614973.opus,interactions
./data/macroset/en/clips/interactions/common_voice_en_20621017.opus,interactions
./data/macroset/en/clips/even/common_voice_en_18091099.opus,even
./data/macroset/en/clips/even/common_voice_en_21111406.opus,even
./data/macroset/en/clips/even/common_voice_en_17256716.opus,even
./data/macroset/en/clips/even/common_voice_en_510901.opus,even
./data/macroset/en/clips/even/common_voice_en_183995.opus,even
./data/macroset/en/clips/coastline/common_voice_en_20871665.opus,coastline
./data/macroset/en/clips/coastline/common_voice_en_20188749.opus,coastline
./data/macroset/en/clips/coastline/common_voice_en_18817565.opus,coastline
./data/macroset/en/clips/coastline/common_voice_en_20704132.opus,coastline
./data/macroset/en/clips/coastline/common_voice_en_666263.opus,coastline
./data/macroset/en/clips/modifying/common_voice_en_647910.opus,modifying
./data/macroset/en/clips/modifying/common_voice_en_685295.opus,modifying
./data/macroset/en/clips/modifying/common_voice_en_1344691.opus,modifying
./data/macroset/en/clips/modifying/common_voice_en_18946853.opus,modifying
./data/macroset/en/clips/modifying/common_voice_en_20107704.opus,modifying
./data/macroset/en/clips/jacob/common_voice_en_22318633.opus,jacob
./data/macroset/en/clips/jacob/common_voice_en_20043195.opus,jacob
./data/macroset/en/clips/jacob/common_voice_en_19774185.opus,jacob
./data/macroset/en/clips/jacob/common_voice_en_21253599.opus,jacob
./data/macroset/en/clips/jacob/common_voice_en_19411409.opus,jacob
./data/macroset/en/clips/formations/common_voice_en_22440849.opus,formations
./data/macroset/en/clips/formations/common_voice_en_21172683.opus,formations
./data/macroset/en/clips/formations/common_voice_en_20533104.opus,formations
./data/macroset/en/clips/formations/common_voice_en_20770476.opus,formations
./data/macroset/en/clips/formations/common_voice_en_18761787.opus,formations
./data/macroset/en/clips/countries/common_voice_en_21879780.opus,countries
./data/macroset/en/clips/countries/common_voice_en_676577.opus,countries
./data/macroset/en/clips/countries/common_voice_en_19606823.opus,countries
./data/macroset/en/clips/countries/common_voice_en_18986733.opus,countries
./data/macroset/en/clips/countries/common_voice_en_22267584.opus,countries
./data/macroset/en/clips/applied/common_voice_en_20243634.opus,applied
./data/macroset/en/clips/applied/common_voice_en_19963364.opus,applied
./data/macroset/en/clips/applied/common_voice_en_19805099.opus,applied
./data/macroset/en/clips/applied/common_voice_en_19372593.opus,applied
./data/macroset/en/clips/applied/common_voice_en_22034975.opus,applied
./data/macroset/en/clips/caps/common_voice_en_20301337.opus,caps
./data/macroset/en/clips/caps/common_voice_en_21777285.opus,caps
./data/macroset/en/clips/caps/common_voice_en_19718387.opus,caps
./data/macroset/en/clips/caps/common_voice_en_19796316.opus,caps
./data/macroset/en/clips/caps/common_voice_en_20753887.opus,caps
./data/macroset/en/clips/insurance/common_voice_en_359650.opus,insurance
./data/macroset/en/clips/insurance/common_voice_en_658668.opus,insurance
./data/macroset/en/clips/insurance/common_voice_en_624789.opus,insurance
./data/macroset/en/clips/insurance/common_voice_en_19627311__2.opus,insurance
./data/macroset/en/clips/insurance/common_voice_en_699951.opus,insurance
./data/macroset/en/clips/blow/common_voice_en_586450.opus,blow
./data/macroset/en/clips/blow/common_voice_en_599021.opus,blow
./data/macroset/en/clips/blow/common_voice_en_19061420.opus,blow
./data/macroset/en/clips/blow/common_voice_en_519390.opus,blow
./data/macroset/en/clips/blow/common_voice_en_212058.opus,blow
./data/macroset/en/clips/diabetes/common_voice_en_17877086.opus,diabetes
./data/macroset/en/clips/diabetes/common_voice_en_19640632.opus,diabetes
./data/macroset/en/clips/diabetes/common_voice_en_17441318.opus,diabetes
./data/macroset/en/clips/diabetes/common_voice_en_19659643.opus,diabetes
./data/macroset/en/clips/diabetes/common_voice_en_17320887.opus,diabetes
./data/macroset/en/clips/key/common_voice_en_19533393.opus,key
./data/macroset/en/clips/key/common_voice_en_210879.opus,key
./data/macroset/en/clips/key/common_voice_en_197402.opus,key
./data/macroset/en/clips/key/common_voice_en_20588979.opus,key
./data/macroset/en/clips/key/common_voice_en_19698613.opus,key
./data/macroset/en/clips/immigration/common_voice_en_21575962.opus,immigration
./data/macroset/en/clips/immigration/common_voice_en_20379562.opus,immigration
./data/macroset/en/clips/immigration/common_voice_en_22463763.opus,immigration
./data/macroset/en/clips/immigration/common_voice_en_19521154.opus,immigration
./data/macroset/en/clips/immigration/common_voice_en_21384275.opus,immigration
./data/macroset/en/clips/aurora/common_voice_en_21290980.opus,aurora
./data/macroset/en/clips/aurora/common_voice_en_20882996.opus,aurora
./data/macroset/en/clips/aurora/common_voice_en_21559617.opus,aurora
./data/macroset/en/clips/aurora/common_voice_en_18308547.opus,aurora
./data/macroset/en/clips/aurora/common_voice_en_18456653.opus,aurora
./data/macroset/en/clips/philosophy/common_voice_en_20475063.opus,philosophy
./data/macroset/en/clips/philosophy/common_voice_en_85811.opus,philosophy
./data/macroset/en/clips/philosophy/common_voice_en_527623.opus,philosophy
./data/macroset/en/clips/philosophy/common_voice_en_526535.opus,philosophy
./data/macroset/en/clips/philosophy/common_voice_en_72092.opus,philosophy
./data/macroset/en/clips/patio/common_voice_en_17254283.opus,patio
./data/macroset/en/clips/patio/common_voice_en_17283583.opus,patio
./data/macroset/en/clips/patio/common_voice_en_17286039.opus,patio
./data/macroset/en/clips/patio/common_voice_en_17270864.opus,patio
./data/macroset/en/clips/patio/common_voice_en_17298473.opus,patio
./data/macroset/en/clips/ordered/common_voice_en_22305135.opus,ordered
./data/macroset/en/clips/ordered/common_voice_en_19419404.opus,ordered
./data/macroset/en/clips/ordered/common_voice_en_18422648.opus,ordered
./data/macroset/en/clips/ordered/common_voice_en_19079924.opus,ordered
./data/macroset/en/clips/ordered/common_voice_en_20347478.opus,ordered
./data/macroset/en/clips/improvement/common_voice_en_19772446.opus,improvement
./data/macroset/en/clips/improvement/common_voice_en_77662.opus,improvement
./data/macroset/en/clips/improvement/common_voice_en_22317236.opus,improvement
./data/macroset/en/clips/improvement/common_voice_en_656200.opus,improvement
./data/macroset/en/clips/improvement/common_voice_en_19688041.opus,improvement
./data/macroset/en/clips/management/common_voice_en_20169922.opus,management
./data/macroset/en/clips/management/common_voice_en_551421.opus,management
./data/macroset/en/clips/management/common_voice_en_21656317.opus,management
./data/macroset/en/clips/management/common_voice_en_20994865.opus,management
./data/macroset/en/clips/management/common_voice_en_22230385.opus,management
./data/macroset/en/clips/granddaughter/common_voice_en_20274252.opus,granddaughter
./data/macroset/en/clips/granddaughter/common_voice_en_19215067.opus,granddaughter
./data/macroset/en/clips/granddaughter/common_voice_en_22240999.opus,granddaughter
./data/macroset/en/clips/granddaughter/common_voice_en_22449599.opus,granddaughter
./data/macroset/en/clips/granddaughter/common_voice_en_21735015.opus,granddaughter
./data/macroset/en/clips/prisoner/common_voice_en_18644906.opus,prisoner
./data/macroset/en/clips/prisoner/common_voice_en_18409683.opus,prisoner
./data/macroset/en/clips/prisoner/common_voice_en_17717783.opus,prisoner
./data/macroset/en/clips/prisoner/common_voice_en_20238427.opus,prisoner
./data/macroset/en/clips/prisoner/common_voice_en_18133573.opus,prisoner
./data/macroset/en/clips/assumptions/common_voice_en_22099614.opus,assumptions
./data/macroset/en/clips/assumptions/common_voice_en_18298977.opus,assumptions
./data/macroset/en/clips/assumptions/common_voice_en_18261187.opus,assumptions
./data/macroset/en/clips/assumptions/common_voice_en_20177274.opus,assumptions
./data/macroset/en/clips/assumptions/common_voice_en_18862192.opus,assumptions
./data/macroset/en/clips/terrace/common_voice_en_22022190.opus,terrace
./data/macroset/en/clips/terrace/common_voice_en_20088482.opus,terrace
./data/macroset/en/clips/terrace/common_voice_en_20178199.opus,terrace
./data/macroset/en/clips/terrace/common_voice_en_20440624.opus,terrace
./data/macroset/en/clips/terrace/common_voice_en_21660852.opus,terrace
./data/macroset/en/clips/expected/common_voice_en_9666390.opus,expected
./data/macroset/en/clips/expected/common_voice_en_18334369.opus,expected
./data/macroset/en/clips/expected/common_voice_en_18755295.opus,expected
./data/macroset/en/clips/expected/common_voice_en_21371841.opus,expected
./data/macroset/en/clips/expected/common_voice_en_21575855.opus,expected
./data/macroset/en/clips/chili/common_voice_en_17967854.opus,chili
./data/macroset/en/clips/chili/common_voice_en_20325364.opus,chili
./data/macroset/en/clips/chili/common_voice_en_17950933.opus,chili
./data/macroset/en/clips/chili/common_voice_en_19990551.opus,chili
./data/macroset/en/clips/chili/common_voice_en_18016736.opus,chili
./data/macroset/en/clips/apology/common_voice_en_22201337.opus,apology
./data/macroset/en/clips/apology/common_voice_en_19533080.opus,apology
./data/macroset/en/clips/apology/common_voice_en_22404629.opus,apology
./data/macroset/en/clips/apology/common_voice_en_20320056.opus,apology
./data/macroset/en/clips/apology/common_voice_en_19727093.opus,apology
./data/macroset/en/clips/expedition/common_voice_en_19731809.opus,expedition
./data/macroset/en/clips/expedition/common_voice_en_20910759.opus,expedition
./data/macroset/en/clips/expedition/common_voice_en_21637811.opus,expedition
./data/macroset/en/clips/expedition/common_voice_en_19981116.opus,expedition
./data/macroset/en/clips/expedition/common_voice_en_21701965.opus,expedition
./data/macroset/en/clips/courthouse/common_voice_en_19509518.opus,courthouse
./data/macroset/en/clips/courthouse/common_voice_en_22287245.opus,courthouse
./data/macroset/en/clips/courthouse/common_voice_en_19611084.opus,courthouse
./data/macroset/en/clips/courthouse/common_voice_en_19650642.opus,courthouse
./data/macroset/en/clips/courthouse/common_voice_en_22218874.opus,courthouse
./data/macroset/en/clips/herald/common_voice_en_18994812.opus,herald
./data/macroset/en/clips/herald/common_voice_en_17881569.opus,herald
./data/macroset/en/clips/herald/common_voice_en_20177057.opus,herald
./data/macroset/en/clips/herald/common_voice_en_17651610.opus,herald
./data/macroset/en/clips/herald/common_voice_en_18004157.opus,herald
./data/macroset/en/clips/implications/common_voice_en_20813115.opus,implications
./data/macroset/en/clips/implications/common_voice_en_19028978.opus,implications
./data/macroset/en/clips/implications/common_voice_en_19539182.opus,implications
./data/macroset/en/clips/implications/common_voice_en_21766573.opus,implications
./data/macroset/en/clips/implications/common_voice_en_18480753.opus,implications
./data/macroset/en/clips/savouring/common_voice_en_17411283.opus,savouring
./data/macroset/en/clips/savouring/common_voice_en_17353324.opus,savouring
./data/macroset/en/clips/savouring/common_voice_en_17286149.opus,savouring
./data/macroset/en/clips/savouring/common_voice_en_18152251.opus,savouring
./data/macroset/en/clips/savouring/common_voice_en_17251371.opus,savouring
./data/macroset/en/clips/handful/common_voice_en_20220632.opus,handful
./data/macroset/en/clips/handful/common_voice_en_21851746.opus,handful
./data/macroset/en/clips/handful/common_voice_en_20287975.opus,handful
./data/macroset/en/clips/handful/common_voice_en_19700430.opus,handful
./data/macroset/en/clips/handful/common_voice_en_20301850.opus,handful
./data/macroset/en/clips/tavern/common_voice_en_22294691.opus,tavern
./data/macroset/en/clips/tavern/common_voice_en_19741152.opus,tavern
./data/macroset/en/clips/tavern/common_voice_en_21672083.opus,tavern
./data/macroset/en/clips/tavern/common_voice_en_19727583.opus,tavern
./data/macroset/en/clips/tavern/common_voice_en_22434826.opus,tavern
./data/macroset/en/clips/sex/common_voice_en_18781546.opus,sex
./data/macroset/en/clips/sex/common_voice_en_18471371.opus,sex
./data/macroset/en/clips/sex/common_voice_en_17891676.opus,sex
./data/macroset/en/clips/sex/common_voice_en_21522514.opus,sex
./data/macroset/en/clips/sex/common_voice_en_22093276.opus,sex
./data/macroset/en/clips/starred/common_voice_en_20738985.opus,starred
./data/macroset/en/clips/starred/common_voice_en_19029174.opus,starred
./data/macroset/en/clips/starred/common_voice_en_19583934.opus,starred
./data/macroset/en/clips/starred/common_voice_en_20756021.opus,starred
./data/macroset/en/clips/starred/common_voice_en_19422920.opus,starred
./data/macroset/en/clips/wacom/common_voice_en_679663.opus,wacom
./data/macroset/en/clips/wacom/common_voice_en_79210.opus,wacom
./data/macroset/en/clips/wacom/common_voice_en_39237.opus,wacom
./data/macroset/en/clips/wacom/common_voice_en_604822.opus,wacom
./data/macroset/en/clips/wacom/common_voice_en_18136150.opus,wacom
./data/macroset/en/clips/distinguish/common_voice_en_22253848.opus,distinguish
./data/macroset/en/clips/distinguish/common_voice_en_21242074.opus,distinguish
./data/macroset/en/clips/distinguish/common_voice_en_19616479.opus,distinguish
./data/macroset/en/clips/distinguish/common_voice_en_20830721.opus,distinguish
./data/macroset/en/clips/distinguish/common_voice_en_21840553.opus,distinguish
./data/macroset/en/clips/slices/common_voice_en_5559266.opus,slices
./data/macroset/en/clips/slices/common_voice_en_17900311.opus,slices
./data/macroset/en/clips/slices/common_voice_en_617302.opus,slices
./data/macroset/en/clips/slices/common_voice_en_17248137.opus,slices
./data/macroset/en/clips/slices/common_voice_en_17265204.opus,slices
./data/macroset/en/clips/evade/common_voice_en_22236591.opus,evade
./data/macroset/en/clips/evade/common_voice_en_38173.opus,evade
./data/macroset/en/clips/evade/common_voice_en_17908733.opus,evade
./data/macroset/en/clips/evade/common_voice_en_17412676.opus,evade
./data/macroset/en/clips/evade/common_voice_en_18142629.opus,evade
./data/macroset/en/clips/thinking/common_voice_en_70224.opus,thinking
./data/macroset/en/clips/thinking/common_voice_en_17982273.opus,thinking
./data/macroset/en/clips/thinking/common_voice_en_660110.opus,thinking
./data/macroset/en/clips/thinking/common_voice_en_68020.opus,thinking
./data/macroset/en/clips/thinking/common_voice_en_659108.opus,thinking
./data/macroset/en/clips/armstrong/common_voice_en_19497533.opus,armstrong
./data/macroset/en/clips/armstrong/common_voice_en_644105.opus,armstrong
./data/macroset/en/clips/armstrong/common_voice_en_21864653.opus,armstrong
./data/macroset/en/clips/armstrong/common_voice_en_19412047.opus,armstrong
./data/macroset/en/clips/armstrong/common_voice_en_21105846.opus,armstrong
./data/macroset/en/clips/charities/common_voice_en_21342529.opus,charities
./data/macroset/en/clips/charities/common_voice_en_20880416.opus,charities
./data/macroset/en/clips/charities/common_voice_en_20348234.opus,charities
./data/macroset/en/clips/charities/common_voice_en_18869803.opus,charities
./data/macroset/en/clips/charities/common_voice_en_20670362.opus,charities
./data/macroset/en/clips/intensive/common_voice_en_19735292.opus,intensive
./data/macroset/en/clips/intensive/common_voice_en_207384.opus,intensive
./data/macroset/en/clips/intensive/common_voice_en_576914.opus,intensive
./data/macroset/en/clips/intensive/common_voice_en_548269.opus,intensive
./data/macroset/en/clips/intensive/common_voice_en_547837.opus,intensive
./data/macroset/en/clips/anymore/common_voice_en_23007.opus,anymore
./data/macroset/en/clips/anymore/common_voice_en_522184.opus,anymore
./data/macroset/en/clips/anymore/common_voice_en_18023996.opus,anymore
./data/macroset/en/clips/anymore/common_voice_en_556432.opus,anymore
./data/macroset/en/clips/anymore/common_voice_en_533788.opus,anymore
./data/macroset/en/clips/tip/common_voice_en_18745357.opus,tip
./data/macroset/en/clips/tip/common_voice_en_18907855.opus,tip
./data/macroset/en/clips/tip/common_voice_en_19502334.opus,tip
./data/macroset/en/clips/tip/common_voice_en_19131423.opus,tip
./data/macroset/en/clips/tip/common_voice_en_19613491.opus,tip
./data/macroset/en/clips/hinted/common_voice_en_20160546.opus,hinted
./data/macroset/en/clips/hinted/common_voice_en_699964.opus,hinted
./data/macroset/en/clips/hinted/common_voice_en_644216.opus,hinted
./data/macroset/en/clips/hinted/common_voice_en_568916.opus,hinted
./data/macroset/en/clips/hinted/common_voice_en_97876.opus,hinted
./data/macroset/en/clips/transcripts/common_voice_en_46808.opus,transcripts
./data/macroset/en/clips/transcripts/common_voice_en_619583.opus,transcripts
./data/macroset/en/clips/transcripts/common_voice_en_609173.opus,transcripts
./data/macroset/en/clips/transcripts/common_voice_en_652765.opus,transcripts
./data/macroset/en/clips/transcripts/common_voice_en_19456422.opus,transcripts
./data/macroset/en/clips/tri/common_voice_en_22434477.opus,tri
./data/macroset/en/clips/tri/common_voice_en_18897908.opus,tri
./data/macroset/en/clips/tri/common_voice_en_22066662.opus,tri
./data/macroset/en/clips/tri/common_voice_en_19665413.opus,tri
./data/macroset/en/clips/tri/common_voice_en_20279943.opus,tri
./data/macroset/en/clips/religious/common_voice_en_18726986__2.opus,religious
./data/macroset/en/clips/religious/common_voice_en_19357053.opus,religious
./data/macroset/en/clips/religious/common_voice_en_19416555.opus,religious
./data/macroset/en/clips/religious/common_voice_en_22168555.opus,religious
./data/macroset/en/clips/religious/common_voice_en_20872640.opus,religious
./data/macroset/en/clips/twice/common_voice_en_90285.opus,twice
./data/macroset/en/clips/twice/common_voice_en_57618.opus,twice
./data/macroset/en/clips/twice/common_voice_en_19739682.opus,twice
./data/macroset/en/clips/twice/common_voice_en_20843489.opus,twice
./data/macroset/en/clips/twice/common_voice_en_20778057.opus,twice
./data/macroset/en/clips/aligned/common_voice_en_19643854.opus,aligned
./data/macroset/en/clips/aligned/common_voice_en_214857.opus,aligned
./data/macroset/en/clips/aligned/common_voice_en_19848106.opus,aligned
./data/macroset/en/clips/aligned/common_voice_en_168528.opus,aligned
./data/macroset/en/clips/aligned/common_voice_en_19641929.opus,aligned
./data/macroset/en/clips/criminal/common_voice_en_20489063.opus,criminal
./data/macroset/en/clips/criminal/common_voice_en_19689373.opus,criminal
./data/macroset/en/clips/criminal/common_voice_en_21750876.opus,criminal
./data/macroset/en/clips/criminal/common_voice_en_22174002.opus,criminal
./data/macroset/en/clips/criminal/common_voice_en_522973.opus,criminal
./data/macroset/en/clips/hosts/common_voice_en_19184518.opus,hosts
./data/macroset/en/clips/hosts/common_voice_en_19916941.opus,hosts
./data/macroset/en/clips/hosts/common_voice_en_20141359.opus,hosts
./data/macroset/en/clips/hosts/common_voice_en_22045620.opus,hosts
./data/macroset/en/clips/hosts/common_voice_en_19453891.opus,hosts
./data/macroset/en/clips/tensions/common_voice_en_21020662.opus,tensions
./data/macroset/en/clips/tensions/common_voice_en_20397457.opus,tensions
./data/macroset/en/clips/tensions/common_voice_en_20693041.opus,tensions
./data/macroset/en/clips/tensions/common_voice_en_20010017.opus,tensions
./data/macroset/en/clips/tensions/common_voice_en_19195553.opus,tensions
./data/macroset/en/clips/left/common_voice_en_18979043.opus,left
./data/macroset/en/clips/left/common_voice_en_58941.opus,left
./data/macroset/en/clips/left/common_voice_en_22027669.opus,left
./data/macroset/en/clips/left/common_voice_en_22253204.opus,left
./data/macroset/en/clips/left/common_voice_en_638677.opus,left
./data/macroset/en/clips/rapid/common_voice_en_19581282.opus,rapid
./data/macroset/en/clips/rapid/common_voice_en_21875740.opus,rapid
./data/macroset/en/clips/rapid/common_voice_en_22432387.opus,rapid
./data/macroset/en/clips/rapid/common_voice_en_19393087.opus,rapid
./data/macroset/en/clips/rapid/common_voice_en_19985293.opus,rapid
./data/macroset/en/clips/owls/common_voice_en_20189001.opus,owls
./data/macroset/en/clips/owls/common_voice_en_119419.opus,owls
./data/macroset/en/clips/owls/common_voice_en_480616.opus,owls
./data/macroset/en/clips/owls/common_voice_en_684547.opus,owls
./data/macroset/en/clips/owls/common_voice_en_19825597.opus,owls
./data/macroset/en/clips/daddy/common_voice_en_206557.opus,daddy
./data/macroset/en/clips/daddy/common_voice_en_643252.opus,daddy
./data/macroset/en/clips/daddy/common_voice_en_15904029.opus,daddy
./data/macroset/en/clips/daddy/common_voice_en_560361.opus,daddy
./data/macroset/en/clips/daddy/common_voice_en_491446.opus,daddy
./data/macroset/en/clips/berlin/common_voice_en_20050770.opus,berlin
./data/macroset/en/clips/berlin/common_voice_en_20260229.opus,berlin
./data/macroset/en/clips/berlin/common_voice_en_21796400.opus,berlin
./data/macroset/en/clips/berlin/common_voice_en_499446.opus,berlin
./data/macroset/en/clips/berlin/common_voice_en_21813602.opus,berlin
./data/macroset/en/clips/tightening/common_voice_en_17294648.opus,tightening
./data/macroset/en/clips/tightening/common_voice_en_17683082.opus,tightening
./data/macroset/en/clips/tightening/common_voice_en_17392984.opus,tightening
./data/macroset/en/clips/tightening/common_voice_en_518804.opus,tightening
./data/macroset/en/clips/tightening/common_voice_en_17526964.opus,tightening
./data/macroset/en/clips/horror/common_voice_en_21170321.opus,horror
./data/macroset/en/clips/horror/common_voice_en_22027610.opus,horror
./data/macroset/en/clips/horror/common_voice_en_20782948.opus,horror
./data/macroset/en/clips/horror/common_voice_en_18545625.opus,horror
./data/macroset/en/clips/horror/common_voice_en_19789181.opus,horror
./data/macroset/en/clips/breathed/common_voice_en_652027.opus,breathed
./data/macroset/en/clips/breathed/common_voice_en_529346.opus,breathed
./data/macroset/en/clips/breathed/common_voice_en_588784.opus,breathed
./data/macroset/en/clips/breathed/common_voice_en_17291608.opus,breathed
./data/macroset/en/clips/breathed/common_voice_en_17824196.opus,breathed
./data/macroset/en/clips/prompting/common_voice_en_509239.opus,prompting
./data/macroset/en/clips/prompting/common_voice_en_511905.opus,prompting
./data/macroset/en/clips/prompting/common_voice_en_18894047.opus,prompting
./data/macroset/en/clips/prompting/common_voice_en_500143.opus,prompting
./data/macroset/en/clips/prompting/common_voice_en_1948764.opus,prompting
./data/macroset/en/clips/surprised/common_voice_en_73883.opus,surprised
./data/macroset/en/clips/surprised/common_voice_en_596588.opus,surprised
./data/macroset/en/clips/surprised/common_voice_en_571654.opus,surprised
./data/macroset/en/clips/surprised/common_voice_en_519042.opus,surprised
./data/macroset/en/clips/surprised/common_voice_en_73135.opus,surprised
./data/macroset/en/clips/rotate/common_voice_en_590102.opus,rotate
./data/macroset/en/clips/rotate/common_voice_en_640982.opus,rotate
./data/macroset/en/clips/rotate/common_voice_en_71175.opus,rotate
./data/macroset/en/clips/rotate/common_voice_en_485268.opus,rotate
./data/macroset/en/clips/rotate/common_voice_en_42529.opus,rotate
./data/macroset/en/clips/goal/common_voice_en_21386487.opus,goal
./data/macroset/en/clips/goal/common_voice_en_20519841.opus,goal
./data/macroset/en/clips/goal/common_voice_en_21644885.opus,goal
./data/macroset/en/clips/goal/common_voice_en_20728315.opus,goal
./data/macroset/en/clips/goal/common_voice_en_19326905.opus,goal
./data/macroset/en/clips/sincerely/common_voice_en_673785.opus,sincerely
./data/macroset/en/clips/sincerely/common_voice_en_92044.opus,sincerely
./data/macroset/en/clips/sincerely/common_voice_en_679454.opus,sincerely
./data/macroset/en/clips/sincerely/common_voice_en_17556262.opus,sincerely
./data/macroset/en/clips/sincerely/common_voice_en_17257146.opus,sincerely
./data/macroset/en/clips/intend/common_voice_en_19358822.opus,intend
./data/macroset/en/clips/intend/common_voice_en_18593884.opus,intend
./data/macroset/en/clips/intend/common_voice_en_18428834.opus,intend
./data/macroset/en/clips/intend/common_voice_en_18610597.opus,intend
./data/macroset/en/clips/intend/common_voice_en_18401029.opus,intend
./data/macroset/en/clips/lifting/common_voice_en_594917.opus,lifting
./data/macroset/en/clips/lifting/common_voice_en_675118.opus,lifting
./data/macroset/en/clips/lifting/common_voice_en_499868.opus,lifting
./data/macroset/en/clips/lifting/common_voice_en_47428.opus,lifting
./data/macroset/en/clips/lifting/common_voice_en_21022318.opus,lifting
./data/macroset/en/clips/swallowing/common_voice_en_8911565.opus,swallowing
./data/macroset/en/clips/swallowing/common_voice_en_17808615.opus,swallowing
./data/macroset/en/clips/swallowing/common_voice_en_17917108.opus,swallowing
./data/macroset/en/clips/swallowing/common_voice_en_21261339.opus,swallowing
./data/macroset/en/clips/swallowing/common_voice_en_16665685.opus,swallowing
./data/macroset/en/clips/object/common_voice_en_18869231.opus,object
./data/macroset/en/clips/object/common_voice_en_20330368.opus,object
./data/macroset/en/clips/object/common_voice_en_19877784.opus,object
./data/macroset/en/clips/object/common_voice_en_584528.opus,object
./data/macroset/en/clips/object/common_voice_en_579623.opus,object
./data/macroset/en/clips/tolerance/common_voice_en_19106767.opus,tolerance
./data/macroset/en/clips/tolerance/common_voice_en_20815126.opus,tolerance
./data/macroset/en/clips/tolerance/common_voice_en_19502965.opus,tolerance
./data/macroset/en/clips/tolerance/common_voice_en_20280901.opus,tolerance
./data/macroset/en/clips/tolerance/common_voice_en_19595012.opus,tolerance
./data/macroset/en/clips/sacrificed/common_voice_en_19748380.opus,sacrificed
./data/macroset/en/clips/sacrificed/common_voice_en_155993.opus,sacrificed
./data/macroset/en/clips/sacrificed/common_voice_en_544381.opus,sacrificed
./data/macroset/en/clips/sacrificed/common_voice_en_649636.opus,sacrificed
./data/macroset/en/clips/sacrificed/common_voice_en_515658.opus,sacrificed
./data/macroset/en/clips/dots/common_voice_en_542822.opus,dots
./data/macroset/en/clips/dots/common_voice_en_174016.opus,dots
./data/macroset/en/clips/dots/common_voice_en_514777.opus,dots
./data/macroset/en/clips/dots/common_voice_en_532069.opus,dots
./data/macroset/en/clips/dots/common_voice_en_75960.opus,dots
./data/macroset/en/clips/jellyfish/common_voice_en_22240528.opus,jellyfish
./data/macroset/en/clips/jellyfish/common_voice_en_18043568.opus,jellyfish
./data/macroset/en/clips/jellyfish/common_voice_en_17358057.opus,jellyfish
./data/macroset/en/clips/jellyfish/common_voice_en_196983.opus,jellyfish
./data/macroset/en/clips/jellyfish/common_voice_en_17273639.opus,jellyfish
./data/macroset/en/clips/layers/common_voice_en_21091581.opus,layers
./data/macroset/en/clips/layers/common_voice_en_19279436.opus,layers
./data/macroset/en/clips/layers/common_voice_en_17383934.opus,layers
./data/macroset/en/clips/layers/common_voice_en_21129466.opus,layers
./data/macroset/en/clips/layers/common_voice_en_574096.opus,layers
./data/macroset/en/clips/alexandra/common_voice_en_20348586.opus,alexandra
./data/macroset/en/clips/alexandra/common_voice_en_20913800.opus,alexandra
./data/macroset/en/clips/alexandra/common_voice_en_19719434.opus,alexandra
./data/macroset/en/clips/alexandra/common_voice_en_19707271.opus,alexandra
./data/macroset/en/clips/alexandra/common_voice_en_21102863.opus,alexandra
./data/macroset/en/clips/exchanged/common_voice_en_516645.opus,exchanged
./data/macroset/en/clips/exchanged/common_voice_en_634912.opus,exchanged
./data/macroset/en/clips/exchanged/common_voice_en_681224.opus,exchanged
./data/macroset/en/clips/exchanged/common_voice_en_62252.opus,exchanged
./data/macroset/en/clips/exchanged/common_voice_en_511013.opus,exchanged
./data/macroset/en/clips/gods/common_voice_en_75254.opus,gods
./data/macroset/en/clips/gods/common_voice_en_18415904.opus,gods
./data/macroset/en/clips/gods/common_voice_en_509887.opus,gods
./data/macroset/en/clips/gods/common_voice_en_65415.opus,gods
./data/macroset/en/clips/gods/common_voice_en_18506178.opus,gods
./data/macroset/en/clips/motivated/common_voice_en_544522.opus,motivated
./data/macroset/en/clips/motivated/common_voice_en_20410408.opus,motivated
./data/macroset/en/clips/motivated/common_voice_en_46281.opus,motivated
./data/macroset/en/clips/motivated/common_voice_en_213039.opus,motivated
./data/macroset/en/clips/motivated/common_voice_en_683912.opus,motivated
./data/macroset/en/clips/governing/common_voice_en_21261724.opus,governing
./data/macroset/en/clips/governing/common_voice_en_21968006.opus,governing
./data/macroset/en/clips/governing/common_voice_en_20171195.opus,governing
./data/macroset/en/clips/governing/common_voice_en_21637675.opus,governing
./data/macroset/en/clips/governing/common_voice_en_22279339.opus,governing
./data/macroset/en/clips/curtains/common_voice_en_18550184.opus,curtains
./data/macroset/en/clips/curtains/common_voice_en_48608.opus,curtains
./data/macroset/en/clips/curtains/common_voice_en_668437.opus,curtains
./data/macroset/en/clips/curtains/common_voice_en_696343.opus,curtains
./data/macroset/en/clips/curtains/common_voice_en_697349.opus,curtains
./data/macroset/en/clips/typewriter/common_voice_en_547786.opus,typewriter
./data/macroset/en/clips/typewriter/common_voice_en_642738.opus,typewriter
./data/macroset/en/clips/typewriter/common_voice_en_690115.opus,typewriter
./data/macroset/en/clips/typewriter/common_voice_en_624647.opus,typewriter
./data/macroset/en/clips/typewriter/common_voice_en_597319.opus,typewriter
./data/macroset/en/clips/ideas/common_voice_en_19970825.opus,ideas
./data/macroset/en/clips/ideas/common_voice_en_20966122.opus,ideas
./data/macroset/en/clips/ideas/common_voice_en_20256191.opus,ideas
./data/macroset/en/clips/ideas/common_voice_en_621618.opus,ideas
./data/macroset/en/clips/ideas/common_voice_en_18967009.opus,ideas
./data/macroset/en/clips/concern/common_voice_en_562355.opus,concern
./data/macroset/en/clips/concern/common_voice_en_19741921.opus,concern
./data/macroset/en/clips/concern/common_voice_en_18471598.opus,concern
./data/macroset/en/clips/concern/common_voice_en_18653169.opus,concern
./data/macroset/en/clips/concern/common_voice_en_19194432.opus,concern
./data/macroset/en/clips/clara/common_voice_en_588507.opus,clara
./data/macroset/en/clips/clara/common_voice_en_17445238.opus,clara
./data/macroset/en/clips/clara/common_voice_en_19583594.opus,clara
./data/macroset/en/clips/clara/common_voice_en_19943905.opus,clara
./data/macroset/en/clips/clara/common_voice_en_20960186.opus,clara
./data/macroset/en/clips/optical/common_voice_en_17747394.opus,optical
./data/macroset/en/clips/optical/common_voice_en_20947178.opus,optical
./data/macroset/en/clips/optical/common_voice_en_19422540.opus,optical
./data/macroset/en/clips/optical/common_voice_en_20239398.opus,optical
./data/macroset/en/clips/optical/common_voice_en_21127800.opus,optical
./data/macroset/en/clips/heavier/common_voice_en_22189236.opus,heavier
./data/macroset/en/clips/heavier/common_voice_en_19519619.opus,heavier
./data/macroset/en/clips/heavier/common_voice_en_19944213.opus,heavier
./data/macroset/en/clips/heavier/common_voice_en_19682836.opus,heavier
./data/macroset/en/clips/heavier/common_voice_en_20829751.opus,heavier
./data/macroset/en/clips/deficits/common_voice_en_18094990.opus,deficits
./data/macroset/en/clips/deficits/common_voice_en_461662.opus,deficits
./data/macroset/en/clips/deficits/common_voice_en_17260974.opus,deficits
./data/macroset/en/clips/deficits/common_voice_en_17776254.opus,deficits
./data/macroset/en/clips/deficits/common_voice_en_549684.opus,deficits
./data/macroset/en/clips/quaker/common_voice_en_19639117.opus,quaker
./data/macroset/en/clips/quaker/common_voice_en_20008382.opus,quaker
./data/macroset/en/clips/quaker/common_voice_en_21764938.opus,quaker
./data/macroset/en/clips/quaker/common_voice_en_20183799.opus,quaker
./data/macroset/en/clips/quaker/common_voice_en_20196980.opus,quaker
./data/macroset/en/clips/william/common_voice_en_20022915.opus,william
./data/macroset/en/clips/william/common_voice_en_20035579.opus,william
./data/macroset/en/clips/william/common_voice_en_21677963.opus,william
./data/macroset/en/clips/william/common_voice_en_19847869.opus,william
./data/macroset/en/clips/william/common_voice_en_19510681.opus,william
./data/macroset/en/clips/spangled/common_voice_en_661990.opus,spangled
./data/macroset/en/clips/spangled/common_voice_en_87620.opus,spangled
./data/macroset/en/clips/spangled/common_voice_en_21454193.opus,spangled
./data/macroset/en/clips/spangled/common_voice_en_501033.opus,spangled
./data/macroset/en/clips/spangled/common_voice_en_535800.opus,spangled
./data/macroset/en/clips/fascinating/common_voice_en_92141.opus,fascinating
./data/macroset/en/clips/fascinating/common_voice_en_484910.opus,fascinating
./data/macroset/en/clips/fascinating/common_voice_en_191074.opus,fascinating
./data/macroset/en/clips/fascinating/common_voice_en_563041.opus,fascinating
./data/macroset/en/clips/fascinating/common_voice_en_610845.opus,fascinating
./data/macroset/en/clips/jerk/common_voice_en_632022.opus,jerk
./data/macroset/en/clips/jerk/common_voice_en_642121.opus,jerk
./data/macroset/en/clips/jerk/common_voice_en_202877.opus,jerk
./data/macroset/en/clips/jerk/common_voice_en_17296153.opus,jerk
./data/macroset/en/clips/jerk/common_voice_en_598165.opus,jerk
./data/macroset/en/clips/quantities/common_voice_en_21246577.opus,quantities
./data/macroset/en/clips/quantities/common_voice_en_19766283.opus,quantities
./data/macroset/en/clips/quantities/common_voice_en_20947619.opus,quantities
./data/macroset/en/clips/quantities/common_voice_en_19519660.opus,quantities
./data/macroset/en/clips/quantities/common_voice_en_22324898.opus,quantities
./data/macroset/en/clips/storm/common_voice_en_17400241.opus,storm
./data/macroset/en/clips/storm/common_voice_en_20322833.opus,storm
./data/macroset/en/clips/storm/common_voice_en_19802710.opus,storm
./data/macroset/en/clips/storm/common_voice_en_19293392.opus,storm
./data/macroset/en/clips/storm/common_voice_en_26780.opus,storm
./data/macroset/en/clips/maid/common_voice_en_17362948.opus,maid
./data/macroset/en/clips/maid/common_voice_en_18646234.opus,maid
./data/macroset/en/clips/maid/common_voice_en_653863.opus,maid
./data/macroset/en/clips/maid/common_voice_en_18542399.opus,maid
./data/macroset/en/clips/maid/common_voice_en_18527585.opus,maid
./data/macroset/en/clips/threats/common_voice_en_19196638.opus,threats
./data/macroset/en/clips/threats/common_voice_en_20018938.opus,threats
./data/macroset/en/clips/threats/common_voice_en_20432031.opus,threats
./data/macroset/en/clips/threats/common_voice_en_20590708.opus,threats
./data/macroset/en/clips/threats/common_voice_en_19431248.opus,threats
./data/macroset/en/clips/adjoining/common_voice_en_19201036.opus,adjoining
./data/macroset/en/clips/adjoining/common_voice_en_20958836.opus,adjoining
./data/macroset/en/clips/adjoining/common_voice_en_20795387.opus,adjoining
./data/macroset/en/clips/adjoining/common_voice_en_21132002.opus,adjoining
./data/macroset/en/clips/adjoining/common_voice_en_22265445.opus,adjoining
./data/macroset/en/clips/detroit/common_voice_en_21160850.opus,detroit
./data/macroset/en/clips/detroit/common_voice_en_19606578.opus,detroit
./data/macroset/en/clips/detroit/common_voice_en_21269707.opus,detroit
./data/macroset/en/clips/detroit/common_voice_en_19358987.opus,detroit
./data/macroset/en/clips/detroit/common_voice_en_21779991.opus,detroit
./data/macroset/en/clips/ann/common_voice_en_21180587.opus,ann
./data/macroset/en/clips/ann/common_voice_en_19845485.opus,ann
./data/macroset/en/clips/ann/common_voice_en_91609.opus,ann
./data/macroset/en/clips/ann/common_voice_en_18003571.opus,ann
./data/macroset/en/clips/ann/common_voice_en_22335498.opus,ann
./data/macroset/en/clips/pragmatic/common_voice_en_17389265.opus,pragmatic
./data/macroset/en/clips/pragmatic/common_voice_en_17440896.opus,pragmatic
./data/macroset/en/clips/pragmatic/common_voice_en_17810781.opus,pragmatic
./data/macroset/en/clips/pragmatic/common_voice_en_21359215.opus,pragmatic
./data/macroset/en/clips/pragmatic/common_voice_en_18085225.opus,pragmatic
./data/macroset/en/clips/governors/common_voice_en_18745048.opus,governors
./data/macroset/en/clips/governors/common_voice_en_19993323.opus,governors
./data/macroset/en/clips/governors/common_voice_en_19515799.opus,governors
./data/macroset/en/clips/governors/common_voice_en_19640081.opus,governors
./data/macroset/en/clips/governors/common_voice_en_18745048__2.opus,governors
./data/macroset/en/clips/laugh/common_voice_en_529295.opus,laugh
./data/macroset/en/clips/laugh/common_voice_en_19368411.opus,laugh
./data/macroset/en/clips/laugh/common_voice_en_11351774.opus,laugh
./data/macroset/en/clips/laugh/common_voice_en_22192656.opus,laugh
./data/macroset/en/clips/laugh/common_voice_en_19507780.opus,laugh
./data/macroset/en/clips/itself/common_voice_en_20644619.opus,itself
./data/macroset/en/clips/itself/common_voice_en_206531.opus,itself
./data/macroset/en/clips/itself/common_voice_en_18751895.opus,itself
./data/macroset/en/clips/itself/common_voice_en_19969231.opus,itself
./data/macroset/en/clips/itself/common_voice_en_619389.opus,itself
./data/macroset/en/clips/northeast/common_voice_en_21242268.opus,northeast
./data/macroset/en/clips/northeast/common_voice_en_20532231.opus,northeast
./data/macroset/en/clips/northeast/common_voice_en_21953091.opus,northeast
./data/macroset/en/clips/northeast/common_voice_en_19827878.opus,northeast
./data/macroset/en/clips/northeast/common_voice_en_19974175.opus,northeast
./data/macroset/en/clips/flat/common_voice_en_18491663.opus,flat
./data/macroset/en/clips/flat/common_voice_en_18513921.opus,flat
./data/macroset/en/clips/flat/common_voice_en_19253719.opus,flat
./data/macroset/en/clips/flat/common_voice_en_21954735.opus,flat
./data/macroset/en/clips/flat/common_voice_en_15903359.opus,flat
./data/macroset/en/clips/henderson/common_voice_en_58122.opus,henderson
./data/macroset/en/clips/henderson/common_voice_en_84718.opus,henderson
./data/macroset/en/clips/henderson/common_voice_en_685095.opus,henderson
./data/macroset/en/clips/henderson/common_voice_en_213898.opus,henderson
./data/macroset/en/clips/henderson/common_voice_en_479846.opus,henderson
./data/macroset/en/clips/generally/common_voice_en_18855338.opus,generally
./data/macroset/en/clips/generally/common_voice_en_19761041.opus,generally
./data/macroset/en/clips/generally/common_voice_en_21055327.opus,generally
./data/macroset/en/clips/generally/common_voice_en_19707023.opus,generally
./data/macroset/en/clips/generally/common_voice_en_20392845.opus,generally
./data/macroset/en/clips/cheapest/common_voice_en_17481819.opus,cheapest
./data/macroset/en/clips/cheapest/common_voice_en_176493.opus,cheapest
./data/macroset/en/clips/cheapest/common_voice_en_323224.opus,cheapest
./data/macroset/en/clips/cheapest/common_voice_en_17452899.opus,cheapest
./data/macroset/en/clips/cheapest/common_voice_en_17388457.opus,cheapest
./data/macroset/en/clips/stunning/common_voice_en_506510.opus,stunning
./data/macroset/en/clips/stunning/common_voice_en_377969.opus,stunning
./data/macroset/en/clips/stunning/common_voice_en_19540770.opus,stunning
./data/macroset/en/clips/stunning/common_voice_en_21284916.opus,stunning
./data/macroset/en/clips/stunning/common_voice_en_69138.opus,stunning
./data/macroset/en/clips/technology/common_voice_en_20805069.opus,technology
./data/macroset/en/clips/technology/common_voice_en_19266207.opus,technology
./data/macroset/en/clips/technology/common_voice_en_18662140.opus,technology
./data/macroset/en/clips/technology/common_voice_en_21104760.opus,technology
./data/macroset/en/clips/technology/common_voice_en_21020565.opus,technology
./data/macroset/en/clips/toward/common_voice_en_595642.opus,toward
./data/macroset/en/clips/toward/common_voice_en_626610.opus,toward
./data/macroset/en/clips/toward/common_voice_en_182032.opus,toward
./data/macroset/en/clips/toward/common_voice_en_660776.opus,toward
./data/macroset/en/clips/toward/common_voice_en_17385711.opus,toward
./data/macroset/en/clips/traveller/common_voice_en_17563915.opus,traveller
./data/macroset/en/clips/traveller/common_voice_en_18109240.opus,traveller
./data/macroset/en/clips/traveller/common_voice_en_78065.opus,traveller
./data/macroset/en/clips/traveller/common_voice_en_507252.opus,traveller
./data/macroset/en/clips/traveller/common_voice_en_20173211.opus,traveller
./data/macroset/en/clips/grants/common_voice_en_20846828.opus,grants
./data/macroset/en/clips/grants/common_voice_en_21187363.opus,grants
./data/macroset/en/clips/grants/common_voice_en_22268350.opus,grants
./data/macroset/en/clips/grants/common_voice_en_21798235.opus,grants
./data/macroset/en/clips/grants/common_voice_en_20287342.opus,grants
./data/macroset/en/clips/rotting/common_voice_en_17817378.opus,rotting
./data/macroset/en/clips/rotting/common_voice_en_19453763.opus,rotting
./data/macroset/en/clips/rotting/common_voice_en_17251128.opus,rotting
./data/macroset/en/clips/rotting/common_voice_en_20026276.opus,rotting
./data/macroset/en/clips/rotting/common_voice_en_21264028.opus,rotting
./data/macroset/en/clips/hungry/common_voice_en_18521420.opus,hungry
./data/macroset/en/clips/hungry/common_voice_en_164382.opus,hungry
./data/macroset/en/clips/hungry/common_voice_en_72635.opus,hungry
./data/macroset/en/clips/hungry/common_voice_en_93194.opus,hungry
./data/macroset/en/clips/hungry/common_voice_en_560401.opus,hungry
./data/macroset/en/clips/tours/common_voice_en_20802666.opus,tours
./data/macroset/en/clips/tours/common_voice_en_18988055.opus,tours
./data/macroset/en/clips/tours/common_voice_en_21504573.opus,tours
./data/macroset/en/clips/tours/common_voice_en_20858153.opus,tours
./data/macroset/en/clips/tours/common_voice_en_19008047.opus,tours
./data/macroset/en/clips/pilot/common_voice_en_19646784.opus,pilot
./data/macroset/en/clips/pilot/common_voice_en_19636564.opus,pilot
./data/macroset/en/clips/pilot/common_voice_en_2586284.opus,pilot
./data/macroset/en/clips/pilot/common_voice_en_20540544.opus,pilot
./data/macroset/en/clips/pilot/common_voice_en_20761800.opus,pilot
./data/macroset/en/clips/stand/common_voice_en_17803183.opus,stand
./data/macroset/en/clips/stand/common_voice_en_686548.opus,stand
./data/macroset/en/clips/stand/common_voice_en_19960535.opus,stand
./data/macroset/en/clips/stand/common_voice_en_19267427.opus,stand
./data/macroset/en/clips/stand/common_voice_en_14630.opus,stand
./data/macroset/en/clips/matching/common_voice_en_21257676__2.opus,matching
./data/macroset/en/clips/matching/common_voice_en_487532.opus,matching
./data/macroset/en/clips/matching/common_voice_en_21291191.opus,matching
./data/macroset/en/clips/matching/common_voice_en_217744.opus,matching
./data/macroset/en/clips/matching/common_voice_en_20897487.opus,matching
./data/macroset/en/clips/brilliantly/common_voice_en_685133.opus,brilliantly
./data/macroset/en/clips/brilliantly/common_voice_en_69719.opus,brilliantly
./data/macroset/en/clips/brilliantly/common_voice_en_660506.opus,brilliantly
./data/macroset/en/clips/brilliantly/common_voice_en_174591.opus,brilliantly
./data/macroset/en/clips/brilliantly/common_voice_en_155757.opus,brilliantly
./data/macroset/en/clips/sports/common_voice_en_20704664.opus,sports
./data/macroset/en/clips/sports/common_voice_en_21380633.opus,sports
./data/macroset/en/clips/sports/common_voice_en_19620287__2.opus,sports
./data/macroset/en/clips/sports/common_voice_en_19640432.opus,sports
./data/macroset/en/clips/sports/common_voice_en_20858040.opus,sports
./data/macroset/en/clips/sunburn/common_voice_en_18192432.opus,sunburn
./data/macroset/en/clips/sunburn/common_voice_en_18087209.opus,sunburn
./data/macroset/en/clips/sunburn/common_voice_en_18176968.opus,sunburn
./data/macroset/en/clips/sunburn/common_voice_en_18201639.opus,sunburn
./data/macroset/en/clips/sunburn/common_voice_en_18117952.opus,sunburn
./data/macroset/en/clips/determine/common_voice_en_19739427.opus,determine
./data/macroset/en/clips/determine/common_voice_en_20238524.opus,determine
./data/macroset/en/clips/determine/common_voice_en_20583512.opus,determine
./data/macroset/en/clips/determine/common_voice_en_20210335.opus,determine
./data/macroset/en/clips/determine/common_voice_en_20183545.opus,determine
./data/macroset/en/clips/insistently/common_voice_en_67510.opus,insistently
./data/macroset/en/clips/insistently/common_voice_en_183957.opus,insistently
./data/macroset/en/clips/insistently/common_voice_en_583190.opus,insistently
./data/macroset/en/clips/insistently/common_voice_en_587211.opus,insistently
./data/macroset/en/clips/insistently/common_voice_en_600246.opus,insistently
./data/macroset/en/clips/flourished/common_voice_en_19267098.opus,flourished
./data/macroset/en/clips/flourished/common_voice_en_20205230.opus,flourished
./data/macroset/en/clips/flourished/common_voice_en_20217961.opus,flourished
./data/macroset/en/clips/flourished/common_voice_en_19267511.opus,flourished
./data/macroset/en/clips/flourished/common_voice_en_20516491.opus,flourished
./data/macroset/en/clips/caravans/common_voice_en_659080.opus,caravans
./data/macroset/en/clips/caravans/common_voice_en_18669.opus,caravans
./data/macroset/en/clips/caravans/common_voice_en_665782.opus,caravans
./data/macroset/en/clips/caravans/common_voice_en_675835.opus,caravans
./data/macroset/en/clips/caravans/common_voice_en_652346.opus,caravans
./data/macroset/en/clips/notable/common_voice_en_20956653.opus,notable
./data/macroset/en/clips/notable/common_voice_en_19320546.opus,notable
./data/macroset/en/clips/notable/common_voice_en_20817529.opus,notable
./data/macroset/en/clips/notable/common_voice_en_19712622.opus,notable
./data/macroset/en/clips/notable/common_voice_en_21102175.opus,notable
./data/macroset/en/clips/coventry/common_voice_en_20234843.opus,coventry
./data/macroset/en/clips/coventry/common_voice_en_22259273.opus,coventry
./data/macroset/en/clips/coventry/common_voice_en_20289276.opus,coventry
./data/macroset/en/clips/coventry/common_voice_en_21680407.opus,coventry
./data/macroset/en/clips/coventry/common_voice_en_20999231.opus,coventry
./data/macroset/en/clips/chloride/common_voice_en_19646712.opus,chloride
./data/macroset/en/clips/chloride/common_voice_en_19766796.opus,chloride
./data/macroset/en/clips/chloride/common_voice_en_19718880.opus,chloride
./data/macroset/en/clips/chloride/common_voice_en_18724494.opus,chloride
./data/macroset/en/clips/chloride/common_voice_en_21161824.opus,chloride
./data/macroset/en/clips/overnight/common_voice_en_18520631.opus,overnight
./data/macroset/en/clips/overnight/common_voice_en_20054447.opus,overnight
./data/macroset/en/clips/overnight/common_voice_en_20283149.opus,overnight
./data/macroset/en/clips/overnight/common_voice_en_19838217.opus,overnight
./data/macroset/en/clips/overnight/common_voice_en_19047452.opus,overnight
./data/macroset/en/clips/machinery/common_voice_en_19670472.opus,machinery
./data/macroset/en/clips/machinery/common_voice_en_18870430.opus,machinery
./data/macroset/en/clips/machinery/common_voice_en_22196984.opus,machinery
./data/macroset/en/clips/machinery/common_voice_en_21786526.opus,machinery
./data/macroset/en/clips/machinery/common_voice_en_483434.opus,machinery
./data/macroset/en/clips/summer/common_voice_en_646859.opus,summer
./data/macroset/en/clips/summer/common_voice_en_20755199.opus,summer
./data/macroset/en/clips/summer/common_voice_en_20525626.opus,summer
./data/macroset/en/clips/summer/common_voice_en_21225225.opus,summer
./data/macroset/en/clips/summer/common_voice_en_22229357.opus,summer
./data/macroset/en/clips/northeastern/common_voice_en_21242899.opus,northeastern
./data/macroset/en/clips/northeastern/common_voice_en_21817743.opus,northeastern
./data/macroset/en/clips/northeastern/common_voice_en_19648303.opus,northeastern
./data/macroset/en/clips/northeastern/common_voice_en_21311076.opus,northeastern
./data/macroset/en/clips/northeastern/common_voice_en_19950594.opus,northeastern
./data/macroset/en/clips/trees/common_voice_en_644433.opus,trees
./data/macroset/en/clips/trees/common_voice_en_18758586.opus,trees
./data/macroset/en/clips/trees/common_voice_en_19113786.opus,trees
./data/macroset/en/clips/trees/common_voice_en_18142499.opus,trees
./data/macroset/en/clips/trees/common_voice_en_19690771.opus,trees
./data/macroset/en/clips/involvement/common_voice_en_21367088.opus,involvement
./data/macroset/en/clips/involvement/common_voice_en_20401176.opus,involvement
./data/macroset/en/clips/involvement/common_voice_en_21208400.opus,involvement
./data/macroset/en/clips/involvement/common_voice_en_19743926.opus,involvement
./data/macroset/en/clips/involvement/common_voice_en_20189124.opus,involvement
./data/macroset/en/clips/insolvent/common_voice_en_17718560.opus,insolvent
./data/macroset/en/clips/insolvent/common_voice_en_18142273.opus,insolvent
./data/macroset/en/clips/insolvent/common_voice_en_17253165.opus,insolvent
./data/macroset/en/clips/insolvent/common_voice_en_17256412.opus,insolvent
./data/macroset/en/clips/insolvent/common_voice_en_17265357.opus,insolvent
./data/macroset/en/clips/received/common_voice_en_19499161.opus,received
./data/macroset/en/clips/received/common_voice_en_22089134.opus,received
./data/macroset/en/clips/received/common_voice_en_21681813.opus,received
./data/macroset/en/clips/received/common_voice_en_19946471.opus,received
./data/macroset/en/clips/received/common_voice_en_20190762.opus,received
./data/macroset/en/clips/breast/common_voice_en_20960668.opus,breast
./data/macroset/en/clips/breast/common_voice_en_20649912.opus,breast
./data/macroset/en/clips/breast/common_voice_en_18351979.opus,breast
./data/macroset/en/clips/breast/common_voice_en_18884321.opus,breast
./data/macroset/en/clips/breast/common_voice_en_20266155.opus,breast
./data/macroset/en/clips/humour/common_voice_en_19710544.opus,humour
./data/macroset/en/clips/humour/common_voice_en_19871832.opus,humour
./data/macroset/en/clips/humour/common_voice_en_18729415.opus,humour
./data/macroset/en/clips/humour/common_voice_en_19158319.opus,humour
./data/macroset/en/clips/humour/common_voice_en_20019189.opus,humour
./data/macroset/en/clips/illogical/common_voice_en_635591.opus,illogical
./data/macroset/en/clips/illogical/common_voice_en_147903.opus,illogical
./data/macroset/en/clips/illogical/common_voice_en_199817.opus,illogical
./data/macroset/en/clips/illogical/common_voice_en_586972.opus,illogical
./data/macroset/en/clips/illogical/common_voice_en_74258.opus,illogical
./data/macroset/en/clips/campus/common_voice_en_21451116.opus,campus
./data/macroset/en/clips/campus/common_voice_en_22116548.opus,campus
./data/macroset/en/clips/campus/common_voice_en_19737397.opus,campus
./data/macroset/en/clips/campus/common_voice_en_18871475.opus,campus
./data/macroset/en/clips/campus/common_voice_en_20536435.opus,campus
./data/macroset/en/clips/pastor/common_voice_en_20212840.opus,pastor
./data/macroset/en/clips/pastor/common_voice_en_20018361.opus,pastor
./data/macroset/en/clips/pastor/common_voice_en_19943725.opus,pastor
./data/macroset/en/clips/pastor/common_voice_en_20731215.opus,pastor
./data/macroset/en/clips/pastor/common_voice_en_19792119.opus,pastor
./data/macroset/en/clips/ensued/common_voice_en_20235858.opus,ensued
./data/macroset/en/clips/ensued/common_voice_en_19770389.opus,ensued
./data/macroset/en/clips/ensued/common_voice_en_20234037.opus,ensued
./data/macroset/en/clips/ensued/common_voice_en_19285405.opus,ensued
./data/macroset/en/clips/ensued/common_voice_en_19699874.opus,ensued
./data/macroset/en/clips/claude/common_voice_en_20831540.opus,claude
./data/macroset/en/clips/claude/common_voice_en_20302951.opus,claude
./data/macroset/en/clips/claude/common_voice_en_19575214.opus,claude
./data/macroset/en/clips/claude/common_voice_en_19672091.opus,claude
./data/macroset/en/clips/claude/common_voice_en_19640854.opus,claude
./data/macroset/en/clips/argentine/common_voice_en_21620065.opus,argentine
./data/macroset/en/clips/argentine/common_voice_en_19860714.opus,argentine
./data/macroset/en/clips/argentine/common_voice_en_18972924.opus,argentine
./data/macroset/en/clips/argentine/common_voice_en_19028719.opus,argentine
./data/macroset/en/clips/argentine/common_voice_en_19750530.opus,argentine
./data/macroset/en/clips/watch/common_voice_en_562652.opus,watch
./data/macroset/en/clips/watch/common_voice_en_649086.opus,watch
./data/macroset/en/clips/watch/common_voice_en_621784.opus,watch
./data/macroset/en/clips/watch/common_voice_en_537637.opus,watch
./data/macroset/en/clips/watch/common_voice_en_20386.opus,watch
./data/macroset/en/clips/returns/common_voice_en_19769460.opus,returns
./data/macroset/en/clips/returns/common_voice_en_20728287.opus,returns
./data/macroset/en/clips/returns/common_voice_en_19317343.opus,returns
./data/macroset/en/clips/returns/common_voice_en_21712921.opus,returns
./data/macroset/en/clips/returns/common_voice_en_20048856.opus,returns
./data/macroset/en/clips/undo/common_voice_en_502843.opus,undo
./data/macroset/en/clips/undo/common_voice_en_633714.opus,undo
./data/macroset/en/clips/undo/common_voice_en_691117.opus,undo
./data/macroset/en/clips/undo/common_voice_en_20943378.opus,undo
./data/macroset/en/clips/undo/common_voice_en_663982.opus,undo
./data/macroset/en/clips/motion/common_voice_en_17308047.opus,motion
./data/macroset/en/clips/motion/common_voice_en_20014808.opus,motion
./data/macroset/en/clips/motion/common_voice_en_20736535.opus,motion
./data/macroset/en/clips/motion/common_voice_en_21342129.opus,motion
./data/macroset/en/clips/motion/common_voice_en_21904052.opus,motion
./data/macroset/en/clips/revived/common_voice_en_20241040.opus,revived
./data/macroset/en/clips/revived/common_voice_en_21747635.opus,revived
./data/macroset/en/clips/revived/common_voice_en_21686866.opus,revived
./data/macroset/en/clips/revived/common_voice_en_21453408.opus,revived
./data/macroset/en/clips/revived/common_voice_en_21469153.opus,revived
./data/macroset/en/clips/hawk/common_voice_en_22281301.opus,hawk
./data/macroset/en/clips/hawk/common_voice_en_20162054.opus,hawk
./data/macroset/en/clips/hawk/common_voice_en_18794006.opus,hawk
./data/macroset/en/clips/hawk/common_voice_en_20646855.opus,hawk
./data/macroset/en/clips/hawk/common_voice_en_20186253.opus,hawk
./data/macroset/en/clips/russians/common_voice_en_20146317.opus,russians
./data/macroset/en/clips/russians/common_voice_en_21180588.opus,russians
./data/macroset/en/clips/russians/common_voice_en_21877255.opus,russians
./data/macroset/en/clips/russians/common_voice_en_22239012.opus,russians
./data/macroset/en/clips/russians/common_voice_en_19842089.opus,russians
./data/macroset/en/clips/styled/common_voice_en_18828817.opus,styled
./data/macroset/en/clips/styled/common_voice_en_19843766.opus,styled
./data/macroset/en/clips/styled/common_voice_en_20289066.opus,styled
./data/macroset/en/clips/styled/common_voice_en_20374606.opus,styled
./data/macroset/en/clips/styled/common_voice_en_21338061.opus,styled
./data/macroset/en/clips/tapped/common_voice_en_85825.opus,tapped
./data/macroset/en/clips/tapped/common_voice_en_22324899.opus,tapped
./data/macroset/en/clips/tapped/common_voice_en_546737.opus,tapped
./data/macroset/en/clips/tapped/common_voice_en_570121.opus,tapped
./data/macroset/en/clips/tapped/common_voice_en_676871.opus,tapped
./data/macroset/en/clips/nuremberg/common_voice_en_20511532.opus,nuremberg
./data/macroset/en/clips/nuremberg/common_voice_en_21242074.opus,nuremberg
./data/macroset/en/clips/nuremberg/common_voice_en_8362.opus,nuremberg
./data/macroset/en/clips/nuremberg/common_voice_en_21345631.opus,nuremberg
./data/macroset/en/clips/nuremberg/common_voice_en_626905.opus,nuremberg
./data/macroset/en/clips/drops/common_voice_en_253817.opus,drops
./data/macroset/en/clips/drops/common_voice_en_602998.opus,drops
./data/macroset/en/clips/drops/common_voice_en_19645031.opus,drops
./data/macroset/en/clips/drops/common_voice_en_19763924.opus,drops
./data/macroset/en/clips/drops/common_voice_en_21867872.opus,drops
./data/macroset/en/clips/supper/common_voice_en_622736.opus,supper
./data/macroset/en/clips/supper/common_voice_en_66254.opus,supper
./data/macroset/en/clips/supper/common_voice_en_17286697.opus,supper
./data/macroset/en/clips/supper/common_voice_en_526653.opus,supper
./data/macroset/en/clips/supper/common_voice_en_17317844.opus,supper
./data/macroset/en/clips/vividly/common_voice_en_17378006.opus,vividly
./data/macroset/en/clips/vividly/common_voice_en_18526067.opus,vividly
./data/macroset/en/clips/vividly/common_voice_en_17491661.opus,vividly
./data/macroset/en/clips/vividly/common_voice_en_18561734.opus,vividly
./data/macroset/en/clips/vividly/common_voice_en_17266963.opus,vividly
./data/macroset/en/clips/surrendered/common_voice_en_22360922.opus,surrendered
./data/macroset/en/clips/surrendered/common_voice_en_19748159.opus,surrendered
./data/macroset/en/clips/surrendered/common_voice_en_19724544.opus,surrendered
./data/macroset/en/clips/surrendered/common_voice_en_22084367.opus,surrendered
./data/macroset/en/clips/surrendered/common_voice_en_20263680.opus,surrendered
./data/macroset/en/clips/wheelchairs/common_voice_en_591541.opus,wheelchairs
./data/macroset/en/clips/wheelchairs/common_voice_en_626965.opus,wheelchairs
./data/macroset/en/clips/wheelchairs/common_voice_en_600442.opus,wheelchairs
./data/macroset/en/clips/wheelchairs/common_voice_en_596909.opus,wheelchairs
./data/macroset/en/clips/wheelchairs/common_voice_en_49747.opus,wheelchairs
./data/macroset/en/clips/halls/common_voice_en_22463974.opus,halls
./data/macroset/en/clips/halls/common_voice_en_19476250.opus,halls
./data/macroset/en/clips/halls/common_voice_en_18993471.opus,halls
./data/macroset/en/clips/halls/common_voice_en_19450087.opus,halls
./data/macroset/en/clips/halls/common_voice_en_21692089.opus,halls
./data/macroset/en/clips/lad/common_voice_en_20396849.opus,lad
./data/macroset/en/clips/lad/common_voice_en_18656264.opus,lad
./data/macroset/en/clips/lad/common_voice_en_17442686.opus,lad
./data/macroset/en/clips/lad/common_voice_en_19744439.opus,lad
./data/macroset/en/clips/lad/common_voice_en_6923095.opus,lad
./data/macroset/en/clips/artificial/common_voice_en_20145540.opus,artificial
./data/macroset/en/clips/artificial/common_voice_en_18525930.opus,artificial
./data/macroset/en/clips/artificial/common_voice_en_48903.opus,artificial
./data/macroset/en/clips/artificial/common_voice_en_19507334.opus,artificial
./data/macroset/en/clips/artificial/common_voice_en_218402.opus,artificial
./data/macroset/en/clips/greeks/common_voice_en_19777647.opus,greeks
./data/macroset/en/clips/greeks/common_voice_en_20026054.opus,greeks
./data/macroset/en/clips/greeks/common_voice_en_21827199.opus,greeks
./data/macroset/en/clips/greeks/common_voice_en_19495407.opus,greeks
./data/macroset/en/clips/greeks/common_voice_en_18816138.opus,greeks
./data/macroset/en/clips/criminals/common_voice_en_176840.opus,criminals
./data/macroset/en/clips/criminals/common_voice_en_20089.opus,criminals
./data/macroset/en/clips/criminals/common_voice_en_608556.opus,criminals
./data/macroset/en/clips/criminals/common_voice_en_17364363.opus,criminals
./data/macroset/en/clips/criminals/common_voice_en_81757.opus,criminals
./data/macroset/en/clips/follow/common_voice_en_19749154.opus,follow
./data/macroset/en/clips/follow/common_voice_en_598686.opus,follow
./data/macroset/en/clips/follow/common_voice_en_519648.opus,follow
./data/macroset/en/clips/follow/common_voice_en_215814.opus,follow
./data/macroset/en/clips/follow/common_voice_en_18882577.opus,follow
./data/macroset/en/clips/studied/common_voice_en_19759072.opus,studied
./data/macroset/en/clips/studied/common_voice_en_22144358.opus,studied
./data/macroset/en/clips/studied/common_voice_en_21725509.opus,studied
./data/macroset/en/clips/studied/common_voice_en_21169113.opus,studied
./data/macroset/en/clips/studied/common_voice_en_20060699.opus,studied
./data/macroset/en/clips/eugene/common_voice_en_19493200.opus,eugene
./data/macroset/en/clips/eugene/common_voice_en_19683710__2.opus,eugene
./data/macroset/en/clips/eugene/common_voice_en_20109656.opus,eugene
./data/macroset/en/clips/eugene/common_voice_en_21291749.opus,eugene
./data/macroset/en/clips/eugene/common_voice_en_20919406.opus,eugene
./data/macroset/en/clips/pre/common_voice_en_22001564.opus,pre
./data/macroset/en/clips/pre/common_voice_en_22160591.opus,pre
./data/macroset/en/clips/pre/common_voice_en_21376351.opus,pre
./data/macroset/en/clips/pre/common_voice_en_20883411.opus,pre
./data/macroset/en/clips/pre/common_voice_en_19705000.opus,pre
./data/macroset/en/clips/skylight/common_voice_en_190968.opus,skylight
./data/macroset/en/clips/skylight/common_voice_en_95889.opus,skylight
./data/macroset/en/clips/skylight/common_voice_en_669847.opus,skylight
./data/macroset/en/clips/skylight/common_voice_en_685712.opus,skylight
./data/macroset/en/clips/skylight/common_voice_en_183981.opus,skylight
./data/macroset/en/clips/attacking/common_voice_en_19020755.opus,attacking
./data/macroset/en/clips/attacking/common_voice_en_205752.opus,attacking
./data/macroset/en/clips/attacking/common_voice_en_19821270.opus,attacking
./data/macroset/en/clips/attacking/common_voice_en_161382.opus,attacking
./data/macroset/en/clips/attacking/common_voice_en_19802882.opus,attacking
./data/macroset/en/clips/catalogue/common_voice_en_19953962.opus,catalogue
./data/macroset/en/clips/catalogue/common_voice_en_21499769.opus,catalogue
./data/macroset/en/clips/catalogue/common_voice_en_19866905.opus,catalogue
./data/macroset/en/clips/catalogue/common_voice_en_20519146.opus,catalogue
./data/macroset/en/clips/catalogue/common_voice_en_21455311.opus,catalogue
./data/macroset/en/clips/strip/common_voice_en_20182928.opus,strip
./data/macroset/en/clips/strip/common_voice_en_18071418.opus,strip
./data/macroset/en/clips/strip/common_voice_en_20530447.opus,strip
./data/macroset/en/clips/strip/common_voice_en_22272371.opus,strip
./data/macroset/en/clips/strip/common_voice_en_21283081.opus,strip
./data/macroset/en/clips/thames/common_voice_en_18890676.opus,thames
./data/macroset/en/clips/thames/common_voice_en_21012616.opus,thames
./data/macroset/en/clips/thames/common_voice_en_19484319.opus,thames
./data/macroset/en/clips/thames/common_voice_en_20919870.opus,thames
./data/macroset/en/clips/thames/common_voice_en_22312066.opus,thames
./data/macroset/en/clips/agricultural/common_voice_en_20035097.opus,agricultural
./data/macroset/en/clips/agricultural/common_voice_en_20882878.opus,agricultural
./data/macroset/en/clips/agricultural/common_voice_en_488033.opus,agricultural
./data/macroset/en/clips/agricultural/common_voice_en_20476173.opus,agricultural
./data/macroset/en/clips/agricultural/common_voice_en_19711856.opus,agricultural
./data/macroset/en/clips/yield/common_voice_en_21902395.opus,yield
./data/macroset/en/clips/yield/common_voice_en_19520046__2.opus,yield
./data/macroset/en/clips/yield/common_voice_en_18488354.opus,yield
./data/macroset/en/clips/yield/common_voice_en_50918.opus,yield
./data/macroset/en/clips/yield/common_voice_en_20475061.opus,yield
./data/macroset/en/clips/eleventh/common_voice_en_19497602.opus,eleventh
./data/macroset/en/clips/eleventh/common_voice_en_18717375.opus,eleventh
./data/macroset/en/clips/eleventh/common_voice_en_22243988.opus,eleventh
./data/macroset/en/clips/eleventh/common_voice_en_19601371.opus,eleventh
./data/macroset/en/clips/eleventh/common_voice_en_17715345.opus,eleventh
./data/macroset/en/clips/occurred/common_voice_en_193350.opus,occurred
./data/macroset/en/clips/occurred/common_voice_en_530480.opus,occurred
./data/macroset/en/clips/occurred/common_voice_en_20027695.opus,occurred
./data/macroset/en/clips/occurred/common_voice_en_192981.opus,occurred
./data/macroset/en/clips/occurred/common_voice_en_20144482.opus,occurred
./data/macroset/en/clips/metaphor/common_voice_en_22150272.opus,metaphor
./data/macroset/en/clips/metaphor/common_voice_en_22404838.opus,metaphor
./data/macroset/en/clips/metaphor/common_voice_en_22000556.opus,metaphor
./data/macroset/en/clips/metaphor/common_voice_en_19685668.opus,metaphor
./data/macroset/en/clips/metaphor/common_voice_en_19737858.opus,metaphor
./data/macroset/en/clips/device/common_voice_en_18762812.opus,device
./data/macroset/en/clips/device/common_voice_en_680679.opus,device
./data/macroset/en/clips/device/common_voice_en_201578.opus,device
./data/macroset/en/clips/device/common_voice_en_17703081.opus,device
./data/macroset/en/clips/device/common_voice_en_38124.opus,device
./data/macroset/en/clips/command/common_voice_en_20814796.opus,command
./data/macroset/en/clips/command/common_voice_en_676050.opus,command
./data/macroset/en/clips/command/common_voice_en_18493324.opus,command
./data/macroset/en/clips/command/common_voice_en_17756324.opus,command
./data/macroset/en/clips/command/common_voice_en_18878663.opus,command
./data/macroset/en/clips/whitney/common_voice_en_614129.opus,whitney
./data/macroset/en/clips/whitney/common_voice_en_21937541.opus,whitney
./data/macroset/en/clips/whitney/common_voice_en_21050487.opus,whitney
./data/macroset/en/clips/whitney/common_voice_en_9303.opus,whitney
./data/macroset/en/clips/whitney/common_voice_en_22244446.opus,whitney
./data/macroset/en/clips/trample/common_voice_en_17318979.opus,trample
./data/macroset/en/clips/trample/common_voice_en_17287940.opus,trample
./data/macroset/en/clips/trample/common_voice_en_17776140.opus,trample
./data/macroset/en/clips/trample/common_voice_en_17396720.opus,trample
./data/macroset/en/clips/trample/common_voice_en_17390642.opus,trample
./data/macroset/en/clips/sugar/common_voice_en_17260237.opus,sugar
./data/macroset/en/clips/sugar/common_voice_en_20712827.opus,sugar
./data/macroset/en/clips/sugar/common_voice_en_17920809.opus,sugar
./data/macroset/en/clips/sugar/common_voice_en_22438134.opus,sugar
./data/macroset/en/clips/sugar/common_voice_en_17264891.opus,sugar
./data/macroset/en/clips/irritable/common_voice_en_690042.opus,irritable
./data/macroset/en/clips/irritable/common_voice_en_570847.opus,irritable
./data/macroset/en/clips/irritable/common_voice_en_570419.opus,irritable
./data/macroset/en/clips/irritable/common_voice_en_18591539.opus,irritable
./data/macroset/en/clips/irritable/common_voice_en_602686.opus,irritable
./data/macroset/en/clips/fall/common_voice_en_542543.opus,fall
./data/macroset/en/clips/fall/common_voice_en_18495814.opus,fall
./data/macroset/en/clips/fall/common_voice_en_533868.opus,fall
./data/macroset/en/clips/fall/common_voice_en_18026300.opus,fall
./data/macroset/en/clips/fall/common_voice_en_18917287.opus,fall
./data/macroset/en/clips/lineage/common_voice_en_19639299.opus,lineage
./data/macroset/en/clips/lineage/common_voice_en_21150371.opus,lineage
./data/macroset/en/clips/lineage/common_voice_en_19693712.opus,lineage
./data/macroset/en/clips/lineage/common_voice_en_22238291.opus,lineage
./data/macroset/en/clips/lineage/common_voice_en_20042407.opus,lineage
./data/macroset/en/clips/recreation/common_voice_en_20091207.opus,recreation
./data/macroset/en/clips/recreation/common_voice_en_20798135.opus,recreation
./data/macroset/en/clips/recreation/common_voice_en_20041444.opus,recreation
./data/macroset/en/clips/recreation/common_voice_en_19640511.opus,recreation
./data/macroset/en/clips/recreation/common_voice_en_20956002.opus,recreation
./data/macroset/en/clips/acted/common_voice_en_21962807.opus,acted
./data/macroset/en/clips/acted/common_voice_en_19989900.opus,acted
./data/macroset/en/clips/acted/common_voice_en_19093027.opus,acted
./data/macroset/en/clips/acted/common_voice_en_19605837.opus,acted
./data/macroset/en/clips/acted/common_voice_en_20956973.opus,acted
./data/macroset/en/clips/delivered/common_voice_en_19654262.opus,delivered
./data/macroset/en/clips/delivered/common_voice_en_20247282.opus,delivered
./data/macroset/en/clips/delivered/common_voice_en_526290.opus,delivered
./data/macroset/en/clips/delivered/common_voice_en_18334278.opus,delivered
./data/macroset/en/clips/delivered/common_voice_en_22326138.opus,delivered
./data/macroset/en/clips/shaded/common_voice_en_21143662.opus,shaded
./data/macroset/en/clips/shaded/common_voice_en_685205.opus,shaded
./data/macroset/en/clips/shaded/common_voice_en_527951.opus,shaded
./data/macroset/en/clips/shaded/common_voice_en_188958.opus,shaded
./data/macroset/en/clips/shaded/common_voice_en_14895.opus,shaded
./data/macroset/en/clips/chapters/common_voice_en_21497372.opus,chapters
./data/macroset/en/clips/chapters/common_voice_en_19620671.opus,chapters
./data/macroset/en/clips/chapters/common_voice_en_19667984.opus,chapters
./data/macroset/en/clips/chapters/common_voice_en_20362580.opus,chapters
./data/macroset/en/clips/chapters/common_voice_en_22024859.opus,chapters
./data/macroset/en/clips/teddy/common_voice_en_667130.opus,teddy
./data/macroset/en/clips/teddy/common_voice_en_20471896.opus,teddy
./data/macroset/en/clips/teddy/common_voice_en_350013.opus,teddy
./data/macroset/en/clips/teddy/common_voice_en_690469.opus,teddy
./data/macroset/en/clips/teddy/common_voice_en_521348.opus,teddy
./data/macroset/en/clips/wilmington/common_voice_en_20523408.opus,wilmington
./data/macroset/en/clips/wilmington/common_voice_en_20833939.opus,wilmington
./data/macroset/en/clips/wilmington/common_voice_en_19738068.opus,wilmington
./data/macroset/en/clips/wilmington/common_voice_en_20882220.opus,wilmington
./data/macroset/en/clips/wilmington/common_voice_en_20645438.opus,wilmington
./data/macroset/en/clips/genetic/common_voice_en_21760430.opus,genetic
./data/macroset/en/clips/genetic/common_voice_en_20383364.opus,genetic
./data/macroset/en/clips/genetic/common_voice_en_20301490__2.opus,genetic
./data/macroset/en/clips/genetic/common_voice_en_20596898.opus,genetic
./data/macroset/en/clips/genetic/common_voice_en_22245562.opus,genetic
./data/macroset/en/clips/boxer/common_voice_en_19984998.opus,boxer
./data/macroset/en/clips/boxer/common_voice_en_615043__2.opus,boxer
./data/macroset/en/clips/boxer/common_voice_en_20026361.opus,boxer
./data/macroset/en/clips/boxer/common_voice_en_19957258.opus,boxer
./data/macroset/en/clips/boxer/common_voice_en_21341781.opus,boxer
./data/macroset/en/clips/guilt/common_voice_en_22000609.opus,guilt
./data/macroset/en/clips/guilt/common_voice_en_20263607.opus,guilt
./data/macroset/en/clips/guilt/common_voice_en_19840172.opus,guilt
./data/macroset/en/clips/guilt/common_voice_en_20925988.opus,guilt
./data/macroset/en/clips/guilt/common_voice_en_20020479.opus,guilt
./data/macroset/en/clips/indonesia/common_voice_en_19099958.opus,indonesia
./data/macroset/en/clips/indonesia/common_voice_en_17387111.opus,indonesia
./data/macroset/en/clips/indonesia/common_voice_en_2202788.opus,indonesia
./data/macroset/en/clips/indonesia/common_voice_en_18003618.opus,indonesia
./data/macroset/en/clips/indonesia/common_voice_en_18869857.opus,indonesia
./data/macroset/en/clips/apparent/common_voice_en_18287165.opus,apparent
./data/macroset/en/clips/apparent/common_voice_en_19768380.opus,apparent
./data/macroset/en/clips/apparent/common_voice_en_20916078.opus,apparent
./data/macroset/en/clips/apparent/common_voice_en_213875.opus,apparent
./data/macroset/en/clips/apparent/common_voice_en_60996.opus,apparent
./data/macroset/en/clips/commerce/common_voice_en_20315049.opus,commerce
./data/macroset/en/clips/commerce/common_voice_en_20975211.opus,commerce
./data/macroset/en/clips/commerce/common_voice_en_20763386.opus,commerce
./data/macroset/en/clips/commerce/common_voice_en_20309637.opus,commerce
./data/macroset/en/clips/commerce/common_voice_en_19024705.opus,commerce
./data/macroset/en/clips/infrared/common_voice_en_21916889.opus,infrared
./data/macroset/en/clips/infrared/common_voice_en_45947.opus,infrared
./data/macroset/en/clips/infrared/common_voice_en_22192246.opus,infrared
./data/macroset/en/clips/infrared/common_voice_en_22299260.opus,infrared
./data/macroset/en/clips/infrared/common_voice_en_17758204.opus,infrared
./data/macroset/en/clips/northwestern/common_voice_en_19640945.opus,northwestern
./data/macroset/en/clips/northwestern/common_voice_en_19738781.opus,northwestern
./data/macroset/en/clips/northwestern/common_voice_en_20848215.opus,northwestern
./data/macroset/en/clips/northwestern/common_voice_en_22124279.opus,northwestern
./data/macroset/en/clips/northwestern/common_voice_en_20313363.opus,northwestern
./data/macroset/en/clips/edged/common_voice_en_20702819.opus,edged
./data/macroset/en/clips/edged/common_voice_en_21145913.opus,edged
./data/macroset/en/clips/edged/common_voice_en_22443674.opus,edged
./data/macroset/en/clips/edged/common_voice_en_19230967.opus,edged
./data/macroset/en/clips/edged/common_voice_en_20376382.opus,edged
./data/macroset/en/clips/ramps/common_voice_en_19513206.opus,ramps
./data/macroset/en/clips/ramps/common_voice_en_21063458.opus,ramps
./data/macroset/en/clips/ramps/common_voice_en_19845048.opus,ramps
./data/macroset/en/clips/ramps/common_voice_en_21013822.opus,ramps
./data/macroset/en/clips/ramps/common_voice_en_20008297.opus,ramps
./data/macroset/en/clips/anger/common_voice_en_444294.opus,anger
./data/macroset/en/clips/anger/common_voice_en_672089.opus,anger
./data/macroset/en/clips/anger/common_voice_en_6568599.opus,anger
./data/macroset/en/clips/anger/common_voice_en_92776.opus,anger
./data/macroset/en/clips/anger/common_voice_en_20249833.opus,anger
./data/macroset/en/clips/pineapple/common_voice_en_528494.opus,pineapple
./data/macroset/en/clips/pineapple/common_voice_en_17391431.opus,pineapple
./data/macroset/en/clips/pineapple/common_voice_en_668447.opus,pineapple
./data/macroset/en/clips/pineapple/common_voice_en_37254.opus,pineapple
./data/macroset/en/clips/pineapple/common_voice_en_21208195.opus,pineapple
./data/macroset/en/clips/carolina/common_voice_en_20891258.opus,carolina
./data/macroset/en/clips/carolina/common_voice_en_20897982.opus,carolina
./data/macroset/en/clips/carolina/common_voice_en_19694880.opus,carolina
./data/macroset/en/clips/carolina/common_voice_en_20939217.opus,carolina
./data/macroset/en/clips/carolina/common_voice_en_20183168.opus,carolina
./data/macroset/en/clips/harm/common_voice_en_485397.opus,harm
./data/macroset/en/clips/harm/common_voice_en_94473.opus,harm
./data/macroset/en/clips/harm/common_voice_en_17953133.opus,harm
./data/macroset/en/clips/harm/common_voice_en_20794025.opus,harm
./data/macroset/en/clips/harm/common_voice_en_489468.opus,harm
./data/macroset/en/clips/graduation/common_voice_en_20176390.opus,graduation
./data/macroset/en/clips/graduation/common_voice_en_22287012.opus,graduation
./data/macroset/en/clips/graduation/common_voice_en_21277318.opus,graduation
./data/macroset/en/clips/graduation/common_voice_en_19865015.opus,graduation
./data/macroset/en/clips/graduation/common_voice_en_21250852.opus,graduation
./data/macroset/en/clips/wounded/common_voice_en_19325034.opus,wounded
./data/macroset/en/clips/wounded/common_voice_en_20189347.opus,wounded
./data/macroset/en/clips/wounded/common_voice_en_20248206.opus,wounded
./data/macroset/en/clips/wounded/common_voice_en_19131402.opus,wounded
./data/macroset/en/clips/wounded/common_voice_en_20382276.opus,wounded
./data/macroset/en/clips/growing/common_voice_en_651386.opus,growing
./data/macroset/en/clips/growing/common_voice_en_19736835.opus,growing
./data/macroset/en/clips/growing/common_voice_en_20061340.opus,growing
./data/macroset/en/clips/growing/common_voice_en_20882873.opus,growing
./data/macroset/en/clips/growing/common_voice_en_183612.opus,growing
./data/macroset/en/clips/maurice/common_voice_en_22448726.opus,maurice
./data/macroset/en/clips/maurice/common_voice_en_20926941.opus,maurice
./data/macroset/en/clips/maurice/common_voice_en_20880661.opus,maurice
./data/macroset/en/clips/maurice/common_voice_en_20176993.opus,maurice
./data/macroset/en/clips/maurice/common_voice_en_18889788.opus,maurice
./data/macroset/en/clips/populous/common_voice_en_20587335.opus,populous
./data/macroset/en/clips/populous/common_voice_en_20448520.opus,populous
./data/macroset/en/clips/populous/common_voice_en_21216824.opus,populous
./data/macroset/en/clips/populous/common_voice_en_20367057.opus,populous
./data/macroset/en/clips/populous/common_voice_en_21946337.opus,populous
./data/macroset/en/clips/shoulder/common_voice_en_17776729.opus,shoulder
./data/macroset/en/clips/shoulder/common_voice_en_550928.opus,shoulder
./data/macroset/en/clips/shoulder/common_voice_en_18547399.opus,shoulder
./data/macroset/en/clips/shoulder/common_voice_en_25455.opus,shoulder
./data/macroset/en/clips/shoulder/common_voice_en_18931659.opus,shoulder
./data/macroset/en/clips/ruled/common_voice_en_21481318.opus,ruled
./data/macroset/en/clips/ruled/common_voice_en_18736339.opus,ruled
./data/macroset/en/clips/ruled/common_voice_en_20270709.opus,ruled
./data/macroset/en/clips/ruled/common_voice_en_20484486.opus,ruled
./data/macroset/en/clips/ruled/common_voice_en_20498288.opus,ruled
./data/macroset/en/clips/photographed/common_voice_en_20247302.opus,photographed
./data/macroset/en/clips/photographed/common_voice_en_20301850.opus,photographed
./data/macroset/en/clips/photographed/common_voice_en_20828065.opus,photographed
./data/macroset/en/clips/photographed/common_voice_en_20789357.opus,photographed
./data/macroset/en/clips/photographed/common_voice_en_21777098.opus,photographed
./data/macroset/en/clips/overhead/common_voice_en_19371069.opus,overhead
./data/macroset/en/clips/overhead/common_voice_en_17847064.opus,overhead
./data/macroset/en/clips/overhead/common_voice_en_18573077.opus,overhead
./data/macroset/en/clips/overhead/common_voice_en_19368505.opus,overhead
./data/macroset/en/clips/overhead/common_voice_en_17887349.opus,overhead
./data/macroset/en/clips/foster/common_voice_en_19946406.opus,foster
./data/macroset/en/clips/foster/common_voice_en_19258534.opus,foster
./data/macroset/en/clips/foster/common_voice_en_19583093.opus,foster
./data/macroset/en/clips/foster/common_voice_en_20971130.opus,foster
./data/macroset/en/clips/foster/common_voice_en_19268242.opus,foster
./data/macroset/en/clips/colonial/common_voice_en_22007298.opus,colonial
./data/macroset/en/clips/colonial/common_voice_en_18869207.opus,colonial
./data/macroset/en/clips/colonial/common_voice_en_19739490.opus,colonial
./data/macroset/en/clips/colonial/common_voice_en_22321405.opus,colonial
./data/macroset/en/clips/colonial/common_voice_en_19700730.opus,colonial
./data/macroset/en/clips/indigestion/common_voice_en_480939.opus,indigestion
./data/macroset/en/clips/indigestion/common_voice_en_70908.opus,indigestion
./data/macroset/en/clips/indigestion/common_voice_en_18412551.opus,indigestion
./data/macroset/en/clips/indigestion/common_voice_en_245484.opus,indigestion
./data/macroset/en/clips/indigestion/common_voice_en_58342.opus,indigestion
./data/macroset/en/clips/tunes/common_voice_en_19114949.opus,tunes
./data/macroset/en/clips/tunes/common_voice_en_22445088.opus,tunes
./data/macroset/en/clips/tunes/common_voice_en_18143826.opus,tunes
./data/macroset/en/clips/tunes/common_voice_en_18893874.opus,tunes
./data/macroset/en/clips/tunes/common_voice_en_22443528.opus,tunes
./data/macroset/en/clips/pavilion/common_voice_en_19168733.opus,pavilion
./data/macroset/en/clips/pavilion/common_voice_en_19099969.opus,pavilion
./data/macroset/en/clips/pavilion/common_voice_en_19526854.opus,pavilion
./data/macroset/en/clips/pavilion/common_voice_en_20990038.opus,pavilion
./data/macroset/en/clips/pavilion/common_voice_en_19694116.opus,pavilion
./data/macroset/en/clips/tattoo/common_voice_en_577229.opus,tattoo
./data/macroset/en/clips/tattoo/common_voice_en_20835922.opus,tattoo
./data/macroset/en/clips/tattoo/common_voice_en_486331.opus,tattoo
./data/macroset/en/clips/tattoo/common_voice_en_20562614.opus,tattoo
./data/macroset/en/clips/tattoo/common_voice_en_81430.opus,tattoo
./data/macroset/en/clips/specification/common_voice_en_187898.opus,specification
./data/macroset/en/clips/specification/common_voice_en_514367.opus,specification
./data/macroset/en/clips/specification/common_voice_en_19958858.opus,specification
./data/macroset/en/clips/specification/common_voice_en_493817.opus,specification
./data/macroset/en/clips/specification/common_voice_en_620422.opus,specification
./data/macroset/en/clips/bushes/common_voice_en_663983.opus,bushes
./data/macroset/en/clips/bushes/common_voice_en_522531.opus,bushes
./data/macroset/en/clips/bushes/common_voice_en_507171.opus,bushes
./data/macroset/en/clips/bushes/common_voice_en_204043.opus,bushes
./data/macroset/en/clips/bushes/common_voice_en_510760.opus,bushes
./data/macroset/en/clips/amongst/common_voice_en_21702123.opus,amongst
./data/macroset/en/clips/amongst/common_voice_en_21759697.opus,amongst
./data/macroset/en/clips/amongst/common_voice_en_3818.opus,amongst
./data/macroset/en/clips/amongst/common_voice_en_499844.opus,amongst
./data/macroset/en/clips/amongst/common_voice_en_21943106.opus,amongst
./data/macroset/en/clips/expects/common_voice_en_21319569.opus,expects
./data/macroset/en/clips/expects/common_voice_en_17644061.opus,expects
./data/macroset/en/clips/expects/common_voice_en_17416164.opus,expects
./data/macroset/en/clips/expects/common_voice_en_18144329.opus,expects
./data/macroset/en/clips/expects/common_voice_en_17556280.opus,expects
./data/macroset/en/clips/syrup/common_voice_en_20922008.opus,syrup
./data/macroset/en/clips/syrup/common_voice_en_17429137.opus,syrup
./data/macroset/en/clips/syrup/common_voice_en_557570.opus,syrup
./data/macroset/en/clips/syrup/common_voice_en_17887271.opus,syrup
./data/macroset/en/clips/syrup/common_voice_en_17294794.opus,syrup
./data/macroset/en/clips/esteem/common_voice_en_22398406.opus,esteem
./data/macroset/en/clips/esteem/common_voice_en_18703663.opus,esteem
./data/macroset/en/clips/esteem/common_voice_en_21254240.opus,esteem
./data/macroset/en/clips/esteem/common_voice_en_316916.opus,esteem
./data/macroset/en/clips/esteem/common_voice_en_648246.opus,esteem
./data/macroset/en/clips/swarm/common_voice_en_18167983.opus,swarm
./data/macroset/en/clips/swarm/common_voice_en_213828.opus,swarm
./data/macroset/en/clips/swarm/common_voice_en_18171923.opus,swarm
./data/macroset/en/clips/swarm/common_voice_en_18010563.opus,swarm
./data/macroset/en/clips/swarm/common_voice_en_19029065.opus,swarm
./data/macroset/en/clips/turned/common_voice_en_513949.opus,turned
./data/macroset/en/clips/turned/common_voice_en_197179.opus,turned
./data/macroset/en/clips/turned/common_voice_en_18872849.opus,turned
./data/macroset/en/clips/turned/common_voice_en_18561025.opus,turned
./data/macroset/en/clips/turned/common_voice_en_70976.opus,turned
./data/macroset/en/clips/flaw/common_voice_en_375375.opus,flaw
./data/macroset/en/clips/flaw/common_voice_en_17147664.opus,flaw
./data/macroset/en/clips/flaw/common_voice_en_20956930.opus,flaw
./data/macroset/en/clips/flaw/common_voice_en_18608165.opus,flaw
./data/macroset/en/clips/flaw/common_voice_en_494729.opus,flaw
./data/macroset/en/clips/fruitful/common_voice_en_22470769.opus,fruitful
./data/macroset/en/clips/fruitful/common_voice_en_18508562.opus,fruitful
./data/macroset/en/clips/fruitful/common_voice_en_18877811.opus,fruitful
./data/macroset/en/clips/fruitful/common_voice_en_1858084.opus,fruitful
./data/macroset/en/clips/fruitful/common_voice_en_698798.opus,fruitful
./data/macroset/en/clips/arsenal/common_voice_en_19700605.opus,arsenal
./data/macroset/en/clips/arsenal/common_voice_en_21328821.opus,arsenal
./data/macroset/en/clips/arsenal/common_voice_en_21702684.opus,arsenal
./data/macroset/en/clips/arsenal/common_voice_en_20770427.opus,arsenal
./data/macroset/en/clips/arsenal/common_voice_en_17441252.opus,arsenal
./data/macroset/en/clips/buns/common_voice_en_20091023.opus,buns
./data/macroset/en/clips/buns/common_voice_en_17917106.opus,buns
./data/macroset/en/clips/buns/common_voice_en_17754896.opus,buns
./data/macroset/en/clips/buns/common_voice_en_17314354.opus,buns
./data/macroset/en/clips/buns/common_voice_en_200759.opus,buns
./data/macroset/en/clips/mercenary/common_voice_en_85745.opus,mercenary
./data/macroset/en/clips/mercenary/common_voice_en_20902172.opus,mercenary
./data/macroset/en/clips/mercenary/common_voice_en_568986.opus,mercenary
./data/macroset/en/clips/mercenary/common_voice_en_488872.opus,mercenary
./data/macroset/en/clips/mercenary/common_voice_en_17889322.opus,mercenary
./data/macroset/en/clips/radiogram/common_voice_en_17411314.opus,radiogram
./data/macroset/en/clips/radiogram/common_voice_en_685808.opus,radiogram
./data/macroset/en/clips/radiogram/common_voice_en_17661084.opus,radiogram
./data/macroset/en/clips/radiogram/common_voice_en_77154.opus,radiogram
./data/macroset/en/clips/radiogram/common_voice_en_17325507.opus,radiogram
./data/macroset/en/clips/woven/common_voice_en_18181597.opus,woven
./data/macroset/en/clips/woven/common_voice_en_19889491.opus,woven
./data/macroset/en/clips/woven/common_voice_en_20205383.opus,woven
./data/macroset/en/clips/woven/common_voice_en_18737992.opus,woven
./data/macroset/en/clips/woven/common_voice_en_19449706.opus,woven
./data/macroset/en/clips/soup/common_voice_en_18848589__2.opus,soup
./data/macroset/en/clips/soup/common_voice_en_21073868.opus,soup
./data/macroset/en/clips/soup/common_voice_en_18549781.opus,soup
./data/macroset/en/clips/soup/common_voice_en_589944.opus,soup
./data/macroset/en/clips/soup/common_voice_en_221196.opus,soup
./data/macroset/en/clips/crystal/common_voice_en_620914.opus,crystal
./data/macroset/en/clips/crystal/common_voice_en_640781__2.opus,crystal
./data/macroset/en/clips/crystal/common_voice_en_33284.opus,crystal
./data/macroset/en/clips/crystal/common_voice_en_76691.opus,crystal
./data/macroset/en/clips/crystal/common_voice_en_93415.opus,crystal
./data/macroset/en/clips/stroke/common_voice_en_520907.opus,stroke
./data/macroset/en/clips/stroke/common_voice_en_21741178.opus,stroke
./data/macroset/en/clips/stroke/common_voice_en_203007.opus,stroke
./data/macroset/en/clips/stroke/common_voice_en_620430.opus,stroke
./data/macroset/en/clips/stroke/common_voice_en_635294.opus,stroke
./data/macroset/en/clips/duty/common_voice_en_19476246.opus,duty
./data/macroset/en/clips/duty/common_voice_en_633605.opus,duty
./data/macroset/en/clips/duty/common_voice_en_19028412.opus,duty
./data/macroset/en/clips/duty/common_voice_en_19254157.opus,duty
./data/macroset/en/clips/duty/common_voice_en_673855.opus,duty
./data/macroset/en/clips/lifestyle/common_voice_en_21510992.opus,lifestyle
./data/macroset/en/clips/lifestyle/common_voice_en_558293.opus,lifestyle
./data/macroset/en/clips/lifestyle/common_voice_en_22346575.opus,lifestyle
./data/macroset/en/clips/lifestyle/common_voice_en_18770703.opus,lifestyle
./data/macroset/en/clips/lifestyle/common_voice_en_18405138.opus,lifestyle
./data/macroset/en/clips/legendary/common_voice_en_20387480.opus,legendary
./data/macroset/en/clips/legendary/common_voice_en_21719953.opus,legendary
./data/macroset/en/clips/legendary/common_voice_en_22129294.opus,legendary
./data/macroset/en/clips/legendary/common_voice_en_20934924.opus,legendary
./data/macroset/en/clips/legendary/common_voice_en_18884167.opus,legendary
./data/macroset/en/clips/idol/common_voice_en_18787559.opus,idol
./data/macroset/en/clips/idol/common_voice_en_19002382.opus,idol
./data/macroset/en/clips/idol/common_voice_en_17279748.opus,idol
./data/macroset/en/clips/idol/common_voice_en_20828380.opus,idol
./data/macroset/en/clips/idol/common_voice_en_18119197.opus,idol
./data/macroset/en/clips/stood/common_voice_en_522005.opus,stood
./data/macroset/en/clips/stood/common_voice_en_619330.opus,stood
./data/macroset/en/clips/stood/common_voice_en_21677816.opus,stood
./data/macroset/en/clips/stood/common_voice_en_17277167.opus,stood
./data/macroset/en/clips/stood/common_voice_en_18117164.opus,stood
./data/macroset/en/clips/garfield/common_voice_en_19231780.opus,garfield
./data/macroset/en/clips/garfield/common_voice_en_22115265.opus,garfield
./data/macroset/en/clips/garfield/common_voice_en_22432500.opus,garfield
./data/macroset/en/clips/garfield/common_voice_en_19029065.opus,garfield
./data/macroset/en/clips/garfield/common_voice_en_19799022.opus,garfield
./data/macroset/en/clips/sunk/common_voice_en_18557190.opus,sunk
./data/macroset/en/clips/sunk/common_voice_en_19707372.opus,sunk
./data/macroset/en/clips/sunk/common_voice_en_21229749.opus,sunk
./data/macroset/en/clips/sunk/common_voice_en_20963709.opus,sunk
./data/macroset/en/clips/sunk/common_voice_en_19198906.opus,sunk
./data/macroset/en/clips/insane/common_voice_en_518828.opus,insane
./data/macroset/en/clips/insane/common_voice_en_98358.opus,insane
./data/macroset/en/clips/insane/common_voice_en_21229660.opus,insane
./data/macroset/en/clips/insane/common_voice_en_644037.opus,insane
./data/macroset/en/clips/insane/common_voice_en_78184.opus,insane
./data/macroset/en/clips/quiet/common_voice_en_75158.opus,quiet
./data/macroset/en/clips/quiet/common_voice_en_555971.opus,quiet
./data/macroset/en/clips/quiet/common_voice_en_21636253.opus,quiet
./data/macroset/en/clips/quiet/common_voice_en_550020.opus,quiet
./data/macroset/en/clips/quiet/common_voice_en_667241.opus,quiet
./data/macroset/en/clips/cookies/common_voice_en_21680110.opus,cookies
./data/macroset/en/clips/cookies/common_voice_en_215464.opus,cookies
./data/macroset/en/clips/cookies/common_voice_en_18434485.opus,cookies
./data/macroset/en/clips/cookies/common_voice_en_20011218.opus,cookies
./data/macroset/en/clips/cookies/common_voice_en_20391820.opus,cookies
./data/macroset/en/clips/definitely/common_voice_en_81758.opus,definitely
./data/macroset/en/clips/definitely/common_voice_en_18673697.opus,definitely
./data/macroset/en/clips/definitely/common_voice_en_18287217.opus,definitely
./data/macroset/en/clips/definitely/common_voice_en_21592710.opus,definitely
./data/macroset/en/clips/definitely/common_voice_en_58086.opus,definitely
./data/macroset/en/clips/killed/common_voice_en_21334366.opus,killed
./data/macroset/en/clips/killed/common_voice_en_21796334.opus,killed
./data/macroset/en/clips/killed/common_voice_en_19764574.opus,killed
./data/macroset/en/clips/killed/common_voice_en_20875781.opus,killed
./data/macroset/en/clips/killed/common_voice_en_20304417.opus,killed
./data/macroset/en/clips/commission/common_voice_en_19212726.opus,commission
./data/macroset/en/clips/commission/common_voice_en_19978729.opus,commission
./data/macroset/en/clips/commission/common_voice_en_20315968.opus,commission
./data/macroset/en/clips/commission/common_voice_en_20136129.opus,commission
./data/macroset/en/clips/commission/common_voice_en_19466459.opus,commission
./data/macroset/en/clips/knives/common_voice_en_20141500.opus,knives
./data/macroset/en/clips/knives/common_voice_en_20117875.opus,knives
./data/macroset/en/clips/knives/common_voice_en_20585344.opus,knives
./data/macroset/en/clips/knives/common_voice_en_20297912.opus,knives
./data/macroset/en/clips/knives/common_voice_en_19827533.opus,knives
./data/macroset/en/clips/blown/common_voice_en_211070.opus,blown
./data/macroset/en/clips/blown/common_voice_en_602703.opus,blown
./data/macroset/en/clips/blown/common_voice_en_207150.opus,blown
./data/macroset/en/clips/blown/common_voice_en_653641.opus,blown
./data/macroset/en/clips/blown/common_voice_en_18917009.opus,blown
./data/macroset/en/clips/commits/common_voice_en_18157173.opus,commits
./data/macroset/en/clips/commits/common_voice_en_603940.opus,commits
./data/macroset/en/clips/commits/common_voice_en_18997744.opus,commits
./data/macroset/en/clips/commits/common_voice_en_18109106.opus,commits
./data/macroset/en/clips/commits/common_voice_en_450688.opus,commits
./data/macroset/en/clips/givers/common_voice_en_4404468.opus,givers
./data/macroset/en/clips/givers/common_voice_en_18115112.opus,givers
./data/macroset/en/clips/givers/common_voice_en_17927997.opus,givers
./data/macroset/en/clips/givers/common_voice_en_543486.opus,givers
./data/macroset/en/clips/givers/common_voice_en_22008843.opus,givers
./data/macroset/en/clips/jason/common_voice_en_17874620.opus,jason
./data/macroset/en/clips/jason/common_voice_en_19819872.opus,jason
./data/macroset/en/clips/jason/common_voice_en_21646291.opus,jason
./data/macroset/en/clips/jason/common_voice_en_17272135.opus,jason
./data/macroset/en/clips/jason/common_voice_en_18729822.opus,jason
./data/macroset/en/clips/petroleum/common_voice_en_18699249.opus,petroleum
./data/macroset/en/clips/petroleum/common_voice_en_20358659.opus,petroleum
./data/macroset/en/clips/petroleum/common_voice_en_19540784.opus,petroleum
./data/macroset/en/clips/petroleum/common_voice_en_19387075.opus,petroleum
./data/macroset/en/clips/petroleum/common_voice_en_21025421.opus,petroleum
./data/macroset/en/clips/declared/common_voice_en_159841.opus,declared
./data/macroset/en/clips/declared/common_voice_en_53104.opus,declared
./data/macroset/en/clips/declared/common_voice_en_19943737.opus,declared
./data/macroset/en/clips/declared/common_voice_en_20718348.opus,declared
./data/macroset/en/clips/declared/common_voice_en_20600297.opus,declared
./data/macroset/en/clips/discretion/common_voice_en_18520660.opus,discretion
./data/macroset/en/clips/discretion/common_voice_en_17932163.opus,discretion
./data/macroset/en/clips/discretion/common_voice_en_18752166.opus,discretion
./data/macroset/en/clips/discretion/common_voice_en_17484553.opus,discretion
./data/macroset/en/clips/discretion/common_voice_en_20966452.opus,discretion
./data/macroset/en/clips/shines/common_voice_en_18436190.opus,shines
./data/macroset/en/clips/shines/common_voice_en_203794.opus,shines
./data/macroset/en/clips/shines/common_voice_en_178983.opus,shines
./data/macroset/en/clips/shines/common_voice_en_17840857.opus,shines
./data/macroset/en/clips/shines/common_voice_en_18132589.opus,shines
./data/macroset/en/clips/conflict/common_voice_en_19483656.opus,conflict
./data/macroset/en/clips/conflict/common_voice_en_19036297.opus,conflict
./data/macroset/en/clips/conflict/common_voice_en_20827620.opus,conflict
./data/macroset/en/clips/conflict/common_voice_en_20259478.opus,conflict
./data/macroset/en/clips/conflict/common_voice_en_22212824.opus,conflict
./data/macroset/en/clips/sixty/common_voice_en_18298674.opus,sixty
./data/macroset/en/clips/sixty/common_voice_en_91403__2.opus,sixty
./data/macroset/en/clips/sixty/common_voice_en_74407.opus,sixty
./data/macroset/en/clips/sixty/common_voice_en_9376107.opus,sixty
./data/macroset/en/clips/sixty/common_voice_en_633940.opus,sixty
./data/macroset/en/clips/cruise/common_voice_en_390330.opus,cruise
./data/macroset/en/clips/cruise/common_voice_en_18136144.opus,cruise
./data/macroset/en/clips/cruise/common_voice_en_19165753.opus,cruise
./data/macroset/en/clips/cruise/common_voice_en_21850150.opus,cruise
./data/macroset/en/clips/cruise/common_voice_en_562709.opus,cruise
./data/macroset/en/clips/subliminal/common_voice_en_17776980.opus,subliminal
./data/macroset/en/clips/subliminal/common_voice_en_17297144.opus,subliminal
./data/macroset/en/clips/subliminal/common_voice_en_19268298.opus,subliminal
./data/macroset/en/clips/subliminal/common_voice_en_18119195.opus,subliminal
./data/macroset/en/clips/subliminal/common_voice_en_647415.opus,subliminal
./data/macroset/en/clips/headaches/common_voice_en_17275556.opus,headaches
./data/macroset/en/clips/headaches/common_voice_en_17267528.opus,headaches
./data/macroset/en/clips/headaches/common_voice_en_17982364.opus,headaches
./data/macroset/en/clips/headaches/common_voice_en_17392103.opus,headaches
./data/macroset/en/clips/headaches/common_voice_en_21411226.opus,headaches
./data/macroset/en/clips/immerse/common_voice_en_630166.opus,immerse
./data/macroset/en/clips/immerse/common_voice_en_684111.opus,immerse
./data/macroset/en/clips/immerse/common_voice_en_671379.opus,immerse
./data/macroset/en/clips/immerse/common_voice_en_44582.opus,immerse
./data/macroset/en/clips/immerse/common_voice_en_666549.opus,immerse
./data/macroset/en/clips/prix/common_voice_en_20227576.opus,prix
./data/macroset/en/clips/prix/common_voice_en_19604006.opus,prix
./data/macroset/en/clips/prix/common_voice_en_22354382.opus,prix
./data/macroset/en/clips/prix/common_voice_en_20436676.opus,prix
./data/macroset/en/clips/prix/common_voice_en_19150039.opus,prix
./data/macroset/en/clips/march/common_voice_en_19724026.opus,march
./data/macroset/en/clips/march/common_voice_en_20232942.opus,march
./data/macroset/en/clips/march/common_voice_en_19848278.opus,march
./data/macroset/en/clips/march/common_voice_en_21128140.opus,march
./data/macroset/en/clips/march/common_voice_en_491279.opus,march
./data/macroset/en/clips/quartz/common_voice_en_21081603.opus,quartz
./data/macroset/en/clips/quartz/common_voice_en_1857929.opus,quartz
./data/macroset/en/clips/quartz/common_voice_en_21371966.opus,quartz
./data/macroset/en/clips/quartz/common_voice_en_19979461.opus,quartz
./data/macroset/en/clips/quartz/common_voice_en_18907847.opus,quartz
./data/macroset/en/clips/jet/common_voice_en_17271660.opus,jet
./data/macroset/en/clips/jet/common_voice_en_20327990.opus,jet
./data/macroset/en/clips/jet/common_voice_en_21827463.opus,jet
./data/macroset/en/clips/jet/common_voice_en_19854849.opus,jet
./data/macroset/en/clips/jet/common_voice_en_19075822.opus,jet
./data/macroset/en/clips/disappointment/common_voice_en_19649783.opus,disappointment
./data/macroset/en/clips/disappointment/common_voice_en_19808950.opus,disappointment
./data/macroset/en/clips/disappointment/common_voice_en_18589081.opus,disappointment
./data/macroset/en/clips/disappointment/common_voice_en_20305281.opus,disappointment
./data/macroset/en/clips/disappointment/common_voice_en_20989038.opus,disappointment
./data/macroset/en/clips/rhymes/common_voice_en_17275726.opus,rhymes
./data/macroset/en/clips/rhymes/common_voice_en_17252953.opus,rhymes
./data/macroset/en/clips/rhymes/common_voice_en_17363003.opus,rhymes
./data/macroset/en/clips/rhymes/common_voice_en_20951262.opus,rhymes
./data/macroset/en/clips/rhymes/common_voice_en_17256089.opus,rhymes
./data/macroset/en/clips/tiffany/common_voice_en_16047688.opus,tiffany
./data/macroset/en/clips/tiffany/common_voice_en_19061900.opus,tiffany
./data/macroset/en/clips/tiffany/common_voice_en_596174.opus,tiffany
./data/macroset/en/clips/tiffany/common_voice_en_36350.opus,tiffany
./data/macroset/en/clips/tiffany/common_voice_en_18125933.opus,tiffany
./data/macroset/en/clips/informative/common_voice_en_628229.opus,informative
./data/macroset/en/clips/informative/common_voice_en_19970872.opus,informative
./data/macroset/en/clips/informative/common_voice_en_478887.opus,informative
./data/macroset/en/clips/informative/common_voice_en_22302210.opus,informative
./data/macroset/en/clips/informative/common_voice_en_685909.opus,informative
./data/macroset/en/clips/ted/common_voice_en_20429696.opus,ted
./data/macroset/en/clips/ted/common_voice_en_20933697.opus,ted
./data/macroset/en/clips/ted/common_voice_en_19676940.opus,ted
./data/macroset/en/clips/ted/common_voice_en_19718027.opus,ted
./data/macroset/en/clips/ted/common_voice_en_20673559.opus,ted
./data/macroset/en/clips/washing/common_voice_en_17757007.opus,washing
./data/macroset/en/clips/washing/common_voice_en_18314502.opus,washing
./data/macroset/en/clips/washing/common_voice_en_47996.opus,washing
./data/macroset/en/clips/washing/common_voice_en_51639.opus,washing
./data/macroset/en/clips/washing/common_voice_en_18576985.opus,washing
./data/macroset/en/clips/newsworthy/common_voice_en_17371687.opus,newsworthy
./data/macroset/en/clips/newsworthy/common_voice_en_73506.opus,newsworthy
./data/macroset/en/clips/newsworthy/common_voice_en_17807527.opus,newsworthy
./data/macroset/en/clips/newsworthy/common_voice_en_17917177.opus,newsworthy
./data/macroset/en/clips/newsworthy/common_voice_en_18052189.opus,newsworthy
./data/macroset/en/clips/frightened/common_voice_en_43870.opus,frightened
./data/macroset/en/clips/frightened/common_voice_en_554733.opus,frightened
./data/macroset/en/clips/frightened/common_voice_en_18562473.opus,frightened
./data/macroset/en/clips/frightened/common_voice_en_686774.opus,frightened
./data/macroset/en/clips/frightened/common_voice_en_536707.opus,frightened
./data/macroset/en/clips/mistakes/common_voice_en_597328.opus,mistakes
./data/macroset/en/clips/mistakes/common_voice_en_497830.opus,mistakes
./data/macroset/en/clips/mistakes/common_voice_en_630610.opus,mistakes
./data/macroset/en/clips/mistakes/common_voice_en_212349.opus,mistakes
./data/macroset/en/clips/mistakes/common_voice_en_289727.opus,mistakes
./data/macroset/en/clips/regular/common_voice_en_18662407.opus,regular
./data/macroset/en/clips/regular/common_voice_en_18767592.opus,regular
./data/macroset/en/clips/regular/common_voice_en_547538.opus,regular
./data/macroset/en/clips/regular/common_voice_en_18901881.opus,regular
./data/macroset/en/clips/regular/common_voice_en_18522296.opus,regular
./data/macroset/en/clips/nutrition/common_voice_en_18247056.opus,nutrition
./data/macroset/en/clips/nutrition/common_voice_en_612952.opus,nutrition
./data/macroset/en/clips/nutrition/common_voice_en_17451819.opus,nutrition
./data/macroset/en/clips/nutrition/common_voice_en_534113.opus,nutrition
./data/macroset/en/clips/nutrition/common_voice_en_21386571.opus,nutrition
./data/macroset/en/clips/retrospect/common_voice_en_612888.opus,retrospect
./data/macroset/en/clips/retrospect/common_voice_en_616479.opus,retrospect
./data/macroset/en/clips/retrospect/common_voice_en_8635963.opus,retrospect
./data/macroset/en/clips/retrospect/common_voice_en_17275005.opus,retrospect
./data/macroset/en/clips/retrospect/common_voice_en_93053.opus,retrospect
./data/macroset/en/clips/requests/common_voice_en_629544.opus,requests
./data/macroset/en/clips/requests/common_voice_en_20783982.opus,requests
./data/macroset/en/clips/requests/common_voice_en_219974.opus,requests
./data/macroset/en/clips/requests/common_voice_en_17844084.opus,requests
./data/macroset/en/clips/requests/common_voice_en_20582372.opus,requests
./data/macroset/en/clips/spouse/common_voice_en_17965185.opus,spouse
./data/macroset/en/clips/spouse/common_voice_en_22332333.opus,spouse
./data/macroset/en/clips/spouse/common_voice_en_18816711.opus,spouse
./data/macroset/en/clips/spouse/common_voice_en_19607204.opus,spouse
./data/macroset/en/clips/spouse/common_voice_en_17880669.opus,spouse
./data/macroset/en/clips/newfoundland/common_voice_en_20982568.opus,newfoundland
./data/macroset/en/clips/newfoundland/common_voice_en_21681155.opus,newfoundland
./data/macroset/en/clips/newfoundland/common_voice_en_21340509.opus,newfoundland
./data/macroset/en/clips/newfoundland/common_voice_en_18733996.opus,newfoundland
./data/macroset/en/clips/newfoundland/common_voice_en_19719680.opus,newfoundland
./data/macroset/en/clips/methodist/common_voice_en_19468371.opus,methodist
./data/macroset/en/clips/methodist/common_voice_en_22328339.opus,methodist
./data/macroset/en/clips/methodist/common_voice_en_20963701.opus,methodist
./data/macroset/en/clips/methodist/common_voice_en_22263432.opus,methodist
./data/macroset/en/clips/methodist/common_voice_en_21876315.opus,methodist
./data/macroset/en/clips/rival/common_voice_en_18817747.opus,rival
./data/macroset/en/clips/rival/common_voice_en_20869574.opus,rival
./data/macroset/en/clips/rival/common_voice_en_609467.opus,rival
./data/macroset/en/clips/rival/common_voice_en_22324802.opus,rival
./data/macroset/en/clips/rival/common_voice_en_19759598.opus,rival
./data/macroset/en/clips/agenda/common_voice_en_20403877.opus,agenda
./data/macroset/en/clips/agenda/common_voice_en_20024085.opus,agenda
./data/macroset/en/clips/agenda/common_voice_en_21884508.opus,agenda
./data/macroset/en/clips/agenda/common_voice_en_19636445.opus,agenda
./data/macroset/en/clips/agenda/common_voice_en_19467962.opus,agenda
./data/macroset/en/clips/sprained/common_voice_en_697300.opus,sprained
./data/macroset/en/clips/sprained/common_voice_en_624929.opus,sprained
./data/macroset/en/clips/sprained/common_voice_en_687826.opus,sprained
./data/macroset/en/clips/sprained/common_voice_en_621331.opus,sprained
./data/macroset/en/clips/sprained/common_voice_en_690523.opus,sprained
./data/macroset/en/clips/allergic/common_voice_en_19710919.opus,allergic
./data/macroset/en/clips/allergic/common_voice_en_17940374.opus,allergic
./data/macroset/en/clips/allergic/common_voice_en_78532.opus,allergic
./data/macroset/en/clips/allergic/common_voice_en_17877610.opus,allergic
./data/macroset/en/clips/allergic/common_voice_en_18266113.opus,allergic
./data/macroset/en/clips/pattern/common_voice_en_638692.opus,pattern
./data/macroset/en/clips/pattern/common_voice_en_495445.opus,pattern
./data/macroset/en/clips/pattern/common_voice_en_18003557.opus,pattern
./data/macroset/en/clips/pattern/common_voice_en_20200547.opus,pattern
./data/macroset/en/clips/pattern/common_voice_en_592051.opus,pattern
./data/macroset/en/clips/unhealthy/common_voice_en_480457.opus,unhealthy
./data/macroset/en/clips/unhealthy/common_voice_en_52410.opus,unhealthy
./data/macroset/en/clips/unhealthy/common_voice_en_637106.opus,unhealthy
./data/macroset/en/clips/unhealthy/common_voice_en_146936.opus,unhealthy
./data/macroset/en/clips/unhealthy/common_voice_en_182929.opus,unhealthy
./data/macroset/en/clips/difficulty/common_voice_en_21967348.opus,difficulty
./data/macroset/en/clips/difficulty/common_voice_en_19206549.opus,difficulty
./data/macroset/en/clips/difficulty/common_voice_en_21371091.opus,difficulty
./data/macroset/en/clips/difficulty/common_voice_en_19029194.opus,difficulty
./data/macroset/en/clips/difficulty/common_voice_en_19561492.opus,difficulty
./data/macroset/en/clips/linear/common_voice_en_19206565.opus,linear
./data/macroset/en/clips/linear/common_voice_en_22010443.opus,linear
./data/macroset/en/clips/linear/common_voice_en_21508468.opus,linear
./data/macroset/en/clips/linear/common_voice_en_22419079.opus,linear
./data/macroset/en/clips/linear/common_voice_en_21100056.opus,linear
./data/macroset/en/clips/speak/common_voice_en_18423037.opus,speak
./data/macroset/en/clips/speak/common_voice_en_17849049.opus,speak
./data/macroset/en/clips/speak/common_voice_en_18330337.opus,speak
./data/macroset/en/clips/speak/common_voice_en_20857896.opus,speak
./data/macroset/en/clips/speak/common_voice_en_698149.opus,speak
./data/macroset/en/clips/thirteen/common_voice_en_20455744.opus,thirteen
./data/macroset/en/clips/thirteen/common_voice_en_562258.opus,thirteen
./data/macroset/en/clips/thirteen/common_voice_en_17717578.opus,thirteen
./data/macroset/en/clips/thirteen/common_voice_en_544199.opus,thirteen
./data/macroset/en/clips/thirteen/common_voice_en_22071685.opus,thirteen
./data/macroset/en/clips/suggest/common_voice_en_19769356.opus,suggest
./data/macroset/en/clips/suggest/common_voice_en_19708951.opus,suggest
./data/macroset/en/clips/suggest/common_voice_en_21672047.opus,suggest
./data/macroset/en/clips/suggest/common_voice_en_52397.opus,suggest
./data/macroset/en/clips/suggest/common_voice_en_19874906.opus,suggest
./data/macroset/en/clips/typefaces/common_voice_en_18137157.opus,typefaces
./data/macroset/en/clips/typefaces/common_voice_en_19665927.opus,typefaces
./data/macroset/en/clips/typefaces/common_voice_en_17343403.opus,typefaces
./data/macroset/en/clips/typefaces/common_voice_en_18160881.opus,typefaces
./data/macroset/en/clips/typefaces/common_voice_en_17587525.opus,typefaces
./data/macroset/en/clips/principle/common_voice_en_565719.opus,principle
./data/macroset/en/clips/principle/common_voice_en_19770003.opus,principle
./data/macroset/en/clips/principle/common_voice_en_20323633.opus,principle
./data/macroset/en/clips/principle/common_voice_en_687166.opus,principle
./data/macroset/en/clips/principle/common_voice_en_21710345.opus,principle
./data/macroset/en/clips/his/common_voice_en_676277.opus,his
./data/macroset/en/clips/his/common_voice_en_20092222.opus,his
./data/macroset/en/clips/his/common_voice_en_26321.opus,his
./data/macroset/en/clips/his/common_voice_en_21499168.opus,his
./data/macroset/en/clips/his/common_voice_en_72371.opus,his
./data/macroset/en/clips/rarely/common_voice_en_75092.opus,rarely
./data/macroset/en/clips/rarely/common_voice_en_19326785.opus,rarely
./data/macroset/en/clips/rarely/common_voice_en_20019586.opus,rarely
./data/macroset/en/clips/rarely/common_voice_en_19010972.opus,rarely
./data/macroset/en/clips/rarely/common_voice_en_19694405.opus,rarely
./data/macroset/en/clips/dope/common_voice_en_74284.opus,dope
./data/macroset/en/clips/dope/common_voice_en_614756.opus,dope
./data/macroset/en/clips/dope/common_voice_en_61898.opus,dope
./data/macroset/en/clips/dope/common_voice_en_78407.opus,dope
./data/macroset/en/clips/dope/common_voice_en_622495.opus,dope
