link,word
./data/macroset/en/clips/made/common_voice_en_18277369.opus,made
./data/macroset/en/clips/made/common_voice_en_21926150.opus,made
./data/macroset/en/clips/made/common_voice_en_317166.opus,made
./data/macroset/en/clips/made/common_voice_en_19778.opus,made
./data/macroset/en/clips/made/common_voice_en_19070168.opus,made
./data/macroset/en/clips/antonio/common_voice_en_21370811.opus,antonio
./data/macroset/en/clips/antonio/common_voice_en_21593655.opus,antonio
./data/macroset/en/clips/antonio/common_voice_en_20730871.opus,antonio
./data/macroset/en/clips/antonio/common_voice_en_22288419.opus,antonio
./data/macroset/en/clips/antonio/common_voice_en_19674288.opus,antonio
./data/macroset/en/clips/observe/common_voice_en_18687.opus,observe
./data/macroset/en/clips/observe/common_voice_en_18496091.opus,observe
./data/macroset/en/clips/observe/common_voice_en_692784.opus,observe
./data/macroset/en/clips/observe/common_voice_en_509955.opus,observe
./data/macroset/en/clips/observe/common_voice_en_57249.opus,observe
./data/macroset/en/clips/conquer/common_voice_en_432878.opus,conquer
./data/macroset/en/clips/conquer/common_voice_en_507502.opus,conquer
./data/macroset/en/clips/conquer/common_voice_en_20155.opus,conquer
./data/macroset/en/clips/conquer/common_voice_en_675222.opus,conquer
./data/macroset/en/clips/conquer/common_voice_en_19898191.opus,conquer
./data/macroset/en/clips/miracles/common_voice_en_26075.opus,miracles
./data/macroset/en/clips/miracles/common_voice_en_587550.opus,miracles
./data/macroset/en/clips/miracles/common_voice_en_513626.opus,miracles
./data/macroset/en/clips/miracles/common_voice_en_48716.opus,miracles
./data/macroset/en/clips/miracles/common_voice_en_478956.opus,miracles
./data/macroset/en/clips/liam/common_voice_en_481263.opus,liam
./data/macroset/en/clips/liam/common_voice_en_19572322.opus,liam
./data/macroset/en/clips/liam/common_voice_en_21799740.opus,liam
./data/macroset/en/clips/liam/common_voice_en_18762383.opus,liam
./data/macroset/en/clips/liam/common_voice_en_317786.opus,liam
./data/macroset/en/clips/collapse/common_voice_en_20926393.opus,collapse
./data/macroset/en/clips/collapse/common_voice_en_512276.opus,collapse
./data/macroset/en/clips/collapse/common_voice_en_22168074.opus,collapse
./data/macroset/en/clips/collapse/common_voice_en_534506.opus,collapse
./data/macroset/en/clips/collapse/common_voice_en_18987056.opus,collapse
./data/macroset/en/clips/far/common_voice_en_17291727.opus,far
./data/macroset/en/clips/far/common_voice_en_19837727.opus,far
./data/macroset/en/clips/far/common_voice_en_89479.opus,far
./data/macroset/en/clips/far/common_voice_en_83634.opus,far
./data/macroset/en/clips/far/common_voice_en_479081.opus,far
./data/macroset/en/clips/identify/common_voice_en_18460566.opus,identify
./data/macroset/en/clips/identify/common_voice_en_19557709.opus,identify
./data/macroset/en/clips/identify/common_voice_en_22061447.opus,identify
./data/macroset/en/clips/identify/common_voice_en_18739963.opus,identify
./data/macroset/en/clips/identify/common_voice_en_648724.opus,identify
./data/macroset/en/clips/silk/common_voice_en_1530230.opus,silk
./data/macroset/en/clips/silk/common_voice_en_529174.opus,silk
./data/macroset/en/clips/silk/common_voice_en_610148.opus,silk
./data/macroset/en/clips/silk/common_voice_en_32419.opus,silk
./data/macroset/en/clips/silk/common_voice_en_583685.opus,silk
./data/macroset/en/clips/stadium/common_voice_en_19819240.opus,stadium
./data/macroset/en/clips/stadium/common_voice_en_22326021.opus,stadium
./data/macroset/en/clips/stadium/common_voice_en_20913415.opus,stadium
./data/macroset/en/clips/stadium/common_voice_en_20670717.opus,stadium
./data/macroset/en/clips/stadium/common_voice_en_20007538.opus,stadium
./data/macroset/en/clips/baseman/common_voice_en_70061.opus,baseman
./data/macroset/en/clips/baseman/common_voice_en_20179728.opus,baseman
./data/macroset/en/clips/baseman/common_voice_en_602040.opus,baseman
./data/macroset/en/clips/baseman/common_voice_en_488689.opus,baseman
./data/macroset/en/clips/baseman/common_voice_en_19676417.opus,baseman
./data/macroset/en/clips/bread/common_voice_en_19320315.opus,bread
./data/macroset/en/clips/bread/common_voice_en_374387.opus,bread
./data/macroset/en/clips/bread/common_voice_en_77326.opus,bread
./data/macroset/en/clips/bread/common_voice_en_17376312.opus,bread
./data/macroset/en/clips/bread/common_voice_en_20586862.opus,bread
./data/macroset/en/clips/called/common_voice_en_20754696.opus,called
./data/macroset/en/clips/called/common_voice_en_70183.opus,called
./data/macroset/en/clips/called/common_voice_en_20046704.opus,called
./data/macroset/en/clips/called/common_voice_en_20791499.opus,called
./data/macroset/en/clips/called/common_voice_en_580868.opus,called
./data/macroset/en/clips/neither/common_voice_en_20186227.opus,neither
./data/macroset/en/clips/neither/common_voice_en_20882184.opus,neither
./data/macroset/en/clips/neither/common_voice_en_18349209.opus,neither
./data/macroset/en/clips/neither/common_voice_en_20891144.opus,neither
./data/macroset/en/clips/neither/common_voice_en_182385.opus,neither
./data/macroset/en/clips/prayer/common_voice_en_551668.opus,prayer
./data/macroset/en/clips/prayer/common_voice_en_20315722.opus,prayer
./data/macroset/en/clips/prayer/common_voice_en_660246.opus,prayer
./data/macroset/en/clips/prayer/common_voice_en_37854.opus,prayer
./data/macroset/en/clips/prayer/common_voice_en_646630.opus,prayer
./data/macroset/en/clips/swiss/common_voice_en_20956611.opus,swiss
./data/macroset/en/clips/swiss/common_voice_en_20595488.opus,swiss
./data/macroset/en/clips/swiss/common_voice_en_20687564.opus,swiss
./data/macroset/en/clips/swiss/common_voice_en_19755549.opus,swiss
./data/macroset/en/clips/swiss/common_voice_en_21737978.opus,swiss
./data/macroset/en/clips/thunder/common_voice_en_17844728.opus,thunder
./data/macroset/en/clips/thunder/common_voice_en_17411101.opus,thunder
./data/macroset/en/clips/thunder/common_voice_en_21563937.opus,thunder
./data/macroset/en/clips/thunder/common_voice_en_17551293.opus,thunder
./data/macroset/en/clips/thunder/common_voice_en_19847077.opus,thunder
./data/macroset/en/clips/standard/common_voice_en_20651312.opus,standard
./data/macroset/en/clips/standard/common_voice_en_22398201.opus,standard
./data/macroset/en/clips/standard/common_voice_en_20797947.opus,standard
./data/macroset/en/clips/standard/common_voice_en_22324563.opus,standard
./data/macroset/en/clips/standard/common_voice_en_19953346.opus,standard
./data/macroset/en/clips/cord/common_voice_en_22178533.opus,cord
./data/macroset/en/clips/cord/common_voice_en_19305445.opus,cord
./data/macroset/en/clips/cord/common_voice_en_21485054.opus,cord
./data/macroset/en/clips/cord/common_voice_en_17888064.opus,cord
./data/macroset/en/clips/cord/common_voice_en_17926527.opus,cord
./data/macroset/en/clips/epoch/common_voice_en_63691.opus,epoch
./data/macroset/en/clips/epoch/common_voice_en_17756312.opus,epoch
./data/macroset/en/clips/epoch/common_voice_en_18042782.opus,epoch
./data/macroset/en/clips/epoch/common_voice_en_18125593.opus,epoch
./data/macroset/en/clips/epoch/common_voice_en_17821969.opus,epoch
./data/macroset/en/clips/fall/common_voice_en_20891370.opus,fall
./data/macroset/en/clips/fall/common_voice_en_19870839.opus,fall
./data/macroset/en/clips/fall/common_voice_en_541902.opus,fall
./data/macroset/en/clips/fall/common_voice_en_51996.opus,fall
./data/macroset/en/clips/fall/common_voice_en_18120694.opus,fall
./data/macroset/en/clips/warns/common_voice_en_20843572.opus,warns
./data/macroset/en/clips/warns/common_voice_en_78177.opus,warns
./data/macroset/en/clips/warns/common_voice_en_33537.opus,warns
./data/macroset/en/clips/warns/common_voice_en_576465.opus,warns
./data/macroset/en/clips/warns/common_voice_en_650168.opus,warns
./data/macroset/en/clips/wit/common_voice_en_19592621.opus,wit
./data/macroset/en/clips/wit/common_voice_en_18016404.opus,wit
./data/macroset/en/clips/wit/common_voice_en_553844.opus,wit
./data/macroset/en/clips/wit/common_voice_en_17944744.opus,wit
./data/macroset/en/clips/wit/common_voice_en_1858175.opus,wit
./data/macroset/en/clips/sheared/common_voice_en_91100.opus,sheared
./data/macroset/en/clips/sheared/common_voice_en_493179.opus,sheared
./data/macroset/en/clips/sheared/common_voice_en_503527.opus,sheared
./data/macroset/en/clips/sheared/common_voice_en_539073.opus,sheared
./data/macroset/en/clips/sheared/common_voice_en_128043.opus,sheared
./data/macroset/en/clips/patch/common_voice_en_20946558.opus,patch
./data/macroset/en/clips/patch/common_voice_en_21388003.opus,patch
./data/macroset/en/clips/patch/common_voice_en_570685.opus,patch
./data/macroset/en/clips/patch/common_voice_en_564369.opus,patch
./data/macroset/en/clips/patch/common_voice_en_20844518.opus,patch
./data/macroset/en/clips/calibration/common_voice_en_29367.opus,calibration
./data/macroset/en/clips/calibration/common_voice_en_655463.opus,calibration
./data/macroset/en/clips/calibration/common_voice_en_631554.opus,calibration
./data/macroset/en/clips/calibration/common_voice_en_509399.opus,calibration
./data/macroset/en/clips/calibration/common_voice_en_667805.opus,calibration
./data/macroset/en/clips/hispanic/common_voice_en_19957422.opus,hispanic
./data/macroset/en/clips/hispanic/common_voice_en_19727811.opus,hispanic
./data/macroset/en/clips/hispanic/common_voice_en_218150.opus,hispanic
./data/macroset/en/clips/hispanic/common_voice_en_21656253.opus,hispanic
./data/macroset/en/clips/hispanic/common_voice_en_18985972.opus,hispanic
./data/macroset/en/clips/nutrition/common_voice_en_41098.opus,nutrition
./data/macroset/en/clips/nutrition/common_voice_en_18031345.opus,nutrition
./data/macroset/en/clips/nutrition/common_voice_en_608499.opus,nutrition
./data/macroset/en/clips/nutrition/common_voice_en_694161.opus,nutrition
./data/macroset/en/clips/nutrition/common_voice_en_5258380.opus,nutrition
./data/macroset/en/clips/protestant/common_voice_en_21908114.opus,protestant
./data/macroset/en/clips/protestant/common_voice_en_19912741.opus,protestant
./data/macroset/en/clips/protestant/common_voice_en_18800349.opus,protestant
./data/macroset/en/clips/protestant/common_voice_en_19753238.opus,protestant
./data/macroset/en/clips/protestant/common_voice_en_20878424.opus,protestant
./data/macroset/en/clips/tender/common_voice_en_20857948.opus,tender
./data/macroset/en/clips/tender/common_voice_en_18887001.opus,tender
./data/macroset/en/clips/tender/common_voice_en_316793.opus,tender
./data/macroset/en/clips/tender/common_voice_en_3798471.opus,tender
./data/macroset/en/clips/tender/common_voice_en_20894869.opus,tender
./data/macroset/en/clips/referenced/common_voice_en_20148079.opus,referenced
./data/macroset/en/clips/referenced/common_voice_en_22435680.opus,referenced
./data/macroset/en/clips/referenced/common_voice_en_21701045.opus,referenced
./data/macroset/en/clips/referenced/common_voice_en_22340799.opus,referenced
./data/macroset/en/clips/referenced/common_voice_en_20466186.opus,referenced
./data/macroset/en/clips/seasoned/common_voice_en_18962971.opus,seasoned
./data/macroset/en/clips/seasoned/common_voice_en_18016736.opus,seasoned
./data/macroset/en/clips/seasoned/common_voice_en_33498.opus,seasoned
./data/macroset/en/clips/seasoned/common_voice_en_18008968.opus,seasoned
./data/macroset/en/clips/seasoned/common_voice_en_18150189.opus,seasoned
./data/macroset/en/clips/settle/common_voice_en_18662642.opus,settle
./data/macroset/en/clips/settle/common_voice_en_17979683.opus,settle
./data/macroset/en/clips/settle/common_voice_en_46308.opus,settle
./data/macroset/en/clips/settle/common_voice_en_686374.opus,settle
./data/macroset/en/clips/settle/common_voice_en_22398374.opus,settle
./data/macroset/en/clips/dismantled/common_voice_en_47314.opus,dismantled
./data/macroset/en/clips/dismantled/common_voice_en_685901.opus,dismantled
./data/macroset/en/clips/dismantled/common_voice_en_497908.opus,dismantled
./data/macroset/en/clips/dismantled/common_voice_en_613191.opus,dismantled
./data/macroset/en/clips/dismantled/common_voice_en_490877.opus,dismantled
./data/macroset/en/clips/throughout/common_voice_en_18680723.opus,throughout
./data/macroset/en/clips/throughout/common_voice_en_20134956.opus,throughout
./data/macroset/en/clips/throughout/common_voice_en_22279462.opus,throughout
./data/macroset/en/clips/throughout/common_voice_en_18686865.opus,throughout
./data/macroset/en/clips/throughout/common_voice_en_201418.opus,throughout
./data/macroset/en/clips/tag/common_voice_en_18783134.opus,tag
./data/macroset/en/clips/tag/common_voice_en_19762151.opus,tag
./data/macroset/en/clips/tag/common_voice_en_204799.opus,tag
./data/macroset/en/clips/tag/common_voice_en_22350330.opus,tag
./data/macroset/en/clips/tag/common_voice_en_461032.opus,tag
./data/macroset/en/clips/conclusive/common_voice_en_76900.opus,conclusive
./data/macroset/en/clips/conclusive/common_voice_en_19419440.opus,conclusive
./data/macroset/en/clips/conclusive/common_voice_en_502184.opus,conclusive
./data/macroset/en/clips/conclusive/common_voice_en_21567001.opus,conclusive
./data/macroset/en/clips/conclusive/common_voice_en_19906048.opus,conclusive
./data/macroset/en/clips/composed/common_voice_en_21140341.opus,composed
./data/macroset/en/clips/composed/common_voice_en_22467109.opus,composed
./data/macroset/en/clips/composed/common_voice_en_21824162.opus,composed
./data/macroset/en/clips/composed/common_voice_en_21771784.opus,composed
./data/macroset/en/clips/composed/common_voice_en_18950224.opus,composed
./data/macroset/en/clips/processed/common_voice_en_19506507.opus,processed
./data/macroset/en/clips/processed/common_voice_en_22219566.opus,processed
./data/macroset/en/clips/processed/common_voice_en_18975610.opus,processed
./data/macroset/en/clips/processed/common_voice_en_21242034.opus,processed
./data/macroset/en/clips/processed/common_voice_en_554551.opus,processed
./data/macroset/en/clips/fore/common_voice_en_17955221.opus,fore
./data/macroset/en/clips/fore/common_voice_en_285842__2.opus,fore
./data/macroset/en/clips/fore/common_voice_en_479941.opus,fore
./data/macroset/en/clips/fore/common_voice_en_585852__2.opus,fore
./data/macroset/en/clips/fore/common_voice_en_443136__2.opus,fore
./data/macroset/en/clips/addictive/common_voice_en_202748.opus,addictive
./data/macroset/en/clips/addictive/common_voice_en_17296248.opus,addictive
./data/macroset/en/clips/addictive/common_voice_en_18191316.opus,addictive
./data/macroset/en/clips/addictive/common_voice_en_17730834.opus,addictive
./data/macroset/en/clips/addictive/common_voice_en_18124418.opus,addictive
./data/macroset/en/clips/strict/common_voice_en_17264268.opus,strict
./data/macroset/en/clips/strict/common_voice_en_20093405.opus,strict
./data/macroset/en/clips/strict/common_voice_en_19515395.opus,strict
./data/macroset/en/clips/strict/common_voice_en_17270355.opus,strict
./data/macroset/en/clips/strict/common_voice_en_18851710.opus,strict
./data/macroset/en/clips/arsenal/common_voice_en_19765480.opus,arsenal
./data/macroset/en/clips/arsenal/common_voice_en_18680742.opus,arsenal
./data/macroset/en/clips/arsenal/common_voice_en_20523106.opus,arsenal
./data/macroset/en/clips/arsenal/common_voice_en_17372332.opus,arsenal
./data/macroset/en/clips/arsenal/common_voice_en_19086205.opus,arsenal
./data/macroset/en/clips/commons/common_voice_en_19957544.opus,commons
./data/macroset/en/clips/commons/common_voice_en_18492204.opus,commons
./data/macroset/en/clips/commons/common_voice_en_18686975.opus,commons
./data/macroset/en/clips/commons/common_voice_en_18762075.opus,commons
./data/macroset/en/clips/commons/common_voice_en_18403432.opus,commons
./data/macroset/en/clips/dynamics/common_voice_en_19011089.opus,dynamics
./data/macroset/en/clips/dynamics/common_voice_en_19172287.opus,dynamics
./data/macroset/en/clips/dynamics/common_voice_en_22230288.opus,dynamics
./data/macroset/en/clips/dynamics/common_voice_en_21181603.opus,dynamics
./data/macroset/en/clips/dynamics/common_voice_en_20079434.opus,dynamics
./data/macroset/en/clips/ways/common_voice_en_18506593.opus,ways
./data/macroset/en/clips/ways/common_voice_en_311845.opus,ways
./data/macroset/en/clips/ways/common_voice_en_19731810.opus,ways
./data/macroset/en/clips/ways/common_voice_en_564062.opus,ways
./data/macroset/en/clips/ways/common_voice_en_19058176.opus,ways
./data/macroset/en/clips/fiber/common_voice_en_20007282.opus,fiber
./data/macroset/en/clips/fiber/common_voice_en_19396440.opus,fiber
./data/macroset/en/clips/fiber/common_voice_en_20281041.opus,fiber
./data/macroset/en/clips/fiber/common_voice_en_19374415.opus,fiber
./data/macroset/en/clips/fiber/common_voice_en_19735762.opus,fiber
./data/macroset/en/clips/peers/common_voice_en_22328552.opus,peers
./data/macroset/en/clips/peers/common_voice_en_637991.opus,peers
./data/macroset/en/clips/peers/common_voice_en_19639428.opus,peers
./data/macroset/en/clips/peers/common_voice_en_20476684.opus,peers
./data/macroset/en/clips/peers/common_voice_en_22000241.opus,peers
./data/macroset/en/clips/turner/common_voice_en_21806419.opus,turner
./data/macroset/en/clips/turner/common_voice_en_21664786.opus,turner
./data/macroset/en/clips/turner/common_voice_en_638694.opus,turner
./data/macroset/en/clips/turner/common_voice_en_21588719.opus,turner
./data/macroset/en/clips/turner/common_voice_en_18818771.opus,turner
./data/macroset/en/clips/largely/common_voice_en_22467060.opus,largely
./data/macroset/en/clips/largely/common_voice_en_20327994.opus,largely
./data/macroset/en/clips/largely/common_voice_en_22083961.opus,largely
./data/macroset/en/clips/largely/common_voice_en_21806124.opus,largely
./data/macroset/en/clips/largely/common_voice_en_19820146.opus,largely
./data/macroset/en/clips/birch/common_voice_en_17954292.opus,birch
./data/macroset/en/clips/birch/common_voice_en_18761868.opus,birch
./data/macroset/en/clips/birch/common_voice_en_19507805.opus,birch
./data/macroset/en/clips/birch/common_voice_en_19627764__2.opus,birch
./data/macroset/en/clips/birch/common_voice_en_4989609.opus,birch
./data/macroset/en/clips/bookkeeper/common_voice_en_61284.opus,bookkeeper
./data/macroset/en/clips/bookkeeper/common_voice_en_91773.opus,bookkeeper
./data/macroset/en/clips/bookkeeper/common_voice_en_601803.opus,bookkeeper
./data/macroset/en/clips/bookkeeper/common_voice_en_70259.opus,bookkeeper
./data/macroset/en/clips/bookkeeper/common_voice_en_595876.opus,bookkeeper
./data/macroset/en/clips/kate/common_voice_en_21161782.opus,kate
./data/macroset/en/clips/kate/common_voice_en_22439444.opus,kate
./data/macroset/en/clips/kate/common_voice_en_643234.opus,kate
./data/macroset/en/clips/kate/common_voice_en_19623232.opus,kate
./data/macroset/en/clips/kate/common_voice_en_21724257.opus,kate
./data/macroset/en/clips/manuscript/common_voice_en_21783269.opus,manuscript
./data/macroset/en/clips/manuscript/common_voice_en_19754438.opus,manuscript
./data/macroset/en/clips/manuscript/common_voice_en_21727554.opus,manuscript
./data/macroset/en/clips/manuscript/common_voice_en_21313976.opus,manuscript
./data/macroset/en/clips/manuscript/common_voice_en_22144326.opus,manuscript
./data/macroset/en/clips/usually/common_voice_en_20757417.opus,usually
./data/macroset/en/clips/usually/common_voice_en_18673796.opus,usually
./data/macroset/en/clips/usually/common_voice_en_19732548.opus,usually
./data/macroset/en/clips/usually/common_voice_en_21945025.opus,usually
./data/macroset/en/clips/usually/common_voice_en_19707367.opus,usually
./data/macroset/en/clips/rotation/common_voice_en_578290.opus,rotation
./data/macroset/en/clips/rotation/common_voice_en_685130.opus,rotation
./data/macroset/en/clips/rotation/common_voice_en_20027013.opus,rotation
./data/macroset/en/clips/rotation/common_voice_en_20399616.opus,rotation
./data/macroset/en/clips/rotation/common_voice_en_45130.opus,rotation
./data/macroset/en/clips/wrath/common_voice_en_18066330.opus,wrath
./data/macroset/en/clips/wrath/common_voice_en_18058099.opus,wrath
./data/macroset/en/clips/wrath/common_voice_en_480950.opus,wrath
./data/macroset/en/clips/wrath/common_voice_en_17970874.opus,wrath
./data/macroset/en/clips/wrath/common_voice_en_19598154.opus,wrath
./data/macroset/en/clips/gymnasium/common_voice_en_20556391.opus,gymnasium
./data/macroset/en/clips/gymnasium/common_voice_en_21271010.opus,gymnasium
./data/macroset/en/clips/gymnasium/common_voice_en_21061073.opus,gymnasium
./data/macroset/en/clips/gymnasium/common_voice_en_20896044.opus,gymnasium
./data/macroset/en/clips/gymnasium/common_voice_en_20124493.opus,gymnasium
./data/macroset/en/clips/volunteered/common_voice_en_21004279.opus,volunteered
./data/macroset/en/clips/volunteered/common_voice_en_21943535.opus,volunteered
./data/macroset/en/clips/volunteered/common_voice_en_20407605.opus,volunteered
./data/macroset/en/clips/volunteered/common_voice_en_19502783.opus,volunteered
./data/macroset/en/clips/volunteered/common_voice_en_21591372.opus,volunteered
./data/macroset/en/clips/cosine/common_voice_en_17637625.opus,cosine
./data/macroset/en/clips/cosine/common_voice_en_525222.opus,cosine
./data/macroset/en/clips/cosine/common_voice_en_200654.opus,cosine
./data/macroset/en/clips/cosine/common_voice_en_17265170.opus,cosine
./data/macroset/en/clips/cosine/common_voice_en_17433758.opus,cosine
./data/macroset/en/clips/hospitals/common_voice_en_22000245.opus,hospitals
./data/macroset/en/clips/hospitals/common_voice_en_19212786.opus,hospitals
./data/macroset/en/clips/hospitals/common_voice_en_20795018.opus,hospitals
./data/macroset/en/clips/hospitals/common_voice_en_20511155.opus,hospitals
./data/macroset/en/clips/hospitals/common_voice_en_20896606.opus,hospitals
./data/macroset/en/clips/tasmania/common_voice_en_19720502.opus,tasmania
./data/macroset/en/clips/tasmania/common_voice_en_18855042.opus,tasmania
./data/macroset/en/clips/tasmania/common_voice_en_19017864.opus,tasmania
./data/macroset/en/clips/tasmania/common_voice_en_20715249.opus,tasmania
./data/macroset/en/clips/tasmania/common_voice_en_20960555.opus,tasmania
./data/macroset/en/clips/skills/common_voice_en_20027867.opus,skills
./data/macroset/en/clips/skills/common_voice_en_20242721.opus,skills
./data/macroset/en/clips/skills/common_voice_en_4573139.opus,skills
./data/macroset/en/clips/skills/common_voice_en_22320064__2.opus,skills
./data/macroset/en/clips/skills/common_voice_en_19710356.opus,skills
./data/macroset/en/clips/instructor/common_voice_en_17877188.opus,instructor
./data/macroset/en/clips/instructor/common_voice_en_19497826.opus,instructor
./data/macroset/en/clips/instructor/common_voice_en_22243940.opus,instructor
./data/macroset/en/clips/instructor/common_voice_en_19743508.opus,instructor
./data/macroset/en/clips/instructor/common_voice_en_21366711.opus,instructor
./data/macroset/en/clips/guns/common_voice_en_19018146.opus,guns
./data/macroset/en/clips/guns/common_voice_en_225.opus,guns
./data/macroset/en/clips/guns/common_voice_en_96176.opus,guns
./data/macroset/en/clips/guns/common_voice_en_637995.opus,guns
./data/macroset/en/clips/guns/common_voice_en_146198.opus,guns
./data/macroset/en/clips/groups/common_voice_en_19343685.opus,groups
./data/macroset/en/clips/groups/common_voice_en_680153.opus,groups
./data/macroset/en/clips/groups/common_voice_en_18845895.opus,groups
./data/macroset/en/clips/groups/common_voice_en_21384328.opus,groups
./data/macroset/en/clips/groups/common_voice_en_693387.opus,groups
./data/macroset/en/clips/hotter/common_voice_en_476847.opus,hotter
./data/macroset/en/clips/hotter/common_voice_en_201533.opus,hotter
./data/macroset/en/clips/hotter/common_voice_en_221472.opus,hotter
./data/macroset/en/clips/hotter/common_voice_en_512856.opus,hotter
./data/macroset/en/clips/hotter/common_voice_en_667278.opus,hotter
./data/macroset/en/clips/upside/common_voice_en_559409.opus,upside
./data/macroset/en/clips/upside/common_voice_en_21338002.opus,upside
./data/macroset/en/clips/upside/common_voice_en_428190.opus,upside
./data/macroset/en/clips/upside/common_voice_en_18487922.opus,upside
./data/macroset/en/clips/upside/common_voice_en_647934.opus,upside
./data/macroset/en/clips/chips/common_voice_en_21102097.opus,chips
./data/macroset/en/clips/chips/common_voice_en_33578.opus,chips
./data/macroset/en/clips/chips/common_voice_en_21146109.opus,chips
./data/macroset/en/clips/chips/common_voice_en_18307309.opus,chips
./data/macroset/en/clips/chips/common_voice_en_17867492.opus,chips
./data/macroset/en/clips/bartender/common_voice_en_18105016.opus,bartender
./data/macroset/en/clips/bartender/common_voice_en_5559318.opus,bartender
./data/macroset/en/clips/bartender/common_voice_en_18502960.opus,bartender
./data/macroset/en/clips/bartender/common_voice_en_17888122.opus,bartender
./data/macroset/en/clips/bartender/common_voice_en_19552423.opus,bartender
./data/macroset/en/clips/eastward/common_voice_en_689977.opus,eastward
./data/macroset/en/clips/eastward/common_voice_en_550676.opus,eastward
./data/macroset/en/clips/eastward/common_voice_en_534251.opus,eastward
./data/macroset/en/clips/eastward/common_voice_en_553476.opus,eastward
./data/macroset/en/clips/eastward/common_voice_en_183815.opus,eastward
./data/macroset/en/clips/relies/common_voice_en_20012844.opus,relies
./data/macroset/en/clips/relies/common_voice_en_17899315.opus,relies
./data/macroset/en/clips/relies/common_voice_en_18915216.opus,relies
./data/macroset/en/clips/relies/common_voice_en_20657805.opus,relies
./data/macroset/en/clips/relies/common_voice_en_18985842.opus,relies
./data/macroset/en/clips/trousers/common_voice_en_625740.opus,trousers
./data/macroset/en/clips/trousers/common_voice_en_18487026.opus,trousers
./data/macroset/en/clips/trousers/common_voice_en_20316597.opus,trousers
./data/macroset/en/clips/trousers/common_voice_en_25318.opus,trousers
./data/macroset/en/clips/trousers/common_voice_en_18453854.opus,trousers
./data/macroset/en/clips/evolve/common_voice_en_634439.opus,evolve
./data/macroset/en/clips/evolve/common_voice_en_21859971.opus,evolve
./data/macroset/en/clips/evolve/common_voice_en_681703.opus,evolve
./data/macroset/en/clips/evolve/common_voice_en_567016.opus,evolve
./data/macroset/en/clips/evolve/common_voice_en_198936.opus,evolve
./data/macroset/en/clips/taxing/common_voice_en_16048064.opus,taxing
./data/macroset/en/clips/taxing/common_voice_en_697468.opus,taxing
./data/macroset/en/clips/taxing/common_voice_en_660565.opus,taxing
./data/macroset/en/clips/taxing/common_voice_en_509064.opus,taxing
./data/macroset/en/clips/taxing/common_voice_en_592321.opus,taxing
./data/macroset/en/clips/authentication/common_voice_en_18165346.opus,authentication
./data/macroset/en/clips/authentication/common_voice_en_19513023.opus,authentication
./data/macroset/en/clips/authentication/common_voice_en_17932278.opus,authentication
./data/macroset/en/clips/authentication/common_voice_en_554516.opus,authentication
./data/macroset/en/clips/authentication/common_voice_en_17272626.opus,authentication
./data/macroset/en/clips/logic/common_voice_en_21528405.opus,logic
./data/macroset/en/clips/logic/common_voice_en_19053823.opus,logic
./data/macroset/en/clips/logic/common_voice_en_21481373.opus,logic
./data/macroset/en/clips/logic/common_voice_en_20933499.opus,logic
./data/macroset/en/clips/logic/common_voice_en_20103242.opus,logic
./data/macroset/en/clips/highland/common_voice_en_19379692.opus,highland
./data/macroset/en/clips/highland/common_voice_en_20952874.opus,highland
./data/macroset/en/clips/highland/common_voice_en_22000684.opus,highland
./data/macroset/en/clips/highland/common_voice_en_21989155.opus,highland
./data/macroset/en/clips/highland/common_voice_en_20248318.opus,highland
./data/macroset/en/clips/shields/common_voice_en_19855645.opus,shields
./data/macroset/en/clips/shields/common_voice_en_20994989.opus,shields
./data/macroset/en/clips/shields/common_voice_en_21342345.opus,shields
./data/macroset/en/clips/shields/common_voice_en_20682412.opus,shields
./data/macroset/en/clips/shields/common_voice_en_20315949.opus,shields
./data/macroset/en/clips/insisted/common_voice_en_68435.opus,insisted
./data/macroset/en/clips/insisted/common_voice_en_573068.opus,insisted
./data/macroset/en/clips/insisted/common_voice_en_182516.opus,insisted
./data/macroset/en/clips/insisted/common_voice_en_520868.opus,insisted
./data/macroset/en/clips/insisted/common_voice_en_537151.opus,insisted
./data/macroset/en/clips/hearted/common_voice_en_21725223.opus,hearted
./data/macroset/en/clips/hearted/common_voice_en_18746182.opus,hearted
./data/macroset/en/clips/hearted/common_voice_en_18996388.opus,hearted
./data/macroset/en/clips/hearted/common_voice_en_18609127.opus,hearted
./data/macroset/en/clips/hearted/common_voice_en_20387061.opus,hearted
./data/macroset/en/clips/couldn’t/common_voice_en_52654.opus,couldn’t
./data/macroset/en/clips/couldn’t/common_voice_en_18428859.opus,couldn’t
./data/macroset/en/clips/couldn’t/common_voice_en_515504.opus,couldn’t
./data/macroset/en/clips/couldn’t/common_voice_en_198589.opus,couldn’t
./data/macroset/en/clips/couldn’t/common_voice_en_633501.opus,couldn’t
./data/macroset/en/clips/storm/common_voice_en_18893773.opus,storm
./data/macroset/en/clips/storm/common_voice_en_17287079.opus,storm
./data/macroset/en/clips/storm/common_voice_en_17331685.opus,storm
./data/macroset/en/clips/storm/common_voice_en_19045156.opus,storm
./data/macroset/en/clips/storm/common_voice_en_21797274.opus,storm
./data/macroset/en/clips/legal/common_voice_en_19150817.opus,legal
./data/macroset/en/clips/legal/common_voice_en_18683923.opus,legal
./data/macroset/en/clips/legal/common_voice_en_21341720.opus,legal
./data/macroset/en/clips/legal/common_voice_en_20283141.opus,legal
./data/macroset/en/clips/legal/common_voice_en_20829651.opus,legal
./data/macroset/en/clips/permission/common_voice_en_666197.opus,permission
./data/macroset/en/clips/permission/common_voice_en_22658.opus,permission
./data/macroset/en/clips/permission/common_voice_en_367769.opus,permission
./data/macroset/en/clips/permission/common_voice_en_518535.opus,permission
./data/macroset/en/clips/permission/common_voice_en_93272.opus,permission
./data/macroset/en/clips/labelled/common_voice_en_21445518.opus,labelled
./data/macroset/en/clips/labelled/common_voice_en_19789157.opus,labelled
./data/macroset/en/clips/labelled/common_voice_en_22325223.opus,labelled
./data/macroset/en/clips/labelled/common_voice_en_20300797.opus,labelled
./data/macroset/en/clips/labelled/common_voice_en_22458464.opus,labelled
./data/macroset/en/clips/engineers/common_voice_en_20505922.opus,engineers
./data/macroset/en/clips/engineers/common_voice_en_509555.opus,engineers
./data/macroset/en/clips/engineers/common_voice_en_23907.opus,engineers
./data/macroset/en/clips/engineers/common_voice_en_19544411.opus,engineers
./data/macroset/en/clips/engineers/common_voice_en_2202857.opus,engineers
./data/macroset/en/clips/consequently/common_voice_en_21031023.opus,consequently
./data/macroset/en/clips/consequently/common_voice_en_20858213.opus,consequently
./data/macroset/en/clips/consequently/common_voice_en_19754448.opus,consequently
./data/macroset/en/clips/consequently/common_voice_en_19663847.opus,consequently
./data/macroset/en/clips/consequently/common_voice_en_20130072.opus,consequently
./data/macroset/en/clips/africa/common_voice_en_615024.opus,africa
./data/macroset/en/clips/africa/common_voice_en_669153.opus,africa
./data/macroset/en/clips/africa/common_voice_en_20169907.opus,africa
./data/macroset/en/clips/africa/common_voice_en_542337.opus,africa
./data/macroset/en/clips/africa/common_voice_en_22431630.opus,africa
./data/macroset/en/clips/shines/common_voice_en_17874045.opus,shines
./data/macroset/en/clips/shines/common_voice_en_543142.opus,shines
./data/macroset/en/clips/shines/common_voice_en_18401167.opus,shines
./data/macroset/en/clips/shines/common_voice_en_73712.opus,shines
./data/macroset/en/clips/shines/common_voice_en_624098.opus,shines
./data/macroset/en/clips/jagged/common_voice_en_400335.opus,jagged
./data/macroset/en/clips/jagged/common_voice_en_18163244.opus,jagged
./data/macroset/en/clips/jagged/common_voice_en_18316637.opus,jagged
./data/macroset/en/clips/jagged/common_voice_en_203848.opus,jagged
./data/macroset/en/clips/jagged/common_voice_en_18103648.opus,jagged
./data/macroset/en/clips/fellas/common_voice_en_624613.opus,fellas
./data/macroset/en/clips/fellas/common_voice_en_626619.opus,fellas
./data/macroset/en/clips/fellas/common_voice_en_536954.opus,fellas
./data/macroset/en/clips/fellas/common_voice_en_512045.opus,fellas
./data/macroset/en/clips/fellas/common_voice_en_74386.opus,fellas
./data/macroset/en/clips/explained/common_voice_en_222063.opus,explained
./data/macroset/en/clips/explained/common_voice_en_18166158.opus,explained
./data/macroset/en/clips/explained/common_voice_en_180674.opus,explained
./data/macroset/en/clips/explained/common_voice_en_512716.opus,explained
./data/macroset/en/clips/explained/common_voice_en_18734203.opus,explained
./data/macroset/en/clips/stepping/common_voice_en_21713983.opus,stepping
./data/macroset/en/clips/stepping/common_voice_en_19050542.opus,stepping
./data/macroset/en/clips/stepping/common_voice_en_616026.opus,stepping
./data/macroset/en/clips/stepping/common_voice_en_18779797.opus,stepping
./data/macroset/en/clips/stepping/common_voice_en_180554.opus,stepping
./data/macroset/en/clips/dirty/common_voice_en_18757043.opus,dirty
./data/macroset/en/clips/dirty/common_voice_en_21736884.opus,dirty
./data/macroset/en/clips/dirty/common_voice_en_206918.opus,dirty
./data/macroset/en/clips/dirty/common_voice_en_19514985.opus,dirty
./data/macroset/en/clips/dirty/common_voice_en_21692126.opus,dirty
./data/macroset/en/clips/routing/common_voice_en_18250354.opus,routing
./data/macroset/en/clips/routing/common_voice_en_572613.opus,routing
./data/macroset/en/clips/routing/common_voice_en_615219.opus,routing
./data/macroset/en/clips/routing/common_voice_en_502536.opus,routing
./data/macroset/en/clips/routing/common_voice_en_20569481.opus,routing
./data/macroset/en/clips/positioning/common_voice_en_283412.opus,positioning
./data/macroset/en/clips/positioning/common_voice_en_583328.opus,positioning
./data/macroset/en/clips/positioning/common_voice_en_325823.opus,positioning
./data/macroset/en/clips/positioning/common_voice_en_576454.opus,positioning
./data/macroset/en/clips/positioning/common_voice_en_648131.opus,positioning
./data/macroset/en/clips/exodus/common_voice_en_21050494.opus,exodus
./data/macroset/en/clips/exodus/common_voice_en_18056919.opus,exodus
./data/macroset/en/clips/exodus/common_voice_en_17684179.opus,exodus
./data/macroset/en/clips/exodus/common_voice_en_17708953.opus,exodus
./data/macroset/en/clips/exodus/common_voice_en_20012537.opus,exodus
./data/macroset/en/clips/figures/common_voice_en_557113.opus,figures
./data/macroset/en/clips/figures/common_voice_en_543716.opus,figures
./data/macroset/en/clips/figures/common_voice_en_684837.opus,figures
./data/macroset/en/clips/figures/common_voice_en_21093987.opus,figures
./data/macroset/en/clips/figures/common_voice_en_19601143.opus,figures
./data/macroset/en/clips/vacant/common_voice_en_20170343.opus,vacant
./data/macroset/en/clips/vacant/common_voice_en_21133485.opus,vacant
./data/macroset/en/clips/vacant/common_voice_en_21160257.opus,vacant
./data/macroset/en/clips/vacant/common_voice_en_20068023.opus,vacant
./data/macroset/en/clips/vacant/common_voice_en_21853368.opus,vacant
./data/macroset/en/clips/minneapolis/common_voice_en_21950905.opus,minneapolis
./data/macroset/en/clips/minneapolis/common_voice_en_18882469.opus,minneapolis
./data/macroset/en/clips/minneapolis/common_voice_en_19090887.opus,minneapolis
./data/macroset/en/clips/minneapolis/common_voice_en_19050336.opus,minneapolis
./data/macroset/en/clips/minneapolis/common_voice_en_19734658.opus,minneapolis
./data/macroset/en/clips/individually/common_voice_en_165882.opus,individually
./data/macroset/en/clips/individually/common_voice_en_677276.opus,individually
./data/macroset/en/clips/individually/common_voice_en_21893777.opus,individually
./data/macroset/en/clips/individually/common_voice_en_559084.opus,individually
./data/macroset/en/clips/individually/common_voice_en_20035211.opus,individually
./data/macroset/en/clips/feet/common_voice_en_605270.opus,feet
./data/macroset/en/clips/feet/common_voice_en_18609115.opus,feet
./data/macroset/en/clips/feet/common_voice_en_21645531.opus,feet
./data/macroset/en/clips/feet/common_voice_en_666380.opus,feet
./data/macroset/en/clips/feet/common_voice_en_540879.opus,feet
./data/macroset/en/clips/crowds/common_voice_en_637773.opus,crowds
./data/macroset/en/clips/crowds/common_voice_en_18767006.opus,crowds
./data/macroset/en/clips/crowds/common_voice_en_20403353.opus,crowds
./data/macroset/en/clips/crowds/common_voice_en_594692.opus,crowds
./data/macroset/en/clips/crowds/common_voice_en_22378011.opus,crowds
./data/macroset/en/clips/gases/common_voice_en_629806.opus,gases
./data/macroset/en/clips/gases/common_voice_en_44382.opus,gases
./data/macroset/en/clips/gases/common_voice_en_19637517.opus,gases
./data/macroset/en/clips/gases/common_voice_en_483098.opus,gases
./data/macroset/en/clips/gases/common_voice_en_622621.opus,gases
./data/macroset/en/clips/stripes/common_voice_en_34111.opus,stripes
./data/macroset/en/clips/stripes/common_voice_en_7966.opus,stripes
./data/macroset/en/clips/stripes/common_voice_en_605982.opus,stripes
./data/macroset/en/clips/stripes/common_voice_en_610174.opus,stripes
./data/macroset/en/clips/stripes/common_voice_en_683043.opus,stripes
./data/macroset/en/clips/caucasian/common_voice_en_455282.opus,caucasian
./data/macroset/en/clips/caucasian/common_voice_en_124589.opus,caucasian
./data/macroset/en/clips/caucasian/common_voice_en_17875232.opus,caucasian
./data/macroset/en/clips/caucasian/common_voice_en_18277740.opus,caucasian
./data/macroset/en/clips/caucasian/common_voice_en_115144.opus,caucasian
./data/macroset/en/clips/reporting/common_voice_en_21399300.opus,reporting
./data/macroset/en/clips/reporting/common_voice_en_19253806.opus,reporting
./data/macroset/en/clips/reporting/common_voice_en_21014056.opus,reporting
./data/macroset/en/clips/reporting/common_voice_en_19968608.opus,reporting
./data/macroset/en/clips/reporting/common_voice_en_22150272.opus,reporting
./data/macroset/en/clips/annie/common_voice_en_19152084.opus,annie
./data/macroset/en/clips/annie/common_voice_en_591422.opus,annie
./data/macroset/en/clips/annie/common_voice_en_19312651.opus,annie
./data/macroset/en/clips/annie/common_voice_en_18954039.opus,annie
./data/macroset/en/clips/annie/common_voice_en_19289497.opus,annie
./data/macroset/en/clips/stolen/common_voice_en_98714.opus,stolen
./data/macroset/en/clips/stolen/common_voice_en_17577.opus,stolen
./data/macroset/en/clips/stolen/common_voice_en_18097032.opus,stolen
./data/macroset/en/clips/stolen/common_voice_en_21718883.opus,stolen
./data/macroset/en/clips/stolen/common_voice_en_492776.opus,stolen
./data/macroset/en/clips/regulation/common_voice_en_20213969.opus,regulation
./data/macroset/en/clips/regulation/common_voice_en_21352405.opus,regulation
./data/macroset/en/clips/regulation/common_voice_en_18560132.opus,regulation
./data/macroset/en/clips/regulation/common_voice_en_19985415.opus,regulation
./data/macroset/en/clips/regulation/common_voice_en_20005798.opus,regulation
./data/macroset/en/clips/study/common_voice_en_21794736.opus,study
./data/macroset/en/clips/study/common_voice_en_19635385.opus,study
./data/macroset/en/clips/study/common_voice_en_20601058.opus,study
./data/macroset/en/clips/study/common_voice_en_20273518.opus,study
./data/macroset/en/clips/study/common_voice_en_21512071.opus,study
./data/macroset/en/clips/saturday/common_voice_en_665969.opus,saturday
./data/macroset/en/clips/saturday/common_voice_en_18404584.opus,saturday
./data/macroset/en/clips/saturday/common_voice_en_18662425.opus,saturday
./data/macroset/en/clips/saturday/common_voice_en_5666053.opus,saturday
./data/macroset/en/clips/saturday/common_voice_en_240426.opus,saturday
./data/macroset/en/clips/traditional/common_voice_en_19311143.opus,traditional
./data/macroset/en/clips/traditional/common_voice_en_20205061.opus,traditional
./data/macroset/en/clips/traditional/common_voice_en_20433787.opus,traditional
./data/macroset/en/clips/traditional/common_voice_en_21678348.opus,traditional
./data/macroset/en/clips/traditional/common_voice_en_22309156.opus,traditional
./data/macroset/en/clips/parishes/common_voice_en_21731706.opus,parishes
./data/macroset/en/clips/parishes/common_voice_en_21382073.opus,parishes
./data/macroset/en/clips/parishes/common_voice_en_20154163.opus,parishes
./data/macroset/en/clips/parishes/common_voice_en_20876519.opus,parishes
./data/macroset/en/clips/parishes/common_voice_en_19562875.opus,parishes
./data/macroset/en/clips/humour/common_voice_en_18339807.opus,humour
./data/macroset/en/clips/humour/common_voice_en_18638393.opus,humour
./data/macroset/en/clips/humour/common_voice_en_19871832.opus,humour
./data/macroset/en/clips/humour/common_voice_en_21389461.opus,humour
./data/macroset/en/clips/humour/common_voice_en_19654001.opus,humour
./data/macroset/en/clips/suspension/common_voice_en_19762240.opus,suspension
./data/macroset/en/clips/suspension/common_voice_en_19701072.opus,suspension
./data/macroset/en/clips/suspension/common_voice_en_551557.opus,suspension
./data/macroset/en/clips/suspension/common_voice_en_20041259.opus,suspension
./data/macroset/en/clips/suspension/common_voice_en_638575.opus,suspension
./data/macroset/en/clips/comfort/common_voice_en_17297212.opus,comfort
./data/macroset/en/clips/comfort/common_voice_en_19943839.opus,comfort
./data/macroset/en/clips/comfort/common_voice_en_17390475.opus,comfort
./data/macroset/en/clips/comfort/common_voice_en_20848189.opus,comfort
./data/macroset/en/clips/comfort/common_voice_en_18456190.opus,comfort
./data/macroset/en/clips/psychiatrist/common_voice_en_18428766.opus,psychiatrist
./data/macroset/en/clips/psychiatrist/common_voice_en_641887.opus,psychiatrist
./data/macroset/en/clips/psychiatrist/common_voice_en_18060272.opus,psychiatrist
./data/macroset/en/clips/psychiatrist/common_voice_en_18423062.opus,psychiatrist
./data/macroset/en/clips/psychiatrist/common_voice_en_18993979.opus,psychiatrist
./data/macroset/en/clips/captain/common_voice_en_22088854.opus,captain
./data/macroset/en/clips/captain/common_voice_en_631519.opus,captain
./data/macroset/en/clips/captain/common_voice_en_19010561.opus,captain
./data/macroset/en/clips/captain/common_voice_en_314367.opus,captain
./data/macroset/en/clips/captain/common_voice_en_211759.opus,captain
./data/macroset/en/clips/disclosure/common_voice_en_8365072.opus,disclosure
./data/macroset/en/clips/disclosure/common_voice_en_7556791.opus,disclosure
./data/macroset/en/clips/disclosure/common_voice_en_635256.opus,disclosure
./data/macroset/en/clips/disclosure/common_voice_en_22246377.opus,disclosure
./data/macroset/en/clips/disclosure/common_voice_en_18679425.opus,disclosure
./data/macroset/en/clips/investigate/common_voice_en_18447256.opus,investigate
./data/macroset/en/clips/investigate/common_voice_en_19685471.opus,investigate
./data/macroset/en/clips/investigate/common_voice_en_19613509.opus,investigate
./data/macroset/en/clips/investigate/common_voice_en_19911107.opus,investigate
./data/macroset/en/clips/investigate/common_voice_en_20197486.opus,investigate
./data/macroset/en/clips/erased/common_voice_en_209883.opus,erased
./data/macroset/en/clips/erased/common_voice_en_504253.opus,erased
./data/macroset/en/clips/erased/common_voice_en_18409503.opus,erased
./data/macroset/en/clips/erased/common_voice_en_612399.opus,erased
./data/macroset/en/clips/erased/common_voice_en_98722.opus,erased
./data/macroset/en/clips/mastermind/common_voice_en_53550.opus,mastermind
./data/macroset/en/clips/mastermind/common_voice_en_127069.opus,mastermind
./data/macroset/en/clips/mastermind/common_voice_en_479980.opus,mastermind
./data/macroset/en/clips/mastermind/common_voice_en_605315.opus,mastermind
./data/macroset/en/clips/mastermind/common_voice_en_604418.opus,mastermind
./data/macroset/en/clips/complicated/common_voice_en_17275252.opus,complicated
./data/macroset/en/clips/complicated/common_voice_en_20933446.opus,complicated
./data/macroset/en/clips/complicated/common_voice_en_582510.opus,complicated
./data/macroset/en/clips/complicated/common_voice_en_21728586.opus,complicated
./data/macroset/en/clips/complicated/common_voice_en_18483633.opus,complicated
./data/macroset/en/clips/don’t/common_voice_en_46468.opus,don’t
./data/macroset/en/clips/don’t/common_voice_en_644121.opus,don’t
./data/macroset/en/clips/don’t/common_voice_en_568801.opus,don’t
./data/macroset/en/clips/don’t/common_voice_en_215834.opus,don’t
./data/macroset/en/clips/don’t/common_voice_en_513583.opus,don’t
./data/macroset/en/clips/discovery/common_voice_en_690201.opus,discovery
./data/macroset/en/clips/discovery/common_voice_en_39643.opus,discovery
./data/macroset/en/clips/discovery/common_voice_en_21682990.opus,discovery
./data/macroset/en/clips/discovery/common_voice_en_19869757.opus,discovery
./data/macroset/en/clips/discovery/common_voice_en_21705231.opus,discovery
./data/macroset/en/clips/crash/common_voice_en_19263879.opus,crash
./data/macroset/en/clips/crash/common_voice_en_18104995.opus,crash
./data/macroset/en/clips/crash/common_voice_en_19367733.opus,crash
./data/macroset/en/clips/crash/common_voice_en_19371418.opus,crash
./data/macroset/en/clips/crash/common_voice_en_507865.opus,crash
./data/macroset/en/clips/dwarf/common_voice_en_20566231.opus,dwarf
./data/macroset/en/clips/dwarf/common_voice_en_20009254.opus,dwarf
./data/macroset/en/clips/dwarf/common_voice_en_20463267.opus,dwarf
./data/macroset/en/clips/dwarf/common_voice_en_20777739.opus,dwarf
./data/macroset/en/clips/dwarf/common_voice_en_19002257.opus,dwarf
./data/macroset/en/clips/mostly/common_voice_en_22236172.opus,mostly
./data/macroset/en/clips/mostly/common_voice_en_18932008.opus,mostly
./data/macroset/en/clips/mostly/common_voice_en_20724179.opus,mostly
./data/macroset/en/clips/mostly/common_voice_en_20517040.opus,mostly
./data/macroset/en/clips/mostly/common_voice_en_21467181.opus,mostly
./data/macroset/en/clips/solids/common_voice_en_20676423.opus,solids
./data/macroset/en/clips/solids/common_voice_en_17736608.opus,solids
./data/macroset/en/clips/solids/common_voice_en_19739717.opus,solids
./data/macroset/en/clips/solids/common_voice_en_18234979.opus,solids
./data/macroset/en/clips/solids/common_voice_en_17287590.opus,solids
./data/macroset/en/clips/worst/common_voice_en_18135109.opus,worst
./data/macroset/en/clips/worst/common_voice_en_19467554.opus,worst
./data/macroset/en/clips/worst/common_voice_en_317042.opus,worst
./data/macroset/en/clips/worst/common_voice_en_514296.opus,worst
./data/macroset/en/clips/worst/common_voice_en_17932202.opus,worst
./data/macroset/en/clips/publication/common_voice_en_176766.opus,publication
./data/macroset/en/clips/publication/common_voice_en_21437534.opus,publication
./data/macroset/en/clips/publication/common_voice_en_45547.opus,publication
./data/macroset/en/clips/publication/common_voice_en_19996414.opus,publication
./data/macroset/en/clips/publication/common_voice_en_20092908.opus,publication
./data/macroset/en/clips/dot/common_voice_en_478488.opus,dot
./data/macroset/en/clips/dot/common_voice_en_685922.opus,dot
./data/macroset/en/clips/dot/common_voice_en_695454.opus,dot
./data/macroset/en/clips/dot/common_voice_en_21090860.opus,dot
./data/macroset/en/clips/dot/common_voice_en_91414.opus,dot
./data/macroset/en/clips/duo/common_voice_en_19031149.opus,duo
./data/macroset/en/clips/duo/common_voice_en_19911394.opus,duo
./data/macroset/en/clips/duo/common_voice_en_22122101.opus,duo
./data/macroset/en/clips/duo/common_voice_en_19194484.opus,duo
./data/macroset/en/clips/duo/common_voice_en_18945743.opus,duo
./data/macroset/en/clips/transfer/common_voice_en_20048325.opus,transfer
./data/macroset/en/clips/transfer/common_voice_en_19855012.opus,transfer
./data/macroset/en/clips/transfer/common_voice_en_647905.opus,transfer
./data/macroset/en/clips/transfer/common_voice_en_19810543.opus,transfer
./data/macroset/en/clips/transfer/common_voice_en_19956676.opus,transfer
./data/macroset/en/clips/refreshments/common_voice_en_525901.opus,refreshments
./data/macroset/en/clips/refreshments/common_voice_en_183018.opus,refreshments
./data/macroset/en/clips/refreshments/common_voice_en_91995.opus,refreshments
./data/macroset/en/clips/refreshments/common_voice_en_19263811.opus,refreshments
./data/macroset/en/clips/refreshments/common_voice_en_18673281.opus,refreshments
./data/macroset/en/clips/garden/common_voice_en_18122632.opus,garden
./data/macroset/en/clips/garden/common_voice_en_548845.opus,garden
./data/macroset/en/clips/garden/common_voice_en_392577.opus,garden
./data/macroset/en/clips/garden/common_voice_en_33187.opus,garden
./data/macroset/en/clips/garden/common_voice_en_19795964.opus,garden
./data/macroset/en/clips/gum/common_voice_en_204332.opus,gum
./data/macroset/en/clips/gum/common_voice_en_18739345.opus,gum
./data/macroset/en/clips/gum/common_voice_en_655688.opus,gum
./data/macroset/en/clips/gum/common_voice_en_19700673.opus,gum
./data/macroset/en/clips/gum/common_voice_en_18733322.opus,gum
./data/macroset/en/clips/barley/common_voice_en_20115383.opus,barley
./data/macroset/en/clips/barley/common_voice_en_20844519.opus,barley
./data/macroset/en/clips/barley/common_voice_en_20064031.opus,barley
./data/macroset/en/clips/barley/common_voice_en_20951522.opus,barley
./data/macroset/en/clips/barley/common_voice_en_20661279.opus,barley
./data/macroset/en/clips/jackie/common_voice_en_967981.opus,jackie
./data/macroset/en/clips/jackie/common_voice_en_94165.opus,jackie
./data/macroset/en/clips/jackie/common_voice_en_4755704.opus,jackie
./data/macroset/en/clips/jackie/common_voice_en_20540518.opus,jackie
./data/macroset/en/clips/jackie/common_voice_en_19080161.opus,jackie
./data/macroset/en/clips/checks/common_voice_en_17854070.opus,checks
./data/macroset/en/clips/checks/common_voice_en_491765.opus,checks
./data/macroset/en/clips/checks/common_voice_en_20687574.opus,checks
./data/macroset/en/clips/checks/common_voice_en_21364657.opus,checks
./data/macroset/en/clips/checks/common_voice_en_20074747.opus,checks
./data/macroset/en/clips/loosely/common_voice_en_20984220.opus,loosely
./data/macroset/en/clips/loosely/common_voice_en_21240797.opus,loosely
./data/macroset/en/clips/loosely/common_voice_en_22446469.opus,loosely
./data/macroset/en/clips/loosely/common_voice_en_21662200.opus,loosely
./data/macroset/en/clips/loosely/common_voice_en_21782095.opus,loosely
./data/macroset/en/clips/terrorism/common_voice_en_646006.opus,terrorism
./data/macroset/en/clips/terrorism/common_voice_en_20761369.opus,terrorism
./data/macroset/en/clips/terrorism/common_voice_en_52587.opus,terrorism
./data/macroset/en/clips/terrorism/common_voice_en_19320623.opus,terrorism
./data/macroset/en/clips/terrorism/common_voice_en_20858361.opus,terrorism
./data/macroset/en/clips/enormous/common_voice_en_32726.opus,enormous
./data/macroset/en/clips/enormous/common_voice_en_636212.opus,enormous
./data/macroset/en/clips/enormous/common_voice_en_21396360.opus,enormous
./data/macroset/en/clips/enormous/common_voice_en_70680.opus,enormous
./data/macroset/en/clips/enormous/common_voice_en_671019.opus,enormous
./data/macroset/en/clips/reed/common_voice_en_20600300.opus,reed
./data/macroset/en/clips/reed/common_voice_en_20709106.opus,reed
./data/macroset/en/clips/reed/common_voice_en_22284433.opus,reed
./data/macroset/en/clips/reed/common_voice_en_19649735.opus,reed
./data/macroset/en/clips/reed/common_voice_en_19817202.opus,reed
./data/macroset/en/clips/angeles/common_voice_en_22314744.opus,angeles
./data/macroset/en/clips/angeles/common_voice_en_20856997.opus,angeles
./data/macroset/en/clips/angeles/common_voice_en_20673788.opus,angeles
./data/macroset/en/clips/angeles/common_voice_en_21915357.opus,angeles
./data/macroset/en/clips/angeles/common_voice_en_21827141.opus,angeles
./data/macroset/en/clips/charm/common_voice_en_626212.opus,charm
./data/macroset/en/clips/charm/common_voice_en_189404.opus,charm
./data/macroset/en/clips/charm/common_voice_en_19546419.opus,charm
./data/macroset/en/clips/charm/common_voice_en_9947.opus,charm
./data/macroset/en/clips/charm/common_voice_en_577283.opus,charm
./data/macroset/en/clips/umbrellas/common_voice_en_219040.opus,umbrellas
./data/macroset/en/clips/umbrellas/common_voice_en_15599.opus,umbrellas
./data/macroset/en/clips/umbrellas/common_voice_en_179582.opus,umbrellas
./data/macroset/en/clips/umbrellas/common_voice_en_650298.opus,umbrellas
./data/macroset/en/clips/umbrellas/common_voice_en_501453.opus,umbrellas
./data/macroset/en/clips/inspiration/common_voice_en_19977385.opus,inspiration
./data/macroset/en/clips/inspiration/common_voice_en_20151712.opus,inspiration
./data/macroset/en/clips/inspiration/common_voice_en_22178723.opus,inspiration
./data/macroset/en/clips/inspiration/common_voice_en_19123644.opus,inspiration
./data/macroset/en/clips/inspiration/common_voice_en_19573709.opus,inspiration
./data/macroset/en/clips/snow/common_voice_en_502469.opus,snow
./data/macroset/en/clips/snow/common_voice_en_530073.opus,snow
./data/macroset/en/clips/snow/common_voice_en_21468210.opus,snow
./data/macroset/en/clips/snow/common_voice_en_411165.opus,snow
./data/macroset/en/clips/snow/common_voice_en_678865.opus,snow
./data/macroset/en/clips/fuck/common_voice_en_343405.opus,fuck
./data/macroset/en/clips/fuck/common_voice_en_17264858.opus,fuck
./data/macroset/en/clips/fuck/common_voice_en_17318981.opus,fuck
./data/macroset/en/clips/fuck/common_voice_en_17317486.opus,fuck
./data/macroset/en/clips/fuck/common_voice_en_17254227.opus,fuck
./data/macroset/en/clips/barrett/common_voice_en_21427382.opus,barrett
./data/macroset/en/clips/barrett/common_voice_en_19989639.opus,barrett
./data/macroset/en/clips/barrett/common_voice_en_20735130.opus,barrett
./data/macroset/en/clips/barrett/common_voice_en_20920416.opus,barrett
./data/macroset/en/clips/barrett/common_voice_en_19710134.opus,barrett
./data/macroset/en/clips/conquest/common_voice_en_20936679.opus,conquest
./data/macroset/en/clips/conquest/common_voice_en_18700015.opus,conquest
./data/macroset/en/clips/conquest/common_voice_en_22049753.opus,conquest
./data/macroset/en/clips/conquest/common_voice_en_19950026.opus,conquest
./data/macroset/en/clips/conquest/common_voice_en_21281277.opus,conquest
./data/macroset/en/clips/scooter/common_voice_en_545236.opus,scooter
./data/macroset/en/clips/scooter/common_voice_en_17811721.opus,scooter
./data/macroset/en/clips/scooter/common_voice_en_501284.opus,scooter
./data/macroset/en/clips/scooter/common_voice_en_22435573.opus,scooter
./data/macroset/en/clips/scooter/common_voice_en_15904174.opus,scooter
./data/macroset/en/clips/remixes/common_voice_en_20381330.opus,remixes
./data/macroset/en/clips/remixes/common_voice_en_533206.opus,remixes
./data/macroset/en/clips/remixes/common_voice_en_18150131.opus,remixes
./data/macroset/en/clips/remixes/common_voice_en_450782.opus,remixes
./data/macroset/en/clips/remixes/common_voice_en_575501.opus,remixes
./data/macroset/en/clips/crews/common_voice_en_20978410.opus,crews
./data/macroset/en/clips/crews/common_voice_en_20776460.opus,crews
./data/macroset/en/clips/crews/common_voice_en_20582330.opus,crews
./data/macroset/en/clips/crews/common_voice_en_19750546.opus,crews
./data/macroset/en/clips/crews/common_voice_en_20849380.opus,crews
./data/macroset/en/clips/abusive/common_voice_en_17899443.opus,abusive
./data/macroset/en/clips/abusive/common_voice_en_345435.opus,abusive
./data/macroset/en/clips/abusive/common_voice_en_17848214.opus,abusive
./data/macroset/en/clips/abusive/common_voice_en_22124361.opus,abusive
./data/macroset/en/clips/abusive/common_voice_en_18994370.opus,abusive
./data/macroset/en/clips/particle/common_voice_en_18411023.opus,particle
./data/macroset/en/clips/particle/common_voice_en_19654849.opus,particle
./data/macroset/en/clips/particle/common_voice_en_21318821.opus,particle
./data/macroset/en/clips/particle/common_voice_en_18495374__2.opus,particle
./data/macroset/en/clips/particle/common_voice_en_20339873.opus,particle
./data/macroset/en/clips/donation/common_voice_en_584687.opus,donation
./data/macroset/en/clips/donation/common_voice_en_18492297.opus,donation
./data/macroset/en/clips/donation/common_voice_en_18427652.opus,donation
./data/macroset/en/clips/donation/common_voice_en_552586.opus,donation
./data/macroset/en/clips/donation/common_voice_en_18508870.opus,donation
./data/macroset/en/clips/violet/common_voice_en_19689870.opus,violet
./data/macroset/en/clips/violet/common_voice_en_19437441.opus,violet
./data/macroset/en/clips/violet/common_voice_en_21670223.opus,violet
./data/macroset/en/clips/violet/common_voice_en_22435848.opus,violet
./data/macroset/en/clips/violet/common_voice_en_22292438__2.opus,violet
./data/macroset/en/clips/servant/common_voice_en_19599864.opus,servant
./data/macroset/en/clips/servant/common_voice_en_19611320.opus,servant
./data/macroset/en/clips/servant/common_voice_en_541656.opus,servant
./data/macroset/en/clips/servant/common_voice_en_209623.opus,servant
./data/macroset/en/clips/servant/common_voice_en_539619.opus,servant
./data/macroset/en/clips/boyfriend/common_voice_en_563467.opus,boyfriend
./data/macroset/en/clips/boyfriend/common_voice_en_17252140.opus,boyfriend
./data/macroset/en/clips/boyfriend/common_voice_en_645137.opus,boyfriend
./data/macroset/en/clips/boyfriend/common_voice_en_17367169.opus,boyfriend
./data/macroset/en/clips/boyfriend/common_voice_en_604469.opus,boyfriend
./data/macroset/en/clips/poodle/common_voice_en_667147.opus,poodle
./data/macroset/en/clips/poodle/common_voice_en_562907.opus,poodle
./data/macroset/en/clips/poodle/common_voice_en_63732.opus,poodle
./data/macroset/en/clips/poodle/common_voice_en_74428.opus,poodle
./data/macroset/en/clips/poodle/common_voice_en_18473575.opus,poodle
./data/macroset/en/clips/note/common_voice_en_3497345.opus,note
./data/macroset/en/clips/note/common_voice_en_19757822.opus,note
./data/macroset/en/clips/note/common_voice_en_18614912.opus,note
./data/macroset/en/clips/note/common_voice_en_544570.opus,note
./data/macroset/en/clips/note/common_voice_en_18095169.opus,note
./data/macroset/en/clips/discipline/common_voice_en_18500334.opus,discipline
./data/macroset/en/clips/discipline/common_voice_en_76917.opus,discipline
./data/macroset/en/clips/discipline/common_voice_en_696206.opus,discipline
./data/macroset/en/clips/discipline/common_voice_en_21419736.opus,discipline
./data/macroset/en/clips/discipline/common_voice_en_76781.opus,discipline
./data/macroset/en/clips/fleece/common_voice_en_17348032.opus,fleece
./data/macroset/en/clips/fleece/common_voice_en_18721971.opus,fleece
./data/macroset/en/clips/fleece/common_voice_en_68115.opus,fleece
./data/macroset/en/clips/fleece/common_voice_en_18729515.opus,fleece
./data/macroset/en/clips/fleece/common_voice_en_17336979.opus,fleece
./data/macroset/en/clips/rum/common_voice_en_18062062.opus,rum
./data/macroset/en/clips/rum/common_voice_en_600202.opus,rum
./data/macroset/en/clips/rum/common_voice_en_537032.opus,rum
./data/macroset/en/clips/rum/common_voice_en_36115.opus,rum
./data/macroset/en/clips/rum/common_voice_en_517144.opus,rum
./data/macroset/en/clips/report/common_voice_en_18454231.opus,report
./data/macroset/en/clips/report/common_voice_en_18530356.opus,report
./data/macroset/en/clips/report/common_voice_en_17274787.opus,report
./data/macroset/en/clips/report/common_voice_en_22328978.opus,report
./data/macroset/en/clips/report/common_voice_en_18620165.opus,report
./data/macroset/en/clips/mined/common_voice_en_21354627.opus,mined
./data/macroset/en/clips/mined/common_voice_en_19135995.opus,mined
./data/macroset/en/clips/mined/common_voice_en_20828444.opus,mined
./data/macroset/en/clips/mined/common_voice_en_19520002.opus,mined
./data/macroset/en/clips/mined/common_voice_en_21995481.opus,mined
./data/macroset/en/clips/ceremony/common_voice_en_17390626.opus,ceremony
./data/macroset/en/clips/ceremony/common_voice_en_18474029.opus,ceremony
./data/macroset/en/clips/ceremony/common_voice_en_18993946.opus,ceremony
./data/macroset/en/clips/ceremony/common_voice_en_619847.opus,ceremony
./data/macroset/en/clips/ceremony/common_voice_en_22273029.opus,ceremony
./data/macroset/en/clips/deficits/common_voice_en_17284268.opus,deficits
./data/macroset/en/clips/deficits/common_voice_en_19028972.opus,deficits
./data/macroset/en/clips/deficits/common_voice_en_17551911.opus,deficits
./data/macroset/en/clips/deficits/common_voice_en_17398538.opus,deficits
./data/macroset/en/clips/deficits/common_voice_en_22050025.opus,deficits
./data/macroset/en/clips/slant/common_voice_en_18246071.opus,slant
./data/macroset/en/clips/slant/common_voice_en_18174375.opus,slant
./data/macroset/en/clips/slant/common_voice_en_18147433.opus,slant
./data/macroset/en/clips/slant/common_voice_en_18281654.opus,slant
./data/macroset/en/clips/slant/common_voice_en_18026054.opus,slant
./data/macroset/en/clips/hopeful/common_voice_en_597005.opus,hopeful
./data/macroset/en/clips/hopeful/common_voice_en_18935651.opus,hopeful
./data/macroset/en/clips/hopeful/common_voice_en_74785.opus,hopeful
./data/macroset/en/clips/hopeful/common_voice_en_21501317.opus,hopeful
./data/macroset/en/clips/hopeful/common_voice_en_94184.opus,hopeful
./data/macroset/en/clips/sewer/common_voice_en_18658801.opus,sewer
./data/macroset/en/clips/sewer/common_voice_en_18296144.opus,sewer
./data/macroset/en/clips/sewer/common_voice_en_22351868.opus,sewer
./data/macroset/en/clips/sewer/common_voice_en_20952735.opus,sewer
./data/macroset/en/clips/sewer/common_voice_en_18253429.opus,sewer
./data/macroset/en/clips/speedway/common_voice_en_22280850.opus,speedway
./data/macroset/en/clips/speedway/common_voice_en_19665414.opus,speedway
./data/macroset/en/clips/speedway/common_voice_en_19952277.opus,speedway
./data/macroset/en/clips/speedway/common_voice_en_20370952.opus,speedway
./data/macroset/en/clips/speedway/common_voice_en_21343520.opus,speedway
./data/macroset/en/clips/julius/common_voice_en_22356492.opus,julius
./data/macroset/en/clips/julius/common_voice_en_22455171.opus,julius
./data/macroset/en/clips/julius/common_voice_en_19212796.opus,julius
./data/macroset/en/clips/julius/common_voice_en_19422726.opus,julius
./data/macroset/en/clips/julius/common_voice_en_20386518.opus,julius
./data/macroset/en/clips/marilyn/common_voice_en_17887489.opus,marilyn
./data/macroset/en/clips/marilyn/common_voice_en_17986205.opus,marilyn
./data/macroset/en/clips/marilyn/common_voice_en_18037.opus,marilyn
./data/macroset/en/clips/marilyn/common_voice_en_18109063.opus,marilyn
./data/macroset/en/clips/marilyn/common_voice_en_20878046.opus,marilyn
./data/macroset/en/clips/argentine/common_voice_en_18820993.opus,argentine
./data/macroset/en/clips/argentine/common_voice_en_19887745.opus,argentine
./data/macroset/en/clips/argentine/common_voice_en_19677284.opus,argentine
./data/macroset/en/clips/argentine/common_voice_en_22395780.opus,argentine
./data/macroset/en/clips/argentine/common_voice_en_20747016.opus,argentine
./data/macroset/en/clips/queen/common_voice_en_19664595.opus,queen
./data/macroset/en/clips/queen/common_voice_en_21781848.opus,queen
./data/macroset/en/clips/queen/common_voice_en_19794686.opus,queen
./data/macroset/en/clips/queen/common_voice_en_20851006.opus,queen
./data/macroset/en/clips/queen/common_voice_en_19497822.opus,queen
./data/macroset/en/clips/pounding/common_voice_en_626079.opus,pounding
./data/macroset/en/clips/pounding/common_voice_en_75111.opus,pounding
./data/macroset/en/clips/pounding/common_voice_en_622498.opus,pounding
./data/macroset/en/clips/pounding/common_voice_en_511433.opus,pounding
./data/macroset/en/clips/pounding/common_voice_en_20303517.opus,pounding
./data/macroset/en/clips/olympic/common_voice_en_19272646.opus,olympic
./data/macroset/en/clips/olympic/common_voice_en_21264030.opus,olympic
./data/macroset/en/clips/olympic/common_voice_en_22277899.opus,olympic
./data/macroset/en/clips/olympic/common_voice_en_21181645.opus,olympic
./data/macroset/en/clips/olympic/common_voice_en_20221848.opus,olympic
./data/macroset/en/clips/unfortunately/common_voice_en_17274668.opus,unfortunately
./data/macroset/en/clips/unfortunately/common_voice_en_21345629.opus,unfortunately
./data/macroset/en/clips/unfortunately/common_voice_en_19368740.opus,unfortunately
./data/macroset/en/clips/unfortunately/common_voice_en_461063.opus,unfortunately
./data/macroset/en/clips/unfortunately/common_voice_en_17262106.opus,unfortunately
./data/macroset/en/clips/sealed/common_voice_en_19799180.opus,sealed
./data/macroset/en/clips/sealed/common_voice_en_18869003.opus,sealed
./data/macroset/en/clips/sealed/common_voice_en_19595552.opus,sealed
./data/macroset/en/clips/sealed/common_voice_en_19047011.opus,sealed
./data/macroset/en/clips/sealed/common_voice_en_17847573.opus,sealed
./data/macroset/en/clips/flow/common_voice_en_21795225.opus,flow
./data/macroset/en/clips/flow/common_voice_en_21897957.opus,flow
./data/macroset/en/clips/flow/common_voice_en_20939257.opus,flow
./data/macroset/en/clips/flow/common_voice_en_20325548.opus,flow
./data/macroset/en/clips/flow/common_voice_en_20233548.opus,flow
./data/macroset/en/clips/psychologist/common_voice_en_17246364.opus,psychologist
./data/macroset/en/clips/psychologist/common_voice_en_17384003.opus,psychologist
./data/macroset/en/clips/psychologist/common_voice_en_17309840.opus,psychologist
./data/macroset/en/clips/psychologist/common_voice_en_17290031.opus,psychologist
./data/macroset/en/clips/psychologist/common_voice_en_623176.opus,psychologist
./data/macroset/en/clips/ornate/common_voice_en_17288533.opus,ornate
./data/macroset/en/clips/ornate/common_voice_en_19998341.opus,ornate
./data/macroset/en/clips/ornate/common_voice_en_49958.opus,ornate
./data/macroset/en/clips/ornate/common_voice_en_19698955.opus,ornate
./data/macroset/en/clips/ornate/common_voice_en_419370.opus,ornate
./data/macroset/en/clips/bleak/common_voice_en_18539508.opus,bleak
./data/macroset/en/clips/bleak/common_voice_en_17873531.opus,bleak
./data/macroset/en/clips/bleak/common_voice_en_17562347.opus,bleak
./data/macroset/en/clips/bleak/common_voice_en_17304352.opus,bleak
./data/macroset/en/clips/bleak/common_voice_en_17990898.opus,bleak
./data/macroset/en/clips/shutters/common_voice_en_45203.opus,shutters
./data/macroset/en/clips/shutters/common_voice_en_582081.opus,shutters
./data/macroset/en/clips/shutters/common_voice_en_630757.opus,shutters
./data/macroset/en/clips/shutters/common_voice_en_515593.opus,shutters
./data/macroset/en/clips/shutters/common_voice_en_509229.opus,shutters
./data/macroset/en/clips/keeps/common_voice_en_53043.opus,keeps
./data/macroset/en/clips/keeps/common_voice_en_21592551.opus,keeps
./data/macroset/en/clips/keeps/common_voice_en_188134.opus,keeps
./data/macroset/en/clips/keeps/common_voice_en_17806150.opus,keeps
./data/macroset/en/clips/keeps/common_voice_en_483747.opus,keeps
./data/macroset/en/clips/legislature/common_voice_en_22404976.opus,legislature
./data/macroset/en/clips/legislature/common_voice_en_21311015.opus,legislature
./data/macroset/en/clips/legislature/common_voice_en_18843679.opus,legislature
./data/macroset/en/clips/legislature/common_voice_en_19638919.opus,legislature
./data/macroset/en/clips/legislature/common_voice_en_21958274.opus,legislature
./data/macroset/en/clips/withdraw/common_voice_en_480637.opus,withdraw
./data/macroset/en/clips/withdraw/common_voice_en_18741413.opus,withdraw
./data/macroset/en/clips/withdraw/common_voice_en_663511.opus,withdraw
./data/macroset/en/clips/withdraw/common_voice_en_20932756.opus,withdraw
./data/macroset/en/clips/withdraw/common_voice_en_21352804.opus,withdraw
./data/macroset/en/clips/conway/common_voice_en_20676607.opus,conway
./data/macroset/en/clips/conway/common_voice_en_647499.opus,conway
./data/macroset/en/clips/conway/common_voice_en_548545.opus,conway
./data/macroset/en/clips/conway/common_voice_en_215838.opus,conway
./data/macroset/en/clips/conway/common_voice_en_544515.opus,conway
./data/macroset/en/clips/scrapped/common_voice_en_21914892.opus,scrapped
./data/macroset/en/clips/scrapped/common_voice_en_21954873.opus,scrapped
./data/macroset/en/clips/scrapped/common_voice_en_20114574.opus,scrapped
./data/macroset/en/clips/scrapped/common_voice_en_19694822.opus,scrapped
./data/macroset/en/clips/scrapped/common_voice_en_22132725.opus,scrapped
./data/macroset/en/clips/momentum/common_voice_en_22445508.opus,momentum
./data/macroset/en/clips/momentum/common_voice_en_19345381.opus,momentum
./data/macroset/en/clips/momentum/common_voice_en_22127334__2.opus,momentum
./data/macroset/en/clips/momentum/common_voice_en_20358558.opus,momentum
./data/macroset/en/clips/momentum/common_voice_en_20346578.opus,momentum
./data/macroset/en/clips/promotion/common_voice_en_22463973.opus,promotion
./data/macroset/en/clips/promotion/common_voice_en_20887862.opus,promotion
./data/macroset/en/clips/promotion/common_voice_en_19416542.opus,promotion
./data/macroset/en/clips/promotion/common_voice_en_19477210.opus,promotion
./data/macroset/en/clips/promotion/common_voice_en_22052758.opus,promotion
./data/macroset/en/clips/slugs/common_voice_en_18924450.opus,slugs
./data/macroset/en/clips/slugs/common_voice_en_17276626.opus,slugs
./data/macroset/en/clips/slugs/common_voice_en_415854.opus,slugs
./data/macroset/en/clips/slugs/common_voice_en_17580139.opus,slugs
./data/macroset/en/clips/slugs/common_voice_en_17688983.opus,slugs
./data/macroset/en/clips/wikipedia/common_voice_en_20718366__2.opus,wikipedia
./data/macroset/en/clips/wikipedia/common_voice_en_18522188.opus,wikipedia
./data/macroset/en/clips/wikipedia/common_voice_en_21449158.opus,wikipedia
./data/macroset/en/clips/wikipedia/common_voice_en_20294340.opus,wikipedia
./data/macroset/en/clips/wikipedia/common_voice_en_184673.opus,wikipedia
./data/macroset/en/clips/lazy/common_voice_en_2322743.opus,lazy
./data/macroset/en/clips/lazy/common_voice_en_18150024.opus,lazy
./data/macroset/en/clips/lazy/common_voice_en_20936007.opus,lazy
./data/macroset/en/clips/lazy/common_voice_en_24008.opus,lazy
./data/macroset/en/clips/lazy/common_voice_en_15735068.opus,lazy
./data/macroset/en/clips/correspond/common_voice_en_21984101.opus,correspond
./data/macroset/en/clips/correspond/common_voice_en_19805136.opus,correspond
./data/macroset/en/clips/correspond/common_voice_en_20590117.opus,correspond
./data/macroset/en/clips/correspond/common_voice_en_20020779.opus,correspond
./data/macroset/en/clips/correspond/common_voice_en_19230736__2.opus,correspond
./data/macroset/en/clips/exists/common_voice_en_200925.opus,exists
./data/macroset/en/clips/exists/common_voice_en_19675718.opus,exists
./data/macroset/en/clips/exists/common_voice_en_20321736.opus,exists
./data/macroset/en/clips/exists/common_voice_en_21099902.opus,exists
./data/macroset/en/clips/exists/common_voice_en_22289942.opus,exists
./data/macroset/en/clips/carpet/common_voice_en_18419544.opus,carpet
./data/macroset/en/clips/carpet/common_voice_en_18420341.opus,carpet
./data/macroset/en/clips/carpet/common_voice_en_17986233.opus,carpet
./data/macroset/en/clips/carpet/common_voice_en_18442100__2.opus,carpet
./data/macroset/en/clips/carpet/common_voice_en_17945615.opus,carpet
./data/macroset/en/clips/corpus/common_voice_en_19472011.opus,corpus
./data/macroset/en/clips/corpus/common_voice_en_19759276.opus,corpus
./data/macroset/en/clips/corpus/common_voice_en_18557554.opus,corpus
./data/macroset/en/clips/corpus/common_voice_en_20978747.opus,corpus
./data/macroset/en/clips/corpus/common_voice_en_20851660.opus,corpus
./data/macroset/en/clips/tomato/common_voice_en_494883.opus,tomato
./data/macroset/en/clips/tomato/common_voice_en_19502217.opus,tomato
./data/macroset/en/clips/tomato/common_voice_en_18670739.opus,tomato
./data/macroset/en/clips/tomato/common_voice_en_18411164.opus,tomato
./data/macroset/en/clips/tomato/common_voice_en_405820.opus,tomato
./data/macroset/en/clips/nourish/common_voice_en_628344.opus,nourish
./data/macroset/en/clips/nourish/common_voice_en_75179.opus,nourish
./data/macroset/en/clips/nourish/common_voice_en_495566.opus,nourish
./data/macroset/en/clips/nourish/common_voice_en_179792.opus,nourish
./data/macroset/en/clips/nourish/common_voice_en_479879.opus,nourish
./data/macroset/en/clips/vertex/common_voice_en_204313.opus,vertex
./data/macroset/en/clips/vertex/common_voice_en_22206556.opus,vertex
./data/macroset/en/clips/vertex/common_voice_en_20891146.opus,vertex
./data/macroset/en/clips/vertex/common_voice_en_19799404.opus,vertex
./data/macroset/en/clips/vertex/common_voice_en_609194.opus,vertex
./data/macroset/en/clips/canada/common_voice_en_305741.opus,canada
./data/macroset/en/clips/canada/common_voice_en_20218691.opus,canada
./data/macroset/en/clips/canada/common_voice_en_22185340.opus,canada
./data/macroset/en/clips/canada/common_voice_en_20407769.opus,canada
./data/macroset/en/clips/canada/common_voice_en_20462303.opus,canada
./data/macroset/en/clips/massage/common_voice_en_62767.opus,massage
./data/macroset/en/clips/massage/common_voice_en_203959.opus,massage
./data/macroset/en/clips/massage/common_voice_en_536647.opus,massage
./data/macroset/en/clips/massage/common_voice_en_17914177.opus,massage
./data/macroset/en/clips/massage/common_voice_en_52451.opus,massage
./data/macroset/en/clips/canadian/common_voice_en_20186019.opus,canadian
./data/macroset/en/clips/canadian/common_voice_en_22320022.opus,canadian
./data/macroset/en/clips/canadian/common_voice_en_20517455.opus,canadian
./data/macroset/en/clips/canadian/common_voice_en_18713996.opus,canadian
./data/macroset/en/clips/canadian/common_voice_en_19716532.opus,canadian
./data/macroset/en/clips/washing/common_voice_en_18354372.opus,washing
./data/macroset/en/clips/washing/common_voice_en_18344433.opus,washing
./data/macroset/en/clips/washing/common_voice_en_545946.opus,washing
./data/macroset/en/clips/washing/common_voice_en_215440.opus,washing
./data/macroset/en/clips/washing/common_voice_en_18535542.opus,washing
./data/macroset/en/clips/earliest/common_voice_en_20205052.opus,earliest
./data/macroset/en/clips/earliest/common_voice_en_19677640.opus,earliest
./data/macroset/en/clips/earliest/common_voice_en_21447284.opus,earliest
./data/macroset/en/clips/earliest/common_voice_en_19869664.opus,earliest
./data/macroset/en/clips/earliest/common_voice_en_22377765.opus,earliest
./data/macroset/en/clips/exit/common_voice_en_17339386.opus,exit
./data/macroset/en/clips/exit/common_voice_en_17406468.opus,exit
./data/macroset/en/clips/exit/common_voice_en_565196.opus,exit
./data/macroset/en/clips/exit/common_voice_en_181093.opus,exit
./data/macroset/en/clips/exit/common_voice_en_22091253.opus,exit
./data/macroset/en/clips/foods/common_voice_en_19759200.opus,foods
./data/macroset/en/clips/foods/common_voice_en_19095407.opus,foods
./data/macroset/en/clips/foods/common_voice_en_21742162.opus,foods
./data/macroset/en/clips/foods/common_voice_en_491829.opus,foods
./data/macroset/en/clips/foods/common_voice_en_22272410.opus,foods
./data/macroset/en/clips/phenomenal/common_voice_en_38823.opus,phenomenal
./data/macroset/en/clips/phenomenal/common_voice_en_544507.opus,phenomenal
./data/macroset/en/clips/phenomenal/common_voice_en_564982.opus,phenomenal
./data/macroset/en/clips/phenomenal/common_voice_en_20081033.opus,phenomenal
./data/macroset/en/clips/phenomenal/common_voice_en_21488895.opus,phenomenal
./data/macroset/en/clips/especially/common_voice_en_39572.opus,especially
./data/macroset/en/clips/especially/common_voice_en_19980046.opus,especially
./data/macroset/en/clips/especially/common_voice_en_599304.opus,especially
./data/macroset/en/clips/especially/common_voice_en_8023.opus,especially
./data/macroset/en/clips/especially/common_voice_en_164807.opus,especially
./data/macroset/en/clips/clone/common_voice_en_5559233.opus,clone
./data/macroset/en/clips/clone/common_voice_en_21722052.opus,clone
./data/macroset/en/clips/clone/common_voice_en_22248384.opus,clone
./data/macroset/en/clips/clone/common_voice_en_21650808.opus,clone
./data/macroset/en/clips/clone/common_voice_en_19983229.opus,clone
./data/macroset/en/clips/governors/common_voice_en_20302573.opus,governors
./data/macroset/en/clips/governors/common_voice_en_19320044.opus,governors
./data/macroset/en/clips/governors/common_voice_en_20880471.opus,governors
./data/macroset/en/clips/governors/common_voice_en_20258076.opus,governors
./data/macroset/en/clips/governors/common_voice_en_22299598__2.opus,governors
./data/macroset/en/clips/ending/common_voice_en_20654131.opus,ending
./data/macroset/en/clips/ending/common_voice_en_17292226.opus,ending
./data/macroset/en/clips/ending/common_voice_en_18801991.opus,ending
./data/macroset/en/clips/ending/common_voice_en_18658764.opus,ending
./data/macroset/en/clips/ending/common_voice_en_20225384.opus,ending
./data/macroset/en/clips/but/common_voice_en_18604891.opus,but
./data/macroset/en/clips/but/common_voice_en_596070.opus,but
./data/macroset/en/clips/but/common_voice_en_19344252.opus,but
./data/macroset/en/clips/but/common_voice_en_18156406.opus,but
./data/macroset/en/clips/but/common_voice_en_18480135.opus,but
./data/macroset/en/clips/andreas/common_voice_en_570032.opus,andreas
./data/macroset/en/clips/andreas/common_voice_en_514518.opus,andreas
./data/macroset/en/clips/andreas/common_voice_en_21702064.opus,andreas
./data/macroset/en/clips/andreas/common_voice_en_608744.opus,andreas
./data/macroset/en/clips/andreas/common_voice_en_665258.opus,andreas
./data/macroset/en/clips/desire/common_voice_en_482833.opus,desire
./data/macroset/en/clips/desire/common_voice_en_19612172.opus,desire
./data/macroset/en/clips/desire/common_voice_en_18870677.opus,desire
./data/macroset/en/clips/desire/common_voice_en_18518419.opus,desire
./data/macroset/en/clips/desire/common_voice_en_19310020.opus,desire
./data/macroset/en/clips/roof/common_voice_en_47159.opus,roof
./data/macroset/en/clips/roof/common_voice_en_390749.opus,roof
./data/macroset/en/clips/roof/common_voice_en_18599919.opus,roof
./data/macroset/en/clips/roof/common_voice_en_19650588.opus,roof
./data/macroset/en/clips/roof/common_voice_en_2494.opus,roof
./data/macroset/en/clips/nursery/common_voice_en_20434263.opus,nursery
./data/macroset/en/clips/nursery/common_voice_en_20878888.opus,nursery
./data/macroset/en/clips/nursery/common_voice_en_21438936.opus,nursery
./data/macroset/en/clips/nursery/common_voice_en_18829936.opus,nursery
./data/macroset/en/clips/nursery/common_voice_en_20952799.opus,nursery
./data/macroset/en/clips/vimeo/common_voice_en_215518.opus,vimeo
./data/macroset/en/clips/vimeo/common_voice_en_519966.opus,vimeo
./data/macroset/en/clips/vimeo/common_voice_en_575178.opus,vimeo
./data/macroset/en/clips/vimeo/common_voice_en_85135.opus,vimeo
./data/macroset/en/clips/vimeo/common_voice_en_19148.opus,vimeo
./data/macroset/en/clips/mainland/common_voice_en_19941811.opus,mainland
./data/macroset/en/clips/mainland/common_voice_en_21584911.opus,mainland
./data/macroset/en/clips/mainland/common_voice_en_21705192.opus,mainland
./data/macroset/en/clips/mainland/common_voice_en_20391385.opus,mainland
./data/macroset/en/clips/mainland/common_voice_en_21255029.opus,mainland
./data/macroset/en/clips/firm/common_voice_en_20748290.opus,firm
./data/macroset/en/clips/firm/common_voice_en_20670866.opus,firm
./data/macroset/en/clips/firm/common_voice_en_19640008.opus,firm
./data/macroset/en/clips/firm/common_voice_en_19387577.opus,firm
./data/macroset/en/clips/firm/common_voice_en_21905804.opus,firm
./data/macroset/en/clips/marty/common_voice_en_19419.opus,marty
./data/macroset/en/clips/marty/common_voice_en_22684.opus,marty
./data/macroset/en/clips/marty/common_voice_en_532106.opus,marty
./data/macroset/en/clips/marty/common_voice_en_492795.opus,marty
./data/macroset/en/clips/marty/common_voice_en_50366.opus,marty
./data/macroset/en/clips/bypass/common_voice_en_18944388.opus,bypass
./data/macroset/en/clips/bypass/common_voice_en_20154181.opus,bypass
./data/macroset/en/clips/bypass/common_voice_en_19149608.opus,bypass
./data/macroset/en/clips/bypass/common_voice_en_21277308.opus,bypass
./data/macroset/en/clips/bypass/common_voice_en_21771827.opus,bypass
./data/macroset/en/clips/curriculum/common_voice_en_20275573.opus,curriculum
./data/macroset/en/clips/curriculum/common_voice_en_21715397.opus,curriculum
./data/macroset/en/clips/curriculum/common_voice_en_22029303.opus,curriculum
./data/macroset/en/clips/curriculum/common_voice_en_20488562.opus,curriculum
./data/macroset/en/clips/curriculum/common_voice_en_20327478.opus,curriculum
./data/macroset/en/clips/hunt/common_voice_en_18736109.opus,hunt
./data/macroset/en/clips/hunt/common_voice_en_19946619.opus,hunt
./data/macroset/en/clips/hunt/common_voice_en_18327069.opus,hunt
./data/macroset/en/clips/hunt/common_voice_en_20300803.opus,hunt
./data/macroset/en/clips/hunt/common_voice_en_17941116.opus,hunt
./data/macroset/en/clips/beasts/common_voice_en_17411108.opus,beasts
./data/macroset/en/clips/beasts/common_voice_en_22065903.opus,beasts
./data/macroset/en/clips/beasts/common_voice_en_17387319.opus,beasts
./data/macroset/en/clips/beasts/common_voice_en_17851747.opus,beasts
./data/macroset/en/clips/beasts/common_voice_en_17247118.opus,beasts
./data/macroset/en/clips/imagination/common_voice_en_18577066.opus,imagination
./data/macroset/en/clips/imagination/common_voice_en_3152032.opus,imagination
./data/macroset/en/clips/imagination/common_voice_en_17844341.opus,imagination
./data/macroset/en/clips/imagination/common_voice_en_664731.opus,imagination
./data/macroset/en/clips/imagination/common_voice_en_19180947.opus,imagination
./data/macroset/en/clips/monroe/common_voice_en_22413575.opus,monroe
./data/macroset/en/clips/monroe/common_voice_en_21290773.opus,monroe
./data/macroset/en/clips/monroe/common_voice_en_22304581.opus,monroe
./data/macroset/en/clips/monroe/common_voice_en_21335421.opus,monroe
./data/macroset/en/clips/monroe/common_voice_en_19056692.opus,monroe
./data/macroset/en/clips/lizards/common_voice_en_19638639.opus,lizards
./data/macroset/en/clips/lizards/common_voice_en_629004.opus,lizards
./data/macroset/en/clips/lizards/common_voice_en_18767237.opus,lizards
./data/macroset/en/clips/lizards/common_voice_en_698924.opus,lizards
./data/macroset/en/clips/lizards/common_voice_en_639435.opus,lizards
./data/macroset/en/clips/socialist/common_voice_en_20565148.opus,socialist
./data/macroset/en/clips/socialist/common_voice_en_22415410.opus,socialist
./data/macroset/en/clips/socialist/common_voice_en_21267486.opus,socialist
./data/macroset/en/clips/socialist/common_voice_en_21042955.opus,socialist
./data/macroset/en/clips/socialist/common_voice_en_21276847.opus,socialist
./data/macroset/en/clips/maurice/common_voice_en_20178408.opus,maurice
./data/macroset/en/clips/maurice/common_voice_en_21624657.opus,maurice
./data/macroset/en/clips/maurice/common_voice_en_22091505.opus,maurice
./data/macroset/en/clips/maurice/common_voice_en_20798690.opus,maurice
./data/macroset/en/clips/maurice/common_voice_en_19263191.opus,maurice
./data/macroset/en/clips/fry/common_voice_en_20424156.opus,fry
./data/macroset/en/clips/fry/common_voice_en_22310285.opus,fry
./data/macroset/en/clips/fry/common_voice_en_490596.opus,fry
./data/macroset/en/clips/fry/common_voice_en_17957501.opus,fry
./data/macroset/en/clips/fry/common_voice_en_21342699.opus,fry
./data/macroset/en/clips/later/common_voice_en_509119.opus,later
./data/macroset/en/clips/later/common_voice_en_19636038.opus,later
./data/macroset/en/clips/later/common_voice_en_19804591.opus,later
./data/macroset/en/clips/later/common_voice_en_19955090.opus,later
./data/macroset/en/clips/later/common_voice_en_20990004.opus,later
./data/macroset/en/clips/insistently/common_voice_en_514716.opus,insistently
./data/macroset/en/clips/insistently/common_voice_en_75168.opus,insistently
./data/macroset/en/clips/insistently/common_voice_en_58428.opus,insistently
./data/macroset/en/clips/insistently/common_voice_en_683707.opus,insistently
./data/macroset/en/clips/insistently/common_voice_en_569183.opus,insistently
./data/macroset/en/clips/amphibians/common_voice_en_667868.opus,amphibians
./data/macroset/en/clips/amphibians/common_voice_en_19534099.opus,amphibians
./data/macroset/en/clips/amphibians/common_voice_en_20183273.opus,amphibians
./data/macroset/en/clips/amphibians/common_voice_en_83360.opus,amphibians
./data/macroset/en/clips/amphibians/common_voice_en_17270486.opus,amphibians
./data/macroset/en/clips/notified/common_voice_en_527823.opus,notified
./data/macroset/en/clips/notified/common_voice_en_19043161.opus,notified
./data/macroset/en/clips/notified/common_voice_en_551799.opus,notified
./data/macroset/en/clips/notified/common_voice_en_592904.opus,notified
./data/macroset/en/clips/notified/common_voice_en_30568.opus,notified
./data/macroset/en/clips/mercenary/common_voice_en_19062227.opus,mercenary
./data/macroset/en/clips/mercenary/common_voice_en_17889322.opus,mercenary
./data/macroset/en/clips/mercenary/common_voice_en_17271214.opus,mercenary
./data/macroset/en/clips/mercenary/common_voice_en_25009.opus,mercenary
./data/macroset/en/clips/mercenary/common_voice_en_17333324.opus,mercenary
./data/macroset/en/clips/adds/common_voice_en_21872529.opus,adds
./data/macroset/en/clips/adds/common_voice_en_19820115.opus,adds
./data/macroset/en/clips/adds/common_voice_en_20663316.opus,adds
./data/macroset/en/clips/adds/common_voice_en_20167097.opus,adds
./data/macroset/en/clips/adds/common_voice_en_19438648.opus,adds
./data/macroset/en/clips/workout/common_voice_en_675010.opus,workout
./data/macroset/en/clips/workout/common_voice_en_18744699.opus,workout
./data/macroset/en/clips/workout/common_voice_en_582269.opus,workout
./data/macroset/en/clips/workout/common_voice_en_181023.opus,workout
./data/macroset/en/clips/workout/common_voice_en_653394.opus,workout
./data/macroset/en/clips/traces/common_voice_en_22316455.opus,traces
./data/macroset/en/clips/traces/common_voice_en_20045105.opus,traces
./data/macroset/en/clips/traces/common_voice_en_21766284.opus,traces
./data/macroset/en/clips/traces/common_voice_en_22420227.opus,traces
./data/macroset/en/clips/traces/common_voice_en_18864781.opus,traces
./data/macroset/en/clips/chilling/common_voice_en_17264464.opus,chilling
./data/macroset/en/clips/chilling/common_voice_en_21571607.opus,chilling
./data/macroset/en/clips/chilling/common_voice_en_18039509.opus,chilling
./data/macroset/en/clips/chilling/common_voice_en_17255472.opus,chilling
./data/macroset/en/clips/chilling/common_voice_en_17291979.opus,chilling
./data/macroset/en/clips/stormed/common_voice_en_22345915.opus,stormed
./data/macroset/en/clips/stormed/common_voice_en_18993019.opus,stormed
./data/macroset/en/clips/stormed/common_voice_en_17352250.opus,stormed
./data/macroset/en/clips/stormed/common_voice_en_17524789.opus,stormed
./data/macroset/en/clips/stormed/common_voice_en_18141665.opus,stormed
./data/macroset/en/clips/courthouse/common_voice_en_19988815.opus,courthouse
./data/macroset/en/clips/courthouse/common_voice_en_582749.opus,courthouse
./data/macroset/en/clips/courthouse/common_voice_en_20794883.opus,courthouse
./data/macroset/en/clips/courthouse/common_voice_en_21314220.opus,courthouse
./data/macroset/en/clips/courthouse/common_voice_en_22257727.opus,courthouse
./data/macroset/en/clips/thanked/common_voice_en_196903.opus,thanked
./data/macroset/en/clips/thanked/common_voice_en_643391.opus,thanked
./data/macroset/en/clips/thanked/common_voice_en_619077.opus,thanked
./data/macroset/en/clips/thanked/common_voice_en_99216.opus,thanked
./data/macroset/en/clips/thanked/common_voice_en_18616927.opus,thanked
./data/macroset/en/clips/gesture/common_voice_en_18580365.opus,gesture
./data/macroset/en/clips/gesture/common_voice_en_17391440.opus,gesture
./data/macroset/en/clips/gesture/common_voice_en_18407954.opus,gesture
./data/macroset/en/clips/gesture/common_voice_en_18456693.opus,gesture
./data/macroset/en/clips/gesture/common_voice_en_17290286.opus,gesture
./data/macroset/en/clips/comprising/common_voice_en_20679523.opus,comprising
./data/macroset/en/clips/comprising/common_voice_en_687373.opus,comprising
./data/macroset/en/clips/comprising/common_voice_en_17985930.opus,comprising
./data/macroset/en/clips/comprising/common_voice_en_22275646.opus,comprising
./data/macroset/en/clips/comprising/common_voice_en_20798145.opus,comprising
./data/macroset/en/clips/playgrounds/common_voice_en_19567074.opus,playgrounds
./data/macroset/en/clips/playgrounds/common_voice_en_74818.opus,playgrounds
./data/macroset/en/clips/playgrounds/common_voice_en_668742.opus,playgrounds
./data/macroset/en/clips/playgrounds/common_voice_en_553919.opus,playgrounds
./data/macroset/en/clips/playgrounds/common_voice_en_578226.opus,playgrounds
./data/macroset/en/clips/turvy/common_voice_en_18413041.opus,turvy
./data/macroset/en/clips/turvy/common_voice_en_17314494.opus,turvy
./data/macroset/en/clips/turvy/common_voice_en_9376138.opus,turvy
./data/macroset/en/clips/turvy/common_voice_en_170853.opus,turvy
./data/macroset/en/clips/turvy/common_voice_en_499527.opus,turvy
./data/macroset/en/clips/overcome/common_voice_en_686728.opus,overcome
./data/macroset/en/clips/overcome/common_voice_en_21851934.opus,overcome
./data/macroset/en/clips/overcome/common_voice_en_74089.opus,overcome
./data/macroset/en/clips/overcome/common_voice_en_20928639.opus,overcome
./data/macroset/en/clips/overcome/common_voice_en_20876905.opus,overcome
./data/macroset/en/clips/rhodes/common_voice_en_20454691.opus,rhodes
./data/macroset/en/clips/rhodes/common_voice_en_20328908.opus,rhodes
./data/macroset/en/clips/rhodes/common_voice_en_21777434.opus,rhodes
./data/macroset/en/clips/rhodes/common_voice_en_19065275.opus,rhodes
./data/macroset/en/clips/rhodes/common_voice_en_20015815.opus,rhodes
./data/macroset/en/clips/sketch/common_voice_en_20274397.opus,sketch
./data/macroset/en/clips/sketch/common_voice_en_18343754.opus,sketch
./data/macroset/en/clips/sketch/common_voice_en_21050182.opus,sketch
./data/macroset/en/clips/sketch/common_voice_en_18975065.opus,sketch
./data/macroset/en/clips/sketch/common_voice_en_18419058.opus,sketch
./data/macroset/en/clips/pits/common_voice_en_693887.opus,pits
./data/macroset/en/clips/pits/common_voice_en_69369.opus,pits
./data/macroset/en/clips/pits/common_voice_en_633626.opus,pits
./data/macroset/en/clips/pits/common_voice_en_21753943.opus,pits
./data/macroset/en/clips/pits/common_voice_en_486562.opus,pits
./data/macroset/en/clips/join/common_voice_en_184801.opus,join
./data/macroset/en/clips/join/common_voice_en_20227786.opus,join
./data/macroset/en/clips/join/common_voice_en_17812787.opus,join
./data/macroset/en/clips/join/common_voice_en_642840.opus,join
./data/macroset/en/clips/join/common_voice_en_566338.opus,join
./data/macroset/en/clips/butter/common_voice_en_44438.opus,butter
./data/macroset/en/clips/butter/common_voice_en_521936.opus,butter
./data/macroset/en/clips/butter/common_voice_en_178791.opus,butter
./data/macroset/en/clips/butter/common_voice_en_17409454.opus,butter
./data/macroset/en/clips/butter/common_voice_en_492522.opus,butter
./data/macroset/en/clips/comings/common_voice_en_627818.opus,comings
./data/macroset/en/clips/comings/common_voice_en_193620.opus,comings
./data/macroset/en/clips/comings/common_voice_en_53353.opus,comings
./data/macroset/en/clips/comings/common_voice_en_198637.opus,comings
./data/macroset/en/clips/comings/common_voice_en_601567.opus,comings
./data/macroset/en/clips/puts/common_voice_en_491373.opus,puts
./data/macroset/en/clips/puts/common_voice_en_56691.opus,puts
./data/macroset/en/clips/puts/common_voice_en_602207.opus,puts
./data/macroset/en/clips/puts/common_voice_en_17557467.opus,puts
./data/macroset/en/clips/puts/common_voice_en_17274177.opus,puts
./data/macroset/en/clips/forbidden/common_voice_en_18418397.opus,forbidden
./data/macroset/en/clips/forbidden/common_voice_en_205137.opus,forbidden
./data/macroset/en/clips/forbidden/common_voice_en_20472089.opus,forbidden
./data/macroset/en/clips/forbidden/common_voice_en_21330749.opus,forbidden
./data/macroset/en/clips/forbidden/common_voice_en_683894.opus,forbidden
./data/macroset/en/clips/sprained/common_voice_en_93986.opus,sprained
./data/macroset/en/clips/sprained/common_voice_en_173134.opus,sprained
./data/macroset/en/clips/sprained/common_voice_en_219289.opus,sprained
./data/macroset/en/clips/sprained/common_voice_en_687826.opus,sprained
./data/macroset/en/clips/sprained/common_voice_en_690523.opus,sprained
./data/macroset/en/clips/blog/common_voice_en_22240581.opus,blog
./data/macroset/en/clips/blog/common_voice_en_21342804.opus,blog
./data/macroset/en/clips/blog/common_voice_en_20238069.opus,blog
./data/macroset/en/clips/blog/common_voice_en_51091.opus,blog
./data/macroset/en/clips/blog/common_voice_en_21518368.opus,blog
./data/macroset/en/clips/populous/common_voice_en_20513953.opus,populous
./data/macroset/en/clips/populous/common_voice_en_19428107.opus,populous
./data/macroset/en/clips/populous/common_voice_en_20367057.opus,populous
./data/macroset/en/clips/populous/common_voice_en_20322953.opus,populous
./data/macroset/en/clips/populous/common_voice_en_21020650.opus,populous
./data/macroset/en/clips/theory/common_voice_en_676665.opus,theory
./data/macroset/en/clips/theory/common_voice_en_18882714.opus,theory
./data/macroset/en/clips/theory/common_voice_en_21344472.opus,theory
./data/macroset/en/clips/theory/common_voice_en_19541399.opus,theory
./data/macroset/en/clips/theory/common_voice_en_18870458.opus,theory
./data/macroset/en/clips/darth/common_voice_en_22259806.opus,darth
./data/macroset/en/clips/darth/common_voice_en_699931.opus,darth
./data/macroset/en/clips/darth/common_voice_en_515053.opus,darth
./data/macroset/en/clips/darth/common_voice_en_546908.opus,darth
./data/macroset/en/clips/darth/common_voice_en_9376034.opus,darth
./data/macroset/en/clips/healthcare/common_voice_en_18514836.opus,healthcare
./data/macroset/en/clips/healthcare/common_voice_en_18540811.opus,healthcare
./data/macroset/en/clips/healthcare/common_voice_en_18865201.opus,healthcare
./data/macroset/en/clips/healthcare/common_voice_en_683530.opus,healthcare
./data/macroset/en/clips/healthcare/common_voice_en_19558126.opus,healthcare
./data/macroset/en/clips/glow/common_voice_en_18444054.opus,glow
./data/macroset/en/clips/glow/common_voice_en_18514685.opus,glow
./data/macroset/en/clips/glow/common_voice_en_583527.opus,glow
./data/macroset/en/clips/glow/common_voice_en_545760.opus,glow
./data/macroset/en/clips/glow/common_voice_en_493240.opus,glow
./data/macroset/en/clips/happens/common_voice_en_632592.opus,happens
./data/macroset/en/clips/happens/common_voice_en_182249.opus,happens
./data/macroset/en/clips/happens/common_voice_en_19708259.opus,happens
./data/macroset/en/clips/happens/common_voice_en_20905668.opus,happens
./data/macroset/en/clips/happens/common_voice_en_209246.opus,happens
./data/macroset/en/clips/fifty/common_voice_en_586877.opus,fifty
./data/macroset/en/clips/fifty/common_voice_en_70136.opus,fifty
./data/macroset/en/clips/fifty/common_voice_en_560169.opus,fifty
./data/macroset/en/clips/fifty/common_voice_en_21024334.opus,fifty
./data/macroset/en/clips/fifty/common_voice_en_602066.opus,fifty
./data/macroset/en/clips/documentary/common_voice_en_19614971.opus,documentary
./data/macroset/en/clips/documentary/common_voice_en_18692111.opus,documentary
./data/macroset/en/clips/documentary/common_voice_en_19511426.opus,documentary
./data/macroset/en/clips/documentary/common_voice_en_21382766.opus,documentary
./data/macroset/en/clips/documentary/common_voice_en_18485245.opus,documentary
./data/macroset/en/clips/electronic/common_voice_en_21794734.opus,electronic
./data/macroset/en/clips/electronic/common_voice_en_20380053.opus,electronic
./data/macroset/en/clips/electronic/common_voice_en_21109966.opus,electronic
./data/macroset/en/clips/electronic/common_voice_en_665819.opus,electronic
./data/macroset/en/clips/electronic/common_voice_en_19382097.opus,electronic
./data/macroset/en/clips/smoke/common_voice_en_599267.opus,smoke
./data/macroset/en/clips/smoke/common_voice_en_19794591.opus,smoke
./data/macroset/en/clips/smoke/common_voice_en_54050.opus,smoke
./data/macroset/en/clips/smoke/common_voice_en_44615.opus,smoke
./data/macroset/en/clips/smoke/common_voice_en_10646.opus,smoke
./data/macroset/en/clips/fallen/common_voice_en_485249.opus,fallen
./data/macroset/en/clips/fallen/common_voice_en_214475.opus,fallen
./data/macroset/en/clips/fallen/common_voice_en_83138.opus,fallen
./data/macroset/en/clips/fallen/common_voice_en_505689.opus,fallen
./data/macroset/en/clips/fallen/common_voice_en_18341355.opus,fallen
./data/macroset/en/clips/cheers/common_voice_en_18316618.opus,cheers
./data/macroset/en/clips/cheers/common_voice_en_17263310.opus,cheers
./data/macroset/en/clips/cheers/common_voice_en_608156.opus,cheers
./data/macroset/en/clips/cheers/common_voice_en_17798747.opus,cheers
./data/macroset/en/clips/cheers/common_voice_en_538165.opus,cheers
./data/macroset/en/clips/intervened/common_voice_en_203965.opus,intervened
./data/macroset/en/clips/intervened/common_voice_en_18104743.opus,intervened
./data/macroset/en/clips/intervened/common_voice_en_583529.opus,intervened
./data/macroset/en/clips/intervened/common_voice_en_66288.opus,intervened
./data/macroset/en/clips/intervened/common_voice_en_20735806.opus,intervened
./data/macroset/en/clips/cookies/common_voice_en_84274.opus,cookies
./data/macroset/en/clips/cookies/common_voice_en_18403954.opus,cookies
./data/macroset/en/clips/cookies/common_voice_en_18434485.opus,cookies
./data/macroset/en/clips/cookies/common_voice_en_604846.opus,cookies
./data/macroset/en/clips/cookies/common_voice_en_574632.opus,cookies
./data/macroset/en/clips/bring/common_voice_en_17704360.opus,bring
./data/macroset/en/clips/bring/common_voice_en_53320.opus,bring
./data/macroset/en/clips/bring/common_voice_en_18247408.opus,bring
./data/macroset/en/clips/bring/common_voice_en_2217.opus,bring
./data/macroset/en/clips/bring/common_voice_en_546274.opus,bring
./data/macroset/en/clips/parliament/common_voice_en_21721555.opus,parliament
./data/macroset/en/clips/parliament/common_voice_en_20467346.opus,parliament
./data/macroset/en/clips/parliament/common_voice_en_19102730.opus,parliament
./data/macroset/en/clips/parliament/common_voice_en_326034.opus,parliament
./data/macroset/en/clips/parliament/common_voice_en_658640.opus,parliament
./data/macroset/en/clips/pasadena/common_voice_en_19654564__2.opus,pasadena
./data/macroset/en/clips/pasadena/common_voice_en_19979728.opus,pasadena
./data/macroset/en/clips/pasadena/common_voice_en_19689304.opus,pasadena
./data/macroset/en/clips/pasadena/common_voice_en_20184968.opus,pasadena
./data/macroset/en/clips/pasadena/common_voice_en_19565945__2.opus,pasadena
./data/macroset/en/clips/failed/common_voice_en_21730660.opus,failed
./data/macroset/en/clips/failed/common_voice_en_21304325.opus,failed
./data/macroset/en/clips/failed/common_voice_en_19591775.opus,failed
./data/macroset/en/clips/failed/common_voice_en_505216.opus,failed
./data/macroset/en/clips/failed/common_voice_en_19909321.opus,failed
./data/macroset/en/clips/optical/common_voice_en_692171.opus,optical
./data/macroset/en/clips/optical/common_voice_en_20325845.opus,optical
./data/macroset/en/clips/optical/common_voice_en_21063390.opus,optical
./data/macroset/en/clips/optical/common_voice_en_565447.opus,optical
./data/macroset/en/clips/optical/common_voice_en_21441.opus,optical
./data/macroset/en/clips/thy/common_voice_en_18271974.opus,thy
./data/macroset/en/clips/thy/common_voice_en_17652575.opus,thy
./data/macroset/en/clips/thy/common_voice_en_21345581.opus,thy
./data/macroset/en/clips/thy/common_voice_en_17875965.opus,thy
./data/macroset/en/clips/thy/common_voice_en_18036839.opus,thy
./data/macroset/en/clips/patio/common_voice_en_18104074.opus,patio
./data/macroset/en/clips/patio/common_voice_en_5559131.opus,patio
./data/macroset/en/clips/patio/common_voice_en_491373.opus,patio
./data/macroset/en/clips/patio/common_voice_en_18147973.opus,patio
./data/macroset/en/clips/patio/common_voice_en_17251191.opus,patio
./data/macroset/en/clips/minerals/common_voice_en_20170026.opus,minerals
./data/macroset/en/clips/minerals/common_voice_en_20093125.opus,minerals
./data/macroset/en/clips/minerals/common_voice_en_19018854.opus,minerals
./data/macroset/en/clips/minerals/common_voice_en_18861208.opus,minerals
./data/macroset/en/clips/minerals/common_voice_en_19945963.opus,minerals
./data/macroset/en/clips/nudism/common_voice_en_17276273.opus,nudism
./data/macroset/en/clips/nudism/common_voice_en_17263825.opus,nudism
./data/macroset/en/clips/nudism/common_voice_en_610692.opus,nudism
./data/macroset/en/clips/nudism/common_voice_en_24042.opus,nudism
./data/macroset/en/clips/nudism/common_voice_en_17294283.opus,nudism
./data/macroset/en/clips/raisins/common_voice_en_551271.opus,raisins
./data/macroset/en/clips/raisins/common_voice_en_58944.opus,raisins
./data/macroset/en/clips/raisins/common_voice_en_615703.opus,raisins
./data/macroset/en/clips/raisins/common_voice_en_477335.opus,raisins
./data/macroset/en/clips/raisins/common_voice_en_675686.opus,raisins
./data/macroset/en/clips/quietness/common_voice_en_17287926.opus,quietness
./data/macroset/en/clips/quietness/common_voice_en_17562027.opus,quietness
./data/macroset/en/clips/quietness/common_voice_en_17910506.opus,quietness
./data/macroset/en/clips/quietness/common_voice_en_18408368.opus,quietness
./data/macroset/en/clips/quietness/common_voice_en_17433152.opus,quietness
./data/macroset/en/clips/closest/common_voice_en_166805.opus,closest
./data/macroset/en/clips/closest/common_voice_en_493796.opus,closest
./data/macroset/en/clips/closest/common_voice_en_69042.opus,closest
./data/macroset/en/clips/closest/common_voice_en_92142.opus,closest
./data/macroset/en/clips/closest/common_voice_en_650257.opus,closest
./data/macroset/en/clips/moist/common_voice_en_19090326.opus,moist
./data/macroset/en/clips/moist/common_voice_en_19106656.opus,moist
./data/macroset/en/clips/moist/common_voice_en_17445197.opus,moist
./data/macroset/en/clips/moist/common_voice_en_18978381.opus,moist
./data/macroset/en/clips/moist/common_voice_en_21507534.opus,moist
./data/macroset/en/clips/bribe/common_voice_en_94102.opus,bribe
./data/macroset/en/clips/bribe/common_voice_en_489629.opus,bribe
./data/macroset/en/clips/bribe/common_voice_en_19463380.opus,bribe
./data/macroset/en/clips/bribe/common_voice_en_596044.opus,bribe
./data/macroset/en/clips/bribe/common_voice_en_689137.opus,bribe
./data/macroset/en/clips/concern/common_voice_en_17817108.opus,concern
./data/macroset/en/clips/concern/common_voice_en_612356.opus,concern
./data/macroset/en/clips/concern/common_voice_en_18898129.opus,concern
./data/macroset/en/clips/concern/common_voice_en_22336675.opus,concern
./data/macroset/en/clips/concern/common_voice_en_21637769.opus,concern
./data/macroset/en/clips/brian/common_voice_en_20798239.opus,brian
./data/macroset/en/clips/brian/common_voice_en_20585731.opus,brian
./data/macroset/en/clips/brian/common_voice_en_20068138.opus,brian
./data/macroset/en/clips/brian/common_voice_en_21246930.opus,brian
./data/macroset/en/clips/brian/common_voice_en_19324239.opus,brian
./data/macroset/en/clips/scan/common_voice_en_19383726.opus,scan
./data/macroset/en/clips/scan/common_voice_en_18618160.opus,scan
./data/macroset/en/clips/scan/common_voice_en_18524672.opus,scan
./data/macroset/en/clips/scan/common_voice_en_20724124.opus,scan
./data/macroset/en/clips/scan/common_voice_en_692404.opus,scan
./data/macroset/en/clips/reacted/common_voice_en_18964462.opus,reacted
./data/macroset/en/clips/reacted/common_voice_en_674706.opus,reacted
./data/macroset/en/clips/reacted/common_voice_en_18727777.opus,reacted
./data/macroset/en/clips/reacted/common_voice_en_17802959.opus,reacted
./data/macroset/en/clips/reacted/common_voice_en_17843504.opus,reacted
./data/macroset/en/clips/cardboard/common_voice_en_18145016.opus,cardboard
./data/macroset/en/clips/cardboard/common_voice_en_21512778.opus,cardboard
./data/macroset/en/clips/cardboard/common_voice_en_17835174.opus,cardboard
./data/macroset/en/clips/cardboard/common_voice_en_659766.opus,cardboard
./data/macroset/en/clips/cardboard/common_voice_en_217942.opus,cardboard
./data/macroset/en/clips/increased/common_voice_en_21068980.opus,increased
./data/macroset/en/clips/increased/common_voice_en_20105330.opus,increased
./data/macroset/en/clips/increased/common_voice_en_19311860.opus,increased
./data/macroset/en/clips/increased/common_voice_en_512201.opus,increased
./data/macroset/en/clips/increased/common_voice_en_650157.opus,increased
./data/macroset/en/clips/kinda/common_voice_en_50669.opus,kinda
./data/macroset/en/clips/kinda/common_voice_en_17714080.opus,kinda
./data/macroset/en/clips/kinda/common_voice_en_583802.opus,kinda
./data/macroset/en/clips/kinda/common_voice_en_494856.opus,kinda
./data/macroset/en/clips/kinda/common_voice_en_8204.opus,kinda
./data/macroset/en/clips/folks/common_voice_en_622205.opus,folks
./data/macroset/en/clips/folks/common_voice_en_565899.opus,folks
./data/macroset/en/clips/folks/common_voice_en_207149.opus,folks
./data/macroset/en/clips/folks/common_voice_en_168293.opus,folks
./data/macroset/en/clips/folks/common_voice_en_498992.opus,folks
./data/macroset/en/clips/contributed/common_voice_en_20664067.opus,contributed
./data/macroset/en/clips/contributed/common_voice_en_22157790.opus,contributed
./data/macroset/en/clips/contributed/common_voice_en_20507280.opus,contributed
./data/macroset/en/clips/contributed/common_voice_en_19312143.opus,contributed
./data/macroset/en/clips/contributed/common_voice_en_19513961.opus,contributed
./data/macroset/en/clips/queensland/common_voice_en_21386123.opus,queensland
./data/macroset/en/clips/queensland/common_voice_en_20520484.opus,queensland
./data/macroset/en/clips/queensland/common_voice_en_20767920.opus,queensland
./data/macroset/en/clips/queensland/common_voice_en_19519201.opus,queensland
./data/macroset/en/clips/queensland/common_voice_en_20425474.opus,queensland
./data/macroset/en/clips/coventry/common_voice_en_20234843.opus,coventry
./data/macroset/en/clips/coventry/common_voice_en_18851814.opus,coventry
./data/macroset/en/clips/coventry/common_voice_en_20025998.opus,coventry
./data/macroset/en/clips/coventry/common_voice_en_20565333.opus,coventry
./data/macroset/en/clips/coventry/common_voice_en_19698559.opus,coventry
./data/macroset/en/clips/lincoln/common_voice_en_20938762__2.opus,lincoln
./data/macroset/en/clips/lincoln/common_voice_en_21351231.opus,lincoln
./data/macroset/en/clips/lincoln/common_voice_en_19698554.opus,lincoln
./data/macroset/en/clips/lincoln/common_voice_en_18744031.opus,lincoln
./data/macroset/en/clips/lincoln/common_voice_en_211507.opus,lincoln
./data/macroset/en/clips/haunted/common_voice_en_19356812.opus,haunted
./data/macroset/en/clips/haunted/common_voice_en_64010.opus,haunted
./data/macroset/en/clips/haunted/common_voice_en_150479.opus,haunted
./data/macroset/en/clips/haunted/common_voice_en_44593.opus,haunted
./data/macroset/en/clips/haunted/common_voice_en_695640.opus,haunted
./data/macroset/en/clips/organizations/common_voice_en_21495705.opus,organizations
./data/macroset/en/clips/organizations/common_voice_en_22145542.opus,organizations
./data/macroset/en/clips/organizations/common_voice_en_19634567.opus,organizations
./data/macroset/en/clips/organizations/common_voice_en_21345878.opus,organizations
./data/macroset/en/clips/organizations/common_voice_en_20274503.opus,organizations
./data/macroset/en/clips/cure/common_voice_en_546120.opus,cure
./data/macroset/en/clips/cure/common_voice_en_17689202.opus,cure
./data/macroset/en/clips/cure/common_voice_en_78071.opus,cure
./data/macroset/en/clips/cure/common_voice_en_17333333.opus,cure
./data/macroset/en/clips/cure/common_voice_en_29973.opus,cure
./data/macroset/en/clips/colorado/common_voice_en_19453849.opus,colorado
./data/macroset/en/clips/colorado/common_voice_en_592062.opus,colorado
./data/macroset/en/clips/colorado/common_voice_en_696750.opus,colorado
./data/macroset/en/clips/colorado/common_voice_en_21464482.opus,colorado
./data/macroset/en/clips/colorado/common_voice_en_477496.opus,colorado
./data/macroset/en/clips/costly/common_voice_en_17959058.opus,costly
./data/macroset/en/clips/costly/common_voice_en_8635950.opus,costly
./data/macroset/en/clips/costly/common_voice_en_648027.opus,costly
./data/macroset/en/clips/costly/common_voice_en_572626.opus,costly
./data/macroset/en/clips/costly/common_voice_en_17877553.opus,costly
./data/macroset/en/clips/universally/common_voice_en_19041344.opus,universally
./data/macroset/en/clips/universally/common_voice_en_22462806.opus,universally
./data/macroset/en/clips/universally/common_voice_en_19611034.opus,universally
./data/macroset/en/clips/universally/common_voice_en_20523306.opus,universally
./data/macroset/en/clips/universally/common_voice_en_20039205.opus,universally
./data/macroset/en/clips/arrived/common_voice_en_493099.opus,arrived
./data/macroset/en/clips/arrived/common_voice_en_19818191.opus,arrived
./data/macroset/en/clips/arrived/common_voice_en_32022.opus,arrived
./data/macroset/en/clips/arrived/common_voice_en_667806.opus,arrived
./data/macroset/en/clips/arrived/common_voice_en_19306817.opus,arrived
./data/macroset/en/clips/dwelling/common_voice_en_19012050.opus,dwelling
./data/macroset/en/clips/dwelling/common_voice_en_534536.opus,dwelling
./data/macroset/en/clips/dwelling/common_voice_en_18707034.opus,dwelling
./data/macroset/en/clips/dwelling/common_voice_en_477132.opus,dwelling
./data/macroset/en/clips/dwelling/common_voice_en_682232.opus,dwelling
./data/macroset/en/clips/funeral/common_voice_en_526870.opus,funeral
./data/macroset/en/clips/funeral/common_voice_en_19619904.opus,funeral
./data/macroset/en/clips/funeral/common_voice_en_21834504.opus,funeral
./data/macroset/en/clips/funeral/common_voice_en_22298677.opus,funeral
./data/macroset/en/clips/funeral/common_voice_en_20297798.opus,funeral
./data/macroset/en/clips/citadel/common_voice_en_18816382.opus,citadel
./data/macroset/en/clips/citadel/common_voice_en_40337.opus,citadel
./data/macroset/en/clips/citadel/common_voice_en_611846.opus,citadel
./data/macroset/en/clips/citadel/common_voice_en_669023.opus,citadel
./data/macroset/en/clips/citadel/common_voice_en_22168314.opus,citadel
./data/macroset/en/clips/raven/common_voice_en_19978558.opus,raven
./data/macroset/en/clips/raven/common_voice_en_20550852.opus,raven
./data/macroset/en/clips/raven/common_voice_en_18911904.opus,raven
./data/macroset/en/clips/raven/common_voice_en_666052.opus,raven
./data/macroset/en/clips/raven/common_voice_en_539850.opus,raven
./data/macroset/en/clips/remembered/common_voice_en_636761.opus,remembered
./data/macroset/en/clips/remembered/common_voice_en_585796.opus,remembered
./data/macroset/en/clips/remembered/common_voice_en_18492567.opus,remembered
./data/macroset/en/clips/remembered/common_voice_en_19768872.opus,remembered
./data/macroset/en/clips/remembered/common_voice_en_614573.opus,remembered
./data/macroset/en/clips/grape/common_voice_en_20297246.opus,grape
./data/macroset/en/clips/grape/common_voice_en_18143411.opus,grape
./data/macroset/en/clips/grape/common_voice_en_22030112.opus,grape
./data/macroset/en/clips/grape/common_voice_en_19200950.opus,grape
./data/macroset/en/clips/grape/common_voice_en_18832215.opus,grape
./data/macroset/en/clips/muhammad/common_voice_en_20586871.opus,muhammad
./data/macroset/en/clips/muhammad/common_voice_en_21427433.opus,muhammad
./data/macroset/en/clips/muhammad/common_voice_en_19404325.opus,muhammad
./data/macroset/en/clips/muhammad/common_voice_en_19548699.opus,muhammad
./data/macroset/en/clips/muhammad/common_voice_en_20042407.opus,muhammad
./data/macroset/en/clips/telling/common_voice_en_18834602.opus,telling
./data/macroset/en/clips/telling/common_voice_en_47005.opus,telling
./data/macroset/en/clips/telling/common_voice_en_484320.opus,telling
./data/macroset/en/clips/telling/common_voice_en_656120.opus,telling
./data/macroset/en/clips/telling/common_voice_en_47676.opus,telling
./data/macroset/en/clips/auditorium/common_voice_en_19486825.opus,auditorium
./data/macroset/en/clips/auditorium/common_voice_en_19871495.opus,auditorium
./data/macroset/en/clips/auditorium/common_voice_en_20203700.opus,auditorium
./data/macroset/en/clips/auditorium/common_voice_en_22105465.opus,auditorium
./data/macroset/en/clips/auditorium/common_voice_en_20162277.opus,auditorium
./data/macroset/en/clips/haircut/common_voice_en_19820205.opus,haircut
./data/macroset/en/clips/haircut/common_voice_en_17802092.opus,haircut
./data/macroset/en/clips/haircut/common_voice_en_20670840.opus,haircut
./data/macroset/en/clips/haircut/common_voice_en_19700341.opus,haircut
./data/macroset/en/clips/haircut/common_voice_en_623997.opus,haircut
./data/macroset/en/clips/chapters/common_voice_en_18803247.opus,chapters
./data/macroset/en/clips/chapters/common_voice_en_20362580.opus,chapters
./data/macroset/en/clips/chapters/common_voice_en_19788294.opus,chapters
./data/macroset/en/clips/chapters/common_voice_en_18428398.opus,chapters
./data/macroset/en/clips/chapters/common_voice_en_20574674.opus,chapters
./data/macroset/en/clips/spangled/common_voice_en_661990.opus,spangled
./data/macroset/en/clips/spangled/common_voice_en_612967.opus,spangled
./data/macroset/en/clips/spangled/common_voice_en_576312.opus,spangled
./data/macroset/en/clips/spangled/common_voice_en_77710.opus,spangled
./data/macroset/en/clips/spangled/common_voice_en_36019.opus,spangled
./data/macroset/en/clips/exploration/common_voice_en_18680861.opus,exploration
./data/macroset/en/clips/exploration/common_voice_en_8333.opus,exploration
./data/macroset/en/clips/exploration/common_voice_en_20310774.opus,exploration
./data/macroset/en/clips/exploration/common_voice_en_20219052.opus,exploration
./data/macroset/en/clips/exploration/common_voice_en_216259.opus,exploration
./data/macroset/en/clips/swallowing/common_voice_en_17903898.opus,swallowing
./data/macroset/en/clips/swallowing/common_voice_en_264228.opus,swallowing
./data/macroset/en/clips/swallowing/common_voice_en_19981245.opus,swallowing
./data/macroset/en/clips/swallowing/common_voice_en_21261339.opus,swallowing
./data/macroset/en/clips/swallowing/common_voice_en_697654.opus,swallowing
./data/macroset/en/clips/paperwork/common_voice_en_20873753.opus,paperwork
./data/macroset/en/clips/paperwork/common_voice_en_543588.opus,paperwork
./data/macroset/en/clips/paperwork/common_voice_en_17288527.opus,paperwork
./data/macroset/en/clips/paperwork/common_voice_en_17709008.opus,paperwork
./data/macroset/en/clips/paperwork/common_voice_en_17284230.opus,paperwork
./data/macroset/en/clips/brazil/common_voice_en_20868841.opus,brazil
./data/macroset/en/clips/brazil/common_voice_en_21572696.opus,brazil
./data/macroset/en/clips/brazil/common_voice_en_19523650.opus,brazil
./data/macroset/en/clips/brazil/common_voice_en_17891625.opus,brazil
./data/macroset/en/clips/brazil/common_voice_en_17986159.opus,brazil
./data/macroset/en/clips/fascinating/common_voice_en_485440.opus,fascinating
./data/macroset/en/clips/fascinating/common_voice_en_17394991.opus,fascinating
./data/macroset/en/clips/fascinating/common_voice_en_21012464.opus,fascinating
./data/macroset/en/clips/fascinating/common_voice_en_18428806.opus,fascinating
./data/macroset/en/clips/fascinating/common_voice_en_173589.opus,fascinating
./data/macroset/en/clips/wants/common_voice_en_636092.opus,wants
./data/macroset/en/clips/wants/common_voice_en_18052359.opus,wants
./data/macroset/en/clips/wants/common_voice_en_418250.opus,wants
./data/macroset/en/clips/wants/common_voice_en_222214.opus,wants
./data/macroset/en/clips/wants/common_voice_en_24275.opus,wants
./data/macroset/en/clips/devices/common_voice_en_19613509.opus,devices
./data/macroset/en/clips/devices/common_voice_en_690462.opus,devices
./data/macroset/en/clips/devices/common_voice_en_19745295.opus,devices
./data/macroset/en/clips/devices/common_voice_en_20519820.opus,devices
./data/macroset/en/clips/devices/common_voice_en_20482019.opus,devices
./data/macroset/en/clips/uncovered/common_voice_en_32843.opus,uncovered
./data/macroset/en/clips/uncovered/common_voice_en_575418.opus,uncovered
./data/macroset/en/clips/uncovered/common_voice_en_54715.opus,uncovered
./data/macroset/en/clips/uncovered/common_voice_en_533650.opus,uncovered
./data/macroset/en/clips/uncovered/common_voice_en_623494.opus,uncovered
./data/macroset/en/clips/touch/common_voice_en_18680856.opus,touch
./data/macroset/en/clips/touch/common_voice_en_678087.opus,touch
./data/macroset/en/clips/touch/common_voice_en_18510198.opus,touch
./data/macroset/en/clips/touch/common_voice_en_122816.opus,touch
./data/macroset/en/clips/touch/common_voice_en_550822.opus,touch
./data/macroset/en/clips/syrup/common_voice_en_18061972.opus,syrup
./data/macroset/en/clips/syrup/common_voice_en_632368.opus,syrup
./data/macroset/en/clips/syrup/common_voice_en_624059.opus,syrup
./data/macroset/en/clips/syrup/common_voice_en_384.opus,syrup
./data/macroset/en/clips/syrup/common_voice_en_17435697.opus,syrup
./data/macroset/en/clips/tilted/common_voice_en_582172.opus,tilted
./data/macroset/en/clips/tilted/common_voice_en_17281170.opus,tilted
./data/macroset/en/clips/tilted/common_voice_en_17635964.opus,tilted
./data/macroset/en/clips/tilted/common_voice_en_17736124.opus,tilted
./data/macroset/en/clips/tilted/common_voice_en_17849241.opus,tilted
./data/macroset/en/clips/implementation/common_voice_en_623642.opus,implementation
./data/macroset/en/clips/implementation/common_voice_en_27420.opus,implementation
./data/macroset/en/clips/implementation/common_voice_en_19036842.opus,implementation
./data/macroset/en/clips/implementation/common_voice_en_19099965.opus,implementation
./data/macroset/en/clips/implementation/common_voice_en_20474221.opus,implementation
./data/macroset/en/clips/married/common_voice_en_22396651.opus,married
./data/macroset/en/clips/married/common_voice_en_20872558.opus,married
./data/macroset/en/clips/married/common_voice_en_22204173.opus,married
./data/macroset/en/clips/married/common_voice_en_567255.opus,married
./data/macroset/en/clips/married/common_voice_en_21638244.opus,married
./data/macroset/en/clips/associated/common_voice_en_21497341.opus,associated
./data/macroset/en/clips/associated/common_voice_en_18772743.opus,associated
./data/macroset/en/clips/associated/common_voice_en_20186423.opus,associated
./data/macroset/en/clips/associated/common_voice_en_19338749.opus,associated
./data/macroset/en/clips/associated/common_voice_en_20287126.opus,associated
./data/macroset/en/clips/lost/common_voice_en_528727.opus,lost
./data/macroset/en/clips/lost/common_voice_en_20838126.opus,lost
./data/macroset/en/clips/lost/common_voice_en_18578037.opus,lost
./data/macroset/en/clips/lost/common_voice_en_19553697.opus,lost
./data/macroset/en/clips/lost/common_voice_en_489788.opus,lost
./data/macroset/en/clips/app/common_voice_en_278845.opus,app
./data/macroset/en/clips/app/common_voice_en_18495760.opus,app
./data/macroset/en/clips/app/common_voice_en_18105088.opus,app
./data/macroset/en/clips/app/common_voice_en_18713358__2.opus,app
./data/macroset/en/clips/app/common_voice_en_411136.opus,app
./data/macroset/en/clips/killed/common_voice_en_19561443.opus,killed
./data/macroset/en/clips/killed/common_voice_en_22177066.opus,killed
./data/macroset/en/clips/killed/common_voice_en_611853.opus,killed
./data/macroset/en/clips/killed/common_voice_en_20454028.opus,killed
./data/macroset/en/clips/killed/common_voice_en_18701681.opus,killed
./data/macroset/en/clips/rainbow/common_voice_en_19122742.opus,rainbow
./data/macroset/en/clips/rainbow/common_voice_en_19690479.opus,rainbow
./data/macroset/en/clips/rainbow/common_voice_en_486285.opus,rainbow
./data/macroset/en/clips/rainbow/common_voice_en_33587.opus,rainbow
./data/macroset/en/clips/rainbow/common_voice_en_19263748.opus,rainbow
./data/macroset/en/clips/nearer/common_voice_en_18231811.opus,nearer
./data/macroset/en/clips/nearer/common_voice_en_18482451.opus,nearer
./data/macroset/en/clips/nearer/common_voice_en_19668071.opus,nearer
./data/macroset/en/clips/nearer/common_voice_en_22287188.opus,nearer
./data/macroset/en/clips/nearer/common_voice_en_18338483.opus,nearer
./data/macroset/en/clips/catches/common_voice_en_594323.opus,catches
./data/macroset/en/clips/catches/common_voice_en_492053.opus,catches
./data/macroset/en/clips/catches/common_voice_en_194355.opus,catches
./data/macroset/en/clips/catches/common_voice_en_491841.opus,catches
./data/macroset/en/clips/catches/common_voice_en_17808915.opus,catches
./data/macroset/en/clips/moaning/common_voice_en_46390.opus,moaning
./data/macroset/en/clips/moaning/common_voice_en_17922729.opus,moaning
./data/macroset/en/clips/moaning/common_voice_en_17392731.opus,moaning
./data/macroset/en/clips/moaning/common_voice_en_17520259.opus,moaning
./data/macroset/en/clips/moaning/common_voice_en_17282585.opus,moaning
./data/macroset/en/clips/ethnic/common_voice_en_20908443.opus,ethnic
./data/macroset/en/clips/ethnic/common_voice_en_19816023.opus,ethnic
./data/macroset/en/clips/ethnic/common_voice_en_19586300.opus,ethnic
./data/macroset/en/clips/ethnic/common_voice_en_19970307.opus,ethnic
./data/macroset/en/clips/ethnic/common_voice_en_19640712.opus,ethnic
./data/macroset/en/clips/graduation/common_voice_en_20296962.opus,graduation
./data/macroset/en/clips/graduation/common_voice_en_20122658.opus,graduation
./data/macroset/en/clips/graduation/common_voice_en_21338216.opus,graduation
./data/macroset/en/clips/graduation/common_voice_en_21776735.opus,graduation
./data/macroset/en/clips/graduation/common_voice_en_20939331.opus,graduation
./data/macroset/en/clips/alliance/common_voice_en_21335044.opus,alliance
./data/macroset/en/clips/alliance/common_voice_en_20068276.opus,alliance
./data/macroset/en/clips/alliance/common_voice_en_20295324.opus,alliance
./data/macroset/en/clips/alliance/common_voice_en_19369608.opus,alliance
./data/macroset/en/clips/alliance/common_voice_en_20038791.opus,alliance
./data/macroset/en/clips/state/common_voice_en_20836228__2.opus,state
./data/macroset/en/clips/state/common_voice_en_19794662.opus,state
./data/macroset/en/clips/state/common_voice_en_21969613.opus,state
./data/macroset/en/clips/state/common_voice_en_20296360.opus,state
./data/macroset/en/clips/state/common_voice_en_20969596.opus,state
./data/macroset/en/clips/even/common_voice_en_18490169.opus,even
./data/macroset/en/clips/even/common_voice_en_56690.opus,even
./data/macroset/en/clips/even/common_voice_en_20482718.opus,even
./data/macroset/en/clips/even/common_voice_en_137452.opus,even
./data/macroset/en/clips/even/common_voice_en_375378.opus,even
./data/macroset/en/clips/famously/common_voice_en_19185066.opus,famously
./data/macroset/en/clips/famously/common_voice_en_20833931.opus,famously
./data/macroset/en/clips/famously/common_voice_en_19185224.opus,famously
./data/macroset/en/clips/famously/common_voice_en_19635669.opus,famously
./data/macroset/en/clips/famously/common_voice_en_22345915.opus,famously
./data/macroset/en/clips/whom/common_voice_en_20522949.opus,whom
./data/macroset/en/clips/whom/common_voice_en_22144146.opus,whom
./data/macroset/en/clips/whom/common_voice_en_19032714.opus,whom
./data/macroset/en/clips/whom/common_voice_en_20077881.opus,whom
./data/macroset/en/clips/whom/common_voice_en_19451301.opus,whom
./data/macroset/en/clips/funerals/common_voice_en_609793.opus,funerals
./data/macroset/en/clips/funerals/common_voice_en_522570.opus,funerals
./data/macroset/en/clips/funerals/common_voice_en_564318.opus,funerals
./data/macroset/en/clips/funerals/common_voice_en_695781.opus,funerals
./data/macroset/en/clips/funerals/common_voice_en_45138.opus,funerals
./data/macroset/en/clips/deployed/common_voice_en_21019979.opus,deployed
./data/macroset/en/clips/deployed/common_voice_en_19199257.opus,deployed
./data/macroset/en/clips/deployed/common_voice_en_22226077.opus,deployed
./data/macroset/en/clips/deployed/common_voice_en_20234817.opus,deployed
./data/macroset/en/clips/deployed/common_voice_en_19028913.opus,deployed
./data/macroset/en/clips/staple/common_voice_en_19765246.opus,staple
./data/macroset/en/clips/staple/common_voice_en_21692349.opus,staple
./data/macroset/en/clips/staple/common_voice_en_22062646.opus,staple
./data/macroset/en/clips/staple/common_voice_en_21929803.opus,staple
./data/macroset/en/clips/staple/common_voice_en_20453859.opus,staple
./data/macroset/en/clips/chi/common_voice_en_19671280.opus,chi
./data/macroset/en/clips/chi/common_voice_en_21972882.opus,chi
./data/macroset/en/clips/chi/common_voice_en_20274704.opus,chi
./data/macroset/en/clips/chi/common_voice_en_20920360.opus,chi
./data/macroset/en/clips/chi/common_voice_en_20245601.opus,chi
./data/macroset/en/clips/metaphor/common_voice_en_19497631.opus,metaphor
./data/macroset/en/clips/metaphor/common_voice_en_19737858.opus,metaphor
./data/macroset/en/clips/metaphor/common_voice_en_20386684.opus,metaphor
./data/macroset/en/clips/metaphor/common_voice_en_19740868.opus,metaphor
./data/macroset/en/clips/metaphor/common_voice_en_19607554.opus,metaphor
./data/macroset/en/clips/arrangements/common_voice_en_22351248.opus,arrangements
./data/macroset/en/clips/arrangements/common_voice_en_20050734.opus,arrangements
./data/macroset/en/clips/arrangements/common_voice_en_21949536.opus,arrangements
./data/macroset/en/clips/arrangements/common_voice_en_19499317.opus,arrangements
./data/macroset/en/clips/arrangements/common_voice_en_608714.opus,arrangements
./data/macroset/en/clips/voting/common_voice_en_21959205.opus,voting
./data/macroset/en/clips/voting/common_voice_en_22398700.opus,voting
./data/macroset/en/clips/voting/common_voice_en_19742053.opus,voting
./data/macroset/en/clips/voting/common_voice_en_22127842.opus,voting
./data/macroset/en/clips/voting/common_voice_en_21948258.opus,voting
./data/macroset/en/clips/simplified/common_voice_en_19537999.opus,simplified
./data/macroset/en/clips/simplified/common_voice_en_20068859.opus,simplified
./data/macroset/en/clips/simplified/common_voice_en_19574585.opus,simplified
./data/macroset/en/clips/simplified/common_voice_en_19743112.opus,simplified
./data/macroset/en/clips/simplified/common_voice_en_19646597.opus,simplified
./data/macroset/en/clips/tension/common_voice_en_21828518.opus,tension
./data/macroset/en/clips/tension/common_voice_en_20995279.opus,tension
./data/macroset/en/clips/tension/common_voice_en_20404367.opus,tension
./data/macroset/en/clips/tension/common_voice_en_21340324.opus,tension
./data/macroset/en/clips/tension/common_voice_en_22266637.opus,tension
./data/macroset/en/clips/preparatory/common_voice_en_22310320.opus,preparatory
./data/macroset/en/clips/preparatory/common_voice_en_20387780.opus,preparatory
./data/macroset/en/clips/preparatory/common_voice_en_19964591.opus,preparatory
./data/macroset/en/clips/preparatory/common_voice_en_19724857.opus,preparatory
./data/macroset/en/clips/preparatory/common_voice_en_21873016.opus,preparatory
./data/macroset/en/clips/cabinet/common_voice_en_21135257.opus,cabinet
./data/macroset/en/clips/cabinet/common_voice_en_20532204.opus,cabinet
./data/macroset/en/clips/cabinet/common_voice_en_20924293.opus,cabinet
./data/macroset/en/clips/cabinet/common_voice_en_20920442.opus,cabinet
./data/macroset/en/clips/cabinet/common_voice_en_19917288.opus,cabinet
./data/macroset/en/clips/missionaries/common_voice_en_19742072.opus,missionaries
./data/macroset/en/clips/missionaries/common_voice_en_21112591.opus,missionaries
./data/macroset/en/clips/missionaries/common_voice_en_22239012.opus,missionaries
./data/macroset/en/clips/missionaries/common_voice_en_19267886.opus,missionaries
./data/macroset/en/clips/missionaries/common_voice_en_21753418.opus,missionaries
./data/macroset/en/clips/not/common_voice_en_18453611.opus,not
./data/macroset/en/clips/not/common_voice_en_611214.opus,not
./data/macroset/en/clips/not/common_voice_en_18577110.opus,not
./data/macroset/en/clips/not/common_voice_en_18165298.opus,not
./data/macroset/en/clips/not/common_voice_en_17247605.opus,not
./data/macroset/en/clips/faculty/common_voice_en_20676672.opus,faculty
./data/macroset/en/clips/faculty/common_voice_en_20187747.opus,faculty
./data/macroset/en/clips/faculty/common_voice_en_20281497.opus,faculty
./data/macroset/en/clips/faculty/common_voice_en_20139826.opus,faculty
./data/macroset/en/clips/faculty/common_voice_en_20253864.opus,faculty
./data/macroset/en/clips/contest/common_voice_en_21798185.opus,contest
./data/macroset/en/clips/contest/common_voice_en_21213731.opus,contest
./data/macroset/en/clips/contest/common_voice_en_22037116.opus,contest
./data/macroset/en/clips/contest/common_voice_en_21101460.opus,contest
./data/macroset/en/clips/contest/common_voice_en_631661.opus,contest
./data/macroset/en/clips/naming/common_voice_en_18353102.opus,naming
./data/macroset/en/clips/naming/common_voice_en_20498823.opus,naming
./data/macroset/en/clips/naming/common_voice_en_21656946.opus,naming
./data/macroset/en/clips/naming/common_voice_en_22039336.opus,naming
./data/macroset/en/clips/naming/common_voice_en_21596022.opus,naming
./data/macroset/en/clips/selective/common_voice_en_20537117.opus,selective
./data/macroset/en/clips/selective/common_voice_en_22144813.opus,selective
./data/macroset/en/clips/selective/common_voice_en_19697063.opus,selective
./data/macroset/en/clips/selective/common_voice_en_20288556.opus,selective
./data/macroset/en/clips/selective/common_voice_en_19150027.opus,selective
./data/macroset/en/clips/scott/common_voice_en_20376742.opus,scott
./data/macroset/en/clips/scott/common_voice_en_21206612.opus,scott
./data/macroset/en/clips/scott/common_voice_en_20933530.opus,scott
./data/macroset/en/clips/scott/common_voice_en_17620327.opus,scott
./data/macroset/en/clips/scott/common_voice_en_19698357.opus,scott
./data/macroset/en/clips/pounced/common_voice_en_17272111.opus,pounced
./data/macroset/en/clips/pounced/common_voice_en_17247119.opus,pounced
./data/macroset/en/clips/pounced/common_voice_en_17887641.opus,pounced
./data/macroset/en/clips/pounced/common_voice_en_17294367.opus,pounced
./data/macroset/en/clips/pounced/common_voice_en_17903967.opus,pounced
./data/macroset/en/clips/adaptation/common_voice_en_20220545.opus,adaptation
./data/macroset/en/clips/adaptation/common_voice_en_21277272.opus,adaptation
./data/macroset/en/clips/adaptation/common_voice_en_20397913.opus,adaptation
./data/macroset/en/clips/adaptation/common_voice_en_19492623.opus,adaptation
./data/macroset/en/clips/adaptation/common_voice_en_20697934.opus,adaptation
./data/macroset/en/clips/sight/common_voice_en_479425.opus,sight
./data/macroset/en/clips/sight/common_voice_en_18127673.opus,sight
./data/macroset/en/clips/sight/common_voice_en_623318.opus,sight
./data/macroset/en/clips/sight/common_voice_en_326315.opus,sight
./data/macroset/en/clips/sight/common_voice_en_592273.opus,sight
./data/macroset/en/clips/fashionable/common_voice_en_496990.opus,fashionable
./data/macroset/en/clips/fashionable/common_voice_en_21640287.opus,fashionable
./data/macroset/en/clips/fashionable/common_voice_en_40311.opus,fashionable
./data/macroset/en/clips/fashionable/common_voice_en_20644865.opus,fashionable
./data/macroset/en/clips/fashionable/common_voice_en_204161.opus,fashionable
./data/macroset/en/clips/moving/common_voice_en_18762076.opus,moving
./data/macroset/en/clips/moving/common_voice_en_20294541.opus,moving
./data/macroset/en/clips/moving/common_voice_en_18673797.opus,moving
./data/macroset/en/clips/moving/common_voice_en_90912.opus,moving
./data/macroset/en/clips/moving/common_voice_en_20266875.opus,moving
./data/macroset/en/clips/password/common_voice_en_18545546.opus,password
./data/macroset/en/clips/password/common_voice_en_177641.opus,password
./data/macroset/en/clips/password/common_voice_en_533374.opus,password
./data/macroset/en/clips/password/common_voice_en_18815072.opus,password
./data/macroset/en/clips/password/common_voice_en_18522338.opus,password
./data/macroset/en/clips/reduced/common_voice_en_18767706.opus,reduced
./data/macroset/en/clips/reduced/common_voice_en_20290286.opus,reduced
./data/macroset/en/clips/reduced/common_voice_en_18029006.opus,reduced
./data/macroset/en/clips/reduced/common_voice_en_22407929.opus,reduced
./data/macroset/en/clips/reduced/common_voice_en_20015488.opus,reduced
./data/macroset/en/clips/foremost/common_voice_en_19562064.opus,foremost
./data/macroset/en/clips/foremost/common_voice_en_22439476.opus,foremost
./data/macroset/en/clips/foremost/common_voice_en_22102001.opus,foremost
./data/macroset/en/clips/foremost/common_voice_en_18767408.opus,foremost
./data/macroset/en/clips/foremost/common_voice_en_21450407.opus,foremost
./data/macroset/en/clips/earl/common_voice_en_20092739.opus,earl
./data/macroset/en/clips/earl/common_voice_en_19137060.opus,earl
./data/macroset/en/clips/earl/common_voice_en_20532036.opus,earl
./data/macroset/en/clips/earl/common_voice_en_20912720.opus,earl
./data/macroset/en/clips/earl/common_voice_en_19675070.opus,earl
./data/macroset/en/clips/improve/common_voice_en_581199.opus,improve
./data/macroset/en/clips/improve/common_voice_en_21866341.opus,improve
./data/macroset/en/clips/improve/common_voice_en_31394.opus,improve
./data/macroset/en/clips/improve/common_voice_en_20990329.opus,improve
./data/macroset/en/clips/improve/common_voice_en_43437.opus,improve
./data/macroset/en/clips/profits/common_voice_en_19055677.opus,profits
./data/macroset/en/clips/profits/common_voice_en_19978491.opus,profits
./data/macroset/en/clips/profits/common_voice_en_21094126.opus,profits
./data/macroset/en/clips/profits/common_voice_en_20400185.opus,profits
./data/macroset/en/clips/profits/common_voice_en_21456207.opus,profits
./data/macroset/en/clips/instance/common_voice_en_19028598.opus,instance
./data/macroset/en/clips/instance/common_voice_en_19159187.opus,instance
./data/macroset/en/clips/instance/common_voice_en_21181368.opus,instance
./data/macroset/en/clips/instance/common_voice_en_18979068.opus,instance
./data/macroset/en/clips/instance/common_voice_en_19113781.opus,instance
./data/macroset/en/clips/constructive/common_voice_en_215740.opus,constructive
./data/macroset/en/clips/constructive/common_voice_en_523997.opus,constructive
./data/macroset/en/clips/constructive/common_voice_en_50101.opus,constructive
./data/macroset/en/clips/constructive/common_voice_en_480454.opus,constructive
./data/macroset/en/clips/constructive/common_voice_en_20360767.opus,constructive
./data/macroset/en/clips/concessions/common_voice_en_22110976.opus,concessions
./data/macroset/en/clips/concessions/common_voice_en_21966205.opus,concessions
./data/macroset/en/clips/concessions/common_voice_en_594308.opus,concessions
./data/macroset/en/clips/concessions/common_voice_en_552808.opus,concessions
./data/macroset/en/clips/concessions/common_voice_en_615852.opus,concessions
./data/macroset/en/clips/lever/common_voice_en_18468226.opus,lever
./data/macroset/en/clips/lever/common_voice_en_96044.opus,lever
./data/macroset/en/clips/lever/common_voice_en_19701087.opus,lever
./data/macroset/en/clips/lever/common_voice_en_19713763.opus,lever
./data/macroset/en/clips/lever/common_voice_en_18351978.opus,lever
./data/macroset/en/clips/rivalry/common_voice_en_18986664.opus,rivalry
./data/macroset/en/clips/rivalry/common_voice_en_18797216.opus,rivalry
./data/macroset/en/clips/rivalry/common_voice_en_21240159.opus,rivalry
./data/macroset/en/clips/rivalry/common_voice_en_19113831.opus,rivalry
./data/macroset/en/clips/rivalry/common_voice_en_20880711.opus,rivalry
./data/macroset/en/clips/scraping/common_voice_en_17263456.opus,scraping
./data/macroset/en/clips/scraping/common_voice_en_17272937.opus,scraping
./data/macroset/en/clips/scraping/common_voice_en_17286743.opus,scraping
./data/macroset/en/clips/scraping/common_voice_en_17255720.opus,scraping
./data/macroset/en/clips/scraping/common_voice_en_22319925.opus,scraping
./data/macroset/en/clips/immediate/common_voice_en_20789191.opus,immediate
./data/macroset/en/clips/immediate/common_voice_en_18773475.opus,immediate
./data/macroset/en/clips/immediate/common_voice_en_19419336.opus,immediate
./data/macroset/en/clips/immediate/common_voice_en_674957.opus,immediate
./data/macroset/en/clips/immediate/common_voice_en_21216772.opus,immediate
./data/macroset/en/clips/tensions/common_voice_en_21803899.opus,tensions
./data/macroset/en/clips/tensions/common_voice_en_22088358.opus,tensions
./data/macroset/en/clips/tensions/common_voice_en_22275184.opus,tensions
./data/macroset/en/clips/tensions/common_voice_en_19552134.opus,tensions
./data/macroset/en/clips/tensions/common_voice_en_18852791.opus,tensions
./data/macroset/en/clips/tip/common_voice_en_19979518.opus,tip
./data/macroset/en/clips/tip/common_voice_en_21860319.opus,tip
./data/macroset/en/clips/tip/common_voice_en_19532990.opus,tip
./data/macroset/en/clips/tip/common_voice_en_19502334.opus,tip
./data/macroset/en/clips/tip/common_voice_en_19981347.opus,tip
./data/macroset/en/clips/tnt/common_voice_en_17376489.opus,tnt
./data/macroset/en/clips/tnt/common_voice_en_509012.opus,tnt
./data/macroset/en/clips/tnt/common_voice_en_17675112.opus,tnt
./data/macroset/en/clips/tnt/common_voice_en_17392204.opus,tnt
./data/macroset/en/clips/tnt/common_voice_en_18057885.opus,tnt
./data/macroset/en/clips/mosque/common_voice_en_19513118.opus,mosque
./data/macroset/en/clips/mosque/common_voice_en_20798197.opus,mosque
./data/macroset/en/clips/mosque/common_voice_en_19765313.opus,mosque
./data/macroset/en/clips/mosque/common_voice_en_20280993.opus,mosque
./data/macroset/en/clips/mosque/common_voice_en_19718829.opus,mosque
./data/macroset/en/clips/chieftains/common_voice_en_95913.opus,chieftains
./data/macroset/en/clips/chieftains/common_voice_en_646389.opus,chieftains
./data/macroset/en/clips/chieftains/common_voice_en_621093.opus,chieftains
./data/macroset/en/clips/chieftains/common_voice_en_507347.opus,chieftains
./data/macroset/en/clips/chieftains/common_voice_en_638173.opus,chieftains
./data/macroset/en/clips/arm/common_voice_en_18583701.opus,arm
./data/macroset/en/clips/arm/common_voice_en_18994366.opus,arm
./data/macroset/en/clips/arm/common_voice_en_18662589.opus,arm
./data/macroset/en/clips/arm/common_voice_en_18708775.opus,arm
./data/macroset/en/clips/arm/common_voice_en_547587.opus,arm
./data/macroset/en/clips/strips/common_voice_en_19217383.opus,strips
./data/macroset/en/clips/strips/common_voice_en_591265.opus,strips
./data/macroset/en/clips/strips/common_voice_en_20145092.opus,strips
./data/macroset/en/clips/strips/common_voice_en_18773446.opus,strips
./data/macroset/en/clips/strips/common_voice_en_20741299.opus,strips
./data/macroset/en/clips/uncontrollably/common_voice_en_464662.opus,uncontrollably
./data/macroset/en/clips/uncontrollably/common_voice_en_682260.opus,uncontrollably
./data/macroset/en/clips/uncontrollably/common_voice_en_79995.opus,uncontrollably
./data/macroset/en/clips/uncontrollably/common_voice_en_666835.opus,uncontrollably
./data/macroset/en/clips/uncontrollably/common_voice_en_672171.opus,uncontrollably
./data/macroset/en/clips/swarm/common_voice_en_17281644.opus,swarm
./data/macroset/en/clips/swarm/common_voice_en_18525921.opus,swarm
./data/macroset/en/clips/swarm/common_voice_en_20966555.opus,swarm
./data/macroset/en/clips/swarm/common_voice_en_575822.opus,swarm
./data/macroset/en/clips/swarm/common_voice_en_18066029.opus,swarm
./data/macroset/en/clips/kerry/common_voice_en_20743485.opus,kerry
./data/macroset/en/clips/kerry/common_voice_en_20414399.opus,kerry
./data/macroset/en/clips/kerry/common_voice_en_20268684.opus,kerry
./data/macroset/en/clips/kerry/common_voice_en_20724230.opus,kerry
./data/macroset/en/clips/kerry/common_voice_en_22013877.opus,kerry
./data/macroset/en/clips/flattened/common_voice_en_664216.opus,flattened
./data/macroset/en/clips/flattened/common_voice_en_67376.opus,flattened
./data/macroset/en/clips/flattened/common_voice_en_663336.opus,flattened
./data/macroset/en/clips/flattened/common_voice_en_610174.opus,flattened
./data/macroset/en/clips/flattened/common_voice_en_65207.opus,flattened
./data/macroset/en/clips/richards/common_voice_en_21071473.opus,richards
./data/macroset/en/clips/richards/common_voice_en_22431808__2.opus,richards
./data/macroset/en/clips/richards/common_voice_en_20112166.opus,richards
./data/macroset/en/clips/richards/common_voice_en_18830037.opus,richards
./data/macroset/en/clips/richards/common_voice_en_20008151.opus,richards
./data/macroset/en/clips/wider/common_voice_en_22089361.opus,wider
./data/macroset/en/clips/wider/common_voice_en_19770113.opus,wider
./data/macroset/en/clips/wider/common_voice_en_20975529.opus,wider
./data/macroset/en/clips/wider/common_voice_en_19847012.opus,wider
./data/macroset/en/clips/wider/common_voice_en_20106363.opus,wider
./data/macroset/en/clips/simum/common_voice_en_503845.opus,simum
./data/macroset/en/clips/simum/common_voice_en_573200.opus,simum
./data/macroset/en/clips/simum/common_voice_en_667686.opus,simum
./data/macroset/en/clips/simum/common_voice_en_565661.opus,simum
./data/macroset/en/clips/simum/common_voice_en_604621.opus,simum
./data/macroset/en/clips/capricorn/common_voice_en_18244262.opus,capricorn
./data/macroset/en/clips/capricorn/common_voice_en_18085481.opus,capricorn
./data/macroset/en/clips/capricorn/common_voice_en_18181454.opus,capricorn
./data/macroset/en/clips/capricorn/common_voice_en_18267157.opus,capricorn
./data/macroset/en/clips/capricorn/common_voice_en_29003.opus,capricorn
./data/macroset/en/clips/countryside/common_voice_en_19789086.opus,countryside
./data/macroset/en/clips/countryside/common_voice_en_20518658.opus,countryside
./data/macroset/en/clips/countryside/common_voice_en_22236701.opus,countryside
./data/macroset/en/clips/countryside/common_voice_en_22462809.opus,countryside
./data/macroset/en/clips/countryside/common_voice_en_562949.opus,countryside
./data/macroset/en/clips/gear/common_voice_en_19798366.opus,gear
./data/macroset/en/clips/gear/common_voice_en_18342379.opus,gear
./data/macroset/en/clips/gear/common_voice_en_21877963.opus,gear
./data/macroset/en/clips/gear/common_voice_en_495984.opus,gear
./data/macroset/en/clips/gear/common_voice_en_19389794.opus,gear
./data/macroset/en/clips/renovation/common_voice_en_22303094.opus,renovation
./data/macroset/en/clips/renovation/common_voice_en_21102347.opus,renovation
./data/macroset/en/clips/renovation/common_voice_en_19592438.opus,renovation
./data/macroset/en/clips/renovation/common_voice_en_20956873.opus,renovation
./data/macroset/en/clips/renovation/common_voice_en_20306279.opus,renovation
./data/macroset/en/clips/nobles/common_voice_en_20003231.opus,nobles
./data/macroset/en/clips/nobles/common_voice_en_22310331.opus,nobles
./data/macroset/en/clips/nobles/common_voice_en_21792066.opus,nobles
./data/macroset/en/clips/nobles/common_voice_en_21876228.opus,nobles
./data/macroset/en/clips/nobles/common_voice_en_19511838.opus,nobles
./data/macroset/en/clips/duty/common_voice_en_18610467.opus,duty
./data/macroset/en/clips/duty/common_voice_en_19671321.opus,duty
./data/macroset/en/clips/duty/common_voice_en_21798279.opus,duty
./data/macroset/en/clips/duty/common_voice_en_20101917.opus,duty
./data/macroset/en/clips/duty/common_voice_en_19800841.opus,duty
./data/macroset/en/clips/demonstrating/common_voice_en_194214.opus,demonstrating
./data/macroset/en/clips/demonstrating/common_voice_en_147991.opus,demonstrating
./data/macroset/en/clips/demonstrating/common_voice_en_607812.opus,demonstrating
./data/macroset/en/clips/demonstrating/common_voice_en_18524759.opus,demonstrating
./data/macroset/en/clips/demonstrating/common_voice_en_515161.opus,demonstrating
./data/macroset/en/clips/excessive/common_voice_en_21090519.opus,excessive
./data/macroset/en/clips/excessive/common_voice_en_19820205.opus,excessive
./data/macroset/en/clips/excessive/common_voice_en_19699980.opus,excessive
./data/macroset/en/clips/excessive/common_voice_en_22305770.opus,excessive
./data/macroset/en/clips/excessive/common_voice_en_20062827.opus,excessive
./data/macroset/en/clips/unbearable/common_voice_en_17854055.opus,unbearable
./data/macroset/en/clips/unbearable/common_voice_en_421593.opus,unbearable
./data/macroset/en/clips/unbearable/common_voice_en_4096851.opus,unbearable
./data/macroset/en/clips/unbearable/common_voice_en_687152.opus,unbearable
./data/macroset/en/clips/unbearable/common_voice_en_571231.opus,unbearable
./data/macroset/en/clips/skateboard/common_voice_en_501306.opus,skateboard
./data/macroset/en/clips/skateboard/common_voice_en_20176757.opus,skateboard
./data/macroset/en/clips/skateboard/common_voice_en_19546920.opus,skateboard
./data/macroset/en/clips/skateboard/common_voice_en_594489.opus,skateboard
./data/macroset/en/clips/skateboard/common_voice_en_2564.opus,skateboard
./data/macroset/en/clips/classification/common_voice_en_19402273.opus,classification
./data/macroset/en/clips/classification/common_voice_en_17885273.opus,classification
./data/macroset/en/clips/classification/common_voice_en_17402891.opus,classification
./data/macroset/en/clips/classification/common_voice_en_17476346.opus,classification
./data/macroset/en/clips/classification/common_voice_en_19687663.opus,classification
./data/macroset/en/clips/calmly/common_voice_en_17264663.opus,calmly
./data/macroset/en/clips/calmly/common_voice_en_19519799.opus,calmly
./data/macroset/en/clips/calmly/common_voice_en_674514.opus,calmly
./data/macroset/en/clips/calmly/common_voice_en_17293093.opus,calmly
./data/macroset/en/clips/calmly/common_voice_en_18645637.opus,calmly
./data/macroset/en/clips/something/common_voice_en_516929.opus,something
./data/macroset/en/clips/something/common_voice_en_127212.opus,something
./data/macroset/en/clips/something/common_voice_en_18519880.opus,something
./data/macroset/en/clips/something/common_voice_en_72537.opus,something
./data/macroset/en/clips/something/common_voice_en_51033.opus,something
./data/macroset/en/clips/much/common_voice_en_68894.opus,much
./data/macroset/en/clips/much/common_voice_en_50501.opus,much
./data/macroset/en/clips/much/common_voice_en_72299.opus,much
./data/macroset/en/clips/much/common_voice_en_671271.opus,much
./data/macroset/en/clips/much/common_voice_en_91873.opus,much
./data/macroset/en/clips/attic/common_voice_en_17843944.opus,attic
./data/macroset/en/clips/attic/common_voice_en_17359516.opus,attic
./data/macroset/en/clips/attic/common_voice_en_600006.opus,attic
./data/macroset/en/clips/attic/common_voice_en_18053275.opus,attic
./data/macroset/en/clips/attic/common_voice_en_481735.opus,attic
./data/macroset/en/clips/image/common_voice_en_45888.opus,image
./data/macroset/en/clips/image/common_voice_en_220875.opus,image
./data/macroset/en/clips/image/common_voice_en_15733988.opus,image
./data/macroset/en/clips/image/common_voice_en_551282.opus,image
./data/macroset/en/clips/image/common_voice_en_168382__2.opus,image
./data/macroset/en/clips/advise/common_voice_en_18408585.opus,advise
./data/macroset/en/clips/advise/common_voice_en_17266273.opus,advise
./data/macroset/en/clips/advise/common_voice_en_19388050.opus,advise
./data/macroset/en/clips/advise/common_voice_en_17851787.opus,advise
./data/macroset/en/clips/advise/common_voice_en_17259015.opus,advise
./data/macroset/en/clips/yourself/common_voice_en_697649.opus,yourself
./data/macroset/en/clips/yourself/common_voice_en_71578.opus,yourself
./data/macroset/en/clips/yourself/common_voice_en_18518352.opus,yourself
./data/macroset/en/clips/yourself/common_voice_en_17926506.opus,yourself
./data/macroset/en/clips/yourself/common_voice_en_18095217.opus,yourself
./data/macroset/en/clips/explosion/common_voice_en_19628519.opus,explosion
./data/macroset/en/clips/explosion/common_voice_en_76570.opus,explosion
./data/macroset/en/clips/explosion/common_voice_en_78915.opus,explosion
./data/macroset/en/clips/explosion/common_voice_en_83580.opus,explosion
./data/macroset/en/clips/explosion/common_voice_en_16696.opus,explosion
./data/macroset/en/clips/celia/common_voice_en_22262773.opus,celia
./data/macroset/en/clips/celia/common_voice_en_20862734.opus,celia
./data/macroset/en/clips/celia/common_voice_en_18580917.opus,celia
./data/macroset/en/clips/celia/common_voice_en_18608141.opus,celia
./data/macroset/en/clips/celia/common_voice_en_18549521.opus,celia
./data/macroset/en/clips/relating/common_voice_en_19874051.opus,relating
./data/macroset/en/clips/relating/common_voice_en_21399707.opus,relating
./data/macroset/en/clips/relating/common_voice_en_19887526.opus,relating
./data/macroset/en/clips/relating/common_voice_en_21692102.opus,relating
./data/macroset/en/clips/relating/common_voice_en_20778077.opus,relating
./data/macroset/en/clips/vinci/common_voice_en_195953.opus,vinci
./data/macroset/en/clips/vinci/common_voice_en_19827855.opus,vinci
./data/macroset/en/clips/vinci/common_voice_en_141355.opus,vinci
./data/macroset/en/clips/vinci/common_voice_en_17285698.opus,vinci
./data/macroset/en/clips/vinci/common_voice_en_19795576.opus,vinci
./data/macroset/en/clips/wooded/common_voice_en_22398982.opus,wooded
./data/macroset/en/clips/wooded/common_voice_en_20490802.opus,wooded
./data/macroset/en/clips/wooded/common_voice_en_39064.opus,wooded
./data/macroset/en/clips/wooded/common_voice_en_21290203.opus,wooded
./data/macroset/en/clips/wooded/common_voice_en_582373.opus,wooded
./data/macroset/en/clips/flourished/common_voice_en_20217961.opus,flourished
./data/macroset/en/clips/flourished/common_voice_en_20240204.opus,flourished
./data/macroset/en/clips/flourished/common_voice_en_18645096.opus,flourished
./data/macroset/en/clips/flourished/common_voice_en_18491282.opus,flourished
./data/macroset/en/clips/flourished/common_voice_en_20571858.opus,flourished
./data/macroset/en/clips/greenwich/common_voice_en_21639327.opus,greenwich
./data/macroset/en/clips/greenwich/common_voice_en_22317089.opus,greenwich
./data/macroset/en/clips/greenwich/common_voice_en_21396704.opus,greenwich
./data/macroset/en/clips/greenwich/common_voice_en_20522862.opus,greenwich
./data/macroset/en/clips/greenwich/common_voice_en_20531887.opus,greenwich
./data/macroset/en/clips/coordinator/common_voice_en_19027027.opus,coordinator
./data/macroset/en/clips/coordinator/common_voice_en_21490029.opus,coordinator
./data/macroset/en/clips/coordinator/common_voice_en_22171954.opus,coordinator
./data/macroset/en/clips/coordinator/common_voice_en_18687915.opus,coordinator
./data/macroset/en/clips/coordinator/common_voice_en_19579051.opus,coordinator
./data/macroset/en/clips/beats/common_voice_en_19709802.opus,beats
./data/macroset/en/clips/beats/common_voice_en_18852790.opus,beats
./data/macroset/en/clips/beats/common_voice_en_21919060.opus,beats
./data/macroset/en/clips/beats/common_voice_en_21237504.opus,beats
./data/macroset/en/clips/beats/common_voice_en_18728912.opus,beats
./data/macroset/en/clips/addicted/common_voice_en_18985245.opus,addicted
./data/macroset/en/clips/addicted/common_voice_en_655167.opus,addicted
./data/macroset/en/clips/addicted/common_voice_en_629662.opus,addicted
./data/macroset/en/clips/addicted/common_voice_en_541253.opus,addicted
./data/macroset/en/clips/addicted/common_voice_en_22289907.opus,addicted
./data/macroset/en/clips/higher/common_voice_en_18685782.opus,higher
./data/macroset/en/clips/higher/common_voice_en_22268692.opus,higher
./data/macroset/en/clips/higher/common_voice_en_22362005.opus,higher
./data/macroset/en/clips/higher/common_voice_en_18944157.opus,higher
./data/macroset/en/clips/higher/common_voice_en_47256.opus,higher
./data/macroset/en/clips/shoulder/common_voice_en_540478.opus,shoulder
./data/macroset/en/clips/shoulder/common_voice_en_567881.opus,shoulder
./data/macroset/en/clips/shoulder/common_voice_en_18621889.opus,shoulder
./data/macroset/en/clips/shoulder/common_voice_en_607514.opus,shoulder
./data/macroset/en/clips/shoulder/common_voice_en_18931263.opus,shoulder
./data/macroset/en/clips/aid/common_voice_en_21946855.opus,aid
./data/macroset/en/clips/aid/common_voice_en_18454214.opus,aid
./data/macroset/en/clips/aid/common_voice_en_18300996.opus,aid
./data/macroset/en/clips/aid/common_voice_en_18848447.opus,aid
./data/macroset/en/clips/aid/common_voice_en_18681031.opus,aid
./data/macroset/en/clips/subject/common_voice_en_20132534.opus,subject
./data/macroset/en/clips/subject/common_voice_en_20266155.opus,subject
./data/macroset/en/clips/subject/common_voice_en_20995222.opus,subject
./data/macroset/en/clips/subject/common_voice_en_19244035.opus,subject
./data/macroset/en/clips/subject/common_voice_en_18755279.opus,subject
./data/macroset/en/clips/jargon/common_voice_en_591659.opus,jargon
./data/macroset/en/clips/jargon/common_voice_en_18133055.opus,jargon
./data/macroset/en/clips/jargon/common_voice_en_18339952.opus,jargon
./data/macroset/en/clips/jargon/common_voice_en_18066345.opus,jargon
./data/macroset/en/clips/jargon/common_voice_en_19584216.opus,jargon
./data/macroset/en/clips/tracts/common_voice_en_587189.opus,tracts
./data/macroset/en/clips/tracts/common_voice_en_634619.opus,tracts
./data/macroset/en/clips/tracts/common_voice_en_20939311.opus,tracts
./data/macroset/en/clips/tracts/common_voice_en_20442126.opus,tracts
./data/macroset/en/clips/tracts/common_voice_en_77941.opus,tracts
./data/macroset/en/clips/progressed/common_voice_en_19981237.opus,progressed
./data/macroset/en/clips/progressed/common_voice_en_22361327.opus,progressed
./data/macroset/en/clips/progressed/common_voice_en_19012938.opus,progressed
./data/macroset/en/clips/progressed/common_voice_en_20879070.opus,progressed
./data/macroset/en/clips/progressed/common_voice_en_21291041.opus,progressed
./data/macroset/en/clips/obligation/common_voice_en_21386681.opus,obligation
./data/macroset/en/clips/obligation/common_voice_en_87422.opus,obligation
./data/macroset/en/clips/obligation/common_voice_en_555816.opus,obligation
./data/macroset/en/clips/obligation/common_voice_en_599108.opus,obligation
./data/macroset/en/clips/obligation/common_voice_en_21344706.opus,obligation
./data/macroset/en/clips/traveller/common_voice_en_20760585.opus,traveller
./data/macroset/en/clips/traveller/common_voice_en_22093377.opus,traveller
./data/macroset/en/clips/traveller/common_voice_en_18900012.opus,traveller
./data/macroset/en/clips/traveller/common_voice_en_76094.opus,traveller
./data/macroset/en/clips/traveller/common_voice_en_19606198.opus,traveller
./data/macroset/en/clips/chap/common_voice_en_18637106.opus,chap
./data/macroset/en/clips/chap/common_voice_en_17914858.opus,chap
./data/macroset/en/clips/chap/common_voice_en_17268319.opus,chap
./data/macroset/en/clips/chap/common_voice_en_70253.opus,chap
./data/macroset/en/clips/chap/common_voice_en_18510569.opus,chap
./data/macroset/en/clips/inanimate/common_voice_en_643353.opus,inanimate
./data/macroset/en/clips/inanimate/common_voice_en_685959.opus,inanimate
./data/macroset/en/clips/inanimate/common_voice_en_134845.opus,inanimate
./data/macroset/en/clips/inanimate/common_voice_en_676477.opus,inanimate
./data/macroset/en/clips/inanimate/common_voice_en_502664.opus,inanimate
./data/macroset/en/clips/deserve/common_voice_en_564692.opus,deserve
./data/macroset/en/clips/deserve/common_voice_en_191104.opus,deserve
./data/macroset/en/clips/deserve/common_voice_en_18062277.opus,deserve
./data/macroset/en/clips/deserve/common_voice_en_552546.opus,deserve
./data/macroset/en/clips/deserve/common_voice_en_549759.opus,deserve
./data/macroset/en/clips/parked/common_voice_en_18052138.opus,parked
./data/macroset/en/clips/parked/common_voice_en_18061475.opus,parked
./data/macroset/en/clips/parked/common_voice_en_671999.opus,parked
./data/macroset/en/clips/parked/common_voice_en_683984.opus,parked
./data/macroset/en/clips/parked/common_voice_en_17395886.opus,parked
./data/macroset/en/clips/invincible/common_voice_en_17735952.opus,invincible
./data/macroset/en/clips/invincible/common_voice_en_17675155.opus,invincible
./data/macroset/en/clips/invincible/common_voice_en_17390723.opus,invincible
./data/macroset/en/clips/invincible/common_voice_en_17412079.opus,invincible
./data/macroset/en/clips/invincible/common_voice_en_570874.opus,invincible
./data/macroset/en/clips/villains/common_voice_en_20303140.opus,villains
./data/macroset/en/clips/villains/common_voice_en_18729531.opus,villains
./data/macroset/en/clips/villains/common_voice_en_456237.opus,villains
./data/macroset/en/clips/villains/common_voice_en_22088431.opus,villains
./data/macroset/en/clips/villains/common_voice_en_20143927.opus,villains
./data/macroset/en/clips/hedgehog/common_voice_en_77512.opus,hedgehog
./data/macroset/en/clips/hedgehog/common_voice_en_597315.opus,hedgehog
./data/macroset/en/clips/hedgehog/common_voice_en_219902.opus,hedgehog
./data/macroset/en/clips/hedgehog/common_voice_en_19411705.opus,hedgehog
./data/macroset/en/clips/hedgehog/common_voice_en_76179.opus,hedgehog
./data/macroset/en/clips/melancholy/common_voice_en_652604.opus,melancholy
./data/macroset/en/clips/melancholy/common_voice_en_493653.opus,melancholy
./data/macroset/en/clips/melancholy/common_voice_en_542759.opus,melancholy
./data/macroset/en/clips/melancholy/common_voice_en_555923.opus,melancholy
./data/macroset/en/clips/melancholy/common_voice_en_613288.opus,melancholy
./data/macroset/en/clips/sharp/common_voice_en_550947.opus,sharp
./data/macroset/en/clips/sharp/common_voice_en_657019.opus,sharp
./data/macroset/en/clips/sharp/common_voice_en_627590.opus,sharp
./data/macroset/en/clips/sharp/common_voice_en_18335706.opus,sharp
./data/macroset/en/clips/sharp/common_voice_en_19777264.opus,sharp
./data/macroset/en/clips/cameo/common_voice_en_20302865.opus,cameo
./data/macroset/en/clips/cameo/common_voice_en_19194428.opus,cameo
./data/macroset/en/clips/cameo/common_voice_en_20143602.opus,cameo
./data/macroset/en/clips/cameo/common_voice_en_19025842.opus,cameo
./data/macroset/en/clips/cameo/common_voice_en_19672681.opus,cameo
./data/macroset/en/clips/contented/common_voice_en_17937285.opus,contented
./data/macroset/en/clips/contented/common_voice_en_18530119.opus,contented
./data/macroset/en/clips/contented/common_voice_en_18052222.opus,contented
./data/macroset/en/clips/contented/common_voice_en_18599107.opus,contented
./data/macroset/en/clips/contented/common_voice_en_18503172.opus,contented
./data/macroset/en/clips/boy/common_voice_en_192544.opus,boy
./data/macroset/en/clips/boy/common_voice_en_180201.opus,boy
./data/macroset/en/clips/boy/common_voice_en_184189.opus,boy
./data/macroset/en/clips/boy/common_voice_en_586484.opus,boy
./data/macroset/en/clips/boy/common_voice_en_194115.opus,boy
./data/macroset/en/clips/printer/common_voice_en_77523.opus,printer
./data/macroset/en/clips/printer/common_voice_en_19796893.opus,printer
./data/macroset/en/clips/printer/common_voice_en_532960.opus,printer
./data/macroset/en/clips/printer/common_voice_en_18981286.opus,printer
./data/macroset/en/clips/printer/common_voice_en_20010090.opus,printer
./data/macroset/en/clips/lavender/common_voice_en_18125165.opus,lavender
./data/macroset/en/clips/lavender/common_voice_en_676679.opus,lavender
./data/macroset/en/clips/lavender/common_voice_en_21229748.opus,lavender
./data/macroset/en/clips/lavender/common_voice_en_496134.opus,lavender
./data/macroset/en/clips/lavender/common_voice_en_17332652.opus,lavender
./data/macroset/en/clips/surroundings/common_voice_en_547329.opus,surroundings
./data/macroset/en/clips/surroundings/common_voice_en_22258.opus,surroundings
./data/macroset/en/clips/surroundings/common_voice_en_595912.opus,surroundings
./data/macroset/en/clips/surroundings/common_voice_en_18598686.opus,surroundings
./data/macroset/en/clips/surroundings/common_voice_en_98369.opus,surroundings
./data/macroset/en/clips/satisfaction/common_voice_en_649495.opus,satisfaction
./data/macroset/en/clips/satisfaction/common_voice_en_481694.opus,satisfaction
./data/macroset/en/clips/satisfaction/common_voice_en_19389174.opus,satisfaction
./data/macroset/en/clips/satisfaction/common_voice_en_17263843.opus,satisfaction
./data/macroset/en/clips/satisfaction/common_voice_en_298468.opus,satisfaction
./data/macroset/en/clips/hurry/common_voice_en_18147921.opus,hurry
./data/macroset/en/clips/hurry/common_voice_en_8717554.opus,hurry
./data/macroset/en/clips/hurry/common_voice_en_8529.opus,hurry
./data/macroset/en/clips/hurry/common_voice_en_18641819.opus,hurry
./data/macroset/en/clips/hurry/common_voice_en_688677.opus,hurry
./data/macroset/en/clips/renewed/common_voice_en_19769774.opus,renewed
./data/macroset/en/clips/renewed/common_voice_en_21410379.opus,renewed
./data/macroset/en/clips/renewed/common_voice_en_19614571.opus,renewed
./data/macroset/en/clips/renewed/common_voice_en_19497418.opus,renewed
./data/macroset/en/clips/renewed/common_voice_en_21231163.opus,renewed
./data/macroset/en/clips/leaps/common_voice_en_594835.opus,leaps
./data/macroset/en/clips/leaps/common_voice_en_84099.opus,leaps
./data/macroset/en/clips/leaps/common_voice_en_21338220.opus,leaps
./data/macroset/en/clips/leaps/common_voice_en_18854263.opus,leaps
./data/macroset/en/clips/leaps/common_voice_en_18541953.opus,leaps
./data/macroset/en/clips/tested/common_voice_en_19140526.opus,tested
./data/macroset/en/clips/tested/common_voice_en_18575095.opus,tested
./data/macroset/en/clips/tested/common_voice_en_17489273.opus,tested
./data/macroset/en/clips/tested/common_voice_en_20802666.opus,tested
./data/macroset/en/clips/tested/common_voice_en_22129751.opus,tested
./data/macroset/en/clips/participate/common_voice_en_18114020.opus,participate
./data/macroset/en/clips/participate/common_voice_en_20329373.opus,participate
./data/macroset/en/clips/participate/common_voice_en_670403.opus,participate
./data/macroset/en/clips/participate/common_voice_en_22462457.opus,participate
./data/macroset/en/clips/participate/common_voice_en_19727712.opus,participate
./data/macroset/en/clips/lived/common_voice_en_20883329.opus,lived
./data/macroset/en/clips/lived/common_voice_en_20387085.opus,lived
./data/macroset/en/clips/lived/common_voice_en_20039914.opus,lived
./data/macroset/en/clips/lived/common_voice_en_608048.opus,lived
./data/macroset/en/clips/lived/common_voice_en_620955.opus,lived
./data/macroset/en/clips/instantly/common_voice_en_19028249.opus,instantly
./data/macroset/en/clips/instantly/common_voice_en_617698.opus,instantly
./data/macroset/en/clips/instantly/common_voice_en_20676617.opus,instantly
./data/macroset/en/clips/instantly/common_voice_en_18713222.opus,instantly
./data/macroset/en/clips/instantly/common_voice_en_661172.opus,instantly
./data/macroset/en/clips/turbine/common_voice_en_20976240.opus,turbine
./data/macroset/en/clips/turbine/common_voice_en_18967027.opus,turbine
./data/macroset/en/clips/turbine/common_voice_en_17263086.opus,turbine
./data/macroset/en/clips/turbine/common_voice_en_17377988.opus,turbine
./data/macroset/en/clips/turbine/common_voice_en_17264668.opus,turbine
./data/macroset/en/clips/makes/common_voice_en_17589389.opus,makes
./data/macroset/en/clips/makes/common_voice_en_17914335.opus,makes
./data/macroset/en/clips/makes/common_voice_en_21595121.opus,makes
./data/macroset/en/clips/makes/common_voice_en_541859.opus,makes
./data/macroset/en/clips/makes/common_voice_en_556837.opus,makes
./data/macroset/en/clips/involved/common_voice_en_19649381.opus,involved
./data/macroset/en/clips/involved/common_voice_en_21624661.opus,involved
./data/macroset/en/clips/involved/common_voice_en_21763490.opus,involved
./data/macroset/en/clips/involved/common_voice_en_19102787.opus,involved
./data/macroset/en/clips/involved/common_voice_en_18865125.opus,involved
./data/macroset/en/clips/ted/common_voice_en_20761535.opus,ted
./data/macroset/en/clips/ted/common_voice_en_20933697.opus,ted
./data/macroset/en/clips/ted/common_voice_en_21445468.opus,ted
./data/macroset/en/clips/ted/common_voice_en_19676940.opus,ted
./data/macroset/en/clips/ted/common_voice_en_20317038.opus,ted
./data/macroset/en/clips/eternal/common_voice_en_19398712.opus,eternal
./data/macroset/en/clips/eternal/common_voice_en_19753547.opus,eternal
./data/macroset/en/clips/eternal/common_voice_en_22124000.opus,eternal
./data/macroset/en/clips/eternal/common_voice_en_18966912.opus,eternal
./data/macroset/en/clips/eternal/common_voice_en_19607194.opus,eternal
./data/macroset/en/clips/askew/common_voice_en_18665071.opus,askew
./data/macroset/en/clips/askew/common_voice_en_19184976.opus,askew
./data/macroset/en/clips/askew/common_voice_en_85131.opus,askew
./data/macroset/en/clips/askew/common_voice_en_18441158.opus,askew
./data/macroset/en/clips/askew/common_voice_en_371143.opus,askew
./data/macroset/en/clips/transcripts/common_voice_en_19456422.opus,transcripts
./data/macroset/en/clips/transcripts/common_voice_en_650223.opus,transcripts
./data/macroset/en/clips/transcripts/common_voice_en_95286.opus,transcripts
./data/macroset/en/clips/transcripts/common_voice_en_97337.opus,transcripts
./data/macroset/en/clips/transcripts/common_voice_en_73421.opus,transcripts
./data/macroset/en/clips/debt/common_voice_en_18183242.opus,debt
./data/macroset/en/clips/debt/common_voice_en_17960304.opus,debt
./data/macroset/en/clips/debt/common_voice_en_18109077.opus,debt
./data/macroset/en/clips/debt/common_voice_en_18598695.opus,debt
./data/macroset/en/clips/debt/common_voice_en_17411269.opus,debt
./data/macroset/en/clips/afghan/common_voice_en_20673526.opus,afghan
./data/macroset/en/clips/afghan/common_voice_en_19640974.opus,afghan
./data/macroset/en/clips/afghan/common_voice_en_21497717.opus,afghan
./data/macroset/en/clips/afghan/common_voice_en_21640404.opus,afghan
./data/macroset/en/clips/afghan/common_voice_en_18995439.opus,afghan
./data/macroset/en/clips/frank/common_voice_en_20114977.opus,frank
./data/macroset/en/clips/frank/common_voice_en_21063758.opus,frank
./data/macroset/en/clips/frank/common_voice_en_18878997.opus,frank
./data/macroset/en/clips/frank/common_voice_en_19743480.opus,frank
./data/macroset/en/clips/frank/common_voice_en_20280070.opus,frank
./data/macroset/en/clips/sailed/common_voice_en_18713342.opus,sailed
./data/macroset/en/clips/sailed/common_voice_en_20447018.opus,sailed
./data/macroset/en/clips/sailed/common_voice_en_18870211.opus,sailed
./data/macroset/en/clips/sailed/common_voice_en_21374407.opus,sailed
./data/macroset/en/clips/sailed/common_voice_en_18870160.opus,sailed
./data/macroset/en/clips/typefaces/common_voice_en_20251142.opus,typefaces
./data/macroset/en/clips/typefaces/common_voice_en_17292721.opus,typefaces
./data/macroset/en/clips/typefaces/common_voice_en_19703331.opus,typefaces
./data/macroset/en/clips/typefaces/common_voice_en_17709430.opus,typefaces
./data/macroset/en/clips/typefaces/common_voice_en_21061033.opus,typefaces
./data/macroset/en/clips/biker/common_voice_en_603718.opus,biker
./data/macroset/en/clips/biker/common_voice_en_33501.opus,biker
./data/macroset/en/clips/biker/common_voice_en_699003.opus,biker
./data/macroset/en/clips/biker/common_voice_en_46973.opus,biker
./data/macroset/en/clips/biker/common_voice_en_66247.opus,biker
./data/macroset/en/clips/pittsburgh/common_voice_en_18799579.opus,pittsburgh
./data/macroset/en/clips/pittsburgh/common_voice_en_19613203.opus,pittsburgh
./data/macroset/en/clips/pittsburgh/common_voice_en_19523392.opus,pittsburgh
./data/macroset/en/clips/pittsburgh/common_voice_en_21777437.opus,pittsburgh
./data/macroset/en/clips/pittsburgh/common_voice_en_18754835.opus,pittsburgh
./data/macroset/en/clips/terry/common_voice_en_20964002.opus,terry
./data/macroset/en/clips/terry/common_voice_en_19764157.opus,terry
./data/macroset/en/clips/terry/common_voice_en_21851842.opus,terry
./data/macroset/en/clips/terry/common_voice_en_21304692.opus,terry
./data/macroset/en/clips/terry/common_voice_en_19742167.opus,terry
./data/macroset/en/clips/friends/common_voice_en_19473298.opus,friends
./data/macroset/en/clips/friends/common_voice_en_20321783.opus,friends
./data/macroset/en/clips/friends/common_voice_en_8663.opus,friends
./data/macroset/en/clips/friends/common_voice_en_18144682.opus,friends
./data/macroset/en/clips/friends/common_voice_en_17887742.opus,friends
./data/macroset/en/clips/countries/common_voice_en_555515.opus,countries
./data/macroset/en/clips/countries/common_voice_en_19738329.opus,countries
./data/macroset/en/clips/countries/common_voice_en_598369.opus,countries
./data/macroset/en/clips/countries/common_voice_en_18893762.opus,countries
./data/macroset/en/clips/countries/common_voice_en_19697942.opus,countries
./data/macroset/en/clips/namely/common_voice_en_21250365.opus,namely
./data/macroset/en/clips/namely/common_voice_en_20259665.opus,namely
./data/macroset/en/clips/namely/common_voice_en_19401234.opus,namely
./data/macroset/en/clips/namely/common_voice_en_19265698.opus,namely
./data/macroset/en/clips/namely/common_voice_en_19863488.opus,namely
./data/macroset/en/clips/finding/common_voice_en_180706.opus,finding
./data/macroset/en/clips/finding/common_voice_en_656084.opus,finding
./data/macroset/en/clips/finding/common_voice_en_19799773.opus,finding
./data/macroset/en/clips/finding/common_voice_en_17910267.opus,finding
./data/macroset/en/clips/finding/common_voice_en_681345.opus,finding
./data/macroset/en/clips/generations/common_voice_en_218995.opus,generations
./data/macroset/en/clips/generations/common_voice_en_50742.opus,generations
./data/macroset/en/clips/generations/common_voice_en_19656653.opus,generations
./data/macroset/en/clips/generations/common_voice_en_216820.opus,generations
./data/macroset/en/clips/generations/common_voice_en_21469811.opus,generations
./data/macroset/en/clips/buffalo/common_voice_en_19952955.opus,buffalo
./data/macroset/en/clips/buffalo/common_voice_en_20079340.opus,buffalo
./data/macroset/en/clips/buffalo/common_voice_en_20704682.opus,buffalo
./data/macroset/en/clips/buffalo/common_voice_en_20318105.opus,buffalo
./data/macroset/en/clips/buffalo/common_voice_en_20310709.opus,buffalo
./data/macroset/en/clips/brakes/common_voice_en_20297042.opus,brakes
./data/macroset/en/clips/brakes/common_voice_en_192206.opus,brakes
./data/macroset/en/clips/brakes/common_voice_en_19422919__2.opus,brakes
./data/macroset/en/clips/brakes/common_voice_en_20178191.opus,brakes
./data/macroset/en/clips/brakes/common_voice_en_18893967.opus,brakes
./data/macroset/en/clips/membrane/common_voice_en_21102989.opus,membrane
./data/macroset/en/clips/membrane/common_voice_en_19610491.opus,membrane
./data/macroset/en/clips/membrane/common_voice_en_20340005.opus,membrane
./data/macroset/en/clips/membrane/common_voice_en_20961034.opus,membrane
./data/macroset/en/clips/membrane/common_voice_en_21682993.opus,membrane
./data/macroset/en/clips/dale/common_voice_en_22177350.opus,dale
./data/macroset/en/clips/dale/common_voice_en_20243287.opus,dale
./data/macroset/en/clips/dale/common_voice_en_20689753.opus,dale
./data/macroset/en/clips/dale/common_voice_en_21292137.opus,dale
./data/macroset/en/clips/dale/common_voice_en_21020538.opus,dale
./data/macroset/en/clips/gardeners/common_voice_en_17393478.opus,gardeners
./data/macroset/en/clips/gardeners/common_voice_en_17926382.opus,gardeners
./data/macroset/en/clips/gardeners/common_voice_en_20532714.opus,gardeners
./data/macroset/en/clips/gardeners/common_voice_en_18993329.opus,gardeners
./data/macroset/en/clips/gardeners/common_voice_en_17842131.opus,gardeners
./data/macroset/en/clips/render/common_voice_en_30610.opus,render
./data/macroset/en/clips/render/common_voice_en_54117.opus,render
./data/macroset/en/clips/render/common_voice_en_603007.opus,render
./data/macroset/en/clips/render/common_voice_en_226781.opus,render
./data/macroset/en/clips/render/common_voice_en_17282578.opus,render
./data/macroset/en/clips/stems/common_voice_en_20190291.opus,stems
./data/macroset/en/clips/stems/common_voice_en_1858100.opus,stems
./data/macroset/en/clips/stems/common_voice_en_581332.opus,stems
./data/macroset/en/clips/stems/common_voice_en_21304244.opus,stems
./data/macroset/en/clips/stems/common_voice_en_19132658.opus,stems
./data/macroset/en/clips/cuisine/common_voice_en_20262836.opus,cuisine
./data/macroset/en/clips/cuisine/common_voice_en_20410891.opus,cuisine
./data/macroset/en/clips/cuisine/common_voice_en_19909617.opus,cuisine
./data/macroset/en/clips/cuisine/common_voice_en_20962628.opus,cuisine
./data/macroset/en/clips/cuisine/common_voice_en_19639300.opus,cuisine
./data/macroset/en/clips/pixels/common_voice_en_525222.opus,pixels
./data/macroset/en/clips/pixels/common_voice_en_506835.opus,pixels
./data/macroset/en/clips/pixels/common_voice_en_662452.opus,pixels
./data/macroset/en/clips/pixels/common_voice_en_696735.opus,pixels
./data/macroset/en/clips/pixels/common_voice_en_18115195.opus,pixels
./data/macroset/en/clips/textbooks/common_voice_en_21518381.opus,textbooks
./data/macroset/en/clips/textbooks/common_voice_en_20101472.opus,textbooks
./data/macroset/en/clips/textbooks/common_voice_en_19817199.opus,textbooks
./data/macroset/en/clips/textbooks/common_voice_en_20881068.opus,textbooks
./data/macroset/en/clips/textbooks/common_voice_en_21456257.opus,textbooks
./data/macroset/en/clips/continents/common_voice_en_336615.opus,continents
./data/macroset/en/clips/continents/common_voice_en_22258017.opus,continents
./data/macroset/en/clips/continents/common_voice_en_625630.opus,continents
./data/macroset/en/clips/continents/common_voice_en_19265161.opus,continents
./data/macroset/en/clips/continents/common_voice_en_19640422.opus,continents
./data/macroset/en/clips/razors/common_voice_en_17959259.opus,razors
./data/macroset/en/clips/razors/common_voice_en_519540.opus,razors
./data/macroset/en/clips/razors/common_voice_en_17283615.opus,razors
./data/macroset/en/clips/razors/common_voice_en_17269119.opus,razors
./data/macroset/en/clips/razors/common_voice_en_416686.opus,razors
./data/macroset/en/clips/resembling/common_voice_en_21923591.opus,resembling
./data/macroset/en/clips/resembling/common_voice_en_18797041.opus,resembling
./data/macroset/en/clips/resembling/common_voice_en_17700000.opus,resembling
./data/macroset/en/clips/resembling/common_voice_en_673195.opus,resembling
./data/macroset/en/clips/resembling/common_voice_en_18561046.opus,resembling
./data/macroset/en/clips/governing/common_voice_en_18713392.opus,governing
./data/macroset/en/clips/governing/common_voice_en_20171195.opus,governing
./data/macroset/en/clips/governing/common_voice_en_19669065.opus,governing
./data/macroset/en/clips/governing/common_voice_en_19810154.opus,governing
./data/macroset/en/clips/governing/common_voice_en_20102682.opus,governing
./data/macroset/en/clips/from/common_voice_en_17979230.opus,from
./data/macroset/en/clips/from/common_voice_en_21501599.opus,from
./data/macroset/en/clips/from/common_voice_en_591325.opus,from
./data/macroset/en/clips/from/common_voice_en_20093060.opus,from
./data/macroset/en/clips/from/common_voice_en_21159064__2.opus,from
./data/macroset/en/clips/garbled/common_voice_en_488541.opus,garbled
./data/macroset/en/clips/garbled/common_voice_en_46358.opus,garbled
./data/macroset/en/clips/garbled/common_voice_en_17280609.opus,garbled
./data/macroset/en/clips/garbled/common_voice_en_583087.opus,garbled
./data/macroset/en/clips/garbled/common_voice_en_664105.opus,garbled
./data/macroset/en/clips/heavens/common_voice_en_132665.opus,heavens
./data/macroset/en/clips/heavens/common_voice_en_18523148.opus,heavens
./data/macroset/en/clips/heavens/common_voice_en_18319845.opus,heavens
./data/macroset/en/clips/heavens/common_voice_en_19623113.opus,heavens
./data/macroset/en/clips/heavens/common_voice_en_592936.opus,heavens
./data/macroset/en/clips/differences/common_voice_en_18985128.opus,differences
./data/macroset/en/clips/differences/common_voice_en_20189547.opus,differences
./data/macroset/en/clips/differences/common_voice_en_20245963.opus,differences
./data/macroset/en/clips/differences/common_voice_en_20748133.opus,differences
./data/macroset/en/clips/differences/common_voice_en_20239263__2.opus,differences
./data/macroset/en/clips/arriving/common_voice_en_631033.opus,arriving
./data/macroset/en/clips/arriving/common_voice_en_20038968.opus,arriving
./data/macroset/en/clips/arriving/common_voice_en_662306.opus,arriving
./data/macroset/en/clips/arriving/common_voice_en_21798147.opus,arriving
./data/macroset/en/clips/arriving/common_voice_en_580720.opus,arriving
./data/macroset/en/clips/somewhere/common_voice_en_509159.opus,somewhere
./data/macroset/en/clips/somewhere/common_voice_en_506042.opus,somewhere
./data/macroset/en/clips/somewhere/common_voice_en_538418.opus,somewhere
./data/macroset/en/clips/somewhere/common_voice_en_666911.opus,somewhere
./data/macroset/en/clips/somewhere/common_voice_en_623891.opus,somewhere
./data/macroset/en/clips/sacrificed/common_voice_en_21647978.opus,sacrificed
./data/macroset/en/clips/sacrificed/common_voice_en_659554.opus,sacrificed
./data/macroset/en/clips/sacrificed/common_voice_en_677342.opus,sacrificed
./data/macroset/en/clips/sacrificed/common_voice_en_579515.opus,sacrificed
./data/macroset/en/clips/sacrificed/common_voice_en_19613170.opus,sacrificed
./data/macroset/en/clips/arises/common_voice_en_21108244.opus,arises
./data/macroset/en/clips/arises/common_voice_en_19673554.opus,arises
./data/macroset/en/clips/arises/common_voice_en_19680956.opus,arises
./data/macroset/en/clips/arises/common_voice_en_21412282.opus,arises
./data/macroset/en/clips/arises/common_voice_en_20044083.opus,arises
./data/macroset/en/clips/monte/common_voice_en_22434960.opus,monte
./data/macroset/en/clips/monte/common_voice_en_21469902.opus,monte
./data/macroset/en/clips/monte/common_voice_en_18915267.opus,monte
./data/macroset/en/clips/monte/common_voice_en_22181055.opus,monte
./data/macroset/en/clips/monte/common_voice_en_20276475.opus,monte
./data/macroset/en/clips/vaccines/common_voice_en_18661217.opus,vaccines
./data/macroset/en/clips/vaccines/common_voice_en_20229516.opus,vaccines
./data/macroset/en/clips/vaccines/common_voice_en_472645.opus,vaccines
./data/macroset/en/clips/vaccines/common_voice_en_17931389.opus,vaccines
./data/macroset/en/clips/vaccines/common_voice_en_18115100.opus,vaccines
./data/macroset/en/clips/escaped/common_voice_en_22275617.opus,escaped
./data/macroset/en/clips/escaped/common_voice_en_79883.opus,escaped
./data/macroset/en/clips/escaped/common_voice_en_19954159.opus,escaped
./data/macroset/en/clips/escaped/common_voice_en_18453336.opus,escaped
./data/macroset/en/clips/escaped/common_voice_en_584950.opus,escaped
./data/macroset/en/clips/approximately/common_voice_en_21400992.opus,approximately
./data/macroset/en/clips/approximately/common_voice_en_19201009.opus,approximately
./data/macroset/en/clips/approximately/common_voice_en_18816367.opus,approximately
./data/macroset/en/clips/approximately/common_voice_en_19721436.opus,approximately
./data/macroset/en/clips/approximately/common_voice_en_20289354.opus,approximately
./data/macroset/en/clips/post/common_voice_en_664873.opus,post
./data/macroset/en/clips/post/common_voice_en_44163.opus,post
./data/macroset/en/clips/post/common_voice_en_20687608.opus,post
./data/macroset/en/clips/post/common_voice_en_19433629.opus,post
./data/macroset/en/clips/post/common_voice_en_20346755.opus,post
./data/macroset/en/clips/trade/common_voice_en_609308.opus,trade
./data/macroset/en/clips/trade/common_voice_en_22299824.opus,trade
./data/macroset/en/clips/trade/common_voice_en_19696096.opus,trade
./data/macroset/en/clips/trade/common_voice_en_19677113.opus,trade
./data/macroset/en/clips/trade/common_voice_en_22331725.opus,trade
./data/macroset/en/clips/theft/common_voice_en_18906340.opus,theft
./data/macroset/en/clips/theft/common_voice_en_19991380.opus,theft
./data/macroset/en/clips/theft/common_voice_en_21742160.opus,theft
./data/macroset/en/clips/theft/common_voice_en_20900071.opus,theft
./data/macroset/en/clips/theft/common_voice_en_256722.opus,theft
./data/macroset/en/clips/characterized/common_voice_en_20506407.opus,characterized
./data/macroset/en/clips/characterized/common_voice_en_21393206.opus,characterized
./data/macroset/en/clips/characterized/common_voice_en_21852793.opus,characterized
./data/macroset/en/clips/characterized/common_voice_en_21921316.opus,characterized
./data/macroset/en/clips/characterized/common_voice_en_19062652.opus,characterized
./data/macroset/en/clips/benson/common_voice_en_19140301.opus,benson
./data/macroset/en/clips/benson/common_voice_en_19514292.opus,benson
./data/macroset/en/clips/benson/common_voice_en_20162615.opus,benson
./data/macroset/en/clips/benson/common_voice_en_20425918.opus,benson
./data/macroset/en/clips/benson/common_voice_en_19497238.opus,benson
./data/macroset/en/clips/hometown/common_voice_en_20332923.opus,hometown
./data/macroset/en/clips/hometown/common_voice_en_21781162.opus,hometown
./data/macroset/en/clips/hometown/common_voice_en_19028997.opus,hometown
./data/macroset/en/clips/hometown/common_voice_en_20207462.opus,hometown
./data/macroset/en/clips/hometown/common_voice_en_19749402.opus,hometown
./data/macroset/en/clips/murdered/common_voice_en_19952459.opus,murdered
./data/macroset/en/clips/murdered/common_voice_en_19296860.opus,murdered
./data/macroset/en/clips/murdered/common_voice_en_19616710.opus,murdered
./data/macroset/en/clips/murdered/common_voice_en_695335.opus,murdered
./data/macroset/en/clips/murdered/common_voice_en_540765.opus,murdered
./data/macroset/en/clips/guild/common_voice_en_20529921.opus,guild
./data/macroset/en/clips/guild/common_voice_en_19894237.opus,guild
./data/macroset/en/clips/guild/common_voice_en_20328997.opus,guild
./data/macroset/en/clips/guild/common_voice_en_19712803.opus,guild
./data/macroset/en/clips/guild/common_voice_en_22151110.opus,guild
./data/macroset/en/clips/expressions/common_voice_en_20017859.opus,expressions
./data/macroset/en/clips/expressions/common_voice_en_19796015.opus,expressions
./data/macroset/en/clips/expressions/common_voice_en_19533803.opus,expressions
./data/macroset/en/clips/expressions/common_voice_en_217981.opus,expressions
./data/macroset/en/clips/expressions/common_voice_en_21182196.opus,expressions
./data/macroset/en/clips/respite/common_voice_en_617528.opus,respite
./data/macroset/en/clips/respite/common_voice_en_31444.opus,respite
./data/macroset/en/clips/respite/common_voice_en_463714.opus,respite
./data/macroset/en/clips/respite/common_voice_en_18318611.opus,respite
./data/macroset/en/clips/respite/common_voice_en_652219.opus,respite
./data/macroset/en/clips/meant/common_voice_en_49853.opus,meant
./data/macroset/en/clips/meant/common_voice_en_20515649.opus,meant
./data/macroset/en/clips/meant/common_voice_en_192261.opus,meant
./data/macroset/en/clips/meant/common_voice_en_200058.opus,meant
./data/macroset/en/clips/meant/common_voice_en_19746266.opus,meant
./data/macroset/en/clips/diseases/common_voice_en_21354599.opus,diseases
./data/macroset/en/clips/diseases/common_voice_en_21348785.opus,diseases
./data/macroset/en/clips/diseases/common_voice_en_18792367.opus,diseases
./data/macroset/en/clips/diseases/common_voice_en_21117398.opus,diseases
./data/macroset/en/clips/diseases/common_voice_en_18105062.opus,diseases
./data/macroset/en/clips/arnold/common_voice_en_20391226.opus,arnold
./data/macroset/en/clips/arnold/common_voice_en_20814904.opus,arnold
./data/macroset/en/clips/arnold/common_voice_en_19592099.opus,arnold
./data/macroset/en/clips/arnold/common_voice_en_21877281.opus,arnold
./data/macroset/en/clips/arnold/common_voice_en_19810943.opus,arnold
./data/macroset/en/clips/commissions/common_voice_en_22094764.opus,commissions
./data/macroset/en/clips/commissions/common_voice_en_21304299.opus,commissions
./data/macroset/en/clips/commissions/common_voice_en_20434023.opus,commissions
./data/macroset/en/clips/commissions/common_voice_en_18830128.opus,commissions
./data/macroset/en/clips/commissions/common_voice_en_22288323.opus,commissions
./data/macroset/en/clips/dressed/common_voice_en_90992.opus,dressed
./data/macroset/en/clips/dressed/common_voice_en_638040.opus,dressed
./data/macroset/en/clips/dressed/common_voice_en_90557.opus,dressed
./data/macroset/en/clips/dressed/common_voice_en_541983.opus,dressed
./data/macroset/en/clips/dressed/common_voice_en_634936.opus,dressed
./data/macroset/en/clips/reinforced/common_voice_en_20976564.opus,reinforced
./data/macroset/en/clips/reinforced/common_voice_en_19196481.opus,reinforced
./data/macroset/en/clips/reinforced/common_voice_en_20866846.opus,reinforced
./data/macroset/en/clips/reinforced/common_voice_en_19137214.opus,reinforced
./data/macroset/en/clips/reinforced/common_voice_en_19676892.opus,reinforced
./data/macroset/en/clips/illustrations/common_voice_en_19163217.opus,illustrations
./data/macroset/en/clips/illustrations/common_voice_en_19627532.opus,illustrations
./data/macroset/en/clips/illustrations/common_voice_en_19749851.opus,illustrations
./data/macroset/en/clips/illustrations/common_voice_en_21367785.opus,illustrations
./data/macroset/en/clips/illustrations/common_voice_en_19796188.opus,illustrations
./data/macroset/en/clips/naval/common_voice_en_20643258.opus,naval
./data/macroset/en/clips/naval/common_voice_en_22138262.opus,naval
./data/macroset/en/clips/naval/common_voice_en_19355200.opus,naval
./data/macroset/en/clips/naval/common_voice_en_19350299.opus,naval
./data/macroset/en/clips/naval/common_voice_en_19959132.opus,naval
./data/macroset/en/clips/systematic/common_voice_en_588799.opus,systematic
./data/macroset/en/clips/systematic/common_voice_en_18917579.opus,systematic
./data/macroset/en/clips/systematic/common_voice_en_20907757.opus,systematic
./data/macroset/en/clips/systematic/common_voice_en_606498.opus,systematic
./data/macroset/en/clips/systematic/common_voice_en_204169.opus,systematic
./data/macroset/en/clips/secret/common_voice_en_612348.opus,secret
./data/macroset/en/clips/secret/common_voice_en_17850314.opus,secret
./data/macroset/en/clips/secret/common_voice_en_18423502.opus,secret
./data/macroset/en/clips/secret/common_voice_en_18163114.opus,secret
./data/macroset/en/clips/secret/common_voice_en_22017217.opus,secret
./data/macroset/en/clips/flounder/common_voice_en_19231025.opus,flounder
./data/macroset/en/clips/flounder/common_voice_en_17839765.opus,flounder
./data/macroset/en/clips/flounder/common_voice_en_17917041.opus,flounder
./data/macroset/en/clips/flounder/common_voice_en_18093948.opus,flounder
./data/macroset/en/clips/flounder/common_voice_en_314397.opus,flounder
./data/macroset/en/clips/jellyfish/common_voice_en_17884831.opus,jellyfish
./data/macroset/en/clips/jellyfish/common_voice_en_18149861.opus,jellyfish
./data/macroset/en/clips/jellyfish/common_voice_en_619734.opus,jellyfish
./data/macroset/en/clips/jellyfish/common_voice_en_19502800.opus,jellyfish
./data/macroset/en/clips/jellyfish/common_voice_en_18087436.opus,jellyfish
./data/macroset/en/clips/innings/common_voice_en_19652398.opus,innings
./data/macroset/en/clips/innings/common_voice_en_19246466.opus,innings
./data/macroset/en/clips/innings/common_voice_en_21502009.opus,innings
./data/macroset/en/clips/innings/common_voice_en_19106646.opus,innings
./data/macroset/en/clips/innings/common_voice_en_19007138.opus,innings
./data/macroset/en/clips/fictional/common_voice_en_19998655.opus,fictional
./data/macroset/en/clips/fictional/common_voice_en_20356134.opus,fictional
./data/macroset/en/clips/fictional/common_voice_en_19580129.opus,fictional
./data/macroset/en/clips/fictional/common_voice_en_22320823.opus,fictional
./data/macroset/en/clips/fictional/common_voice_en_22201182.opus,fictional
./data/macroset/en/clips/dreams/common_voice_en_39979.opus,dreams
./data/macroset/en/clips/dreams/common_voice_en_483299.opus,dreams
./data/macroset/en/clips/dreams/common_voice_en_20179799.opus,dreams
./data/macroset/en/clips/dreams/common_voice_en_590790.opus,dreams
./data/macroset/en/clips/dreams/common_voice_en_586647.opus,dreams
./data/macroset/en/clips/correlated/common_voice_en_17876962.opus,correlated
./data/macroset/en/clips/correlated/common_voice_en_19111515.opus,correlated
./data/macroset/en/clips/correlated/common_voice_en_19091129.opus,correlated
./data/macroset/en/clips/correlated/common_voice_en_17715357.opus,correlated
./data/macroset/en/clips/correlated/common_voice_en_17898489.opus,correlated
./data/macroset/en/clips/awful/common_voice_en_483880.opus,awful
./data/macroset/en/clips/awful/common_voice_en_595411.opus,awful
./data/macroset/en/clips/awful/common_voice_en_18421699.opus,awful
./data/macroset/en/clips/awful/common_voice_en_373919.opus,awful
./data/macroset/en/clips/awful/common_voice_en_74283.opus,awful
./data/macroset/en/clips/halls/common_voice_en_21692089.opus,halls
./data/macroset/en/clips/halls/common_voice_en_21338217.opus,halls
./data/macroset/en/clips/halls/common_voice_en_18745151.opus,halls
./data/macroset/en/clips/halls/common_voice_en_19748761.opus,halls
./data/macroset/en/clips/halls/common_voice_en_20018444.opus,halls
./data/macroset/en/clips/indirect/common_voice_en_22378540.opus,indirect
./data/macroset/en/clips/indirect/common_voice_en_20022782.opus,indirect
./data/macroset/en/clips/indirect/common_voice_en_19717599.opus,indirect
./data/macroset/en/clips/indirect/common_voice_en_19745084.opus,indirect
./data/macroset/en/clips/indirect/common_voice_en_19618052.opus,indirect
./data/macroset/en/clips/altogether/common_voice_en_20569488.opus,altogether
./data/macroset/en/clips/altogether/common_voice_en_18541237.opus,altogether
./data/macroset/en/clips/altogether/common_voice_en_22175354.opus,altogether
./data/macroset/en/clips/altogether/common_voice_en_18570575.opus,altogether
./data/macroset/en/clips/altogether/common_voice_en_18681030.opus,altogether
./data/macroset/en/clips/places/common_voice_en_19599907.opus,places
./data/macroset/en/clips/places/common_voice_en_49311.opus,places
./data/macroset/en/clips/places/common_voice_en_493725.opus,places
./data/macroset/en/clips/places/common_voice_en_20698472.opus,places
./data/macroset/en/clips/places/common_voice_en_590728.opus,places
./data/macroset/en/clips/coaches/common_voice_en_19748589.opus,coaches
./data/macroset/en/clips/coaches/common_voice_en_21484466.opus,coaches
./data/macroset/en/clips/coaches/common_voice_en_22167937.opus,coaches
./data/macroset/en/clips/coaches/common_voice_en_22414354.opus,coaches
./data/macroset/en/clips/coaches/common_voice_en_19795047.opus,coaches
./data/macroset/en/clips/greek/common_voice_en_20662613.opus,greek
./data/macroset/en/clips/greek/common_voice_en_19782969.opus,greek
./data/macroset/en/clips/greek/common_voice_en_19499294.opus,greek
./data/macroset/en/clips/greek/common_voice_en_20007408.opus,greek
./data/macroset/en/clips/greek/common_voice_en_19823775.opus,greek
./data/macroset/en/clips/juan/common_voice_en_20404784.opus,juan
./data/macroset/en/clips/juan/common_voice_en_20260274.opus,juan
./data/macroset/en/clips/juan/common_voice_en_494782.opus,juan
./data/macroset/en/clips/juan/common_voice_en_18754738.opus,juan
./data/macroset/en/clips/juan/common_voice_en_18870639.opus,juan
./data/macroset/en/clips/architectural/common_voice_en_21179554.opus,architectural
./data/macroset/en/clips/architectural/common_voice_en_22068825.opus,architectural
./data/macroset/en/clips/architectural/common_voice_en_19272470.opus,architectural
./data/macroset/en/clips/architectural/common_voice_en_22253223.opus,architectural
./data/macroset/en/clips/architectural/common_voice_en_18853022.opus,architectural
./data/macroset/en/clips/criminals/common_voice_en_50939.opus,criminals
./data/macroset/en/clips/criminals/common_voice_en_17731362.opus,criminals
./data/macroset/en/clips/criminals/common_voice_en_161854.opus,criminals
./data/macroset/en/clips/criminals/common_voice_en_629336.opus,criminals
./data/macroset/en/clips/criminals/common_voice_en_21962660.opus,criminals
./data/macroset/en/clips/austria/common_voice_en_22219593.opus,austria
./data/macroset/en/clips/austria/common_voice_en_20357818.opus,austria
./data/macroset/en/clips/austria/common_voice_en_19730373.opus,austria
./data/macroset/en/clips/austria/common_voice_en_19163294.opus,austria
./data/macroset/en/clips/austria/common_voice_en_19638733.opus,austria
./data/macroset/en/clips/despicable/common_voice_en_681635.opus,despicable
./data/macroset/en/clips/despicable/common_voice_en_26889.opus,despicable
./data/macroset/en/clips/despicable/common_voice_en_147698.opus,despicable
./data/macroset/en/clips/despicable/common_voice_en_556433.opus,despicable
./data/macroset/en/clips/despicable/common_voice_en_53363.opus,despicable
./data/macroset/en/clips/flickering/common_voice_en_17562168.opus,flickering
./data/macroset/en/clips/flickering/common_voice_en_253738.opus,flickering
./data/macroset/en/clips/flickering/common_voice_en_17264905.opus,flickering
./data/macroset/en/clips/flickering/common_voice_en_18034090.opus,flickering
./data/macroset/en/clips/flickering/common_voice_en_17440291.opus,flickering
./data/macroset/en/clips/keller/common_voice_en_19026372.opus,keller
./data/macroset/en/clips/keller/common_voice_en_679826.opus,keller
./data/macroset/en/clips/keller/common_voice_en_81570.opus,keller
./data/macroset/en/clips/keller/common_voice_en_83341.opus,keller
./data/macroset/en/clips/keller/common_voice_en_20637217.opus,keller
./data/macroset/en/clips/poorly/common_voice_en_20103126.opus,poorly
./data/macroset/en/clips/poorly/common_voice_en_19411810.opus,poorly
./data/macroset/en/clips/poorly/common_voice_en_21371742.opus,poorly
./data/macroset/en/clips/poorly/common_voice_en_20418182.opus,poorly
./data/macroset/en/clips/poorly/common_voice_en_19372042.opus,poorly
./data/macroset/en/clips/roses/common_voice_en_518001.opus,roses
./data/macroset/en/clips/roses/common_voice_en_530806.opus,roses
./data/macroset/en/clips/roses/common_voice_en_17993680.opus,roses
./data/macroset/en/clips/roses/common_voice_en_17880017.opus,roses
./data/macroset/en/clips/roses/common_voice_en_22253405.opus,roses
./data/macroset/en/clips/microscope/common_voice_en_18822315.opus,microscope
./data/macroset/en/clips/microscope/common_voice_en_189893.opus,microscope
./data/macroset/en/clips/microscope/common_voice_en_562407.opus,microscope
./data/macroset/en/clips/microscope/common_voice_en_629331.opus,microscope
./data/macroset/en/clips/microscope/common_voice_en_659356.opus,microscope
./data/macroset/en/clips/measure/common_voice_en_20064726.opus,measure
./data/macroset/en/clips/measure/common_voice_en_215436.opus,measure
./data/macroset/en/clips/measure/common_voice_en_19942672.opus,measure
./data/macroset/en/clips/measure/common_voice_en_665461.opus,measure
./data/macroset/en/clips/measure/common_voice_en_20533069.opus,measure
./data/macroset/en/clips/predominant/common_voice_en_17263171.opus,predominant
./data/macroset/en/clips/predominant/common_voice_en_18954921.opus,predominant
./data/macroset/en/clips/predominant/common_voice_en_21656846.opus,predominant
./data/macroset/en/clips/predominant/common_voice_en_19978608.opus,predominant
./data/macroset/en/clips/predominant/common_voice_en_19827816.opus,predominant
./data/macroset/en/clips/seller/common_voice_en_87215.opus,seller
./data/macroset/en/clips/seller/common_voice_en_20590824.opus,seller
./data/macroset/en/clips/seller/common_voice_en_689776.opus,seller
./data/macroset/en/clips/seller/common_voice_en_220299.opus,seller
./data/macroset/en/clips/seller/common_voice_en_507463.opus,seller
./data/macroset/en/clips/admired/common_voice_en_17249982.opus,admired
./data/macroset/en/clips/admired/common_voice_en_17258698.opus,admired
./data/macroset/en/clips/admired/common_voice_en_215511.opus,admired
./data/macroset/en/clips/admired/common_voice_en_17444365.opus,admired
./data/macroset/en/clips/admired/common_voice_en_22255861.opus,admired
./data/macroset/en/clips/broadcasts/common_voice_en_22272070.opus,broadcasts
./data/macroset/en/clips/broadcasts/common_voice_en_19060143.opus,broadcasts
./data/macroset/en/clips/broadcasts/common_voice_en_20964177.opus,broadcasts
./data/macroset/en/clips/broadcasts/common_voice_en_22165966.opus,broadcasts
./data/macroset/en/clips/broadcasts/common_voice_en_20490951.opus,broadcasts
./data/macroset/en/clips/track/common_voice_en_519942.opus,track
./data/macroset/en/clips/track/common_voice_en_624081.opus,track
./data/macroset/en/clips/track/common_voice_en_581664.opus,track
./data/macroset/en/clips/track/common_voice_en_21380348.opus,track
./data/macroset/en/clips/track/common_voice_en_208668.opus,track
./data/macroset/en/clips/python/common_voice_en_653281.opus,python
./data/macroset/en/clips/python/common_voice_en_20834727.opus,python
./data/macroset/en/clips/python/common_voice_en_349110.opus,python
./data/macroset/en/clips/python/common_voice_en_181326__2.opus,python
./data/macroset/en/clips/python/common_voice_en_689999.opus,python
./data/macroset/en/clips/fishermen/common_voice_en_19543801.opus,fishermen
./data/macroset/en/clips/fishermen/common_voice_en_20856005.opus,fishermen
./data/macroset/en/clips/fishermen/common_voice_en_20027929.opus,fishermen
./data/macroset/en/clips/fishermen/common_voice_en_21130943.opus,fishermen
./data/macroset/en/clips/fishermen/common_voice_en_22145483.opus,fishermen
./data/macroset/en/clips/booth/common_voice_en_18071525.opus,booth
./data/macroset/en/clips/booth/common_voice_en_20311467.opus,booth
./data/macroset/en/clips/booth/common_voice_en_47930.opus,booth
./data/macroset/en/clips/booth/common_voice_en_450569.opus,booth
./data/macroset/en/clips/booth/common_voice_en_96277.opus,booth
./data/macroset/en/clips/swayed/common_voice_en_557176.opus,swayed
./data/macroset/en/clips/swayed/common_voice_en_578100.opus,swayed
./data/macroset/en/clips/swayed/common_voice_en_566719.opus,swayed
./data/macroset/en/clips/swayed/common_voice_en_530580.opus,swayed
./data/macroset/en/clips/swayed/common_voice_en_68609.opus,swayed
./data/macroset/en/clips/clock/common_voice_en_21049797.opus,clock
./data/macroset/en/clips/clock/common_voice_en_20315878.opus,clock
./data/macroset/en/clips/clock/common_voice_en_19501826.opus,clock
./data/macroset/en/clips/clock/common_voice_en_494438.opus,clock
./data/macroset/en/clips/clock/common_voice_en_609259.opus,clock
./data/macroset/en/clips/protest/common_voice_en_568181.opus,protest
./data/macroset/en/clips/protest/common_voice_en_20281836.opus,protest
./data/macroset/en/clips/protest/common_voice_en_21386509.opus,protest
./data/macroset/en/clips/protest/common_voice_en_661503.opus,protest
./data/macroset/en/clips/protest/common_voice_en_21098407.opus,protest
./data/macroset/en/clips/prompting/common_voice_en_614133.opus,prompting
./data/macroset/en/clips/prompting/common_voice_en_21936261.opus,prompting
./data/macroset/en/clips/prompting/common_voice_en_605192.opus,prompting
./data/macroset/en/clips/prompting/common_voice_en_18125547.opus,prompting
./data/macroset/en/clips/prompting/common_voice_en_20846887.opus,prompting
./data/macroset/en/clips/arranging/common_voice_en_30343.opus,arranging
./data/macroset/en/clips/arranging/common_voice_en_662122.opus,arranging
./data/macroset/en/clips/arranging/common_voice_en_17978574.opus,arranging
./data/macroset/en/clips/arranging/common_voice_en_20385713.opus,arranging
./data/macroset/en/clips/arranging/common_voice_en_492356.opus,arranging
./data/macroset/en/clips/ensemble/common_voice_en_20189324.opus,ensemble
./data/macroset/en/clips/ensemble/common_voice_en_20088709.opus,ensemble
./data/macroset/en/clips/ensemble/common_voice_en_20317289.opus,ensemble
./data/macroset/en/clips/ensemble/common_voice_en_19606895.opus,ensemble
./data/macroset/en/clips/ensemble/common_voice_en_19454165.opus,ensemble
./data/macroset/en/clips/confused/common_voice_en_48349.opus,confused
./data/macroset/en/clips/confused/common_voice_en_18757782.opus,confused
./data/macroset/en/clips/confused/common_voice_en_19533149.opus,confused
./data/macroset/en/clips/confused/common_voice_en_21882164.opus,confused
./data/macroset/en/clips/confused/common_voice_en_20828251.opus,confused
./data/macroset/en/clips/shift/common_voice_en_19982621.opus,shift
./data/macroset/en/clips/shift/common_voice_en_605321.opus,shift
./data/macroset/en/clips/shift/common_voice_en_692209.opus,shift
./data/macroset/en/clips/shift/common_voice_en_18975641.opus,shift
./data/macroset/en/clips/shift/common_voice_en_20187341.opus,shift
./data/macroset/en/clips/powell/common_voice_en_21638756.opus,powell
./data/macroset/en/clips/powell/common_voice_en_19510861.opus,powell
./data/macroset/en/clips/powell/common_voice_en_19589259.opus,powell
./data/macroset/en/clips/powell/common_voice_en_20745801.opus,powell
./data/macroset/en/clips/powell/common_voice_en_20743570.opus,powell
./data/macroset/en/clips/odor/common_voice_en_17245707.opus,odor
./data/macroset/en/clips/odor/common_voice_en_18124653.opus,odor
./data/macroset/en/clips/odor/common_voice_en_17903896.opus,odor
./data/macroset/en/clips/odor/common_voice_en_481328.opus,odor
./data/macroset/en/clips/odor/common_voice_en_55398.opus,odor
./data/macroset/en/clips/advocates/common_voice_en_18697861.opus,advocates
./data/macroset/en/clips/advocates/common_voice_en_19746770.opus,advocates
./data/macroset/en/clips/advocates/common_voice_en_529243.opus,advocates
./data/macroset/en/clips/advocates/common_voice_en_4755670.opus,advocates
./data/macroset/en/clips/advocates/common_voice_en_21452597.opus,advocates
./data/macroset/en/clips/robust/common_voice_en_688791.opus,robust
./data/macroset/en/clips/robust/common_voice_en_137287.opus,robust
./data/macroset/en/clips/robust/common_voice_en_19695106.opus,robust
./data/macroset/en/clips/robust/common_voice_en_449940.opus,robust
./data/macroset/en/clips/robust/common_voice_en_19526527.opus,robust
./data/macroset/en/clips/unix/common_voice_en_20585080.opus,unix
./data/macroset/en/clips/unix/common_voice_en_20582043.opus,unix
./data/macroset/en/clips/unix/common_voice_en_20177281__2.opus,unix
./data/macroset/en/clips/unix/common_voice_en_21599553.opus,unix
./data/macroset/en/clips/unix/common_voice_en_21056452.opus,unix
./data/macroset/en/clips/beck/common_voice_en_20314738.opus,beck
./data/macroset/en/clips/beck/common_voice_en_20110259.opus,beck
./data/macroset/en/clips/beck/common_voice_en_19750242.opus,beck
./data/macroset/en/clips/beck/common_voice_en_21840706.opus,beck
./data/macroset/en/clips/beck/common_voice_en_21776959.opus,beck
./data/macroset/en/clips/his/common_voice_en_20693198.opus,his
./data/macroset/en/clips/his/common_voice_en_20531968.opus,his
./data/macroset/en/clips/his/common_voice_en_603673.opus,his
./data/macroset/en/clips/his/common_voice_en_92631.opus,his
./data/macroset/en/clips/his/common_voice_en_18492079.opus,his
./data/macroset/en/clips/challenged/common_voice_en_18851560.opus,challenged
./data/macroset/en/clips/challenged/common_voice_en_19348286.opus,challenged
./data/macroset/en/clips/challenged/common_voice_en_20365765.opus,challenged
./data/macroset/en/clips/challenged/common_voice_en_22244099.opus,challenged
./data/macroset/en/clips/challenged/common_voice_en_19681277.opus,challenged
./data/macroset/en/clips/ceiling/common_voice_en_612256.opus,ceiling
./data/macroset/en/clips/ceiling/common_voice_en_18049316.opus,ceiling
./data/macroset/en/clips/ceiling/common_voice_en_176772.opus,ceiling
./data/macroset/en/clips/ceiling/common_voice_en_21081027.opus,ceiling
./data/macroset/en/clips/ceiling/common_voice_en_71252.opus,ceiling
./data/macroset/en/clips/merchant/common_voice_en_602847.opus,merchant
./data/macroset/en/clips/merchant/common_voice_en_601456.opus,merchant
./data/macroset/en/clips/merchant/common_voice_en_152739.opus,merchant
./data/macroset/en/clips/merchant/common_voice_en_67478.opus,merchant
./data/macroset/en/clips/merchant/common_voice_en_191113.opus,merchant
./data/macroset/en/clips/comfortable/common_voice_en_629332.opus,comfortable
./data/macroset/en/clips/comfortable/common_voice_en_18348182.opus,comfortable
./data/macroset/en/clips/comfortable/common_voice_en_19694154.opus,comfortable
./data/macroset/en/clips/comfortable/common_voice_en_673964.opus,comfortable
./data/macroset/en/clips/comfortable/common_voice_en_18989945.opus,comfortable
./data/macroset/en/clips/habit/common_voice_en_18573061.opus,habit
./data/macroset/en/clips/habit/common_voice_en_20636901.opus,habit
./data/macroset/en/clips/habit/common_voice_en_21858079.opus,habit
./data/macroset/en/clips/habit/common_voice_en_19724070.opus,habit
./data/macroset/en/clips/habit/common_voice_en_19980518.opus,habit
./data/macroset/en/clips/ribbon/common_voice_en_142369.opus,ribbon
./data/macroset/en/clips/ribbon/common_voice_en_21207198.opus,ribbon
./data/macroset/en/clips/ribbon/common_voice_en_19950472.opus,ribbon
./data/macroset/en/clips/ribbon/common_voice_en_19507809.opus,ribbon
./data/macroset/en/clips/ribbon/common_voice_en_21936939.opus,ribbon
./data/macroset/en/clips/ancient/common_voice_en_20295165.opus,ancient
./data/macroset/en/clips/ancient/common_voice_en_20213719.opus,ancient
./data/macroset/en/clips/ancient/common_voice_en_21290942.opus,ancient
./data/macroset/en/clips/ancient/common_voice_en_584222.opus,ancient
./data/macroset/en/clips/ancient/common_voice_en_550987.opus,ancient
./data/macroset/en/clips/informal/common_voice_en_21741016.opus,informal
./data/macroset/en/clips/informal/common_voice_en_19727258.opus,informal
./data/macroset/en/clips/informal/common_voice_en_20410477.opus,informal
./data/macroset/en/clips/informal/common_voice_en_21648738.opus,informal
./data/macroset/en/clips/informal/common_voice_en_19739760.opus,informal
./data/macroset/en/clips/villages/common_voice_en_20793140.opus,villages
./data/macroset/en/clips/villages/common_voice_en_18770562.opus,villages
./data/macroset/en/clips/villages/common_voice_en_19332338.opus,villages
./data/macroset/en/clips/villages/common_voice_en_20303762.opus,villages
./data/macroset/en/clips/villages/common_voice_en_21986679.opus,villages
./data/macroset/en/clips/exceptional/common_voice_en_22121303.opus,exceptional
./data/macroset/en/clips/exceptional/common_voice_en_21592832.opus,exceptional
./data/macroset/en/clips/exceptional/common_voice_en_18992629.opus,exceptional
./data/macroset/en/clips/exceptional/common_voice_en_18993145.opus,exceptional
./data/macroset/en/clips/exceptional/common_voice_en_20887862.opus,exceptional
./data/macroset/en/clips/capsules/common_voice_en_158078.opus,capsules
./data/macroset/en/clips/capsules/common_voice_en_570030.opus,capsules
./data/macroset/en/clips/capsules/common_voice_en_607520.opus,capsules
./data/macroset/en/clips/capsules/common_voice_en_490041.opus,capsules
./data/macroset/en/clips/capsules/common_voice_en_489317.opus,capsules
./data/macroset/en/clips/influenced/common_voice_en_20961005.opus,influenced
./data/macroset/en/clips/influenced/common_voice_en_20109614.opus,influenced
./data/macroset/en/clips/influenced/common_voice_en_20739023.opus,influenced
./data/macroset/en/clips/influenced/common_voice_en_20776701.opus,influenced
./data/macroset/en/clips/influenced/common_voice_en_20984315.opus,influenced
./data/macroset/en/clips/administrative/common_voice_en_20232401.opus,administrative
./data/macroset/en/clips/administrative/common_voice_en_22001503.opus,administrative
./data/macroset/en/clips/administrative/common_voice_en_19826384.opus,administrative
./data/macroset/en/clips/administrative/common_voice_en_20236175.opus,administrative
./data/macroset/en/clips/administrative/common_voice_en_19515060.opus,administrative
./data/macroset/en/clips/flora/common_voice_en_21549160.opus,flora
./data/macroset/en/clips/flora/common_voice_en_686409.opus,flora
./data/macroset/en/clips/flora/common_voice_en_21921005.opus,flora
./data/macroset/en/clips/flora/common_voice_en_20221810.opus,flora
./data/macroset/en/clips/flora/common_voice_en_19533655.opus,flora
./data/macroset/en/clips/plutonium/common_voice_en_19562693.opus,plutonium
./data/macroset/en/clips/plutonium/common_voice_en_17939855.opus,plutonium
./data/macroset/en/clips/plutonium/common_voice_en_18679943.opus,plutonium
./data/macroset/en/clips/plutonium/common_voice_en_18176090.opus,plutonium
./data/macroset/en/clips/plutonium/common_voice_en_17925645.opus,plutonium
./data/macroset/en/clips/violence/common_voice_en_565175.opus,violence
./data/macroset/en/clips/violence/common_voice_en_17253770.opus,violence
./data/macroset/en/clips/violence/common_voice_en_18459817.opus,violence
./data/macroset/en/clips/violence/common_voice_en_22346256.opus,violence
./data/macroset/en/clips/violence/common_voice_en_19513980.opus,violence
./data/macroset/en/clips/england/common_voice_en_22204349.opus,england
./data/macroset/en/clips/england/common_voice_en_18782060.opus,england
./data/macroset/en/clips/england/common_voice_en_19945151.opus,england
./data/macroset/en/clips/england/common_voice_en_21927540.opus,england
./data/macroset/en/clips/england/common_voice_en_22185980.opus,england
./data/macroset/en/clips/glasgow/common_voice_en_20727178.opus,glasgow
./data/macroset/en/clips/glasgow/common_voice_en_18685029.opus,glasgow
./data/macroset/en/clips/glasgow/common_voice_en_522228.opus,glasgow
./data/macroset/en/clips/glasgow/common_voice_en_19238613.opus,glasgow
./data/macroset/en/clips/glasgow/common_voice_en_19350031.opus,glasgow
./data/macroset/en/clips/skill/common_voice_en_19749136.opus,skill
./data/macroset/en/clips/skill/common_voice_en_492130.opus,skill
./data/macroset/en/clips/skill/common_voice_en_22027303.opus,skill
./data/macroset/en/clips/skill/common_voice_en_18424164.opus,skill
./data/macroset/en/clips/skill/common_voice_en_293809.opus,skill
./data/macroset/en/clips/lives/common_voice_en_203639.opus,lives
./data/macroset/en/clips/lives/common_voice_en_45465.opus,lives
./data/macroset/en/clips/lives/common_voice_en_550033.opus,lives
./data/macroset/en/clips/lives/common_voice_en_22383826.opus,lives
./data/macroset/en/clips/lives/common_voice_en_18133804.opus,lives
./data/macroset/en/clips/jocks/common_voice_en_302226.opus,jocks
./data/macroset/en/clips/jocks/common_voice_en_204578.opus,jocks
./data/macroset/en/clips/jocks/common_voice_en_610800.opus,jocks
./data/macroset/en/clips/jocks/common_voice_en_564860.opus,jocks
./data/macroset/en/clips/jocks/common_voice_en_646281.opus,jocks
./data/macroset/en/clips/robbers/common_voice_en_20556384.opus,robbers
./data/macroset/en/clips/robbers/common_voice_en_17808363.opus,robbers
./data/macroset/en/clips/robbers/common_voice_en_18105495.opus,robbers
./data/macroset/en/clips/robbers/common_voice_en_17778145.opus,robbers
./data/macroset/en/clips/robbers/common_voice_en_495130.opus,robbers
./data/macroset/en/clips/overwhelmed/common_voice_en_19838468.opus,overwhelmed
./data/macroset/en/clips/overwhelmed/common_voice_en_17281126.opus,overwhelmed
./data/macroset/en/clips/overwhelmed/common_voice_en_17287664.opus,overwhelmed
./data/macroset/en/clips/overwhelmed/common_voice_en_17364363.opus,overwhelmed
./data/macroset/en/clips/overwhelmed/common_voice_en_591089.opus,overwhelmed
./data/macroset/en/clips/quarters/common_voice_en_17147704.opus,quarters
./data/macroset/en/clips/quarters/common_voice_en_19848814.opus,quarters
./data/macroset/en/clips/quarters/common_voice_en_19620226.opus,quarters
./data/macroset/en/clips/quarters/common_voice_en_19131288.opus,quarters
./data/macroset/en/clips/quarters/common_voice_en_22298252.opus,quarters
./data/macroset/en/clips/card/common_voice_en_17286052.opus,card
./data/macroset/en/clips/card/common_voice_en_17844057.opus,card
./data/macroset/en/clips/card/common_voice_en_20359422.opus,card
./data/macroset/en/clips/card/common_voice_en_17250492.opus,card
./data/macroset/en/clips/card/common_voice_en_21050182.opus,card
./data/macroset/en/clips/cell/common_voice_en_19684156.opus,cell
./data/macroset/en/clips/cell/common_voice_en_22301751.opus,cell
./data/macroset/en/clips/cell/common_voice_en_21512397.opus,cell
./data/macroset/en/clips/cell/common_voice_en_19168617__2.opus,cell
./data/macroset/en/clips/cell/common_voice_en_19724262.opus,cell
./data/macroset/en/clips/investment/common_voice_en_19783720.opus,investment
./data/macroset/en/clips/investment/common_voice_en_19239498.opus,investment
./data/macroset/en/clips/investment/common_voice_en_20699580.opus,investment
./data/macroset/en/clips/investment/common_voice_en_20400006.opus,investment
./data/macroset/en/clips/investment/common_voice_en_21776636.opus,investment
./data/macroset/en/clips/concourse/common_voice_en_18790622.opus,concourse
./data/macroset/en/clips/concourse/common_voice_en_22462224.opus,concourse
./data/macroset/en/clips/concourse/common_voice_en_18095006.opus,concourse
./data/macroset/en/clips/concourse/common_voice_en_19698122.opus,concourse
./data/macroset/en/clips/concourse/common_voice_en_20131109.opus,concourse
./data/macroset/en/clips/bucks/common_voice_en_19547452.opus,bucks
./data/macroset/en/clips/bucks/common_voice_en_654398.opus,bucks
./data/macroset/en/clips/bucks/common_voice_en_532447.opus,bucks
./data/macroset/en/clips/bucks/common_voice_en_91349.opus,bucks
./data/macroset/en/clips/bucks/common_voice_en_612913.opus,bucks
./data/macroset/en/clips/disregarded/common_voice_en_648455.opus,disregarded
./data/macroset/en/clips/disregarded/common_voice_en_16665695.opus,disregarded
./data/macroset/en/clips/disregarded/common_voice_en_31979.opus,disregarded
./data/macroset/en/clips/disregarded/common_voice_en_601438.opus,disregarded
./data/macroset/en/clips/disregarded/common_voice_en_544244.opus,disregarded
./data/macroset/en/clips/gods/common_voice_en_20413708.opus,gods
./data/macroset/en/clips/gods/common_voice_en_20159912.opus,gods
./data/macroset/en/clips/gods/common_voice_en_18417613.opus,gods
./data/macroset/en/clips/gods/common_voice_en_18940270.opus,gods
./data/macroset/en/clips/gods/common_voice_en_35635.opus,gods
./data/macroset/en/clips/potter/common_voice_en_20083687.opus,potter
./data/macroset/en/clips/potter/common_voice_en_18907911.opus,potter
./data/macroset/en/clips/potter/common_voice_en_20167257.opus,potter
./data/macroset/en/clips/potter/common_voice_en_20688862.opus,potter
./data/macroset/en/clips/potter/common_voice_en_19827692.opus,potter
./data/macroset/en/clips/reveal/common_voice_en_19577416.opus,reveal
./data/macroset/en/clips/reveal/common_voice_en_19496889.opus,reveal
./data/macroset/en/clips/reveal/common_voice_en_548048.opus,reveal
./data/macroset/en/clips/reveal/common_voice_en_21051709.opus,reveal
./data/macroset/en/clips/reveal/common_voice_en_21458585.opus,reveal
./data/macroset/en/clips/debian/common_voice_en_528798.opus,debian
./data/macroset/en/clips/debian/common_voice_en_3654489.opus,debian
./data/macroset/en/clips/debian/common_voice_en_167474.opus,debian
./data/macroset/en/clips/debian/common_voice_en_604085.opus,debian
./data/macroset/en/clips/debian/common_voice_en_1858156.opus,debian
./data/macroset/en/clips/laugh/common_voice_en_21972706.opus,laugh
./data/macroset/en/clips/laugh/common_voice_en_219195.opus,laugh
./data/macroset/en/clips/laugh/common_voice_en_534425.opus,laugh
./data/macroset/en/clips/laugh/common_voice_en_622762.opus,laugh
./data/macroset/en/clips/laugh/common_voice_en_17693282.opus,laugh
./data/macroset/en/clips/cracked/common_voice_en_647845.opus,cracked
./data/macroset/en/clips/cracked/common_voice_en_480522.opus,cracked
./data/macroset/en/clips/cracked/common_voice_en_18251407.opus,cracked
./data/macroset/en/clips/cracked/common_voice_en_18145090.opus,cracked
./data/macroset/en/clips/cracked/common_voice_en_18261007.opus,cracked
./data/macroset/en/clips/salty/common_voice_en_17843671.opus,salty
./data/macroset/en/clips/salty/common_voice_en_692398.opus,salty
./data/macroset/en/clips/salty/common_voice_en_17851798.opus,salty
./data/macroset/en/clips/salty/common_voice_en_17914158.opus,salty
./data/macroset/en/clips/salty/common_voice_en_19780906.opus,salty
./data/macroset/en/clips/judged/common_voice_en_20691487.opus,judged
./data/macroset/en/clips/judged/common_voice_en_20955305.opus,judged
./data/macroset/en/clips/judged/common_voice_en_21952790.opus,judged
./data/macroset/en/clips/judged/common_voice_en_22302235.opus,judged
./data/macroset/en/clips/judged/common_voice_en_21169607.opus,judged
./data/macroset/en/clips/referred/common_voice_en_19819828.opus,referred
./data/macroset/en/clips/referred/common_voice_en_22361099.opus,referred
./data/macroset/en/clips/referred/common_voice_en_19636600.opus,referred
./data/macroset/en/clips/referred/common_voice_en_20629611.opus,referred
./data/macroset/en/clips/referred/common_voice_en_20440435.opus,referred
./data/macroset/en/clips/demons/common_voice_en_21322355.opus,demons
./data/macroset/en/clips/demons/common_voice_en_442017.opus,demons
./data/macroset/en/clips/demons/common_voice_en_19113923.opus,demons
./data/macroset/en/clips/demons/common_voice_en_22169899.opus,demons
./data/macroset/en/clips/demons/common_voice_en_20332927.opus,demons
./data/macroset/en/clips/paw/common_voice_en_18313263.opus,paw
./data/macroset/en/clips/paw/common_voice_en_545178.opus,paw
./data/macroset/en/clips/paw/common_voice_en_18338538.opus,paw
./data/macroset/en/clips/paw/common_voice_en_18401666.opus,paw
./data/macroset/en/clips/paw/common_voice_en_17815680.opus,paw
./data/macroset/en/clips/internationally/common_voice_en_19764520.opus,internationally
./data/macroset/en/clips/internationally/common_voice_en_19636409.opus,internationally
./data/macroset/en/clips/internationally/common_voice_en_19412129.opus,internationally
./data/macroset/en/clips/internationally/common_voice_en_21925716.opus,internationally
./data/macroset/en/clips/internationally/common_voice_en_19736461.opus,internationally
./data/macroset/en/clips/maternity/common_voice_en_44729.opus,maternity
./data/macroset/en/clips/maternity/common_voice_en_20316172.opus,maternity
./data/macroset/en/clips/maternity/common_voice_en_17269162.opus,maternity
./data/macroset/en/clips/maternity/common_voice_en_683433.opus,maternity
./data/macroset/en/clips/maternity/common_voice_en_17459311.opus,maternity
./data/macroset/en/clips/manually/common_voice_en_18978252.opus,manually
./data/macroset/en/clips/manually/common_voice_en_19125792.opus,manually
./data/macroset/en/clips/manually/common_voice_en_21843741.opus,manually
./data/macroset/en/clips/manually/common_voice_en_20231523.opus,manually
./data/macroset/en/clips/manually/common_voice_en_22293888.opus,manually
./data/macroset/en/clips/analysis/common_voice_en_19291240.opus,analysis
./data/macroset/en/clips/analysis/common_voice_en_19749849__2.opus,analysis
./data/macroset/en/clips/analysis/common_voice_en_21636669.opus,analysis
./data/macroset/en/clips/analysis/common_voice_en_19313970.opus,analysis
./data/macroset/en/clips/analysis/common_voice_en_19758545.opus,analysis
./data/macroset/en/clips/scrambled/common_voice_en_485810.opus,scrambled
./data/macroset/en/clips/scrambled/common_voice_en_205652.opus,scrambled
./data/macroset/en/clips/scrambled/common_voice_en_18493403.opus,scrambled
./data/macroset/en/clips/scrambled/common_voice_en_17288246.opus,scrambled
./data/macroset/en/clips/scrambled/common_voice_en_9522.opus,scrambled
./data/macroset/en/clips/leaks/common_voice_en_17887789.opus,leaks
./data/macroset/en/clips/leaks/common_voice_en_18094708.opus,leaks
./data/macroset/en/clips/leaks/common_voice_en_18120616.opus,leaks
./data/macroset/en/clips/leaks/common_voice_en_20433796.opus,leaks
./data/macroset/en/clips/leaks/common_voice_en_624641.opus,leaks
./data/macroset/en/clips/lords/common_voice_en_21990081.opus,lords
./data/macroset/en/clips/lords/common_voice_en_22243019.opus,lords
./data/macroset/en/clips/lords/common_voice_en_19801191.opus,lords
./data/macroset/en/clips/lords/common_voice_en_18715614.opus,lords
./data/macroset/en/clips/lords/common_voice_en_21049796.opus,lords
./data/macroset/en/clips/punishment/common_voice_en_19694012.opus,punishment
./data/macroset/en/clips/punishment/common_voice_en_22146581__2.opus,punishment
./data/macroset/en/clips/punishment/common_voice_en_19969350.opus,punishment
./data/macroset/en/clips/punishment/common_voice_en_20268133.opus,punishment
./data/macroset/en/clips/punishment/common_voice_en_19129121.opus,punishment
./data/macroset/en/clips/chuck/common_voice_en_20910743.opus,chuck
./data/macroset/en/clips/chuck/common_voice_en_18826492.opus,chuck
./data/macroset/en/clips/chuck/common_voice_en_20116328.opus,chuck
./data/macroset/en/clips/chuck/common_voice_en_19811032.opus,chuck
./data/macroset/en/clips/chuck/common_voice_en_19783864.opus,chuck
./data/macroset/en/clips/listeners/common_voice_en_17888657.opus,listeners
./data/macroset/en/clips/listeners/common_voice_en_20413720.opus,listeners
./data/macroset/en/clips/listeners/common_voice_en_20248319.opus,listeners
./data/macroset/en/clips/listeners/common_voice_en_19959555.opus,listeners
./data/macroset/en/clips/listeners/common_voice_en_21891435.opus,listeners
./data/macroset/en/clips/foster/common_voice_en_19579228.opus,foster
./data/macroset/en/clips/foster/common_voice_en_19946406.opus,foster
./data/macroset/en/clips/foster/common_voice_en_20328867.opus,foster
./data/macroset/en/clips/foster/common_voice_en_20689988.opus,foster
./data/macroset/en/clips/foster/common_voice_en_533389.opus,foster
./data/macroset/en/clips/excerpt/common_voice_en_518476.opus,excerpt
./data/macroset/en/clips/excerpt/common_voice_en_63468.opus,excerpt
./data/macroset/en/clips/excerpt/common_voice_en_178795.opus,excerpt
./data/macroset/en/clips/excerpt/common_voice_en_249842.opus,excerpt
./data/macroset/en/clips/excerpt/common_voice_en_42370.opus,excerpt
./data/macroset/en/clips/cavity/common_voice_en_18149880.opus,cavity
./data/macroset/en/clips/cavity/common_voice_en_18016727.opus,cavity
./data/macroset/en/clips/cavity/common_voice_en_20285572.opus,cavity
./data/macroset/en/clips/cavity/common_voice_en_18853606.opus,cavity
./data/macroset/en/clips/cavity/common_voice_en_18164382.opus,cavity
./data/macroset/en/clips/catastrophic/common_voice_en_671976.opus,catastrophic
./data/macroset/en/clips/catastrophic/common_voice_en_19456420.opus,catastrophic
./data/macroset/en/clips/catastrophic/common_voice_en_21475452.opus,catastrophic
./data/macroset/en/clips/catastrophic/common_voice_en_18554924.opus,catastrophic
./data/macroset/en/clips/catastrophic/common_voice_en_79863.opus,catastrophic
./data/macroset/en/clips/television/common_voice_en_20545112.opus,television
./data/macroset/en/clips/television/common_voice_en_18675610.opus,television
./data/macroset/en/clips/television/common_voice_en_20876360.opus,television
./data/macroset/en/clips/television/common_voice_en_19629959.opus,television
./data/macroset/en/clips/television/common_voice_en_20229493.opus,television
./data/macroset/en/clips/receipt/common_voice_en_689963.opus,receipt
./data/macroset/en/clips/receipt/common_voice_en_71236.opus,receipt
./data/macroset/en/clips/receipt/common_voice_en_568001.opus,receipt
./data/macroset/en/clips/receipt/common_voice_en_38708.opus,receipt
./data/macroset/en/clips/receipt/common_voice_en_547818.opus,receipt
./data/macroset/en/clips/establish/common_voice_en_16948.opus,establish
./data/macroset/en/clips/establish/common_voice_en_170511.opus,establish
./data/macroset/en/clips/establish/common_voice_en_602904.opus,establish
./data/macroset/en/clips/establish/common_voice_en_596592.opus,establish
./data/macroset/en/clips/establish/common_voice_en_653224.opus,establish
./data/macroset/en/clips/notation/common_voice_en_19083954.opus,notation
./data/macroset/en/clips/notation/common_voice_en_20294855.opus,notation
./data/macroset/en/clips/notation/common_voice_en_19724882.opus,notation
./data/macroset/en/clips/notation/common_voice_en_21367514.opus,notation
./data/macroset/en/clips/notation/common_voice_en_20939350.opus,notation
./data/macroset/en/clips/elijah/common_voice_en_72647.opus,elijah
./data/macroset/en/clips/elijah/common_voice_en_15733959.opus,elijah
./data/macroset/en/clips/elijah/common_voice_en_617176.opus,elijah
./data/macroset/en/clips/elijah/common_voice_en_19433586.opus,elijah
./data/macroset/en/clips/elijah/common_voice_en_17288466.opus,elijah
./data/macroset/en/clips/goggles/common_voice_en_18245110.opus,goggles
./data/macroset/en/clips/goggles/common_voice_en_18160172.opus,goggles
./data/macroset/en/clips/goggles/common_voice_en_18124804.opus,goggles
./data/macroset/en/clips/goggles/common_voice_en_18112523.opus,goggles
./data/macroset/en/clips/goggles/common_voice_en_18515929.opus,goggles
./data/macroset/en/clips/fun/common_voice_en_542335.opus,fun
./data/macroset/en/clips/fun/common_voice_en_20294679.opus,fun
./data/macroset/en/clips/fun/common_voice_en_21704179.opus,fun
./data/macroset/en/clips/fun/common_voice_en_2020971.opus,fun
./data/macroset/en/clips/fun/common_voice_en_573433.opus,fun
./data/macroset/en/clips/shaw/common_voice_en_21257258.opus,shaw
./data/macroset/en/clips/shaw/common_voice_en_20984050.opus,shaw
./data/macroset/en/clips/shaw/common_voice_en_20118549.opus,shaw
./data/macroset/en/clips/shaw/common_voice_en_21518185.opus,shaw
./data/macroset/en/clips/shaw/common_voice_en_21143202__2.opus,shaw
./data/macroset/en/clips/taxes/common_voice_en_22247730.opus,taxes
./data/macroset/en/clips/taxes/common_voice_en_22365705.opus,taxes
./data/macroset/en/clips/taxes/common_voice_en_17267134.opus,taxes
./data/macroset/en/clips/taxes/common_voice_en_17301756.opus,taxes
./data/macroset/en/clips/taxes/common_voice_en_19326635.opus,taxes
./data/macroset/en/clips/favours/common_voice_en_17941395.opus,favours
./data/macroset/en/clips/favours/common_voice_en_18132091.opus,favours
./data/macroset/en/clips/favours/common_voice_en_18034092.opus,favours
./data/macroset/en/clips/favours/common_voice_en_18004172.opus,favours
./data/macroset/en/clips/favours/common_voice_en_18122171.opus,favours
./data/macroset/en/clips/nordic/common_voice_en_20724262.opus,nordic
./data/macroset/en/clips/nordic/common_voice_en_21483983.opus,nordic
./data/macroset/en/clips/nordic/common_voice_en_19552128.opus,nordic
./data/macroset/en/clips/nordic/common_voice_en_18684858.opus,nordic
./data/macroset/en/clips/nordic/common_voice_en_19172809.opus,nordic
./data/macroset/en/clips/farce/common_voice_en_638403.opus,farce
./data/macroset/en/clips/farce/common_voice_en_546994.opus,farce
./data/macroset/en/clips/farce/common_voice_en_21923585.opus,farce
./data/macroset/en/clips/farce/common_voice_en_190898.opus,farce
./data/macroset/en/clips/farce/common_voice_en_556904.opus,farce
./data/macroset/en/clips/integrate/common_voice_en_18865526.opus,integrate
./data/macroset/en/clips/integrate/common_voice_en_654228.opus,integrate
./data/macroset/en/clips/integrate/common_voice_en_18981692.opus,integrate
./data/macroset/en/clips/integrate/common_voice_en_518222.opus,integrate
./data/macroset/en/clips/integrate/common_voice_en_20403586.opus,integrate
./data/macroset/en/clips/ash/common_voice_en_324712.opus,ash
./data/macroset/en/clips/ash/common_voice_en_69532.opus,ash
./data/macroset/en/clips/ash/common_voice_en_17254854.opus,ash
./data/macroset/en/clips/ash/common_voice_en_18128663.opus,ash
./data/macroset/en/clips/ash/common_voice_en_690410.opus,ash
./data/macroset/en/clips/every/common_voice_en_657609.opus,every
./data/macroset/en/clips/every/common_voice_en_18591470.opus,every
./data/macroset/en/clips/every/common_voice_en_666094.opus,every
./data/macroset/en/clips/every/common_voice_en_163725.opus,every
./data/macroset/en/clips/every/common_voice_en_697302.opus,every
./data/macroset/en/clips/traveling/common_voice_en_501892.opus,traveling
./data/macroset/en/clips/traveling/common_voice_en_666865.opus,traveling
./data/macroset/en/clips/traveling/common_voice_en_21860393.opus,traveling
./data/macroset/en/clips/traveling/common_voice_en_21132827.opus,traveling
./data/macroset/en/clips/traveling/common_voice_en_17850761.opus,traveling
./data/macroset/en/clips/blew/common_voice_en_18421871.opus,blew
./data/macroset/en/clips/blew/common_voice_en_517076.opus,blew
./data/macroset/en/clips/blew/common_voice_en_652493.opus,blew
./data/macroset/en/clips/blew/common_voice_en_18162845.opus,blew
./data/macroset/en/clips/blew/common_voice_en_505909.opus,blew
./data/macroset/en/clips/inquisition/common_voice_en_18144606.opus,inquisition
./data/macroset/en/clips/inquisition/common_voice_en_415497.opus,inquisition
./data/macroset/en/clips/inquisition/common_voice_en_617533.opus,inquisition
./data/macroset/en/clips/inquisition/common_voice_en_19260466.opus,inquisition
./data/macroset/en/clips/inquisition/common_voice_en_16047782.opus,inquisition
./data/macroset/en/clips/bracelet/common_voice_en_674823.opus,bracelet
./data/macroset/en/clips/bracelet/common_voice_en_511201.opus,bracelet
./data/macroset/en/clips/bracelet/common_voice_en_18661955.opus,bracelet
./data/macroset/en/clips/bracelet/common_voice_en_29719.opus,bracelet
./data/macroset/en/clips/bracelet/common_voice_en_95977.opus,bracelet
./data/macroset/en/clips/cleveland/common_voice_en_20316645.opus,cleveland
./data/macroset/en/clips/cleveland/common_voice_en_20670074.opus,cleveland
./data/macroset/en/clips/cleveland/common_voice_en_19355267.opus,cleveland
./data/macroset/en/clips/cleveland/common_voice_en_22282077.opus,cleveland
./data/macroset/en/clips/cleveland/common_voice_en_21515416.opus,cleveland
./data/macroset/en/clips/recycling/common_voice_en_247322.opus,recycling
./data/macroset/en/clips/recycling/common_voice_en_522578.opus,recycling
./data/macroset/en/clips/recycling/common_voice_en_525347.opus,recycling
./data/macroset/en/clips/recycling/common_voice_en_699068.opus,recycling
./data/macroset/en/clips/recycling/common_voice_en_481520.opus,recycling
./data/macroset/en/clips/mashed/common_voice_en_20498785.opus,mashed
./data/macroset/en/clips/mashed/common_voice_en_676509.opus,mashed
./data/macroset/en/clips/mashed/common_voice_en_587741.opus,mashed
./data/macroset/en/clips/mashed/common_voice_en_657712.opus,mashed
./data/macroset/en/clips/mashed/common_voice_en_20729121.opus,mashed
./data/macroset/en/clips/coworkers/common_voice_en_578020.opus,coworkers
./data/macroset/en/clips/coworkers/common_voice_en_697710.opus,coworkers
./data/macroset/en/clips/coworkers/common_voice_en_92241.opus,coworkers
./data/macroset/en/clips/coworkers/common_voice_en_75431.opus,coworkers
./data/macroset/en/clips/coworkers/common_voice_en_636366.opus,coworkers
./data/macroset/en/clips/continually/common_voice_en_19164404.opus,continually
./data/macroset/en/clips/continually/common_voice_en_20526467.opus,continually
./data/macroset/en/clips/continually/common_voice_en_19675296.opus,continually
./data/macroset/en/clips/continually/common_voice_en_18870084.opus,continually
./data/macroset/en/clips/continually/common_voice_en_19538845.opus,continually
./data/macroset/en/clips/auxiliary/common_voice_en_21150457.opus,auxiliary
./data/macroset/en/clips/auxiliary/common_voice_en_19575111.opus,auxiliary
./data/macroset/en/clips/auxiliary/common_voice_en_18938934.opus,auxiliary
./data/macroset/en/clips/auxiliary/common_voice_en_19688133.opus,auxiliary
./data/macroset/en/clips/auxiliary/common_voice_en_18816436.opus,auxiliary
./data/macroset/en/clips/agenda/common_voice_en_19789674.opus,agenda
./data/macroset/en/clips/agenda/common_voice_en_20024085.opus,agenda
./data/macroset/en/clips/agenda/common_voice_en_20148825.opus,agenda
./data/macroset/en/clips/agenda/common_voice_en_22443511.opus,agenda
./data/macroset/en/clips/agenda/common_voice_en_19467962.opus,agenda
./data/macroset/en/clips/acquisition/common_voice_en_207301.opus,acquisition
./data/macroset/en/clips/acquisition/common_voice_en_547338.opus,acquisition
./data/macroset/en/clips/acquisition/common_voice_en_19027584.opus,acquisition
./data/macroset/en/clips/acquisition/common_voice_en_20532741.opus,acquisition
./data/macroset/en/clips/acquisition/common_voice_en_19214665.opus,acquisition
./data/macroset/en/clips/limited/common_voice_en_18745337.opus,limited
./data/macroset/en/clips/limited/common_voice_en_21454679.opus,limited
./data/macroset/en/clips/limited/common_voice_en_21865005.opus,limited
./data/macroset/en/clips/limited/common_voice_en_18931115.opus,limited
./data/macroset/en/clips/limited/common_voice_en_20316066.opus,limited
./data/macroset/en/clips/millennium/common_voice_en_19066349.opus,millennium
./data/macroset/en/clips/millennium/common_voice_en_20242321.opus,millennium
./data/macroset/en/clips/millennium/common_voice_en_22435891.opus,millennium
./data/macroset/en/clips/millennium/common_voice_en_19141242.opus,millennium
./data/macroset/en/clips/millennium/common_voice_en_92549.opus,millennium
./data/macroset/en/clips/sandra/common_voice_en_17824198.opus,sandra
./data/macroset/en/clips/sandra/common_voice_en_525122.opus,sandra
./data/macroset/en/clips/sandra/common_voice_en_635299.opus,sandra
./data/macroset/en/clips/sandra/common_voice_en_214183.opus,sandra
./data/macroset/en/clips/sandra/common_voice_en_19604208.opus,sandra
./data/macroset/en/clips/finely/common_voice_en_17981916.opus,finely
./data/macroset/en/clips/finely/common_voice_en_17917069.opus,finely
./data/macroset/en/clips/finely/common_voice_en_17517049.opus,finely
./data/macroset/en/clips/finely/common_voice_en_17808715.opus,finely
./data/macroset/en/clips/finely/common_voice_en_17520076.opus,finely
./data/macroset/en/clips/eyes/common_voice_en_20257391.opus,eyes
./data/macroset/en/clips/eyes/common_voice_en_18405200.opus,eyes
./data/macroset/en/clips/eyes/common_voice_en_615089.opus,eyes
./data/macroset/en/clips/eyes/common_voice_en_524389.opus,eyes
./data/macroset/en/clips/eyes/common_voice_en_659840.opus,eyes
./data/macroset/en/clips/narrator/common_voice_en_19712399.opus,narrator
./data/macroset/en/clips/narrator/common_voice_en_21677884.opus,narrator
./data/macroset/en/clips/narrator/common_voice_en_18094975.opus,narrator
./data/macroset/en/clips/narrator/common_voice_en_650312.opus,narrator
./data/macroset/en/clips/narrator/common_voice_en_17875460.opus,narrator
./data/macroset/en/clips/claude/common_voice_en_19947052.opus,claude
./data/macroset/en/clips/claude/common_voice_en_21605854.opus,claude
./data/macroset/en/clips/claude/common_voice_en_22207609.opus,claude
./data/macroset/en/clips/claude/common_voice_en_20830199.opus,claude
./data/macroset/en/clips/claude/common_voice_en_20100955.opus,claude
./data/macroset/en/clips/respect/common_voice_en_500750.opus,respect
./data/macroset/en/clips/respect/common_voice_en_20452987.opus,respect
./data/macroset/en/clips/respect/common_voice_en_511299.opus,respect
./data/macroset/en/clips/respect/common_voice_en_7885.opus,respect
./data/macroset/en/clips/respect/common_voice_en_18493057.opus,respect
./data/macroset/en/clips/origin/common_voice_en_20535879.opus,origin
./data/macroset/en/clips/origin/common_voice_en_19783344.opus,origin
./data/macroset/en/clips/origin/common_voice_en_20924325.opus,origin
./data/macroset/en/clips/origin/common_voice_en_20047045.opus,origin
./data/macroset/en/clips/origin/common_voice_en_19024274.opus,origin
./data/macroset/en/clips/lions/common_voice_en_555522.opus,lions
./data/macroset/en/clips/lions/common_voice_en_21914490.opus,lions
./data/macroset/en/clips/lions/common_voice_en_20872111.opus,lions
./data/macroset/en/clips/lions/common_voice_en_20586777.opus,lions
./data/macroset/en/clips/lions/common_voice_en_18852009.opus,lions
./data/macroset/en/clips/documentation/common_voice_en_21469844.opus,documentation
./data/macroset/en/clips/documentation/common_voice_en_21996502.opus,documentation
./data/macroset/en/clips/documentation/common_voice_en_19523407.opus,documentation
./data/macroset/en/clips/documentation/common_voice_en_21375112.opus,documentation
./data/macroset/en/clips/documentation/common_voice_en_22008122.opus,documentation
./data/macroset/en/clips/montreal/common_voice_en_22024826.opus,montreal
./data/macroset/en/clips/montreal/common_voice_en_20425242.opus,montreal
./data/macroset/en/clips/montreal/common_voice_en_21747632.opus,montreal
./data/macroset/en/clips/montreal/common_voice_en_19500526.opus,montreal
./data/macroset/en/clips/montreal/common_voice_en_22471187.opus,montreal
./data/macroset/en/clips/coastline/common_voice_en_20189020.opus,coastline
./data/macroset/en/clips/coastline/common_voice_en_21564437.opus,coastline
./data/macroset/en/clips/coastline/common_voice_en_18985579.opus,coastline
./data/macroset/en/clips/coastline/common_voice_en_19745130.opus,coastline
./data/macroset/en/clips/coastline/common_voice_en_20518463.opus,coastline
./data/macroset/en/clips/toggle/common_voice_en_18144208.opus,toggle
./data/macroset/en/clips/toggle/common_voice_en_534453.opus,toggle
./data/macroset/en/clips/toggle/common_voice_en_18143887.opus,toggle
./data/macroset/en/clips/toggle/common_voice_en_627078.opus,toggle
./data/macroset/en/clips/toggle/common_voice_en_411133.opus,toggle
./data/macroset/en/clips/lifestyle/common_voice_en_20382302.opus,lifestyle
./data/macroset/en/clips/lifestyle/common_voice_en_18506647.opus,lifestyle
./data/macroset/en/clips/lifestyle/common_voice_en_18405138.opus,lifestyle
./data/macroset/en/clips/lifestyle/common_voice_en_428156.opus,lifestyle
./data/macroset/en/clips/lifestyle/common_voice_en_19152615.opus,lifestyle
./data/macroset/en/clips/won’t/common_voice_en_493846.opus,won’t
./data/macroset/en/clips/won’t/common_voice_en_46409.opus,won’t
./data/macroset/en/clips/won’t/common_voice_en_651007.opus,won’t
./data/macroset/en/clips/won’t/common_voice_en_20048432.opus,won’t
./data/macroset/en/clips/won’t/common_voice_en_27909.opus,won’t
./data/macroset/en/clips/gym/common_voice_en_19389049.opus,gym
./data/macroset/en/clips/gym/common_voice_en_18684096.opus,gym
./data/macroset/en/clips/gym/common_voice_en_20234882.opus,gym
./data/macroset/en/clips/gym/common_voice_en_582485.opus,gym
./data/macroset/en/clips/gym/common_voice_en_19675695.opus,gym
./data/macroset/en/clips/recognized/common_voice_en_20895506.opus,recognized
./data/macroset/en/clips/recognized/common_voice_en_638399.opus,recognized
./data/macroset/en/clips/recognized/common_voice_en_21531957.opus,recognized
./data/macroset/en/clips/recognized/common_voice_en_21092317.opus,recognized
./data/macroset/en/clips/recognized/common_voice_en_19042141.opus,recognized
./data/macroset/en/clips/licorice/common_voice_en_8370.opus,licorice
./data/macroset/en/clips/licorice/common_voice_en_663634.opus,licorice
./data/macroset/en/clips/licorice/common_voice_en_677583.opus,licorice
./data/macroset/en/clips/licorice/common_voice_en_90534.opus,licorice
./data/macroset/en/clips/licorice/common_voice_en_15903671.opus,licorice
./data/macroset/en/clips/nouns/common_voice_en_20314513.opus,nouns
./data/macroset/en/clips/nouns/common_voice_en_419383.opus,nouns
./data/macroset/en/clips/nouns/common_voice_en_19546407.opus,nouns
./data/macroset/en/clips/nouns/common_voice_en_20985927.opus,nouns
./data/macroset/en/clips/nouns/common_voice_en_186860.opus,nouns
./data/macroset/en/clips/wetlands/common_voice_en_19657116.opus,wetlands
./data/macroset/en/clips/wetlands/common_voice_en_20505657.opus,wetlands
./data/macroset/en/clips/wetlands/common_voice_en_20120073.opus,wetlands
./data/macroset/en/clips/wetlands/common_voice_en_20397675.opus,wetlands
./data/macroset/en/clips/wetlands/common_voice_en_18800310.opus,wetlands
./data/macroset/en/clips/geology/common_voice_en_21692891.opus,geology
./data/macroset/en/clips/geology/common_voice_en_707.opus,geology
./data/macroset/en/clips/geology/common_voice_en_37237.opus,geology
./data/macroset/en/clips/geology/common_voice_en_17556256.opus,geology
./data/macroset/en/clips/geology/common_voice_en_493063.opus,geology
./data/macroset/en/clips/treason/common_voice_en_20527901.opus,treason
./data/macroset/en/clips/treason/common_voice_en_554421.opus,treason
./data/macroset/en/clips/treason/common_voice_en_677330.opus,treason
./data/macroset/en/clips/treason/common_voice_en_59047.opus,treason
./data/macroset/en/clips/treason/common_voice_en_19091202.opus,treason
./data/macroset/en/clips/tips/common_voice_en_21312576.opus,tips
./data/macroset/en/clips/tips/common_voice_en_22243955.opus,tips
./data/macroset/en/clips/tips/common_voice_en_8911558.opus,tips
./data/macroset/en/clips/tips/common_voice_en_22144766.opus,tips
./data/macroset/en/clips/tips/common_voice_en_18148265.opus,tips
./data/macroset/en/clips/leigh/common_voice_en_21896770.opus,leigh
./data/macroset/en/clips/leigh/common_voice_en_19637874.opus,leigh
./data/macroset/en/clips/leigh/common_voice_en_19624822.opus,leigh
./data/macroset/en/clips/leigh/common_voice_en_20735889.opus,leigh
./data/macroset/en/clips/leigh/common_voice_en_19694532.opus,leigh
./data/macroset/en/clips/casts/common_voice_en_17847078.opus,casts
./data/macroset/en/clips/casts/common_voice_en_17995351.opus,casts
./data/macroset/en/clips/casts/common_voice_en_17731209.opus,casts
./data/macroset/en/clips/casts/common_voice_en_20224789.opus,casts
./data/macroset/en/clips/casts/common_voice_en_20981844.opus,casts
./data/macroset/en/clips/endured/common_voice_en_18342380.opus,endured
./data/macroset/en/clips/endured/common_voice_en_210951.opus,endured
./data/macroset/en/clips/endured/common_voice_en_256534.opus,endured
./data/macroset/en/clips/endured/common_voice_en_428294.opus,endured
./data/macroset/en/clips/endured/common_voice_en_18507351.opus,endured
./data/macroset/en/clips/able/common_voice_en_20675761.opus,able
./data/macroset/en/clips/able/common_voice_en_493106.opus,able
./data/macroset/en/clips/able/common_voice_en_139712.opus,able
./data/macroset/en/clips/able/common_voice_en_88311.opus,able
./data/macroset/en/clips/able/common_voice_en_6432674.opus,able
./data/macroset/en/clips/gorge/common_voice_en_19765856.opus,gorge
./data/macroset/en/clips/gorge/common_voice_en_20242737.opus,gorge
./data/macroset/en/clips/gorge/common_voice_en_22294050.opus,gorge
./data/macroset/en/clips/gorge/common_voice_en_19723654__2.opus,gorge
./data/macroset/en/clips/gorge/common_voice_en_18945599.opus,gorge
./data/macroset/en/clips/outfit/common_voice_en_667025.opus,outfit
./data/macroset/en/clips/outfit/common_voice_en_158326.opus,outfit
./data/macroset/en/clips/outfit/common_voice_en_69148.opus,outfit
./data/macroset/en/clips/outfit/common_voice_en_57276.opus,outfit
./data/macroset/en/clips/outfit/common_voice_en_595043.opus,outfit
./data/macroset/en/clips/housed/common_voice_en_20131752.opus,housed
./data/macroset/en/clips/housed/common_voice_en_19663820.opus,housed
./data/macroset/en/clips/housed/common_voice_en_21863595.opus,housed
./data/macroset/en/clips/housed/common_voice_en_22239332.opus,housed
./data/macroset/en/clips/housed/common_voice_en_21798347.opus,housed
./data/macroset/en/clips/tang/common_voice_en_20882211.opus,tang
./data/macroset/en/clips/tang/common_voice_en_18704728.opus,tang
./data/macroset/en/clips/tang/common_voice_en_17395184.opus,tang
./data/macroset/en/clips/tang/common_voice_en_18144809.opus,tang
./data/macroset/en/clips/tang/common_voice_en_22130889.opus,tang
./data/macroset/en/clips/runway/common_voice_en_19754389.opus,runway
./data/macroset/en/clips/runway/common_voice_en_19595808.opus,runway
./data/macroset/en/clips/runway/common_voice_en_21866309.opus,runway
./data/macroset/en/clips/runway/common_voice_en_610356.opus,runway
./data/macroset/en/clips/runway/common_voice_en_21051197.opus,runway
./data/macroset/en/clips/final/common_voice_en_19389572.opus,final
./data/macroset/en/clips/final/common_voice_en_21337257.opus,final
./data/macroset/en/clips/final/common_voice_en_18861814.opus,final
./data/macroset/en/clips/final/common_voice_en_19993588.opus,final
./data/macroset/en/clips/final/common_voice_en_20531921.opus,final
./data/macroset/en/clips/sacking/common_voice_en_18603669.opus,sacking
./data/macroset/en/clips/sacking/common_voice_en_18163457.opus,sacking
./data/macroset/en/clips/sacking/common_voice_en_18134828.opus,sacking
./data/macroset/en/clips/sacking/common_voice_en_17849272.opus,sacking
./data/macroset/en/clips/sacking/common_voice_en_17808877.opus,sacking
./data/macroset/en/clips/clenched/common_voice_en_596441.opus,clenched
./data/macroset/en/clips/clenched/common_voice_en_619945.opus,clenched
./data/macroset/en/clips/clenched/common_voice_en_17875068.opus,clenched
./data/macroset/en/clips/clenched/common_voice_en_17279223.opus,clenched
./data/macroset/en/clips/clenched/common_voice_en_18576865.opus,clenched
./data/macroset/en/clips/petrol/common_voice_en_20008574.opus,petrol
./data/macroset/en/clips/petrol/common_voice_en_18283276.opus,petrol
./data/macroset/en/clips/petrol/common_voice_en_18426094.opus,petrol
./data/macroset/en/clips/petrol/common_voice_en_21108295.opus,petrol
./data/macroset/en/clips/petrol/common_voice_en_20675260.opus,petrol
./data/macroset/en/clips/truth/common_voice_en_17840307.opus,truth
./data/macroset/en/clips/truth/common_voice_en_200827.opus,truth
./data/macroset/en/clips/truth/common_voice_en_19190441.opus,truth
./data/macroset/en/clips/truth/common_voice_en_17852153.opus,truth
./data/macroset/en/clips/truth/common_voice_en_19439977.opus,truth
./data/macroset/en/clips/nose/common_voice_en_530755.opus,nose
./data/macroset/en/clips/nose/common_voice_en_691267.opus,nose
./data/macroset/en/clips/nose/common_voice_en_16047699.opus,nose
./data/macroset/en/clips/nose/common_voice_en_17936211.opus,nose
./data/macroset/en/clips/nose/common_voice_en_545847.opus,nose
./data/macroset/en/clips/omar/common_voice_en_17744400.opus,omar
./data/macroset/en/clips/omar/common_voice_en_647318.opus,omar
./data/macroset/en/clips/omar/common_voice_en_17269188.opus,omar
./data/macroset/en/clips/omar/common_voice_en_17269811.opus,omar
./data/macroset/en/clips/omar/common_voice_en_569152.opus,omar
./data/macroset/en/clips/welfare/common_voice_en_648955.opus,welfare
./data/macroset/en/clips/welfare/common_voice_en_660057.opus,welfare
./data/macroset/en/clips/welfare/common_voice_en_221022.opus,welfare
./data/macroset/en/clips/welfare/common_voice_en_21753385.opus,welfare
./data/macroset/en/clips/welfare/common_voice_en_592118.opus,welfare
./data/macroset/en/clips/geographical/common_voice_en_19649757.opus,geographical
./data/macroset/en/clips/geographical/common_voice_en_18984085.opus,geographical
./data/macroset/en/clips/geographical/common_voice_en_20767920.opus,geographical
./data/macroset/en/clips/geographical/common_voice_en_18988159.opus,geographical
./data/macroset/en/clips/geographical/common_voice_en_22165993.opus,geographical
./data/macroset/en/clips/tow/common_voice_en_2679407.opus,tow
./data/macroset/en/clips/tow/common_voice_en_501034.opus,tow
./data/macroset/en/clips/tow/common_voice_en_608876.opus,tow
./data/macroset/en/clips/tow/common_voice_en_18254435.opus,tow
./data/macroset/en/clips/tow/common_voice_en_18259253.opus,tow
./data/macroset/en/clips/which/common_voice_en_22228330.opus,which
./data/macroset/en/clips/which/common_voice_en_17668702.opus,which
./data/macroset/en/clips/which/common_voice_en_19499394.opus,which
./data/macroset/en/clips/which/common_voice_en_17246620.opus,which
./data/macroset/en/clips/which/common_voice_en_20656464.opus,which
./data/macroset/en/clips/weakly/common_voice_en_19606303.opus,weakly
./data/macroset/en/clips/weakly/common_voice_en_316808.opus,weakly
./data/macroset/en/clips/weakly/common_voice_en_20557929.opus,weakly
./data/macroset/en/clips/weakly/common_voice_en_20543495.opus,weakly
./data/macroset/en/clips/weakly/common_voice_en_20144788.opus,weakly
./data/macroset/en/clips/canal/common_voice_en_22431533.opus,canal
./data/macroset/en/clips/canal/common_voice_en_21725512.opus,canal
./data/macroset/en/clips/canal/common_voice_en_659987.opus,canal
./data/macroset/en/clips/canal/common_voice_en_22121069.opus,canal
./data/macroset/en/clips/canal/common_voice_en_21827440.opus,canal
./data/macroset/en/clips/board/common_voice_en_500969.opus,board
./data/macroset/en/clips/board/common_voice_en_18962266.opus,board
./data/macroset/en/clips/board/common_voice_en_22178680.opus,board
./data/macroset/en/clips/board/common_voice_en_22232687.opus,board
./data/macroset/en/clips/board/common_voice_en_18981030.opus,board
./data/macroset/en/clips/famous/common_voice_en_219385.opus,famous
./data/macroset/en/clips/famous/common_voice_en_18851690.opus,famous
./data/macroset/en/clips/famous/common_voice_en_21330860.opus,famous
./data/macroset/en/clips/famous/common_voice_en_20715843.opus,famous
./data/macroset/en/clips/famous/common_voice_en_666989.opus,famous
./data/macroset/en/clips/sequence/common_voice_en_19690698.opus,sequence
./data/macroset/en/clips/sequence/common_voice_en_18325463.opus,sequence
./data/macroset/en/clips/sequence/common_voice_en_20005272.opus,sequence
./data/macroset/en/clips/sequence/common_voice_en_18939562.opus,sequence
./data/macroset/en/clips/sequence/common_voice_en_19866998.opus,sequence
./data/macroset/en/clips/sealant/common_voice_en_4168722.opus,sealant
./data/macroset/en/clips/sealant/common_voice_en_516021.opus,sealant
./data/macroset/en/clips/sealant/common_voice_en_572823.opus,sealant
./data/macroset/en/clips/sealant/common_voice_en_98972.opus,sealant
./data/macroset/en/clips/sealant/common_voice_en_606169.opus,sealant
./data/macroset/en/clips/stage/common_voice_en_20449358.opus,stage
./data/macroset/en/clips/stage/common_voice_en_21636542.opus,stage
./data/macroset/en/clips/stage/common_voice_en_21939672__2.opus,stage
./data/macroset/en/clips/stage/common_voice_en_500996.opus,stage
./data/macroset/en/clips/stage/common_voice_en_22194238.opus,stage
./data/macroset/en/clips/east/common_voice_en_17887574.opus,east
./data/macroset/en/clips/east/common_voice_en_19497739.opus,east
./data/macroset/en/clips/east/common_voice_en_18935614.opus,east
./data/macroset/en/clips/east/common_voice_en_589935.opus,east
./data/macroset/en/clips/east/common_voice_en_19461483.opus,east
./data/macroset/en/clips/putting/common_voice_en_501289.opus,putting
./data/macroset/en/clips/putting/common_voice_en_485779.opus,putting
./data/macroset/en/clips/putting/common_voice_en_572160.opus,putting
./data/macroset/en/clips/putting/common_voice_en_647819.opus,putting
./data/macroset/en/clips/putting/common_voice_en_339548.opus,putting
./data/macroset/en/clips/convicted/common_voice_en_19717993.opus,convicted
./data/macroset/en/clips/convicted/common_voice_en_19641406.opus,convicted
./data/macroset/en/clips/convicted/common_voice_en_19187634.opus,convicted
./data/macroset/en/clips/convicted/common_voice_en_18869306.opus,convicted
./data/macroset/en/clips/convicted/common_voice_en_19289416.opus,convicted
./data/macroset/en/clips/textbook/common_voice_en_19575234.opus,textbook
./data/macroset/en/clips/textbook/common_voice_en_645381.opus,textbook
./data/macroset/en/clips/textbook/common_voice_en_18796851.opus,textbook
./data/macroset/en/clips/textbook/common_voice_en_50362.opus,textbook
./data/macroset/en/clips/textbook/common_voice_en_592347.opus,textbook
./data/macroset/en/clips/nigeria/common_voice_en_21030905.opus,nigeria
./data/macroset/en/clips/nigeria/common_voice_en_189819.opus,nigeria
./data/macroset/en/clips/nigeria/common_voice_en_551401.opus,nigeria
./data/macroset/en/clips/nigeria/common_voice_en_85782.opus,nigeria
./data/macroset/en/clips/nigeria/common_voice_en_19414480.opus,nigeria
./data/macroset/en/clips/decorative/common_voice_en_19174958.opus,decorative
./data/macroset/en/clips/decorative/common_voice_en_19973885.opus,decorative
./data/macroset/en/clips/decorative/common_voice_en_22469351.opus,decorative
./data/macroset/en/clips/decorative/common_voice_en_19729616.opus,decorative
./data/macroset/en/clips/decorative/common_voice_en_21273159.opus,decorative
./data/macroset/en/clips/preference/common_voice_en_19490772.opus,preference
./data/macroset/en/clips/preference/common_voice_en_534163.opus,preference
./data/macroset/en/clips/preference/common_voice_en_21277178.opus,preference
./data/macroset/en/clips/preference/common_voice_en_19611537.opus,preference
./data/macroset/en/clips/preference/common_voice_en_18833719.opus,preference
./data/macroset/en/clips/genial/common_voice_en_17841101.opus,genial
./data/macroset/en/clips/genial/common_voice_en_17790060.opus,genial
./data/macroset/en/clips/genial/common_voice_en_17248538.opus,genial
./data/macroset/en/clips/genial/common_voice_en_18101065.opus,genial
./data/macroset/en/clips/genial/common_voice_en_17250068.opus,genial
./data/macroset/en/clips/popping/common_voice_en_489948.opus,popping
./data/macroset/en/clips/popping/common_voice_en_700669.opus,popping
./data/macroset/en/clips/popping/common_voice_en_37629.opus,popping
./data/macroset/en/clips/popping/common_voice_en_603328.opus,popping
./data/macroset/en/clips/popping/common_voice_en_41935.opus,popping
./data/macroset/en/clips/dashed/common_voice_en_19699645.opus,dashed
./data/macroset/en/clips/dashed/common_voice_en_20683487.opus,dashed
./data/macroset/en/clips/dashed/common_voice_en_18652405.opus,dashed
./data/macroset/en/clips/dashed/common_voice_en_18488442.opus,dashed
./data/macroset/en/clips/dashed/common_voice_en_18576862.opus,dashed
./data/macroset/en/clips/jesse/common_voice_en_19547229.opus,jesse
./data/macroset/en/clips/jesse/common_voice_en_20840994.opus,jesse
./data/macroset/en/clips/jesse/common_voice_en_19336659.opus,jesse
./data/macroset/en/clips/jesse/common_voice_en_20376255.opus,jesse
./data/macroset/en/clips/jesse/common_voice_en_20877893.opus,jesse
./data/macroset/en/clips/photograph/common_voice_en_20877005.opus,photograph
./data/macroset/en/clips/photograph/common_voice_en_211461.opus,photograph
./data/macroset/en/clips/photograph/common_voice_en_665359.opus,photograph
./data/macroset/en/clips/photograph/common_voice_en_19583819.opus,photograph
./data/macroset/en/clips/photograph/common_voice_en_538780.opus,photograph
./data/macroset/en/clips/sherman/common_voice_en_22197610.opus,sherman
./data/macroset/en/clips/sherman/common_voice_en_19649527.opus,sherman
./data/macroset/en/clips/sherman/common_voice_en_20865827.opus,sherman
./data/macroset/en/clips/sherman/common_voice_en_19410675.opus,sherman
./data/macroset/en/clips/sherman/common_voice_en_19776229.opus,sherman
./data/macroset/en/clips/trademark/common_voice_en_17412367.opus,trademark
./data/macroset/en/clips/trademark/common_voice_en_19639181.opus,trademark
./data/macroset/en/clips/trademark/common_voice_en_18958068.opus,trademark
./data/macroset/en/clips/trademark/common_voice_en_17441659.opus,trademark
./data/macroset/en/clips/trademark/common_voice_en_19968636.opus,trademark
./data/macroset/en/clips/petals/common_voice_en_20422654.opus,petals
./data/macroset/en/clips/petals/common_voice_en_20167999.opus,petals
./data/macroset/en/clips/petals/common_voice_en_18900005.opus,petals
./data/macroset/en/clips/petals/common_voice_en_415492.opus,petals
./data/macroset/en/clips/petals/common_voice_en_19490286.opus,petals
./data/macroset/en/clips/lullaby/common_voice_en_17252328.opus,lullaby
./data/macroset/en/clips/lullaby/common_voice_en_215002.opus,lullaby
./data/macroset/en/clips/lullaby/common_voice_en_17392868.opus,lullaby
./data/macroset/en/clips/lullaby/common_voice_en_17260075.opus,lullaby
./data/macroset/en/clips/lullaby/common_voice_en_18169015.opus,lullaby
./data/macroset/en/clips/cohen/common_voice_en_22245964.opus,cohen
./data/macroset/en/clips/cohen/common_voice_en_19080161.opus,cohen
./data/macroset/en/clips/cohen/common_voice_en_21678780.opus,cohen
./data/macroset/en/clips/cohen/common_voice_en_20878560.opus,cohen
./data/macroset/en/clips/cohen/common_voice_en_19200921.opus,cohen
./data/macroset/en/clips/restarted/common_voice_en_35866.opus,restarted
./data/macroset/en/clips/restarted/common_voice_en_647958.opus,restarted
./data/macroset/en/clips/restarted/common_voice_en_680116.opus,restarted
./data/macroset/en/clips/restarted/common_voice_en_546573.opus,restarted
./data/macroset/en/clips/restarted/common_voice_en_357229.opus,restarted
./data/macroset/en/clips/generate/common_voice_en_22398997.opus,generate
./data/macroset/en/clips/generate/common_voice_en_20951297.opus,generate
./data/macroset/en/clips/generate/common_voice_en_20878814.opus,generate
./data/macroset/en/clips/generate/common_voice_en_19695279.opus,generate
./data/macroset/en/clips/generate/common_voice_en_650229.opus,generate
./data/macroset/en/clips/concerns/common_voice_en_20237163.opus,concerns
./data/macroset/en/clips/concerns/common_voice_en_20876104.opus,concerns
./data/macroset/en/clips/concerns/common_voice_en_17889045.opus,concerns
./data/macroset/en/clips/concerns/common_voice_en_428085.opus,concerns
./data/macroset/en/clips/concerns/common_voice_en_17669527.opus,concerns
./data/macroset/en/clips/completing/common_voice_en_180607.opus,completing
./data/macroset/en/clips/completing/common_voice_en_216511.opus,completing
./data/macroset/en/clips/completing/common_voice_en_561798.opus,completing
./data/macroset/en/clips/completing/common_voice_en_21345723.opus,completing
./data/macroset/en/clips/completing/common_voice_en_19705716.opus,completing
./data/macroset/en/clips/niece/common_voice_en_20598485.opus,niece
./data/macroset/en/clips/niece/common_voice_en_17616544.opus,niece
./data/macroset/en/clips/niece/common_voice_en_18133044.opus,niece
./data/macroset/en/clips/niece/common_voice_en_21895319.opus,niece
./data/macroset/en/clips/niece/common_voice_en_18931201.opus,niece
./data/macroset/en/clips/activated/common_voice_en_592729.opus,activated
./data/macroset/en/clips/activated/common_voice_en_562192.opus,activated
./data/macroset/en/clips/activated/common_voice_en_521986.opus,activated
./data/macroset/en/clips/activated/common_voice_en_17411290.opus,activated
./data/macroset/en/clips/activated/common_voice_en_19579212.opus,activated
./data/macroset/en/clips/counselor/common_voice_en_550870.opus,counselor
./data/macroset/en/clips/counselor/common_voice_en_524613.opus,counselor
./data/macroset/en/clips/counselor/common_voice_en_589342.opus,counselor
./data/macroset/en/clips/counselor/common_voice_en_57241.opus,counselor
./data/macroset/en/clips/counselor/common_voice_en_38872.opus,counselor
./data/macroset/en/clips/henderson/common_voice_en_111004.opus,henderson
./data/macroset/en/clips/henderson/common_voice_en_89933.opus,henderson
./data/macroset/en/clips/henderson/common_voice_en_579917.opus,henderson
./data/macroset/en/clips/henderson/common_voice_en_21555543.opus,henderson
./data/macroset/en/clips/henderson/common_voice_en_636855.opus,henderson
./data/macroset/en/clips/classic/common_voice_en_7386942.opus,classic
./data/macroset/en/clips/classic/common_voice_en_18465328.opus,classic
./data/macroset/en/clips/classic/common_voice_en_674547.opus,classic
./data/macroset/en/clips/classic/common_voice_en_20235778.opus,classic
./data/macroset/en/clips/classic/common_voice_en_684564.opus,classic
./data/macroset/en/clips/ditch/common_voice_en_18882652.opus,ditch
./data/macroset/en/clips/ditch/common_voice_en_499603.opus,ditch
./data/macroset/en/clips/ditch/common_voice_en_18030200.opus,ditch
./data/macroset/en/clips/ditch/common_voice_en_19190427.opus,ditch
./data/macroset/en/clips/ditch/common_voice_en_613747.opus,ditch
./data/macroset/en/clips/lamps/common_voice_en_17725992.opus,lamps
./data/macroset/en/clips/lamps/common_voice_en_18878734.opus,lamps
./data/macroset/en/clips/lamps/common_voice_en_19602596.opus,lamps
./data/macroset/en/clips/lamps/common_voice_en_18301311.opus,lamps
./data/macroset/en/clips/lamps/common_voice_en_18985873.opus,lamps
./data/macroset/en/clips/native/common_voice_en_20413647.opus,native
./data/macroset/en/clips/native/common_voice_en_21376306.opus,native
./data/macroset/en/clips/native/common_voice_en_20325747.opus,native
./data/macroset/en/clips/native/common_voice_en_20894817.opus,native
./data/macroset/en/clips/native/common_voice_en_21512141.opus,native
./data/macroset/en/clips/managing/common_voice_en_20325425.opus,managing
./data/macroset/en/clips/managing/common_voice_en_19188117.opus,managing
./data/macroset/en/clips/managing/common_voice_en_20852862.opus,managing
./data/macroset/en/clips/managing/common_voice_en_19454148.opus,managing
./data/macroset/en/clips/managing/common_voice_en_20295852.opus,managing
./data/macroset/en/clips/smelt/common_voice_en_196633.opus,smelt
./data/macroset/en/clips/smelt/common_voice_en_486012.opus,smelt
./data/macroset/en/clips/smelt/common_voice_en_19244954.opus,smelt
./data/macroset/en/clips/smelt/common_voice_en_20183047.opus,smelt
./data/macroset/en/clips/smelt/common_voice_en_17899273.opus,smelt
./data/macroset/en/clips/pitched/common_voice_en_18697552.opus,pitched
./data/macroset/en/clips/pitched/common_voice_en_191317.opus,pitched
./data/macroset/en/clips/pitched/common_voice_en_21488659.opus,pitched
./data/macroset/en/clips/pitched/common_voice_en_645525.opus,pitched
./data/macroset/en/clips/pitched/common_voice_en_461785.opus,pitched
./data/macroset/en/clips/appointed/common_voice_en_19716051.opus,appointed
./data/macroset/en/clips/appointed/common_voice_en_22471304.opus,appointed
./data/macroset/en/clips/appointed/common_voice_en_19067335.opus,appointed
./data/macroset/en/clips/appointed/common_voice_en_21306020.opus,appointed
./data/macroset/en/clips/appointed/common_voice_en_19502035.opus,appointed
./data/macroset/en/clips/std/common_voice_en_18222695.opus,std
./data/macroset/en/clips/std/common_voice_en_17284215.opus,std
./data/macroset/en/clips/std/common_voice_en_18010013.opus,std
./data/macroset/en/clips/std/common_voice_en_18052384.opus,std
./data/macroset/en/clips/std/common_voice_en_18179249.opus,std
./data/macroset/en/clips/charley/common_voice_en_20008014.opus,charley
./data/macroset/en/clips/charley/common_voice_en_18662428.opus,charley
./data/macroset/en/clips/charley/common_voice_en_20795178.opus,charley
./data/macroset/en/clips/charley/common_voice_en_18637452.opus,charley
./data/macroset/en/clips/charley/common_voice_en_18541633.opus,charley
./data/macroset/en/clips/excellence/common_voice_en_19324237.opus,excellence
./data/macroset/en/clips/excellence/common_voice_en_22448122.opus,excellence
./data/macroset/en/clips/excellence/common_voice_en_20074450.opus,excellence
./data/macroset/en/clips/excellence/common_voice_en_19732974.opus,excellence
./data/macroset/en/clips/excellence/common_voice_en_20162972.opus,excellence
./data/macroset/en/clips/lobes/common_voice_en_19777408.opus,lobes
./data/macroset/en/clips/lobes/common_voice_en_316900.opus,lobes
./data/macroset/en/clips/lobes/common_voice_en_679354.opus,lobes
./data/macroset/en/clips/lobes/common_voice_en_18840792.opus,lobes
./data/macroset/en/clips/lobes/common_voice_en_18101084.opus,lobes
./data/macroset/en/clips/florence/common_voice_en_22055264.opus,florence
./data/macroset/en/clips/florence/common_voice_en_21250545.opus,florence
./data/macroset/en/clips/florence/common_voice_en_20958629.opus,florence
./data/macroset/en/clips/florence/common_voice_en_19823709.opus,florence
./data/macroset/en/clips/florence/common_voice_en_20810269.opus,florence
./data/macroset/en/clips/teamed/common_voice_en_21381712.opus,teamed
./data/macroset/en/clips/teamed/common_voice_en_190886.opus,teamed
./data/macroset/en/clips/teamed/common_voice_en_19541227.opus,teamed
./data/macroset/en/clips/teamed/common_voice_en_513102.opus,teamed
./data/macroset/en/clips/teamed/common_voice_en_455254.opus,teamed
./data/macroset/en/clips/field/common_voice_en_89625.opus,field
./data/macroset/en/clips/field/common_voice_en_19942251.opus,field
./data/macroset/en/clips/field/common_voice_en_18940501.opus,field
./data/macroset/en/clips/field/common_voice_en_659659.opus,field
./data/macroset/en/clips/field/common_voice_en_43474.opus,field
./data/macroset/en/clips/spruce/common_voice_en_19945455.opus,spruce
./data/macroset/en/clips/spruce/common_voice_en_664880.opus,spruce
./data/macroset/en/clips/spruce/common_voice_en_20304907.opus,spruce
./data/macroset/en/clips/spruce/common_voice_en_564911.opus,spruce
./data/macroset/en/clips/spruce/common_voice_en_256338.opus,spruce
./data/macroset/en/clips/admission/common_voice_en_20798137.opus,admission
./data/macroset/en/clips/admission/common_voice_en_21544558.opus,admission
./data/macroset/en/clips/admission/common_voice_en_22421692.opus,admission
./data/macroset/en/clips/admission/common_voice_en_22462361.opus,admission
./data/macroset/en/clips/admission/common_voice_en_19201097.opus,admission
./data/macroset/en/clips/solutions/common_voice_en_21100173.opus,solutions
./data/macroset/en/clips/solutions/common_voice_en_20414242.opus,solutions
./data/macroset/en/clips/solutions/common_voice_en_20523761.opus,solutions
./data/macroset/en/clips/solutions/common_voice_en_20843712.opus,solutions
./data/macroset/en/clips/solutions/common_voice_en_22257572.opus,solutions
./data/macroset/en/clips/community/common_voice_en_21340492.opus,community
./data/macroset/en/clips/community/common_voice_en_21158758.opus,community
./data/macroset/en/clips/community/common_voice_en_19475241.opus,community
./data/macroset/en/clips/community/common_voice_en_21049586.opus,community
./data/macroset/en/clips/community/common_voice_en_20174321.opus,community
./data/macroset/en/clips/cosy/common_voice_en_534466.opus,cosy
./data/macroset/en/clips/cosy/common_voice_en_552282.opus,cosy
./data/macroset/en/clips/cosy/common_voice_en_520540.opus,cosy
./data/macroset/en/clips/cosy/common_voice_en_318907.opus,cosy
./data/macroset/en/clips/cosy/common_voice_en_169816.opus,cosy
./data/macroset/en/clips/watch/common_voice_en_18200780.opus,watch
./data/macroset/en/clips/watch/common_voice_en_8340500.opus,watch
./data/macroset/en/clips/watch/common_voice_en_607812.opus,watch
./data/macroset/en/clips/watch/common_voice_en_17426401.opus,watch
./data/macroset/en/clips/watch/common_voice_en_197575.opus,watch
./data/macroset/en/clips/web/common_voice_en_22179198.opus,web
./data/macroset/en/clips/web/common_voice_en_32618.opus,web
./data/macroset/en/clips/web/common_voice_en_18102032.opus,web
./data/macroset/en/clips/web/common_voice_en_17255268.opus,web
./data/macroset/en/clips/web/common_voice_en_20069226.opus,web
./data/macroset/en/clips/radical/common_voice_en_8635895.opus,radical
./data/macroset/en/clips/radical/common_voice_en_219048.opus,radical
./data/macroset/en/clips/radical/common_voice_en_19062315.opus,radical
./data/macroset/en/clips/radical/common_voice_en_20326117.opus,radical
./data/macroset/en/clips/radical/common_voice_en_19175014.opus,radical
./data/macroset/en/clips/suspicions/common_voice_en_17910738.opus,suspicions
./data/macroset/en/clips/suspicions/common_voice_en_17969611.opus,suspicions
./data/macroset/en/clips/suspicions/common_voice_en_17277400.opus,suspicions
./data/macroset/en/clips/suspicions/common_voice_en_17856788.opus,suspicions
./data/macroset/en/clips/suspicions/common_voice_en_19604301.opus,suspicions
./data/macroset/en/clips/infant/common_voice_en_19093337.opus,infant
./data/macroset/en/clips/infant/common_voice_en_19046796.opus,infant
./data/macroset/en/clips/infant/common_voice_en_19510638.opus,infant
./data/macroset/en/clips/infant/common_voice_en_203555.opus,infant
./data/macroset/en/clips/infant/common_voice_en_18877828.opus,infant
./data/macroset/en/clips/everlasting/common_voice_en_246966.opus,everlasting
./data/macroset/en/clips/everlasting/common_voice_en_17752756.opus,everlasting
./data/macroset/en/clips/everlasting/common_voice_en_420662.opus,everlasting
./data/macroset/en/clips/everlasting/common_voice_en_17371666.opus,everlasting
./data/macroset/en/clips/everlasting/common_voice_en_17994618.opus,everlasting
./data/macroset/en/clips/freshwater/common_voice_en_20115986.opus,freshwater
./data/macroset/en/clips/freshwater/common_voice_en_22379220.opus,freshwater
./data/macroset/en/clips/freshwater/common_voice_en_19714335.opus,freshwater
./data/macroset/en/clips/freshwater/common_voice_en_20984126.opus,freshwater
./data/macroset/en/clips/freshwater/common_voice_en_20259995.opus,freshwater
./data/macroset/en/clips/hitter/common_voice_en_21843167.opus,hitter
./data/macroset/en/clips/hitter/common_voice_en_19639281.opus,hitter
./data/macroset/en/clips/hitter/common_voice_en_19599306.opus,hitter
./data/macroset/en/clips/hitter/common_voice_en_20728113.opus,hitter
./data/macroset/en/clips/hitter/common_voice_en_20559539.opus,hitter
./data/macroset/en/clips/grain/common_voice_en_73252.opus,grain
./data/macroset/en/clips/grain/common_voice_en_611529.opus,grain
./data/macroset/en/clips/grain/common_voice_en_20654291.opus,grain
./data/macroset/en/clips/grain/common_voice_en_19770520.opus,grain
./data/macroset/en/clips/grain/common_voice_en_17859679.opus,grain
./data/macroset/en/clips/gradually/common_voice_en_18846688.opus,gradually
./data/macroset/en/clips/gradually/common_voice_en_20068206.opus,gradually
./data/macroset/en/clips/gradually/common_voice_en_20346145.opus,gradually
./data/macroset/en/clips/gradually/common_voice_en_18832800.opus,gradually
./data/macroset/en/clips/gradually/common_voice_en_21303513.opus,gradually
./data/macroset/en/clips/knows/common_voice_en_549150.opus,knows
./data/macroset/en/clips/knows/common_voice_en_17731233.opus,knows
./data/macroset/en/clips/knows/common_voice_en_95819.opus,knows
./data/macroset/en/clips/knows/common_voice_en_622018.opus,knows
./data/macroset/en/clips/knows/common_voice_en_685636.opus,knows
./data/macroset/en/clips/curtains/common_voice_en_17282888.opus,curtains
./data/macroset/en/clips/curtains/common_voice_en_697349.opus,curtains
./data/macroset/en/clips/curtains/common_voice_en_17910443.opus,curtains
./data/macroset/en/clips/curtains/common_voice_en_17417279.opus,curtains
./data/macroset/en/clips/curtains/common_voice_en_18306168.opus,curtains
./data/macroset/en/clips/alexandra/common_voice_en_20748279.opus,alexandra
./data/macroset/en/clips/alexandra/common_voice_en_21796539.opus,alexandra
./data/macroset/en/clips/alexandra/common_voice_en_21102863.opus,alexandra
./data/macroset/en/clips/alexandra/common_voice_en_21180466.opus,alexandra
./data/macroset/en/clips/alexandra/common_voice_en_22327936.opus,alexandra
./data/macroset/en/clips/crescendo/common_voice_en_481903.opus,crescendo
./data/macroset/en/clips/crescendo/common_voice_en_662398.opus,crescendo
./data/macroset/en/clips/crescendo/common_voice_en_210954.opus,crescendo
./data/macroset/en/clips/crescendo/common_voice_en_26938.opus,crescendo
./data/macroset/en/clips/crescendo/common_voice_en_178568.opus,crescendo
./data/macroset/en/clips/century/common_voice_en_21656525.opus,century
./data/macroset/en/clips/century/common_voice_en_21692990.opus,century
./data/macroset/en/clips/century/common_voice_en_19757753.opus,century
./data/macroset/en/clips/century/common_voice_en_21419706.opus,century
./data/macroset/en/clips/century/common_voice_en_20569489.opus,century
./data/macroset/en/clips/ray/common_voice_en_21097674.opus,ray
./data/macroset/en/clips/ray/common_voice_en_19719897.opus,ray
./data/macroset/en/clips/ray/common_voice_en_20034936.opus,ray
./data/macroset/en/clips/ray/common_voice_en_21437769.opus,ray
./data/macroset/en/clips/ray/common_voice_en_200142.opus,ray
./data/macroset/en/clips/unpopular/common_voice_en_22089849.opus,unpopular
./data/macroset/en/clips/unpopular/common_voice_en_20834154.opus,unpopular
./data/macroset/en/clips/unpopular/common_voice_en_20963750.opus,unpopular
./data/macroset/en/clips/unpopular/common_voice_en_20516190.opus,unpopular
./data/macroset/en/clips/unpopular/common_voice_en_20296683.opus,unpopular
./data/macroset/en/clips/profound/common_voice_en_602330.opus,profound
./data/macroset/en/clips/profound/common_voice_en_18577321.opus,profound
./data/macroset/en/clips/profound/common_voice_en_70947.opus,profound
./data/macroset/en/clips/profound/common_voice_en_203587.opus,profound
./data/macroset/en/clips/profound/common_voice_en_688106.opus,profound
./data/macroset/en/clips/flames/common_voice_en_18423038.opus,flames
./data/macroset/en/clips/flames/common_voice_en_17292857.opus,flames
./data/macroset/en/clips/flames/common_voice_en_19764574.opus,flames
./data/macroset/en/clips/flames/common_voice_en_18657781.opus,flames
./data/macroset/en/clips/flames/common_voice_en_18773432.opus,flames
./data/macroset/en/clips/antelope/common_voice_en_94495.opus,antelope
./data/macroset/en/clips/antelope/common_voice_en_1572872.opus,antelope
./data/macroset/en/clips/antelope/common_voice_en_659175.opus,antelope
./data/macroset/en/clips/antelope/common_voice_en_35015.opus,antelope
./data/macroset/en/clips/antelope/common_voice_en_91815.opus,antelope
./data/macroset/en/clips/russell/common_voice_en_19294462.opus,russell
./data/macroset/en/clips/russell/common_voice_en_20177176.opus,russell
./data/macroset/en/clips/russell/common_voice_en_20975730.opus,russell
./data/macroset/en/clips/russell/common_voice_en_19562758.opus,russell
./data/macroset/en/clips/russell/common_voice_en_19604231.opus,russell
./data/macroset/en/clips/wheat/common_voice_en_297225.opus,wheat
./data/macroset/en/clips/wheat/common_voice_en_18923905.opus,wheat
./data/macroset/en/clips/wheat/common_voice_en_20956950.opus,wheat
./data/macroset/en/clips/wheat/common_voice_en_19543985.opus,wheat
./data/macroset/en/clips/wheat/common_voice_en_20205424.opus,wheat
./data/macroset/en/clips/strings/common_voice_en_213485.opus,strings
./data/macroset/en/clips/strings/common_voice_en_18952257.opus,strings
./data/macroset/en/clips/strings/common_voice_en_22093517.opus,strings
./data/macroset/en/clips/strings/common_voice_en_580286.opus,strings
./data/macroset/en/clips/strings/common_voice_en_19594269.opus,strings
./data/macroset/en/clips/sudden/common_voice_en_65172.opus,sudden
./data/macroset/en/clips/sudden/common_voice_en_35912.opus,sudden
./data/macroset/en/clips/sudden/common_voice_en_18534762.opus,sudden
./data/macroset/en/clips/sudden/common_voice_en_697912.opus,sudden
./data/macroset/en/clips/sudden/common_voice_en_7556801.opus,sudden
./data/macroset/en/clips/tried/common_voice_en_513550.opus,tried
./data/macroset/en/clips/tried/common_voice_en_18745571.opus,tried
./data/macroset/en/clips/tried/common_voice_en_555654.opus,tried
./data/macroset/en/clips/tried/common_voice_en_17273020.opus,tried
./data/macroset/en/clips/tried/common_voice_en_482932.opus,tried
./data/macroset/en/clips/canoe/common_voice_en_18419390.opus,canoe
./data/macroset/en/clips/canoe/common_voice_en_18095024.opus,canoe
./data/macroset/en/clips/canoe/common_voice_en_17561898.opus,canoe
./data/macroset/en/clips/canoe/common_voice_en_18319710.opus,canoe
./data/macroset/en/clips/canoe/common_voice_en_450768.opus,canoe
./data/macroset/en/clips/consensus/common_voice_en_20063986.opus,consensus
./data/macroset/en/clips/consensus/common_voice_en_20897243.opus,consensus
./data/macroset/en/clips/consensus/common_voice_en_19838361.opus,consensus
./data/macroset/en/clips/consensus/common_voice_en_20960742.opus,consensus
./data/macroset/en/clips/consensus/common_voice_en_19321634.opus,consensus
./data/macroset/en/clips/doctor/common_voice_en_21312443.opus,doctor
./data/macroset/en/clips/doctor/common_voice_en_591366.opus,doctor
./data/macroset/en/clips/doctor/common_voice_en_20857061.opus,doctor
./data/macroset/en/clips/doctor/common_voice_en_511102.opus,doctor
./data/macroset/en/clips/doctor/common_voice_en_595187.opus,doctor
./data/macroset/en/clips/matched/common_voice_en_21709210.opus,matched
./data/macroset/en/clips/matched/common_voice_en_22235588.opus,matched
./data/macroset/en/clips/matched/common_voice_en_20735426.opus,matched
./data/macroset/en/clips/matched/common_voice_en_20580751.opus,matched
./data/macroset/en/clips/matched/common_voice_en_21660920.opus,matched
./data/macroset/en/clips/encounter/common_voice_en_22383916.opus,encounter
./data/macroset/en/clips/encounter/common_voice_en_19125197.opus,encounter
./data/macroset/en/clips/encounter/common_voice_en_21244705.opus,encounter
./data/macroset/en/clips/encounter/common_voice_en_20286451.opus,encounter
./data/macroset/en/clips/encounter/common_voice_en_21101810.opus,encounter
./data/macroset/en/clips/trick/common_voice_en_19319985.opus,trick
./data/macroset/en/clips/trick/common_voice_en_163954.opus,trick
./data/macroset/en/clips/trick/common_voice_en_178824.opus,trick
./data/macroset/en/clips/trick/common_voice_en_511760__2.opus,trick
./data/macroset/en/clips/trick/common_voice_en_653706.opus,trick
./data/macroset/en/clips/starter/common_voice_en_20735853.opus,starter
./data/macroset/en/clips/starter/common_voice_en_19868289.opus,starter
./data/macroset/en/clips/starter/common_voice_en_19705001.opus,starter
./data/macroset/en/clips/starter/common_voice_en_19376960.opus,starter
./data/macroset/en/clips/starter/common_voice_en_21741434.opus,starter
./data/macroset/en/clips/chekhov/common_voice_en_60317.opus,chekhov
./data/macroset/en/clips/chekhov/common_voice_en_566868.opus,chekhov
./data/macroset/en/clips/chekhov/common_voice_en_694066.opus,chekhov
./data/macroset/en/clips/chekhov/common_voice_en_20674907.opus,chekhov
./data/macroset/en/clips/chekhov/common_voice_en_628037.opus,chekhov
./data/macroset/en/clips/rush/common_voice_en_20598439.opus,rush
./data/macroset/en/clips/rush/common_voice_en_556828.opus,rush
./data/macroset/en/clips/rush/common_voice_en_18498636.opus,rush
./data/macroset/en/clips/rush/common_voice_en_18501164.opus,rush
./data/macroset/en/clips/rush/common_voice_en_11351801.opus,rush
./data/macroset/en/clips/introduces/common_voice_en_511095.opus,introduces
./data/macroset/en/clips/introduces/common_voice_en_568945.opus,introduces
./data/macroset/en/clips/introduces/common_voice_en_20290267.opus,introduces
./data/macroset/en/clips/introduces/common_voice_en_493790.opus,introduces
./data/macroset/en/clips/introduces/common_voice_en_185081.opus,introduces
./data/macroset/en/clips/randall/common_voice_en_18677356__2.opus,randall
./data/macroset/en/clips/randall/common_voice_en_19351160.opus,randall
./data/macroset/en/clips/randall/common_voice_en_21307068.opus,randall
./data/macroset/en/clips/randall/common_voice_en_20115963.opus,randall
./data/macroset/en/clips/randall/common_voice_en_22400093.opus,randall
./data/macroset/en/clips/conditioning/common_voice_en_20674227.opus,conditioning
./data/macroset/en/clips/conditioning/common_voice_en_18148431.opus,conditioning
./data/macroset/en/clips/conditioning/common_voice_en_22368034.opus,conditioning
./data/macroset/en/clips/conditioning/common_voice_en_20405367.opus,conditioning
./data/macroset/en/clips/conditioning/common_voice_en_75684.opus,conditioning
./data/macroset/en/clips/paragraph/common_voice_en_21972374.opus,paragraph
./data/macroset/en/clips/paragraph/common_voice_en_18481974.opus,paragraph
./data/macroset/en/clips/paragraph/common_voice_en_58590.opus,paragraph
./data/macroset/en/clips/paragraph/common_voice_en_17284447.opus,paragraph
./data/macroset/en/clips/paragraph/common_voice_en_18155223.opus,paragraph
./data/macroset/en/clips/reflections/common_voice_en_20688206.opus,reflections
./data/macroset/en/clips/reflections/common_voice_en_18632185.opus,reflections
./data/macroset/en/clips/reflections/common_voice_en_18545579.opus,reflections
./data/macroset/en/clips/reflections/common_voice_en_18607202.opus,reflections
./data/macroset/en/clips/reflections/common_voice_en_17731003.opus,reflections
./data/macroset/en/clips/formed/common_voice_en_21079134.opus,formed
./data/macroset/en/clips/formed/common_voice_en_217288.opus,formed
./data/macroset/en/clips/formed/common_voice_en_20397832.opus,formed
./data/macroset/en/clips/formed/common_voice_en_21246364.opus,formed
./data/macroset/en/clips/formed/common_voice_en_20590118.opus,formed
./data/macroset/en/clips/learner/common_voice_en_160722.opus,learner
./data/macroset/en/clips/learner/common_voice_en_53124.opus,learner
./data/macroset/en/clips/learner/common_voice_en_636505.opus,learner
./data/macroset/en/clips/learner/common_voice_en_493613.opus,learner
./data/macroset/en/clips/learner/common_voice_en_45665.opus,learner
./data/macroset/en/clips/distributor/common_voice_en_19825373.opus,distributor
./data/macroset/en/clips/distributor/common_voice_en_18745526.opus,distributor
./data/macroset/en/clips/distributor/common_voice_en_19655186.opus,distributor
./data/macroset/en/clips/distributor/common_voice_en_19838227.opus,distributor
./data/macroset/en/clips/distributor/common_voice_en_19845712.opus,distributor
./data/macroset/en/clips/definitions/common_voice_en_20796304.opus,definitions
./data/macroset/en/clips/definitions/common_voice_en_22404792.opus,definitions
./data/macroset/en/clips/definitions/common_voice_en_22054851.opus,definitions
./data/macroset/en/clips/definitions/common_voice_en_20309141.opus,definitions
./data/macroset/en/clips/definitions/common_voice_en_20960073.opus,definitions
./data/macroset/en/clips/bump/common_voice_en_203817.opus,bump
./data/macroset/en/clips/bump/common_voice_en_18143456.opus,bump
./data/macroset/en/clips/bump/common_voice_en_151253.opus,bump
./data/macroset/en/clips/bump/common_voice_en_17853803.opus,bump
./data/macroset/en/clips/bump/common_voice_en_17878543.opus,bump
./data/macroset/en/clips/contains/common_voice_en_19128523.opus,contains
./data/macroset/en/clips/contains/common_voice_en_672206.opus,contains
./data/macroset/en/clips/contains/common_voice_en_20216898.opus,contains
./data/macroset/en/clips/contains/common_voice_en_20043917.opus,contains
./data/macroset/en/clips/contains/common_voice_en_19090973.opus,contains
./data/macroset/en/clips/tucked/common_voice_en_17263945.opus,tucked
./data/macroset/en/clips/tucked/common_voice_en_481564.opus,tucked
./data/macroset/en/clips/tucked/common_voice_en_625025.opus,tucked
./data/macroset/en/clips/tucked/common_voice_en_18125905.opus,tucked
./data/macroset/en/clips/tucked/common_voice_en_17261630.opus,tucked
./data/macroset/en/clips/effectively/common_voice_en_574096.opus,effectively
./data/macroset/en/clips/effectively/common_voice_en_22162953.opus,effectively
./data/macroset/en/clips/effectively/common_voice_en_91515.opus,effectively
./data/macroset/en/clips/effectively/common_voice_en_19709444.opus,effectively
./data/macroset/en/clips/effectively/common_voice_en_64640.opus,effectively
./data/macroset/en/clips/ends/common_voice_en_19621575.opus,ends
./data/macroset/en/clips/ends/common_voice_en_20227045.opus,ends
./data/macroset/en/clips/ends/common_voice_en_19174605.opus,ends
./data/macroset/en/clips/ends/common_voice_en_21529933.opus,ends
./data/macroset/en/clips/ends/common_voice_en_20754930.opus,ends
./data/macroset/en/clips/knock/common_voice_en_18427670.opus,knock
./data/macroset/en/clips/knock/common_voice_en_18424693.opus,knock
./data/macroset/en/clips/knock/common_voice_en_17542041.opus,knock
./data/macroset/en/clips/knock/common_voice_en_246960.opus,knock
./data/macroset/en/clips/knock/common_voice_en_25917.opus,knock
./data/macroset/en/clips/highlighting/common_voice_en_535156.opus,highlighting
./data/macroset/en/clips/highlighting/common_voice_en_19886403.opus,highlighting
./data/macroset/en/clips/highlighting/common_voice_en_218559.opus,highlighting
./data/macroset/en/clips/highlighting/common_voice_en_202463.opus,highlighting
./data/macroset/en/clips/highlighting/common_voice_en_527877.opus,highlighting
./data/macroset/en/clips/criminal/common_voice_en_20274386.opus,criminal
./data/macroset/en/clips/criminal/common_voice_en_20735869.opus,criminal
./data/macroset/en/clips/criminal/common_voice_en_21282458.opus,criminal
./data/macroset/en/clips/criminal/common_voice_en_20965627.opus,criminal
./data/macroset/en/clips/criminal/common_voice_en_22072980.opus,criminal
./data/macroset/en/clips/exhaust/common_voice_en_17408281.opus,exhaust
./data/macroset/en/clips/exhaust/common_voice_en_683482.opus,exhaust
./data/macroset/en/clips/exhaust/common_voice_en_304341.opus,exhaust
./data/macroset/en/clips/exhaust/common_voice_en_20849344.opus,exhaust
./data/macroset/en/clips/exhaust/common_voice_en_61883.opus,exhaust
./data/macroset/en/clips/teenage/common_voice_en_20722101.opus,teenage
./data/macroset/en/clips/teenage/common_voice_en_19730400.opus,teenage
./data/macroset/en/clips/teenage/common_voice_en_21803732.opus,teenage
./data/macroset/en/clips/teenage/common_voice_en_19248931.opus,teenage
./data/macroset/en/clips/teenage/common_voice_en_22281330.opus,teenage
./data/macroset/en/clips/guilt/common_voice_en_20262159.opus,guilt
./data/macroset/en/clips/guilt/common_voice_en_18657766.opus,guilt
./data/macroset/en/clips/guilt/common_voice_en_18840247.opus,guilt
./data/macroset/en/clips/guilt/common_voice_en_20925988.opus,guilt
./data/macroset/en/clips/guilt/common_voice_en_18600081.opus,guilt
./data/macroset/en/clips/chess/common_voice_en_19959479.opus,chess
./data/macroset/en/clips/chess/common_voice_en_629829.opus,chess
./data/macroset/en/clips/chess/common_voice_en_17721878.opus,chess
./data/macroset/en/clips/chess/common_voice_en_18548442.opus,chess
./data/macroset/en/clips/chess/common_voice_en_17851761.opus,chess
./data/macroset/en/clips/sweets/common_voice_en_18411379.opus,sweets
./data/macroset/en/clips/sweets/common_voice_en_19493340.opus,sweets
./data/macroset/en/clips/sweets/common_voice_en_18483789.opus,sweets
./data/macroset/en/clips/sweets/common_voice_en_19745970.opus,sweets
./data/macroset/en/clips/sweets/common_voice_en_18788910.opus,sweets
./data/macroset/en/clips/strait/common_voice_en_19694367.opus,strait
./data/macroset/en/clips/strait/common_voice_en_18861642.opus,strait
./data/macroset/en/clips/strait/common_voice_en_19430254.opus,strait
./data/macroset/en/clips/strait/common_voice_en_19594798.opus,strait
./data/macroset/en/clips/strait/common_voice_en_19613057.opus,strait
./data/macroset/en/clips/neutron/common_voice_en_20860089.opus,neutron
./data/macroset/en/clips/neutron/common_voice_en_18012381.opus,neutron
./data/macroset/en/clips/neutron/common_voice_en_544809.opus,neutron
./data/macroset/en/clips/neutron/common_voice_en_77679.opus,neutron
./data/macroset/en/clips/neutron/common_voice_en_30963.opus,neutron
./data/macroset/en/clips/deliberate/common_voice_en_18949500.opus,deliberate
./data/macroset/en/clips/deliberate/common_voice_en_17284136.opus,deliberate
./data/macroset/en/clips/deliberate/common_voice_en_17412912.opus,deliberate
./data/macroset/en/clips/deliberate/common_voice_en_21341555.opus,deliberate
./data/macroset/en/clips/deliberate/common_voice_en_19946490.opus,deliberate
./data/macroset/en/clips/enemies/common_voice_en_572933.opus,enemies
./data/macroset/en/clips/enemies/common_voice_en_21677911.opus,enemies
./data/macroset/en/clips/enemies/common_voice_en_22302275.opus,enemies
./data/macroset/en/clips/enemies/common_voice_en_529399.opus,enemies
./data/macroset/en/clips/enemies/common_voice_en_20301243.opus,enemies
./data/macroset/en/clips/middle/common_voice_en_19014224.opus,middle
./data/macroset/en/clips/middle/common_voice_en_22386846.opus,middle
./data/macroset/en/clips/middle/common_voice_en_694689.opus,middle
./data/macroset/en/clips/middle/common_voice_en_550826.opus,middle
./data/macroset/en/clips/middle/common_voice_en_17850652.opus,middle
./data/macroset/en/clips/shah/common_voice_en_21364987.opus,shah
./data/macroset/en/clips/shah/common_voice_en_20533106.opus,shah
./data/macroset/en/clips/shah/common_voice_en_21654081.opus,shah
./data/macroset/en/clips/shah/common_voice_en_21663750.opus,shah
./data/macroset/en/clips/shah/common_voice_en_19801074.opus,shah
./data/macroset/en/clips/harmony/common_voice_en_19158488.opus,harmony
./data/macroset/en/clips/harmony/common_voice_en_21284255.opus,harmony
./data/macroset/en/clips/harmony/common_voice_en_22275251__2.opus,harmony
./data/macroset/en/clips/harmony/common_voice_en_19149214.opus,harmony
./data/macroset/en/clips/harmony/common_voice_en_581271.opus,harmony
./data/macroset/en/clips/custard/common_voice_en_17658450.opus,custard
./data/macroset/en/clips/custard/common_voice_en_176770.opus,custard
./data/macroset/en/clips/custard/common_voice_en_204209.opus,custard
./data/macroset/en/clips/custard/common_voice_en_17387996.opus,custard
./data/macroset/en/clips/custard/common_voice_en_19579239.opus,custard
./data/macroset/en/clips/mark/common_voice_en_18487779.opus,mark
./data/macroset/en/clips/mark/common_voice_en_27027.opus,mark
./data/macroset/en/clips/mark/common_voice_en_99179.opus,mark
./data/macroset/en/clips/mark/common_voice_en_31594.opus,mark
./data/macroset/en/clips/mark/common_voice_en_64524.opus,mark
./data/macroset/en/clips/acknowledged/common_voice_en_18433548.opus,acknowledged
./data/macroset/en/clips/acknowledged/common_voice_en_19310831.opus,acknowledged
./data/macroset/en/clips/acknowledged/common_voice_en_20135907.opus,acknowledged
./data/macroset/en/clips/acknowledged/common_voice_en_19694946.opus,acknowledged
./data/macroset/en/clips/acknowledged/common_voice_en_21277205.opus,acknowledged
./data/macroset/en/clips/unfair/common_voice_en_17275231.opus,unfair
./data/macroset/en/clips/unfair/common_voice_en_17298121.opus,unfair
./data/macroset/en/clips/unfair/common_voice_en_595571.opus,unfair
./data/macroset/en/clips/unfair/common_voice_en_17269840.opus,unfair
./data/macroset/en/clips/unfair/common_voice_en_544481.opus,unfair
./data/macroset/en/clips/threshold/common_voice_en_178885.opus,threshold
./data/macroset/en/clips/threshold/common_voice_en_17489277.opus,threshold
./data/macroset/en/clips/threshold/common_voice_en_544209.opus,threshold
./data/macroset/en/clips/threshold/common_voice_en_17287779.opus,threshold
./data/macroset/en/clips/threshold/common_voice_en_17916760.opus,threshold
./data/macroset/en/clips/cobalt/common_voice_en_215829.opus,cobalt
./data/macroset/en/clips/cobalt/common_voice_en_634218.opus,cobalt
./data/macroset/en/clips/cobalt/common_voice_en_17963915.opus,cobalt
./data/macroset/en/clips/cobalt/common_voice_en_17846499.opus,cobalt
./data/macroset/en/clips/cobalt/common_voice_en_27994.opus,cobalt
./data/macroset/en/clips/neil/common_voice_en_20453859.opus,neil
./data/macroset/en/clips/neil/common_voice_en_19961372.opus,neil
./data/macroset/en/clips/neil/common_voice_en_18727832.opus,neil
./data/macroset/en/clips/neil/common_voice_en_20490798.opus,neil
./data/macroset/en/clips/neil/common_voice_en_19667175.opus,neil
./data/macroset/en/clips/begins/common_voice_en_559063.opus,begins
./data/macroset/en/clips/begins/common_voice_en_21280413.opus,begins
./data/macroset/en/clips/begins/common_voice_en_17857849.opus,begins
./data/macroset/en/clips/begins/common_voice_en_19012091.opus,begins
./data/macroset/en/clips/begins/common_voice_en_616847.opus,begins
./data/macroset/en/clips/essential/common_voice_en_21364556.opus,essential
./data/macroset/en/clips/essential/common_voice_en_21768529.opus,essential
./data/macroset/en/clips/essential/common_voice_en_18479895.opus,essential
./data/macroset/en/clips/essential/common_voice_en_20016443.opus,essential
./data/macroset/en/clips/essential/common_voice_en_22042533.opus,essential
./data/macroset/en/clips/joins/common_voice_en_19515771.opus,joins
./data/macroset/en/clips/joins/common_voice_en_19173842.opus,joins
./data/macroset/en/clips/joins/common_voice_en_19672216.opus,joins
./data/macroset/en/clips/joins/common_voice_en_22126165.opus,joins
./data/macroset/en/clips/joins/common_voice_en_19511505.opus,joins
./data/macroset/en/clips/bones/common_voice_en_18148706.opus,bones
./data/macroset/en/clips/bones/common_voice_en_18100970.opus,bones
./data/macroset/en/clips/bones/common_voice_en_490865.opus,bones
./data/macroset/en/clips/bones/common_voice_en_631726.opus,bones
./data/macroset/en/clips/bones/common_voice_en_316813.opus,bones
./data/macroset/en/clips/italy/common_voice_en_18993886.opus,italy
./data/macroset/en/clips/italy/common_voice_en_20866776__2.opus,italy
./data/macroset/en/clips/italy/common_voice_en_19325150.opus,italy
./data/macroset/en/clips/italy/common_voice_en_20879985.opus,italy
./data/macroset/en/clips/italy/common_voice_en_20428326.opus,italy
./data/macroset/en/clips/andalusia/common_voice_en_19674361.opus,andalusia
./data/macroset/en/clips/andalusia/common_voice_en_687165.opus,andalusia
./data/macroset/en/clips/andalusia/common_voice_en_45809.opus,andalusia
./data/macroset/en/clips/andalusia/common_voice_en_180905.opus,andalusia
./data/macroset/en/clips/andalusia/common_voice_en_653389.opus,andalusia
./data/macroset/en/clips/emblem/common_voice_en_22321390.opus,emblem
./data/macroset/en/clips/emblem/common_voice_en_20027233.opus,emblem
./data/macroset/en/clips/emblem/common_voice_en_22095278.opus,emblem
./data/macroset/en/clips/emblem/common_voice_en_19149384.opus,emblem
./data/macroset/en/clips/emblem/common_voice_en_22236427.opus,emblem
./data/macroset/en/clips/therapy/common_voice_en_18872351.opus,therapy
./data/macroset/en/clips/therapy/common_voice_en_19350627.opus,therapy
./data/macroset/en/clips/therapy/common_voice_en_159429.opus,therapy
./data/macroset/en/clips/therapy/common_voice_en_19409458.opus,therapy
./data/macroset/en/clips/therapy/common_voice_en_18079337.opus,therapy
./data/macroset/en/clips/tampa/common_voice_en_22117295.opus,tampa
./data/macroset/en/clips/tampa/common_voice_en_22048461.opus,tampa
./data/macroset/en/clips/tampa/common_voice_en_22343934.opus,tampa
./data/macroset/en/clips/tampa/common_voice_en_20628122.opus,tampa
./data/macroset/en/clips/tampa/common_voice_en_20141455.opus,tampa
./data/macroset/en/clips/conspiracy/common_voice_en_690473.opus,conspiracy
./data/macroset/en/clips/conspiracy/common_voice_en_46670.opus,conspiracy
./data/macroset/en/clips/conspiracy/common_voice_en_311757.opus,conspiracy
./data/macroset/en/clips/conspiracy/common_voice_en_19623481.opus,conspiracy
./data/macroset/en/clips/conspiracy/common_voice_en_526366.opus,conspiracy
./data/macroset/en/clips/recordings/common_voice_en_19942462.opus,recordings
./data/macroset/en/clips/recordings/common_voice_en_19389154.opus,recordings
./data/macroset/en/clips/recordings/common_voice_en_697358.opus,recordings
./data/macroset/en/clips/recordings/common_voice_en_19975732.opus,recordings
./data/macroset/en/clips/recordings/common_voice_en_18130737.opus,recordings
./data/macroset/en/clips/mackenzie/common_voice_en_22404936.opus,mackenzie
./data/macroset/en/clips/mackenzie/common_voice_en_19422906.opus,mackenzie
./data/macroset/en/clips/mackenzie/common_voice_en_20144699.opus,mackenzie
./data/macroset/en/clips/mackenzie/common_voice_en_19267220.opus,mackenzie
./data/macroset/en/clips/mackenzie/common_voice_en_21705249.opus,mackenzie
./data/macroset/en/clips/struggled/common_voice_en_19718211.opus,struggled
./data/macroset/en/clips/struggled/common_voice_en_20358612.opus,struggled
./data/macroset/en/clips/struggled/common_voice_en_20739838.opus,struggled
./data/macroset/en/clips/struggled/common_voice_en_22105210.opus,struggled
./data/macroset/en/clips/struggled/common_voice_en_20507312.opus,struggled
./data/macroset/en/clips/hamburger/common_voice_en_563563.opus,hamburger
./data/macroset/en/clips/hamburger/common_voice_en_574079.opus,hamburger
./data/macroset/en/clips/hamburger/common_voice_en_42428.opus,hamburger
./data/macroset/en/clips/hamburger/common_voice_en_43213.opus,hamburger
./data/macroset/en/clips/hamburger/common_voice_en_213551.opus,hamburger
./data/macroset/en/clips/imprisonment/common_voice_en_19249344.opus,imprisonment
./data/macroset/en/clips/imprisonment/common_voice_en_22044608.opus,imprisonment
./data/macroset/en/clips/imprisonment/common_voice_en_21367760.opus,imprisonment
./data/macroset/en/clips/imprisonment/common_voice_en_21203578.opus,imprisonment
./data/macroset/en/clips/imprisonment/common_voice_en_20343058.opus,imprisonment
./data/macroset/en/clips/begin/common_voice_en_17841610.opus,begin
./data/macroset/en/clips/begin/common_voice_en_551980.opus,begin
./data/macroset/en/clips/begin/common_voice_en_484756.opus,begin
./data/macroset/en/clips/begin/common_voice_en_18874565.opus,begin
./data/macroset/en/clips/begin/common_voice_en_21396931.opus,begin
./data/macroset/en/clips/peters/common_voice_en_56585.opus,peters
./data/macroset/en/clips/peters/common_voice_en_488545.opus,peters
./data/macroset/en/clips/peters/common_voice_en_518453.opus,peters
./data/macroset/en/clips/peters/common_voice_en_22023835.opus,peters
./data/macroset/en/clips/peters/common_voice_en_579014.opus,peters
./data/macroset/en/clips/measuring/common_voice_en_20508233.opus,measuring
./data/macroset/en/clips/measuring/common_voice_en_21452768.opus,measuring
./data/macroset/en/clips/measuring/common_voice_en_21398358.opus,measuring
./data/macroset/en/clips/measuring/common_voice_en_21793934.opus,measuring
./data/macroset/en/clips/measuring/common_voice_en_18991546.opus,measuring
./data/macroset/en/clips/gained/common_voice_en_418341.opus,gained
./data/macroset/en/clips/gained/common_voice_en_21250386.opus,gained
./data/macroset/en/clips/gained/common_voice_en_21497311.opus,gained
./data/macroset/en/clips/gained/common_voice_en_19113956.opus,gained
./data/macroset/en/clips/gained/common_voice_en_21867432.opus,gained
./data/macroset/en/clips/act/common_voice_en_18675299.opus,act
./data/macroset/en/clips/act/common_voice_en_553301.opus,act
./data/macroset/en/clips/act/common_voice_en_7849.opus,act
./data/macroset/en/clips/act/common_voice_en_20189422.opus,act
./data/macroset/en/clips/act/common_voice_en_20120598.opus,act
./data/macroset/en/clips/technologies/common_voice_en_19999380.opus,technologies
./data/macroset/en/clips/technologies/common_voice_en_22317580.opus,technologies
./data/macroset/en/clips/technologies/common_voice_en_19374167.opus,technologies
./data/macroset/en/clips/technologies/common_voice_en_20255443.opus,technologies
./data/macroset/en/clips/technologies/common_voice_en_18932754.opus,technologies
./data/macroset/en/clips/aesthetically/common_voice_en_40823.opus,aesthetically
./data/macroset/en/clips/aesthetically/common_voice_en_668731.opus,aesthetically
./data/macroset/en/clips/aesthetically/common_voice_en_657161.opus,aesthetically
./data/macroset/en/clips/aesthetically/common_voice_en_17412894.opus,aesthetically
./data/macroset/en/clips/aesthetically/common_voice_en_18128579.opus,aesthetically
./data/macroset/en/clips/shade/common_voice_en_8837.opus,shade
./data/macroset/en/clips/shade/common_voice_en_22377297.opus,shade
./data/macroset/en/clips/shade/common_voice_en_39937.opus,shade
./data/macroset/en/clips/shade/common_voice_en_679545.opus,shade
./data/macroset/en/clips/shade/common_voice_en_485320.opus,shade
./data/macroset/en/clips/occasion/common_voice_en_20825686.opus,occasion
./data/macroset/en/clips/occasion/common_voice_en_20838752.opus,occasion
./data/macroset/en/clips/occasion/common_voice_en_19029710.opus,occasion
./data/macroset/en/clips/occasion/common_voice_en_22184905.opus,occasion
./data/macroset/en/clips/occasion/common_voice_en_19181832.opus,occasion
./data/macroset/en/clips/hollered/common_voice_en_204612.opus,hollered
./data/macroset/en/clips/hollered/common_voice_en_670455.opus,hollered
./data/macroset/en/clips/hollered/common_voice_en_17256887.opus,hollered
./data/macroset/en/clips/hollered/common_voice_en_17266406.opus,hollered
./data/macroset/en/clips/hollered/common_voice_en_17380934.opus,hollered
./data/macroset/en/clips/hull/common_voice_en_21445.opus,hull
./data/macroset/en/clips/hull/common_voice_en_20114515.opus,hull
./data/macroset/en/clips/hull/common_voice_en_20770602.opus,hull
./data/macroset/en/clips/hull/common_voice_en_18866195.opus,hull
./data/macroset/en/clips/hull/common_voice_en_20175191.opus,hull
./data/macroset/en/clips/northeast/common_voice_en_19547630.opus,northeast
./data/macroset/en/clips/northeast/common_voice_en_21324716.opus,northeast
./data/macroset/en/clips/northeast/common_voice_en_19453352.opus,northeast
./data/macroset/en/clips/northeast/common_voice_en_19912684.opus,northeast
./data/macroset/en/clips/northeast/common_voice_en_22181388.opus,northeast
./data/macroset/en/clips/snowed/common_voice_en_17258528.opus,snowed
./data/macroset/en/clips/snowed/common_voice_en_641265.opus,snowed
./data/macroset/en/clips/snowed/common_voice_en_17270822.opus,snowed
./data/macroset/en/clips/snowed/common_voice_en_317145.opus,snowed
./data/macroset/en/clips/snowed/common_voice_en_17723006.opus,snowed
./data/macroset/en/clips/midnight/common_voice_en_18605451.opus,midnight
./data/macroset/en/clips/midnight/common_voice_en_653506.opus,midnight
./data/macroset/en/clips/midnight/common_voice_en_21250863.opus,midnight
./data/macroset/en/clips/midnight/common_voice_en_18296706.opus,midnight
./data/macroset/en/clips/midnight/common_voice_en_188700.opus,midnight
./data/macroset/en/clips/learning/common_voice_en_19086228.opus,learning
./data/macroset/en/clips/learning/common_voice_en_505003.opus,learning
./data/macroset/en/clips/learning/common_voice_en_20205423.opus,learning
./data/macroset/en/clips/learning/common_voice_en_18986358.opus,learning
./data/macroset/en/clips/learning/common_voice_en_578745.opus,learning
./data/macroset/en/clips/scams/common_voice_en_17291947.opus,scams
./data/macroset/en/clips/scams/common_voice_en_17291377.opus,scams
./data/macroset/en/clips/scams/common_voice_en_17290118.opus,scams
./data/macroset/en/clips/scams/common_voice_en_17458500.opus,scams
./data/macroset/en/clips/scams/common_voice_en_17624309.opus,scams
./data/macroset/en/clips/realized/common_voice_en_18854343.opus,realized
./data/macroset/en/clips/realized/common_voice_en_95780.opus,realized
./data/macroset/en/clips/realized/common_voice_en_73129.opus,realized
./data/macroset/en/clips/realized/common_voice_en_594057.opus,realized
./data/macroset/en/clips/realized/common_voice_en_186554.opus,realized
./data/macroset/en/clips/enzyme/common_voice_en_18305735.opus,enzyme
./data/macroset/en/clips/enzyme/common_voice_en_19444661.opus,enzyme
./data/macroset/en/clips/enzyme/common_voice_en_20049245.opus,enzyme
./data/macroset/en/clips/enzyme/common_voice_en_20581441.opus,enzyme
./data/macroset/en/clips/enzyme/common_voice_en_21768845.opus,enzyme
./data/macroset/en/clips/servants/common_voice_en_528731.opus,servants
./data/macroset/en/clips/servants/common_voice_en_642248.opus,servants
./data/macroset/en/clips/servants/common_voice_en_154517.opus,servants
./data/macroset/en/clips/servants/common_voice_en_22408035.opus,servants
./data/macroset/en/clips/servants/common_voice_en_675220.opus,servants
./data/macroset/en/clips/root/common_voice_en_20111596.opus,root
./data/macroset/en/clips/root/common_voice_en_20260248.opus,root
./data/macroset/en/clips/root/common_voice_en_17426450.opus,root
./data/macroset/en/clips/root/common_voice_en_18765607.opus,root
./data/macroset/en/clips/root/common_voice_en_21160168.opus,root
./data/macroset/en/clips/pulled/common_voice_en_208275.opus,pulled
./data/macroset/en/clips/pulled/common_voice_en_18541076.opus,pulled
./data/macroset/en/clips/pulled/common_voice_en_63048.opus,pulled
./data/macroset/en/clips/pulled/common_voice_en_559407.opus,pulled
./data/macroset/en/clips/pulled/common_voice_en_18455766.opus,pulled
./data/macroset/en/clips/vending/common_voice_en_653005.opus,vending
./data/macroset/en/clips/vending/common_voice_en_20928293.opus,vending
./data/macroset/en/clips/vending/common_voice_en_599407.opus,vending
./data/macroset/en/clips/vending/common_voice_en_632994.opus,vending
./data/macroset/en/clips/vending/common_voice_en_604478.opus,vending
./data/macroset/en/clips/belt/common_voice_en_20425258.opus,belt
./data/macroset/en/clips/belt/common_voice_en_21937598.opus,belt
./data/macroset/en/clips/belt/common_voice_en_603033.opus,belt
./data/macroset/en/clips/belt/common_voice_en_21992.opus,belt
./data/macroset/en/clips/belt/common_voice_en_18732638.opus,belt
./data/macroset/en/clips/surrendered/common_voice_en_21656558.opus,surrendered
./data/macroset/en/clips/surrendered/common_voice_en_19990887.opus,surrendered
./data/macroset/en/clips/surrendered/common_voice_en_18835848.opus,surrendered
./data/macroset/en/clips/surrendered/common_voice_en_18743221.opus,surrendered
./data/macroset/en/clips/surrendered/common_voice_en_19817197.opus,surrendered
./data/macroset/en/clips/outdoor/common_voice_en_20067704.opus,outdoor
./data/macroset/en/clips/outdoor/common_voice_en_491829.opus,outdoor
./data/macroset/en/clips/outdoor/common_voice_en_19396416.opus,outdoor
./data/macroset/en/clips/outdoor/common_voice_en_22175052.opus,outdoor
./data/macroset/en/clips/outdoor/common_voice_en_20310111.opus,outdoor
./data/macroset/en/clips/vienna/common_voice_en_21505023.opus,vienna
./data/macroset/en/clips/vienna/common_voice_en_21969212.opus,vienna
./data/macroset/en/clips/vienna/common_voice_en_21410378.opus,vienna
./data/macroset/en/clips/vienna/common_voice_en_20088121.opus,vienna
./data/macroset/en/clips/vienna/common_voice_en_20636793.opus,vienna
./data/macroset/en/clips/anderson/common_voice_en_18725392.opus,anderson
./data/macroset/en/clips/anderson/common_voice_en_514009.opus,anderson
./data/macroset/en/clips/anderson/common_voice_en_19711455.opus,anderson
./data/macroset/en/clips/anderson/common_voice_en_20177242.opus,anderson
./data/macroset/en/clips/anderson/common_voice_en_19113905.opus,anderson
./data/macroset/en/clips/roy/common_voice_en_22316363.opus,roy
./data/macroset/en/clips/roy/common_voice_en_22207536.opus,roy
./data/macroset/en/clips/roy/common_voice_en_19466871.opus,roy
./data/macroset/en/clips/roy/common_voice_en_19912820.opus,roy
./data/macroset/en/clips/roy/common_voice_en_19752140.opus,roy
./data/macroset/en/clips/asking/common_voice_en_492611.opus,asking
./data/macroset/en/clips/asking/common_voice_en_621185.opus,asking
./data/macroset/en/clips/asking/common_voice_en_4495636.opus,asking
./data/macroset/en/clips/asking/common_voice_en_625584.opus,asking
./data/macroset/en/clips/asking/common_voice_en_624084.opus,asking
./data/macroset/en/clips/missions/common_voice_en_21303505.opus,missions
./data/macroset/en/clips/missions/common_voice_en_22431324.opus,missions
./data/macroset/en/clips/missions/common_voice_en_21867499.opus,missions
./data/macroset/en/clips/missions/common_voice_en_22014745.opus,missions
./data/macroset/en/clips/missions/common_voice_en_20256158.opus,missions
./data/macroset/en/clips/handed/common_voice_en_18713313.opus,handed
./data/macroset/en/clips/handed/common_voice_en_697820.opus,handed
./data/macroset/en/clips/handed/common_voice_en_20000217.opus,handed
./data/macroset/en/clips/handed/common_voice_en_18676761.opus,handed
./data/macroset/en/clips/handed/common_voice_en_19510773.opus,handed
./data/macroset/en/clips/categorized/common_voice_en_22131448.opus,categorized
./data/macroset/en/clips/categorized/common_voice_en_19380394.opus,categorized
./data/macroset/en/clips/categorized/common_voice_en_20261248.opus,categorized
./data/macroset/en/clips/categorized/common_voice_en_19664651.opus,categorized
./data/macroset/en/clips/categorized/common_voice_en_19785540.opus,categorized
./data/macroset/en/clips/drifts/common_voice_en_17256050.opus,drifts
./data/macroset/en/clips/drifts/common_voice_en_18093965.opus,drifts
./data/macroset/en/clips/drifts/common_voice_en_17290232.opus,drifts
./data/macroset/en/clips/drifts/common_voice_en_411165.opus,drifts
./data/macroset/en/clips/drifts/common_voice_en_17962948.opus,drifts
./data/macroset/en/clips/mighty/common_voice_en_21089967.opus,mighty
./data/macroset/en/clips/mighty/common_voice_en_17932888.opus,mighty
./data/macroset/en/clips/mighty/common_voice_en_668761.opus,mighty
./data/macroset/en/clips/mighty/common_voice_en_20827090.opus,mighty
./data/macroset/en/clips/mighty/common_voice_en_19131066__2.opus,mighty
./data/macroset/en/clips/campus/common_voice_en_22019198.opus,campus
./data/macroset/en/clips/campus/common_voice_en_21098446.opus,campus
./data/macroset/en/clips/campus/common_voice_en_20020289.opus,campus
./data/macroset/en/clips/campus/common_voice_en_20878019.opus,campus
./data/macroset/en/clips/campus/common_voice_en_20008553.opus,campus
./data/macroset/en/clips/ensued/common_voice_en_20934217.opus,ensued
./data/macroset/en/clips/ensued/common_voice_en_20778502.opus,ensued
./data/macroset/en/clips/ensued/common_voice_en_20234037.opus,ensued
./data/macroset/en/clips/ensued/common_voice_en_19699874.opus,ensued
./data/macroset/en/clips/ensued/common_voice_en_19693164.opus,ensued
./data/macroset/en/clips/installation/common_voice_en_562.opus,installation
./data/macroset/en/clips/installation/common_voice_en_20875713.opus,installation
./data/macroset/en/clips/installation/common_voice_en_20662972.opus,installation
./data/macroset/en/clips/installation/common_voice_en_576494.opus,installation
./data/macroset/en/clips/installation/common_voice_en_20105384.opus,installation
./data/macroset/en/clips/transgender/common_voice_en_17673824.opus,transgender
./data/macroset/en/clips/transgender/common_voice_en_18515577.opus,transgender
./data/macroset/en/clips/transgender/common_voice_en_598285.opus,transgender
./data/macroset/en/clips/transgender/common_voice_en_17265001.opus,transgender
./data/macroset/en/clips/transgender/common_voice_en_17965786.opus,transgender
./data/macroset/en/clips/overall/common_voice_en_20124369.opus,overall
./data/macroset/en/clips/overall/common_voice_en_21103510.opus,overall
./data/macroset/en/clips/overall/common_voice_en_19667088.opus,overall
./data/macroset/en/clips/overall/common_voice_en_18703631.opus,overall
./data/macroset/en/clips/overall/common_voice_en_20187464.opus,overall
./data/macroset/en/clips/franz/common_voice_en_19321618.opus,franz
./data/macroset/en/clips/franz/common_voice_en_20002868.opus,franz
./data/macroset/en/clips/franz/common_voice_en_20587005.opus,franz
./data/macroset/en/clips/franz/common_voice_en_21504953.opus,franz
./data/macroset/en/clips/franz/common_voice_en_20172887.opus,franz
./data/macroset/en/clips/vale/common_voice_en_21376096.opus,vale
./data/macroset/en/clips/vale/common_voice_en_22434506.opus,vale
./data/macroset/en/clips/vale/common_voice_en_20577446.opus,vale
./data/macroset/en/clips/vale/common_voice_en_21803541.opus,vale
./data/macroset/en/clips/vale/common_voice_en_20430952.opus,vale
./data/macroset/en/clips/philosophy/common_voice_en_19709203.opus,philosophy
./data/macroset/en/clips/philosophy/common_voice_en_3162.opus,philosophy
./data/macroset/en/clips/philosophy/common_voice_en_614871.opus,philosophy
./data/macroset/en/clips/philosophy/common_voice_en_21342456.opus,philosophy
./data/macroset/en/clips/philosophy/common_voice_en_19643569.opus,philosophy
./data/macroset/en/clips/help/common_voice_en_613865.opus,help
./data/macroset/en/clips/help/common_voice_en_18506156.opus,help
./data/macroset/en/clips/help/common_voice_en_21052014.opus,help
./data/macroset/en/clips/help/common_voice_en_20806196.opus,help
./data/macroset/en/clips/help/common_voice_en_29991.opus,help
./data/macroset/en/clips/working/common_voice_en_18271910.opus,working
./data/macroset/en/clips/working/common_voice_en_20715330.opus,working
./data/macroset/en/clips/working/common_voice_en_19676247.opus,working
./data/macroset/en/clips/working/common_voice_en_602597.opus,working
./data/macroset/en/clips/working/common_voice_en_16623824.opus,working
./data/macroset/en/clips/fisherman/common_voice_en_660606.opus,fisherman
./data/macroset/en/clips/fisherman/common_voice_en_19984238.opus,fisherman
./data/macroset/en/clips/fisherman/common_voice_en_21686726.opus,fisherman
./data/macroset/en/clips/fisherman/common_voice_en_20892909.opus,fisherman
./data/macroset/en/clips/fisherman/common_voice_en_21353362.opus,fisherman
./data/macroset/en/clips/breath/common_voice_en_669439.opus,breath
./data/macroset/en/clips/breath/common_voice_en_22440494.opus,breath
./data/macroset/en/clips/breath/common_voice_en_18534513.opus,breath
./data/macroset/en/clips/breath/common_voice_en_522105.opus,breath
./data/macroset/en/clips/breath/common_voice_en_24589.opus,breath
./data/macroset/en/clips/monitoring/common_voice_en_18752426.opus,monitoring
./data/macroset/en/clips/monitoring/common_voice_en_19153800.opus,monitoring
./data/macroset/en/clips/monitoring/common_voice_en_21786730.opus,monitoring
./data/macroset/en/clips/monitoring/common_voice_en_18699173.opus,monitoring
./data/macroset/en/clips/monitoring/common_voice_en_18906572.opus,monitoring
./data/macroset/en/clips/wrinkled/common_voice_en_17484498.opus,wrinkled
./data/macroset/en/clips/wrinkled/common_voice_en_4236535.opus,wrinkled
./data/macroset/en/clips/wrinkled/common_voice_en_64833.opus,wrinkled
./data/macroset/en/clips/wrinkled/common_voice_en_596775.opus,wrinkled
./data/macroset/en/clips/wrinkled/common_voice_en_526923.opus,wrinkled
./data/macroset/en/clips/beef/common_voice_en_18144048.opus,beef
./data/macroset/en/clips/beef/common_voice_en_617332.opus,beef
./data/macroset/en/clips/beef/common_voice_en_193103.opus,beef
./data/macroset/en/clips/beef/common_voice_en_556673.opus,beef
./data/macroset/en/clips/beef/common_voice_en_16624402.opus,beef
./data/macroset/en/clips/fooling/common_voice_en_661523.opus,fooling
./data/macroset/en/clips/fooling/common_voice_en_70054.opus,fooling
./data/macroset/en/clips/fooling/common_voice_en_181361.opus,fooling
./data/macroset/en/clips/fooling/common_voice_en_585164.opus,fooling
./data/macroset/en/clips/fooling/common_voice_en_150195.opus,fooling
./data/macroset/en/clips/boards/common_voice_en_18745367.opus,boards
./data/macroset/en/clips/boards/common_voice_en_18215286.opus,boards
./data/macroset/en/clips/boards/common_voice_en_18091145.opus,boards
./data/macroset/en/clips/boards/common_voice_en_209231.opus,boards
./data/macroset/en/clips/boards/common_voice_en_18090736.opus,boards
./data/macroset/en/clips/ascertain/common_voice_en_199359.opus,ascertain
./data/macroset/en/clips/ascertain/common_voice_en_144182.opus,ascertain
./data/macroset/en/clips/ascertain/common_voice_en_649995.opus,ascertain
./data/macroset/en/clips/ascertain/common_voice_en_1536955.opus,ascertain
./data/macroset/en/clips/ascertain/common_voice_en_7386910.opus,ascertain
./data/macroset/en/clips/paraguay/common_voice_en_19609957.opus,paraguay
./data/macroset/en/clips/paraguay/common_voice_en_18772892.opus,paraguay
./data/macroset/en/clips/paraguay/common_voice_en_17871624.opus,paraguay
./data/macroset/en/clips/paraguay/common_voice_en_19650558.opus,paraguay
./data/macroset/en/clips/paraguay/common_voice_en_17399391.opus,paraguay
./data/macroset/en/clips/modifying/common_voice_en_89782.opus,modifying
./data/macroset/en/clips/modifying/common_voice_en_3026823.opus,modifying
./data/macroset/en/clips/modifying/common_voice_en_635316.opus,modifying
./data/macroset/en/clips/modifying/common_voice_en_482746.opus,modifying
./data/macroset/en/clips/modifying/common_voice_en_1344691.opus,modifying
./data/macroset/en/clips/worcester/common_voice_en_21528310.opus,worcester
./data/macroset/en/clips/worcester/common_voice_en_22285276.opus,worcester
./data/macroset/en/clips/worcester/common_voice_en_22049829.opus,worcester
./data/macroset/en/clips/worcester/common_voice_en_21927095.opus,worcester
./data/macroset/en/clips/worcester/common_voice_en_21724407.opus,worcester
./data/macroset/en/clips/tropics/common_voice_en_20064324.opus,tropics
./data/macroset/en/clips/tropics/common_voice_en_17979206.opus,tropics
./data/macroset/en/clips/tropics/common_voice_en_19676629.opus,tropics
./data/macroset/en/clips/tropics/common_voice_en_434294.opus,tropics
./data/macroset/en/clips/tropics/common_voice_en_19749220.opus,tropics
./data/macroset/en/clips/step/common_voice_en_20035186.opus,step
./data/macroset/en/clips/step/common_voice_en_19497777.opus,step
./data/macroset/en/clips/step/common_voice_en_477621.opus,step
./data/macroset/en/clips/step/common_voice_en_17322128.opus,step
./data/macroset/en/clips/step/common_voice_en_594509__2.opus,step
./data/macroset/en/clips/sublime/common_voice_en_509687.opus,sublime
./data/macroset/en/clips/sublime/common_voice_en_87033.opus,sublime
./data/macroset/en/clips/sublime/common_voice_en_89247.opus,sublime
./data/macroset/en/clips/sublime/common_voice_en_51727.opus,sublime
./data/macroset/en/clips/sublime/common_voice_en_426209.opus,sublime
./data/macroset/en/clips/breaks/common_voice_en_19822256.opus,breaks
./data/macroset/en/clips/breaks/common_voice_en_21590201.opus,breaks
./data/macroset/en/clips/breaks/common_voice_en_19868422.opus,breaks
./data/macroset/en/clips/breaks/common_voice_en_18870635.opus,breaks
./data/macroset/en/clips/breaks/common_voice_en_18580855.opus,breaks
./data/macroset/en/clips/april/common_voice_en_21152037.opus,april
./data/macroset/en/clips/april/common_voice_en_22305059.opus,april
./data/macroset/en/clips/april/common_voice_en_3026835.opus,april
./data/macroset/en/clips/april/common_voice_en_19741920.opus,april
./data/macroset/en/clips/april/common_voice_en_22347056.opus,april
./data/macroset/en/clips/intervals/common_voice_en_20247523.opus,intervals
./data/macroset/en/clips/intervals/common_voice_en_21996197.opus,intervals
./data/macroset/en/clips/intervals/common_voice_en_21787958.opus,intervals
./data/macroset/en/clips/intervals/common_voice_en_20879331.opus,intervals
./data/macroset/en/clips/intervals/common_voice_en_19983637.opus,intervals
./data/macroset/en/clips/threads/common_voice_en_590.opus,threads
./data/macroset/en/clips/threads/common_voice_en_19805051.opus,threads
./data/macroset/en/clips/threads/common_voice_en_18769312.opus,threads
./data/macroset/en/clips/threads/common_voice_en_18851680.opus,threads
./data/macroset/en/clips/threads/common_voice_en_428228.opus,threads
./data/macroset/en/clips/keeper/common_voice_en_20287914.opus,keeper
./data/macroset/en/clips/keeper/common_voice_en_19289093.opus,keeper
./data/macroset/en/clips/keeper/common_voice_en_20278158__2.opus,keeper
./data/macroset/en/clips/keeper/common_voice_en_20323646.opus,keeper
./data/macroset/en/clips/keeper/common_voice_en_20757702.opus,keeper
./data/macroset/en/clips/trays/common_voice_en_39984.opus,trays
./data/macroset/en/clips/trays/common_voice_en_159000.opus,trays
./data/macroset/en/clips/trays/common_voice_en_63569.opus,trays
./data/macroset/en/clips/trays/common_voice_en_24521.opus,trays
./data/macroset/en/clips/trays/common_voice_en_172770.opus,trays
./data/macroset/en/clips/second/common_voice_en_574472.opus,second
./data/macroset/en/clips/second/common_voice_en_19265632.opus,second
./data/macroset/en/clips/second/common_voice_en_21713262.opus,second
./data/macroset/en/clips/second/common_voice_en_21873577.opus,second
./data/macroset/en/clips/second/common_voice_en_627024.opus,second
./data/macroset/en/clips/created/common_voice_en_21305572.opus,created
./data/macroset/en/clips/created/common_voice_en_20592520.opus,created
./data/macroset/en/clips/created/common_voice_en_21916289.opus,created
./data/macroset/en/clips/created/common_voice_en_20233227.opus,created
./data/macroset/en/clips/created/common_voice_en_19957758.opus,created
./data/macroset/en/clips/fishes/common_voice_en_18298139.opus,fishes
./data/macroset/en/clips/fishes/common_voice_en_18971287.opus,fishes
./data/macroset/en/clips/fishes/common_voice_en_20987747.opus,fishes
./data/macroset/en/clips/fishes/common_voice_en_17899189.opus,fishes
./data/macroset/en/clips/fishes/common_voice_en_218099.opus,fishes
./data/macroset/en/clips/employer/common_voice_en_18810016.opus,employer
./data/macroset/en/clips/employer/common_voice_en_19201129.opus,employer
./data/macroset/en/clips/employer/common_voice_en_19692523.opus,employer
./data/macroset/en/clips/employer/common_voice_en_20663020.opus,employer
./data/macroset/en/clips/employer/common_voice_en_20300013.opus,employer
./data/macroset/en/clips/homework/common_voice_en_698108.opus,homework
./data/macroset/en/clips/homework/common_voice_en_18325934.opus,homework
./data/macroset/en/clips/homework/common_voice_en_189576.opus,homework
./data/macroset/en/clips/homework/common_voice_en_617660.opus,homework
./data/macroset/en/clips/homework/common_voice_en_9674.opus,homework
./data/macroset/en/clips/laura/common_voice_en_20390797.opus,laura
./data/macroset/en/clips/laura/common_voice_en_19719727.opus,laura
./data/macroset/en/clips/laura/common_voice_en_19918002.opus,laura
./data/macroset/en/clips/laura/common_voice_en_694211.opus,laura
./data/macroset/en/clips/laura/common_voice_en_613029.opus,laura
./data/macroset/en/clips/squeal/common_voice_en_679141.opus,squeal
./data/macroset/en/clips/squeal/common_voice_en_74838.opus,squeal
./data/macroset/en/clips/squeal/common_voice_en_603632.opus,squeal
./data/macroset/en/clips/squeal/common_voice_en_198878.opus,squeal
./data/macroset/en/clips/squeal/common_voice_en_650660.opus,squeal
./data/macroset/en/clips/morrison/common_voice_en_19002619.opus,morrison
./data/macroset/en/clips/morrison/common_voice_en_19726595.opus,morrison
./data/macroset/en/clips/morrison/common_voice_en_19649106.opus,morrison
./data/macroset/en/clips/morrison/common_voice_en_20884681.opus,morrison
./data/macroset/en/clips/morrison/common_voice_en_21334214.opus,morrison
./data/macroset/en/clips/warning/common_voice_en_21507147.opus,warning
./data/macroset/en/clips/warning/common_voice_en_18505866.opus,warning
./data/macroset/en/clips/warning/common_voice_en_20318125.opus,warning
./data/macroset/en/clips/warning/common_voice_en_61735.opus,warning
./data/macroset/en/clips/warning/common_voice_en_21670081.opus,warning
./data/macroset/en/clips/portsmouth/common_voice_en_20513286.opus,portsmouth
./data/macroset/en/clips/portsmouth/common_voice_en_18899961__2.opus,portsmouth
./data/macroset/en/clips/portsmouth/common_voice_en_19694305.opus,portsmouth
./data/macroset/en/clips/portsmouth/common_voice_en_19957663.opus,portsmouth
./data/macroset/en/clips/portsmouth/common_voice_en_19700605.opus,portsmouth
./data/macroset/en/clips/accent/common_voice_en_22411799.opus,accent
./data/macroset/en/clips/accent/common_voice_en_290346.opus,accent
./data/macroset/en/clips/accent/common_voice_en_17686188.opus,accent
./data/macroset/en/clips/accent/common_voice_en_8365075.opus,accent
./data/macroset/en/clips/accent/common_voice_en_19749279.opus,accent
./data/macroset/en/clips/torn/common_voice_en_20183412.opus,torn
./data/macroset/en/clips/torn/common_voice_en_550850.opus,torn
./data/macroset/en/clips/torn/common_voice_en_18261292.opus,torn
./data/macroset/en/clips/torn/common_voice_en_18315896.opus,torn
./data/macroset/en/clips/torn/common_voice_en_18263125.opus,torn
./data/macroset/en/clips/write/common_voice_en_17953089.opus,write
./data/macroset/en/clips/write/common_voice_en_373237.opus,write
./data/macroset/en/clips/write/common_voice_en_19419402.opus,write
./data/macroset/en/clips/write/common_voice_en_19751094.opus,write
./data/macroset/en/clips/write/common_voice_en_697729.opus,write
./data/macroset/en/clips/dickens/common_voice_en_18400727.opus,dickens
./data/macroset/en/clips/dickens/common_voice_en_18654466.opus,dickens
./data/macroset/en/clips/dickens/common_voice_en_21328785.opus,dickens
./data/macroset/en/clips/dickens/common_voice_en_18489323.opus,dickens
./data/macroset/en/clips/dickens/common_voice_en_614223.opus,dickens
./data/macroset/en/clips/controls/common_voice_en_21564435.opus,controls
./data/macroset/en/clips/controls/common_voice_en_21620143.opus,controls
./data/macroset/en/clips/controls/common_voice_en_22294348.opus,controls
./data/macroset/en/clips/controls/common_voice_en_19856086.opus,controls
./data/macroset/en/clips/controls/common_voice_en_22095316.opus,controls
./data/macroset/en/clips/thought/common_voice_en_14464.opus,thought
./data/macroset/en/clips/thought/common_voice_en_18561712.opus,thought
./data/macroset/en/clips/thought/common_voice_en_205651.opus,thought
./data/macroset/en/clips/thought/common_voice_en_650103.opus,thought
./data/macroset/en/clips/thought/common_voice_en_551044.opus,thought
./data/macroset/en/clips/rating/common_voice_en_17526985.opus,rating
./data/macroset/en/clips/rating/common_voice_en_18638553.opus,rating
./data/macroset/en/clips/rating/common_voice_en_18062075.opus,rating
./data/macroset/en/clips/rating/common_voice_en_17989448.opus,rating
./data/macroset/en/clips/rating/common_voice_en_17551740.opus,rating
./data/macroset/en/clips/projectile/common_voice_en_675180.opus,projectile
./data/macroset/en/clips/projectile/common_voice_en_2735.opus,projectile
./data/macroset/en/clips/projectile/common_voice_en_666360.opus,projectile
./data/macroset/en/clips/projectile/common_voice_en_74051.opus,projectile
./data/macroset/en/clips/projectile/common_voice_en_690020.opus,projectile
./data/macroset/en/clips/calves/common_voice_en_20975250.opus,calves
./data/macroset/en/clips/calves/common_voice_en_302164.opus,calves
./data/macroset/en/clips/calves/common_voice_en_15733320.opus,calves
./data/macroset/en/clips/calves/common_voice_en_18728049.opus,calves
./data/macroset/en/clips/calves/common_voice_en_18542727.opus,calves
./data/macroset/en/clips/lick/common_voice_en_170958.opus,lick
./data/macroset/en/clips/lick/common_voice_en_647446.opus,lick
./data/macroset/en/clips/lick/common_voice_en_19562374.opus,lick
./data/macroset/en/clips/lick/common_voice_en_21335849__2.opus,lick
./data/macroset/en/clips/lick/common_voice_en_18969143.opus,lick
./data/macroset/en/clips/aloud/common_voice_en_536147.opus,aloud
./data/macroset/en/clips/aloud/common_voice_en_18618039.opus,aloud
./data/macroset/en/clips/aloud/common_voice_en_513851.opus,aloud
./data/macroset/en/clips/aloud/common_voice_en_647594.opus,aloud
./data/macroset/en/clips/aloud/common_voice_en_487137.opus,aloud
./data/macroset/en/clips/democrat/common_voice_en_20304601.opus,democrat
./data/macroset/en/clips/democrat/common_voice_en_20987923.opus,democrat
./data/macroset/en/clips/democrat/common_voice_en_22360818.opus,democrat
./data/macroset/en/clips/democrat/common_voice_en_19579761.opus,democrat
./data/macroset/en/clips/democrat/common_voice_en_20427829.opus,democrat
./data/macroset/en/clips/shaded/common_voice_en_552570.opus,shaded
./data/macroset/en/clips/shaded/common_voice_en_527951.opus,shaded
./data/macroset/en/clips/shaded/common_voice_en_604865.opus,shaded
./data/macroset/en/clips/shaded/common_voice_en_496116.opus,shaded
./data/macroset/en/clips/shaded/common_voice_en_691419.opus,shaded
./data/macroset/en/clips/raid/common_voice_en_17806271.opus,raid
./data/macroset/en/clips/raid/common_voice_en_18052197.opus,raid
./data/macroset/en/clips/raid/common_voice_en_21415734.opus,raid
./data/macroset/en/clips/raid/common_voice_en_19710856.opus,raid
./data/macroset/en/clips/raid/common_voice_en_21371118.opus,raid
./data/macroset/en/clips/shaky/common_voice_en_18090760.opus,shaky
./data/macroset/en/clips/shaky/common_voice_en_437324.opus,shaky
./data/macroset/en/clips/shaky/common_voice_en_18066272.opus,shaky
./data/macroset/en/clips/shaky/common_voice_en_690441.opus,shaky
./data/macroset/en/clips/shaky/common_voice_en_11351607.opus,shaky
./data/macroset/en/clips/asks/common_voice_en_22419656.opus,asks
./data/macroset/en/clips/asks/common_voice_en_18969162.opus,asks
./data/macroset/en/clips/asks/common_voice_en_19603744.opus,asks
./data/macroset/en/clips/asks/common_voice_en_18713340.opus,asks
./data/macroset/en/clips/asks/common_voice_en_20935681.opus,asks
./data/macroset/en/clips/inaugural/common_voice_en_20353913.opus,inaugural
./data/macroset/en/clips/inaugural/common_voice_en_20626514.opus,inaugural
./data/macroset/en/clips/inaugural/common_voice_en_21323372.opus,inaugural
./data/macroset/en/clips/inaugural/common_voice_en_22177153.opus,inaugural
./data/macroset/en/clips/inaugural/common_voice_en_21753986.opus,inaugural
./data/macroset/en/clips/excitement/common_voice_en_18642323.opus,excitement
./data/macroset/en/clips/excitement/common_voice_en_609024.opus,excitement
./data/macroset/en/clips/excitement/common_voice_en_19805081.opus,excitement
./data/macroset/en/clips/excitement/common_voice_en_160706.opus,excitement
./data/macroset/en/clips/excitement/common_voice_en_20218946.opus,excitement
./data/macroset/en/clips/briefing/common_voice_en_267.opus,briefing
./data/macroset/en/clips/briefing/common_voice_en_509491.opus,briefing
./data/macroset/en/clips/briefing/common_voice_en_514631.opus,briefing
./data/macroset/en/clips/briefing/common_voice_en_18714946.opus,briefing
./data/macroset/en/clips/briefing/common_voice_en_646816.opus,briefing
./data/macroset/en/clips/busy/common_voice_en_43467.opus,busy
./data/macroset/en/clips/busy/common_voice_en_220325.opus,busy
./data/macroset/en/clips/busy/common_voice_en_490967.opus,busy
./data/macroset/en/clips/busy/common_voice_en_625149.opus,busy
./data/macroset/en/clips/busy/common_voice_en_46070.opus,busy
./data/macroset/en/clips/inherit/common_voice_en_5559352.opus,inherit
./data/macroset/en/clips/inherit/common_voice_en_18092373.opus,inherit
./data/macroset/en/clips/inherit/common_voice_en_18696967.opus,inherit
./data/macroset/en/clips/inherit/common_voice_en_564754.opus,inherit
./data/macroset/en/clips/inherit/common_voice_en_617894.opus,inherit
./data/macroset/en/clips/openstreetmap/common_voice_en_17279998.opus,openstreetmap
./data/macroset/en/clips/openstreetmap/common_voice_en_17965430.opus,openstreetmap
./data/macroset/en/clips/openstreetmap/common_voice_en_5429657.opus,openstreetmap
./data/macroset/en/clips/openstreetmap/common_voice_en_17261188.opus,openstreetmap
./data/macroset/en/clips/openstreetmap/common_voice_en_17247295.opus,openstreetmap
./data/macroset/en/clips/vase/common_voice_en_542416.opus,vase
./data/macroset/en/clips/vase/common_voice_en_583521.opus,vase
./data/macroset/en/clips/vase/common_voice_en_631340.opus,vase
./data/macroset/en/clips/vase/common_voice_en_615702.opus,vase
./data/macroset/en/clips/vase/common_voice_en_120871.opus,vase
./data/macroset/en/clips/assist/common_voice_en_20434268.opus,assist
./data/macroset/en/clips/assist/common_voice_en_19542309.opus,assist
./data/macroset/en/clips/assist/common_voice_en_20960796.opus,assist
./data/macroset/en/clips/assist/common_voice_en_21430550.opus,assist
./data/macroset/en/clips/assist/common_voice_en_19025663.opus,assist
./data/macroset/en/clips/suspected/common_voice_en_19841620.opus,suspected
./data/macroset/en/clips/suspected/common_voice_en_19055661.opus,suspected
./data/macroset/en/clips/suspected/common_voice_en_19993712.opus,suspected
./data/macroset/en/clips/suspected/common_voice_en_503951.opus,suspected
./data/macroset/en/clips/suspected/common_voice_en_18571295.opus,suspected
./data/macroset/en/clips/professionals/common_voice_en_19025947.opus,professionals
./data/macroset/en/clips/professionals/common_voice_en_20239923.opus,professionals
./data/macroset/en/clips/professionals/common_voice_en_19310755.opus,professionals
./data/macroset/en/clips/professionals/common_voice_en_19949897.opus,professionals
./data/macroset/en/clips/professionals/common_voice_en_19731774.opus,professionals
./data/macroset/en/clips/digging/common_voice_en_170204.opus,digging
./data/macroset/en/clips/digging/common_voice_en_638559.opus,digging
./data/macroset/en/clips/digging/common_voice_en_217123.opus,digging
./data/macroset/en/clips/digging/common_voice_en_610215.opus,digging
./data/macroset/en/clips/digging/common_voice_en_569498.opus,digging
./data/macroset/en/clips/wharf/common_voice_en_207554.opus,wharf
./data/macroset/en/clips/wharf/common_voice_en_20049617.opus,wharf
./data/macroset/en/clips/wharf/common_voice_en_17916804.opus,wharf
./data/macroset/en/clips/wharf/common_voice_en_349114.opus,wharf
./data/macroset/en/clips/wharf/common_voice_en_20636607.opus,wharf
./data/macroset/en/clips/ideas/common_voice_en_18545689.opus,ideas
./data/macroset/en/clips/ideas/common_voice_en_511710.opus,ideas
./data/macroset/en/clips/ideas/common_voice_en_18514986.opus,ideas
./data/macroset/en/clips/ideas/common_voice_en_2605.opus,ideas
./data/macroset/en/clips/ideas/common_voice_en_506628.opus,ideas
./data/macroset/en/clips/indigenous/common_voice_en_20858344.opus,indigenous
./data/macroset/en/clips/indigenous/common_voice_en_22316558.opus,indigenous
./data/macroset/en/clips/indigenous/common_voice_en_18944273.opus,indigenous
./data/macroset/en/clips/indigenous/common_voice_en_19838454.opus,indigenous
./data/macroset/en/clips/indigenous/common_voice_en_21921120.opus,indigenous
./data/macroset/en/clips/haven/common_voice_en_20830309.opus,haven
./data/macroset/en/clips/haven/common_voice_en_21595839.opus,haven
./data/macroset/en/clips/haven/common_voice_en_20740550.opus,haven
./data/macroset/en/clips/haven/common_voice_en_21069608.opus,haven
./data/macroset/en/clips/haven/common_voice_en_21937401.opus,haven
./data/macroset/en/clips/command/common_voice_en_18130147.opus,command
./data/macroset/en/clips/command/common_voice_en_18818747.opus,command
./data/macroset/en/clips/command/common_voice_en_21374491.opus,command
./data/macroset/en/clips/command/common_voice_en_18083705.opus,command
./data/macroset/en/clips/command/common_voice_en_18732793.opus,command
./data/macroset/en/clips/average/common_voice_en_22351276.opus,average
./data/macroset/en/clips/average/common_voice_en_19412406.opus,average
./data/macroset/en/clips/average/common_voice_en_18419604.opus,average
./data/macroset/en/clips/average/common_voice_en_522752.opus,average
./data/macroset/en/clips/average/common_voice_en_20009006.opus,average
./data/macroset/en/clips/suggest/common_voice_en_19630090.opus,suggest
./data/macroset/en/clips/suggest/common_voice_en_21754036.opus,suggest
./data/macroset/en/clips/suggest/common_voice_en_21767796.opus,suggest
./data/macroset/en/clips/suggest/common_voice_en_18404560.opus,suggest
./data/macroset/en/clips/suggest/common_voice_en_20255573.opus,suggest
./data/macroset/en/clips/translation/common_voice_en_18707757.opus,translation
./data/macroset/en/clips/translation/common_voice_en_19756464.opus,translation
./data/macroset/en/clips/translation/common_voice_en_20890471.opus,translation
./data/macroset/en/clips/translation/common_voice_en_18985374.opus,translation
./data/macroset/en/clips/translation/common_voice_en_19342868.opus,translation
./data/macroset/en/clips/cotton/common_voice_en_20990428.opus,cotton
./data/macroset/en/clips/cotton/common_voice_en_19343516.opus,cotton
./data/macroset/en/clips/cotton/common_voice_en_19106497.opus,cotton
./data/macroset/en/clips/cotton/common_voice_en_20031186.opus,cotton
./data/macroset/en/clips/cotton/common_voice_en_18801838.opus,cotton
./data/macroset/en/clips/raymond/common_voice_en_17916091.opus,raymond
./data/macroset/en/clips/raymond/common_voice_en_20781007.opus,raymond
./data/macroset/en/clips/raymond/common_voice_en_20952913.opus,raymond
./data/macroset/en/clips/raymond/common_voice_en_587850.opus,raymond
./data/macroset/en/clips/raymond/common_voice_en_20081020.opus,raymond
./data/macroset/en/clips/disappeared/common_voice_en_20002528.opus,disappeared
./data/macroset/en/clips/disappeared/common_voice_en_43938.opus,disappeared
./data/macroset/en/clips/disappeared/common_voice_en_22321046.opus,disappeared
./data/macroset/en/clips/disappeared/common_voice_en_60051.opus,disappeared
./data/macroset/en/clips/disappeared/common_voice_en_18324762.opus,disappeared
./data/macroset/en/clips/romance/common_voice_en_19861369.opus,romance
./data/macroset/en/clips/romance/common_voice_en_20280128.opus,romance
./data/macroset/en/clips/romance/common_voice_en_20313761.opus,romance
./data/macroset/en/clips/romance/common_voice_en_21437226.opus,romance
./data/macroset/en/clips/romance/common_voice_en_20635514.opus,romance
./data/macroset/en/clips/consolidated/common_voice_en_20624910.opus,consolidated
./data/macroset/en/clips/consolidated/common_voice_en_21763778.opus,consolidated
./data/macroset/en/clips/consolidated/common_voice_en_640175.opus,consolidated
./data/macroset/en/clips/consolidated/common_voice_en_19966678.opus,consolidated
./data/macroset/en/clips/consolidated/common_voice_en_21868636.opus,consolidated
./data/macroset/en/clips/mouse/common_voice_en_18519779.opus,mouse
./data/macroset/en/clips/mouse/common_voice_en_666912.opus,mouse
./data/macroset/en/clips/mouse/common_voice_en_564684.opus,mouse
./data/macroset/en/clips/mouse/common_voice_en_550206.opus,mouse
./data/macroset/en/clips/mouse/common_voice_en_18507190.opus,mouse
./data/macroset/en/clips/commuting/common_voice_en_578324.opus,commuting
./data/macroset/en/clips/commuting/common_voice_en_482542.opus,commuting
./data/macroset/en/clips/commuting/common_voice_en_549088.opus,commuting
./data/macroset/en/clips/commuting/common_voice_en_165173.opus,commuting
./data/macroset/en/clips/commuting/common_voice_en_568843.opus,commuting
./data/macroset/en/clips/intense/common_voice_en_99429.opus,intense
./data/macroset/en/clips/intense/common_voice_en_19516259.opus,intense
./data/macroset/en/clips/intense/common_voice_en_21819348.opus,intense
./data/macroset/en/clips/intense/common_voice_en_19677715.opus,intense
./data/macroset/en/clips/intense/common_voice_en_573673.opus,intense
./data/macroset/en/clips/daughters/common_voice_en_20498822.opus,daughters
./data/macroset/en/clips/daughters/common_voice_en_20578502.opus,daughters
./data/macroset/en/clips/daughters/common_voice_en_21216700.opus,daughters
./data/macroset/en/clips/daughters/common_voice_en_19492364.opus,daughters
./data/macroset/en/clips/daughters/common_voice_en_19613476.opus,daughters
./data/macroset/en/clips/prairie/common_voice_en_21954428.opus,prairie
./data/macroset/en/clips/prairie/common_voice_en_22441867.opus,prairie
./data/macroset/en/clips/prairie/common_voice_en_21387078.opus,prairie
./data/macroset/en/clips/prairie/common_voice_en_19100289.opus,prairie
./data/macroset/en/clips/prairie/common_voice_en_19607088.opus,prairie
./data/macroset/en/clips/broke/common_voice_en_18049281.opus,broke
./data/macroset/en/clips/broke/common_voice_en_20184046.opus,broke
./data/macroset/en/clips/broke/common_voice_en_21071553.opus,broke
./data/macroset/en/clips/broke/common_voice_en_29357.opus,broke
./data/macroset/en/clips/broke/common_voice_en_21089956.opus,broke
./data/macroset/en/clips/maktub/common_voice_en_185098.opus,maktub
./data/macroset/en/clips/maktub/common_voice_en_68842.opus,maktub
./data/macroset/en/clips/maktub/common_voice_en_482446.opus,maktub
./data/macroset/en/clips/maktub/common_voice_en_96056.opus,maktub
./data/macroset/en/clips/maktub/common_voice_en_613764.opus,maktub
./data/macroset/en/clips/rat/common_voice_en_20323590.opus,rat
./data/macroset/en/clips/rat/common_voice_en_19602357.opus,rat
./data/macroset/en/clips/rat/common_voice_en_20739851.opus,rat
./data/macroset/en/clips/rat/common_voice_en_22363944.opus,rat
./data/macroset/en/clips/rat/common_voice_en_19749186.opus,rat
./data/macroset/en/clips/apprentice/common_voice_en_22202135.opus,apprentice
./data/macroset/en/clips/apprentice/common_voice_en_12609.opus,apprentice
./data/macroset/en/clips/apprentice/common_voice_en_18931199.opus,apprentice
./data/macroset/en/clips/apprentice/common_voice_en_681166.opus,apprentice
./data/macroset/en/clips/apprentice/common_voice_en_74717.opus,apprentice
./data/macroset/en/clips/shortcuts/common_voice_en_661209.opus,shortcuts
./data/macroset/en/clips/shortcuts/common_voice_en_75556.opus,shortcuts
./data/macroset/en/clips/shortcuts/common_voice_en_597638.opus,shortcuts
./data/macroset/en/clips/shortcuts/common_voice_en_19767896.opus,shortcuts
./data/macroset/en/clips/shortcuts/common_voice_en_163663.opus,shortcuts
./data/macroset/en/clips/manhattan/common_voice_en_57465.opus,manhattan
./data/macroset/en/clips/manhattan/common_voice_en_20627610.opus,manhattan
./data/macroset/en/clips/manhattan/common_voice_en_21568246.opus,manhattan
./data/macroset/en/clips/manhattan/common_voice_en_19865610.opus,manhattan
./data/macroset/en/clips/manhattan/common_voice_en_21024346.opus,manhattan
./data/macroset/en/clips/trumpets/common_voice_en_17279184.opus,trumpets
./data/macroset/en/clips/trumpets/common_voice_en_19112.opus,trumpets
./data/macroset/en/clips/trumpets/common_voice_en_17563879.opus,trumpets
./data/macroset/en/clips/trumpets/common_voice_en_17406452.opus,trumpets
./data/macroset/en/clips/trumpets/common_voice_en_17292844.opus,trumpets
./data/macroset/en/clips/gluten/common_voice_en_18513297.opus,gluten
./data/macroset/en/clips/gluten/common_voice_en_18281635.opus,gluten
./data/macroset/en/clips/gluten/common_voice_en_22043188.opus,gluten
./data/macroset/en/clips/gluten/common_voice_en_18255804.opus,gluten
./data/macroset/en/clips/gluten/common_voice_en_18959134.opus,gluten
./data/macroset/en/clips/flee/common_voice_en_605518.opus,flee
./data/macroset/en/clips/flee/common_voice_en_563154.opus,flee
./data/macroset/en/clips/flee/common_voice_en_491062.opus,flee
./data/macroset/en/clips/flee/common_voice_en_21347.opus,flee
./data/macroset/en/clips/flee/common_voice_en_616716.opus,flee
./data/macroset/en/clips/camden/common_voice_en_20245852.opus,camden
./data/macroset/en/clips/camden/common_voice_en_19988269.opus,camden
./data/macroset/en/clips/camden/common_voice_en_19596167.opus,camden
./data/macroset/en/clips/camden/common_voice_en_21320641.opus,camden
./data/macroset/en/clips/camden/common_voice_en_21976037.opus,camden
./data/macroset/en/clips/james/common_voice_en_20114950.opus,james
./data/macroset/en/clips/james/common_voice_en_19437441.opus,james
./data/macroset/en/clips/james/common_voice_en_19131198.opus,james
./data/macroset/en/clips/james/common_voice_en_51263.opus,james
./data/macroset/en/clips/james/common_voice_en_20610085.opus,james
./data/macroset/en/clips/crooks/common_voice_en_544030.opus,crooks
./data/macroset/en/clips/crooks/common_voice_en_43875.opus,crooks
./data/macroset/en/clips/crooks/common_voice_en_665024.opus,crooks
./data/macroset/en/clips/crooks/common_voice_en_87609.opus,crooks
./data/macroset/en/clips/crooks/common_voice_en_547703.opus,crooks
./data/macroset/en/clips/free/common_voice_en_20091063.opus,free
./data/macroset/en/clips/free/common_voice_en_19810578.opus,free
./data/macroset/en/clips/free/common_voice_en_21186473.opus,free
./data/macroset/en/clips/free/common_voice_en_21936486.opus,free
./data/macroset/en/clips/free/common_voice_en_19630921.opus,free
./data/macroset/en/clips/brooklyn/common_voice_en_20187597.opus,brooklyn
./data/macroset/en/clips/brooklyn/common_voice_en_20257766.opus,brooklyn
./data/macroset/en/clips/brooklyn/common_voice_en_20284581.opus,brooklyn
./data/macroset/en/clips/brooklyn/common_voice_en_19957242.opus,brooklyn
./data/macroset/en/clips/brooklyn/common_voice_en_21364512.opus,brooklyn
./data/macroset/en/clips/comest/common_voice_en_5559269.opus,comest
./data/macroset/en/clips/comest/common_voice_en_17304172.opus,comest
./data/macroset/en/clips/comest/common_voice_en_17260690.opus,comest
./data/macroset/en/clips/comest/common_voice_en_18483156__2.opus,comest
./data/macroset/en/clips/comest/common_voice_en_17910352.opus,comest
./data/macroset/en/clips/famed/common_voice_en_20124461.opus,famed
./data/macroset/en/clips/famed/common_voice_en_20397739.opus,famed
./data/macroset/en/clips/famed/common_voice_en_21796188.opus,famed
./data/macroset/en/clips/famed/common_voice_en_21981304.opus,famed
./data/macroset/en/clips/famed/common_voice_en_20260810.opus,famed
./data/macroset/en/clips/massachusetts/common_voice_en_20400910.opus,massachusetts
./data/macroset/en/clips/massachusetts/common_voice_en_21665576.opus,massachusetts
./data/macroset/en/clips/massachusetts/common_voice_en_19398758.opus,massachusetts
./data/macroset/en/clips/massachusetts/common_voice_en_19768829.opus,massachusetts
./data/macroset/en/clips/massachusetts/common_voice_en_20877652.opus,massachusetts
./data/macroset/en/clips/whisked/common_voice_en_700639.opus,whisked
./data/macroset/en/clips/whisked/common_voice_en_539513.opus,whisked
./data/macroset/en/clips/whisked/common_voice_en_22142032.opus,whisked
./data/macroset/en/clips/whisked/common_voice_en_530269.opus,whisked
./data/macroset/en/clips/whisked/common_voice_en_666008.opus,whisked
./data/macroset/en/clips/crystal/common_voice_en_113972.opus,crystal
./data/macroset/en/clips/crystal/common_voice_en_62361.opus,crystal
./data/macroset/en/clips/crystal/common_voice_en_566952.opus,crystal
./data/macroset/en/clips/crystal/common_voice_en_22116850.opus,crystal
./data/macroset/en/clips/crystal/common_voice_en_48549.opus,crystal
./data/macroset/en/clips/wildlife/common_voice_en_19796406.opus,wildlife
./data/macroset/en/clips/wildlife/common_voice_en_21182436.opus,wildlife
./data/macroset/en/clips/wildlife/common_voice_en_21163008.opus,wildlife
./data/macroset/en/clips/wildlife/common_voice_en_20624768.opus,wildlife
./data/macroset/en/clips/wildlife/common_voice_en_19750213.opus,wildlife
./data/macroset/en/clips/stripped/common_voice_en_19865442.opus,stripped
./data/macroset/en/clips/stripped/common_voice_en_21670243.opus,stripped
./data/macroset/en/clips/stripped/common_voice_en_20785166.opus,stripped
./data/macroset/en/clips/stripped/common_voice_en_19710878.opus,stripped
./data/macroset/en/clips/stripped/common_voice_en_20026203.opus,stripped
./data/macroset/en/clips/friedrich/common_voice_en_20379736.opus,friedrich
./data/macroset/en/clips/friedrich/common_voice_en_18788853.opus,friedrich
./data/macroset/en/clips/friedrich/common_voice_en_19865445.opus,friedrich
./data/macroset/en/clips/friedrich/common_voice_en_20315303.opus,friedrich
./data/macroset/en/clips/friedrich/common_voice_en_18765433.opus,friedrich
./data/macroset/en/clips/fur/common_voice_en_20120464.opus,fur
./data/macroset/en/clips/fur/common_voice_en_22448058.opus,fur
./data/macroset/en/clips/fur/common_voice_en_19855000.opus,fur
./data/macroset/en/clips/fur/common_voice_en_5737031.opus,fur
./data/macroset/en/clips/fur/common_voice_en_33546.opus,fur
./data/macroset/en/clips/determined/common_voice_en_18692029.opus,determined
./data/macroset/en/clips/determined/common_voice_en_21478187.opus,determined
./data/macroset/en/clips/determined/common_voice_en_19609582__2.opus,determined
./data/macroset/en/clips/determined/common_voice_en_20944791.opus,determined
./data/macroset/en/clips/determined/common_voice_en_19260376.opus,determined
./data/macroset/en/clips/attend/common_voice_en_18662533.opus,attend
./data/macroset/en/clips/attend/common_voice_en_20354825.opus,attend
./data/macroset/en/clips/attend/common_voice_en_19647389.opus,attend
./data/macroset/en/clips/attend/common_voice_en_22441052.opus,attend
./data/macroset/en/clips/attend/common_voice_en_20637447.opus,attend
./data/macroset/en/clips/flights/common_voice_en_19497840.opus,flights
./data/macroset/en/clips/flights/common_voice_en_21338107.opus,flights
./data/macroset/en/clips/flights/common_voice_en_18751908.opus,flights
./data/macroset/en/clips/flights/common_voice_en_19153829.opus,flights
./data/macroset/en/clips/flights/common_voice_en_21527833.opus,flights
./data/macroset/en/clips/definitely/common_voice_en_549889.opus,definitely
./data/macroset/en/clips/definitely/common_voice_en_18315204.opus,definitely
./data/macroset/en/clips/definitely/common_voice_en_204067.opus,definitely
./data/macroset/en/clips/definitely/common_voice_en_584283.opus,definitely
./data/macroset/en/clips/definitely/common_voice_en_136007.opus,definitely
./data/macroset/en/clips/calling/common_voice_en_670494.opus,calling
./data/macroset/en/clips/calling/common_voice_en_503754.opus,calling
./data/macroset/en/clips/calling/common_voice_en_20670533.opus,calling
./data/macroset/en/clips/calling/common_voice_en_18732850.opus,calling
./data/macroset/en/clips/calling/common_voice_en_571706.opus,calling
./data/macroset/en/clips/historians/common_voice_en_19978364.opus,historians
./data/macroset/en/clips/historians/common_voice_en_18944258.opus,historians
./data/macroset/en/clips/historians/common_voice_en_20250252.opus,historians
./data/macroset/en/clips/historians/common_voice_en_19946255.opus,historians
./data/macroset/en/clips/historians/common_voice_en_19855175.opus,historians
./data/macroset/en/clips/cartoon/common_voice_en_20005321.opus,cartoon
./data/macroset/en/clips/cartoon/common_voice_en_22457703.opus,cartoon
./data/macroset/en/clips/cartoon/common_voice_en_22058903.opus,cartoon
./data/macroset/en/clips/cartoon/common_voice_en_22323360.opus,cartoon
./data/macroset/en/clips/cartoon/common_voice_en_22301806.opus,cartoon
./data/macroset/en/clips/architect/common_voice_en_19699846.opus,architect
./data/macroset/en/clips/architect/common_voice_en_18686594.opus,architect
./data/macroset/en/clips/architect/common_voice_en_19692014.opus,architect
./data/macroset/en/clips/architect/common_voice_en_21062981.opus,architect
./data/macroset/en/clips/architect/common_voice_en_20383265.opus,architect
./data/macroset/en/clips/improved/common_voice_en_20190233.opus,improved
./data/macroset/en/clips/improved/common_voice_en_672461.opus,improved
./data/macroset/en/clips/improved/common_voice_en_19027140.opus,improved
./data/macroset/en/clips/improved/common_voice_en_19056569.opus,improved
./data/macroset/en/clips/improved/common_voice_en_630104.opus,improved
./data/macroset/en/clips/chewy/common_voice_en_692543.opus,chewy
./data/macroset/en/clips/chewy/common_voice_en_44738.opus,chewy
./data/macroset/en/clips/chewy/common_voice_en_2409893.opus,chewy
./data/macroset/en/clips/chewy/common_voice_en_677769.opus,chewy
./data/macroset/en/clips/chewy/common_voice_en_663634.opus,chewy
./data/macroset/en/clips/fortress/common_voice_en_21596187.opus,fortress
./data/macroset/en/clips/fortress/common_voice_en_21125044.opus,fortress
./data/macroset/en/clips/fortress/common_voice_en_22164339.opus,fortress
./data/macroset/en/clips/fortress/common_voice_en_20748132__2.opus,fortress
./data/macroset/en/clips/fortress/common_voice_en_20966333.opus,fortress
./data/macroset/en/clips/refined/common_voice_en_20296845.opus,refined
./data/macroset/en/clips/refined/common_voice_en_20310705.opus,refined
./data/macroset/en/clips/refined/common_voice_en_21105748.opus,refined
./data/macroset/en/clips/refined/common_voice_en_18792333.opus,refined
./data/macroset/en/clips/refined/common_voice_en_19821970.opus,refined
./data/macroset/en/clips/reports/common_voice_en_18978090.opus,reports
./data/macroset/en/clips/reports/common_voice_en_193752.opus,reports
./data/macroset/en/clips/reports/common_voice_en_21273176.opus,reports
./data/macroset/en/clips/reports/common_voice_en_19639636.opus,reports
./data/macroset/en/clips/reports/common_voice_en_18754991.opus,reports
./data/macroset/en/clips/recreation/common_voice_en_20357596.opus,recreation
./data/macroset/en/clips/recreation/common_voice_en_19623273.opus,recreation
./data/macroset/en/clips/recreation/common_voice_en_18840500.opus,recreation
./data/macroset/en/clips/recreation/common_voice_en_19985623.opus,recreation
./data/macroset/en/clips/recreation/common_voice_en_19347740.opus,recreation
./data/macroset/en/clips/workers/common_voice_en_18657098.opus,workers
./data/macroset/en/clips/workers/common_voice_en_522388.opus,workers
./data/macroset/en/clips/workers/common_voice_en_19014613.opus,workers
./data/macroset/en/clips/workers/common_voice_en_21271157.opus,workers
./data/macroset/en/clips/workers/common_voice_en_19047133__2.opus,workers
./data/macroset/en/clips/woodman/common_voice_en_20178413.opus,woodman
./data/macroset/en/clips/woodman/common_voice_en_21750914.opus,woodman
./data/macroset/en/clips/woodman/common_voice_en_18474952.opus,woodman
./data/macroset/en/clips/woodman/common_voice_en_22323876.opus,woodman
./data/macroset/en/clips/woodman/common_voice_en_18467333.opus,woodman
./data/macroset/en/clips/hunter/common_voice_en_20367413.opus,hunter
./data/macroset/en/clips/hunter/common_voice_en_16048624.opus,hunter
./data/macroset/en/clips/hunter/common_voice_en_18893619.opus,hunter
./data/macroset/en/clips/hunter/common_voice_en_20235669.opus,hunter
./data/macroset/en/clips/hunter/common_voice_en_20143917.opus,hunter
./data/macroset/en/clips/laboratory/common_voice_en_21549065.opus,laboratory
./data/macroset/en/clips/laboratory/common_voice_en_20858293.opus,laboratory
./data/macroset/en/clips/laboratory/common_voice_en_19815234.opus,laboratory
./data/macroset/en/clips/laboratory/common_voice_en_577174.opus,laboratory
./data/macroset/en/clips/laboratory/common_voice_en_193845.opus,laboratory
./data/macroset/en/clips/that’s/common_voice_en_75930.opus,that’s
./data/macroset/en/clips/that’s/common_voice_en_17899162.opus,that’s
./data/macroset/en/clips/that’s/common_voice_en_18512379.opus,that’s
./data/macroset/en/clips/that’s/common_voice_en_639148.opus,that’s
./data/macroset/en/clips/that’s/common_voice_en_17798619.opus,that’s
./data/macroset/en/clips/airfield/common_voice_en_21867491.opus,airfield
./data/macroset/en/clips/airfield/common_voice_en_21264090.opus,airfield
./data/macroset/en/clips/airfield/common_voice_en_20358001.opus,airfield
./data/macroset/en/clips/airfield/common_voice_en_22398681.opus,airfield
./data/macroset/en/clips/airfield/common_voice_en_19201560.opus,airfield
