link,word
./data/macroset/en/clips/recycling/common_voice_en_675897.opus,recycling
./data/macroset/en/clips/recycling/common_voice_en_525347.opus,recycling
./data/macroset/en/clips/recycling/common_voice_en_487906.opus,recycling
./data/macroset/en/clips/recycling/common_voice_en_556887.opus,recycling
./data/macroset/en/clips/recycling/common_voice_en_667422.opus,recycling
./data/macroset/en/clips/tolerable/common_voice_en_214118.opus,tolerable
./data/macroset/en/clips/tolerable/common_voice_en_636910.opus,tolerable
./data/macroset/en/clips/tolerable/common_voice_en_197500.opus,tolerable
./data/macroset/en/clips/tolerable/common_voice_en_484893.opus,tolerable
./data/macroset/en/clips/tolerable/common_voice_en_556723.opus,tolerable
./data/macroset/en/clips/abandons/common_voice_en_620232.opus,abandons
./data/macroset/en/clips/abandons/common_voice_en_34845.opus,abandons
./data/macroset/en/clips/abandons/common_voice_en_575909.opus,abandons
./data/macroset/en/clips/abandons/common_voice_en_520424.opus,abandons
./data/macroset/en/clips/abandons/common_voice_en_552501.opus,abandons
./data/macroset/en/clips/makes/common_voice_en_19699184.opus,makes
./data/macroset/en/clips/makes/common_voice_en_21981670.opus,makes
./data/macroset/en/clips/makes/common_voice_en_17385007.opus,makes
./data/macroset/en/clips/makes/common_voice_en_564854.opus,makes
./data/macroset/en/clips/makes/common_voice_en_20125988.opus,makes
./data/macroset/en/clips/solve/common_voice_en_624824.opus,solve
./data/macroset/en/clips/solve/common_voice_en_73430.opus,solve
./data/macroset/en/clips/solve/common_voice_en_164161.opus,solve
./data/macroset/en/clips/solve/common_voice_en_97298.opus,solve
./data/macroset/en/clips/solve/common_voice_en_566566.opus,solve
./data/macroset/en/clips/slain/common_voice_en_652400.opus,slain
./data/macroset/en/clips/slain/common_voice_en_204847.opus,slain
./data/macroset/en/clips/slain/common_voice_en_18974628.opus,slain
./data/macroset/en/clips/slain/common_voice_en_535130.opus,slain
./data/macroset/en/clips/slain/common_voice_en_578144.opus,slain
./data/macroset/en/clips/muscles/common_voice_en_19947202.opus,muscles
./data/macroset/en/clips/muscles/common_voice_en_95973.opus,muscles
./data/macroset/en/clips/muscles/common_voice_en_481747.opus,muscles
./data/macroset/en/clips/muscles/common_voice_en_22303911.opus,muscles
./data/macroset/en/clips/muscles/common_voice_en_20339484.opus,muscles
./data/macroset/en/clips/trio/common_voice_en_18990211.opus,trio
./data/macroset/en/clips/trio/common_voice_en_20267808.opus,trio
./data/macroset/en/clips/trio/common_voice_en_18884239.opus,trio
./data/macroset/en/clips/trio/common_voice_en_575744.opus,trio
./data/macroset/en/clips/trio/common_voice_en_20857199.opus,trio
./data/macroset/en/clips/historic/common_voice_en_20179100.opus,historic
./data/macroset/en/clips/historic/common_voice_en_19956078.opus,historic
./data/macroset/en/clips/historic/common_voice_en_20759615.opus,historic
./data/macroset/en/clips/historic/common_voice_en_21908114.opus,historic
./data/macroset/en/clips/historic/common_voice_en_22126559.opus,historic
./data/macroset/en/clips/mercenary/common_voice_en_480073.opus,mercenary
./data/macroset/en/clips/mercenary/common_voice_en_17387876.opus,mercenary
./data/macroset/en/clips/mercenary/common_voice_en_488872.opus,mercenary
./data/macroset/en/clips/mercenary/common_voice_en_17993669.opus,mercenary
./data/macroset/en/clips/mercenary/common_voice_en_19723733.opus,mercenary
./data/macroset/en/clips/anyone/common_voice_en_548217.opus,anyone
./data/macroset/en/clips/anyone/common_voice_en_530501.opus,anyone
./data/macroset/en/clips/anyone/common_voice_en_193680.opus,anyone
./data/macroset/en/clips/anyone/common_voice_en_17393040.opus,anyone
./data/macroset/en/clips/anyone/common_voice_en_688000.opus,anyone
./data/macroset/en/clips/afternoon/common_voice_en_18915.opus,afternoon
./data/macroset/en/clips/afternoon/common_voice_en_18549917.opus,afternoon
./data/macroset/en/clips/afternoon/common_voice_en_17716606.opus,afternoon
./data/macroset/en/clips/afternoon/common_voice_en_21768313.opus,afternoon
./data/macroset/en/clips/afternoon/common_voice_en_612541.opus,afternoon
./data/macroset/en/clips/tips/common_voice_en_18795728.opus,tips
./data/macroset/en/clips/tips/common_voice_en_18148265.opus,tips
./data/macroset/en/clips/tips/common_voice_en_22099712.opus,tips
./data/macroset/en/clips/tips/common_voice_en_383289.opus,tips
./data/macroset/en/clips/tips/common_voice_en_6923139.opus,tips
./data/macroset/en/clips/calibration/common_voice_en_484262.opus,calibration
./data/macroset/en/clips/calibration/common_voice_en_654238.opus,calibration
./data/macroset/en/clips/calibration/common_voice_en_650309.opus,calibration
./data/macroset/en/clips/calibration/common_voice_en_16666306.opus,calibration
./data/macroset/en/clips/calibration/common_voice_en_97301.opus,calibration
./data/macroset/en/clips/inquiry/common_voice_en_22229454.opus,inquiry
./data/macroset/en/clips/inquiry/common_voice_en_21367792.opus,inquiry
./data/macroset/en/clips/inquiry/common_voice_en_20004787.opus,inquiry
./data/macroset/en/clips/inquiry/common_voice_en_19813607.opus,inquiry
./data/macroset/en/clips/inquiry/common_voice_en_21681049.opus,inquiry
./data/macroset/en/clips/novel/common_voice_en_20546681.opus,novel
./data/macroset/en/clips/novel/common_voice_en_19649758.opus,novel
./data/macroset/en/clips/novel/common_voice_en_21831916.opus,novel
./data/macroset/en/clips/novel/common_voice_en_19467572.opus,novel
./data/macroset/en/clips/novel/common_voice_en_20067877.opus,novel
./data/macroset/en/clips/fuse/common_voice_en_19547960.opus,fuse
./data/macroset/en/clips/fuse/common_voice_en_472637.opus,fuse
./data/macroset/en/clips/fuse/common_voice_en_28980.opus,fuse
./data/macroset/en/clips/fuse/common_voice_en_17801245.opus,fuse
./data/macroset/en/clips/fuse/common_voice_en_22327941.opus,fuse
./data/macroset/en/clips/jacob/common_voice_en_22068665.opus,jacob
./data/macroset/en/clips/jacob/common_voice_en_20228518.opus,jacob
./data/macroset/en/clips/jacob/common_voice_en_22318633.opus,jacob
./data/macroset/en/clips/jacob/common_voice_en_20779248.opus,jacob
./data/macroset/en/clips/jacob/common_voice_en_22226036.opus,jacob
./data/macroset/en/clips/radical/common_voice_en_18780192.opus,radical
./data/macroset/en/clips/radical/common_voice_en_513888.opus,radical
./data/macroset/en/clips/radical/common_voice_en_30519.opus,radical
./data/macroset/en/clips/radical/common_voice_en_47120.opus,radical
./data/macroset/en/clips/radical/common_voice_en_18029598.opus,radical
./data/macroset/en/clips/haste/common_voice_en_37763.opus,haste
./data/macroset/en/clips/haste/common_voice_en_17280438.opus,haste
./data/macroset/en/clips/haste/common_voice_en_17875212.opus,haste
./data/macroset/en/clips/haste/common_voice_en_684384.opus,haste
./data/macroset/en/clips/haste/common_voice_en_2527008.opus,haste
./data/macroset/en/clips/consolidated/common_voice_en_21128655.opus,consolidated
./data/macroset/en/clips/consolidated/common_voice_en_20281419.opus,consolidated
./data/macroset/en/clips/consolidated/common_voice_en_19032708.opus,consolidated
./data/macroset/en/clips/consolidated/common_voice_en_22281309.opus,consolidated
./data/macroset/en/clips/consolidated/common_voice_en_19519800.opus,consolidated
./data/macroset/en/clips/henderson/common_voice_en_611348.opus,henderson
./data/macroset/en/clips/henderson/common_voice_en_196736.opus,henderson
./data/macroset/en/clips/henderson/common_voice_en_64913.opus,henderson
./data/macroset/en/clips/henderson/common_voice_en_117511.opus,henderson
./data/macroset/en/clips/henderson/common_voice_en_690806.opus,henderson
./data/macroset/en/clips/continuous/common_voice_en_20261297.opus,continuous
./data/macroset/en/clips/continuous/common_voice_en_21867595.opus,continuous
./data/macroset/en/clips/continuous/common_voice_en_21078492.opus,continuous
./data/macroset/en/clips/continuous/common_voice_en_46554.opus,continuous
./data/macroset/en/clips/continuous/common_voice_en_20907214.opus,continuous
./data/macroset/en/clips/necessary/common_voice_en_21437605.opus,necessary
./data/macroset/en/clips/necessary/common_voice_en_18853245.opus,necessary
./data/macroset/en/clips/necessary/common_voice_en_21648387.opus,necessary
./data/macroset/en/clips/necessary/common_voice_en_219046.opus,necessary
./data/macroset/en/clips/necessary/common_voice_en_21902033.opus,necessary
./data/macroset/en/clips/mutation/common_voice_en_21901423.opus,mutation
./data/macroset/en/clips/mutation/common_voice_en_19499574.opus,mutation
./data/macroset/en/clips/mutation/common_voice_en_20519335.opus,mutation
./data/macroset/en/clips/mutation/common_voice_en_18487949.opus,mutation
./data/macroset/en/clips/mutation/common_voice_en_20905728.opus,mutation
./data/macroset/en/clips/vandalism/common_voice_en_17887988.opus,vandalism
./data/macroset/en/clips/vandalism/common_voice_en_17785946.opus,vandalism
./data/macroset/en/clips/vandalism/common_voice_en_17863844.opus,vandalism
./data/macroset/en/clips/vandalism/common_voice_en_18408402.opus,vandalism
./data/macroset/en/clips/vandalism/common_voice_en_21844356.opus,vandalism
./data/macroset/en/clips/conditions/common_voice_en_18750658.opus,conditions
./data/macroset/en/clips/conditions/common_voice_en_18999616.opus,conditions
./data/macroset/en/clips/conditions/common_voice_en_21740384.opus,conditions
./data/macroset/en/clips/conditions/common_voice_en_19867871.opus,conditions
./data/macroset/en/clips/conditions/common_voice_en_20432031.opus,conditions
./data/macroset/en/clips/device/common_voice_en_20056331.opus,device
./data/macroset/en/clips/device/common_voice_en_21411105.opus,device
./data/macroset/en/clips/device/common_voice_en_18061980.opus,device
./data/macroset/en/clips/device/common_voice_en_21738019.opus,device
./data/macroset/en/clips/device/common_voice_en_576373.opus,device
./data/macroset/en/clips/deadly/common_voice_en_680788.opus,deadly
./data/macroset/en/clips/deadly/common_voice_en_258824.opus,deadly
./data/macroset/en/clips/deadly/common_voice_en_20266228.opus,deadly
./data/macroset/en/clips/deadly/common_voice_en_21795982.opus,deadly
./data/macroset/en/clips/deadly/common_voice_en_675182.opus,deadly
./data/macroset/en/clips/praised/common_voice_en_19666772.opus,praised
./data/macroset/en/clips/praised/common_voice_en_20840918.opus,praised
./data/macroset/en/clips/praised/common_voice_en_19079910.opus,praised
./data/macroset/en/clips/praised/common_voice_en_21384986.opus,praised
./data/macroset/en/clips/praised/common_voice_en_22386211.opus,praised
./data/macroset/en/clips/newsworthy/common_voice_en_17807527.opus,newsworthy
./data/macroset/en/clips/newsworthy/common_voice_en_17725365.opus,newsworthy
./data/macroset/en/clips/newsworthy/common_voice_en_17288089.opus,newsworthy
./data/macroset/en/clips/newsworthy/common_voice_en_17371687.opus,newsworthy
./data/macroset/en/clips/newsworthy/common_voice_en_17276543.opus,newsworthy
./data/macroset/en/clips/equipment/common_voice_en_20947362.opus,equipment
./data/macroset/en/clips/equipment/common_voice_en_18909345.opus,equipment
./data/macroset/en/clips/equipment/common_voice_en_21928211.opus,equipment
./data/macroset/en/clips/equipment/common_voice_en_20974687.opus,equipment
./data/macroset/en/clips/equipment/common_voice_en_19599849.opus,equipment
./data/macroset/en/clips/antonio/common_voice_en_19010486.opus,antonio
./data/macroset/en/clips/antonio/common_voice_en_19743060.opus,antonio
./data/macroset/en/clips/antonio/common_voice_en_19761257.opus,antonio
./data/macroset/en/clips/antonio/common_voice_en_19430733.opus,antonio
./data/macroset/en/clips/antonio/common_voice_en_19841739.opus,antonio
./data/macroset/en/clips/ethics/common_voice_en_18857833.opus,ethics
./data/macroset/en/clips/ethics/common_voice_en_20303519.opus,ethics
./data/macroset/en/clips/ethics/common_voice_en_18698300.opus,ethics
./data/macroset/en/clips/ethics/common_voice_en_18610610.opus,ethics
./data/macroset/en/clips/ethics/common_voice_en_70220.opus,ethics
./data/macroset/en/clips/professionals/common_voice_en_22184167.opus,professionals
./data/macroset/en/clips/professionals/common_voice_en_19731774.opus,professionals
./data/macroset/en/clips/professionals/common_voice_en_19056566.opus,professionals
./data/macroset/en/clips/professionals/common_voice_en_21338209.opus,professionals
./data/macroset/en/clips/professionals/common_voice_en_20746087.opus,professionals
./data/macroset/en/clips/plains/common_voice_en_22273276.opus,plains
./data/macroset/en/clips/plains/common_voice_en_19199483.opus,plains
./data/macroset/en/clips/plains/common_voice_en_21595260.opus,plains
./data/macroset/en/clips/plains/common_voice_en_20409128.opus,plains
./data/macroset/en/clips/plains/common_voice_en_19759239.opus,plains
./data/macroset/en/clips/cells/common_voice_en_20281183.opus,cells
./data/macroset/en/clips/cells/common_voice_en_22175814__2.opus,cells
./data/macroset/en/clips/cells/common_voice_en_20988676.opus,cells
./data/macroset/en/clips/cells/common_voice_en_20325744.opus,cells
./data/macroset/en/clips/cells/common_voice_en_19718577.opus,cells
./data/macroset/en/clips/ringing/common_voice_en_18666498.opus,ringing
./data/macroset/en/clips/ringing/common_voice_en_524434.opus,ringing
./data/macroset/en/clips/ringing/common_voice_en_639810.opus,ringing
./data/macroset/en/clips/ringing/common_voice_en_72121.opus,ringing
./data/macroset/en/clips/ringing/common_voice_en_42997.opus,ringing
./data/macroset/en/clips/turtles/common_voice_en_19330568.opus,turtles
./data/macroset/en/clips/turtles/common_voice_en_20877624.opus,turtles
./data/macroset/en/clips/turtles/common_voice_en_20322045.opus,turtles
./data/macroset/en/clips/turtles/common_voice_en_19067104.opus,turtles
./data/macroset/en/clips/turtles/common_voice_en_20763333.opus,turtles
./data/macroset/en/clips/die/common_voice_en_674871.opus,die
./data/macroset/en/clips/die/common_voice_en_537967.opus,die
./data/macroset/en/clips/die/common_voice_en_17615.opus,die
./data/macroset/en/clips/die/common_voice_en_573620.opus,die
./data/macroset/en/clips/die/common_voice_en_669237.opus,die
./data/macroset/en/clips/starred/common_voice_en_20973206.opus,starred
./data/macroset/en/clips/starred/common_voice_en_20578584.opus,starred
./data/macroset/en/clips/starred/common_voice_en_22090484.opus,starred
./data/macroset/en/clips/starred/common_voice_en_21752989.opus,starred
./data/macroset/en/clips/starred/common_voice_en_20878360.opus,starred
./data/macroset/en/clips/waves/common_voice_en_18062069.opus,waves
./data/macroset/en/clips/waves/common_voice_en_85330.opus,waves
./data/macroset/en/clips/waves/common_voice_en_20457492.opus,waves
./data/macroset/en/clips/waves/common_voice_en_574878.opus,waves
./data/macroset/en/clips/waves/common_voice_en_18813876.opus,waves
./data/macroset/en/clips/bottle/common_voice_en_18522249.opus,bottle
./data/macroset/en/clips/bottle/common_voice_en_476685.opus,bottle
./data/macroset/en/clips/bottle/common_voice_en_525470.opus,bottle
./data/macroset/en/clips/bottle/common_voice_en_79717.opus,bottle
./data/macroset/en/clips/bottle/common_voice_en_571382.opus,bottle
./data/macroset/en/clips/less/common_voice_en_19481268.opus,less
./data/macroset/en/clips/less/common_voice_en_13813879.opus,less
./data/macroset/en/clips/less/common_voice_en_49641.opus,less
./data/macroset/en/clips/less/common_voice_en_18752411.opus,less
./data/macroset/en/clips/less/common_voice_en_19724546.opus,less
./data/macroset/en/clips/pay/common_voice_en_298426.opus,pay
./data/macroset/en/clips/pay/common_voice_en_17852132.opus,pay
./data/macroset/en/clips/pay/common_voice_en_630806.opus,pay
./data/macroset/en/clips/pay/common_voice_en_203897.opus,pay
./data/macroset/en/clips/pay/common_voice_en_670994.opus,pay
./data/macroset/en/clips/graph/common_voice_en_20276304.opus,graph
./data/macroset/en/clips/graph/common_voice_en_20698726.opus,graph
./data/macroset/en/clips/graph/common_voice_en_19953964.opus,graph
./data/macroset/en/clips/graph/common_voice_en_22432931.opus,graph
./data/macroset/en/clips/graph/common_voice_en_22256041.opus,graph
./data/macroset/en/clips/elijah/common_voice_en_15733959.opus,elijah
./data/macroset/en/clips/elijah/common_voice_en_72647.opus,elijah
./data/macroset/en/clips/elijah/common_voice_en_17947538.opus,elijah
./data/macroset/en/clips/elijah/common_voice_en_677657.opus,elijah
./data/macroset/en/clips/elijah/common_voice_en_17623574.opus,elijah
./data/macroset/en/clips/era/common_voice_en_19415982.opus,era
./data/macroset/en/clips/era/common_voice_en_19895327.opus,era
./data/macroset/en/clips/era/common_voice_en_20526494.opus,era
./data/macroset/en/clips/era/common_voice_en_20698943.opus,era
./data/macroset/en/clips/era/common_voice_en_20204390.opus,era
./data/macroset/en/clips/short/common_voice_en_22341660.opus,short
./data/macroset/en/clips/short/common_voice_en_18909295.opus,short
./data/macroset/en/clips/short/common_voice_en_22445821.opus,short
./data/macroset/en/clips/short/common_voice_en_22226037.opus,short
./data/macroset/en/clips/short/common_voice_en_20101488.opus,short
./data/macroset/en/clips/lobes/common_voice_en_20242675.opus,lobes
./data/macroset/en/clips/lobes/common_voice_en_19898654.opus,lobes
./data/macroset/en/clips/lobes/common_voice_en_18075574.opus,lobes
./data/macroset/en/clips/lobes/common_voice_en_679354.opus,lobes
./data/macroset/en/clips/lobes/common_voice_en_316900.opus,lobes
./data/macroset/en/clips/patrols/common_voice_en_20532059.opus,patrols
./data/macroset/en/clips/patrols/common_voice_en_19537069.opus,patrols
./data/macroset/en/clips/patrols/common_voice_en_19695342.opus,patrols
./data/macroset/en/clips/patrols/common_voice_en_19190402.opus,patrols
./data/macroset/en/clips/patrols/common_voice_en_21262035.opus,patrols
./data/macroset/en/clips/ambulance/common_voice_en_350014.opus,ambulance
./data/macroset/en/clips/ambulance/common_voice_en_375739.opus,ambulance
./data/macroset/en/clips/ambulance/common_voice_en_19158305.opus,ambulance
./data/macroset/en/clips/ambulance/common_voice_en_22400457.opus,ambulance
./data/macroset/en/clips/ambulance/common_voice_en_18840278.opus,ambulance
./data/macroset/en/clips/mitchell/common_voice_en_685220.opus,mitchell
./data/macroset/en/clips/mitchell/common_voice_en_19690602.opus,mitchell
./data/macroset/en/clips/mitchell/common_voice_en_21349624.opus,mitchell
./data/macroset/en/clips/mitchell/common_voice_en_545620.opus,mitchell
./data/macroset/en/clips/mitchell/common_voice_en_577988.opus,mitchell
./data/macroset/en/clips/consequence/common_voice_en_19005582.opus,consequence
./data/macroset/en/clips/consequence/common_voice_en_530230.opus,consequence
./data/macroset/en/clips/consequence/common_voice_en_18545601.opus,consequence
./data/macroset/en/clips/consequence/common_voice_en_20777962.opus,consequence
./data/macroset/en/clips/consequence/common_voice_en_525717.opus,consequence
./data/macroset/en/clips/love/common_voice_en_19185312.opus,love
./data/macroset/en/clips/love/common_voice_en_697366.opus,love
./data/macroset/en/clips/love/common_voice_en_664224.opus,love
./data/macroset/en/clips/love/common_voice_en_630824.opus,love
./data/macroset/en/clips/love/common_voice_en_21371053.opus,love
./data/macroset/en/clips/virtually/common_voice_en_20384237.opus,virtually
./data/macroset/en/clips/virtually/common_voice_en_18650646.opus,virtually
./data/macroset/en/clips/virtually/common_voice_en_19974888.opus,virtually
./data/macroset/en/clips/virtually/common_voice_en_22312801.opus,virtually
./data/macroset/en/clips/virtually/common_voice_en_19814377.opus,virtually
./data/macroset/en/clips/problems/common_voice_en_18708235.opus,problems
./data/macroset/en/clips/problems/common_voice_en_19948672.opus,problems
./data/macroset/en/clips/problems/common_voice_en_18685892.opus,problems
./data/macroset/en/clips/problems/common_voice_en_18227982.opus,problems
./data/macroset/en/clips/problems/common_voice_en_670723.opus,problems
./data/macroset/en/clips/knock/common_voice_en_3497310.opus,knock
./data/macroset/en/clips/knock/common_voice_en_21380868.opus,knock
./data/macroset/en/clips/knock/common_voice_en_657255.opus,knock
./data/macroset/en/clips/knock/common_voice_en_18460079.opus,knock
./data/macroset/en/clips/knock/common_voice_en_17308246.opus,knock
./data/macroset/en/clips/fuzzy/common_voice_en_21541141.opus,fuzzy
./data/macroset/en/clips/fuzzy/common_voice_en_659767.opus,fuzzy
./data/macroset/en/clips/fuzzy/common_voice_en_19718678.opus,fuzzy
./data/macroset/en/clips/fuzzy/common_voice_en_21710344__2.opus,fuzzy
./data/macroset/en/clips/fuzzy/common_voice_en_18042791.opus,fuzzy
./data/macroset/en/clips/math/common_voice_en_19672920.opus,math
./data/macroset/en/clips/math/common_voice_en_20026106.opus,math
./data/macroset/en/clips/math/common_voice_en_20287236.opus,math
./data/macroset/en/clips/math/common_voice_en_21282386.opus,math
./data/macroset/en/clips/math/common_voice_en_21892488.opus,math
./data/macroset/en/clips/third/common_voice_en_596347.opus,third
./data/macroset/en/clips/third/common_voice_en_20245558.opus,third
./data/macroset/en/clips/third/common_voice_en_476728.opus,third
./data/macroset/en/clips/third/common_voice_en_22007527.opus,third
./data/macroset/en/clips/third/common_voice_en_17808679.opus,third
./data/macroset/en/clips/loyalty/common_voice_en_17939471.opus,loyalty
./data/macroset/en/clips/loyalty/common_voice_en_19961970.opus,loyalty
./data/macroset/en/clips/loyalty/common_voice_en_20586795.opus,loyalty
./data/macroset/en/clips/loyalty/common_voice_en_19149955.opus,loyalty
./data/macroset/en/clips/loyalty/common_voice_en_21180507.opus,loyalty
./data/macroset/en/clips/ellie/common_voice_en_621924.opus,ellie
./data/macroset/en/clips/ellie/common_voice_en_573646.opus,ellie
./data/macroset/en/clips/ellie/common_voice_en_686425.opus,ellie
./data/macroset/en/clips/ellie/common_voice_en_679044.opus,ellie
./data/macroset/en/clips/ellie/common_voice_en_578397.opus,ellie
./data/macroset/en/clips/leap/common_voice_en_20226637.opus,leap
./data/macroset/en/clips/leap/common_voice_en_660393.opus,leap
./data/macroset/en/clips/leap/common_voice_en_19574576.opus,leap
./data/macroset/en/clips/leap/common_voice_en_18101053.opus,leap
./data/macroset/en/clips/leap/common_voice_en_18128211.opus,leap
./data/macroset/en/clips/beasts/common_voice_en_186018.opus,beasts
./data/macroset/en/clips/beasts/common_voice_en_17298249.opus,beasts
./data/macroset/en/clips/beasts/common_voice_en_17272713.opus,beasts
./data/macroset/en/clips/beasts/common_voice_en_17903698.opus,beasts
./data/macroset/en/clips/beasts/common_voice_en_17851747.opus,beasts
./data/macroset/en/clips/starter/common_voice_en_20696809.opus,starter
./data/macroset/en/clips/starter/common_voice_en_21821195.opus,starter
./data/macroset/en/clips/starter/common_voice_en_18756653.opus,starter
./data/macroset/en/clips/starter/common_voice_en_18739564.opus,starter
./data/macroset/en/clips/starter/common_voice_en_19463509.opus,starter
./data/macroset/en/clips/implications/common_voice_en_18511020.opus,implications
./data/macroset/en/clips/implications/common_voice_en_22338846.opus,implications
./data/macroset/en/clips/implications/common_voice_en_18409657.opus,implications
./data/macroset/en/clips/implications/common_voice_en_18607876.opus,implications
./data/macroset/en/clips/implications/common_voice_en_508034.opus,implications
./data/macroset/en/clips/dangles/common_voice_en_86420.opus,dangles
./data/macroset/en/clips/dangles/common_voice_en_18124101.opus,dangles
./data/macroset/en/clips/dangles/common_voice_en_5559243.opus,dangles
./data/macroset/en/clips/dangles/common_voice_en_17386701.opus,dangles
./data/macroset/en/clips/dangles/common_voice_en_3044128.opus,dangles
./data/macroset/en/clips/coworkers/common_voice_en_17278976.opus,coworkers
./data/macroset/en/clips/coworkers/common_voice_en_150528.opus,coworkers
./data/macroset/en/clips/coworkers/common_voice_en_669897.opus,coworkers
./data/macroset/en/clips/coworkers/common_voice_en_539095.opus,coworkers
./data/macroset/en/clips/coworkers/common_voice_en_605064.opus,coworkers
./data/macroset/en/clips/angle/common_voice_en_19003505__2.opus,angle
./data/macroset/en/clips/angle/common_voice_en_19815176.opus,angle
./data/macroset/en/clips/angle/common_voice_en_18926106.opus,angle
./data/macroset/en/clips/angle/common_voice_en_21334846.opus,angle
./data/macroset/en/clips/angle/common_voice_en_19874059.opus,angle
./data/macroset/en/clips/cookies/common_voice_en_485950.opus,cookies
./data/macroset/en/clips/cookies/common_voice_en_518507.opus,cookies
./data/macroset/en/clips/cookies/common_voice_en_19185343.opus,cookies
./data/macroset/en/clips/cookies/common_voice_en_19823579.opus,cookies
./data/macroset/en/clips/cookies/common_voice_en_215370.opus,cookies
./data/macroset/en/clips/bunting/common_voice_en_17272147.opus,bunting
./data/macroset/en/clips/bunting/common_voice_en_20036009.opus,bunting
./data/macroset/en/clips/bunting/common_voice_en_11820716.opus,bunting
./data/macroset/en/clips/bunting/common_voice_en_17758551.opus,bunting
./data/macroset/en/clips/bunting/common_voice_en_594777.opus,bunting
./data/macroset/en/clips/celia/common_voice_en_18618342.opus,celia
./data/macroset/en/clips/celia/common_voice_en_18645535.opus,celia
./data/macroset/en/clips/celia/common_voice_en_18618303.opus,celia
./data/macroset/en/clips/celia/common_voice_en_18697771.opus,celia
./data/macroset/en/clips/celia/common_voice_en_19755694.opus,celia
./data/macroset/en/clips/trade/common_voice_en_19020476.opus,trade
./data/macroset/en/clips/trade/common_voice_en_17777160.opus,trade
./data/macroset/en/clips/trade/common_voice_en_21866259.opus,trade
./data/macroset/en/clips/trade/common_voice_en_17843899.opus,trade
./data/macroset/en/clips/trade/common_voice_en_22404571.opus,trade
./data/macroset/en/clips/reduces/common_voice_en_21268709.opus,reduces
./data/macroset/en/clips/reduces/common_voice_en_621986.opus,reduces
./data/macroset/en/clips/reduces/common_voice_en_43638.opus,reduces
./data/macroset/en/clips/reduces/common_voice_en_483404.opus,reduces
./data/macroset/en/clips/reduces/common_voice_en_20987689.opus,reduces
./data/macroset/en/clips/islamic/common_voice_en_22197542.opus,islamic
./data/macroset/en/clips/islamic/common_voice_en_560633.opus,islamic
./data/macroset/en/clips/islamic/common_voice_en_20080568.opus,islamic
./data/macroset/en/clips/islamic/common_voice_en_21437555.opus,islamic
./data/macroset/en/clips/islamic/common_voice_en_21947202.opus,islamic
./data/macroset/en/clips/hustle/common_voice_en_557022.opus,hustle
./data/macroset/en/clips/hustle/common_voice_en_530118.opus,hustle
./data/macroset/en/clips/hustle/common_voice_en_664181.opus,hustle
./data/macroset/en/clips/hustle/common_voice_en_19748422.opus,hustle
./data/macroset/en/clips/hustle/common_voice_en_163775.opus,hustle
./data/macroset/en/clips/squished/common_voice_en_17277500.opus,squished
./data/macroset/en/clips/squished/common_voice_en_17951910.opus,squished
./data/macroset/en/clips/squished/common_voice_en_17710669.opus,squished
./data/macroset/en/clips/squished/common_voice_en_17376461.opus,squished
./data/macroset/en/clips/squished/common_voice_en_17288551.opus,squished
./data/macroset/en/clips/becoming/common_voice_en_574684.opus,becoming
./data/macroset/en/clips/becoming/common_voice_en_186377.opus,becoming
./data/macroset/en/clips/becoming/common_voice_en_519702.opus,becoming
./data/macroset/en/clips/becoming/common_voice_en_22164357.opus,becoming
./data/macroset/en/clips/becoming/common_voice_en_541708.opus,becoming
./data/macroset/en/clips/early/common_voice_en_1885600.opus,early
./data/macroset/en/clips/early/common_voice_en_684008.opus,early
./data/macroset/en/clips/early/common_voice_en_20983881.opus,early
./data/macroset/en/clips/early/common_voice_en_208589.opus,early
./data/macroset/en/clips/early/common_voice_en_22021183.opus,early
./data/macroset/en/clips/plan/common_voice_en_16118070.opus,plan
./data/macroset/en/clips/plan/common_voice_en_18620159.opus,plan
./data/macroset/en/clips/plan/common_voice_en_19411791.opus,plan
./data/macroset/en/clips/plan/common_voice_en_18671665.opus,plan
./data/macroset/en/clips/plan/common_voice_en_20894740.opus,plan
./data/macroset/en/clips/rail/common_voice_en_116617.opus,rail
./data/macroset/en/clips/rail/common_voice_en_19659916.opus,rail
./data/macroset/en/clips/rail/common_voice_en_19868286.opus,rail
./data/macroset/en/clips/rail/common_voice_en_18851520.opus,rail
./data/macroset/en/clips/rail/common_voice_en_21103336.opus,rail
./data/macroset/en/clips/fry/common_voice_en_253840.opus,fry
./data/macroset/en/clips/fry/common_voice_en_19412136__2.opus,fry
./data/macroset/en/clips/fry/common_voice_en_312994.opus,fry
./data/macroset/en/clips/fry/common_voice_en_20433126.opus,fry
./data/macroset/en/clips/fry/common_voice_en_18092255.opus,fry
./data/macroset/en/clips/byron/common_voice_en_19770319__2.opus,byron
./data/macroset/en/clips/byron/common_voice_en_20145141.opus,byron
./data/macroset/en/clips/byron/common_voice_en_19392939.opus,byron
./data/macroset/en/clips/byron/common_voice_en_20275826.opus,byron
./data/macroset/en/clips/byron/common_voice_en_21806920.opus,byron
./data/macroset/en/clips/numerous/common_voice_en_20277738.opus,numerous
./data/macroset/en/clips/numerous/common_voice_en_19523596.opus,numerous
./data/macroset/en/clips/numerous/common_voice_en_21829735.opus,numerous
./data/macroset/en/clips/numerous/common_voice_en_20792188.opus,numerous
./data/macroset/en/clips/numerous/common_voice_en_22090953.opus,numerous
./data/macroset/en/clips/tap/common_voice_en_502859.opus,tap
./data/macroset/en/clips/tap/common_voice_en_19696583.opus,tap
./data/macroset/en/clips/tap/common_voice_en_30884.opus,tap
./data/macroset/en/clips/tap/common_voice_en_22026560.opus,tap
./data/macroset/en/clips/tap/common_voice_en_19738861.opus,tap
./data/macroset/en/clips/stretches/common_voice_en_20653739.opus,stretches
./data/macroset/en/clips/stretches/common_voice_en_697852.opus,stretches
./data/macroset/en/clips/stretches/common_voice_en_587136.opus,stretches
./data/macroset/en/clips/stretches/common_voice_en_619135.opus,stretches
./data/macroset/en/clips/stretches/common_voice_en_542518.opus,stretches
./data/macroset/en/clips/glow/common_voice_en_598313.opus,glow
./data/macroset/en/clips/glow/common_voice_en_369371.opus,glow
./data/macroset/en/clips/glow/common_voice_en_545760.opus,glow
./data/macroset/en/clips/glow/common_voice_en_18339962.opus,glow
./data/macroset/en/clips/glow/common_voice_en_18164618.opus,glow
./data/macroset/en/clips/exhaust/common_voice_en_21827463.opus,exhaust
./data/macroset/en/clips/exhaust/common_voice_en_506146.opus,exhaust
./data/macroset/en/clips/exhaust/common_voice_en_17808960.opus,exhaust
./data/macroset/en/clips/exhaust/common_voice_en_21128126.opus,exhaust
./data/macroset/en/clips/exhaust/common_voice_en_17690783.opus,exhaust
./data/macroset/en/clips/portable/common_voice_en_20189974.opus,portable
./data/macroset/en/clips/portable/common_voice_en_20827380.opus,portable
./data/macroset/en/clips/portable/common_voice_en_20145539.opus,portable
./data/macroset/en/clips/portable/common_voice_en_84324.opus,portable
./data/macroset/en/clips/portable/common_voice_en_20460542.opus,portable
./data/macroset/en/clips/deficits/common_voice_en_673293.opus,deficits
./data/macroset/en/clips/deficits/common_voice_en_17356022.opus,deficits
./data/macroset/en/clips/deficits/common_voice_en_19150739.opus,deficits
./data/macroset/en/clips/deficits/common_voice_en_19028972.opus,deficits
./data/macroset/en/clips/deficits/common_voice_en_18963308.opus,deficits
./data/macroset/en/clips/leaks/common_voice_en_17807572.opus,leaks
./data/macroset/en/clips/leaks/common_voice_en_617421.opus,leaks
./data/macroset/en/clips/leaks/common_voice_en_17850019.opus,leaks
./data/macroset/en/clips/leaks/common_voice_en_18032201.opus,leaks
./data/macroset/en/clips/leaks/common_voice_en_22149152.opus,leaks
./data/macroset/en/clips/legal/common_voice_en_19673140.opus,legal
./data/macroset/en/clips/legal/common_voice_en_19148746.opus,legal
./data/macroset/en/clips/legal/common_voice_en_19516283.opus,legal
./data/macroset/en/clips/legal/common_voice_en_21721418.opus,legal
./data/macroset/en/clips/legal/common_voice_en_20301168.opus,legal
./data/macroset/en/clips/lighting/common_voice_en_19687698.opus,lighting
./data/macroset/en/clips/lighting/common_voice_en_21753431.opus,lighting
./data/macroset/en/clips/lighting/common_voice_en_19753495.opus,lighting
./data/macroset/en/clips/lighting/common_voice_en_18741384__2.opus,lighting
./data/macroset/en/clips/lighting/common_voice_en_87189.opus,lighting
./data/macroset/en/clips/hip/common_voice_en_19572002.opus,hip
./data/macroset/en/clips/hip/common_voice_en_19355374.opus,hip
./data/macroset/en/clips/hip/common_voice_en_255669.opus,hip
./data/macroset/en/clips/hip/common_voice_en_18767885.opus,hip
./data/macroset/en/clips/hip/common_voice_en_21866140.opus,hip
./data/macroset/en/clips/welfare/common_voice_en_592118.opus,welfare
./data/macroset/en/clips/welfare/common_voice_en_20339619.opus,welfare
./data/macroset/en/clips/welfare/common_voice_en_26392.opus,welfare
./data/macroset/en/clips/welfare/common_voice_en_695383.opus,welfare
./data/macroset/en/clips/welfare/common_voice_en_19460052.opus,welfare
./data/macroset/en/clips/connecticut/common_voice_en_20302462.opus,connecticut
./data/macroset/en/clips/connecticut/common_voice_en_22275551.opus,connecticut
./data/macroset/en/clips/connecticut/common_voice_en_18679416.opus,connecticut
./data/macroset/en/clips/connecticut/common_voice_en_19796152.opus,connecticut
./data/macroset/en/clips/connecticut/common_voice_en_19056474.opus,connecticut
./data/macroset/en/clips/reed/common_voice_en_19673459.opus,reed
./data/macroset/en/clips/reed/common_voice_en_19451143.opus,reed
./data/macroset/en/clips/reed/common_voice_en_20461147.opus,reed
./data/macroset/en/clips/reed/common_voice_en_21729707.opus,reed
./data/macroset/en/clips/reed/common_voice_en_19762146.opus,reed
./data/macroset/en/clips/palestine/common_voice_en_19263528.opus,palestine
./data/macroset/en/clips/palestine/common_voice_en_21306779.opus,palestine
./data/macroset/en/clips/palestine/common_voice_en_527000.opus,palestine
./data/macroset/en/clips/palestine/common_voice_en_19813788.opus,palestine
./data/macroset/en/clips/palestine/common_voice_en_20027394.opus,palestine
./data/macroset/en/clips/depends/common_voice_en_481491.opus,depends
./data/macroset/en/clips/depends/common_voice_en_17693280__2.opus,depends
./data/macroset/en/clips/depends/common_voice_en_17432950.opus,depends
./data/macroset/en/clips/depends/common_voice_en_18857531.opus,depends
./data/macroset/en/clips/depends/common_voice_en_19358867.opus,depends
./data/macroset/en/clips/swamp/common_voice_en_21875906.opus,swamp
./data/macroset/en/clips/swamp/common_voice_en_19534202.opus,swamp
./data/macroset/en/clips/swamp/common_voice_en_22185789.opus,swamp
./data/macroset/en/clips/swamp/common_voice_en_20885574.opus,swamp
./data/macroset/en/clips/swamp/common_voice_en_18834896.opus,swamp
./data/macroset/en/clips/attic/common_voice_en_17863868.opus,attic
./data/macroset/en/clips/attic/common_voice_en_499428.opus,attic
./data/macroset/en/clips/attic/common_voice_en_600006.opus,attic
./data/macroset/en/clips/attic/common_voice_en_17420251.opus,attic
./data/macroset/en/clips/attic/common_voice_en_17556245.opus,attic
./data/macroset/en/clips/weekends/common_voice_en_586922.opus,weekends
./data/macroset/en/clips/weekends/common_voice_en_665937.opus,weekends
./data/macroset/en/clips/weekends/common_voice_en_686033.opus,weekends
./data/macroset/en/clips/weekends/common_voice_en_21877525.opus,weekends
./data/macroset/en/clips/weekends/common_voice_en_20268235.opus,weekends
./data/macroset/en/clips/salty/common_voice_en_19359144.opus,salty
./data/macroset/en/clips/salty/common_voice_en_19062073.opus,salty
./data/macroset/en/clips/salty/common_voice_en_21364993.opus,salty
./data/macroset/en/clips/salty/common_voice_en_18049834.opus,salty
./data/macroset/en/clips/salty/common_voice_en_18101419.opus,salty
./data/macroset/en/clips/sufferer/common_voice_en_17147351.opus,sufferer
./data/macroset/en/clips/sufferer/common_voice_en_159698.opus,sufferer
./data/macroset/en/clips/sufferer/common_voice_en_171487.opus,sufferer
./data/macroset/en/clips/sufferer/common_voice_en_570867.opus,sufferer
./data/macroset/en/clips/sufferer/common_voice_en_526761.opus,sufferer
./data/macroset/en/clips/backpack/common_voice_en_213433.opus,backpack
./data/macroset/en/clips/backpack/common_voice_en_156388.opus,backpack
./data/macroset/en/clips/backpack/common_voice_en_492141.opus,backpack
./data/macroset/en/clips/backpack/common_voice_en_22237577.opus,backpack
./data/macroset/en/clips/backpack/common_voice_en_594379.opus,backpack
./data/macroset/en/clips/neural/common_voice_en_617622.opus,neural
./data/macroset/en/clips/neural/common_voice_en_18644689.opus,neural
./data/macroset/en/clips/neural/common_voice_en_18534467.opus,neural
./data/macroset/en/clips/neural/common_voice_en_19727122.opus,neural
./data/macroset/en/clips/neural/common_voice_en_20582044.opus,neural
./data/macroset/en/clips/visual/common_voice_en_19749897.opus,visual
./data/macroset/en/clips/visual/common_voice_en_21681499.opus,visual
./data/macroset/en/clips/visual/common_voice_en_20885310.opus,visual
./data/macroset/en/clips/visual/common_voice_en_21843266.opus,visual
./data/macroset/en/clips/visual/common_voice_en_20283732.opus,visual
./data/macroset/en/clips/randolph/common_voice_en_19100310.opus,randolph
./data/macroset/en/clips/randolph/common_voice_en_19591518.opus,randolph
./data/macroset/en/clips/randolph/common_voice_en_21096356.opus,randolph
./data/macroset/en/clips/randolph/common_voice_en_22324432.opus,randolph
./data/macroset/en/clips/randolph/common_voice_en_21563812.opus,randolph
./data/macroset/en/clips/aboard/common_voice_en_19700607.opus,aboard
./data/macroset/en/clips/aboard/common_voice_en_22193450.opus,aboard
./data/macroset/en/clips/aboard/common_voice_en_20870766.opus,aboard
./data/macroset/en/clips/aboard/common_voice_en_18934485.opus,aboard
./data/macroset/en/clips/aboard/common_voice_en_19780366.opus,aboard
./data/macroset/en/clips/collection/common_voice_en_19468116.opus,collection
./data/macroset/en/clips/collection/common_voice_en_19953388.opus,collection
./data/macroset/en/clips/collection/common_voice_en_18510333.opus,collection
./data/macroset/en/clips/collection/common_voice_en_533564.opus,collection
./data/macroset/en/clips/collection/common_voice_en_20601463.opus,collection
./data/macroset/en/clips/beats/common_voice_en_21476716.opus,beats
./data/macroset/en/clips/beats/common_voice_en_34347.opus,beats
./data/macroset/en/clips/beats/common_voice_en_21181034.opus,beats
./data/macroset/en/clips/beats/common_voice_en_76715.opus,beats
./data/macroset/en/clips/beats/common_voice_en_22463892.opus,beats
./data/macroset/en/clips/chuck/common_voice_en_20645304.opus,chuck
./data/macroset/en/clips/chuck/common_voice_en_20523110.opus,chuck
./data/macroset/en/clips/chuck/common_voice_en_18876241.opus,chuck
./data/macroset/en/clips/chuck/common_voice_en_20039064.opus,chuck
./data/macroset/en/clips/chuck/common_voice_en_20577569.opus,chuck
./data/macroset/en/clips/specialized/common_voice_en_19611598.opus,specialized
./data/macroset/en/clips/specialized/common_voice_en_18276309.opus,specialized
./data/macroset/en/clips/specialized/common_voice_en_20719162.opus,specialized
./data/macroset/en/clips/specialized/common_voice_en_18337198.opus,specialized
./data/macroset/en/clips/specialized/common_voice_en_605946.opus,specialized
./data/macroset/en/clips/internet/common_voice_en_17851516.opus,internet
./data/macroset/en/clips/internet/common_voice_en_150301.opus,internet
./data/macroset/en/clips/internet/common_voice_en_21743420.opus,internet
./data/macroset/en/clips/internet/common_voice_en_17990187.opus,internet
./data/macroset/en/clips/internet/common_voice_en_18164333.opus,internet
./data/macroset/en/clips/flaw/common_voice_en_6234048.opus,flaw
./data/macroset/en/clips/flaw/common_voice_en_20064726.opus,flaw
./data/macroset/en/clips/flaw/common_voice_en_646749.opus,flaw
./data/macroset/en/clips/flaw/common_voice_en_20103804.opus,flaw
./data/macroset/en/clips/flaw/common_voice_en_652076.opus,flaw
./data/macroset/en/clips/donald/common_voice_en_20912667.opus,donald
./data/macroset/en/clips/donald/common_voice_en_20240828.opus,donald
./data/macroset/en/clips/donald/common_voice_en_17411291.opus,donald
./data/macroset/en/clips/donald/common_voice_en_198515.opus,donald
./data/macroset/en/clips/donald/common_voice_en_19926.opus,donald
./data/macroset/en/clips/addictive/common_voice_en_17333362.opus,addictive
./data/macroset/en/clips/addictive/common_voice_en_17689197.opus,addictive
./data/macroset/en/clips/addictive/common_voice_en_2354573.opus,addictive
./data/macroset/en/clips/addictive/common_voice_en_693297.opus,addictive
./data/macroset/en/clips/addictive/common_voice_en_19635992.opus,addictive
./data/macroset/en/clips/dynasty/common_voice_en_22184375.opus,dynasty
./data/macroset/en/clips/dynasty/common_voice_en_19697278.opus,dynasty
./data/macroset/en/clips/dynasty/common_voice_en_22038700.opus,dynasty
./data/macroset/en/clips/dynasty/common_voice_en_21712997.opus,dynasty
./data/macroset/en/clips/dynasty/common_voice_en_22128717.opus,dynasty
./data/macroset/en/clips/sounded/common_voice_en_685919.opus,sounded
./data/macroset/en/clips/sounded/common_voice_en_612436.opus,sounded
./data/macroset/en/clips/sounded/common_voice_en_197606.opus,sounded
./data/macroset/en/clips/sounded/common_voice_en_676910.opus,sounded
./data/macroset/en/clips/sounded/common_voice_en_87958.opus,sounded
./data/macroset/en/clips/resembling/common_voice_en_17888058.opus,resembling
./data/macroset/en/clips/resembling/common_voice_en_17723054.opus,resembling
./data/macroset/en/clips/resembling/common_voice_en_486162.opus,resembling
./data/macroset/en/clips/resembling/common_voice_en_17948909.opus,resembling
./data/macroset/en/clips/resembling/common_voice_en_21790640.opus,resembling
./data/macroset/en/clips/amendment/common_voice_en_20132318.opus,amendment
./data/macroset/en/clips/amendment/common_voice_en_20719146.opus,amendment
./data/macroset/en/clips/amendment/common_voice_en_21795955.opus,amendment
./data/macroset/en/clips/amendment/common_voice_en_20174281.opus,amendment
./data/macroset/en/clips/amendment/common_voice_en_19721236.opus,amendment
./data/macroset/en/clips/medley/common_voice_en_17343868.opus,medley
./data/macroset/en/clips/medley/common_voice_en_600074.opus,medley
./data/macroset/en/clips/medley/common_voice_en_20455716.opus,medley
./data/macroset/en/clips/medley/common_voice_en_17343921.opus,medley
./data/macroset/en/clips/medley/common_voice_en_19005341.opus,medley
./data/macroset/en/clips/unsuccessful/common_voice_en_680933.opus,unsuccessful
./data/macroset/en/clips/unsuccessful/common_voice_en_166476.opus,unsuccessful
./data/macroset/en/clips/unsuccessful/common_voice_en_634695.opus,unsuccessful
./data/macroset/en/clips/unsuccessful/common_voice_en_20328975.opus,unsuccessful
./data/macroset/en/clips/unsuccessful/common_voice_en_184397.opus,unsuccessful
./data/macroset/en/clips/sorcerers/common_voice_en_483006.opus,sorcerers
./data/macroset/en/clips/sorcerers/common_voice_en_608813.opus,sorcerers
./data/macroset/en/clips/sorcerers/common_voice_en_561416.opus,sorcerers
./data/macroset/en/clips/sorcerers/common_voice_en_559942.opus,sorcerers
./data/macroset/en/clips/sorcerers/common_voice_en_623081.opus,sorcerers
./data/macroset/en/clips/crash/common_voice_en_17954358.opus,crash
./data/macroset/en/clips/crash/common_voice_en_506639.opus,crash
./data/macroset/en/clips/crash/common_voice_en_19965517.opus,crash
./data/macroset/en/clips/crash/common_voice_en_19768729.opus,crash
./data/macroset/en/clips/crash/common_voice_en_580552.opus,crash
./data/macroset/en/clips/preservation/common_voice_en_21642066.opus,preservation
./data/macroset/en/clips/preservation/common_voice_en_20414395.opus,preservation
./data/macroset/en/clips/preservation/common_voice_en_19422822.opus,preservation
./data/macroset/en/clips/preservation/common_voice_en_19345703.opus,preservation
./data/macroset/en/clips/preservation/common_voice_en_19497286.opus,preservation
./data/macroset/en/clips/catches/common_voice_en_519119.opus,catches
./data/macroset/en/clips/catches/common_voice_en_218510.opus,catches
./data/macroset/en/clips/catches/common_voice_en_18130784.opus,catches
./data/macroset/en/clips/catches/common_voice_en_564023.opus,catches
./data/macroset/en/clips/catches/common_voice_en_20322582.opus,catches
./data/macroset/en/clips/simplified/common_voice_en_19813894.opus,simplified
./data/macroset/en/clips/simplified/common_voice_en_20068859.opus,simplified
./data/macroset/en/clips/simplified/common_voice_en_22410486.opus,simplified
./data/macroset/en/clips/simplified/common_voice_en_18991374.opus,simplified
./data/macroset/en/clips/simplified/common_voice_en_19376615.opus,simplified
./data/macroset/en/clips/charter/common_voice_en_21702994.opus,charter
./data/macroset/en/clips/charter/common_voice_en_20224494.opus,charter
./data/macroset/en/clips/charter/common_voice_en_22413676.opus,charter
./data/macroset/en/clips/charter/common_voice_en_21872138.opus,charter
./data/macroset/en/clips/charter/common_voice_en_22010452__2.opus,charter
./data/macroset/en/clips/pop/common_voice_en_20045135.opus,pop
./data/macroset/en/clips/pop/common_voice_en_18724414.opus,pop
./data/macroset/en/clips/pop/common_voice_en_493880.opus,pop
./data/macroset/en/clips/pop/common_voice_en_20346941.opus,pop
./data/macroset/en/clips/pop/common_voice_en_19777494.opus,pop
./data/macroset/en/clips/trunk/common_voice_en_18096865.opus,trunk
./data/macroset/en/clips/trunk/common_voice_en_18144289.opus,trunk
./data/macroset/en/clips/trunk/common_voice_en_17779743.opus,trunk
./data/macroset/en/clips/trunk/common_voice_en_19912147.opus,trunk
./data/macroset/en/clips/trunk/common_voice_en_20650689.opus,trunk
./data/macroset/en/clips/pray/common_voice_en_660337.opus,pray
./data/macroset/en/clips/pray/common_voice_en_17264197.opus,pray
./data/macroset/en/clips/pray/common_voice_en_17927050.opus,pray
./data/macroset/en/clips/pray/common_voice_en_664338.opus,pray
./data/macroset/en/clips/pray/common_voice_en_17520305.opus,pray
./data/macroset/en/clips/dismantled/common_voice_en_507278.opus,dismantled
./data/macroset/en/clips/dismantled/common_voice_en_641196.opus,dismantled
./data/macroset/en/clips/dismantled/common_voice_en_559602.opus,dismantled
./data/macroset/en/clips/dismantled/common_voice_en_486830.opus,dismantled
./data/macroset/en/clips/dismantled/common_voice_en_674466.opus,dismantled
./data/macroset/en/clips/evade/common_voice_en_418227.opus,evade
./data/macroset/en/clips/evade/common_voice_en_17825295.opus,evade
./data/macroset/en/clips/evade/common_voice_en_17288796.opus,evade
./data/macroset/en/clips/evade/common_voice_en_17257517.opus,evade
./data/macroset/en/clips/evade/common_voice_en_17807551.opus,evade
./data/macroset/en/clips/demonstrating/common_voice_en_51092.opus,demonstrating
./data/macroset/en/clips/demonstrating/common_voice_en_207720.opus,demonstrating
./data/macroset/en/clips/demonstrating/common_voice_en_700489.opus,demonstrating
./data/macroset/en/clips/demonstrating/common_voice_en_564408.opus,demonstrating
./data/macroset/en/clips/demonstrating/common_voice_en_695662.opus,demonstrating
./data/macroset/en/clips/confused/common_voice_en_20110975.opus,confused
./data/macroset/en/clips/confused/common_voice_en_428209.opus,confused
./data/macroset/en/clips/confused/common_voice_en_18847911.opus,confused
./data/macroset/en/clips/confused/common_voice_en_19959584.opus,confused
./data/macroset/en/clips/confused/common_voice_en_21794529.opus,confused
./data/macroset/en/clips/caps/common_voice_en_18729496.opus,caps
./data/macroset/en/clips/caps/common_voice_en_19628973.opus,caps
./data/macroset/en/clips/caps/common_voice_en_20753887.opus,caps
./data/macroset/en/clips/caps/common_voice_en_22307952.opus,caps
./data/macroset/en/clips/caps/common_voice_en_501185.opus,caps
./data/macroset/en/clips/oversized/common_voice_en_17433357.opus,oversized
./data/macroset/en/clips/oversized/common_voice_en_17725361.opus,oversized
./data/macroset/en/clips/oversized/common_voice_en_17268847.opus,oversized
./data/macroset/en/clips/oversized/common_voice_en_18016435.opus,oversized
./data/macroset/en/clips/oversized/common_voice_en_17806011.opus,oversized
./data/macroset/en/clips/commune/common_voice_en_20183967.opus,commune
./data/macroset/en/clips/commune/common_voice_en_21348005.opus,commune
./data/macroset/en/clips/commune/common_voice_en_22184393.opus,commune
./data/macroset/en/clips/commune/common_voice_en_19823706.opus,commune
./data/macroset/en/clips/commune/common_voice_en_22301969.opus,commune
./data/macroset/en/clips/cavity/common_voice_en_17736192.opus,cavity
./data/macroset/en/clips/cavity/common_voice_en_20052077__2.opus,cavity
./data/macroset/en/clips/cavity/common_voice_en_17400337.opus,cavity
./data/macroset/en/clips/cavity/common_voice_en_17364372.opus,cavity
./data/macroset/en/clips/cavity/common_voice_en_17373179.opus,cavity
./data/macroset/en/clips/behaviour/common_voice_en_20381887.opus,behaviour
./data/macroset/en/clips/behaviour/common_voice_en_488322.opus,behaviour
./data/macroset/en/clips/behaviour/common_voice_en_20183010.opus,behaviour
./data/macroset/en/clips/behaviour/common_voice_en_20984375.opus,behaviour
./data/macroset/en/clips/behaviour/common_voice_en_21102358.opus,behaviour
./data/macroset/en/clips/intervened/common_voice_en_514941.opus,intervened
./data/macroset/en/clips/intervened/common_voice_en_429852.opus,intervened
./data/macroset/en/clips/intervened/common_voice_en_21533928.opus,intervened
./data/macroset/en/clips/intervened/common_voice_en_652912.opus,intervened
./data/macroset/en/clips/intervened/common_voice_en_18674005.opus,intervened
./data/macroset/en/clips/characterized/common_voice_en_22428148.opus,characterized
./data/macroset/en/clips/characterized/common_voice_en_21777066.opus,characterized
./data/macroset/en/clips/characterized/common_voice_en_19608763.opus,characterized
./data/macroset/en/clips/characterized/common_voice_en_19231933.opus,characterized
./data/macroset/en/clips/characterized/common_voice_en_19570705.opus,characterized
./data/macroset/en/clips/hatred/common_voice_en_20511100.opus,hatred
./data/macroset/en/clips/hatred/common_voice_en_19870320.opus,hatred
./data/macroset/en/clips/hatred/common_voice_en_17450537.opus,hatred
./data/macroset/en/clips/hatred/common_voice_en_18336481.opus,hatred
./data/macroset/en/clips/hatred/common_voice_en_17957429.opus,hatred
./data/macroset/en/clips/girl/common_voice_en_25465.opus,girl
./data/macroset/en/clips/girl/common_voice_en_147567.opus,girl
./data/macroset/en/clips/girl/common_voice_en_20483793.opus,girl
./data/macroset/en/clips/girl/common_voice_en_58566.opus,girl
./data/macroset/en/clips/girl/common_voice_en_26856.opus,girl
./data/macroset/en/clips/cracked/common_voice_en_18101077.opus,cracked
./data/macroset/en/clips/cracked/common_voice_en_22383872.opus,cracked
./data/macroset/en/clips/cracked/common_voice_en_13813721.opus,cracked
./data/macroset/en/clips/cracked/common_voice_en_619732.opus,cracked
./data/macroset/en/clips/cracked/common_voice_en_688006.opus,cracked
./data/macroset/en/clips/resign/common_voice_en_18713686.opus,resign
./data/macroset/en/clips/resign/common_voice_en_19963790.opus,resign
./data/macroset/en/clips/resign/common_voice_en_20019767.opus,resign
./data/macroset/en/clips/resign/common_voice_en_19841417.opus,resign
./data/macroset/en/clips/resign/common_voice_en_19291064.opus,resign
./data/macroset/en/clips/pierre/common_voice_en_21874615.opus,pierre
./data/macroset/en/clips/pierre/common_voice_en_18315712.opus,pierre
./data/macroset/en/clips/pierre/common_voice_en_18349272.opus,pierre
./data/macroset/en/clips/pierre/common_voice_en_191650.opus,pierre
./data/macroset/en/clips/pierre/common_voice_en_94423.opus,pierre
./data/macroset/en/clips/morphine/common_voice_en_17887346.opus,morphine
./data/macroset/en/clips/morphine/common_voice_en_20974294.opus,morphine
./data/macroset/en/clips/morphine/common_voice_en_19789249.opus,morphine
./data/macroset/en/clips/morphine/common_voice_en_17461339.opus,morphine
./data/macroset/en/clips/morphine/common_voice_en_11820760.opus,morphine
./data/macroset/en/clips/gorge/common_voice_en_18945599.opus,gorge
./data/macroset/en/clips/gorge/common_voice_en_19289216.opus,gorge
./data/macroset/en/clips/gorge/common_voice_en_21940662__2.opus,gorge
./data/macroset/en/clips/gorge/common_voice_en_20030228.opus,gorge
./data/macroset/en/clips/gorge/common_voice_en_19853481.opus,gorge
./data/macroset/en/clips/fund/common_voice_en_19509655.opus,fund
./data/macroset/en/clips/fund/common_voice_en_6779616.opus,fund
./data/macroset/en/clips/fund/common_voice_en_19606154.opus,fund
./data/macroset/en/clips/fund/common_voice_en_18986810.opus,fund
./data/macroset/en/clips/fund/common_voice_en_21481365.opus,fund
./data/macroset/en/clips/styled/common_voice_en_19917400.opus,styled
./data/macroset/en/clips/styled/common_voice_en_501025.opus,styled
./data/macroset/en/clips/styled/common_voice_en_22471030.opus,styled
./data/macroset/en/clips/styled/common_voice_en_18835057.opus,styled
./data/macroset/en/clips/styled/common_voice_en_19671815.opus,styled
./data/macroset/en/clips/recent/common_voice_en_19950039.opus,recent
./data/macroset/en/clips/recent/common_voice_en_18792292.opus,recent
./data/macroset/en/clips/recent/common_voice_en_19960748.opus,recent
./data/macroset/en/clips/recent/common_voice_en_20785823.opus,recent
./data/macroset/en/clips/recent/common_voice_en_20117681.opus,recent
./data/macroset/en/clips/wetlands/common_voice_en_18869797.opus,wetlands
./data/macroset/en/clips/wetlands/common_voice_en_18800310.opus,wetlands
./data/macroset/en/clips/wetlands/common_voice_en_19831626.opus,wetlands
./data/macroset/en/clips/wetlands/common_voice_en_19528297.opus,wetlands
./data/macroset/en/clips/wetlands/common_voice_en_20454671.opus,wetlands
./data/macroset/en/clips/metallic/common_voice_en_19532069.opus,metallic
./data/macroset/en/clips/metallic/common_voice_en_21950781.opus,metallic
./data/macroset/en/clips/metallic/common_voice_en_22095370.opus,metallic
./data/macroset/en/clips/metallic/common_voice_en_21271352.opus,metallic
./data/macroset/en/clips/metallic/common_voice_en_21505377.opus,metallic
./data/macroset/en/clips/ramps/common_voice_en_20314615.opus,ramps
./data/macroset/en/clips/ramps/common_voice_en_19366721.opus,ramps
./data/macroset/en/clips/ramps/common_voice_en_20008297.opus,ramps
./data/macroset/en/clips/ramps/common_voice_en_22384746.opus,ramps
./data/macroset/en/clips/ramps/common_voice_en_20145590.opus,ramps
./data/macroset/en/clips/throwing/common_voice_en_94632.opus,throwing
./data/macroset/en/clips/throwing/common_voice_en_156464.opus,throwing
./data/macroset/en/clips/throwing/common_voice_en_546887.opus,throwing
./data/macroset/en/clips/throwing/common_voice_en_18673637.opus,throwing
./data/macroset/en/clips/throwing/common_voice_en_502251.opus,throwing
./data/macroset/en/clips/ultimatum/common_voice_en_42171.opus,ultimatum
./data/macroset/en/clips/ultimatum/common_voice_en_18836259.opus,ultimatum
./data/macroset/en/clips/ultimatum/common_voice_en_18754875.opus,ultimatum
./data/macroset/en/clips/ultimatum/common_voice_en_133617.opus,ultimatum
./data/macroset/en/clips/ultimatum/common_voice_en_476616.opus,ultimatum
./data/macroset/en/clips/bible/common_voice_en_20008927.opus,bible
./data/macroset/en/clips/bible/common_voice_en_20324821.opus,bible
./data/macroset/en/clips/bible/common_voice_en_20162891.opus,bible
./data/macroset/en/clips/bible/common_voice_en_19863206.opus,bible
./data/macroset/en/clips/bible/common_voice_en_22042846.opus,bible
./data/macroset/en/clips/boys/common_voice_en_21333635.opus,boys
./data/macroset/en/clips/boys/common_voice_en_18433616.opus,boys
./data/macroset/en/clips/boys/common_voice_en_116791.opus,boys
./data/macroset/en/clips/boys/common_voice_en_62756.opus,boys
./data/macroset/en/clips/boys/common_voice_en_20834334.opus,boys
./data/macroset/en/clips/despicable/common_voice_en_477838.opus,despicable
./data/macroset/en/clips/despicable/common_voice_en_144112.opus,despicable
./data/macroset/en/clips/despicable/common_voice_en_655053.opus,despicable
./data/macroset/en/clips/despicable/common_voice_en_147698.opus,despicable
./data/macroset/en/clips/despicable/common_voice_en_699457.opus,despicable
./data/macroset/en/clips/instant/common_voice_en_18087433.opus,instant
./data/macroset/en/clips/instant/common_voice_en_18348139.opus,instant
./data/macroset/en/clips/instant/common_voice_en_18340008.opus,instant
./data/macroset/en/clips/instant/common_voice_en_18489851.opus,instant
./data/macroset/en/clips/instant/common_voice_en_20559527.opus,instant
./data/macroset/en/clips/franz/common_voice_en_20960130.opus,franz
./data/macroset/en/clips/franz/common_voice_en_19786193.opus,franz
./data/macroset/en/clips/franz/common_voice_en_21504930.opus,franz
./data/macroset/en/clips/franz/common_voice_en_20172887.opus,franz
./data/macroset/en/clips/franz/common_voice_en_21161897.opus,franz
./data/macroset/en/clips/probability/common_voice_en_20880398.opus,probability
./data/macroset/en/clips/probability/common_voice_en_19893060.opus,probability
./data/macroset/en/clips/probability/common_voice_en_19463907.opus,probability
./data/macroset/en/clips/probability/common_voice_en_19725412.opus,probability
./data/macroset/en/clips/probability/common_voice_en_20322336.opus,probability
./data/macroset/en/clips/naval/common_voice_en_21225019.opus,naval
./data/macroset/en/clips/naval/common_voice_en_20139863.opus,naval
./data/macroset/en/clips/naval/common_voice_en_20797993.opus,naval
./data/macroset/en/clips/naval/common_voice_en_21375232.opus,naval
./data/macroset/en/clips/naval/common_voice_en_19976741.opus,naval
./data/macroset/en/clips/abundant/common_voice_en_19671420.opus,abundant
./data/macroset/en/clips/abundant/common_voice_en_19810416.opus,abundant
./data/macroset/en/clips/abundant/common_voice_en_19204139.opus,abundant
./data/macroset/en/clips/abundant/common_voice_en_18898174.opus,abundant
./data/macroset/en/clips/abundant/common_voice_en_21703559.opus,abundant
./data/macroset/en/clips/dinosaur/common_voice_en_18330529.opus,dinosaur
./data/macroset/en/clips/dinosaur/common_voice_en_514926.opus,dinosaur
./data/macroset/en/clips/dinosaur/common_voice_en_545886.opus,dinosaur
./data/macroset/en/clips/dinosaur/common_voice_en_575184.opus,dinosaur
./data/macroset/en/clips/dinosaur/common_voice_en_18448966.opus,dinosaur
./data/macroset/en/clips/scholarly/common_voice_en_20880084.opus,scholarly
./data/macroset/en/clips/scholarly/common_voice_en_22173230.opus,scholarly
./data/macroset/en/clips/scholarly/common_voice_en_21862389.opus,scholarly
./data/macroset/en/clips/scholarly/common_voice_en_20139852.opus,scholarly
./data/macroset/en/clips/scholarly/common_voice_en_19660152.opus,scholarly
./data/macroset/en/clips/commissions/common_voice_en_19887405.opus,commissions
./data/macroset/en/clips/commissions/common_voice_en_19751481.opus,commissions
./data/macroset/en/clips/commissions/common_voice_en_20090610.opus,commissions
./data/macroset/en/clips/commissions/common_voice_en_19368715.opus,commissions
./data/macroset/en/clips/commissions/common_voice_en_20969186.opus,commissions
./data/macroset/en/clips/tri/common_voice_en_21567475.opus,tri
./data/macroset/en/clips/tri/common_voice_en_20235661.opus,tri
./data/macroset/en/clips/tri/common_voice_en_18897908.opus,tri
./data/macroset/en/clips/tri/common_voice_en_20186483.opus,tri
./data/macroset/en/clips/tri/common_voice_en_22066662.opus,tri
./data/macroset/en/clips/piedmont/common_voice_en_21914599.opus,piedmont
./data/macroset/en/clips/piedmont/common_voice_en_21408333.opus,piedmont
./data/macroset/en/clips/piedmont/common_voice_en_20990203.opus,piedmont
./data/macroset/en/clips/piedmont/common_voice_en_18946261.opus,piedmont
./data/macroset/en/clips/piedmont/common_voice_en_22298168.opus,piedmont
./data/macroset/en/clips/promotions/common_voice_en_19026884.opus,promotions
./data/macroset/en/clips/promotions/common_voice_en_696626.opus,promotions
./data/macroset/en/clips/promotions/common_voice_en_19467412.opus,promotions
./data/macroset/en/clips/promotions/common_voice_en_22304666.opus,promotions
./data/macroset/en/clips/promotions/common_voice_en_19982934.opus,promotions
./data/macroset/en/clips/voluntary/common_voice_en_19263426.opus,voluntary
./data/macroset/en/clips/voluntary/common_voice_en_19594686.opus,voluntary
./data/macroset/en/clips/voluntary/common_voice_en_20298391.opus,voluntary
./data/macroset/en/clips/voluntary/common_voice_en_19763407.opus,voluntary
./data/macroset/en/clips/voluntary/common_voice_en_20246132.opus,voluntary
./data/macroset/en/clips/today/common_voice_en_482977.opus,today
./data/macroset/en/clips/today/common_voice_en_20966171.opus,today
./data/macroset/en/clips/today/common_voice_en_221504.opus,today
./data/macroset/en/clips/today/common_voice_en_670718.opus,today
./data/macroset/en/clips/today/common_voice_en_18713044.opus,today
./data/macroset/en/clips/told/common_voice_en_607008.opus,told
./data/macroset/en/clips/told/common_voice_en_8738.opus,told
./data/macroset/en/clips/told/common_voice_en_82646.opus,told
./data/macroset/en/clips/told/common_voice_en_508968.opus,told
./data/macroset/en/clips/told/common_voice_en_18496088.opus,told
./data/macroset/en/clips/gardeners/common_voice_en_17708138.opus,gardeners
./data/macroset/en/clips/gardeners/common_voice_en_17926382.opus,gardeners
./data/macroset/en/clips/gardeners/common_voice_en_21094016.opus,gardeners
./data/macroset/en/clips/gardeners/common_voice_en_19623717.opus,gardeners
./data/macroset/en/clips/gardeners/common_voice_en_18512351.opus,gardeners
./data/macroset/en/clips/soviet/common_voice_en_21575855.opus,soviet
./data/macroset/en/clips/soviet/common_voice_en_21931330.opus,soviet
./data/macroset/en/clips/soviet/common_voice_en_20079717.opus,soviet
./data/macroset/en/clips/soviet/common_voice_en_19476673.opus,soviet
./data/macroset/en/clips/soviet/common_voice_en_21385612.opus,soviet
./data/macroset/en/clips/bundle/common_voice_en_37688.opus,bundle
./data/macroset/en/clips/bundle/common_voice_en_606391.opus,bundle
./data/macroset/en/clips/bundle/common_voice_en_665176.opus,bundle
./data/macroset/en/clips/bundle/common_voice_en_654031.opus,bundle
./data/macroset/en/clips/bundle/common_voice_en_19850601__2.opus,bundle
./data/macroset/en/clips/criminals/common_voice_en_521290.opus,criminals
./data/macroset/en/clips/criminals/common_voice_en_55738.opus,criminals
./data/macroset/en/clips/criminals/common_voice_en_17284408.opus,criminals
./data/macroset/en/clips/criminals/common_voice_en_28946.opus,criminals
./data/macroset/en/clips/criminals/common_voice_en_70333.opus,criminals
./data/macroset/en/clips/seizing/common_voice_en_27301.opus,seizing
./data/macroset/en/clips/seizing/common_voice_en_54540.opus,seizing
./data/macroset/en/clips/seizing/common_voice_en_563141.opus,seizing
./data/macroset/en/clips/seizing/common_voice_en_62359.opus,seizing
./data/macroset/en/clips/seizing/common_voice_en_90390.opus,seizing
./data/macroset/en/clips/restores/common_voice_en_19476660.opus,restores
./data/macroset/en/clips/restores/common_voice_en_18164018.opus,restores
./data/macroset/en/clips/restores/common_voice_en_18229828.opus,restores
./data/macroset/en/clips/restores/common_voice_en_18139499.opus,restores
./data/macroset/en/clips/restores/common_voice_en_18211253.opus,restores
./data/macroset/en/clips/blown/common_voice_en_684162.opus,blown
./data/macroset/en/clips/blown/common_voice_en_563217.opus,blown
./data/macroset/en/clips/blown/common_voice_en_162950.opus,blown
./data/macroset/en/clips/blown/common_voice_en_169273.opus,blown
./data/macroset/en/clips/blown/common_voice_en_487647.opus,blown
./data/macroset/en/clips/haven/common_voice_en_21338049.opus,haven
./data/macroset/en/clips/haven/common_voice_en_19453586.opus,haven
./data/macroset/en/clips/haven/common_voice_en_18783151.opus,haven
./data/macroset/en/clips/haven/common_voice_en_20583538.opus,haven
./data/macroset/en/clips/haven/common_voice_en_22162948.opus,haven
./data/macroset/en/clips/hill/common_voice_en_19588262.opus,hill
./data/macroset/en/clips/hill/common_voice_en_538795.opus,hill
./data/macroset/en/clips/hill/common_voice_en_19843871.opus,hill
./data/macroset/en/clips/hill/common_voice_en_156277.opus,hill
./data/macroset/en/clips/hill/common_voice_en_558395.opus,hill
./data/macroset/en/clips/clue/common_voice_en_522468.opus,clue
./data/macroset/en/clips/clue/common_voice_en_658209.opus,clue
./data/macroset/en/clips/clue/common_voice_en_19532149.opus,clue
./data/macroset/en/clips/clue/common_voice_en_676975.opus,clue
./data/macroset/en/clips/clue/common_voice_en_196331.opus,clue
./data/macroset/en/clips/free/common_voice_en_537654.opus,free
./data/macroset/en/clips/free/common_voice_en_21782724.opus,free
./data/macroset/en/clips/free/common_voice_en_20837448.opus,free
./data/macroset/en/clips/free/common_voice_en_18345510.opus,free
./data/macroset/en/clips/free/common_voice_en_18135249.opus,free
./data/macroset/en/clips/plaza/common_voice_en_535068.opus,plaza
./data/macroset/en/clips/plaza/common_voice_en_500231.opus,plaza
./data/macroset/en/clips/plaza/common_voice_en_88023.opus,plaza
./data/macroset/en/clips/plaza/common_voice_en_586136.opus,plaza
./data/macroset/en/clips/plaza/common_voice_en_20243613.opus,plaza
./data/macroset/en/clips/dubbed/common_voice_en_18691953.opus,dubbed
./data/macroset/en/clips/dubbed/common_voice_en_19137814.opus,dubbed
./data/macroset/en/clips/dubbed/common_voice_en_20339900.opus,dubbed
./data/macroset/en/clips/dubbed/common_voice_en_19948894.opus,dubbed
./data/macroset/en/clips/dubbed/common_voice_en_19814039.opus,dubbed
./data/macroset/en/clips/sewer/common_voice_en_20952735.opus,sewer
./data/macroset/en/clips/sewer/common_voice_en_21102220.opus,sewer
./data/macroset/en/clips/sewer/common_voice_en_18598287.opus,sewer
./data/macroset/en/clips/sewer/common_voice_en_22178303.opus,sewer
./data/macroset/en/clips/sewer/common_voice_en_19820237.opus,sewer
./data/macroset/en/clips/marilyn/common_voice_en_20048512.opus,marilyn
./data/macroset/en/clips/marilyn/common_voice_en_21771088.opus,marilyn
./data/macroset/en/clips/marilyn/common_voice_en_18142240.opus,marilyn
./data/macroset/en/clips/marilyn/common_voice_en_17959092.opus,marilyn
./data/macroset/en/clips/marilyn/common_voice_en_18052550.opus,marilyn
./data/macroset/en/clips/rapper/common_voice_en_20955329.opus,rapper
./data/macroset/en/clips/rapper/common_voice_en_503895.opus,rapper
./data/macroset/en/clips/rapper/common_voice_en_21105740.opus,rapper
./data/macroset/en/clips/rapper/common_voice_en_19725189.opus,rapper
./data/macroset/en/clips/rapper/common_voice_en_18488178.opus,rapper
./data/macroset/en/clips/glasgow/common_voice_en_649663.opus,glasgow
./data/macroset/en/clips/glasgow/common_voice_en_19820043.opus,glasgow
./data/macroset/en/clips/glasgow/common_voice_en_20226163.opus,glasgow
./data/macroset/en/clips/glasgow/common_voice_en_19691938.opus,glasgow
./data/macroset/en/clips/glasgow/common_voice_en_539284.opus,glasgow
./data/macroset/en/clips/wheelchairs/common_voice_en_92488.opus,wheelchairs
./data/macroset/en/clips/wheelchairs/common_voice_en_164775.opus,wheelchairs
./data/macroset/en/clips/wheelchairs/common_voice_en_200241.opus,wheelchairs
./data/macroset/en/clips/wheelchairs/common_voice_en_49747.opus,wheelchairs
./data/macroset/en/clips/wheelchairs/common_voice_en_499456.opus,wheelchairs
./data/macroset/en/clips/communist/common_voice_en_20400325.opus,communist
./data/macroset/en/clips/communist/common_voice_en_20829597.opus,communist
./data/macroset/en/clips/communist/common_voice_en_19839402.opus,communist
./data/macroset/en/clips/communist/common_voice_en_20257530.opus,communist
./data/macroset/en/clips/communist/common_voice_en_20601142.opus,communist
./data/macroset/en/clips/wide/common_voice_en_20559907.opus,wide
./data/macroset/en/clips/wide/common_voice_en_18862394.opus,wide
./data/macroset/en/clips/wide/common_voice_en_21836261.opus,wide
./data/macroset/en/clips/wide/common_voice_en_20848213.opus,wide
./data/macroset/en/clips/wide/common_voice_en_19711672.opus,wide
./data/macroset/en/clips/clusters/common_voice_en_20176996.opus,clusters
./data/macroset/en/clips/clusters/common_voice_en_20924463.opus,clusters
./data/macroset/en/clips/clusters/common_voice_en_18998024.opus,clusters
./data/macroset/en/clips/clusters/common_voice_en_19639278.opus,clusters
./data/macroset/en/clips/clusters/common_voice_en_19217438.opus,clusters
./data/macroset/en/clips/folks/common_voice_en_583044.opus,folks
./data/macroset/en/clips/folks/common_voice_en_18144225.opus,folks
./data/macroset/en/clips/folks/common_voice_en_477915.opus,folks
./data/macroset/en/clips/folks/common_voice_en_148015.opus,folks
./data/macroset/en/clips/folks/common_voice_en_84804.opus,folks
./data/macroset/en/clips/clarify/common_voice_en_17653438.opus,clarify
./data/macroset/en/clips/clarify/common_voice_en_20713629.opus,clarify
./data/macroset/en/clips/clarify/common_voice_en_17534787.opus,clarify
./data/macroset/en/clips/clarify/common_voice_en_17248501.opus,clarify
./data/macroset/en/clips/clarify/common_voice_en_18060692.opus,clarify
./data/macroset/en/clips/coastline/common_voice_en_20144736.opus,coastline
./data/macroset/en/clips/coastline/common_voice_en_20188749.opus,coastline
./data/macroset/en/clips/coastline/common_voice_en_19673333.opus,coastline
./data/macroset/en/clips/coastline/common_voice_en_21358711.opus,coastline
./data/macroset/en/clips/coastline/common_voice_en_22092279.opus,coastline
./data/macroset/en/clips/chairs/common_voice_en_19087540.opus,chairs
./data/macroset/en/clips/chairs/common_voice_en_19499613.opus,chairs
./data/macroset/en/clips/chairs/common_voice_en_198207.opus,chairs
./data/macroset/en/clips/chairs/common_voice_en_71063.opus,chairs
./data/macroset/en/clips/chairs/common_voice_en_20300804.opus,chairs
./data/macroset/en/clips/corporate/common_voice_en_20843443.opus,corporate
./data/macroset/en/clips/corporate/common_voice_en_21656378.opus,corporate
./data/macroset/en/clips/corporate/common_voice_en_22006039.opus,corporate
./data/macroset/en/clips/corporate/common_voice_en_20969169.opus,corporate
./data/macroset/en/clips/corporate/common_voice_en_21777192.opus,corporate
./data/macroset/en/clips/sunrise/common_voice_en_206624.opus,sunrise
./data/macroset/en/clips/sunrise/common_voice_en_43733.opus,sunrise
./data/macroset/en/clips/sunrise/common_voice_en_684390.opus,sunrise
./data/macroset/en/clips/sunrise/common_voice_en_586442.opus,sunrise
./data/macroset/en/clips/sunrise/common_voice_en_545753.opus,sunrise
./data/macroset/en/clips/astonishing/common_voice_en_657909.opus,astonishing
./data/macroset/en/clips/astonishing/common_voice_en_529889.opus,astonishing
./data/macroset/en/clips/astonishing/common_voice_en_19808078.opus,astonishing
./data/macroset/en/clips/astonishing/common_voice_en_17247886.opus,astonishing
./data/macroset/en/clips/astonishing/common_voice_en_15904245.opus,astonishing
./data/macroset/en/clips/diluted/common_voice_en_572806.opus,diluted
./data/macroset/en/clips/diluted/common_voice_en_580970.opus,diluted
./data/macroset/en/clips/diluted/common_voice_en_18553090.opus,diluted
./data/macroset/en/clips/diluted/common_voice_en_631488.opus,diluted
./data/macroset/en/clips/diluted/common_voice_en_643498.opus,diluted
./data/macroset/en/clips/florence/common_voice_en_21799834.opus,florence
./data/macroset/en/clips/florence/common_voice_en_20928820.opus,florence
./data/macroset/en/clips/florence/common_voice_en_21103086.opus,florence
./data/macroset/en/clips/florence/common_voice_en_18722331.opus,florence
./data/macroset/en/clips/florence/common_voice_en_20328933.opus,florence
./data/macroset/en/clips/conquest/common_voice_en_19618329.opus,conquest
./data/macroset/en/clips/conquest/common_voice_en_22204178.opus,conquest
./data/macroset/en/clips/conquest/common_voice_en_20856694.opus,conquest
./data/macroset/en/clips/conquest/common_voice_en_19307770.opus,conquest
./data/macroset/en/clips/conquest/common_voice_en_22428985.opus,conquest
./data/macroset/en/clips/deliberate/common_voice_en_616849.opus,deliberate
./data/macroset/en/clips/deliberate/common_voice_en_18765964.opus,deliberate
./data/macroset/en/clips/deliberate/common_voice_en_550289.opus,deliberate
./data/macroset/en/clips/deliberate/common_voice_en_18666347.opus,deliberate
./data/macroset/en/clips/deliberate/common_voice_en_19200920.opus,deliberate
./data/macroset/en/clips/following/common_voice_en_20325398.opus,following
./data/macroset/en/clips/following/common_voice_en_21112542.opus,following
./data/macroset/en/clips/following/common_voice_en_20586861.opus,following
./data/macroset/en/clips/following/common_voice_en_20533190.opus,following
./data/macroset/en/clips/following/common_voice_en_21292825.opus,following
./data/macroset/en/clips/slam/common_voice_en_20057290.opus,slam
./data/macroset/en/clips/slam/common_voice_en_480490.opus,slam
./data/macroset/en/clips/slam/common_voice_en_481084.opus,slam
./data/macroset/en/clips/slam/common_voice_en_16048760.opus,slam
./data/macroset/en/clips/slam/common_voice_en_507708.opus,slam
./data/macroset/en/clips/schools/common_voice_en_20186725.opus,schools
./data/macroset/en/clips/schools/common_voice_en_19948526.opus,schools
./data/macroset/en/clips/schools/common_voice_en_20125947.opus,schools
./data/macroset/en/clips/schools/common_voice_en_19371075.opus,schools
./data/macroset/en/clips/schools/common_voice_en_21901787.opus,schools
./data/macroset/en/clips/exactly/common_voice_en_526642.opus,exactly
./data/macroset/en/clips/exactly/common_voice_en_17268890.opus,exactly
./data/macroset/en/clips/exactly/common_voice_en_697951.opus,exactly
./data/macroset/en/clips/exactly/common_voice_en_62268.opus,exactly
./data/macroset/en/clips/exactly/common_voice_en_17864457.opus,exactly
./data/macroset/en/clips/employer/common_voice_en_18895873.opus,employer
./data/macroset/en/clips/employer/common_voice_en_21364985.opus,employer
./data/macroset/en/clips/employer/common_voice_en_20513256.opus,employer
./data/macroset/en/clips/employer/common_voice_en_18810016.opus,employer
./data/macroset/en/clips/employer/common_voice_en_20451822.opus,employer
./data/macroset/en/clips/life/common_voice_en_588543.opus,life
./data/macroset/en/clips/life/common_voice_en_20173846.opus,life
./data/macroset/en/clips/life/common_voice_en_54836.opus,life
./data/macroset/en/clips/life/common_voice_en_553973.opus,life
./data/macroset/en/clips/life/common_voice_en_518608.opus,life
./data/macroset/en/clips/pixel/common_voice_en_18731984.opus,pixel
./data/macroset/en/clips/pixel/common_voice_en_199913.opus,pixel
./data/macroset/en/clips/pixel/common_voice_en_183489.opus,pixel
./data/macroset/en/clips/pixel/common_voice_en_533006.opus,pixel
./data/macroset/en/clips/pixel/common_voice_en_579733.opus,pixel
./data/macroset/en/clips/hearted/common_voice_en_20921950.opus,hearted
./data/macroset/en/clips/hearted/common_voice_en_19563047.opus,hearted
./data/macroset/en/clips/hearted/common_voice_en_18650341.opus,hearted
./data/macroset/en/clips/hearted/common_voice_en_20387061.opus,hearted
./data/macroset/en/clips/hearted/common_voice_en_20381583.opus,hearted
./data/macroset/en/clips/predominant/common_voice_en_17264432.opus,predominant
./data/macroset/en/clips/predominant/common_voice_en_97656.opus,predominant
./data/macroset/en/clips/predominant/common_voice_en_20304308.opus,predominant
./data/macroset/en/clips/predominant/common_voice_en_20159236.opus,predominant
./data/macroset/en/clips/predominant/common_voice_en_17309537.opus,predominant
./data/macroset/en/clips/idol/common_voice_en_17293379.opus,idol
./data/macroset/en/clips/idol/common_voice_en_18822274.opus,idol
./data/macroset/en/clips/idol/common_voice_en_17645751.opus,idol
./data/macroset/en/clips/idol/common_voice_en_19840260.opus,idol
./data/macroset/en/clips/idol/common_voice_en_19504565.opus,idol
./data/macroset/en/clips/rows/common_voice_en_181672.opus,rows
./data/macroset/en/clips/rows/common_voice_en_18066551.opus,rows
./data/macroset/en/clips/rows/common_voice_en_17551946.opus,rows
./data/macroset/en/clips/rows/common_voice_en_10209041.opus,rows
./data/macroset/en/clips/rows/common_voice_en_3234.opus,rows
./data/macroset/en/clips/confederate/common_voice_en_19898285.opus,confederate
./data/macroset/en/clips/confederate/common_voice_en_20933431.opus,confederate
./data/macroset/en/clips/confederate/common_voice_en_21853361.opus,confederate
./data/macroset/en/clips/confederate/common_voice_en_22250421.opus,confederate
./data/macroset/en/clips/confederate/common_voice_en_19408406.opus,confederate
./data/macroset/en/clips/upright/common_voice_en_21129382.opus,upright
./data/macroset/en/clips/upright/common_voice_en_20092593.opus,upright
./data/macroset/en/clips/upright/common_voice_en_19970837.opus,upright
./data/macroset/en/clips/upright/common_voice_en_3820196.opus,upright
./data/macroset/en/clips/upright/common_voice_en_18950642.opus,upright
./data/macroset/en/clips/challenged/common_voice_en_20651326.opus,challenged
./data/macroset/en/clips/challenged/common_voice_en_18897897.opus,challenged
./data/macroset/en/clips/challenged/common_voice_en_20715865.opus,challenged
./data/macroset/en/clips/challenged/common_voice_en_18729482.opus,challenged
./data/macroset/en/clips/challenged/common_voice_en_18770537.opus,challenged
./data/macroset/en/clips/panda/common_voice_en_20521331.opus,panda
./data/macroset/en/clips/panda/common_voice_en_18796904.opus,panda
./data/macroset/en/clips/panda/common_voice_en_472658.opus,panda
./data/macroset/en/clips/panda/common_voice_en_17851631.opus,panda
./data/macroset/en/clips/panda/common_voice_en_17887444.opus,panda
./data/macroset/en/clips/qualify/common_voice_en_21595840.opus,qualify
./data/macroset/en/clips/qualify/common_voice_en_20960129.opus,qualify
./data/macroset/en/clips/qualify/common_voice_en_19631231.opus,qualify
./data/macroset/en/clips/qualify/common_voice_en_19743854.opus,qualify
./data/macroset/en/clips/qualify/common_voice_en_21705134.opus,qualify
./data/macroset/en/clips/garbled/common_voice_en_17290333.opus,garbled
./data/macroset/en/clips/garbled/common_voice_en_17345173.opus,garbled
./data/macroset/en/clips/garbled/common_voice_en_8957708.opus,garbled
./data/macroset/en/clips/garbled/common_voice_en_17920055.opus,garbled
./data/macroset/en/clips/garbled/common_voice_en_18154115.opus,garbled
./data/macroset/en/clips/fallen/common_voice_en_540882.opus,fallen
./data/macroset/en/clips/fallen/common_voice_en_577792.opus,fallen
./data/macroset/en/clips/fallen/common_voice_en_198067.opus,fallen
./data/macroset/en/clips/fallen/common_voice_en_673115.opus,fallen
./data/macroset/en/clips/fallen/common_voice_en_161492.opus,fallen
./data/macroset/en/clips/barricades/common_voice_en_21129134.opus,barricades
./data/macroset/en/clips/barricades/common_voice_en_501048.opus,barricades
./data/macroset/en/clips/barricades/common_voice_en_348415.opus,barricades
./data/macroset/en/clips/barricades/common_voice_en_316845.opus,barricades
./data/macroset/en/clips/barricades/common_voice_en_676523.opus,barricades
./data/macroset/en/clips/bound/common_voice_en_680009.opus,bound
./data/macroset/en/clips/bound/common_voice_en_18941407.opus,bound
./data/macroset/en/clips/bound/common_voice_en_20691871.opus,bound
./data/macroset/en/clips/bound/common_voice_en_18695173.opus,bound
./data/macroset/en/clips/bound/common_voice_en_20988283.opus,bound
./data/macroset/en/clips/emeritus/common_voice_en_20018926.opus,emeritus
./data/macroset/en/clips/emeritus/common_voice_en_21517448.opus,emeritus
./data/macroset/en/clips/emeritus/common_voice_en_20215447.opus,emeritus
./data/macroset/en/clips/emeritus/common_voice_en_22440161.opus,emeritus
./data/macroset/en/clips/emeritus/common_voice_en_20005713.opus,emeritus
./data/macroset/en/clips/andreas/common_voice_en_600926.opus,andreas
./data/macroset/en/clips/andreas/common_voice_en_554322.opus,andreas
./data/macroset/en/clips/andreas/common_voice_en_19195911.opus,andreas
./data/macroset/en/clips/andreas/common_voice_en_21160393.opus,andreas
./data/macroset/en/clips/andreas/common_voice_en_72702.opus,andreas
./data/macroset/en/clips/documentary/common_voice_en_19815992.opus,documentary
./data/macroset/en/clips/documentary/common_voice_en_21312346.opus,documentary
./data/macroset/en/clips/documentary/common_voice_en_21418338.opus,documentary
./data/macroset/en/clips/documentary/common_voice_en_19646580.opus,documentary
./data/macroset/en/clips/documentary/common_voice_en_20897241.opus,documentary
./data/macroset/en/clips/irritable/common_voice_en_681233.opus,irritable
./data/macroset/en/clips/irritable/common_voice_en_648951.opus,irritable
./data/macroset/en/clips/irritable/common_voice_en_88344.opus,irritable
./data/macroset/en/clips/irritable/common_voice_en_89475.opus,irritable
./data/macroset/en/clips/irritable/common_voice_en_696251.opus,irritable
./data/macroset/en/clips/limitations/common_voice_en_19461295.opus,limitations
./data/macroset/en/clips/limitations/common_voice_en_19651330.opus,limitations
./data/macroset/en/clips/limitations/common_voice_en_20097112.opus,limitations
./data/macroset/en/clips/limitations/common_voice_en_19695310.opus,limitations
./data/macroset/en/clips/limitations/common_voice_en_19371363.opus,limitations
./data/macroset/en/clips/anderson/common_voice_en_18816921.opus,anderson
./data/macroset/en/clips/anderson/common_voice_en_564341.opus,anderson
./data/macroset/en/clips/anderson/common_voice_en_21252592.opus,anderson
./data/macroset/en/clips/anderson/common_voice_en_22368043.opus,anderson
./data/macroset/en/clips/anderson/common_voice_en_19366287.opus,anderson
./data/macroset/en/clips/dreams/common_voice_en_167796.opus,dreams
./data/macroset/en/clips/dreams/common_voice_en_623913.opus,dreams
./data/macroset/en/clips/dreams/common_voice_en_602433.opus,dreams
./data/macroset/en/clips/dreams/common_voice_en_590790.opus,dreams
./data/macroset/en/clips/dreams/common_voice_en_80872.opus,dreams
./data/macroset/en/clips/ears/common_voice_en_20247032.opus,ears
./data/macroset/en/clips/ears/common_voice_en_36887.opus,ears
./data/macroset/en/clips/ears/common_voice_en_18124984.opus,ears
./data/macroset/en/clips/ears/common_voice_en_17284688.opus,ears
./data/macroset/en/clips/ears/common_voice_en_672029.opus,ears
./data/macroset/en/clips/penn/common_voice_en_21224522.opus,penn
./data/macroset/en/clips/penn/common_voice_en_18700004.opus,penn
./data/macroset/en/clips/penn/common_voice_en_21555404.opus,penn
./data/macroset/en/clips/penn/common_voice_en_20989971.opus,penn
./data/macroset/en/clips/penn/common_voice_en_21907090.opus,penn
./data/macroset/en/clips/every/common_voice_en_22312236.opus,every
./data/macroset/en/clips/every/common_voice_en_80054.opus,every
./data/macroset/en/clips/every/common_voice_en_20872698.opus,every
./data/macroset/en/clips/every/common_voice_en_45533.opus,every
./data/macroset/en/clips/every/common_voice_en_18519838.opus,every
./data/macroset/en/clips/trample/common_voice_en_17453612.opus,trample
./data/macroset/en/clips/trample/common_voice_en_17411145.opus,trample
./data/macroset/en/clips/trample/common_voice_en_17296644.opus,trample
./data/macroset/en/clips/trample/common_voice_en_17405370.opus,trample
./data/macroset/en/clips/trample/common_voice_en_17654799.opus,trample
./data/macroset/en/clips/drill/common_voice_en_570063.opus,drill
./data/macroset/en/clips/drill/common_voice_en_199426.opus,drill
./data/macroset/en/clips/drill/common_voice_en_490839.opus,drill
./data/macroset/en/clips/drill/common_voice_en_98442.opus,drill
./data/macroset/en/clips/drill/common_voice_en_18796698.opus,drill
./data/macroset/en/clips/ulcers/common_voice_en_160279.opus,ulcers
./data/macroset/en/clips/ulcers/common_voice_en_656925.opus,ulcers
./data/macroset/en/clips/ulcers/common_voice_en_55914.opus,ulcers
./data/macroset/en/clips/ulcers/common_voice_en_689168.opus,ulcers
./data/macroset/en/clips/ulcers/common_voice_en_503310.opus,ulcers
./data/macroset/en/clips/sirens/common_voice_en_18125581.opus,sirens
./data/macroset/en/clips/sirens/common_voice_en_211777.opus,sirens
./data/macroset/en/clips/sirens/common_voice_en_17629491.opus,sirens
./data/macroset/en/clips/sirens/common_voice_en_17650777.opus,sirens
./data/macroset/en/clips/sirens/common_voice_en_17531622.opus,sirens
./data/macroset/en/clips/adapt/common_voice_en_570124.opus,adapt
./data/macroset/en/clips/adapt/common_voice_en_1858094.opus,adapt
./data/macroset/en/clips/adapt/common_voice_en_18907901.opus,adapt
./data/macroset/en/clips/adapt/common_voice_en_21090862.opus,adapt
./data/macroset/en/clips/adapt/common_voice_en_18536030.opus,adapt
./data/macroset/en/clips/arabia/common_voice_en_606291.opus,arabia
./data/macroset/en/clips/arabia/common_voice_en_674171.opus,arabia
./data/macroset/en/clips/arabia/common_voice_en_22261641.opus,arabia
./data/macroset/en/clips/arabia/common_voice_en_20330497.opus,arabia
./data/macroset/en/clips/arabia/common_voice_en_660908.opus,arabia
./data/macroset/en/clips/koran/common_voice_en_693018.opus,koran
./data/macroset/en/clips/koran/common_voice_en_579087.opus,koran
./data/macroset/en/clips/koran/common_voice_en_676355.opus,koran
./data/macroset/en/clips/koran/common_voice_en_65871.opus,koran
./data/macroset/en/clips/koran/common_voice_en_208312.opus,koran
./data/macroset/en/clips/lace/common_voice_en_504148.opus,lace
./data/macroset/en/clips/lace/common_voice_en_681430.opus,lace
./data/macroset/en/clips/lace/common_voice_en_19699248.opus,lace
./data/macroset/en/clips/lace/common_voice_en_8608036.opus,lace
./data/macroset/en/clips/lace/common_voice_en_19636954.opus,lace
./data/macroset/en/clips/architects/common_voice_en_136828.opus,architects
./data/macroset/en/clips/architects/common_voice_en_579951.opus,architects
./data/macroset/en/clips/architects/common_voice_en_19106517.opus,architects
./data/macroset/en/clips/architects/common_voice_en_19511617.opus,architects
./data/macroset/en/clips/architects/common_voice_en_668353.opus,architects
./data/macroset/en/clips/mirrors/common_voice_en_19359709.opus,mirrors
./data/macroset/en/clips/mirrors/common_voice_en_20235884.opus,mirrors
./data/macroset/en/clips/mirrors/common_voice_en_22220924.opus,mirrors
./data/macroset/en/clips/mirrors/common_voice_en_18754963.opus,mirrors
./data/macroset/en/clips/mirrors/common_voice_en_21958650.opus,mirrors
./data/macroset/en/clips/warned/common_voice_en_20145035.opus,warned
./data/macroset/en/clips/warned/common_voice_en_20150502.opus,warned
./data/macroset/en/clips/warned/common_voice_en_18772807.opus,warned
./data/macroset/en/clips/warned/common_voice_en_609240.opus,warned
./data/macroset/en/clips/warned/common_voice_en_18902658.opus,warned
./data/macroset/en/clips/don’t/common_voice_en_602053.opus,don’t
./data/macroset/en/clips/don’t/common_voice_en_17717117.opus,don’t
./data/macroset/en/clips/don’t/common_voice_en_17742722.opus,don’t
./data/macroset/en/clips/don’t/common_voice_en_18492634.opus,don’t
./data/macroset/en/clips/don’t/common_voice_en_18142626.opus,don’t
./data/macroset/en/clips/originate/common_voice_en_18731982.opus,originate
./data/macroset/en/clips/originate/common_voice_en_21111150.opus,originate
./data/macroset/en/clips/originate/common_voice_en_19780126.opus,originate
./data/macroset/en/clips/originate/common_voice_en_21686912.opus,originate
./data/macroset/en/clips/originate/common_voice_en_20798240.opus,originate
./data/macroset/en/clips/pumped/common_voice_en_591061.opus,pumped
./data/macroset/en/clips/pumped/common_voice_en_19600662.opus,pumped
./data/macroset/en/clips/pumped/common_voice_en_18110362.opus,pumped
./data/macroset/en/clips/pumped/common_voice_en_17278220.opus,pumped
./data/macroset/en/clips/pumped/common_voice_en_20478439.opus,pumped
./data/macroset/en/clips/machinery/common_voice_en_20308820.opus,machinery
./data/macroset/en/clips/machinery/common_voice_en_19670472.opus,machinery
./data/macroset/en/clips/machinery/common_voice_en_21794622.opus,machinery
./data/macroset/en/clips/machinery/common_voice_en_22347441.opus,machinery
./data/macroset/en/clips/machinery/common_voice_en_19981004.opus,machinery
./data/macroset/en/clips/tasmania/common_voice_en_20767593.opus,tasmania
./data/macroset/en/clips/tasmania/common_voice_en_19720502.opus,tasmania
./data/macroset/en/clips/tasmania/common_voice_en_19742306.opus,tasmania
./data/macroset/en/clips/tasmania/common_voice_en_19643573.opus,tasmania
./data/macroset/en/clips/tasmania/common_voice_en_19231173.opus,tasmania
./data/macroset/en/clips/stare/common_voice_en_17898474.opus,stare
./data/macroset/en/clips/stare/common_voice_en_457974.opus,stare
./data/macroset/en/clips/stare/common_voice_en_18139426.opus,stare
./data/macroset/en/clips/stare/common_voice_en_18746839.opus,stare
./data/macroset/en/clips/stare/common_voice_en_19776581.opus,stare
./data/macroset/en/clips/delete/common_voice_en_92483.opus,delete
./data/macroset/en/clips/delete/common_voice_en_207857.opus,delete
./data/macroset/en/clips/delete/common_voice_en_17857913.opus,delete
./data/macroset/en/clips/delete/common_voice_en_18100717.opus,delete
./data/macroset/en/clips/delete/common_voice_en_21698585.opus,delete
./data/macroset/en/clips/treason/common_voice_en_22045114.opus,treason
./data/macroset/en/clips/treason/common_voice_en_579301.opus,treason
./data/macroset/en/clips/treason/common_voice_en_61028.opus,treason
./data/macroset/en/clips/treason/common_voice_en_598527.opus,treason
./data/macroset/en/clips/treason/common_voice_en_20116223.opus,treason
./data/macroset/en/clips/methodist/common_voice_en_21115416.opus,methodist
./data/macroset/en/clips/methodist/common_voice_en_19546556.opus,methodist
./data/macroset/en/clips/methodist/common_voice_en_19230696.opus,methodist
./data/macroset/en/clips/methodist/common_voice_en_19627042.opus,methodist
./data/macroset/en/clips/methodist/common_voice_en_20892590.opus,methodist
./data/macroset/en/clips/infections/common_voice_en_20878824.opus,infections
./data/macroset/en/clips/infections/common_voice_en_22434492.opus,infections
./data/macroset/en/clips/infections/common_voice_en_21253370.opus,infections
./data/macroset/en/clips/infections/common_voice_en_19689309.opus,infections
./data/macroset/en/clips/infections/common_voice_en_22316597.opus,infections
./data/macroset/en/clips/caribbean/common_voice_en_19893472.opus,caribbean
./data/macroset/en/clips/caribbean/common_voice_en_21181752.opus,caribbean
./data/macroset/en/clips/caribbean/common_voice_en_19796358.opus,caribbean
./data/macroset/en/clips/caribbean/common_voice_en_21390.opus,caribbean
./data/macroset/en/clips/caribbean/common_voice_en_21073724.opus,caribbean
./data/macroset/en/clips/eastward/common_voice_en_625513.opus,eastward
./data/macroset/en/clips/eastward/common_voice_en_49577.opus,eastward
./data/macroset/en/clips/eastward/common_voice_en_20699157.opus,eastward
./data/macroset/en/clips/eastward/common_voice_en_607750.opus,eastward
./data/macroset/en/clips/eastward/common_voice_en_608139.opus,eastward
./data/macroset/en/clips/auxiliary/common_voice_en_19457956.opus,auxiliary
./data/macroset/en/clips/auxiliary/common_voice_en_21765084.opus,auxiliary
./data/macroset/en/clips/auxiliary/common_voice_en_19669679.opus,auxiliary
./data/macroset/en/clips/auxiliary/common_voice_en_21242050.opus,auxiliary
./data/macroset/en/clips/auxiliary/common_voice_en_20030886.opus,auxiliary
./data/macroset/en/clips/lords/common_voice_en_22037599.opus,lords
./data/macroset/en/clips/lords/common_voice_en_18453710.opus,lords
./data/macroset/en/clips/lords/common_voice_en_21990081.opus,lords
./data/macroset/en/clips/lords/common_voice_en_19695794.opus,lords
./data/macroset/en/clips/lords/common_voice_en_21645730.opus,lords
./data/macroset/en/clips/i’ll/common_voice_en_18313247.opus,i’ll
./data/macroset/en/clips/i’ll/common_voice_en_77215.opus,i’ll
./data/macroset/en/clips/i’ll/common_voice_en_18421888.opus,i’ll
./data/macroset/en/clips/i’ll/common_voice_en_81558.opus,i’ll
./data/macroset/en/clips/i’ll/common_voice_en_18309429.opus,i’ll
./data/macroset/en/clips/brooklyn/common_voice_en_20492327.opus,brooklyn
./data/macroset/en/clips/brooklyn/common_voice_en_20103725.opus,brooklyn
./data/macroset/en/clips/brooklyn/common_voice_en_21867686.opus,brooklyn
./data/macroset/en/clips/brooklyn/common_voice_en_21563934.opus,brooklyn
./data/macroset/en/clips/brooklyn/common_voice_en_18990011.opus,brooklyn
./data/macroset/en/clips/syndrome/common_voice_en_20878348.opus,syndrome
./data/macroset/en/clips/syndrome/common_voice_en_17249549.opus,syndrome
./data/macroset/en/clips/syndrome/common_voice_en_481497.opus,syndrome
./data/macroset/en/clips/syndrome/common_voice_en_17644028.opus,syndrome
./data/macroset/en/clips/syndrome/common_voice_en_19744965.opus,syndrome
./data/macroset/en/clips/others/common_voice_en_22016478.opus,others
./data/macroset/en/clips/others/common_voice_en_19943570.opus,others
./data/macroset/en/clips/others/common_voice_en_18686856.opus,others
./data/macroset/en/clips/others/common_voice_en_20404032.opus,others
./data/macroset/en/clips/others/common_voice_en_20006139.opus,others
./data/macroset/en/clips/signified/common_voice_en_66963.opus,signified
./data/macroset/en/clips/signified/common_voice_en_605248.opus,signified
./data/macroset/en/clips/signified/common_voice_en_495861.opus,signified
./data/macroset/en/clips/signified/common_voice_en_689937.opus,signified
./data/macroset/en/clips/signified/common_voice_en_23357.opus,signified
./data/macroset/en/clips/capabilities/common_voice_en_18843912.opus,capabilities
./data/macroset/en/clips/capabilities/common_voice_en_20381968.opus,capabilities
./data/macroset/en/clips/capabilities/common_voice_en_22420751.opus,capabilities
./data/macroset/en/clips/capabilities/common_voice_en_20894474.opus,capabilities
./data/macroset/en/clips/capabilities/common_voice_en_19345668.opus,capabilities
./data/macroset/en/clips/increasingly/common_voice_en_19502074.opus,increasingly
./data/macroset/en/clips/increasingly/common_voice_en_20100908.opus,increasingly
./data/macroset/en/clips/increasingly/common_voice_en_20314116.opus,increasingly
./data/macroset/en/clips/increasingly/common_voice_en_22004414.opus,increasingly
./data/macroset/en/clips/increasingly/common_voice_en_19973520.opus,increasingly
./data/macroset/en/clips/universities/common_voice_en_20299500.opus,universities
./data/macroset/en/clips/universities/common_voice_en_20766136.opus,universities
./data/macroset/en/clips/universities/common_voice_en_19944263.opus,universities
./data/macroset/en/clips/universities/common_voice_en_20322520.opus,universities
./data/macroset/en/clips/universities/common_voice_en_21796068.opus,universities
./data/macroset/en/clips/support/common_voice_en_19973238.opus,support
./data/macroset/en/clips/support/common_voice_en_18698515.opus,support
./data/macroset/en/clips/support/common_voice_en_22306288.opus,support
./data/macroset/en/clips/support/common_voice_en_19783654.opus,support
./data/macroset/en/clips/support/common_voice_en_20169811.opus,support
./data/macroset/en/clips/township/common_voice_en_20263670.opus,township
./data/macroset/en/clips/township/common_voice_en_22017529.opus,township
./data/macroset/en/clips/township/common_voice_en_20189068.opus,township
./data/macroset/en/clips/township/common_voice_en_19206513__2.opus,township
./data/macroset/en/clips/township/common_voice_en_19197469__2.opus,township
./data/macroset/en/clips/expired/common_voice_en_32668.opus,expired
./data/macroset/en/clips/expired/common_voice_en_17377995.opus,expired
./data/macroset/en/clips/expired/common_voice_en_17262532.opus,expired
./data/macroset/en/clips/expired/common_voice_en_20296675.opus,expired
./data/macroset/en/clips/expired/common_voice_en_18425290.opus,expired
./data/macroset/en/clips/bordered/common_voice_en_19267514.opus,bordered
./data/macroset/en/clips/bordered/common_voice_en_20414291.opus,bordered
./data/macroset/en/clips/bordered/common_voice_en_19827678.opus,bordered
./data/macroset/en/clips/bordered/common_voice_en_21299232.opus,bordered
./data/macroset/en/clips/bordered/common_voice_en_20882181.opus,bordered
./data/macroset/en/clips/dalton/common_voice_en_21292832.opus,dalton
./data/macroset/en/clips/dalton/common_voice_en_20471882.opus,dalton
./data/macroset/en/clips/dalton/common_voice_en_19846403.opus,dalton
./data/macroset/en/clips/dalton/common_voice_en_20746913.opus,dalton
./data/macroset/en/clips/dalton/common_voice_en_20442433.opus,dalton
./data/macroset/en/clips/improve/common_voice_en_21348776.opus,improve
./data/macroset/en/clips/improve/common_voice_en_63412.opus,improve
./data/macroset/en/clips/improve/common_voice_en_20111865.opus,improve
./data/macroset/en/clips/improve/common_voice_en_21883595.opus,improve
./data/macroset/en/clips/improve/common_voice_en_20363829.opus,improve
./data/macroset/en/clips/begins/common_voice_en_20715493.opus,begins
./data/macroset/en/clips/begins/common_voice_en_2269736.opus,begins
./data/macroset/en/clips/begins/common_voice_en_635143.opus,begins
./data/macroset/en/clips/begins/common_voice_en_21851584.opus,begins
./data/macroset/en/clips/begins/common_voice_en_21144358.opus,begins
./data/macroset/en/clips/askew/common_voice_en_219979.opus,askew
./data/macroset/en/clips/askew/common_voice_en_66961.opus,askew
./data/macroset/en/clips/askew/common_voice_en_18441158.opus,askew
./data/macroset/en/clips/askew/common_voice_en_43616.opus,askew
./data/macroset/en/clips/askew/common_voice_en_73769.opus,askew
./data/macroset/en/clips/marc/common_voice_en_19544086.opus,marc
./data/macroset/en/clips/marc/common_voice_en_450682.opus,marc
./data/macroset/en/clips/marc/common_voice_en_20150345.opus,marc
./data/macroset/en/clips/marc/common_voice_en_20932947.opus,marc
./data/macroset/en/clips/marc/common_voice_en_18884588.opus,marc
./data/macroset/en/clips/namely/common_voice_en_20219986.opus,namely
./data/macroset/en/clips/namely/common_voice_en_19765778.opus,namely
./data/macroset/en/clips/namely/common_voice_en_19698759.opus,namely
./data/macroset/en/clips/namely/common_voice_en_19536266.opus,namely
./data/macroset/en/clips/namely/common_voice_en_21351905.opus,namely
./data/macroset/en/clips/greeks/common_voice_en_21312439.opus,greeks
./data/macroset/en/clips/greeks/common_voice_en_20461080.opus,greeks
./data/macroset/en/clips/greeks/common_voice_en_20072320.opus,greeks
./data/macroset/en/clips/greeks/common_voice_en_19200341.opus,greeks
./data/macroset/en/clips/greeks/common_voice_en_19444433.opus,greeks
./data/macroset/en/clips/romance/common_voice_en_19676863.opus,romance
./data/macroset/en/clips/romance/common_voice_en_19795043.opus,romance
./data/macroset/en/clips/romance/common_voice_en_18871488.opus,romance
./data/macroset/en/clips/romance/common_voice_en_19665817.opus,romance
./data/macroset/en/clips/romance/common_voice_en_18867084.opus,romance
./data/macroset/en/clips/poor/common_voice_en_20042707.opus,poor
./data/macroset/en/clips/poor/common_voice_en_18993308.opus,poor
./data/macroset/en/clips/poor/common_voice_en_19751195.opus,poor
./data/macroset/en/clips/poor/common_voice_en_17556022.opus,poor
./data/macroset/en/clips/poor/common_voice_en_218387.opus,poor
./data/macroset/en/clips/render/common_voice_en_613376.opus,render
./data/macroset/en/clips/render/common_voice_en_226781.opus,render
./data/macroset/en/clips/render/common_voice_en_92847.opus,render
./data/macroset/en/clips/render/common_voice_en_20290610.opus,render
./data/macroset/en/clips/render/common_voice_en_54117.opus,render
./data/macroset/en/clips/finally/common_voice_en_205589.opus,finally
./data/macroset/en/clips/finally/common_voice_en_18052209.opus,finally
./data/macroset/en/clips/finally/common_voice_en_19696199.opus,finally
./data/macroset/en/clips/finally/common_voice_en_22234574.opus,finally
./data/macroset/en/clips/finally/common_voice_en_564443.opus,finally
./data/macroset/en/clips/community/common_voice_en_20721786.opus,community
./data/macroset/en/clips/community/common_voice_en_19515589.opus,community
./data/macroset/en/clips/community/common_voice_en_20347477.opus,community
./data/macroset/en/clips/community/common_voice_en_20792991.opus,community
./data/macroset/en/clips/community/common_voice_en_19293757.opus,community
./data/macroset/en/clips/contested/common_voice_en_19857546.opus,contested
./data/macroset/en/clips/contested/common_voice_en_20026170.opus,contested
./data/macroset/en/clips/contested/common_voice_en_19351380.opus,contested
./data/macroset/en/clips/contested/common_voice_en_19148486.opus,contested
./data/macroset/en/clips/contested/common_voice_en_19614007.opus,contested
./data/macroset/en/clips/liking/common_voice_en_18405235.opus,liking
./data/macroset/en/clips/liking/common_voice_en_19339293.opus,liking
./data/macroset/en/clips/liking/common_voice_en_175153.opus,liking
./data/macroset/en/clips/liking/common_voice_en_180098.opus,liking
./data/macroset/en/clips/liking/common_voice_en_18652608.opus,liking
./data/macroset/en/clips/travel/common_voice_en_152801.opus,travel
./data/macroset/en/clips/travel/common_voice_en_646312.opus,travel
./data/macroset/en/clips/travel/common_voice_en_19854853.opus,travel
./data/macroset/en/clips/travel/common_voice_en_549157.opus,travel
./data/macroset/en/clips/travel/common_voice_en_20854.opus,travel
./data/macroset/en/clips/observe/common_voice_en_18163346.opus,observe
./data/macroset/en/clips/observe/common_voice_en_58645.opus,observe
./data/macroset/en/clips/observe/common_voice_en_216333.opus,observe
./data/macroset/en/clips/observe/common_voice_en_38125.opus,observe
./data/macroset/en/clips/observe/common_voice_en_20833977.opus,observe
./data/macroset/en/clips/hoped/common_voice_en_20434250.opus,hoped
./data/macroset/en/clips/hoped/common_voice_en_16185441.opus,hoped
./data/macroset/en/clips/hoped/common_voice_en_17449252.opus,hoped
./data/macroset/en/clips/hoped/common_voice_en_19499616.opus,hoped
./data/macroset/en/clips/hoped/common_voice_en_18600270.opus,hoped
./data/macroset/en/clips/mike/common_voice_en_18803847.opus,mike
./data/macroset/en/clips/mike/common_voice_en_19807326.opus,mike
./data/macroset/en/clips/mike/common_voice_en_18724364.opus,mike
./data/macroset/en/clips/mike/common_voice_en_18510701.opus,mike
./data/macroset/en/clips/mike/common_voice_en_18305556.opus,mike
./data/macroset/en/clips/exclusive/common_voice_en_614052.opus,exclusive
./data/macroset/en/clips/exclusive/common_voice_en_617505.opus,exclusive
./data/macroset/en/clips/exclusive/common_voice_en_21125980.opus,exclusive
./data/macroset/en/clips/exclusive/common_voice_en_23945.opus,exclusive
./data/macroset/en/clips/exclusive/common_voice_en_19106672.opus,exclusive
./data/macroset/en/clips/considering/common_voice_en_18054912.opus,considering
./data/macroset/en/clips/considering/common_voice_en_17451188.opus,considering
./data/macroset/en/clips/considering/common_voice_en_17793617.opus,considering
./data/macroset/en/clips/considering/common_voice_en_18098273.opus,considering
./data/macroset/en/clips/considering/common_voice_en_20871764.opus,considering
./data/macroset/en/clips/failure/common_voice_en_20066.opus,failure
./data/macroset/en/clips/failure/common_voice_en_21475228.opus,failure
./data/macroset/en/clips/failure/common_voice_en_551624.opus,failure
./data/macroset/en/clips/failure/common_voice_en_25895.opus,failure
./data/macroset/en/clips/failure/common_voice_en_19367675.opus,failure
./data/macroset/en/clips/interior/common_voice_en_19521159.opus,interior
./data/macroset/en/clips/interior/common_voice_en_21163943.opus,interior
./data/macroset/en/clips/interior/common_voice_en_20440631.opus,interior
./data/macroset/en/clips/interior/common_voice_en_22381721.opus,interior
./data/macroset/en/clips/interior/common_voice_en_20039280.opus,interior
./data/macroset/en/clips/curtains/common_voice_en_17914084.opus,curtains
./data/macroset/en/clips/curtains/common_voice_en_212862.opus,curtains
./data/macroset/en/clips/curtains/common_voice_en_52434.opus,curtains
./data/macroset/en/clips/curtains/common_voice_en_17562266.opus,curtains
./data/macroset/en/clips/curtains/common_voice_en_18485186.opus,curtains
./data/macroset/en/clips/merging/common_voice_en_22123485.opus,merging
./data/macroset/en/clips/merging/common_voice_en_17275462.opus,merging
./data/macroset/en/clips/merging/common_voice_en_18139269.opus,merging
./data/macroset/en/clips/merging/common_voice_en_18163303.opus,merging
./data/macroset/en/clips/merging/common_voice_en_22218299.opus,merging
./data/macroset/en/clips/corporation/common_voice_en_18869882.opus,corporation
./data/macroset/en/clips/corporation/common_voice_en_35563.opus,corporation
./data/macroset/en/clips/corporation/common_voice_en_20380233.opus,corporation
./data/macroset/en/clips/corporation/common_voice_en_21505312.opus,corporation
./data/macroset/en/clips/corporation/common_voice_en_20219270.opus,corporation
./data/macroset/en/clips/discipline/common_voice_en_19635734.opus,discipline
./data/macroset/en/clips/discipline/common_voice_en_587543.opus,discipline
./data/macroset/en/clips/discipline/common_voice_en_18724514.opus,discipline
./data/macroset/en/clips/discipline/common_voice_en_665192.opus,discipline
./data/macroset/en/clips/discipline/common_voice_en_18882492.opus,discipline
./data/macroset/en/clips/management/common_voice_en_17845868.opus,management
./data/macroset/en/clips/management/common_voice_en_20358132.opus,management
./data/macroset/en/clips/management/common_voice_en_19569683.opus,management
./data/macroset/en/clips/management/common_voice_en_20360829.opus,management
./data/macroset/en/clips/management/common_voice_en_20176943.opus,management
./data/macroset/en/clips/woodman/common_voice_en_19678598.opus,woodman
./data/macroset/en/clips/woodman/common_voice_en_20043682.opus,woodman
./data/macroset/en/clips/woodman/common_voice_en_18415859.opus,woodman
./data/macroset/en/clips/woodman/common_voice_en_18485936.opus,woodman
./data/macroset/en/clips/woodman/common_voice_en_19240454.opus,woodman
./data/macroset/en/clips/stainless/common_voice_en_20119969.opus,stainless
./data/macroset/en/clips/stainless/common_voice_en_18163054.opus,stainless
./data/macroset/en/clips/stainless/common_voice_en_19289512.opus,stainless
./data/macroset/en/clips/stainless/common_voice_en_19989641.opus,stainless
./data/macroset/en/clips/stainless/common_voice_en_18163614.opus,stainless
./data/macroset/en/clips/friends/common_voice_en_20872057.opus,friends
./data/macroset/en/clips/friends/common_voice_en_20508165.opus,friends
./data/macroset/en/clips/friends/common_voice_en_17954964.opus,friends
./data/macroset/en/clips/friends/common_voice_en_608723.opus,friends
./data/macroset/en/clips/friends/common_voice_en_661619.opus,friends
./data/macroset/en/clips/proposition/common_voice_en_28789.opus,proposition
./data/macroset/en/clips/proposition/common_voice_en_109511.opus,proposition
./data/macroset/en/clips/proposition/common_voice_en_46649.opus,proposition
./data/macroset/en/clips/proposition/common_voice_en_18341927.opus,proposition
./data/macroset/en/clips/proposition/common_voice_en_622875.opus,proposition
./data/macroset/en/clips/hardly/common_voice_en_21933680.opus,hardly
./data/macroset/en/clips/hardly/common_voice_en_550919.opus,hardly
./data/macroset/en/clips/hardly/common_voice_en_514207.opus,hardly
./data/macroset/en/clips/hardly/common_voice_en_221894.opus,hardly
./data/macroset/en/clips/hardly/common_voice_en_513793.opus,hardly
./data/macroset/en/clips/rivalry/common_voice_en_20963914.opus,rivalry
./data/macroset/en/clips/rivalry/common_voice_en_19580459.opus,rivalry
./data/macroset/en/clips/rivalry/common_voice_en_19970538.opus,rivalry
./data/macroset/en/clips/rivalry/common_voice_en_22277943.opus,rivalry
./data/macroset/en/clips/rivalry/common_voice_en_20044412.opus,rivalry
./data/macroset/en/clips/figures/common_voice_en_662304.opus,figures
./data/macroset/en/clips/figures/common_voice_en_135234.opus,figures
./data/macroset/en/clips/figures/common_voice_en_660061.opus,figures
./data/macroset/en/clips/figures/common_voice_en_20174299.opus,figures
./data/macroset/en/clips/figures/common_voice_en_21081119.opus,figures
./data/macroset/en/clips/lives/common_voice_en_25709.opus,lives
./data/macroset/en/clips/lives/common_voice_en_22351842.opus,lives
./data/macroset/en/clips/lives/common_voice_en_202558.opus,lives
./data/macroset/en/clips/lives/common_voice_en_20128929.opus,lives
./data/macroset/en/clips/lives/common_voice_en_601399.opus,lives
./data/macroset/en/clips/atop/common_voice_en_84302.opus,atop
./data/macroset/en/clips/atop/common_voice_en_691936.opus,atop
./data/macroset/en/clips/atop/common_voice_en_18759808.opus,atop
./data/macroset/en/clips/atop/common_voice_en_22882.opus,atop
./data/macroset/en/clips/atop/common_voice_en_21054102__2.opus,atop
./data/macroset/en/clips/poetry/common_voice_en_22207547.opus,poetry
./data/macroset/en/clips/poetry/common_voice_en_19649769.opus,poetry
./data/macroset/en/clips/poetry/common_voice_en_22270784.opus,poetry
./data/macroset/en/clips/poetry/common_voice_en_19805027.opus,poetry
./data/macroset/en/clips/poetry/common_voice_en_20855016.opus,poetry
./data/macroset/en/clips/comfortable/common_voice_en_21905135.opus,comfortable
./data/macroset/en/clips/comfortable/common_voice_en_540633.opus,comfortable
./data/macroset/en/clips/comfortable/common_voice_en_21638866.opus,comfortable
./data/macroset/en/clips/comfortable/common_voice_en_21589238.opus,comfortable
./data/macroset/en/clips/comfortable/common_voice_en_22309105.opus,comfortable
./data/macroset/en/clips/anything/common_voice_en_201659.opus,anything
./data/macroset/en/clips/anything/common_voice_en_140807.opus,anything
./data/macroset/en/clips/anything/common_voice_en_20679612.opus,anything
./data/macroset/en/clips/anything/common_voice_en_614670.opus,anything
./data/macroset/en/clips/anything/common_voice_en_642150.opus,anything
./data/macroset/en/clips/woke/common_voice_en_464672.opus,woke
./data/macroset/en/clips/woke/common_voice_en_17275032.opus,woke
./data/macroset/en/clips/woke/common_voice_en_609253.opus,woke
./data/macroset/en/clips/woke/common_voice_en_21753858.opus,woke
./data/macroset/en/clips/woke/common_voice_en_17281907.opus,woke
./data/macroset/en/clips/jumped/common_voice_en_20902042.opus,jumped
./data/macroset/en/clips/jumped/common_voice_en_502460.opus,jumped
./data/macroset/en/clips/jumped/common_voice_en_95924.opus,jumped
./data/macroset/en/clips/jumped/common_voice_en_64217.opus,jumped
./data/macroset/en/clips/jumped/common_voice_en_18170456.opus,jumped
./data/macroset/en/clips/join/common_voice_en_21902012.opus,join
./data/macroset/en/clips/join/common_voice_en_20164819.opus,join
./data/macroset/en/clips/join/common_voice_en_647453.opus,join
./data/macroset/en/clips/join/common_voice_en_18189322.opus,join
./data/macroset/en/clips/join/common_voice_en_3695225.opus,join
./data/macroset/en/clips/relief/common_voice_en_20879370.opus,relief
./data/macroset/en/clips/relief/common_voice_en_20160317.opus,relief
./data/macroset/en/clips/relief/common_voice_en_550768.opus,relief
./data/macroset/en/clips/relief/common_voice_en_16665510.opus,relief
./data/macroset/en/clips/relief/common_voice_en_22249076.opus,relief
./data/macroset/en/clips/karate/common_voice_en_669213.opus,karate
./data/macroset/en/clips/karate/common_voice_en_18176069.opus,karate
./data/macroset/en/clips/karate/common_voice_en_639219.opus,karate
./data/macroset/en/clips/karate/common_voice_en_641267.opus,karate
./data/macroset/en/clips/karate/common_voice_en_18261710.opus,karate
./data/macroset/en/clips/cabin/common_voice_en_18329533.opus,cabin
./data/macroset/en/clips/cabin/common_voice_en_19574255.opus,cabin
./data/macroset/en/clips/cabin/common_voice_en_18940852.opus,cabin
./data/macroset/en/clips/cabin/common_voice_en_17277320.opus,cabin
./data/macroset/en/clips/cabin/common_voice_en_17267113.opus,cabin
./data/macroset/en/clips/haunted/common_voice_en_19362334.opus,haunted
./data/macroset/en/clips/haunted/common_voice_en_158576.opus,haunted
./data/macroset/en/clips/haunted/common_voice_en_35135.opus,haunted
./data/macroset/en/clips/haunted/common_voice_en_686036.opus,haunted
./data/macroset/en/clips/haunted/common_voice_en_18536831.opus,haunted
./data/macroset/en/clips/notified/common_voice_en_30568.opus,notified
./data/macroset/en/clips/notified/common_voice_en_189340.opus,notified
./data/macroset/en/clips/notified/common_voice_en_17414118.opus,notified
./data/macroset/en/clips/notified/common_voice_en_639632.opus,notified
./data/macroset/en/clips/notified/common_voice_en_622510.opus,notified
./data/macroset/en/clips/apart/common_voice_en_20713165.opus,apart
./data/macroset/en/clips/apart/common_voice_en_20451838.opus,apart
./data/macroset/en/clips/apart/common_voice_en_19348227.opus,apart
./data/macroset/en/clips/apart/common_voice_en_19384804.opus,apart
./data/macroset/en/clips/apart/common_voice_en_20075659.opus,apart
./data/macroset/en/clips/iris/common_voice_en_19083435.opus,iris
./data/macroset/en/clips/iris/common_voice_en_19362312.opus,iris
./data/macroset/en/clips/iris/common_voice_en_20216260.opus,iris
./data/macroset/en/clips/iris/common_voice_en_20148076.opus,iris
./data/macroset/en/clips/iris/common_voice_en_19812552.opus,iris
./data/macroset/en/clips/welsh/common_voice_en_21180382.opus,welsh
./data/macroset/en/clips/welsh/common_voice_en_19671687.opus,welsh
./data/macroset/en/clips/welsh/common_voice_en_21144891.opus,welsh
./data/macroset/en/clips/welsh/common_voice_en_20657527.opus,welsh
./data/macroset/en/clips/welsh/common_voice_en_18834890__2.opus,welsh
./data/macroset/en/clips/thing/common_voice_en_589929.opus,thing
./data/macroset/en/clips/thing/common_voice_en_202579.opus,thing
./data/macroset/en/clips/thing/common_voice_en_205869.opus,thing
./data/macroset/en/clips/thing/common_voice_en_17843700.opus,thing
./data/macroset/en/clips/thing/common_voice_en_589991.opus,thing
./data/macroset/en/clips/wisconsin/common_voice_en_20962818.opus,wisconsin
./data/macroset/en/clips/wisconsin/common_voice_en_495635.opus,wisconsin
./data/macroset/en/clips/wisconsin/common_voice_en_19689141.opus,wisconsin
./data/macroset/en/clips/wisconsin/common_voice_en_20670197.opus,wisconsin
./data/macroset/en/clips/wisconsin/common_voice_en_20148015.opus,wisconsin
./data/macroset/en/clips/mend/common_voice_en_18061366.opus,mend
./data/macroset/en/clips/mend/common_voice_en_72641.opus,mend
./data/macroset/en/clips/mend/common_voice_en_203847.opus,mend
./data/macroset/en/clips/mend/common_voice_en_11351644.opus,mend
./data/macroset/en/clips/mend/common_voice_en_17285426.opus,mend
./data/macroset/en/clips/russell/common_voice_en_19194769.opus,russell
./data/macroset/en/clips/russell/common_voice_en_21457704.opus,russell
./data/macroset/en/clips/russell/common_voice_en_20555697.opus,russell
./data/macroset/en/clips/russell/common_voice_en_19180706.opus,russell
./data/macroset/en/clips/russell/common_voice_en_19615469.opus,russell
./data/macroset/en/clips/calves/common_voice_en_485517.opus,calves
./data/macroset/en/clips/calves/common_voice_en_18081890.opus,calves
./data/macroset/en/clips/calves/common_voice_en_19986451.opus,calves
./data/macroset/en/clips/calves/common_voice_en_21701145.opus,calves
./data/macroset/en/clips/calves/common_voice_en_19721188.opus,calves
./data/macroset/en/clips/emblem/common_voice_en_22084659.opus,emblem
./data/macroset/en/clips/emblem/common_voice_en_21763750.opus,emblem
./data/macroset/en/clips/emblem/common_voice_en_21372711.opus,emblem
./data/macroset/en/clips/emblem/common_voice_en_22095278.opus,emblem
./data/macroset/en/clips/emblem/common_voice_en_20045265.opus,emblem
./data/macroset/en/clips/development/common_voice_en_19943340.opus,development
./data/macroset/en/clips/development/common_voice_en_20476727.opus,development
./data/macroset/en/clips/development/common_voice_en_19963267.opus,development
./data/macroset/en/clips/development/common_voice_en_21397447.opus,development
./data/macroset/en/clips/development/common_voice_en_19694476.opus,development
./data/macroset/en/clips/nickel/common_voice_en_22347947.opus,nickel
./data/macroset/en/clips/nickel/common_voice_en_20162833.opus,nickel
./data/macroset/en/clips/nickel/common_voice_en_19313533.opus,nickel
./data/macroset/en/clips/nickel/common_voice_en_20060823.opus,nickel
./data/macroset/en/clips/nickel/common_voice_en_19596317.opus,nickel
./data/macroset/en/clips/hawk/common_voice_en_20232683.opus,hawk
./data/macroset/en/clips/hawk/common_voice_en_20870013.opus,hawk
./data/macroset/en/clips/hawk/common_voice_en_19823615.opus,hawk
./data/macroset/en/clips/hawk/common_voice_en_20521333.opus,hawk
./data/macroset/en/clips/hawk/common_voice_en_20186253.opus,hawk
./data/macroset/en/clips/served/common_voice_en_21236419.opus,served
./data/macroset/en/clips/served/common_voice_en_20027583.opus,served
./data/macroset/en/clips/served/common_voice_en_20688751.opus,served
./data/macroset/en/clips/served/common_voice_en_19847058.opus,served
./data/macroset/en/clips/served/common_voice_en_18435523.opus,served
./data/macroset/en/clips/plead/common_voice_en_17436369.opus,plead
./data/macroset/en/clips/plead/common_voice_en_17888012.opus,plead
./data/macroset/en/clips/plead/common_voice_en_19707772.opus,plead
./data/macroset/en/clips/plead/common_voice_en_18057130.opus,plead
./data/macroset/en/clips/plead/common_voice_en_21139295.opus,plead
./data/macroset/en/clips/maid/common_voice_en_18491338.opus,maid
./data/macroset/en/clips/maid/common_voice_en_17272023.opus,maid
./data/macroset/en/clips/maid/common_voice_en_18666903.opus,maid
./data/macroset/en/clips/maid/common_voice_en_18616848.opus,maid
./data/macroset/en/clips/maid/common_voice_en_19945338.opus,maid
./data/macroset/en/clips/assume/common_voice_en_18420547.opus,assume
./data/macroset/en/clips/assume/common_voice_en_18696803.opus,assume
./data/macroset/en/clips/assume/common_voice_en_20182754.opus,assume
./data/macroset/en/clips/assume/common_voice_en_20291266.opus,assume
./data/macroset/en/clips/assume/common_voice_en_19513116.opus,assume
./data/macroset/en/clips/unix/common_voice_en_20177281__2.opus,unix
./data/macroset/en/clips/unix/common_voice_en_18711339.opus,unix
./data/macroset/en/clips/unix/common_voice_en_20177281.opus,unix
./data/macroset/en/clips/unix/common_voice_en_22439453.opus,unix
./data/macroset/en/clips/unix/common_voice_en_21599553.opus,unix
./data/macroset/en/clips/buns/common_voice_en_18301215.opus,buns
./data/macroset/en/clips/buns/common_voice_en_17962893.opus,buns
./data/macroset/en/clips/buns/common_voice_en_19125762.opus,buns
./data/macroset/en/clips/buns/common_voice_en_18629252.opus,buns
./data/macroset/en/clips/buns/common_voice_en_18601183.opus,buns
./data/macroset/en/clips/modifying/common_voice_en_16639327.opus,modifying
./data/macroset/en/clips/modifying/common_voice_en_604467.opus,modifying
./data/macroset/en/clips/modifying/common_voice_en_190944.opus,modifying
./data/macroset/en/clips/modifying/common_voice_en_124510.opus,modifying
./data/macroset/en/clips/modifying/common_voice_en_19066375.opus,modifying
./data/macroset/en/clips/insistently/common_voice_en_512508.opus,insistently
./data/macroset/en/clips/insistently/common_voice_en_81192.opus,insistently
./data/macroset/en/clips/insistently/common_voice_en_646352.opus,insistently
./data/macroset/en/clips/insistently/common_voice_en_55536.opus,insistently
./data/macroset/en/clips/insistently/common_voice_en_498028.opus,insistently
./data/macroset/en/clips/any/common_voice_en_511523.opus,any
./data/macroset/en/clips/any/common_voice_en_654765.opus,any
./data/macroset/en/clips/any/common_voice_en_20271162.opus,any
./data/macroset/en/clips/any/common_voice_en_679477.opus,any
./data/macroset/en/clips/any/common_voice_en_20170721.opus,any
./data/macroset/en/clips/bugs/common_voice_en_17858357.opus,bugs
./data/macroset/en/clips/bugs/common_voice_en_17625313.opus,bugs
./data/macroset/en/clips/bugs/common_voice_en_20289353.opus,bugs
./data/macroset/en/clips/bugs/common_voice_en_94352.opus,bugs
./data/macroset/en/clips/bugs/common_voice_en_93134.opus,bugs
./data/macroset/en/clips/handle/common_voice_en_17449132.opus,handle
./data/macroset/en/clips/handle/common_voice_en_585184.opus,handle
./data/macroset/en/clips/handle/common_voice_en_672497.opus,handle
./data/macroset/en/clips/handle/common_voice_en_18054914.opus,handle
./data/macroset/en/clips/handle/common_voice_en_20830774.opus,handle
./data/macroset/en/clips/rig/common_voice_en_18061961.opus,rig
./data/macroset/en/clips/rig/common_voice_en_34158.opus,rig
./data/macroset/en/clips/rig/common_voice_en_215638.opus,rig
./data/macroset/en/clips/rig/common_voice_en_597578.opus,rig
./data/macroset/en/clips/rig/common_voice_en_18096868.opus,rig
./data/macroset/en/clips/just/common_voice_en_518196.opus,just
./data/macroset/en/clips/just/common_voice_en_534944.opus,just
./data/macroset/en/clips/just/common_voice_en_548767.opus,just
./data/macroset/en/clips/just/common_voice_en_650434.opus,just
./data/macroset/en/clips/just/common_voice_en_17292967.opus,just
./data/macroset/en/clips/crawling/common_voice_en_638225.opus,crawling
./data/macroset/en/clips/crawling/common_voice_en_560991.opus,crawling
./data/macroset/en/clips/crawling/common_voice_en_18409680.opus,crawling
./data/macroset/en/clips/crawling/common_voice_en_18518546.opus,crawling
./data/macroset/en/clips/crawling/common_voice_en_537717.opus,crawling
./data/macroset/en/clips/commonwealth/common_voice_en_21304646.opus,commonwealth
./data/macroset/en/clips/commonwealth/common_voice_en_21947107.opus,commonwealth
./data/macroset/en/clips/commonwealth/common_voice_en_22306008.opus,commonwealth
./data/macroset/en/clips/commonwealth/common_voice_en_22398701.opus,commonwealth
./data/macroset/en/clips/commonwealth/common_voice_en_20423897.opus,commonwealth
./data/macroset/en/clips/concerns/common_voice_en_20453738.opus,concerns
./data/macroset/en/clips/concerns/common_voice_en_21995754.opus,concerns
./data/macroset/en/clips/concerns/common_voice_en_17880221.opus,concerns
./data/macroset/en/clips/concerns/common_voice_en_18124812.opus,concerns
./data/macroset/en/clips/concerns/common_voice_en_20172945.opus,concerns
./data/macroset/en/clips/instincts/common_voice_en_17561870.opus,instincts
./data/macroset/en/clips/instincts/common_voice_en_520601.opus,instincts
./data/macroset/en/clips/instincts/common_voice_en_2322935.opus,instincts
./data/macroset/en/clips/instincts/common_voice_en_17282121.opus,instincts
./data/macroset/en/clips/instincts/common_voice_en_17268437.opus,instincts
./data/macroset/en/clips/cipher/common_voice_en_19009511.opus,cipher
./data/macroset/en/clips/cipher/common_voice_en_18462287.opus,cipher
./data/macroset/en/clips/cipher/common_voice_en_17725676.opus,cipher
./data/macroset/en/clips/cipher/common_voice_en_18418356.opus,cipher
./data/macroset/en/clips/cipher/common_voice_en_18751589.opus,cipher
./data/macroset/en/clips/customs/common_voice_en_22463440.opus,customs
./data/macroset/en/clips/customs/common_voice_en_19055272.opus,customs
./data/macroset/en/clips/customs/common_voice_en_20039148.opus,customs
./data/macroset/en/clips/customs/common_voice_en_20400814.opus,customs
./data/macroset/en/clips/customs/common_voice_en_19984354.opus,customs
./data/macroset/en/clips/shots/common_voice_en_57651.opus,shots
./data/macroset/en/clips/shots/common_voice_en_555199.opus,shots
./data/macroset/en/clips/shots/common_voice_en_92925.opus,shots
./data/macroset/en/clips/shots/common_voice_en_503666.opus,shots
./data/macroset/en/clips/shots/common_voice_en_44845.opus,shots
./data/macroset/en/clips/tilted/common_voice_en_199470.opus,tilted
./data/macroset/en/clips/tilted/common_voice_en_3672452.opus,tilted
./data/macroset/en/clips/tilted/common_voice_en_17247006.opus,tilted
./data/macroset/en/clips/tilted/common_voice_en_17394234.opus,tilted
./data/macroset/en/clips/tilted/common_voice_en_2354658.opus,tilted
./data/macroset/en/clips/expressed/common_voice_en_20848172.opus,expressed
./data/macroset/en/clips/expressed/common_voice_en_20254768.opus,expressed
./data/macroset/en/clips/expressed/common_voice_en_20928847.opus,expressed
./data/macroset/en/clips/expressed/common_voice_en_19009588.opus,expressed
./data/macroset/en/clips/expressed/common_voice_en_19627453.opus,expressed
./data/macroset/en/clips/androids/common_voice_en_317000.opus,androids
./data/macroset/en/clips/androids/common_voice_en_17393693.opus,androids
./data/macroset/en/clips/androids/common_voice_en_17367167.opus,androids
./data/macroset/en/clips/androids/common_voice_en_2189354.opus,androids
./data/macroset/en/clips/androids/common_voice_en_17286985.opus,androids
./data/macroset/en/clips/moly/common_voice_en_17537536.opus,moly
./data/macroset/en/clips/moly/common_voice_en_17942667.opus,moly
./data/macroset/en/clips/moly/common_voice_en_17280620.opus,moly
./data/macroset/en/clips/moly/common_voice_en_17262131.opus,moly
./data/macroset/en/clips/moly/common_voice_en_17443020.opus,moly
./data/macroset/en/clips/conclusive/common_voice_en_578192.opus,conclusive
./data/macroset/en/clips/conclusive/common_voice_en_591003.opus,conclusive
./data/macroset/en/clips/conclusive/common_voice_en_119185.opus,conclusive
./data/macroset/en/clips/conclusive/common_voice_en_21567001.opus,conclusive
./data/macroset/en/clips/conclusive/common_voice_en_21777416.opus,conclusive
./data/macroset/en/clips/privileges/common_voice_en_21949846.opus,privileges
./data/macroset/en/clips/privileges/common_voice_en_20242699.opus,privileges
./data/macroset/en/clips/privileges/common_voice_en_19960428.opus,privileges
./data/macroset/en/clips/privileges/common_voice_en_18543132.opus,privileges
./data/macroset/en/clips/privileges/common_voice_en_19950083.opus,privileges
./data/macroset/en/clips/tour/common_voice_en_501298.opus,tour
./data/macroset/en/clips/tour/common_voice_en_21497292.opus,tour
./data/macroset/en/clips/tour/common_voice_en_22167.opus,tour
./data/macroset/en/clips/tour/common_voice_en_22363626.opus,tour
./data/macroset/en/clips/tour/common_voice_en_21955429.opus,tour
./data/macroset/en/clips/arctic/common_voice_en_22312863.opus,arctic
./data/macroset/en/clips/arctic/common_voice_en_18507275.opus,arctic
./data/macroset/en/clips/arctic/common_voice_en_610137.opus,arctic
./data/macroset/en/clips/arctic/common_voice_en_29155.opus,arctic
./data/macroset/en/clips/arctic/common_voice_en_18608218.opus,arctic
./data/macroset/en/clips/declared/common_voice_en_644925.opus,declared
./data/macroset/en/clips/declared/common_voice_en_21914659.opus,declared
./data/macroset/en/clips/declared/common_voice_en_21673070.opus,declared
./data/macroset/en/clips/declared/common_voice_en_665792.opus,declared
./data/macroset/en/clips/declared/common_voice_en_19702283.opus,declared
./data/macroset/en/clips/skates/common_voice_en_132674.opus,skates
./data/macroset/en/clips/skates/common_voice_en_17290218.opus,skates
./data/macroset/en/clips/skates/common_voice_en_31021.opus,skates
./data/macroset/en/clips/skates/common_voice_en_548155.opus,skates
./data/macroset/en/clips/skates/common_voice_en_17257772.opus,skates
./data/macroset/en/clips/midland/common_voice_en_21796344.opus,midland
./data/macroset/en/clips/midland/common_voice_en_21943134.opus,midland
./data/macroset/en/clips/midland/common_voice_en_21024268.opus,midland
./data/macroset/en/clips/midland/common_voice_en_20051610.opus,midland
./data/macroset/en/clips/midland/common_voice_en_20292411.opus,midland
./data/macroset/en/clips/helene/common_voice_en_18539342.opus,helene
./data/macroset/en/clips/helene/common_voice_en_18634769.opus,helene
./data/macroset/en/clips/helene/common_voice_en_18558385.opus,helene
./data/macroset/en/clips/helene/common_voice_en_18543151.opus,helene
./data/macroset/en/clips/helene/common_voice_en_18667181.opus,helene
./data/macroset/en/clips/pavilion/common_voice_en_19325032.opus,pavilion
./data/macroset/en/clips/pavilion/common_voice_en_635705.opus,pavilion
./data/macroset/en/clips/pavilion/common_voice_en_20831035.opus,pavilion
./data/macroset/en/clips/pavilion/common_voice_en_21966205.opus,pavilion
./data/macroset/en/clips/pavilion/common_voice_en_19951043.opus,pavilion
./data/macroset/en/clips/brilliantly/common_voice_en_40446.opus,brilliantly
./data/macroset/en/clips/brilliantly/common_voice_en_204326.opus,brilliantly
./data/macroset/en/clips/brilliantly/common_voice_en_658570.opus,brilliantly
./data/macroset/en/clips/brilliantly/common_voice_en_221982.opus,brilliantly
./data/macroset/en/clips/brilliantly/common_voice_en_477189.opus,brilliantly
./data/macroset/en/clips/flowing/common_voice_en_20150520.opus,flowing
./data/macroset/en/clips/flowing/common_voice_en_22006040.opus,flowing
./data/macroset/en/clips/flowing/common_voice_en_21901917.opus,flowing
./data/macroset/en/clips/flowing/common_voice_en_22182983.opus,flowing
./data/macroset/en/clips/flowing/common_voice_en_21376758.opus,flowing
./data/macroset/en/clips/documented/common_voice_en_19499343.opus,documented
./data/macroset/en/clips/documented/common_voice_en_19697159.opus,documented
./data/macroset/en/clips/documented/common_voice_en_21653087.opus,documented
./data/macroset/en/clips/documented/common_voice_en_22023933.opus,documented
./data/macroset/en/clips/documented/common_voice_en_19877991.opus,documented
./data/macroset/en/clips/awarded/common_voice_en_21180336.opus,awarded
./data/macroset/en/clips/awarded/common_voice_en_19981711.opus,awarded
./data/macroset/en/clips/awarded/common_voice_en_22462973.opus,awarded
./data/macroset/en/clips/awarded/common_voice_en_19836649.opus,awarded
./data/macroset/en/clips/awarded/common_voice_en_21967957.opus,awarded
./data/macroset/en/clips/greener/common_voice_en_18277381.opus,greener
./data/macroset/en/clips/greener/common_voice_en_20170258.opus,greener
./data/macroset/en/clips/greener/common_voice_en_18228340.opus,greener
./data/macroset/en/clips/greener/common_voice_en_18028752.opus,greener
./data/macroset/en/clips/greener/common_voice_en_18006655.opus,greener
./data/macroset/en/clips/voyaged/common_voice_en_18199640.opus,voyaged
./data/macroset/en/clips/voyaged/common_voice_en_18054423.opus,voyaged
./data/macroset/en/clips/voyaged/common_voice_en_18192365.opus,voyaged
./data/macroset/en/clips/voyaged/common_voice_en_18308052.opus,voyaged
./data/macroset/en/clips/voyaged/common_voice_en_18167689.opus,voyaged
./data/macroset/en/clips/wider/common_voice_en_18855051.opus,wider
./data/macroset/en/clips/wider/common_voice_en_20689999.opus,wider
./data/macroset/en/clips/wider/common_voice_en_18689754.opus,wider
./data/macroset/en/clips/wider/common_voice_en_19838443.opus,wider
./data/macroset/en/clips/wider/common_voice_en_19111758.opus,wider
./data/macroset/en/clips/bureau/common_voice_en_22157445.opus,bureau
./data/macroset/en/clips/bureau/common_voice_en_21099133.opus,bureau
./data/macroset/en/clips/bureau/common_voice_en_20737677.opus,bureau
./data/macroset/en/clips/bureau/common_voice_en_18804462.opus,bureau
./data/macroset/en/clips/bureau/common_voice_en_18906569.opus,bureau
./data/macroset/en/clips/secure/common_voice_en_18870274.opus,secure
./data/macroset/en/clips/secure/common_voice_en_506703.opus,secure
./data/macroset/en/clips/secure/common_voice_en_19267922.opus,secure
./data/macroset/en/clips/secure/common_voice_en_22226065.opus,secure
./data/macroset/en/clips/secure/common_voice_en_30863.opus,secure
./data/macroset/en/clips/things/common_voice_en_681741.opus,things
./data/macroset/en/clips/things/common_voice_en_124915.opus,things
./data/macroset/en/clips/things/common_voice_en_563986.opus,things
./data/macroset/en/clips/things/common_voice_en_165806.opus,things
./data/macroset/en/clips/things/common_voice_en_623312.opus,things
./data/macroset/en/clips/exit/common_voice_en_41546.opus,exit
./data/macroset/en/clips/exit/common_voice_en_31408.opus,exit
./data/macroset/en/clips/exit/common_voice_en_20797961.opus,exit
./data/macroset/en/clips/exit/common_voice_en_17325131.opus,exit
./data/macroset/en/clips/exit/common_voice_en_19408431.opus,exit
./data/macroset/en/clips/minneapolis/common_voice_en_21500231.opus,minneapolis
./data/macroset/en/clips/minneapolis/common_voice_en_19865616.opus,minneapolis
./data/macroset/en/clips/minneapolis/common_voice_en_18986852.opus,minneapolis
./data/macroset/en/clips/minneapolis/common_voice_en_19841339.opus,minneapolis
./data/macroset/en/clips/minneapolis/common_voice_en_21928772.opus,minneapolis
./data/macroset/en/clips/referred/common_voice_en_19764773.opus,referred
./data/macroset/en/clips/referred/common_voice_en_20764081.opus,referred
./data/macroset/en/clips/referred/common_voice_en_19668004.opus,referred
./data/macroset/en/clips/referred/common_voice_en_21350110.opus,referred
./data/macroset/en/clips/referred/common_voice_en_19946539.opus,referred
./data/macroset/en/clips/driver/common_voice_en_549237.opus,driver
./data/macroset/en/clips/driver/common_voice_en_97839.opus,driver
./data/macroset/en/clips/driver/common_voice_en_20150289.opus,driver
./data/macroset/en/clips/driver/common_voice_en_374051.opus,driver
./data/macroset/en/clips/driver/common_voice_en_648642.opus,driver
./data/macroset/en/clips/weekly/common_voice_en_20218359.opus,weekly
./data/macroset/en/clips/weekly/common_voice_en_19004257.opus,weekly
./data/macroset/en/clips/weekly/common_voice_en_19602911.opus,weekly
./data/macroset/en/clips/weekly/common_voice_en_19807042.opus,weekly
./data/macroset/en/clips/weekly/common_voice_en_20028955.opus,weekly
./data/macroset/en/clips/quarrelling/common_voice_en_17876971.opus,quarrelling
./data/macroset/en/clips/quarrelling/common_voice_en_428064.opus,quarrelling
./data/macroset/en/clips/quarrelling/common_voice_en_18032471.opus,quarrelling
./data/macroset/en/clips/quarrelling/common_voice_en_18043687.opus,quarrelling
./data/macroset/en/clips/quarrelling/common_voice_en_17984600.opus,quarrelling
./data/macroset/en/clips/established/common_voice_en_20890934.opus,established
./data/macroset/en/clips/established/common_voice_en_21112556.opus,established
./data/macroset/en/clips/established/common_voice_en_21983535.opus,established
./data/macroset/en/clips/established/common_voice_en_22129814.opus,established
./data/macroset/en/clips/established/common_voice_en_22007383.opus,established
./data/macroset/en/clips/brook/common_voice_en_19708540.opus,brook
./data/macroset/en/clips/brook/common_voice_en_20786749.opus,brook
./data/macroset/en/clips/brook/common_voice_en_22163685.opus,brook
./data/macroset/en/clips/brook/common_voice_en_22000515__2.opus,brook
./data/macroset/en/clips/brook/common_voice_en_18981749.opus,brook
./data/macroset/en/clips/learned/common_voice_en_614336.opus,learned
./data/macroset/en/clips/learned/common_voice_en_47855__2.opus,learned
./data/macroset/en/clips/learned/common_voice_en_65899__2.opus,learned
./data/macroset/en/clips/learned/common_voice_en_646327.opus,learned
./data/macroset/en/clips/learned/common_voice_en_18516676.opus,learned
./data/macroset/en/clips/proportional/common_voice_en_18671683.opus,proportional
./data/macroset/en/clips/proportional/common_voice_en_22225218.opus,proportional
./data/macroset/en/clips/proportional/common_voice_en_21359747.opus,proportional
./data/macroset/en/clips/proportional/common_voice_en_19865810.opus,proportional
./data/macroset/en/clips/proportional/common_voice_en_20267258.opus,proportional
./data/macroset/en/clips/ottoman/common_voice_en_20103862.opus,ottoman
./data/macroset/en/clips/ottoman/common_voice_en_19374523.opus,ottoman
./data/macroset/en/clips/ottoman/common_voice_en_19876760.opus,ottoman
./data/macroset/en/clips/ottoman/common_voice_en_20226822.opus,ottoman
./data/macroset/en/clips/ottoman/common_voice_en_21795940.opus,ottoman
./data/macroset/en/clips/toronto/common_voice_en_19971667.opus,toronto
./data/macroset/en/clips/toronto/common_voice_en_19369656.opus,toronto
./data/macroset/en/clips/toronto/common_voice_en_21331592.opus,toronto
./data/macroset/en/clips/toronto/common_voice_en_21083697.opus,toronto
./data/macroset/en/clips/toronto/common_voice_en_21787956.opus,toronto
./data/macroset/en/clips/bowling/common_voice_en_20167169.opus,bowling
./data/macroset/en/clips/bowling/common_voice_en_20287776.opus,bowling
./data/macroset/en/clips/bowling/common_voice_en_20975231.opus,bowling
./data/macroset/en/clips/bowling/common_voice_en_19453986.opus,bowling
./data/macroset/en/clips/bowling/common_voice_en_19825625.opus,bowling
./data/macroset/en/clips/warren/common_voice_en_20921922.opus,warren
./data/macroset/en/clips/warren/common_voice_en_54380.opus,warren
./data/macroset/en/clips/warren/common_voice_en_21342410.opus,warren
./data/macroset/en/clips/warren/common_voice_en_21829764.opus,warren
./data/macroset/en/clips/warren/common_voice_en_22327889.opus,warren
./data/macroset/en/clips/removal/common_voice_en_20712792.opus,removal
./data/macroset/en/clips/removal/common_voice_en_20828872.opus,removal
./data/macroset/en/clips/removal/common_voice_en_20050135.opus,removal
./data/macroset/en/clips/removal/common_voice_en_20846889.opus,removal
./data/macroset/en/clips/removal/common_voice_en_18757739.opus,removal
./data/macroset/en/clips/tampa/common_voice_en_19981083.opus,tampa
./data/macroset/en/clips/tampa/common_voice_en_20162881.opus,tampa
./data/macroset/en/clips/tampa/common_voice_en_19707337.opus,tampa
./data/macroset/en/clips/tampa/common_voice_en_20141455.opus,tampa
./data/macroset/en/clips/tampa/common_voice_en_21877002.opus,tampa
./data/macroset/en/clips/native/common_voice_en_18985458.opus,native
./data/macroset/en/clips/native/common_voice_en_21795156.opus,native
./data/macroset/en/clips/native/common_voice_en_19948914.opus,native
./data/macroset/en/clips/native/common_voice_en_594338.opus,native
./data/macroset/en/clips/native/common_voice_en_19132587.opus,native
./data/macroset/en/clips/ash/common_voice_en_19027007.opus,ash
./data/macroset/en/clips/ash/common_voice_en_22094.opus,ash
./data/macroset/en/clips/ash/common_voice_en_479524.opus,ash
./data/macroset/en/clips/ash/common_voice_en_514633.opus,ash
./data/macroset/en/clips/ash/common_voice_en_546970.opus,ash
./data/macroset/en/clips/prefer/common_voice_en_185539.opus,prefer
./data/macroset/en/clips/prefer/common_voice_en_542180.opus,prefer
./data/macroset/en/clips/prefer/common_voice_en_18441548.opus,prefer
./data/macroset/en/clips/prefer/common_voice_en_502008.opus,prefer
./data/macroset/en/clips/prefer/common_voice_en_18502742.opus,prefer
./data/macroset/en/clips/week/common_voice_en_18450860.opus,week
./data/macroset/en/clips/week/common_voice_en_546614.opus,week
./data/macroset/en/clips/week/common_voice_en_610884.opus,week
./data/macroset/en/clips/week/common_voice_en_18144952.opus,week
./data/macroset/en/clips/week/common_voice_en_524597.opus,week
./data/macroset/en/clips/benches/common_voice_en_19196537.opus,benches
./data/macroset/en/clips/benches/common_voice_en_19805864.opus,benches
./data/macroset/en/clips/benches/common_voice_en_22336896.opus,benches
./data/macroset/en/clips/benches/common_voice_en_22444667.opus,benches
./data/macroset/en/clips/benches/common_voice_en_19437549.opus,benches
./data/macroset/en/clips/attached/common_voice_en_20984216.opus,attached
./data/macroset/en/clips/attached/common_voice_en_22322819.opus,attached
./data/macroset/en/clips/attached/common_voice_en_20576827.opus,attached
./data/macroset/en/clips/attached/common_voice_en_19483528.opus,attached
./data/macroset/en/clips/attached/common_voice_en_22096353.opus,attached
./data/macroset/en/clips/laura/common_voice_en_652134.opus,laura
./data/macroset/en/clips/laura/common_voice_en_20114502.opus,laura
./data/macroset/en/clips/laura/common_voice_en_20750414.opus,laura
./data/macroset/en/clips/laura/common_voice_en_20637098.opus,laura
./data/macroset/en/clips/laura/common_voice_en_22367432.opus,laura
./data/macroset/en/clips/devastated/common_voice_en_19790819.opus,devastated
./data/macroset/en/clips/devastated/common_voice_en_600354.opus,devastated
./data/macroset/en/clips/devastated/common_voice_en_666917.opus,devastated
./data/macroset/en/clips/devastated/common_voice_en_689112.opus,devastated
./data/macroset/en/clips/devastated/common_voice_en_17895697.opus,devastated
./data/macroset/en/clips/infancy/common_voice_en_20031374.opus,infancy
./data/macroset/en/clips/infancy/common_voice_en_20784027.opus,infancy
./data/macroset/en/clips/infancy/common_voice_en_21250649.opus,infancy
./data/macroset/en/clips/infancy/common_voice_en_20260533.opus,infancy
./data/macroset/en/clips/infancy/common_voice_en_20260608.opus,infancy
./data/macroset/en/clips/discouraged/common_voice_en_20427275.opus,discouraged
./data/macroset/en/clips/discouraged/common_voice_en_21887706.opus,discouraged
./data/macroset/en/clips/discouraged/common_voice_en_22107221.opus,discouraged
./data/macroset/en/clips/discouraged/common_voice_en_22130206.opus,discouraged
./data/macroset/en/clips/discouraged/common_voice_en_19505411.opus,discouraged
./data/macroset/en/clips/similarly/common_voice_en_19942864.opus,similarly
./data/macroset/en/clips/similarly/common_voice_en_21016421.opus,similarly
./data/macroset/en/clips/similarly/common_voice_en_19022319.opus,similarly
./data/macroset/en/clips/similarly/common_voice_en_22307876.opus,similarly
./data/macroset/en/clips/similarly/common_voice_en_22355209.opus,similarly
./data/macroset/en/clips/bestselling/common_voice_en_86417.opus,bestselling
./data/macroset/en/clips/bestselling/common_voice_en_18162760.opus,bestselling
./data/macroset/en/clips/bestselling/common_voice_en_309329.opus,bestselling
./data/macroset/en/clips/bestselling/common_voice_en_361692.opus,bestselling
./data/macroset/en/clips/bestselling/common_voice_en_345355.opus,bestselling
./data/macroset/en/clips/behalf/common_voice_en_18862226.opus,behalf
./data/macroset/en/clips/behalf/common_voice_en_19721801.opus,behalf
./data/macroset/en/clips/behalf/common_voice_en_18852997.opus,behalf
./data/macroset/en/clips/behalf/common_voice_en_18878795.opus,behalf
./data/macroset/en/clips/behalf/common_voice_en_21252542.opus,behalf
./data/macroset/en/clips/bangladesh/common_voice_en_20189926.opus,bangladesh
./data/macroset/en/clips/bangladesh/common_voice_en_19526609.opus,bangladesh
./data/macroset/en/clips/bangladesh/common_voice_en_18814785.opus,bangladesh
./data/macroset/en/clips/bangladesh/common_voice_en_17733493.opus,bangladesh
./data/macroset/en/clips/bangladesh/common_voice_en_20051825__2.opus,bangladesh
./data/macroset/en/clips/listing/common_voice_en_20343592.opus,listing
./data/macroset/en/clips/listing/common_voice_en_21139538.opus,listing
./data/macroset/en/clips/listing/common_voice_en_19547405.opus,listing
./data/macroset/en/clips/listing/common_voice_en_19909032.opus,listing
./data/macroset/en/clips/listing/common_voice_en_21851641.opus,listing
./data/macroset/en/clips/mayonnaise/common_voice_en_17390512.opus,mayonnaise
./data/macroset/en/clips/mayonnaise/common_voice_en_24118.opus,mayonnaise
./data/macroset/en/clips/mayonnaise/common_voice_en_2409891.opus,mayonnaise
./data/macroset/en/clips/mayonnaise/common_voice_en_17264910.opus,mayonnaise
./data/macroset/en/clips/mayonnaise/common_voice_en_17263374.opus,mayonnaise
./data/macroset/en/clips/ribbon/common_voice_en_486522.opus,ribbon
./data/macroset/en/clips/ribbon/common_voice_en_20310124.opus,ribbon
./data/macroset/en/clips/ribbon/common_voice_en_19684099.opus,ribbon
./data/macroset/en/clips/ribbon/common_voice_en_20243568.opus,ribbon
./data/macroset/en/clips/ribbon/common_voice_en_19625647.opus,ribbon
./data/macroset/en/clips/adjacent/common_voice_en_19681624.opus,adjacent
./data/macroset/en/clips/adjacent/common_voice_en_19476219.opus,adjacent
./data/macroset/en/clips/adjacent/common_voice_en_20160270.opus,adjacent
./data/macroset/en/clips/adjacent/common_voice_en_19579187.opus,adjacent
./data/macroset/en/clips/adjacent/common_voice_en_19837274.opus,adjacent
./data/macroset/en/clips/thai/common_voice_en_19781615.opus,thai
./data/macroset/en/clips/thai/common_voice_en_19573365.opus,thai
./data/macroset/en/clips/thai/common_voice_en_18989876.opus,thai
./data/macroset/en/clips/thai/common_voice_en_20505950.opus,thai
./data/macroset/en/clips/thai/common_voice_en_22265005.opus,thai
./data/macroset/en/clips/promises/common_voice_en_647342.opus,promises
./data/macroset/en/clips/promises/common_voice_en_685093.opus,promises
./data/macroset/en/clips/promises/common_voice_en_68800.opus,promises
./data/macroset/en/clips/promises/common_voice_en_215607.opus,promises
./data/macroset/en/clips/promises/common_voice_en_425943.opus,promises
./data/macroset/en/clips/abusive/common_voice_en_21320533.opus,abusive
./data/macroset/en/clips/abusive/common_voice_en_17849208.opus,abusive
./data/macroset/en/clips/abusive/common_voice_en_18032214.opus,abusive
./data/macroset/en/clips/abusive/common_voice_en_18994370.opus,abusive
./data/macroset/en/clips/abusive/common_voice_en_21456202.opus,abusive
./data/macroset/en/clips/morrison/common_voice_en_21333124.opus,morrison
./data/macroset/en/clips/morrison/common_voice_en_21289206.opus,morrison
./data/macroset/en/clips/morrison/common_voice_en_20583971.opus,morrison
./data/macroset/en/clips/morrison/common_voice_en_19726595.opus,morrison
./data/macroset/en/clips/morrison/common_voice_en_21334214.opus,morrison
./data/macroset/en/clips/dog/common_voice_en_492219.opus,dog
./data/macroset/en/clips/dog/common_voice_en_487529.opus,dog
./data/macroset/en/clips/dog/common_voice_en_486404.opus,dog
./data/macroset/en/clips/dog/common_voice_en_84202.opus,dog
./data/macroset/en/clips/dog/common_voice_en_388989.opus,dog
./data/macroset/en/clips/reaches/common_voice_en_19342871.opus,reaches
./data/macroset/en/clips/reaches/common_voice_en_17959409.opus,reaches
./data/macroset/en/clips/reaches/common_voice_en_247153.opus,reaches
./data/macroset/en/clips/reaches/common_voice_en_468701.opus,reaches
./data/macroset/en/clips/reaches/common_voice_en_411659.opus,reaches
./data/macroset/en/clips/discretion/common_voice_en_20848228.opus,discretion
./data/macroset/en/clips/discretion/common_voice_en_20428382.opus,discretion
./data/macroset/en/clips/discretion/common_voice_en_18130290.opus,discretion
./data/macroset/en/clips/discretion/common_voice_en_17932163.opus,discretion
./data/macroset/en/clips/discretion/common_voice_en_392540.opus,discretion
./data/macroset/en/clips/buddhist/common_voice_en_19333740.opus,buddhist
./data/macroset/en/clips/buddhist/common_voice_en_19625471.opus,buddhist
./data/macroset/en/clips/buddhist/common_voice_en_22090970.opus,buddhist
./data/macroset/en/clips/buddhist/common_voice_en_22136183.opus,buddhist
./data/macroset/en/clips/buddhist/common_voice_en_18343928.opus,buddhist
./data/macroset/en/clips/descriptions/common_voice_en_20133285.opus,descriptions
./data/macroset/en/clips/descriptions/common_voice_en_19515662.opus,descriptions
./data/macroset/en/clips/descriptions/common_voice_en_21591628.opus,descriptions
./data/macroset/en/clips/descriptions/common_voice_en_20679540.opus,descriptions
./data/macroset/en/clips/descriptions/common_voice_en_21684146.opus,descriptions
./data/macroset/en/clips/sanders/common_voice_en_21220723.opus,sanders
./data/macroset/en/clips/sanders/common_voice_en_19696278.opus,sanders
./data/macroset/en/clips/sanders/common_voice_en_22223196.opus,sanders
./data/macroset/en/clips/sanders/common_voice_en_20027416.opus,sanders
./data/macroset/en/clips/sanders/common_voice_en_21284292.opus,sanders
./data/macroset/en/clips/attend/common_voice_en_641435.opus,attend
./data/macroset/en/clips/attend/common_voice_en_17703022.opus,attend
./data/macroset/en/clips/attend/common_voice_en_20302233.opus,attend
./data/macroset/en/clips/attend/common_voice_en_19796765.opus,attend
./data/macroset/en/clips/attend/common_voice_en_20475171.opus,attend
./data/macroset/en/clips/determine/common_voice_en_17253573.opus,determine
./data/macroset/en/clips/determine/common_voice_en_699030.opus,determine
./data/macroset/en/clips/determine/common_voice_en_18700272.opus,determine
./data/macroset/en/clips/determine/common_voice_en_20583512.opus,determine
./data/macroset/en/clips/determine/common_voice_en_18604841.opus,determine
./data/macroset/en/clips/beside/common_voice_en_541293.opus,beside
./data/macroset/en/clips/beside/common_voice_en_119507.opus,beside
./data/macroset/en/clips/beside/common_voice_en_209271.opus,beside
./data/macroset/en/clips/beside/common_voice_en_18621888.opus,beside
./data/macroset/en/clips/beside/common_voice_en_18510280.opus,beside
./data/macroset/en/clips/underwear/common_voice_en_158774.opus,underwear
./data/macroset/en/clips/underwear/common_voice_en_133571.opus,underwear
./data/macroset/en/clips/underwear/common_voice_en_18745502.opus,underwear
./data/macroset/en/clips/underwear/common_voice_en_502531.opus,underwear
./data/macroset/en/clips/underwear/common_voice_en_507556.opus,underwear
./data/macroset/en/clips/bobbing/common_voice_en_565632.opus,bobbing
./data/macroset/en/clips/bobbing/common_voice_en_19716188.opus,bobbing
./data/macroset/en/clips/bobbing/common_voice_en_92687.opus,bobbing
./data/macroset/en/clips/bobbing/common_voice_en_67864.opus,bobbing
./data/macroset/en/clips/bobbing/common_voice_en_57448.opus,bobbing
./data/macroset/en/clips/flip/common_voice_en_558812.opus,flip
./data/macroset/en/clips/flip/common_voice_en_18893958.opus,flip
./data/macroset/en/clips/flip/common_voice_en_20739771.opus,flip
./data/macroset/en/clips/flip/common_voice_en_630344.opus,flip
./data/macroset/en/clips/flip/common_voice_en_611967.opus,flip
./data/macroset/en/clips/psychologist/common_voice_en_20792975.opus,psychologist
./data/macroset/en/clips/psychologist/common_voice_en_18686549.opus,psychologist
./data/macroset/en/clips/psychologist/common_voice_en_19533702.opus,psychologist
./data/macroset/en/clips/psychologist/common_voice_en_17680855.opus,psychologist
./data/macroset/en/clips/psychologist/common_voice_en_17291594.opus,psychologist
./data/macroset/en/clips/states/common_voice_en_20160446.opus,states
./data/macroset/en/clips/states/common_voice_en_19137246.opus,states
./data/macroset/en/clips/states/common_voice_en_22145510.opus,states
./data/macroset/en/clips/states/common_voice_en_21566551.opus,states
./data/macroset/en/clips/states/common_voice_en_18745356.opus,states
./data/macroset/en/clips/apology/common_voice_en_20799483.opus,apology
./data/macroset/en/clips/apology/common_voice_en_20796910.opus,apology
./data/macroset/en/clips/apology/common_voice_en_20105261.opus,apology
./data/macroset/en/clips/apology/common_voice_en_20880794.opus,apology
./data/macroset/en/clips/apology/common_voice_en_19782208.opus,apology
./data/macroset/en/clips/establish/common_voice_en_545981.opus,establish
./data/macroset/en/clips/establish/common_voice_en_22304901.opus,establish
./data/macroset/en/clips/establish/common_voice_en_19671921.opus,establish
./data/macroset/en/clips/establish/common_voice_en_592469.opus,establish
./data/macroset/en/clips/establish/common_voice_en_31128.opus,establish
./data/macroset/en/clips/ugly/common_voice_en_17825.opus,ugly
./data/macroset/en/clips/ugly/common_voice_en_17260383.opus,ugly
./data/macroset/en/clips/ugly/common_voice_en_676528.opus,ugly
./data/macroset/en/clips/ugly/common_voice_en_18503262.opus,ugly
./data/macroset/en/clips/ugly/common_voice_en_99844.opus,ugly
./data/macroset/en/clips/doves/common_voice_en_17263749.opus,doves
./data/macroset/en/clips/doves/common_voice_en_2283832.opus,doves
./data/macroset/en/clips/doves/common_voice_en_17271215.opus,doves
./data/macroset/en/clips/doves/common_voice_en_17343763.opus,doves
./data/macroset/en/clips/doves/common_voice_en_19857276.opus,doves
./data/macroset/en/clips/drift/common_voice_en_557996.opus,drift
./data/macroset/en/clips/drift/common_voice_en_550098.opus,drift
./data/macroset/en/clips/drift/common_voice_en_19670747.opus,drift
./data/macroset/en/clips/drift/common_voice_en_505879.opus,drift
./data/macroset/en/clips/drift/common_voice_en_655901.opus,drift
./data/macroset/en/clips/gravitational/common_voice_en_18692157.opus,gravitational
./data/macroset/en/clips/gravitational/common_voice_en_670404.opus,gravitational
./data/macroset/en/clips/gravitational/common_voice_en_253809.opus,gravitational
./data/macroset/en/clips/gravitational/common_voice_en_572906.opus,gravitational
./data/macroset/en/clips/gravitational/common_voice_en_18163372.opus,gravitational
./data/macroset/en/clips/sheared/common_voice_en_139040.opus,sheared
./data/macroset/en/clips/sheared/common_voice_en_155702.opus,sheared
./data/macroset/en/clips/sheared/common_voice_en_628403.opus,sheared
./data/macroset/en/clips/sheared/common_voice_en_3718.opus,sheared
./data/macroset/en/clips/sheared/common_voice_en_18929.opus,sheared
./data/macroset/en/clips/rating/common_voice_en_22208495.opus,rating
./data/macroset/en/clips/rating/common_voice_en_19786087.opus,rating
./data/macroset/en/clips/rating/common_voice_en_21754130.opus,rating
./data/macroset/en/clips/rating/common_voice_en_22160645.opus,rating
./data/macroset/en/clips/rating/common_voice_en_22154450.opus,rating
./data/macroset/en/clips/appeal/common_voice_en_181880.opus,appeal
./data/macroset/en/clips/appeal/common_voice_en_18852736.opus,appeal
./data/macroset/en/clips/appeal/common_voice_en_21131610.opus,appeal
./data/macroset/en/clips/appeal/common_voice_en_546595.opus,appeal
./data/macroset/en/clips/appeal/common_voice_en_19545203__2.opus,appeal
./data/macroset/en/clips/camden/common_voice_en_19204173.opus,camden
./data/macroset/en/clips/camden/common_voice_en_19947619.opus,camden
./data/macroset/en/clips/camden/common_voice_en_19983689.opus,camden
./data/macroset/en/clips/camden/common_voice_en_20857352.opus,camden
./data/macroset/en/clips/camden/common_voice_en_19988269.opus,camden
./data/macroset/en/clips/foundations/common_voice_en_20437198.opus,foundations
./data/macroset/en/clips/foundations/common_voice_en_19615328.opus,foundations
./data/macroset/en/clips/foundations/common_voice_en_21892838.opus,foundations
./data/macroset/en/clips/foundations/common_voice_en_18852596.opus,foundations
./data/macroset/en/clips/foundations/common_voice_en_20404171.opus,foundations
./data/macroset/en/clips/homeboy/common_voice_en_17367066.opus,homeboy
./data/macroset/en/clips/homeboy/common_voice_en_17993864.opus,homeboy
./data/macroset/en/clips/homeboy/common_voice_en_17891477.opus,homeboy
./data/macroset/en/clips/homeboy/common_voice_en_514580.opus,homeboy
./data/macroset/en/clips/homeboy/common_voice_en_1757683.opus,homeboy
./data/macroset/en/clips/knives/common_voice_en_20900148.opus,knives
./data/macroset/en/clips/knives/common_voice_en_20522822.opus,knives
./data/macroset/en/clips/knives/common_voice_en_19795605.opus,knives
./data/macroset/en/clips/knives/common_voice_en_22117067.opus,knives
./data/macroset/en/clips/knives/common_voice_en_21485320.opus,knives
./data/macroset/en/clips/radiogram/common_voice_en_31860.opus,radiogram
./data/macroset/en/clips/radiogram/common_voice_en_613426.opus,radiogram
./data/macroset/en/clips/radiogram/common_voice_en_18150467.opus,radiogram
./data/macroset/en/clips/radiogram/common_voice_en_17389472.opus,radiogram
./data/macroset/en/clips/radiogram/common_voice_en_17391048.opus,radiogram
./data/macroset/en/clips/lemon/common_voice_en_22316435.opus,lemon
./data/macroset/en/clips/lemon/common_voice_en_522960.opus,lemon
./data/macroset/en/clips/lemon/common_voice_en_18878440.opus,lemon
./data/macroset/en/clips/lemon/common_voice_en_20048433.opus,lemon
./data/macroset/en/clips/lemon/common_voice_en_18015459.opus,lemon
./data/macroset/en/clips/comings/common_voice_en_541501.opus,comings
./data/macroset/en/clips/comings/common_voice_en_637361.opus,comings
./data/macroset/en/clips/comings/common_voice_en_550183.opus,comings
./data/macroset/en/clips/comings/common_voice_en_74600.opus,comings
./data/macroset/en/clips/comings/common_voice_en_143878.opus,comings
./data/macroset/en/clips/unruly/common_voice_en_18161987.opus,unruly
./data/macroset/en/clips/unruly/common_voice_en_17922164.opus,unruly
./data/macroset/en/clips/unruly/common_voice_en_17983351.opus,unruly
./data/macroset/en/clips/unruly/common_voice_en_304234.opus,unruly
./data/macroset/en/clips/unruly/common_voice_en_496704.opus,unruly
./data/macroset/en/clips/resolve/common_voice_en_620976.opus,resolve
./data/macroset/en/clips/resolve/common_voice_en_183654.opus,resolve
./data/macroset/en/clips/resolve/common_voice_en_18821233.opus,resolve
./data/macroset/en/clips/resolve/common_voice_en_2340496.opus,resolve
./data/macroset/en/clips/resolve/common_voice_en_20843726.opus,resolve
./data/macroset/en/clips/naked/common_voice_en_73435.opus,naked
./data/macroset/en/clips/naked/common_voice_en_17718556.opus,naked
./data/macroset/en/clips/naked/common_voice_en_554316.opus,naked
./data/macroset/en/clips/naked/common_voice_en_20850055.opus,naked
./data/macroset/en/clips/naked/common_voice_en_50950.opus,naked
./data/macroset/en/clips/kindly/common_voice_en_18416105.opus,kindly
./data/macroset/en/clips/kindly/common_voice_en_18480690.opus,kindly
./data/macroset/en/clips/kindly/common_voice_en_537036.opus,kindly
./data/macroset/en/clips/kindly/common_voice_en_18510689.opus,kindly
./data/macroset/en/clips/kindly/common_voice_en_216866.opus,kindly
./data/macroset/en/clips/rodin/common_voice_en_61513.opus,rodin
./data/macroset/en/clips/rodin/common_voice_en_666607.opus,rodin
./data/macroset/en/clips/rodin/common_voice_en_561629.opus,rodin
./data/macroset/en/clips/rodin/common_voice_en_186685.opus,rodin
./data/macroset/en/clips/rodin/common_voice_en_33130.opus,rodin
./data/macroset/en/clips/badge/common_voice_en_18943114.opus,badge
./data/macroset/en/clips/badge/common_voice_en_21111319.opus,badge
./data/macroset/en/clips/badge/common_voice_en_20290258.opus,badge
./data/macroset/en/clips/badge/common_voice_en_219416.opus,badge
./data/macroset/en/clips/badge/common_voice_en_577245.opus,badge
./data/macroset/en/clips/reason/common_voice_en_21812342.opus,reason
./data/macroset/en/clips/reason/common_voice_en_644109.opus,reason
./data/macroset/en/clips/reason/common_voice_en_20176508.opus,reason
./data/macroset/en/clips/reason/common_voice_en_19786604.opus,reason
./data/macroset/en/clips/reason/common_voice_en_17273523.opus,reason
./data/macroset/en/clips/signing/common_voice_en_20994392.opus,signing
./data/macroset/en/clips/signing/common_voice_en_20322233.opus,signing
./data/macroset/en/clips/signing/common_voice_en_22135094.opus,signing
./data/macroset/en/clips/signing/common_voice_en_20312220.opus,signing
./data/macroset/en/clips/signing/common_voice_en_19412017.opus,signing
./data/macroset/en/clips/expedition/common_voice_en_22135063.opus,expedition
./data/macroset/en/clips/expedition/common_voice_en_19786130.opus,expedition
./data/macroset/en/clips/expedition/common_voice_en_20363116.opus,expedition
./data/macroset/en/clips/expedition/common_voice_en_20361555.opus,expedition
./data/macroset/en/clips/expedition/common_voice_en_20289309.opus,expedition
./data/macroset/en/clips/permission/common_voice_en_27361.opus,permission
./data/macroset/en/clips/permission/common_voice_en_19848047.opus,permission
./data/macroset/en/clips/permission/common_voice_en_479204.opus,permission
./data/macroset/en/clips/permission/common_voice_en_298478.opus,permission
./data/macroset/en/clips/permission/common_voice_en_21510876.opus,permission
./data/macroset/en/clips/pastry/common_voice_en_536591.opus,pastry
./data/macroset/en/clips/pastry/common_voice_en_545716.opus,pastry
./data/macroset/en/clips/pastry/common_voice_en_642953.opus,pastry
./data/macroset/en/clips/pastry/common_voice_en_98431.opus,pastry
./data/macroset/en/clips/pastry/common_voice_en_688874.opus,pastry
./data/macroset/en/clips/battery/common_voice_en_22445511.opus,battery
./data/macroset/en/clips/battery/common_voice_en_20731076.opus,battery
./data/macroset/en/clips/battery/common_voice_en_19942285.opus,battery
./data/macroset/en/clips/battery/common_voice_en_75665.opus,battery
./data/macroset/en/clips/battery/common_voice_en_19773211.opus,battery
./data/macroset/en/clips/persuaded/common_voice_en_18648852.opus,persuaded
./data/macroset/en/clips/persuaded/common_voice_en_31632.opus,persuaded
./data/macroset/en/clips/persuaded/common_voice_en_185739.opus,persuaded
./data/macroset/en/clips/persuaded/common_voice_en_670928.opus,persuaded
./data/macroset/en/clips/persuaded/common_voice_en_628881.opus,persuaded
./data/macroset/en/clips/forever/common_voice_en_21868529.opus,forever
./data/macroset/en/clips/forever/common_voice_en_18520266.opus,forever
./data/macroset/en/clips/forever/common_voice_en_559858.opus,forever
./data/macroset/en/clips/forever/common_voice_en_17272724.opus,forever
./data/macroset/en/clips/forever/common_voice_en_17723595.opus,forever
./data/macroset/en/clips/activity/common_voice_en_20572137.opus,activity
./data/macroset/en/clips/activity/common_voice_en_18297310.opus,activity
./data/macroset/en/clips/activity/common_voice_en_21764867.opus,activity
./data/macroset/en/clips/activity/common_voice_en_20113928.opus,activity
./data/macroset/en/clips/activity/common_voice_en_613000.opus,activity
./data/macroset/en/clips/soaking/common_voice_en_98687.opus,soaking
./data/macroset/en/clips/soaking/common_voice_en_19522937.opus,soaking
./data/macroset/en/clips/soaking/common_voice_en_506662.opus,soaking
./data/macroset/en/clips/soaking/common_voice_en_17403014.opus,soaking
./data/macroset/en/clips/soaking/common_voice_en_18067019.opus,soaking
./data/macroset/en/clips/involvement/common_voice_en_22008124.opus,involvement
./data/macroset/en/clips/involvement/common_voice_en_20498804.opus,involvement
./data/macroset/en/clips/involvement/common_voice_en_21782559.opus,involvement
./data/macroset/en/clips/involvement/common_voice_en_18745346.opus,involvement
./data/macroset/en/clips/involvement/common_voice_en_21555552.opus,involvement
./data/macroset/en/clips/recycled/common_voice_en_18297610.opus,recycled
./data/macroset/en/clips/recycled/common_voice_en_504291.opus,recycled
./data/macroset/en/clips/recycled/common_voice_en_21764843.opus,recycled
./data/macroset/en/clips/recycled/common_voice_en_18305510.opus,recycled
./data/macroset/en/clips/recycled/common_voice_en_645670.opus,recycled
./data/macroset/en/clips/corpus/common_voice_en_19886673.opus,corpus
./data/macroset/en/clips/corpus/common_voice_en_19967657.opus,corpus
./data/macroset/en/clips/corpus/common_voice_en_20978747.opus,corpus
./data/macroset/en/clips/corpus/common_voice_en_20038560.opus,corpus
./data/macroset/en/clips/corpus/common_voice_en_20997214.opus,corpus
./data/macroset/en/clips/concourse/common_voice_en_18125379.opus,concourse
./data/macroset/en/clips/concourse/common_voice_en_18070419.opus,concourse
./data/macroset/en/clips/concourse/common_voice_en_19698122.opus,concourse
./data/macroset/en/clips/concourse/common_voice_en_18095006.opus,concourse
./data/macroset/en/clips/concourse/common_voice_en_17886218.opus,concourse
./data/macroset/en/clips/northwestern/common_voice_en_22248551.opus,northwestern
./data/macroset/en/clips/northwestern/common_voice_en_18780264.opus,northwestern
./data/macroset/en/clips/northwestern/common_voice_en_22099711.opus,northwestern
./data/macroset/en/clips/northwestern/common_voice_en_20339458.opus,northwestern
./data/macroset/en/clips/northwestern/common_voice_en_19945531.opus,northwestern
./data/macroset/en/clips/sunburn/common_voice_en_18283281.opus,sunburn
./data/macroset/en/clips/sunburn/common_voice_en_19657169.opus,sunburn
./data/macroset/en/clips/sunburn/common_voice_en_18249349.opus,sunburn
./data/macroset/en/clips/sunburn/common_voice_en_18246464.opus,sunburn
./data/macroset/en/clips/sunburn/common_voice_en_18176968.opus,sunburn
./data/macroset/en/clips/slaughter/common_voice_en_94829.opus,slaughter
./data/macroset/en/clips/slaughter/common_voice_en_582062.opus,slaughter
./data/macroset/en/clips/slaughter/common_voice_en_18887001.opus,slaughter
./data/macroset/en/clips/slaughter/common_voice_en_550082.opus,slaughter
./data/macroset/en/clips/slaughter/common_voice_en_35186.opus,slaughter
./data/macroset/en/clips/sometime/common_voice_en_19823579.opus,sometime
./data/macroset/en/clips/sometime/common_voice_en_665333.opus,sometime
./data/macroset/en/clips/sometime/common_voice_en_638110.opus,sometime
./data/macroset/en/clips/sometime/common_voice_en_22179057.opus,sometime
./data/macroset/en/clips/sometime/common_voice_en_523865.opus,sometime
./data/macroset/en/clips/hinted/common_voice_en_683950.opus,hinted
./data/macroset/en/clips/hinted/common_voice_en_68540.opus,hinted
./data/macroset/en/clips/hinted/common_voice_en_567910.opus,hinted
./data/macroset/en/clips/hinted/common_voice_en_488045.opus,hinted
./data/macroset/en/clips/hinted/common_voice_en_651379.opus,hinted
./data/macroset/en/clips/cave/common_voice_en_21511704.opus,cave
./data/macroset/en/clips/cave/common_voice_en_20126088.opus,cave
./data/macroset/en/clips/cave/common_voice_en_21995481.opus,cave
./data/macroset/en/clips/cave/common_voice_en_18144377.opus,cave
./data/macroset/en/clips/cave/common_voice_en_19808060.opus,cave
./data/macroset/en/clips/playground/common_voice_en_20104941.opus,playground
./data/macroset/en/clips/playground/common_voice_en_19463888.opus,playground
./data/macroset/en/clips/playground/common_voice_en_20831035.opus,playground
./data/macroset/en/clips/playground/common_voice_en_606834.opus,playground
./data/macroset/en/clips/playground/common_voice_en_21253797.opus,playground
./data/macroset/en/clips/impact/common_voice_en_80214.opus,impact
./data/macroset/en/clips/impact/common_voice_en_20763380.opus,impact
./data/macroset/en/clips/impact/common_voice_en_90937.opus,impact
./data/macroset/en/clips/impact/common_voice_en_621010.opus,impact
./data/macroset/en/clips/impact/common_voice_en_568745.opus,impact
./data/macroset/en/clips/aerial/common_voice_en_20236517.opus,aerial
./data/macroset/en/clips/aerial/common_voice_en_19641752.opus,aerial
./data/macroset/en/clips/aerial/common_voice_en_21137954.opus,aerial
./data/macroset/en/clips/aerial/common_voice_en_21827338.opus,aerial
./data/macroset/en/clips/aerial/common_voice_en_18816485.opus,aerial
./data/macroset/en/clips/doomed/common_voice_en_19943173.opus,doomed
./data/macroset/en/clips/doomed/common_voice_en_549640.opus,doomed
./data/macroset/en/clips/doomed/common_voice_en_20143624.opus,doomed
./data/macroset/en/clips/doomed/common_voice_en_17851617.opus,doomed
./data/macroset/en/clips/doomed/common_voice_en_2202984.opus,doomed
./data/macroset/en/clips/stomach/common_voice_en_1858115.opus,stomach
./data/macroset/en/clips/stomach/common_voice_en_17658425.opus,stomach
./data/macroset/en/clips/stomach/common_voice_en_20628025.opus,stomach
./data/macroset/en/clips/stomach/common_voice_en_18066436.opus,stomach
./data/macroset/en/clips/stomach/common_voice_en_18401499.opus,stomach
./data/macroset/en/clips/switching/common_voice_en_18779647.opus,switching
./data/macroset/en/clips/switching/common_voice_en_544747.opus,switching
./data/macroset/en/clips/switching/common_voice_en_651056.opus,switching
./data/macroset/en/clips/switching/common_voice_en_20527108.opus,switching
./data/macroset/en/clips/switching/common_voice_en_21531802.opus,switching
./data/macroset/en/clips/kirk/common_voice_en_19641028.opus,kirk
./data/macroset/en/clips/kirk/common_voice_en_22294237.opus,kirk
./data/macroset/en/clips/kirk/common_voice_en_19490754.opus,kirk
./data/macroset/en/clips/kirk/common_voice_en_20625085.opus,kirk
./data/macroset/en/clips/kirk/common_voice_en_19983172.opus,kirk
./data/macroset/en/clips/fifty/common_voice_en_576385.opus,fifty
./data/macroset/en/clips/fifty/common_voice_en_696933.opus,fifty
./data/macroset/en/clips/fifty/common_voice_en_73564.opus,fifty
./data/macroset/en/clips/fifty/common_voice_en_477362.opus,fifty
./data/macroset/en/clips/fifty/common_voice_en_19307773.opus,fifty
./data/macroset/en/clips/politics/common_voice_en_488701.opus,politics
./data/macroset/en/clips/politics/common_voice_en_21852008.opus,politics
./data/macroset/en/clips/politics/common_voice_en_21788647.opus,politics
./data/macroset/en/clips/politics/common_voice_en_19670275.opus,politics
./data/macroset/en/clips/politics/common_voice_en_22261877.opus,politics
./data/macroset/en/clips/nightfall/common_voice_en_480309.opus,nightfall
./data/macroset/en/clips/nightfall/common_voice_en_607044.opus,nightfall
./data/macroset/en/clips/nightfall/common_voice_en_42940.opus,nightfall
./data/macroset/en/clips/nightfall/common_voice_en_21062811.opus,nightfall
./data/macroset/en/clips/nightfall/common_voice_en_88221.opus,nightfall
./data/macroset/en/clips/looking/common_voice_en_535145.opus,looking
./data/macroset/en/clips/looking/common_voice_en_519768.opus,looking
./data/macroset/en/clips/looking/common_voice_en_73336.opus,looking
./data/macroset/en/clips/looking/common_voice_en_631045.opus,looking
./data/macroset/en/clips/looking/common_voice_en_79615.opus,looking
./data/macroset/en/clips/neil/common_voice_en_530056.opus,neil
./data/macroset/en/clips/neil/common_voice_en_21280306.opus,neil
./data/macroset/en/clips/neil/common_voice_en_20866814.opus,neil
./data/macroset/en/clips/neil/common_voice_en_20110156.opus,neil
./data/macroset/en/clips/neil/common_voice_en_19419427.opus,neil
./data/macroset/en/clips/clubs/common_voice_en_19608172.opus,clubs
./data/macroset/en/clips/clubs/common_voice_en_21329301.opus,clubs
./data/macroset/en/clips/clubs/common_voice_en_20864146.opus,clubs
./data/macroset/en/clips/clubs/common_voice_en_20235828.opus,clubs
./data/macroset/en/clips/clubs/common_voice_en_507523.opus,clubs
./data/macroset/en/clips/affair/common_voice_en_18591502.opus,affair
./data/macroset/en/clips/affair/common_voice_en_9194200.opus,affair
./data/macroset/en/clips/affair/common_voice_en_21452207.opus,affair
./data/macroset/en/clips/affair/common_voice_en_18541900.opus,affair
./data/macroset/en/clips/affair/common_voice_en_20952352.opus,affair
./data/macroset/en/clips/protest/common_voice_en_593479.opus,protest
./data/macroset/en/clips/protest/common_voice_en_197691.opus,protest
./data/macroset/en/clips/protest/common_voice_en_594651.opus,protest
./data/macroset/en/clips/protest/common_voice_en_19651888.opus,protest
./data/macroset/en/clips/protest/common_voice_en_492213.opus,protest
./data/macroset/en/clips/studied/common_voice_en_19731607.opus,studied
./data/macroset/en/clips/studied/common_voice_en_20768977.opus,studied
./data/macroset/en/clips/studied/common_voice_en_20573948.opus,studied
./data/macroset/en/clips/studied/common_voice_en_556123.opus,studied
./data/macroset/en/clips/studied/common_voice_en_19564801.opus,studied
./data/macroset/en/clips/magic/common_voice_en_58071.opus,magic
./data/macroset/en/clips/magic/common_voice_en_205498.opus,magic
./data/macroset/en/clips/magic/common_voice_en_536745.opus,magic
./data/macroset/en/clips/magic/common_voice_en_17289056.opus,magic
./data/macroset/en/clips/magic/common_voice_en_18125258.opus,magic
./data/macroset/en/clips/beetle/common_voice_en_629674.opus,beetle
./data/macroset/en/clips/beetle/common_voice_en_18118010.opus,beetle
./data/macroset/en/clips/beetle/common_voice_en_20591690.opus,beetle
./data/macroset/en/clips/beetle/common_voice_en_21444040.opus,beetle
./data/macroset/en/clips/beetle/common_voice_en_22131145.opus,beetle
./data/macroset/en/clips/scenarios/common_voice_en_22132815.opus,scenarios
./data/macroset/en/clips/scenarios/common_voice_en_476744.opus,scenarios
./data/macroset/en/clips/scenarios/common_voice_en_20735438.opus,scenarios
./data/macroset/en/clips/scenarios/common_voice_en_621211.opus,scenarios
./data/macroset/en/clips/scenarios/common_voice_en_20689800.opus,scenarios
./data/macroset/en/clips/makers/common_voice_en_19326595.opus,makers
./data/macroset/en/clips/makers/common_voice_en_20068482.opus,makers
./data/macroset/en/clips/makers/common_voice_en_21429698.opus,makers
./data/macroset/en/clips/makers/common_voice_en_21741032.opus,makers
./data/macroset/en/clips/makers/common_voice_en_22088994.opus,makers
./data/macroset/en/clips/swimming/common_voice_en_559659.opus,swimming
./data/macroset/en/clips/swimming/common_voice_en_611352.opus,swimming
./data/macroset/en/clips/swimming/common_voice_en_25234.opus,swimming
./data/macroset/en/clips/swimming/common_voice_en_19311181.opus,swimming
./data/macroset/en/clips/swimming/common_voice_en_21719846.opus,swimming
./data/macroset/en/clips/nor/common_voice_en_60795.opus,nor
./data/macroset/en/clips/nor/common_voice_en_478964.opus,nor
./data/macroset/en/clips/nor/common_voice_en_664775.opus,nor
./data/macroset/en/clips/nor/common_voice_en_574661.opus,nor
./data/macroset/en/clips/nor/common_voice_en_18331038.opus,nor
./data/macroset/en/clips/introducing/common_voice_en_19561205.opus,introducing
./data/macroset/en/clips/introducing/common_voice_en_17810763.opus,introducing
./data/macroset/en/clips/introducing/common_voice_en_17329932.opus,introducing
./data/macroset/en/clips/introducing/common_voice_en_17798744.opus,introducing
./data/macroset/en/clips/introducing/common_voice_en_19761149.opus,introducing
./data/macroset/en/clips/outrageous/common_voice_en_17984567.opus,outrageous
./data/macroset/en/clips/outrageous/common_voice_en_18971600.opus,outrageous
./data/macroset/en/clips/outrageous/common_voice_en_20383445.opus,outrageous
./data/macroset/en/clips/outrageous/common_voice_en_18354721.opus,outrageous
./data/macroset/en/clips/outrageous/common_voice_en_318920.opus,outrageous
./data/macroset/en/clips/burning/common_voice_en_68263.opus,burning
./data/macroset/en/clips/burning/common_voice_en_688405.opus,burning
./data/macroset/en/clips/burning/common_voice_en_18896482.opus,burning
./data/macroset/en/clips/burning/common_voice_en_20049576.opus,burning
./data/macroset/en/clips/burning/common_voice_en_477196.opus,burning
./data/macroset/en/clips/spoke/common_voice_en_643217__2.opus,spoke
./data/macroset/en/clips/spoke/common_voice_en_682937.opus,spoke
./data/macroset/en/clips/spoke/common_voice_en_109786.opus,spoke
./data/macroset/en/clips/spoke/common_voice_en_601870.opus,spoke
./data/macroset/en/clips/spoke/common_voice_en_182066.opus,spoke
./data/macroset/en/clips/smuggling/common_voice_en_17414051.opus,smuggling
./data/macroset/en/clips/smuggling/common_voice_en_18829406.opus,smuggling
./data/macroset/en/clips/smuggling/common_voice_en_516793.opus,smuggling
./data/macroset/en/clips/smuggling/common_voice_en_559522.opus,smuggling
./data/macroset/en/clips/smuggling/common_voice_en_63373.opus,smuggling
./data/macroset/en/clips/identify/common_voice_en_19005695.opus,identify
./data/macroset/en/clips/identify/common_voice_en_19678227.opus,identify
./data/macroset/en/clips/identify/common_voice_en_19573803.opus,identify
./data/macroset/en/clips/identify/common_voice_en_18144696.opus,identify
./data/macroset/en/clips/identify/common_voice_en_19131064.opus,identify
./data/macroset/en/clips/bookkeeper/common_voice_en_18506637.opus,bookkeeper
./data/macroset/en/clips/bookkeeper/common_voice_en_599376.opus,bookkeeper
./data/macroset/en/clips/bookkeeper/common_voice_en_484654.opus,bookkeeper
./data/macroset/en/clips/bookkeeper/common_voice_en_216617.opus,bookkeeper
./data/macroset/en/clips/bookkeeper/common_voice_en_18412756.opus,bookkeeper
./data/macroset/en/clips/liberation/common_voice_en_19989491.opus,liberation
./data/macroset/en/clips/liberation/common_voice_en_19650921.opus,liberation
./data/macroset/en/clips/liberation/common_voice_en_22375074.opus,liberation
./data/macroset/en/clips/liberation/common_voice_en_21304694.opus,liberation
./data/macroset/en/clips/liberation/common_voice_en_20961782.opus,liberation
./data/macroset/en/clips/nervous/common_voice_en_482530.opus,nervous
./data/macroset/en/clips/nervous/common_voice_en_17261958.opus,nervous
./data/macroset/en/clips/nervous/common_voice_en_550712.opus,nervous
./data/macroset/en/clips/nervous/common_voice_en_650854.opus,nervous
./data/macroset/en/clips/nervous/common_voice_en_18428872.opus,nervous
./data/macroset/en/clips/salinity/common_voice_en_17287070.opus,salinity
./data/macroset/en/clips/salinity/common_voice_en_515607.opus,salinity
./data/macroset/en/clips/salinity/common_voice_en_19711513.opus,salinity
./data/macroset/en/clips/salinity/common_voice_en_20781253.opus,salinity
./data/macroset/en/clips/salinity/common_voice_en_17690096.opus,salinity
./data/macroset/en/clips/philosophy/common_voice_en_20816472.opus,philosophy
./data/macroset/en/clips/philosophy/common_voice_en_19777486.opus,philosophy
./data/macroset/en/clips/philosophy/common_voice_en_522777.opus,philosophy
./data/macroset/en/clips/philosophy/common_voice_en_22096318.opus,philosophy
./data/macroset/en/clips/philosophy/common_voice_en_20957092.opus,philosophy
./data/macroset/en/clips/woven/common_voice_en_617107.opus,woven
./data/macroset/en/clips/woven/common_voice_en_545117.opus,woven
./data/macroset/en/clips/woven/common_voice_en_2202771.opus,woven
./data/macroset/en/clips/woven/common_voice_en_18101571.opus,woven
./data/macroset/en/clips/woven/common_voice_en_511499.opus,woven
./data/macroset/en/clips/app/common_voice_en_18413265.opus,app
./data/macroset/en/clips/app/common_voice_en_676325.opus,app
./data/macroset/en/clips/app/common_voice_en_18535156.opus,app
./data/macroset/en/clips/app/common_voice_en_20457620.opus,app
./data/macroset/en/clips/app/common_voice_en_21929965.opus,app
./data/macroset/en/clips/moist/common_voice_en_508205.opus,moist
./data/macroset/en/clips/moist/common_voice_en_686409.opus,moist
./data/macroset/en/clips/moist/common_voice_en_21341077.opus,moist
./data/macroset/en/clips/moist/common_voice_en_20581938.opus,moist
./data/macroset/en/clips/moist/common_voice_en_22068786.opus,moist
./data/macroset/en/clips/indonesian/common_voice_en_20934913__2.opus,indonesian
./data/macroset/en/clips/indonesian/common_voice_en_19663885.opus,indonesian
./data/macroset/en/clips/indonesian/common_voice_en_19802871.opus,indonesian
./data/macroset/en/clips/indonesian/common_voice_en_20791686.opus,indonesian
./data/macroset/en/clips/indonesian/common_voice_en_21304026.opus,indonesian
./data/macroset/en/clips/derivative/common_voice_en_20261793.opus,derivative
./data/macroset/en/clips/derivative/common_voice_en_20965512.opus,derivative
./data/macroset/en/clips/derivative/common_voice_en_19765027.opus,derivative
./data/macroset/en/clips/derivative/common_voice_en_22197636.opus,derivative
./data/macroset/en/clips/derivative/common_voice_en_20008858.opus,derivative
./data/macroset/en/clips/lever/common_voice_en_19701087.opus,lever
./data/macroset/en/clips/lever/common_voice_en_18717290.opus,lever
./data/macroset/en/clips/lever/common_voice_en_18767917.opus,lever
./data/macroset/en/clips/lever/common_voice_en_21091210.opus,lever
./data/macroset/en/clips/lever/common_voice_en_555669.opus,lever
./data/macroset/en/clips/eroded/common_voice_en_19689858.opus,eroded
./data/macroset/en/clips/eroded/common_voice_en_19943716.opus,eroded
./data/macroset/en/clips/eroded/common_voice_en_21128655.opus,eroded
./data/macroset/en/clips/eroded/common_voice_en_21686802.opus,eroded
./data/macroset/en/clips/eroded/common_voice_en_20135762.opus,eroded
./data/macroset/en/clips/absent/common_voice_en_17418010.opus,absent
./data/macroset/en/clips/absent/common_voice_en_18143421.opus,absent
./data/macroset/en/clips/absent/common_voice_en_21467426.opus,absent
./data/macroset/en/clips/absent/common_voice_en_19062231.opus,absent
./data/macroset/en/clips/absent/common_voice_en_20890505.opus,absent
./data/macroset/en/clips/pitcher/common_voice_en_18819125.opus,pitcher
./data/macroset/en/clips/pitcher/common_voice_en_581296.opus,pitcher
./data/macroset/en/clips/pitcher/common_voice_en_21062620.opus,pitcher
./data/macroset/en/clips/pitcher/common_voice_en_486165.opus,pitcher
./data/macroset/en/clips/pitcher/common_voice_en_515946.opus,pitcher
./data/macroset/en/clips/dare/common_voice_en_17294509.opus,dare
./data/macroset/en/clips/dare/common_voice_en_17363003.opus,dare
./data/macroset/en/clips/dare/common_voice_en_510693.opus,dare
./data/macroset/en/clips/dare/common_voice_en_18401149.opus,dare
./data/macroset/en/clips/dare/common_voice_en_597428.opus,dare
./data/macroset/en/clips/hoist/common_voice_en_18179208.opus,hoist
./data/macroset/en/clips/hoist/common_voice_en_18066011.opus,hoist
./data/macroset/en/clips/hoist/common_voice_en_18147326.opus,hoist
./data/macroset/en/clips/hoist/common_voice_en_18163235.opus,hoist
./data/macroset/en/clips/hoist/common_voice_en_285801.opus,hoist
./data/macroset/en/clips/torches/common_voice_en_592848.opus,torches
./data/macroset/en/clips/torches/common_voice_en_508698.opus,torches
./data/macroset/en/clips/torches/common_voice_en_20792169.opus,torches
./data/macroset/en/clips/torches/common_voice_en_32904.opus,torches
./data/macroset/en/clips/torches/common_voice_en_18956973.opus,torches
./data/macroset/en/clips/insisted/common_voice_en_100948.opus,insisted
./data/macroset/en/clips/insisted/common_voice_en_19312783.opus,insisted
./data/macroset/en/clips/insisted/common_voice_en_670169.opus,insisted
./data/macroset/en/clips/insisted/common_voice_en_26402.opus,insisted
./data/macroset/en/clips/insisted/common_voice_en_519271.opus,insisted
./data/macroset/en/clips/indicating/common_voice_en_21386655.opus,indicating
./data/macroset/en/clips/indicating/common_voice_en_629626.opus,indicating
./data/macroset/en/clips/indicating/common_voice_en_18758452.opus,indicating
./data/macroset/en/clips/indicating/common_voice_en_20188986.opus,indicating
./data/macroset/en/clips/indicating/common_voice_en_670217.opus,indicating
./data/macroset/en/clips/carpet/common_voice_en_18271933.opus,carpet
./data/macroset/en/clips/carpet/common_voice_en_97363.opus,carpet
./data/macroset/en/clips/carpet/common_voice_en_18125109.opus,carpet
./data/macroset/en/clips/carpet/common_voice_en_29301.opus,carpet
./data/macroset/en/clips/carpet/common_voice_en_18400847.opus,carpet
./data/macroset/en/clips/dirty/common_voice_en_619306.opus,dirty
./data/macroset/en/clips/dirty/common_voice_en_76546.opus,dirty
./data/macroset/en/clips/dirty/common_voice_en_19244309.opus,dirty
./data/macroset/en/clips/dirty/common_voice_en_208303.opus,dirty
./data/macroset/en/clips/dirty/common_voice_en_594429.opus,dirty
./data/macroset/en/clips/rapid/common_voice_en_21397939.opus,rapid
./data/macroset/en/clips/rapid/common_voice_en_21552105.opus,rapid
./data/macroset/en/clips/rapid/common_voice_en_19741598.opus,rapid
./data/macroset/en/clips/rapid/common_voice_en_19693164.opus,rapid
./data/macroset/en/clips/rapid/common_voice_en_21742344.opus,rapid
./data/macroset/en/clips/stir/common_voice_en_18633203.opus,stir
./data/macroset/en/clips/stir/common_voice_en_17377732.opus,stir
./data/macroset/en/clips/stir/common_voice_en_20272834.opus,stir
./data/macroset/en/clips/stir/common_voice_en_18488478.opus,stir
./data/macroset/en/clips/stir/common_voice_en_18459672.opus,stir
./data/macroset/en/clips/motivate/common_voice_en_580833.opus,motivate
./data/macroset/en/clips/motivate/common_voice_en_160414.opus,motivate
./data/macroset/en/clips/motivate/common_voice_en_201234.opus,motivate
./data/macroset/en/clips/motivate/common_voice_en_558499.opus,motivate
./data/macroset/en/clips/motivate/common_voice_en_87118.opus,motivate
./data/macroset/en/clips/ann/common_voice_en_19869212.opus,ann
./data/macroset/en/clips/ann/common_voice_en_19112580.opus,ann
./data/macroset/en/clips/ann/common_voice_en_3546743.opus,ann
./data/macroset/en/clips/ann/common_voice_en_41474.opus,ann
./data/macroset/en/clips/ann/common_voice_en_18429055.opus,ann
./data/macroset/en/clips/hungry/common_voice_en_548378.opus,hungry
./data/macroset/en/clips/hungry/common_voice_en_118400.opus,hungry
./data/macroset/en/clips/hungry/common_voice_en_18530086.opus,hungry
./data/macroset/en/clips/hungry/common_voice_en_551152.opus,hungry
./data/macroset/en/clips/hungry/common_voice_en_17407036.opus,hungry
./data/macroset/en/clips/surroundings/common_voice_en_19557738.opus,surroundings
./data/macroset/en/clips/surroundings/common_voice_en_22203825.opus,surroundings
./data/macroset/en/clips/surroundings/common_voice_en_18848631.opus,surroundings
./data/macroset/en/clips/surroundings/common_voice_en_20286937.opus,surroundings
./data/macroset/en/clips/surroundings/common_voice_en_19945673.opus,surroundings
./data/macroset/en/clips/trousers/common_voice_en_196603.opus,trousers
./data/macroset/en/clips/trousers/common_voice_en_18424888.opus,trousers
./data/macroset/en/clips/trousers/common_voice_en_501890.opus,trousers
./data/macroset/en/clips/trousers/common_voice_en_29418.opus,trousers
./data/macroset/en/clips/trousers/common_voice_en_18474466.opus,trousers
./data/macroset/en/clips/philadelphia/common_voice_en_19091066.opus,philadelphia
./data/macroset/en/clips/philadelphia/common_voice_en_19698828.opus,philadelphia
./data/macroset/en/clips/philadelphia/common_voice_en_22329727.opus,philadelphia
./data/macroset/en/clips/philadelphia/common_voice_en_20049711.opus,philadelphia
./data/macroset/en/clips/philadelphia/common_voice_en_20008382.opus,philadelphia
./data/macroset/en/clips/rotting/common_voice_en_17285875.opus,rotting
./data/macroset/en/clips/rotting/common_voice_en_17393563.opus,rotting
./data/macroset/en/clips/rotting/common_voice_en_559490.opus,rotting
./data/macroset/en/clips/rotting/common_voice_en_17255275.opus,rotting
./data/macroset/en/clips/rotting/common_voice_en_17730934.opus,rotting
./data/macroset/en/clips/investigations/common_voice_en_214555.opus,investigations
./data/macroset/en/clips/investigations/common_voice_en_21798833.opus,investigations
./data/macroset/en/clips/investigations/common_voice_en_544326.opus,investigations
./data/macroset/en/clips/investigations/common_voice_en_20310125.opus,investigations
./data/macroset/en/clips/investigations/common_voice_en_2720.opus,investigations
./data/macroset/en/clips/substances/common_voice_en_20585504.opus,substances
./data/macroset/en/clips/substances/common_voice_en_19798378.opus,substances
./data/macroset/en/clips/substances/common_voice_en_20005777.opus,substances
./data/macroset/en/clips/substances/common_voice_en_22328414.opus,substances
./data/macroset/en/clips/substances/common_voice_en_19193922.opus,substances
./data/macroset/en/clips/higher/common_voice_en_18994502.opus,higher
./data/macroset/en/clips/higher/common_voice_en_22141381.opus,higher
./data/macroset/en/clips/higher/common_voice_en_21208211.opus,higher
./data/macroset/en/clips/higher/common_voice_en_19796575.opus,higher
./data/macroset/en/clips/higher/common_voice_en_317224.opus,higher
./data/macroset/en/clips/jane/common_voice_en_9624.opus,jane
./data/macroset/en/clips/jane/common_voice_en_19399735.opus,jane
./data/macroset/en/clips/jane/common_voice_en_19911297.opus,jane
./data/macroset/en/clips/jane/common_voice_en_521359.opus,jane
./data/macroset/en/clips/jane/common_voice_en_654004.opus,jane
./data/macroset/en/clips/aid/common_voice_en_18276181.opus,aid
./data/macroset/en/clips/aid/common_voice_en_18503916.opus,aid
./data/macroset/en/clips/aid/common_voice_en_19022318.opus,aid
./data/macroset/en/clips/aid/common_voice_en_18907963.opus,aid
./data/macroset/en/clips/aid/common_voice_en_21665309.opus,aid
./data/macroset/en/clips/mia/common_voice_en_21342677.opus,mia
./data/macroset/en/clips/mia/common_voice_en_19260965.opus,mia
./data/macroset/en/clips/mia/common_voice_en_20143519.opus,mia
./data/macroset/en/clips/mia/common_voice_en_632092.opus,mia
./data/macroset/en/clips/mia/common_voice_en_18129376.opus,mia
./data/macroset/en/clips/lawsuits/common_voice_en_17304358.opus,lawsuits
./data/macroset/en/clips/lawsuits/common_voice_en_17444832.opus,lawsuits
./data/macroset/en/clips/lawsuits/common_voice_en_23676.opus,lawsuits
./data/macroset/en/clips/lawsuits/common_voice_en_19858812.opus,lawsuits
./data/macroset/en/clips/lawsuits/common_voice_en_1966.opus,lawsuits
./data/macroset/en/clips/anglo/common_voice_en_19874099.opus,anglo
./data/macroset/en/clips/anglo/common_voice_en_22043183.opus,anglo
./data/macroset/en/clips/anglo/common_voice_en_20562549.opus,anglo
./data/macroset/en/clips/anglo/common_voice_en_19786158.opus,anglo
./data/macroset/en/clips/anglo/common_voice_en_18556800__2.opus,anglo
./data/macroset/en/clips/results/common_voice_en_19499332.opus,results
./data/macroset/en/clips/results/common_voice_en_22248324.opus,results
./data/macroset/en/clips/results/common_voice_en_17910234.opus,results
./data/macroset/en/clips/results/common_voice_en_52551.opus,results
./data/macroset/en/clips/results/common_voice_en_21522965.opus,results
./data/macroset/en/clips/represents/common_voice_en_20989987.opus,represents
./data/macroset/en/clips/represents/common_voice_en_19521497.opus,represents
./data/macroset/en/clips/represents/common_voice_en_20031863.opus,represents
./data/macroset/en/clips/represents/common_voice_en_20417061.opus,represents
./data/macroset/en/clips/represents/common_voice_en_19664037.opus,represents
./data/macroset/en/clips/confess/common_voice_en_285838.opus,confess
./data/macroset/en/clips/confess/common_voice_en_20696615.opus,confess
./data/macroset/en/clips/confess/common_voice_en_18723345.opus,confess
./data/macroset/en/clips/confess/common_voice_en_2378746.opus,confess
./data/macroset/en/clips/confess/common_voice_en_18541973.opus,confess
./data/macroset/en/clips/disappeared/common_voice_en_20043801.opus,disappeared
./data/macroset/en/clips/disappeared/common_voice_en_60035.opus,disappeared
./data/macroset/en/clips/disappeared/common_voice_en_18308314.opus,disappeared
./data/macroset/en/clips/disappeared/common_voice_en_21080267.opus,disappeared
./data/macroset/en/clips/disappeared/common_voice_en_22092479.opus,disappeared
./data/macroset/en/clips/wallace/common_voice_en_18771749.opus,wallace
./data/macroset/en/clips/wallace/common_voice_en_22144295.opus,wallace
./data/macroset/en/clips/wallace/common_voice_en_21207993.opus,wallace
./data/macroset/en/clips/wallace/common_voice_en_22346288.opus,wallace
./data/macroset/en/clips/wallace/common_voice_en_19429312.opus,wallace
./data/macroset/en/clips/gain/common_voice_en_19345.opus,gain
./data/macroset/en/clips/gain/common_voice_en_21329878.opus,gain
./data/macroset/en/clips/gain/common_voice_en_21181555.opus,gain
./data/macroset/en/clips/gain/common_voice_en_19403523.opus,gain
./data/macroset/en/clips/gain/common_voice_en_17505382.opus,gain
./data/macroset/en/clips/staged/common_voice_en_20371691.opus,staged
./data/macroset/en/clips/staged/common_voice_en_19009140.opus,staged
./data/macroset/en/clips/staged/common_voice_en_19962239.opus,staged
./data/macroset/en/clips/staged/common_voice_en_20400311.opus,staged
./data/macroset/en/clips/staged/common_voice_en_19764628.opus,staged
./data/macroset/en/clips/orleans/common_voice_en_21082150.opus,orleans
./data/macroset/en/clips/orleans/common_voice_en_20390892.opus,orleans
./data/macroset/en/clips/orleans/common_voice_en_19334123.opus,orleans
./data/macroset/en/clips/orleans/common_voice_en_19630720.opus,orleans
./data/macroset/en/clips/orleans/common_voice_en_18754601.opus,orleans
./data/macroset/en/clips/discover/common_voice_en_20475979.opus,discover
./data/macroset/en/clips/discover/common_voice_en_21360490.opus,discover
./data/macroset/en/clips/discover/common_voice_en_18859051.opus,discover
./data/macroset/en/clips/discover/common_voice_en_20976171.opus,discover
./data/macroset/en/clips/discover/common_voice_en_19608184.opus,discover
./data/macroset/en/clips/baptism/common_voice_en_17444666.opus,baptism
./data/macroset/en/clips/baptism/common_voice_en_18034223.opus,baptism
./data/macroset/en/clips/baptism/common_voice_en_17453526.opus,baptism
./data/macroset/en/clips/baptism/common_voice_en_543485.opus,baptism
./data/macroset/en/clips/baptism/common_voice_en_21713617.opus,baptism
./data/macroset/en/clips/brandon/common_voice_en_19945480.opus,brandon
./data/macroset/en/clips/brandon/common_voice_en_18797842.opus,brandon
./data/macroset/en/clips/brandon/common_voice_en_20653638.opus,brandon
./data/macroset/en/clips/brandon/common_voice_en_21434589.opus,brandon
./data/macroset/en/clips/brandon/common_voice_en_19783217.opus,brandon
./data/macroset/en/clips/warfare/common_voice_en_20276590.opus,warfare
./data/macroset/en/clips/warfare/common_voice_en_21868686.opus,warfare
./data/macroset/en/clips/warfare/common_voice_en_20303751.opus,warfare
./data/macroset/en/clips/warfare/common_voice_en_20883369.opus,warfare
./data/macroset/en/clips/warfare/common_voice_en_20011102.opus,warfare
./data/macroset/en/clips/specification/common_voice_en_19373497.opus,specification
./data/macroset/en/clips/specification/common_voice_en_19958858.opus,specification
./data/macroset/en/clips/specification/common_voice_en_19515038.opus,specification
./data/macroset/en/clips/specification/common_voice_en_553848.opus,specification
./data/macroset/en/clips/specification/common_voice_en_187898.opus,specification
./data/macroset/en/clips/inherit/common_voice_en_11820289.opus,inherit
./data/macroset/en/clips/inherit/common_voice_en_21280880.opus,inherit
./data/macroset/en/clips/inherit/common_voice_en_19703930.opus,inherit
./data/macroset/en/clips/inherit/common_voice_en_17890610.opus,inherit
./data/macroset/en/clips/inherit/common_voice_en_700677.opus,inherit
./data/macroset/en/clips/method/common_voice_en_19445075.opus,method
./data/macroset/en/clips/method/common_voice_en_488751.opus,method
./data/macroset/en/clips/method/common_voice_en_9810.opus,method
./data/macroset/en/clips/method/common_voice_en_22312637.opus,method
./data/macroset/en/clips/method/common_voice_en_21371869.opus,method
./data/macroset/en/clips/largely/common_voice_en_20035296.opus,largely
./data/macroset/en/clips/largely/common_voice_en_539566.opus,largely
./data/macroset/en/clips/largely/common_voice_en_21475205.opus,largely
./data/macroset/en/clips/largely/common_voice_en_18673583.opus,largely
./data/macroset/en/clips/largely/common_voice_en_20218948.opus,largely
./data/macroset/en/clips/theology/common_voice_en_20183419.opus,theology
./data/macroset/en/clips/theology/common_voice_en_485878.opus,theology
./data/macroset/en/clips/theology/common_voice_en_19856635.opus,theology
./data/macroset/en/clips/theology/common_voice_en_19561334.opus,theology
./data/macroset/en/clips/theology/common_voice_en_22031822.opus,theology
./data/macroset/en/clips/blow/common_voice_en_178466.opus,blow
./data/macroset/en/clips/blow/common_voice_en_567749.opus,blow
./data/macroset/en/clips/blow/common_voice_en_184920.opus,blow
./data/macroset/en/clips/blow/common_voice_en_694970.opus,blow
./data/macroset/en/clips/blow/common_voice_en_17658500.opus,blow
./data/macroset/en/clips/initial/common_voice_en_22058757.opus,initial
./data/macroset/en/clips/initial/common_voice_en_19845239.opus,initial
./data/macroset/en/clips/initial/common_voice_en_21946609.opus,initial
./data/macroset/en/clips/initial/common_voice_en_18753368.opus,initial
./data/macroset/en/clips/initial/common_voice_en_20778901.opus,initial
./data/macroset/en/clips/scissors/common_voice_en_72693.opus,scissors
./data/macroset/en/clips/scissors/common_voice_en_579974.opus,scissors
./data/macroset/en/clips/scissors/common_voice_en_88055.opus,scissors
./data/macroset/en/clips/scissors/common_voice_en_20113425.opus,scissors
./data/macroset/en/clips/scissors/common_voice_en_456534.opus,scissors
./data/macroset/en/clips/fooling/common_voice_en_150195.opus,fooling
./data/macroset/en/clips/fooling/common_voice_en_221601.opus,fooling
./data/macroset/en/clips/fooling/common_voice_en_643675.opus,fooling
./data/macroset/en/clips/fooling/common_voice_en_18662675.opus,fooling
./data/macroset/en/clips/fooling/common_voice_en_588167.opus,fooling
./data/macroset/en/clips/how/common_voice_en_17249317.opus,how
./data/macroset/en/clips/how/common_voice_en_483914.opus,how
./data/macroset/en/clips/how/common_voice_en_17900290.opus,how
./data/macroset/en/clips/how/common_voice_en_17252496.opus,how
./data/macroset/en/clips/how/common_voice_en_17272223.opus,how
./data/macroset/en/clips/cutlet/common_voice_en_17277137.opus,cutlet
./data/macroset/en/clips/cutlet/common_voice_en_62167.opus,cutlet
./data/macroset/en/clips/cutlet/common_voice_en_17893621.opus,cutlet
./data/macroset/en/clips/cutlet/common_voice_en_17919479.opus,cutlet
./data/macroset/en/clips/cutlet/common_voice_en_17271183.opus,cutlet
./data/macroset/en/clips/date/common_voice_en_20815127.opus,date
./data/macroset/en/clips/date/common_voice_en_19310760.opus,date
./data/macroset/en/clips/date/common_voice_en_95956.opus,date
./data/macroset/en/clips/date/common_voice_en_19289044.opus,date
./data/macroset/en/clips/date/common_voice_en_620940.opus,date
./data/macroset/en/clips/dvd/common_voice_en_490998.opus,dvd
./data/macroset/en/clips/dvd/common_voice_en_181510.opus,dvd
./data/macroset/en/clips/dvd/common_voice_en_35889.opus,dvd
./data/macroset/en/clips/dvd/common_voice_en_98903.opus,dvd
./data/macroset/en/clips/dvd/common_voice_en_38908.opus,dvd
./data/macroset/en/clips/turbine/common_voice_en_22297185.opus,turbine
./data/macroset/en/clips/turbine/common_voice_en_17269029.opus,turbine
./data/macroset/en/clips/turbine/common_voice_en_17346237.opus,turbine
./data/macroset/en/clips/turbine/common_voice_en_17735639.opus,turbine
./data/macroset/en/clips/turbine/common_voice_en_17328962.opus,turbine
./data/macroset/en/clips/particular/common_voice_en_19185397.opus,particular
./data/macroset/en/clips/particular/common_voice_en_20716916.opus,particular
./data/macroset/en/clips/particular/common_voice_en_22244141.opus,particular
./data/macroset/en/clips/particular/common_voice_en_548139.opus,particular
./data/macroset/en/clips/particular/common_voice_en_18986217.opus,particular
./data/macroset/en/clips/artistic/common_voice_en_21213673.opus,artistic
./data/macroset/en/clips/artistic/common_voice_en_20905508.opus,artistic
./data/macroset/en/clips/artistic/common_voice_en_21021325.opus,artistic
./data/macroset/en/clips/artistic/common_voice_en_19911043.opus,artistic
./data/macroset/en/clips/artistic/common_voice_en_19730084.opus,artistic
./data/macroset/en/clips/flat/common_voice_en_19534189.opus,flat
./data/macroset/en/clips/flat/common_voice_en_20407622.opus,flat
./data/macroset/en/clips/flat/common_voice_en_20383058.opus,flat
./data/macroset/en/clips/flat/common_voice_en_19970735.opus,flat
./data/macroset/en/clips/flat/common_voice_en_18340491.opus,flat
./data/macroset/en/clips/allen/common_voice_en_20528494.opus,allen
./data/macroset/en/clips/allen/common_voice_en_19106779.opus,allen
./data/macroset/en/clips/allen/common_voice_en_19963803.opus,allen
./data/macroset/en/clips/allen/common_voice_en_20104927.opus,allen
./data/macroset/en/clips/allen/common_voice_en_19581300.opus,allen
./data/macroset/en/clips/waterfront/common_voice_en_20116788.opus,waterfront
./data/macroset/en/clips/waterfront/common_voice_en_484370.opus,waterfront
./data/macroset/en/clips/waterfront/common_voice_en_20797764.opus,waterfront
./data/macroset/en/clips/waterfront/common_voice_en_22368295.opus,waterfront
./data/macroset/en/clips/waterfront/common_voice_en_19721640.opus,waterfront
./data/macroset/en/clips/fore/common_voice_en_22332641.opus,fore
./data/macroset/en/clips/fore/common_voice_en_21796179.opus,fore
./data/macroset/en/clips/fore/common_voice_en_285842__2.opus,fore
./data/macroset/en/clips/fore/common_voice_en_585852.opus,fore
./data/macroset/en/clips/fore/common_voice_en_17955221__2.opus,fore
./data/macroset/en/clips/result/common_voice_en_22276224.opus,result
./data/macroset/en/clips/result/common_voice_en_21307008.opus,result
./data/macroset/en/clips/result/common_voice_en_21713891.opus,result
./data/macroset/en/clips/result/common_voice_en_21595199.opus,result
./data/macroset/en/clips/result/common_voice_en_19259688.opus,result
./data/macroset/en/clips/yeah/common_voice_en_18488290.opus,yeah
./data/macroset/en/clips/yeah/common_voice_en_18127864.opus,yeah
./data/macroset/en/clips/yeah/common_voice_en_17395804.opus,yeah
./data/macroset/en/clips/yeah/common_voice_en_17389586.opus,yeah
./data/macroset/en/clips/yeah/common_voice_en_612859.opus,yeah
./data/macroset/en/clips/germans/common_voice_en_22341868.opus,germans
./data/macroset/en/clips/germans/common_voice_en_20993606.opus,germans
./data/macroset/en/clips/germans/common_voice_en_20498484.opus,germans
./data/macroset/en/clips/germans/common_voice_en_20424519.opus,germans
./data/macroset/en/clips/germans/common_voice_en_19942417.opus,germans
./data/macroset/en/clips/jamie/common_voice_en_20150376.opus,jamie
./data/macroset/en/clips/jamie/common_voice_en_578990.opus,jamie
./data/macroset/en/clips/jamie/common_voice_en_20163616.opus,jamie
./data/macroset/en/clips/jamie/common_voice_en_658567.opus,jamie
./data/macroset/en/clips/jamie/common_voice_en_19290982.opus,jamie
./data/macroset/en/clips/sensed/common_voice_en_72586.opus,sensed
./data/macroset/en/clips/sensed/common_voice_en_628004.opus,sensed
./data/macroset/en/clips/sensed/common_voice_en_478418.opus,sensed
./data/macroset/en/clips/sensed/common_voice_en_557657.opus,sensed
./data/macroset/en/clips/sensed/common_voice_en_38837.opus,sensed
./data/macroset/en/clips/draft/common_voice_en_686824.opus,draft
./data/macroset/en/clips/draft/common_voice_en_545275.opus,draft
./data/macroset/en/clips/draft/common_voice_en_18873432.opus,draft
./data/macroset/en/clips/draft/common_voice_en_21891476.opus,draft
./data/macroset/en/clips/draft/common_voice_en_20234211.opus,draft
./data/macroset/en/clips/kangaroos/common_voice_en_17360301.opus,kangaroos
./data/macroset/en/clips/kangaroos/common_voice_en_17278283.opus,kangaroos
./data/macroset/en/clips/kangaroos/common_voice_en_17916761.opus,kangaroos
./data/macroset/en/clips/kangaroos/common_voice_en_17263153.opus,kangaroos
./data/macroset/en/clips/kangaroos/common_voice_en_18112875.opus,kangaroos
./data/macroset/en/clips/readily/common_voice_en_18748978.opus,readily
./data/macroset/en/clips/readily/common_voice_en_19391222.opus,readily
./data/macroset/en/clips/readily/common_voice_en_127741.opus,readily
./data/macroset/en/clips/readily/common_voice_en_32422.opus,readily
./data/macroset/en/clips/readily/common_voice_en_20798177.opus,readily
./data/macroset/en/clips/tnt/common_voice_en_17358002.opus,tnt
./data/macroset/en/clips/tnt/common_voice_en_618820.opus,tnt
./data/macroset/en/clips/tnt/common_voice_en_17982332.opus,tnt
./data/macroset/en/clips/tnt/common_voice_en_17263211.opus,tnt
./data/macroset/en/clips/tnt/common_voice_en_636406.opus,tnt
./data/macroset/en/clips/grants/common_voice_en_20654075.opus,grants
./data/macroset/en/clips/grants/common_voice_en_22332871.opus,grants
./data/macroset/en/clips/grants/common_voice_en_20870849.opus,grants
./data/macroset/en/clips/grants/common_voice_en_21440571.opus,grants
./data/macroset/en/clips/grants/common_voice_en_19372593.opus,grants
./data/macroset/en/clips/pad/common_voice_en_18093885.opus,pad
./data/macroset/en/clips/pad/common_voice_en_595912.opus,pad
./data/macroset/en/clips/pad/common_voice_en_491924.opus,pad
./data/macroset/en/clips/pad/common_voice_en_664569.opus,pad
./data/macroset/en/clips/pad/common_voice_en_22269388.opus,pad
./data/macroset/en/clips/ancestor/common_voice_en_20733772.opus,ancestor
./data/macroset/en/clips/ancestor/common_voice_en_22463948.opus,ancestor
./data/macroset/en/clips/ancestor/common_voice_en_22264854.opus,ancestor
./data/macroset/en/clips/ancestor/common_voice_en_20135811.opus,ancestor
./data/macroset/en/clips/ancestor/common_voice_en_22457485.opus,ancestor
./data/macroset/en/clips/crescent/common_voice_en_20523835.opus,crescent
./data/macroset/en/clips/crescent/common_voice_en_20505621.opus,crescent
./data/macroset/en/clips/crescent/common_voice_en_21352001.opus,crescent
./data/macroset/en/clips/crescent/common_voice_en_19890391.opus,crescent
./data/macroset/en/clips/crescent/common_voice_en_21281113.opus,crescent
./data/macroset/en/clips/elevated/common_voice_en_20747900.opus,elevated
./data/macroset/en/clips/elevated/common_voice_en_19983465.opus,elevated
./data/macroset/en/clips/elevated/common_voice_en_19451817.opus,elevated
./data/macroset/en/clips/elevated/common_voice_en_19132018.opus,elevated
./data/macroset/en/clips/elevated/common_voice_en_21996486.opus,elevated
./data/macroset/en/clips/monster/common_voice_en_90255.opus,monster
./data/macroset/en/clips/monster/common_voice_en_498156.opus,monster
./data/macroset/en/clips/monster/common_voice_en_21281348.opus,monster
./data/macroset/en/clips/monster/common_voice_en_555219.opus,monster
./data/macroset/en/clips/monster/common_voice_en_26853.opus,monster
./data/macroset/en/clips/isle/common_voice_en_20586877.opus,isle
./data/macroset/en/clips/isle/common_voice_en_126297.opus,isle
./data/macroset/en/clips/isle/common_voice_en_22070408.opus,isle
./data/macroset/en/clips/isle/common_voice_en_22130830.opus,isle
./data/macroset/en/clips/isle/common_voice_en_19678798.opus,isle
./data/macroset/en/clips/church/common_voice_en_18884680.opus,church
./data/macroset/en/clips/church/common_voice_en_21702785.opus,church
./data/macroset/en/clips/church/common_voice_en_22250484.opus,church
./data/macroset/en/clips/church/common_voice_en_19515651.opus,church
./data/macroset/en/clips/church/common_voice_en_18907903.opus,church
./data/macroset/en/clips/dignity/common_voice_en_21135.opus,dignity
./data/macroset/en/clips/dignity/common_voice_en_661926.opus,dignity
./data/macroset/en/clips/dignity/common_voice_en_24475.opus,dignity
./data/macroset/en/clips/dignity/common_voice_en_479765.opus,dignity
./data/macroset/en/clips/dignity/common_voice_en_141231.opus,dignity
./data/macroset/en/clips/shortly/common_voice_en_19675992.opus,shortly
./data/macroset/en/clips/shortly/common_voice_en_21213730.opus,shortly
./data/macroset/en/clips/shortly/common_voice_en_22218259.opus,shortly
./data/macroset/en/clips/shortly/common_voice_en_20529564.opus,shortly
./data/macroset/en/clips/shortly/common_voice_en_19647000.opus,shortly
./data/macroset/en/clips/laurel/common_voice_en_22095403.opus,laurel
./data/macroset/en/clips/laurel/common_voice_en_20779767.opus,laurel
./data/macroset/en/clips/laurel/common_voice_en_20187594.opus,laurel
./data/macroset/en/clips/laurel/common_voice_en_19345600.opus,laurel
./data/macroset/en/clips/laurel/common_voice_en_19443833.opus,laurel
./data/macroset/en/clips/resorts/common_voice_en_19449652.opus,resorts
./data/macroset/en/clips/resorts/common_voice_en_22088668.opus,resorts
./data/macroset/en/clips/resorts/common_voice_en_21832032.opus,resorts
./data/macroset/en/clips/resorts/common_voice_en_20482705.opus,resorts
./data/macroset/en/clips/resorts/common_voice_en_20182750.opus,resorts
./data/macroset/en/clips/academic/common_voice_en_21402532.opus,academic
./data/macroset/en/clips/academic/common_voice_en_19951022.opus,academic
./data/macroset/en/clips/academic/common_voice_en_20920388.opus,academic
./data/macroset/en/clips/academic/common_voice_en_20247406.opus,academic
./data/macroset/en/clips/academic/common_voice_en_21702956.opus,academic
./data/macroset/en/clips/matching/common_voice_en_19871700.opus,matching
./data/macroset/en/clips/matching/common_voice_en_19091174.opus,matching
./data/macroset/en/clips/matching/common_voice_en_22201181.opus,matching
./data/macroset/en/clips/matching/common_voice_en_79606.opus,matching
./data/macroset/en/clips/matching/common_voice_en_559381.opus,matching
./data/macroset/en/clips/pupils/common_voice_en_17271159.opus,pupils
./data/macroset/en/clips/pupils/common_voice_en_18911963.opus,pupils
./data/macroset/en/clips/pupils/common_voice_en_17884827.opus,pupils
./data/macroset/en/clips/pupils/common_voice_en_580418.opus,pupils
./data/macroset/en/clips/pupils/common_voice_en_19572066.opus,pupils
./data/macroset/en/clips/extraction/common_voice_en_21721135.opus,extraction
./data/macroset/en/clips/extraction/common_voice_en_21903394.opus,extraction
./data/macroset/en/clips/extraction/common_voice_en_19727262.opus,extraction
./data/macroset/en/clips/extraction/common_voice_en_18104793.opus,extraction
./data/macroset/en/clips/extraction/common_voice_en_22343657.opus,extraction
./data/macroset/en/clips/keeps/common_voice_en_305738.opus,keeps
./data/macroset/en/clips/keeps/common_voice_en_17939331.opus,keeps
./data/macroset/en/clips/keeps/common_voice_en_21705260__2.opus,keeps
./data/macroset/en/clips/keeps/common_voice_en_18167677.opus,keeps
./data/macroset/en/clips/keeps/common_voice_en_18267365.opus,keeps
./data/macroset/en/clips/dealing/common_voice_en_20162535.opus,dealing
./data/macroset/en/clips/dealing/common_voice_en_19131338.opus,dealing
./data/macroset/en/clips/dealing/common_voice_en_20974392.opus,dealing
./data/macroset/en/clips/dealing/common_voice_en_22066395.opus,dealing
./data/macroset/en/clips/dealing/common_voice_en_20923070.opus,dealing
./data/macroset/en/clips/accent/common_voice_en_17979848.opus,accent
./data/macroset/en/clips/accent/common_voice_en_17321652.opus,accent
./data/macroset/en/clips/accent/common_voice_en_18796954.opus,accent
./data/macroset/en/clips/accent/common_voice_en_20060965.opus,accent
./data/macroset/en/clips/accent/common_voice_en_18164508.opus,accent
./data/macroset/en/clips/barrier/common_voice_en_19549432.opus,barrier
./data/macroset/en/clips/barrier/common_voice_en_18348359.opus,barrier
./data/macroset/en/clips/barrier/common_voice_en_56716.opus,barrier
./data/macroset/en/clips/barrier/common_voice_en_184993.opus,barrier
./data/macroset/en/clips/barrier/common_voice_en_19621294.opus,barrier
./data/macroset/en/clips/wrist/common_voice_en_20316199.opus,wrist
./data/macroset/en/clips/wrist/common_voice_en_311826.opus,wrist
./data/macroset/en/clips/wrist/common_voice_en_587893.opus,wrist
./data/macroset/en/clips/wrist/common_voice_en_673883.opus,wrist
./data/macroset/en/clips/wrist/common_voice_en_19500465.opus,wrist
./data/macroset/en/clips/encode/common_voice_en_17264720.opus,encode
./data/macroset/en/clips/encode/common_voice_en_17280977.opus,encode
./data/macroset/en/clips/encode/common_voice_en_17776818.opus,encode
./data/macroset/en/clips/encode/common_voice_en_487973.opus,encode
./data/macroset/en/clips/encode/common_voice_en_17411290.opus,encode
./data/macroset/en/clips/virtue/common_voice_en_18982977.opus,virtue
./data/macroset/en/clips/virtue/common_voice_en_38272.opus,virtue
./data/macroset/en/clips/virtue/common_voice_en_20022590.opus,virtue
./data/macroset/en/clips/virtue/common_voice_en_18470456.opus,virtue
./data/macroset/en/clips/virtue/common_voice_en_18515958.opus,virtue
./data/macroset/en/clips/substitute/common_voice_en_18949418.opus,substitute
./data/macroset/en/clips/substitute/common_voice_en_20822947.opus,substitute
./data/macroset/en/clips/substitute/common_voice_en_20581313.opus,substitute
./data/macroset/en/clips/substitute/common_voice_en_20358458.opus,substitute
./data/macroset/en/clips/substitute/common_voice_en_19499634.opus,substitute
./data/macroset/en/clips/ingredient/common_voice_en_18259309.opus,ingredient
./data/macroset/en/clips/ingredient/common_voice_en_19710040.opus,ingredient
./data/macroset/en/clips/ingredient/common_voice_en_18259343.opus,ingredient
./data/macroset/en/clips/ingredient/common_voice_en_18638562.opus,ingredient
./data/macroset/en/clips/ingredient/common_voice_en_18315868.opus,ingredient
./data/macroset/en/clips/hardship/common_voice_en_20928639.opus,hardship
./data/macroset/en/clips/hardship/common_voice_en_20143599.opus,hardship
./data/macroset/en/clips/hardship/common_voice_en_17808906.opus,hardship
./data/macroset/en/clips/hardship/common_voice_en_17728609.opus,hardship
./data/macroset/en/clips/hardship/common_voice_en_19368527.opus,hardship
./data/macroset/en/clips/monoxide/common_voice_en_19822233.opus,monoxide
./data/macroset/en/clips/monoxide/common_voice_en_615905.opus,monoxide
./data/macroset/en/clips/monoxide/common_voice_en_50967.opus,monoxide
./data/macroset/en/clips/monoxide/common_voice_en_22435621.opus,monoxide
./data/macroset/en/clips/monoxide/common_voice_en_165237.opus,monoxide
./data/macroset/en/clips/owl/common_voice_en_19640619.opus,owl
./data/macroset/en/clips/owl/common_voice_en_21775845.opus,owl
./data/macroset/en/clips/owl/common_voice_en_20646855.opus,owl
./data/macroset/en/clips/owl/common_voice_en_19640264.opus,owl
./data/macroset/en/clips/owl/common_voice_en_18601982.opus,owl
./data/macroset/en/clips/relationship/common_voice_en_20242540.opus,relationship
./data/macroset/en/clips/relationship/common_voice_en_18814897.opus,relationship
./data/macroset/en/clips/relationship/common_voice_en_19310604.opus,relationship
./data/macroset/en/clips/relationship/common_voice_en_18727780.opus,relationship
./data/macroset/en/clips/relationship/common_voice_en_20403544.opus,relationship
./data/macroset/en/clips/forming/common_voice_en_674686.opus,forming
./data/macroset/en/clips/forming/common_voice_en_17282156.opus,forming
./data/macroset/en/clips/forming/common_voice_en_20491387.opus,forming
./data/macroset/en/clips/forming/common_voice_en_17808966.opus,forming
./data/macroset/en/clips/forming/common_voice_en_17260863.opus,forming
./data/macroset/en/clips/feels/common_voice_en_70018.opus,feels
./data/macroset/en/clips/feels/common_voice_en_191140.opus,feels
./data/macroset/en/clips/feels/common_voice_en_694066.opus,feels
./data/macroset/en/clips/feels/common_voice_en_619157.opus,feels
./data/macroset/en/clips/feels/common_voice_en_19684073.opus,feels
./data/macroset/en/clips/excessive/common_voice_en_22420596.opus,excessive
./data/macroset/en/clips/excessive/common_voice_en_20413801.opus,excessive
./data/macroset/en/clips/excessive/common_voice_en_19497473.opus,excessive
./data/macroset/en/clips/excessive/common_voice_en_19011067.opus,excessive
./data/macroset/en/clips/excessive/common_voice_en_19620732.opus,excessive
./data/macroset/en/clips/herd/common_voice_en_615629.opus,herd
./data/macroset/en/clips/herd/common_voice_en_18944393.opus,herd
./data/macroset/en/clips/herd/common_voice_en_593445.opus,herd
./data/macroset/en/clips/herd/common_voice_en_26682.opus,herd
./data/macroset/en/clips/herd/common_voice_en_18564778.opus,herd
./data/macroset/en/clips/dismissed/common_voice_en_19534134.opus,dismissed
./data/macroset/en/clips/dismissed/common_voice_en_19796023.opus,dismissed
./data/macroset/en/clips/dismissed/common_voice_en_19965687.opus,dismissed
./data/macroset/en/clips/dismissed/common_voice_en_622980.opus,dismissed
./data/macroset/en/clips/dismissed/common_voice_en_19249189.opus,dismissed
./data/macroset/en/clips/wing/common_voice_en_20778779.opus,wing
./data/macroset/en/clips/wing/common_voice_en_22219605.opus,wing
./data/macroset/en/clips/wing/common_voice_en_20760536.opus,wing
./data/macroset/en/clips/wing/common_voice_en_19203997.opus,wing
./data/macroset/en/clips/wing/common_voice_en_20989500.opus,wing
./data/macroset/en/clips/tertiary/common_voice_en_19422022.opus,tertiary
./data/macroset/en/clips/tertiary/common_voice_en_20595491.opus,tertiary
./data/macroset/en/clips/tertiary/common_voice_en_22150384.opus,tertiary
./data/macroset/en/clips/tertiary/common_voice_en_22432277.opus,tertiary
./data/macroset/en/clips/tertiary/common_voice_en_21798429.opus,tertiary
./data/macroset/en/clips/kinda/common_voice_en_17814727.opus,kinda
./data/macroset/en/clips/kinda/common_voice_en_17714080.opus,kinda
./data/macroset/en/clips/kinda/common_voice_en_630626.opus,kinda
./data/macroset/en/clips/kinda/common_voice_en_18114240.opus,kinda
./data/macroset/en/clips/kinda/common_voice_en_8535933.opus,kinda
./data/macroset/en/clips/stroke/common_voice_en_19795883.opus,stroke
./data/macroset/en/clips/stroke/common_voice_en_19766474.opus,stroke
./data/macroset/en/clips/stroke/common_voice_en_22164892.opus,stroke
./data/macroset/en/clips/stroke/common_voice_en_19690693.opus,stroke
./data/macroset/en/clips/stroke/common_voice_en_20982512.opus,stroke
./data/macroset/en/clips/relaxed/common_voice_en_665658.opus,relaxed
./data/macroset/en/clips/relaxed/common_voice_en_65011.opus,relaxed
./data/macroset/en/clips/relaxed/common_voice_en_212818.opus,relaxed
./data/macroset/en/clips/relaxed/common_voice_en_608031.opus,relaxed
./data/macroset/en/clips/relaxed/common_voice_en_537372.opus,relaxed
./data/macroset/en/clips/goose/common_voice_en_22329401.opus,goose
./data/macroset/en/clips/goose/common_voice_en_18242725.opus,goose
./data/macroset/en/clips/goose/common_voice_en_537877.opus,goose
./data/macroset/en/clips/goose/common_voice_en_18130743.opus,goose
./data/macroset/en/clips/goose/common_voice_en_18968626.opus,goose
./data/macroset/en/clips/penetration/common_voice_en_18246277.opus,penetration
./data/macroset/en/clips/penetration/common_voice_en_367383.opus,penetration
./data/macroset/en/clips/penetration/common_voice_en_77646.opus,penetration
./data/macroset/en/clips/penetration/common_voice_en_18775733.opus,penetration
./data/macroset/en/clips/penetration/common_voice_en_481843.opus,penetration
./data/macroset/en/clips/universal/common_voice_en_17782047.opus,universal
./data/macroset/en/clips/universal/common_voice_en_17953047.opus,universal
./data/macroset/en/clips/universal/common_voice_en_20427387.opus,universal
./data/macroset/en/clips/universal/common_voice_en_20590312.opus,universal
./data/macroset/en/clips/universal/common_voice_en_21936482.opus,universal
./data/macroset/en/clips/lions/common_voice_en_410186.opus,lions
./data/macroset/en/clips/lions/common_voice_en_17736975.opus,lions
./data/macroset/en/clips/lions/common_voice_en_20873048.opus,lions
./data/macroset/en/clips/lions/common_voice_en_19150160.opus,lions
./data/macroset/en/clips/lions/common_voice_en_20274632.opus,lions
./data/macroset/en/clips/promised/common_voice_en_165033.opus,promised
./data/macroset/en/clips/promised/common_voice_en_96602.opus,promised
./data/macroset/en/clips/promised/common_voice_en_600910.opus,promised
./data/macroset/en/clips/promised/common_voice_en_618022.opus,promised
./data/macroset/en/clips/promised/common_voice_en_166635.opus,promised
./data/macroset/en/clips/capitol/common_voice_en_21350982.opus,capitol
./data/macroset/en/clips/capitol/common_voice_en_20451372.opus,capitol
./data/macroset/en/clips/capitol/common_voice_en_19514943.opus,capitol
./data/macroset/en/clips/capitol/common_voice_en_21824166.opus,capitol
./data/macroset/en/clips/capitol/common_voice_en_20187629.opus,capitol
./data/macroset/en/clips/satan/common_voice_en_609531.opus,satan
./data/macroset/en/clips/satan/common_voice_en_484923.opus,satan
./data/macroset/en/clips/satan/common_voice_en_679454.opus,satan
./data/macroset/en/clips/satan/common_voice_en_18042636.opus,satan
./data/macroset/en/clips/satan/common_voice_en_15286852.opus,satan
./data/macroset/en/clips/since/common_voice_en_22165966.opus,since
./data/macroset/en/clips/since/common_voice_en_20727886.opus,since
./data/macroset/en/clips/since/common_voice_en_19325085.opus,since
./data/macroset/en/clips/since/common_voice_en_20661277.opus,since
./data/macroset/en/clips/since/common_voice_en_8805.opus,since
./data/macroset/en/clips/architecture/common_voice_en_19597851.opus,architecture
./data/macroset/en/clips/architecture/common_voice_en_18729529.opus,architecture
./data/macroset/en/clips/architecture/common_voice_en_22316894.opus,architecture
./data/macroset/en/clips/architecture/common_voice_en_19802500.opus,architecture
./data/macroset/en/clips/architecture/common_voice_en_19184849.opus,architecture
./data/macroset/en/clips/victories/common_voice_en_21207248.opus,victories
./data/macroset/en/clips/victories/common_voice_en_21487121.opus,victories
./data/macroset/en/clips/victories/common_voice_en_22344672.opus,victories
./data/macroset/en/clips/victories/common_voice_en_18498738.opus,victories
./data/macroset/en/clips/victories/common_voice_en_21320754.opus,victories
./data/macroset/en/clips/richards/common_voice_en_19697747.opus,richards
./data/macroset/en/clips/richards/common_voice_en_22173088.opus,richards
./data/macroset/en/clips/richards/common_voice_en_21501237.opus,richards
./data/macroset/en/clips/richards/common_voice_en_18799694.opus,richards
./data/macroset/en/clips/richards/common_voice_en_21541135.opus,richards
./data/macroset/en/clips/measured/common_voice_en_20182117.opus,measured
./data/macroset/en/clips/measured/common_voice_en_18729719.opus,measured
./data/macroset/en/clips/measured/common_voice_en_19185109.opus,measured
./data/macroset/en/clips/measured/common_voice_en_22318167.opus,measured
./data/macroset/en/clips/measured/common_voice_en_21287180.opus,measured
./data/macroset/en/clips/asleep/common_voice_en_53654.opus,asleep
./data/macroset/en/clips/asleep/common_voice_en_698196.opus,asleep
./data/macroset/en/clips/asleep/common_voice_en_698331.opus,asleep
./data/macroset/en/clips/asleep/common_voice_en_63689.opus,asleep
./data/macroset/en/clips/asleep/common_voice_en_18400650.opus,asleep
./data/macroset/en/clips/pup/common_voice_en_18144688.opus,pup
./data/macroset/en/clips/pup/common_voice_en_20670758.opus,pup
./data/macroset/en/clips/pup/common_voice_en_12566092.opus,pup
./data/macroset/en/clips/pup/common_voice_en_18102117.opus,pup
./data/macroset/en/clips/pup/common_voice_en_17358030.opus,pup
./data/macroset/en/clips/frightening/common_voice_en_184374.opus,frightening
./data/macroset/en/clips/frightening/common_voice_en_655543.opus,frightening
./data/macroset/en/clips/frightening/common_voice_en_65846.opus,frightening
./data/macroset/en/clips/frightening/common_voice_en_519059.opus,frightening
./data/macroset/en/clips/frightening/common_voice_en_57065.opus,frightening
./data/macroset/en/clips/vouch/common_voice_en_17835229.opus,vouch
./data/macroset/en/clips/vouch/common_voice_en_17932172.opus,vouch
./data/macroset/en/clips/vouch/common_voice_en_665809.opus,vouch
./data/macroset/en/clips/vouch/common_voice_en_192857.opus,vouch
./data/macroset/en/clips/vouch/common_voice_en_3676208.opus,vouch
./data/macroset/en/clips/remembering/common_voice_en_54942.opus,remembering
./data/macroset/en/clips/remembering/common_voice_en_580135.opus,remembering
./data/macroset/en/clips/remembering/common_voice_en_177866.opus,remembering
./data/macroset/en/clips/remembering/common_voice_en_74564.opus,remembering
./data/macroset/en/clips/remembering/common_voice_en_690992.opus,remembering
./data/macroset/en/clips/tawdry/common_voice_en_17776820.opus,tawdry
./data/macroset/en/clips/tawdry/common_voice_en_18039561.opus,tawdry
./data/macroset/en/clips/tawdry/common_voice_en_17324858.opus,tawdry
./data/macroset/en/clips/tawdry/common_voice_en_17370925.opus,tawdry
./data/macroset/en/clips/tawdry/common_voice_en_17287277.opus,tawdry
./data/macroset/en/clips/potatoes/common_voice_en_18829708.opus,potatoes
./data/macroset/en/clips/potatoes/common_voice_en_30262.opus,potatoes
./data/macroset/en/clips/potatoes/common_voice_en_550208.opus,potatoes
./data/macroset/en/clips/potatoes/common_voice_en_17515584.opus,potatoes
./data/macroset/en/clips/potatoes/common_voice_en_51525.opus,potatoes
./data/macroset/en/clips/created/common_voice_en_21305251.opus,created
./data/macroset/en/clips/created/common_voice_en_19252359.opus,created
./data/macroset/en/clips/created/common_voice_en_20399773.opus,created
./data/macroset/en/clips/created/common_voice_en_19451796.opus,created
./data/macroset/en/clips/created/common_voice_en_21382083.opus,created
./data/macroset/en/clips/caesar/common_voice_en_21158593.opus,caesar
./data/macroset/en/clips/caesar/common_voice_en_20448029.opus,caesar
./data/macroset/en/clips/caesar/common_voice_en_19664612.opus,caesar
./data/macroset/en/clips/caesar/common_voice_en_71046.opus,caesar
./data/macroset/en/clips/caesar/common_voice_en_19288390.opus,caesar
./data/macroset/en/clips/acclaimed/common_voice_en_20735775.opus,acclaimed
./data/macroset/en/clips/acclaimed/common_voice_en_19523650.opus,acclaimed
./data/macroset/en/clips/acclaimed/common_voice_en_19453933.opus,acclaimed
./data/macroset/en/clips/acclaimed/common_voice_en_21330856.opus,acclaimed
./data/macroset/en/clips/acclaimed/common_voice_en_20884815.opus,acclaimed
./data/macroset/en/clips/someone/common_voice_en_602570.opus,someone
./data/macroset/en/clips/someone/common_voice_en_556179.opus,someone
./data/macroset/en/clips/someone/common_voice_en_17851399.opus,someone
./data/macroset/en/clips/someone/common_voice_en_515993.opus,someone
./data/macroset/en/clips/someone/common_voice_en_67800.opus,someone
./data/macroset/en/clips/acted/common_voice_en_626001.opus,acted
./data/macroset/en/clips/acted/common_voice_en_22218425.opus,acted
./data/macroset/en/clips/acted/common_voice_en_21303373.opus,acted
./data/macroset/en/clips/acted/common_voice_en_21865140.opus,acted
./data/macroset/en/clips/acted/common_voice_en_19310950.opus,acted
./data/macroset/en/clips/plodded/common_voice_en_199151.opus,plodded
./data/macroset/en/clips/plodded/common_voice_en_33514.opus,plodded
./data/macroset/en/clips/plodded/common_voice_en_201176.opus,plodded
./data/macroset/en/clips/plodded/common_voice_en_549733.opus,plodded
./data/macroset/en/clips/plodded/common_voice_en_67127.opus,plodded
./data/macroset/en/clips/jason/common_voice_en_19192609.opus,jason
./data/macroset/en/clips/jason/common_voice_en_18976054.opus,jason
./data/macroset/en/clips/jason/common_voice_en_18122370.opus,jason
./data/macroset/en/clips/jason/common_voice_en_17396431.opus,jason
./data/macroset/en/clips/jason/common_voice_en_20712931.opus,jason
./data/macroset/en/clips/abstract/common_voice_en_19659924.opus,abstract
./data/macroset/en/clips/abstract/common_voice_en_20900207.opus,abstract
./data/macroset/en/clips/abstract/common_voice_en_18673716.opus,abstract
./data/macroset/en/clips/abstract/common_voice_en_18717765.opus,abstract
./data/macroset/en/clips/abstract/common_voice_en_492141.opus,abstract
./data/macroset/en/clips/recognized/common_voice_en_20465960.opus,recognized
./data/macroset/en/clips/recognized/common_voice_en_20424883.opus,recognized
./data/macroset/en/clips/recognized/common_voice_en_19575849.opus,recognized
./data/macroset/en/clips/recognized/common_voice_en_22367503.opus,recognized
./data/macroset/en/clips/recognized/common_voice_en_22086607.opus,recognized
./data/macroset/en/clips/even/common_voice_en_20922141.opus,even
./data/macroset/en/clips/even/common_voice_en_61288.opus,even
./data/macroset/en/clips/even/common_voice_en_65382.opus,even
./data/macroset/en/clips/even/common_voice_en_512893.opus,even
./data/macroset/en/clips/even/common_voice_en_85264.opus,even
./data/macroset/en/clips/affiliated/common_voice_en_19185288.opus,affiliated
./data/macroset/en/clips/affiliated/common_voice_en_19631910.opus,affiliated
./data/macroset/en/clips/affiliated/common_voice_en_19507743.opus,affiliated
./data/macroset/en/clips/affiliated/common_voice_en_19950083.opus,affiliated
./data/macroset/en/clips/affiliated/common_voice_en_22132965.opus,affiliated
./data/macroset/en/clips/millennium/common_voice_en_19732360.opus,millennium
./data/macroset/en/clips/millennium/common_voice_en_21305922.opus,millennium
./data/macroset/en/clips/millennium/common_voice_en_19786206.opus,millennium
./data/macroset/en/clips/millennium/common_voice_en_19346838.opus,millennium
./data/macroset/en/clips/millennium/common_voice_en_18420241.opus,millennium
./data/macroset/en/clips/miniature/common_voice_en_19952753.opus,miniature
./data/macroset/en/clips/miniature/common_voice_en_19817450.opus,miniature
./data/macroset/en/clips/miniature/common_voice_en_22324795.opus,miniature
./data/macroset/en/clips/miniature/common_voice_en_20971147.opus,miniature
./data/macroset/en/clips/miniature/common_voice_en_19214812.opus,miniature
./data/macroset/en/clips/miles/common_voice_en_70605.opus,miles
./data/macroset/en/clips/miles/common_voice_en_18507471.opus,miles
./data/macroset/en/clips/miles/common_voice_en_19984377.opus,miles
./data/macroset/en/clips/miles/common_voice_en_18644543.opus,miles
./data/macroset/en/clips/miles/common_voice_en_20154393.opus,miles
./data/macroset/en/clips/birmingham/common_voice_en_22451044.opus,birmingham
./data/macroset/en/clips/birmingham/common_voice_en_19845857.opus,birmingham
./data/macroset/en/clips/birmingham/common_voice_en_19776877.opus,birmingham
./data/macroset/en/clips/birmingham/common_voice_en_20007270.opus,birmingham
./data/macroset/en/clips/birmingham/common_voice_en_21853037.opus,birmingham
./data/macroset/en/clips/twisted/common_voice_en_17852186.opus,twisted
./data/macroset/en/clips/twisted/common_voice_en_18482680.opus,twisted
./data/macroset/en/clips/twisted/common_voice_en_282854.opus,twisted
./data/macroset/en/clips/twisted/common_voice_en_472693.opus,twisted
./data/macroset/en/clips/twisted/common_voice_en_17899298.opus,twisted
./data/macroset/en/clips/captain/common_voice_en_19746963.opus,captain
./data/macroset/en/clips/captain/common_voice_en_19603774.opus,captain
./data/macroset/en/clips/captain/common_voice_en_20786840.opus,captain
./data/macroset/en/clips/captain/common_voice_en_20069587.opus,captain
./data/macroset/en/clips/captain/common_voice_en_20271255.opus,captain
./data/macroset/en/clips/pseudonym/common_voice_en_20053230.opus,pseudonym
./data/macroset/en/clips/pseudonym/common_voice_en_20964039.opus,pseudonym
./data/macroset/en/clips/pseudonym/common_voice_en_19908805.opus,pseudonym
./data/macroset/en/clips/pseudonym/common_voice_en_20315926.opus,pseudonym
./data/macroset/en/clips/pseudonym/common_voice_en_18428342.opus,pseudonym
./data/macroset/en/clips/utilized/common_voice_en_20670140.opus,utilized
./data/macroset/en/clips/utilized/common_voice_en_20591692.opus,utilized
./data/macroset/en/clips/utilized/common_voice_en_20110193.opus,utilized
./data/macroset/en/clips/utilized/common_voice_en_20637738.opus,utilized
./data/macroset/en/clips/utilized/common_voice_en_20713047.opus,utilized
./data/macroset/en/clips/temperate/common_voice_en_40864.opus,temperate
./data/macroset/en/clips/temperate/common_voice_en_20760571.opus,temperate
./data/macroset/en/clips/temperate/common_voice_en_18954054.opus,temperate
./data/macroset/en/clips/temperate/common_voice_en_19529291.opus,temperate
./data/macroset/en/clips/temperate/common_voice_en_560611.opus,temperate
./data/macroset/en/clips/got/common_voice_en_71358.opus,got
./data/macroset/en/clips/got/common_voice_en_628657.opus,got
./data/macroset/en/clips/got/common_voice_en_613801.opus,got
./data/macroset/en/clips/got/common_voice_en_576769.opus,got
./data/macroset/en/clips/got/common_voice_en_18479561.opus,got
./data/macroset/en/clips/arranging/common_voice_en_17802045.opus,arranging
./data/macroset/en/clips/arranging/common_voice_en_17853998.opus,arranging
./data/macroset/en/clips/arranging/common_voice_en_660214.opus,arranging
./data/macroset/en/clips/arranging/common_voice_en_214998.opus,arranging
./data/macroset/en/clips/arranging/common_voice_en_587820.opus,arranging
./data/macroset/en/clips/quantities/common_voice_en_21389136.opus,quantities
./data/macroset/en/clips/quantities/common_voice_en_19643786.opus,quantities
./data/macroset/en/clips/quantities/common_voice_en_22324898.opus,quantities
./data/macroset/en/clips/quantities/common_voice_en_19960285.opus,quantities
./data/macroset/en/clips/quantities/common_voice_en_19561349.opus,quantities
./data/macroset/en/clips/adding/common_voice_en_587870.opus,adding
./data/macroset/en/clips/adding/common_voice_en_554304.opus,adding
./data/macroset/en/clips/adding/common_voice_en_21852570.opus,adding
./data/macroset/en/clips/adding/common_voice_en_20973592.opus,adding
./data/macroset/en/clips/adding/common_voice_en_19858391.opus,adding
./data/macroset/en/clips/cravat/common_voice_en_17412525.opus,cravat
./data/macroset/en/clips/cravat/common_voice_en_17408420.opus,cravat
./data/macroset/en/clips/cravat/common_voice_en_17294691.opus,cravat
./data/macroset/en/clips/cravat/common_voice_en_17884868.opus,cravat
./data/macroset/en/clips/cravat/common_voice_en_17264569.opus,cravat
./data/macroset/en/clips/trails/common_voice_en_18787640.opus,trails
./data/macroset/en/clips/trails/common_voice_en_20080161.opus,trails
./data/macroset/en/clips/trails/common_voice_en_20315490.opus,trails
./data/macroset/en/clips/trails/common_voice_en_20216739.opus,trails
./data/macroset/en/clips/trails/common_voice_en_22139351.opus,trails
./data/macroset/en/clips/review/common_voice_en_675205.opus,review
./data/macroset/en/clips/review/common_voice_en_21307052.opus,review
./data/macroset/en/clips/review/common_voice_en_695189.opus,review
./data/macroset/en/clips/review/common_voice_en_20828860.opus,review
./data/macroset/en/clips/review/common_voice_en_19113481.opus,review
./data/macroset/en/clips/inlet/common_voice_en_19725780.opus,inlet
./data/macroset/en/clips/inlet/common_voice_en_21284970.opus,inlet
./data/macroset/en/clips/inlet/common_voice_en_20163140.opus,inlet
./data/macroset/en/clips/inlet/common_voice_en_19688225.opus,inlet
./data/macroset/en/clips/inlet/common_voice_en_22224021.opus,inlet
./data/macroset/en/clips/mutually/common_voice_en_18466313.opus,mutually
./data/macroset/en/clips/mutually/common_voice_en_18722286.opus,mutually
./data/macroset/en/clips/mutually/common_voice_en_19826008.opus,mutually
./data/macroset/en/clips/mutually/common_voice_en_18453399.opus,mutually
./data/macroset/en/clips/mutually/common_voice_en_18483631.opus,mutually
./data/macroset/en/clips/report/common_voice_en_19855893.opus,report
./data/macroset/en/clips/report/common_voice_en_17288181.opus,report
./data/macroset/en/clips/report/common_voice_en_20026050.opus,report
./data/macroset/en/clips/report/common_voice_en_22211458.opus,report
./data/macroset/en/clips/report/common_voice_en_20442530.opus,report
./data/macroset/en/clips/nordic/common_voice_en_19172809.opus,nordic
./data/macroset/en/clips/nordic/common_voice_en_22173470.opus,nordic
./data/macroset/en/clips/nordic/common_voice_en_20252202.opus,nordic
./data/macroset/en/clips/nordic/common_voice_en_21877830.opus,nordic
./data/macroset/en/clips/nordic/common_voice_en_19577337.opus,nordic
./data/macroset/en/clips/questionable/common_voice_en_19693712.opus,questionable
./data/macroset/en/clips/questionable/common_voice_en_208432.opus,questionable
./data/macroset/en/clips/questionable/common_voice_en_678851.opus,questionable
./data/macroset/en/clips/questionable/common_voice_en_31470.opus,questionable
./data/macroset/en/clips/questionable/common_voice_en_488734.opus,questionable
./data/macroset/en/clips/accommodate/common_voice_en_20020727.opus,accommodate
./data/macroset/en/clips/accommodate/common_voice_en_22133025.opus,accommodate
./data/macroset/en/clips/accommodate/common_voice_en_19766349.opus,accommodate
./data/macroset/en/clips/accommodate/common_voice_en_20453638.opus,accommodate
./data/macroset/en/clips/accommodate/common_voice_en_20220397.opus,accommodate
./data/macroset/en/clips/singing/common_voice_en_204975.opus,singing
./data/macroset/en/clips/singing/common_voice_en_9839.opus,singing
./data/macroset/en/clips/singing/common_voice_en_21282217.opus,singing
./data/macroset/en/clips/singing/common_voice_en_560750.opus,singing
./data/macroset/en/clips/singing/common_voice_en_20962320.opus,singing
./data/macroset/en/clips/promoting/common_voice_en_19029017.opus,promoting
./data/macroset/en/clips/promoting/common_voice_en_20103140.opus,promoting
./data/macroset/en/clips/promoting/common_voice_en_21220425.opus,promoting
./data/macroset/en/clips/promoting/common_voice_en_20851721.opus,promoting
./data/macroset/en/clips/promoting/common_voice_en_19612517.opus,promoting
./data/macroset/en/clips/fifties/common_voice_en_19181400.opus,fifties
./data/macroset/en/clips/fifties/common_voice_en_511567.opus,fifties
./data/macroset/en/clips/fifties/common_voice_en_83779.opus,fifties
./data/macroset/en/clips/fifties/common_voice_en_489603.opus,fifties
./data/macroset/en/clips/fifties/common_voice_en_19166.opus,fifties
./data/macroset/en/clips/ago/common_voice_en_511427.opus,ago
./data/macroset/en/clips/ago/common_voice_en_661959.opus,ago
./data/macroset/en/clips/ago/common_voice_en_98247.opus,ago
./data/macroset/en/clips/ago/common_voice_en_18540685.opus,ago
./data/macroset/en/clips/ago/common_voice_en_588714.opus,ago
./data/macroset/en/clips/key/common_voice_en_19740416.opus,key
./data/macroset/en/clips/key/common_voice_en_18707473.opus,key
./data/macroset/en/clips/key/common_voice_en_497139.opus,key
./data/macroset/en/clips/key/common_voice_en_633102.opus,key
./data/macroset/en/clips/key/common_voice_en_18958071.opus,key
./data/macroset/en/clips/goodman/common_voice_en_54824.opus,goodman
./data/macroset/en/clips/goodman/common_voice_en_613805.opus,goodman
./data/macroset/en/clips/goodman/common_voice_en_18999529.opus,goodman
./data/macroset/en/clips/goodman/common_voice_en_19196438.opus,goodman
./data/macroset/en/clips/goodman/common_voice_en_189865.opus,goodman
./data/macroset/en/clips/nesting/common_voice_en_19400005.opus,nesting
./data/macroset/en/clips/nesting/common_voice_en_20748447.opus,nesting
./data/macroset/en/clips/nesting/common_voice_en_20159537.opus,nesting
./data/macroset/en/clips/nesting/common_voice_en_19152042.opus,nesting
./data/macroset/en/clips/nesting/common_voice_en_19724070.opus,nesting
./data/macroset/en/clips/neighbors/common_voice_en_601925.opus,neighbors
./data/macroset/en/clips/neighbors/common_voice_en_516650.opus,neighbors
./data/macroset/en/clips/neighbors/common_voice_en_556666.opus,neighbors
./data/macroset/en/clips/neighbors/common_voice_en_19963172.opus,neighbors
./data/macroset/en/clips/neighbors/common_voice_en_21382129.opus,neighbors
./data/macroset/en/clips/policies/common_voice_en_20548273.opus,policies
./data/macroset/en/clips/policies/common_voice_en_20335761.opus,policies
./data/macroset/en/clips/policies/common_voice_en_19953237.opus,policies
./data/macroset/en/clips/policies/common_voice_en_18747856.opus,policies
./data/macroset/en/clips/policies/common_voice_en_21829735.opus,policies
./data/macroset/en/clips/inhabitants/common_voice_en_20290774.opus,inhabitants
./data/macroset/en/clips/inhabitants/common_voice_en_20009058.opus,inhabitants
./data/macroset/en/clips/inhabitants/common_voice_en_19733053.opus,inhabitants
./data/macroset/en/clips/inhabitants/common_voice_en_22405677.opus,inhabitants
./data/macroset/en/clips/inhabitants/common_voice_en_20250252.opus,inhabitants
./data/macroset/en/clips/midst/common_voice_en_18757692.opus,midst
./data/macroset/en/clips/midst/common_voice_en_615735.opus,midst
./data/macroset/en/clips/midst/common_voice_en_38862.opus,midst
./data/macroset/en/clips/midst/common_voice_en_492619.opus,midst
./data/macroset/en/clips/midst/common_voice_en_537550.opus,midst
./data/macroset/en/clips/medieval/common_voice_en_19534587.opus,medieval
./data/macroset/en/clips/medieval/common_voice_en_20171900.opus,medieval
./data/macroset/en/clips/medieval/common_voice_en_22062370.opus,medieval
./data/macroset/en/clips/medieval/common_voice_en_21970638.opus,medieval
./data/macroset/en/clips/medieval/common_voice_en_19762865.opus,medieval
./data/macroset/en/clips/weeks/common_voice_en_19526647.opus,weeks
./data/macroset/en/clips/weeks/common_voice_en_20064286.opus,weeks
./data/macroset/en/clips/weeks/common_voice_en_20017567.opus,weeks
./data/macroset/en/clips/weeks/common_voice_en_18897800.opus,weeks
./data/macroset/en/clips/weeks/common_voice_en_551148.opus,weeks
./data/macroset/en/clips/researcher/common_voice_en_20301113.opus,researcher
./data/macroset/en/clips/researcher/common_voice_en_20674160.opus,researcher
./data/macroset/en/clips/researcher/common_voice_en_18583697.opus,researcher
./data/macroset/en/clips/researcher/common_voice_en_20475124.opus,researcher
./data/macroset/en/clips/researcher/common_voice_en_17294522.opus,researcher
./data/macroset/en/clips/boris/common_voice_en_511231.opus,boris
./data/macroset/en/clips/boris/common_voice_en_628683.opus,boris
./data/macroset/en/clips/boris/common_voice_en_614868.opus,boris
./data/macroset/en/clips/boris/common_voice_en_631467.opus,boris
./data/macroset/en/clips/boris/common_voice_en_18714980.opus,boris
./data/macroset/en/clips/tribes/common_voice_en_21684474.opus,tribes
./data/macroset/en/clips/tribes/common_voice_en_218594.opus,tribes
./data/macroset/en/clips/tribes/common_voice_en_211680.opus,tribes
./data/macroset/en/clips/tribes/common_voice_en_541481.opus,tribes
./data/macroset/en/clips/tribes/common_voice_en_55838.opus,tribes
./data/macroset/en/clips/petroleum/common_voice_en_19674891.opus,petroleum
./data/macroset/en/clips/petroleum/common_voice_en_21753915.opus,petroleum
./data/macroset/en/clips/petroleum/common_voice_en_21715683.opus,petroleum
./data/macroset/en/clips/petroleum/common_voice_en_22188115.opus,petroleum
./data/macroset/en/clips/petroleum/common_voice_en_19722834.opus,petroleum
./data/macroset/en/clips/kilo/common_voice_en_18092774.opus,kilo
./data/macroset/en/clips/kilo/common_voice_en_527625.opus,kilo
./data/macroset/en/clips/kilo/common_voice_en_18147342.opus,kilo
./data/macroset/en/clips/kilo/common_voice_en_18073261.opus,kilo
./data/macroset/en/clips/kilo/common_voice_en_478343.opus,kilo
./data/macroset/en/clips/professor/common_voice_en_531043.opus,professor
./data/macroset/en/clips/professor/common_voice_en_19724255.opus,professor
./data/macroset/en/clips/professor/common_voice_en_20727808.opus,professor
./data/macroset/en/clips/professor/common_voice_en_20691551.opus,professor
./data/macroset/en/clips/professor/common_voice_en_19547516.opus,professor
./data/macroset/en/clips/groups/common_voice_en_19314311.opus,groups
./data/macroset/en/clips/groups/common_voice_en_21867291.opus,groups
./data/macroset/en/clips/groups/common_voice_en_19944407.opus,groups
./data/macroset/en/clips/groups/common_voice_en_21137565.opus,groups
./data/macroset/en/clips/groups/common_voice_en_20586247.opus,groups
./data/macroset/en/clips/tells/common_voice_en_20851951.opus,tells
./data/macroset/en/clips/tells/common_voice_en_19631453.opus,tells
./data/macroset/en/clips/tells/common_voice_en_20782692.opus,tells
./data/macroset/en/clips/tells/common_voice_en_21311631.opus,tells
./data/macroset/en/clips/tells/common_voice_en_21245185.opus,tells
./data/macroset/en/clips/suitably/common_voice_en_17297254.opus,suitably
./data/macroset/en/clips/suitably/common_voice_en_17515491.opus,suitably
./data/macroset/en/clips/suitably/common_voice_en_18145719.opus,suitably
./data/macroset/en/clips/suitably/common_voice_en_17412123.opus,suitably
./data/macroset/en/clips/suitably/common_voice_en_17440901.opus,suitably
./data/macroset/en/clips/technical/common_voice_en_56872.opus,technical
./data/macroset/en/clips/technical/common_voice_en_76199.opus,technical
./data/macroset/en/clips/technical/common_voice_en_21656337.opus,technical
./data/macroset/en/clips/technical/common_voice_en_18897777.opus,technical
./data/macroset/en/clips/technical/common_voice_en_22331820.opus,technical
./data/macroset/en/clips/roof/common_voice_en_18740184.opus,roof
./data/macroset/en/clips/roof/common_voice_en_21400024.opus,roof
./data/macroset/en/clips/roof/common_voice_en_43314.opus,roof
./data/macroset/en/clips/roof/common_voice_en_514933.opus,roof
./data/macroset/en/clips/roof/common_voice_en_19079934.opus,roof
./data/macroset/en/clips/queensland/common_voice_en_19957350.opus,queensland
./data/macroset/en/clips/queensland/common_voice_en_19004258.opus,queensland
./data/macroset/en/clips/queensland/common_voice_en_22324020.opus,queensland
./data/macroset/en/clips/queensland/common_voice_en_20894703.opus,queensland
./data/macroset/en/clips/queensland/common_voice_en_20562697.opus,queensland
./data/macroset/en/clips/terminology/common_voice_en_18725685.opus,terminology
./data/macroset/en/clips/terminology/common_voice_en_20976374.opus,terminology
./data/macroset/en/clips/terminology/common_voice_en_20424879.opus,terminology
./data/macroset/en/clips/terminology/common_voice_en_21236376.opus,terminology
./data/macroset/en/clips/terminology/common_voice_en_19625908.opus,terminology
./data/macroset/en/clips/webster/common_voice_en_20260071.opus,webster
./data/macroset/en/clips/webster/common_voice_en_21546802.opus,webster
./data/macroset/en/clips/webster/common_voice_en_19809254.opus,webster
./data/macroset/en/clips/webster/common_voice_en_19731910.opus,webster
./data/macroset/en/clips/webster/common_voice_en_19689137.opus,webster
./data/macroset/en/clips/refinery/common_voice_en_663625.opus,refinery
./data/macroset/en/clips/refinery/common_voice_en_169117.opus,refinery
./data/macroset/en/clips/refinery/common_voice_en_19650108.opus,refinery
./data/macroset/en/clips/refinery/common_voice_en_16185366.opus,refinery
./data/macroset/en/clips/refinery/common_voice_en_612358.opus,refinery
./data/macroset/en/clips/worst/common_voice_en_18125422.opus,worst
./data/macroset/en/clips/worst/common_voice_en_196594.opus,worst
./data/macroset/en/clips/worst/common_voice_en_247348.opus,worst
./data/macroset/en/clips/worst/common_voice_en_207947.opus,worst
./data/macroset/en/clips/worst/common_voice_en_18961816.opus,worst
./data/macroset/en/clips/ballad/common_voice_en_6923234.opus,ballad
./data/macroset/en/clips/ballad/common_voice_en_17270884.opus,ballad
./data/macroset/en/clips/ballad/common_voice_en_17573069.opus,ballad
./data/macroset/en/clips/ballad/common_voice_en_19687256.opus,ballad
./data/macroset/en/clips/ballad/common_voice_en_17267143.opus,ballad
./data/macroset/en/clips/tolerance/common_voice_en_18888539.opus,tolerance
./data/macroset/en/clips/tolerance/common_voice_en_22017357.opus,tolerance
./data/macroset/en/clips/tolerance/common_voice_en_20280901.opus,tolerance
./data/macroset/en/clips/tolerance/common_voice_en_20528072.opus,tolerance
./data/macroset/en/clips/tolerance/common_voice_en_20486945.opus,tolerance
./data/macroset/en/clips/dating/common_voice_en_19695498.opus,dating
./data/macroset/en/clips/dating/common_voice_en_22251184.opus,dating
./data/macroset/en/clips/dating/common_voice_en_20114801.opus,dating
./data/macroset/en/clips/dating/common_voice_en_19961018.opus,dating
./data/macroset/en/clips/dating/common_voice_en_21686676.opus,dating
./data/macroset/en/clips/rubbing/common_voice_en_73338.opus,rubbing
./data/macroset/en/clips/rubbing/common_voice_en_592867.opus,rubbing
./data/macroset/en/clips/rubbing/common_voice_en_221682.opus,rubbing
./data/macroset/en/clips/rubbing/common_voice_en_591.opus,rubbing
./data/macroset/en/clips/rubbing/common_voice_en_18618053.opus,rubbing
./data/macroset/en/clips/slices/common_voice_en_9412160.opus,slices
./data/macroset/en/clips/slices/common_voice_en_17791281.opus,slices
./data/macroset/en/clips/slices/common_voice_en_17285100.opus,slices
./data/macroset/en/clips/slices/common_voice_en_17271207.opus,slices
./data/macroset/en/clips/slices/common_voice_en_17935989.opus,slices
./data/macroset/en/clips/forgive/common_voice_en_18656260.opus,forgive
./data/macroset/en/clips/forgive/common_voice_en_526080.opus,forgive
./data/macroset/en/clips/forgive/common_voice_en_17448544.opus,forgive
./data/macroset/en/clips/forgive/common_voice_en_18526879.opus,forgive
./data/macroset/en/clips/forgive/common_voice_en_20879075.opus,forgive
./data/macroset/en/clips/trademark/common_voice_en_17727482.opus,trademark
./data/macroset/en/clips/trademark/common_voice_en_18083913.opus,trademark
./data/macroset/en/clips/trademark/common_voice_en_19968636.opus,trademark
./data/macroset/en/clips/trademark/common_voice_en_17887880.opus,trademark
./data/macroset/en/clips/trademark/common_voice_en_17658810.opus,trademark
./data/macroset/en/clips/showed/common_voice_en_146515.opus,showed
./data/macroset/en/clips/showed/common_voice_en_444740.opus,showed
./data/macroset/en/clips/showed/common_voice_en_18042830.opus,showed
./data/macroset/en/clips/showed/common_voice_en_20492885.opus,showed
./data/macroset/en/clips/showed/common_voice_en_21345953.opus,showed
./data/macroset/en/clips/warsaw/common_voice_en_19621945.opus,warsaw
./data/macroset/en/clips/warsaw/common_voice_en_20005709.opus,warsaw
./data/macroset/en/clips/warsaw/common_voice_en_20117523.opus,warsaw
./data/macroset/en/clips/warsaw/common_voice_en_21686767.opus,warsaw
./data/macroset/en/clips/warsaw/common_voice_en_19857278.opus,warsaw
./data/macroset/en/clips/pipe/common_voice_en_18060411.opus,pipe
./data/macroset/en/clips/pipe/common_voice_en_18144845.opus,pipe
./data/macroset/en/clips/pipe/common_voice_en_21768381.opus,pipe
./data/macroset/en/clips/pipe/common_voice_en_590650.opus,pipe
./data/macroset/en/clips/pipe/common_voice_en_18487133.opus,pipe
./data/macroset/en/clips/stormed/common_voice_en_17277670.opus,stormed
./data/macroset/en/clips/stormed/common_voice_en_18109255.opus,stormed
./data/macroset/en/clips/stormed/common_voice_en_18168357.opus,stormed
./data/macroset/en/clips/stormed/common_voice_en_18141665.opus,stormed
./data/macroset/en/clips/stormed/common_voice_en_21964849.opus,stormed
./data/macroset/en/clips/adjoining/common_voice_en_21723791.opus,adjoining
./data/macroset/en/clips/adjoining/common_voice_en_20958836.opus,adjoining
./data/macroset/en/clips/adjoining/common_voice_en_19651303.opus,adjoining
./data/macroset/en/clips/adjoining/common_voice_en_19201036.opus,adjoining
./data/macroset/en/clips/adjoining/common_voice_en_22265445.opus,adjoining
./data/macroset/en/clips/printing/common_voice_en_524637.opus,printing
./data/macroset/en/clips/printing/common_voice_en_21869569.opus,printing
./data/macroset/en/clips/printing/common_voice_en_662319.opus,printing
./data/macroset/en/clips/printing/common_voice_en_22160203.opus,printing
./data/macroset/en/clips/printing/common_voice_en_19203862.opus,printing
./data/macroset/en/clips/shaw/common_voice_en_20828000.opus,shaw
./data/macroset/en/clips/shaw/common_voice_en_22130215.opus,shaw
./data/macroset/en/clips/shaw/common_voice_en_19841382.opus,shaw
./data/macroset/en/clips/shaw/common_voice_en_22162959__2.opus,shaw
./data/macroset/en/clips/shaw/common_voice_en_22323905.opus,shaw
./data/macroset/en/clips/api/common_voice_en_47218.opus,api
./data/macroset/en/clips/api/common_voice_en_697170.opus,api
./data/macroset/en/clips/api/common_voice_en_628762.opus,api
./data/macroset/en/clips/api/common_voice_en_185556.opus,api
./data/macroset/en/clips/api/common_voice_en_506785.opus,api
./data/macroset/en/clips/yourself/common_voice_en_219528.opus,yourself
./data/macroset/en/clips/yourself/common_voice_en_18486957.opus,yourself
./data/macroset/en/clips/yourself/common_voice_en_71044.opus,yourself
./data/macroset/en/clips/yourself/common_voice_en_86167.opus,yourself
./data/macroset/en/clips/yourself/common_voice_en_18543201.opus,yourself
./data/macroset/en/clips/goddess/common_voice_en_22040735.opus,goddess
./data/macroset/en/clips/goddess/common_voice_en_19960200.opus,goddess
./data/macroset/en/clips/goddess/common_voice_en_21902084.opus,goddess
./data/macroset/en/clips/goddess/common_voice_en_21588788.opus,goddess
./data/macroset/en/clips/goddess/common_voice_en_19335093.opus,goddess
./data/macroset/en/clips/ideas/common_voice_en_21016314.opus,ideas
./data/macroset/en/clips/ideas/common_voice_en_20880422.opus,ideas
./data/macroset/en/clips/ideas/common_voice_en_25561.opus,ideas
./data/macroset/en/clips/ideas/common_voice_en_20918503.opus,ideas
./data/macroset/en/clips/ideas/common_voice_en_20234105.opus,ideas
./data/macroset/en/clips/photographer/common_voice_en_22372109.opus,photographer
./data/macroset/en/clips/photographer/common_voice_en_19634504.opus,photographer
./data/macroset/en/clips/photographer/common_voice_en_609404.opus,photographer
./data/macroset/en/clips/photographer/common_voice_en_20276332.opus,photographer
./data/macroset/en/clips/photographer/common_voice_en_19026229.opus,photographer
./data/macroset/en/clips/kate/common_voice_en_19973628.opus,kate
./data/macroset/en/clips/kate/common_voice_en_17118.opus,kate
./data/macroset/en/clips/kate/common_voice_en_22439444.opus,kate
./data/macroset/en/clips/kate/common_voice_en_20271940.opus,kate
./data/macroset/en/clips/kate/common_voice_en_19141825.opus,kate
./data/macroset/en/clips/brink/common_voice_en_20857202.opus,brink
./data/macroset/en/clips/brink/common_voice_en_25903.opus,brink
./data/macroset/en/clips/brink/common_voice_en_30731.opus,brink
./data/macroset/en/clips/brink/common_voice_en_17727200.opus,brink
./data/macroset/en/clips/brink/common_voice_en_17854192.opus,brink
./data/macroset/en/clips/marketing/common_voice_en_19634978.opus,marketing
./data/macroset/en/clips/marketing/common_voice_en_22295225.opus,marketing
./data/macroset/en/clips/marketing/common_voice_en_19665694.opus,marketing
./data/macroset/en/clips/marketing/common_voice_en_20961887.opus,marketing
./data/macroset/en/clips/marketing/common_voice_en_19006630.opus,marketing
./data/macroset/en/clips/morning/common_voice_en_19704771.opus,morning
./data/macroset/en/clips/morning/common_voice_en_17441582.opus,morning
./data/macroset/en/clips/morning/common_voice_en_17582781.opus,morning
./data/macroset/en/clips/morning/common_voice_en_203566.opus,morning
./data/macroset/en/clips/morning/common_voice_en_3695218.opus,morning
./data/macroset/en/clips/victoria/common_voice_en_21269396.opus,victoria
./data/macroset/en/clips/victoria/common_voice_en_19646461.opus,victoria
./data/macroset/en/clips/victoria/common_voice_en_18061876.opus,victoria
./data/macroset/en/clips/victoria/common_voice_en_20946962.opus,victoria
./data/macroset/en/clips/victoria/common_voice_en_18130368.opus,victoria
./data/macroset/en/clips/doctorate/common_voice_en_21535262.opus,doctorate
./data/macroset/en/clips/doctorate/common_voice_en_21272889.opus,doctorate
./data/macroset/en/clips/doctorate/common_voice_en_21754099.opus,doctorate
./data/macroset/en/clips/doctorate/common_voice_en_20276352.opus,doctorate
./data/macroset/en/clips/doctorate/common_voice_en_18699281.opus,doctorate
./data/macroset/en/clips/divided/common_voice_en_21137886.opus,divided
./data/macroset/en/clips/divided/common_voice_en_20580822.opus,divided
./data/macroset/en/clips/divided/common_voice_en_19665812.opus,divided
./data/macroset/en/clips/divided/common_voice_en_19480582.opus,divided
./data/macroset/en/clips/divided/common_voice_en_19625574.opus,divided
./data/macroset/en/clips/lover/common_voice_en_20176407.opus,lover
./data/macroset/en/clips/lover/common_voice_en_18564710.opus,lover
./data/macroset/en/clips/lover/common_voice_en_18930843.opus,lover
./data/macroset/en/clips/lover/common_voice_en_19343553.opus,lover
./data/macroset/en/clips/lover/common_voice_en_19741242.opus,lover
./data/macroset/en/clips/desire/common_voice_en_21449105.opus,desire
./data/macroset/en/clips/desire/common_voice_en_21540623.opus,desire
./data/macroset/en/clips/desire/common_voice_en_212967.opus,desire
./data/macroset/en/clips/desire/common_voice_en_20993248.opus,desire
./data/macroset/en/clips/desire/common_voice_en_636546.opus,desire
./data/macroset/en/clips/dollars/common_voice_en_628794.opus,dollars
./data/macroset/en/clips/dollars/common_voice_en_486575.opus,dollars
./data/macroset/en/clips/dollars/common_voice_en_32054.opus,dollars
./data/macroset/en/clips/dollars/common_voice_en_77116.opus,dollars
./data/macroset/en/clips/dollars/common_voice_en_627942.opus,dollars
./data/macroset/en/clips/later/common_voice_en_19716094.opus,later
./data/macroset/en/clips/later/common_voice_en_19948376.opus,later
./data/macroset/en/clips/later/common_voice_en_19984544.opus,later
./data/macroset/en/clips/later/common_voice_en_21454239.opus,later
./data/macroset/en/clips/later/common_voice_en_20075889.opus,later
./data/macroset/en/clips/executed/common_voice_en_20874514.opus,executed
./data/macroset/en/clips/executed/common_voice_en_20727792.opus,executed
./data/macroset/en/clips/executed/common_voice_en_20738355.opus,executed
./data/macroset/en/clips/executed/common_voice_en_19674483.opus,executed
./data/macroset/en/clips/executed/common_voice_en_21875859.opus,executed
./data/macroset/en/clips/queen/common_voice_en_18643761.opus,queen
./data/macroset/en/clips/queen/common_voice_en_19113884.opus,queen
./data/macroset/en/clips/queen/common_voice_en_20043760.opus,queen
./data/macroset/en/clips/queen/common_voice_en_21312085.opus,queen
./data/macroset/en/clips/queen/common_voice_en_21375109.opus,queen
./data/macroset/en/clips/survive/common_voice_en_19950546.opus,survive
./data/macroset/en/clips/survive/common_voice_en_641430.opus,survive
./data/macroset/en/clips/survive/common_voice_en_20971123.opus,survive
./data/macroset/en/clips/survive/common_voice_en_20570914.opus,survive
./data/macroset/en/clips/survive/common_voice_en_20298185.opus,survive
./data/macroset/en/clips/maze/common_voice_en_3043980.opus,maze
./data/macroset/en/clips/maze/common_voice_en_22167217.opus,maze
./data/macroset/en/clips/maze/common_voice_en_21504873.opus,maze
./data/macroset/en/clips/maze/common_voice_en_19587999.opus,maze
./data/macroset/en/clips/maze/common_voice_en_20662435.opus,maze
./data/macroset/en/clips/nominated/common_voice_en_20391263.opus,nominated
./data/macroset/en/clips/nominated/common_voice_en_20994777.opus,nominated
./data/macroset/en/clips/nominated/common_voice_en_20381410.opus,nominated
./data/macroset/en/clips/nominated/common_voice_en_20038156.opus,nominated
./data/macroset/en/clips/nominated/common_voice_en_22320002.opus,nominated
./data/macroset/en/clips/sectors/common_voice_en_18767161.opus,sectors
./data/macroset/en/clips/sectors/common_voice_en_18993312.opus,sectors
./data/macroset/en/clips/sectors/common_voice_en_21263243.opus,sectors
./data/macroset/en/clips/sectors/common_voice_en_19982271.opus,sectors
./data/macroset/en/clips/sectors/common_voice_en_19702475.opus,sectors
./data/macroset/en/clips/hobby/common_voice_en_19379934.opus,hobby
./data/macroset/en/clips/hobby/common_voice_en_20091327.opus,hobby
./data/macroset/en/clips/hobby/common_voice_en_19578707.opus,hobby
./data/macroset/en/clips/hobby/common_voice_en_20026662.opus,hobby
./data/macroset/en/clips/hobby/common_voice_en_20860978.opus,hobby
./data/macroset/en/clips/zones/common_voice_en_1841330.opus,zones
./data/macroset/en/clips/zones/common_voice_en_692630.opus,zones
./data/macroset/en/clips/zones/common_voice_en_21564167.opus,zones
./data/macroset/en/clips/zones/common_voice_en_20091423.opus,zones
./data/macroset/en/clips/zones/common_voice_en_19660051.opus,zones
./data/macroset/en/clips/strings/common_voice_en_20857983.opus,strings
./data/macroset/en/clips/strings/common_voice_en_19009615.opus,strings
./data/macroset/en/clips/strings/common_voice_en_22218868.opus,strings
./data/macroset/en/clips/strings/common_voice_en_20372054.opus,strings
./data/macroset/en/clips/strings/common_voice_en_22303360.opus,strings
./data/macroset/en/clips/rage/common_voice_en_644703.opus,rage
./data/macroset/en/clips/rage/common_voice_en_18564301.opus,rage
./data/macroset/en/clips/rage/common_voice_en_18315423.opus,rage
./data/macroset/en/clips/rage/common_voice_en_18657054.opus,rage
./data/macroset/en/clips/rage/common_voice_en_41056.opus,rage
./data/macroset/en/clips/menu/common_voice_en_17792711.opus,menu
./data/macroset/en/clips/menu/common_voice_en_3403771.opus,menu
./data/macroset/en/clips/menu/common_voice_en_17283441.opus,menu
./data/macroset/en/clips/menu/common_voice_en_17273630.opus,menu
./data/macroset/en/clips/menu/common_voice_en_446891.opus,menu
./data/macroset/en/clips/injuries/common_voice_en_18792329.opus,injuries
./data/macroset/en/clips/injuries/common_voice_en_22182064.opus,injuries
./data/macroset/en/clips/injuries/common_voice_en_21367673.opus,injuries
./data/macroset/en/clips/injuries/common_voice_en_19782719.opus,injuries
./data/macroset/en/clips/injuries/common_voice_en_20403933.opus,injuries
./data/macroset/en/clips/detonation/common_voice_en_17910465.opus,detonation
./data/macroset/en/clips/detonation/common_voice_en_17264096.opus,detonation
./data/macroset/en/clips/detonation/common_voice_en_17417383.opus,detonation
./data/macroset/en/clips/detonation/common_voice_en_17388436.opus,detonation
./data/macroset/en/clips/detonation/common_voice_en_17903291.opus,detonation
./data/macroset/en/clips/posted/common_voice_en_20069226.opus,posted
./data/macroset/en/clips/posted/common_voice_en_22240581.opus,posted
./data/macroset/en/clips/posted/common_voice_en_17270316.opus,posted
./data/macroset/en/clips/posted/common_voice_en_17717779.opus,posted
./data/macroset/en/clips/posted/common_voice_en_582078.opus,posted
./data/macroset/en/clips/thames/common_voice_en_20305491.opus,thames
./data/macroset/en/clips/thames/common_voice_en_21012616.opus,thames
./data/macroset/en/clips/thames/common_voice_en_19800119.opus,thames
./data/macroset/en/clips/thames/common_voice_en_20019581.opus,thames
./data/macroset/en/clips/thames/common_voice_en_20039228.opus,thames
./data/macroset/en/clips/theft/common_voice_en_22220113.opus,theft
./data/macroset/en/clips/theft/common_voice_en_21742160.opus,theft
./data/macroset/en/clips/theft/common_voice_en_19692370.opus,theft
./data/macroset/en/clips/theft/common_voice_en_17939514.opus,theft
./data/macroset/en/clips/theft/common_voice_en_19770086.opus,theft
./data/macroset/en/clips/garnished/common_voice_en_82941.opus,garnished
./data/macroset/en/clips/garnished/common_voice_en_526102.opus,garnished
./data/macroset/en/clips/garnished/common_voice_en_575340.opus,garnished
./data/macroset/en/clips/garnished/common_voice_en_661057.opus,garnished
./data/macroset/en/clips/garnished/common_voice_en_61988.opus,garnished
./data/macroset/en/clips/givers/common_voice_en_18144777.opus,givers
./data/macroset/en/clips/givers/common_voice_en_590802.opus,givers
./data/macroset/en/clips/givers/common_voice_en_543486.opus,givers
./data/macroset/en/clips/givers/common_voice_en_17841157.opus,givers
./data/macroset/en/clips/givers/common_voice_en_18268879.opus,givers
./data/macroset/en/clips/weaving/common_voice_en_21757461.opus,weaving
./data/macroset/en/clips/weaving/common_voice_en_214293.opus,weaving
./data/macroset/en/clips/weaving/common_voice_en_18515686.opus,weaving
./data/macroset/en/clips/weaving/common_voice_en_18516518.opus,weaving
./data/macroset/en/clips/weaving/common_voice_en_18515600.opus,weaving
./data/macroset/en/clips/campus/common_voice_en_21855683.opus,campus
./data/macroset/en/clips/campus/common_voice_en_19989567.opus,campus
./data/macroset/en/clips/campus/common_voice_en_20227241.opus,campus
./data/macroset/en/clips/campus/common_voice_en_19617299.opus,campus
./data/macroset/en/clips/campus/common_voice_en_20247677.opus,campus
./data/macroset/en/clips/dams/common_voice_en_22055165.opus,dams
./data/macroset/en/clips/dams/common_voice_en_19544288.opus,dams
./data/macroset/en/clips/dams/common_voice_en_20260178.opus,dams
./data/macroset/en/clips/dams/common_voice_en_19975637.opus,dams
./data/macroset/en/clips/dams/common_voice_en_20449408.opus,dams
./data/macroset/en/clips/putting/common_voice_en_20296902.opus,putting
./data/macroset/en/clips/putting/common_voice_en_511368.opus,putting
./data/macroset/en/clips/putting/common_voice_en_19029058.opus,putting
./data/macroset/en/clips/putting/common_voice_en_18505648.opus,putting
./data/macroset/en/clips/putting/common_voice_en_18428312.opus,putting
./data/macroset/en/clips/chekhov/common_voice_en_19868552.opus,chekhov
./data/macroset/en/clips/chekhov/common_voice_en_96478.opus,chekhov
./data/macroset/en/clips/chekhov/common_voice_en_566868.opus,chekhov
./data/macroset/en/clips/chekhov/common_voice_en_19981311.opus,chekhov
./data/macroset/en/clips/chekhov/common_voice_en_675236.opus,chekhov
./data/macroset/en/clips/polls/common_voice_en_6923151.opus,polls
./data/macroset/en/clips/polls/common_voice_en_18908701.opus,polls
./data/macroset/en/clips/polls/common_voice_en_17582934.opus,polls
./data/macroset/en/clips/polls/common_voice_en_66510.opus,polls
./data/macroset/en/clips/polls/common_voice_en_17407516.opus,polls
./data/macroset/en/clips/labeled/common_voice_en_21100820.opus,labeled
./data/macroset/en/clips/labeled/common_voice_en_20519588.opus,labeled
./data/macroset/en/clips/labeled/common_voice_en_19650358.opus,labeled
./data/macroset/en/clips/labeled/common_voice_en_19277289.opus,labeled
./data/macroset/en/clips/labeled/common_voice_en_19747859.opus,labeled
./data/macroset/en/clips/parts/common_voice_en_21341980.opus,parts
./data/macroset/en/clips/parts/common_voice_en_20509925.opus,parts
./data/macroset/en/clips/parts/common_voice_en_19669013.opus,parts
./data/macroset/en/clips/parts/common_voice_en_19710778.opus,parts
./data/macroset/en/clips/parts/common_voice_en_19985292.opus,parts
./data/macroset/en/clips/rare/common_voice_en_20148445.opus,rare
./data/macroset/en/clips/rare/common_voice_en_18686943.opus,rare
./data/macroset/en/clips/rare/common_voice_en_19415983.opus,rare
./data/macroset/en/clips/rare/common_voice_en_20480287.opus,rare
./data/macroset/en/clips/rare/common_voice_en_18752387.opus,rare
./data/macroset/en/clips/providing/common_voice_en_20040562.opus,providing
./data/macroset/en/clips/providing/common_voice_en_22133227.opus,providing
./data/macroset/en/clips/providing/common_voice_en_21355527.opus,providing
./data/macroset/en/clips/providing/common_voice_en_19523632.opus,providing
./data/macroset/en/clips/providing/common_voice_en_671878.opus,providing
./data/macroset/en/clips/electrons/common_voice_en_21693051.opus,electrons
./data/macroset/en/clips/electrons/common_voice_en_18834652.opus,electrons
./data/macroset/en/clips/electrons/common_voice_en_21604044.opus,electrons
./data/macroset/en/clips/electrons/common_voice_en_21902076.opus,electrons
./data/macroset/en/clips/electrons/common_voice_en_19908494.opus,electrons
./data/macroset/en/clips/aloft/common_voice_en_633662.opus,aloft
./data/macroset/en/clips/aloft/common_voice_en_17453583.opus,aloft
./data/macroset/en/clips/aloft/common_voice_en_17346230.opus,aloft
./data/macroset/en/clips/aloft/common_voice_en_9850394.opus,aloft
./data/macroset/en/clips/aloft/common_voice_en_15735784.opus,aloft
./data/macroset/en/clips/newport/common_voice_en_19641313.opus,newport
./data/macroset/en/clips/newport/common_voice_en_20737764.opus,newport
./data/macroset/en/clips/newport/common_voice_en_19848058.opus,newport
./data/macroset/en/clips/newport/common_voice_en_18987057.opus,newport
./data/macroset/en/clips/newport/common_voice_en_72653.opus,newport
./data/macroset/en/clips/salesman/common_voice_en_53763.opus,salesman
./data/macroset/en/clips/salesman/common_voice_en_18249276.opus,salesman
./data/macroset/en/clips/salesman/common_voice_en_476489.opus,salesman
./data/macroset/en/clips/salesman/common_voice_en_48549.opus,salesman
./data/macroset/en/clips/salesman/common_voice_en_681748.opus,salesman
./data/macroset/en/clips/crops/common_voice_en_19821474.opus,crops
./data/macroset/en/clips/crops/common_voice_en_21521612.opus,crops
./data/macroset/en/clips/crops/common_voice_en_20638067.opus,crops
./data/macroset/en/clips/crops/common_voice_en_21158212.opus,crops
./data/macroset/en/clips/crops/common_voice_en_22091464.opus,crops
./data/macroset/en/clips/chieftains/common_voice_en_17346.opus,chieftains
./data/macroset/en/clips/chieftains/common_voice_en_519767.opus,chieftains
./data/macroset/en/clips/chieftains/common_voice_en_21805.opus,chieftains
./data/macroset/en/clips/chieftains/common_voice_en_19027.opus,chieftains
./data/macroset/en/clips/chieftains/common_voice_en_648424.opus,chieftains
./data/macroset/en/clips/razors/common_voice_en_17280502.opus,razors
./data/macroset/en/clips/razors/common_voice_en_690305.opus,razors
./data/macroset/en/clips/razors/common_voice_en_17268654.opus,razors
./data/macroset/en/clips/razors/common_voice_en_24667.opus,razors
./data/macroset/en/clips/razors/common_voice_en_17267250.opus,razors
./data/macroset/en/clips/submit/common_voice_en_20197530.opus,submit
./data/macroset/en/clips/submit/common_voice_en_22051534.opus,submit
./data/macroset/en/clips/submit/common_voice_en_22336573.opus,submit
./data/macroset/en/clips/submit/common_voice_en_19809519.opus,submit
./data/macroset/en/clips/submit/common_voice_en_18454343.opus,submit
./data/macroset/en/clips/autocomplete/common_voice_en_17562143.opus,autocomplete
./data/macroset/en/clips/autocomplete/common_voice_en_17650783.opus,autocomplete
./data/macroset/en/clips/autocomplete/common_voice_en_17653424.opus,autocomplete
./data/macroset/en/clips/autocomplete/common_voice_en_17403767.opus,autocomplete
./data/macroset/en/clips/autocomplete/common_voice_en_17307272.opus,autocomplete
./data/macroset/en/clips/masters/common_voice_en_20676530.opus,masters
./data/macroset/en/clips/masters/common_voice_en_21535264.opus,masters
./data/macroset/en/clips/masters/common_voice_en_18823729.opus,masters
./data/macroset/en/clips/masters/common_voice_en_22068340.opus,masters
./data/macroset/en/clips/masters/common_voice_en_195125.opus,masters
./data/macroset/en/clips/alexandra/common_voice_en_20063588.opus,alexandra
./data/macroset/en/clips/alexandra/common_voice_en_19728286.opus,alexandra
./data/macroset/en/clips/alexandra/common_voice_en_21796539.opus,alexandra
./data/macroset/en/clips/alexandra/common_voice_en_20560221.opus,alexandra
./data/macroset/en/clips/alexandra/common_voice_en_19748796.opus,alexandra
./data/macroset/en/clips/federal/common_voice_en_19759006.opus,federal
./data/macroset/en/clips/federal/common_voice_en_19649553.opus,federal
./data/macroset/en/clips/federal/common_voice_en_19822229.opus,federal
./data/macroset/en/clips/federal/common_voice_en_19761454.opus,federal
./data/macroset/en/clips/federal/common_voice_en_20952802.opus,federal
./data/macroset/en/clips/york/common_voice_en_564215.opus,york
./data/macroset/en/clips/york/common_voice_en_21360504.opus,york
./data/macroset/en/clips/york/common_voice_en_19676381.opus,york
./data/macroset/en/clips/york/common_voice_en_19185459.opus,york
./data/macroset/en/clips/york/common_voice_en_19204672.opus,york
./data/macroset/en/clips/mastermind/common_voice_en_653443.opus,mastermind
./data/macroset/en/clips/mastermind/common_voice_en_479980.opus,mastermind
./data/macroset/en/clips/mastermind/common_voice_en_676310.opus,mastermind
./data/macroset/en/clips/mastermind/common_voice_en_688464.opus,mastermind
./data/macroset/en/clips/mastermind/common_voice_en_638972.opus,mastermind
./data/macroset/en/clips/cornish/common_voice_en_20782127.opus,cornish
./data/macroset/en/clips/cornish/common_voice_en_21981375.opus,cornish
./data/macroset/en/clips/cornish/common_voice_en_18793711.opus,cornish
./data/macroset/en/clips/cornish/common_voice_en_20315923.opus,cornish
./data/macroset/en/clips/cornish/common_voice_en_19552526.opus,cornish
./data/macroset/en/clips/bringing/common_voice_en_20179019.opus,bringing
./data/macroset/en/clips/bringing/common_voice_en_18939563.opus,bringing
./data/macroset/en/clips/bringing/common_voice_en_17288763.opus,bringing
./data/macroset/en/clips/bringing/common_voice_en_20992264.opus,bringing
./data/macroset/en/clips/bringing/common_voice_en_20060667.opus,bringing
./data/macroset/en/clips/fisherman/common_voice_en_612006.opus,fisherman
./data/macroset/en/clips/fisherman/common_voice_en_21304999.opus,fisherman
./data/macroset/en/clips/fisherman/common_voice_en_20466460.opus,fisherman
./data/macroset/en/clips/fisherman/common_voice_en_660606.opus,fisherman
./data/macroset/en/clips/fisherman/common_voice_en_19650847.opus,fisherman
./data/macroset/en/clips/rain/common_voice_en_505119.opus,rain
./data/macroset/en/clips/rain/common_voice_en_22311914.opus,rain
./data/macroset/en/clips/rain/common_voice_en_664995.opus,rain
./data/macroset/en/clips/rain/common_voice_en_199725.opus,rain
./data/macroset/en/clips/rain/common_voice_en_20006194.opus,rain
./data/macroset/en/clips/mixture/common_voice_en_20877149.opus,mixture
./data/macroset/en/clips/mixture/common_voice_en_19672643.opus,mixture
./data/macroset/en/clips/mixture/common_voice_en_19975129.opus,mixture
./data/macroset/en/clips/mixture/common_voice_en_20219272.opus,mixture
./data/macroset/en/clips/mixture/common_voice_en_34973.opus,mixture
./data/macroset/en/clips/students/common_voice_en_21345715.opus,students
./data/macroset/en/clips/students/common_voice_en_19825570.opus,students
./data/macroset/en/clips/students/common_voice_en_521138.opus,students
./data/macroset/en/clips/students/common_voice_en_20115243.opus,students
./data/macroset/en/clips/students/common_voice_en_18877661.opus,students
./data/macroset/en/clips/tuition/common_voice_en_19849565.opus,tuition
./data/macroset/en/clips/tuition/common_voice_en_20565038.opus,tuition
./data/macroset/en/clips/tuition/common_voice_en_19619498.opus,tuition
./data/macroset/en/clips/tuition/common_voice_en_21952475.opus,tuition
./data/macroset/en/clips/tuition/common_voice_en_19953603.opus,tuition
./data/macroset/en/clips/fellas/common_voice_en_636587.opus,fellas
./data/macroset/en/clips/fellas/common_voice_en_188974.opus,fellas
./data/macroset/en/clips/fellas/common_voice_en_674450.opus,fellas
./data/macroset/en/clips/fellas/common_voice_en_644980.opus,fellas
./data/macroset/en/clips/fellas/common_voice_en_513424.opus,fellas
./data/macroset/en/clips/charm/common_voice_en_18111958.opus,charm
./data/macroset/en/clips/charm/common_voice_en_41615.opus,charm
./data/macroset/en/clips/charm/common_voice_en_19174912.opus,charm
./data/macroset/en/clips/charm/common_voice_en_523971.opus,charm
./data/macroset/en/clips/charm/common_voice_en_544256.opus,charm
./data/macroset/en/clips/pepper/common_voice_en_22321244.opus,pepper
./data/macroset/en/clips/pepper/common_voice_en_18170724.opus,pepper
./data/macroset/en/clips/pepper/common_voice_en_22395934.opus,pepper
./data/macroset/en/clips/pepper/common_voice_en_22442138.opus,pepper
./data/macroset/en/clips/pepper/common_voice_en_18784674.opus,pepper
./data/macroset/en/clips/club/common_voice_en_18342358.opus,club
./data/macroset/en/clips/club/common_voice_en_20406071.opus,club
./data/macroset/en/clips/club/common_voice_en_20379928.opus,club
./data/macroset/en/clips/club/common_voice_en_32637.opus,club
./data/macroset/en/clips/club/common_voice_en_84027.opus,club
./data/macroset/en/clips/chloride/common_voice_en_21355199.opus,chloride
./data/macroset/en/clips/chloride/common_voice_en_20883218.opus,chloride
./data/macroset/en/clips/chloride/common_voice_en_20077899.opus,chloride
./data/macroset/en/clips/chloride/common_voice_en_21024020.opus,chloride
./data/macroset/en/clips/chloride/common_voice_en_21705118.opus,chloride
./data/macroset/en/clips/engaging/common_voice_en_35055.opus,engaging
./data/macroset/en/clips/engaging/common_voice_en_683748.opus,engaging
./data/macroset/en/clips/engaging/common_voice_en_632401.opus,engaging
./data/macroset/en/clips/engaging/common_voice_en_17843298.opus,engaging
./data/macroset/en/clips/engaging/common_voice_en_281038.opus,engaging
./data/macroset/en/clips/mobility/common_voice_en_19698007.opus,mobility
./data/macroset/en/clips/mobility/common_voice_en_22467063__2.opus,mobility
./data/macroset/en/clips/mobility/common_voice_en_20015493.opus,mobility
./data/macroset/en/clips/mobility/common_voice_en_21338067.opus,mobility
./data/macroset/en/clips/mobility/common_voice_en_18753211.opus,mobility
./data/macroset/en/clips/highland/common_voice_en_19645151.opus,highland
./data/macroset/en/clips/highland/common_voice_en_20755251.opus,highland
./data/macroset/en/clips/highland/common_voice_en_22091019.opus,highland
./data/macroset/en/clips/highland/common_voice_en_20091594.opus,highland
./data/macroset/en/clips/highland/common_voice_en_20303964.opus,highland
./data/macroset/en/clips/exceptional/common_voice_en_19689573.opus,exceptional
./data/macroset/en/clips/exceptional/common_voice_en_19799384.opus,exceptional
./data/macroset/en/clips/exceptional/common_voice_en_19738784.opus,exceptional
./data/macroset/en/clips/exceptional/common_voice_en_18992629.opus,exceptional
./data/macroset/en/clips/exceptional/common_voice_en_22121303.opus,exceptional
./data/macroset/en/clips/surveyor/common_voice_en_20410567.opus,surveyor
./data/macroset/en/clips/surveyor/common_voice_en_20688656.opus,surveyor
./data/macroset/en/clips/surveyor/common_voice_en_18861751.opus,surveyor
./data/macroset/en/clips/surveyor/common_voice_en_21877303.opus,surveyor
./data/macroset/en/clips/surveyor/common_voice_en_20540520.opus,surveyor
./data/macroset/en/clips/hospitals/common_voice_en_20995958.opus,hospitals
./data/macroset/en/clips/hospitals/common_voice_en_22084088.opus,hospitals
./data/macroset/en/clips/hospitals/common_voice_en_19641318.opus,hospitals
./data/macroset/en/clips/hospitals/common_voice_en_21509002.opus,hospitals
./data/macroset/en/clips/hospitals/common_voice_en_20767401.opus,hospitals
./data/macroset/en/clips/cove/common_voice_en_21092377.opus,cove
./data/macroset/en/clips/cove/common_voice_en_19438590.opus,cove
./data/macroset/en/clips/cove/common_voice_en_21375187__2.opus,cove
./data/macroset/en/clips/cove/common_voice_en_19730834.opus,cove
./data/macroset/en/clips/cove/common_voice_en_20906169.opus,cove
./data/macroset/en/clips/violence/common_voice_en_687354.opus,violence
./data/macroset/en/clips/violence/common_voice_en_18526011.opus,violence
./data/macroset/en/clips/violence/common_voice_en_22440491.opus,violence
./data/macroset/en/clips/violence/common_voice_en_19638604.opus,violence
./data/macroset/en/clips/violence/common_voice_en_17253770.opus,violence
./data/macroset/en/clips/snoopy/common_voice_en_140912.opus,snoopy
./data/macroset/en/clips/snoopy/common_voice_en_686319.opus,snoopy
./data/macroset/en/clips/snoopy/common_voice_en_207757.opus,snoopy
./data/macroset/en/clips/snoopy/common_voice_en_643685.opus,snoopy
./data/macroset/en/clips/snoopy/common_voice_en_19777651.opus,snoopy
./data/macroset/en/clips/critic/common_voice_en_19676789.opus,critic
./data/macroset/en/clips/critic/common_voice_en_19869051.opus,critic
./data/macroset/en/clips/critic/common_voice_en_19419234.opus,critic
./data/macroset/en/clips/critic/common_voice_en_21264384.opus,critic
./data/macroset/en/clips/critic/common_voice_en_18403957.opus,critic
./data/macroset/en/clips/jellyfish/common_voice_en_19502800.opus,jellyfish
./data/macroset/en/clips/jellyfish/common_voice_en_19106624.opus,jellyfish
./data/macroset/en/clips/jellyfish/common_voice_en_17339480.opus,jellyfish
./data/macroset/en/clips/jellyfish/common_voice_en_17441681.opus,jellyfish
./data/macroset/en/clips/jellyfish/common_voice_en_186314.opus,jellyfish
./data/macroset/en/clips/issue/common_voice_en_18693055.opus,issue
./data/macroset/en/clips/issue/common_voice_en_21744727.opus,issue
./data/macroset/en/clips/issue/common_voice_en_17728340.opus,issue
./data/macroset/en/clips/issue/common_voice_en_22068590.opus,issue
./data/macroset/en/clips/issue/common_voice_en_17746501.opus,issue
./data/macroset/en/clips/gases/common_voice_en_67850.opus,gases
./data/macroset/en/clips/gases/common_voice_en_583855.opus,gases
./data/macroset/en/clips/gases/common_voice_en_604382.opus,gases
./data/macroset/en/clips/gases/common_voice_en_18733312.opus,gases
./data/macroset/en/clips/gases/common_voice_en_19102743.opus,gases
./data/macroset/en/clips/clever/common_voice_en_476587.opus,clever
./data/macroset/en/clips/clever/common_voice_en_603926.opus,clever
./data/macroset/en/clips/clever/common_voice_en_75491.opus,clever
./data/macroset/en/clips/clever/common_voice_en_182877.opus,clever
./data/macroset/en/clips/clever/common_voice_en_20828861.opus,clever
./data/macroset/en/clips/jetting/common_voice_en_215722.opus,jetting
./data/macroset/en/clips/jetting/common_voice_en_610817.opus,jetting
./data/macroset/en/clips/jetting/common_voice_en_652610.opus,jetting
./data/macroset/en/clips/jetting/common_voice_en_633986.opus,jetting
./data/macroset/en/clips/jetting/common_voice_en_74305.opus,jetting
./data/macroset/en/clips/flora/common_voice_en_20380040.opus,flora
./data/macroset/en/clips/flora/common_voice_en_559345.opus,flora
./data/macroset/en/clips/flora/common_voice_en_20317061__2.opus,flora
./data/macroset/en/clips/flora/common_voice_en_632980.opus,flora
./data/macroset/en/clips/flora/common_voice_en_19577357.opus,flora
./data/macroset/en/clips/undergoing/common_voice_en_19313593.opus,undergoing
./data/macroset/en/clips/undergoing/common_voice_en_22038904.opus,undergoing
./data/macroset/en/clips/undergoing/common_voice_en_21246437.opus,undergoing
./data/macroset/en/clips/undergoing/common_voice_en_21511786.opus,undergoing
./data/macroset/en/clips/undergoing/common_voice_en_19950153.opus,undergoing
./data/macroset/en/clips/exhausted/common_voice_en_163286.opus,exhausted
./data/macroset/en/clips/exhausted/common_voice_en_607199.opus,exhausted
./data/macroset/en/clips/exhausted/common_voice_en_199325.opus,exhausted
./data/macroset/en/clips/exhausted/common_voice_en_519629.opus,exhausted
./data/macroset/en/clips/exhausted/common_voice_en_208182.opus,exhausted
./data/macroset/en/clips/questioned/common_voice_en_19805074.opus,questioned
./data/macroset/en/clips/questioned/common_voice_en_21293676.opus,questioned
./data/macroset/en/clips/questioned/common_voice_en_19529277.opus,questioned
./data/macroset/en/clips/questioned/common_voice_en_22438175.opus,questioned
./data/macroset/en/clips/questioned/common_voice_en_57148.opus,questioned
./data/macroset/en/clips/fire/common_voice_en_38776.opus,fire
./data/macroset/en/clips/fire/common_voice_en_503586.opus,fire
./data/macroset/en/clips/fire/common_voice_en_221540.opus,fire
./data/macroset/en/clips/fire/common_voice_en_66215.opus,fire
./data/macroset/en/clips/fire/common_voice_en_569480.opus,fire
./data/macroset/en/clips/spain/common_voice_en_19540847.opus,spain
./data/macroset/en/clips/spain/common_voice_en_550343.opus,spain
./data/macroset/en/clips/spain/common_voice_en_18676710.opus,spain
./data/macroset/en/clips/spain/common_voice_en_21387082.opus,spain
./data/macroset/en/clips/spain/common_voice_en_59291.opus,spain
./data/macroset/en/clips/usually/common_voice_en_20759569.opus,usually
./data/macroset/en/clips/usually/common_voice_en_584405.opus,usually
./data/macroset/en/clips/usually/common_voice_en_20801036.opus,usually
./data/macroset/en/clips/usually/common_voice_en_18949209.opus,usually
./data/macroset/en/clips/usually/common_voice_en_18836255.opus,usually
./data/macroset/en/clips/wondered/common_voice_en_3672421.opus,wondered
./data/macroset/en/clips/wondered/common_voice_en_18341932.opus,wondered
./data/macroset/en/clips/wondered/common_voice_en_94494.opus,wondered
./data/macroset/en/clips/wondered/common_voice_en_17391110.opus,wondered
./data/macroset/en/clips/wondered/common_voice_en_17857297.opus,wondered
./data/macroset/en/clips/transcend/common_voice_en_699450.opus,transcend
./data/macroset/en/clips/transcend/common_voice_en_651724.opus,transcend
./data/macroset/en/clips/transcend/common_voice_en_549409.opus,transcend
./data/macroset/en/clips/transcend/common_voice_en_619428.opus,transcend
./data/macroset/en/clips/transcend/common_voice_en_634211.opus,transcend
./data/macroset/en/clips/jelly/common_voice_en_533370.opus,jelly
./data/macroset/en/clips/jelly/common_voice_en_647931.opus,jelly
./data/macroset/en/clips/jelly/common_voice_en_17273218.opus,jelly
./data/macroset/en/clips/jelly/common_voice_en_2003.opus,jelly
./data/macroset/en/clips/jelly/common_voice_en_482651.opus,jelly
./data/macroset/en/clips/pre/common_voice_en_21796161.opus,pre
./data/macroset/en/clips/pre/common_voice_en_21989766.opus,pre
./data/macroset/en/clips/pre/common_voice_en_20586983.opus,pre
./data/macroset/en/clips/pre/common_voice_en_19827811.opus,pre
./data/macroset/en/clips/pre/common_voice_en_21647990.opus,pre
./data/macroset/en/clips/seemed/common_voice_en_95325.opus,seemed
./data/macroset/en/clips/seemed/common_voice_en_575387.opus,seemed
./data/macroset/en/clips/seemed/common_voice_en_1001.opus,seemed
./data/macroset/en/clips/seemed/common_voice_en_619716.opus,seemed
./data/macroset/en/clips/seemed/common_voice_en_198675.opus,seemed
./data/macroset/en/clips/joy/common_voice_en_63792.opus,joy
./data/macroset/en/clips/joy/common_voice_en_19239334.opus,joy
./data/macroset/en/clips/joy/common_voice_en_17279721__2.opus,joy
./data/macroset/en/clips/joy/common_voice_en_545735.opus,joy
./data/macroset/en/clips/joy/common_voice_en_687284.opus,joy
./data/macroset/en/clips/trees/common_voice_en_18819272.opus,trees
./data/macroset/en/clips/trees/common_voice_en_659420.opus,trees
./data/macroset/en/clips/trees/common_voice_en_96803.opus,trees
./data/macroset/en/clips/trees/common_voice_en_22378938.opus,trees
./data/macroset/en/clips/trees/common_voice_en_18851679.opus,trees
./data/macroset/en/clips/emerson/common_voice_en_18861532.opus,emerson
./data/macroset/en/clips/emerson/common_voice_en_18752207.opus,emerson
./data/macroset/en/clips/emerson/common_voice_en_22089156.opus,emerson
./data/macroset/en/clips/emerson/common_voice_en_22306053.opus,emerson
./data/macroset/en/clips/emerson/common_voice_en_22089914.opus,emerson
./data/macroset/en/clips/chord/common_voice_en_19817474.opus,chord
./data/macroset/en/clips/chord/common_voice_en_22241545.opus,chord
./data/macroset/en/clips/chord/common_voice_en_22214859.opus,chord
./data/macroset/en/clips/chord/common_voice_en_20836809.opus,chord
./data/macroset/en/clips/chord/common_voice_en_22332292.opus,chord
./data/macroset/en/clips/renovation/common_voice_en_20013005.opus,renovation
./data/macroset/en/clips/renovation/common_voice_en_20270535.opus,renovation
./data/macroset/en/clips/renovation/common_voice_en_19312902.opus,renovation
./data/macroset/en/clips/renovation/common_voice_en_20513568.opus,renovation
./data/macroset/en/clips/renovation/common_voice_en_19594975.opus,renovation
./data/macroset/en/clips/scooter/common_voice_en_492147.opus,scooter
./data/macroset/en/clips/scooter/common_voice_en_53042.opus,scooter
./data/macroset/en/clips/scooter/common_voice_en_15904174.opus,scooter
./data/macroset/en/clips/scooter/common_voice_en_18147330.opus,scooter
./data/macroset/en/clips/scooter/common_voice_en_218288.opus,scooter
./data/macroset/en/clips/shared/common_voice_en_22448003.opus,shared
./data/macroset/en/clips/shared/common_voice_en_18061728.opus,shared
./data/macroset/en/clips/shared/common_voice_en_19507394.opus,shared
./data/macroset/en/clips/shared/common_voice_en_19118680__2.opus,shared
./data/macroset/en/clips/shared/common_voice_en_19100221.opus,shared
./data/macroset/en/clips/definitely/common_voice_en_39838.opus,definitely
./data/macroset/en/clips/definitely/common_voice_en_135800.opus,definitely
./data/macroset/en/clips/definitely/common_voice_en_578209.opus,definitely
./data/macroset/en/clips/definitely/common_voice_en_630666.opus,definitely
./data/macroset/en/clips/definitely/common_voice_en_568525.opus,definitely
./data/macroset/en/clips/lifting/common_voice_en_18678744.opus,lifting
./data/macroset/en/clips/lifting/common_voice_en_19695049.opus,lifting
./data/macroset/en/clips/lifting/common_voice_en_178851.opus,lifting
./data/macroset/en/clips/lifting/common_voice_en_18819419.opus,lifting
./data/macroset/en/clips/lifting/common_voice_en_675118.opus,lifting
./data/macroset/en/clips/scurried/common_voice_en_580894.opus,scurried
./data/macroset/en/clips/scurried/common_voice_en_625017.opus,scurried
./data/macroset/en/clips/scurried/common_voice_en_63638.opus,scurried
./data/macroset/en/clips/scurried/common_voice_en_36492.opus,scurried
./data/macroset/en/clips/scurried/common_voice_en_670730.opus,scurried
./data/macroset/en/clips/urdu/common_voice_en_20978447.opus,urdu
./data/macroset/en/clips/urdu/common_voice_en_21367786.opus,urdu
./data/macroset/en/clips/urdu/common_voice_en_18913881.opus,urdu
./data/macroset/en/clips/urdu/common_voice_en_20680343.opus,urdu
./data/macroset/en/clips/urdu/common_voice_en_21375194.opus,urdu
./data/macroset/en/clips/toddler/common_voice_en_217667.opus,toddler
./data/macroset/en/clips/toddler/common_voice_en_507785.opus,toddler
./data/macroset/en/clips/toddler/common_voice_en_51847.opus,toddler
./data/macroset/en/clips/toddler/common_voice_en_678880.opus,toddler
./data/macroset/en/clips/toddler/common_voice_en_18526012.opus,toddler
./data/macroset/en/clips/drafted/common_voice_en_19533672.opus,drafted
./data/macroset/en/clips/drafted/common_voice_en_20545782.opus,drafted
./data/macroset/en/clips/drafted/common_voice_en_21926007.opus,drafted
./data/macroset/en/clips/drafted/common_voice_en_20560126.opus,drafted
./data/macroset/en/clips/drafted/common_voice_en_21583616.opus,drafted
./data/macroset/en/clips/old/common_voice_en_17914760.opus,old
./data/macroset/en/clips/old/common_voice_en_19989931.opus,old
./data/macroset/en/clips/old/common_voice_en_105055.opus,old
./data/macroset/en/clips/old/common_voice_en_19972714.opus,old
./data/macroset/en/clips/old/common_voice_en_661715.opus,old
./data/macroset/en/clips/altogether/common_voice_en_20007429.opus,altogether
./data/macroset/en/clips/altogether/common_voice_en_18892583.opus,altogether
./data/macroset/en/clips/altogether/common_voice_en_18746133.opus,altogether
./data/macroset/en/clips/altogether/common_voice_en_18539270.opus,altogether
./data/macroset/en/clips/altogether/common_voice_en_18637097.opus,altogether
./data/macroset/en/clips/explosion/common_voice_en_592425.opus,explosion
./data/macroset/en/clips/explosion/common_voice_en_83155.opus,explosion
./data/macroset/en/clips/explosion/common_voice_en_180310.opus,explosion
./data/macroset/en/clips/explosion/common_voice_en_21927042.opus,explosion
./data/macroset/en/clips/explosion/common_voice_en_88351.opus,explosion
./data/macroset/en/clips/pyramid/common_voice_en_21150457.opus,pyramid
./data/macroset/en/clips/pyramid/common_voice_en_19971011.opus,pyramid
./data/macroset/en/clips/pyramid/common_voice_en_19149580.opus,pyramid
./data/macroset/en/clips/pyramid/common_voice_en_19840272.opus,pyramid
./data/macroset/en/clips/pyramid/common_voice_en_20582371.opus,pyramid
./data/macroset/en/clips/barge/common_voice_en_326311.opus,barge
./data/macroset/en/clips/barge/common_voice_en_18945365.opus,barge
./data/macroset/en/clips/barge/common_voice_en_17271901.opus,barge
./data/macroset/en/clips/barge/common_voice_en_18142429.opus,barge
./data/macroset/en/clips/barge/common_voice_en_17286996.opus,barge
./data/macroset/en/clips/plot/common_voice_en_19825423.opus,plot
./data/macroset/en/clips/plot/common_voice_en_19518391.opus,plot
./data/macroset/en/clips/plot/common_voice_en_18713368.opus,plot
./data/macroset/en/clips/plot/common_voice_en_20721892.opus,plot
./data/macroset/en/clips/plot/common_voice_en_19389162.opus,plot
./data/macroset/en/clips/discrete/common_voice_en_19136739.opus,discrete
./data/macroset/en/clips/discrete/common_voice_en_20835795.opus,discrete
./data/macroset/en/clips/discrete/common_voice_en_19611628.opus,discrete
./data/macroset/en/clips/discrete/common_voice_en_19604695.opus,discrete
./data/macroset/en/clips/discrete/common_voice_en_20236063.opus,discrete
./data/macroset/en/clips/servants/common_voice_en_91747.opus,servants
./data/macroset/en/clips/servants/common_voice_en_561543.opus,servants
./data/macroset/en/clips/servants/common_voice_en_566833.opus,servants
./data/macroset/en/clips/servants/common_voice_en_690169.opus,servants
./data/macroset/en/clips/servants/common_voice_en_675900.opus,servants
./data/macroset/en/clips/resigned/common_voice_en_19747021.opus,resigned
./data/macroset/en/clips/resigned/common_voice_en_18884676.opus,resigned
./data/macroset/en/clips/resigned/common_voice_en_20177392.opus,resigned
./data/macroset/en/clips/resigned/common_voice_en_20279545.opus,resigned
./data/macroset/en/clips/resigned/common_voice_en_18981032.opus,resigned
./data/macroset/en/clips/amused/common_voice_en_19996746.opus,amused
./data/macroset/en/clips/amused/common_voice_en_498666.opus,amused
./data/macroset/en/clips/amused/common_voice_en_69080.opus,amused
./data/macroset/en/clips/amused/common_voice_en_188215.opus,amused
./data/macroset/en/clips/amused/common_voice_en_682232.opus,amused
./data/macroset/en/clips/traveller/common_voice_en_18602070.opus,traveller
./data/macroset/en/clips/traveller/common_voice_en_17967702.opus,traveller
./data/macroset/en/clips/traveller/common_voice_en_507252.opus,traveller
./data/macroset/en/clips/traveller/common_voice_en_17777169.opus,traveller
./data/macroset/en/clips/traveller/common_voice_en_17666475.opus,traveller
./data/macroset/en/clips/carbon/common_voice_en_21434923.opus,carbon
./data/macroset/en/clips/carbon/common_voice_en_20245735.opus,carbon
./data/macroset/en/clips/carbon/common_voice_en_30381.opus,carbon
./data/macroset/en/clips/carbon/common_voice_en_19164689.opus,carbon
./data/macroset/en/clips/carbon/common_voice_en_21313067.opus,carbon
./data/macroset/en/clips/willow/common_voice_en_604176.opus,willow
./data/macroset/en/clips/willow/common_voice_en_21701144.opus,willow
./data/macroset/en/clips/willow/common_voice_en_21130391.opus,willow
./data/macroset/en/clips/willow/common_voice_en_18822384.opus,willow
./data/macroset/en/clips/willow/common_voice_en_21012469.opus,willow
./data/macroset/en/clips/maurice/common_voice_en_18788796.opus,maurice
./data/macroset/en/clips/maurice/common_voice_en_20880661.opus,maurice
./data/macroset/en/clips/maurice/common_voice_en_22398974.opus,maurice
./data/macroset/en/clips/maurice/common_voice_en_20926941.opus,maurice
./data/macroset/en/clips/maurice/common_voice_en_21766209__2.opus,maurice
./data/macroset/en/clips/rose/common_voice_en_214517.opus,rose
./data/macroset/en/clips/rose/common_voice_en_22258088.opus,rose
./data/macroset/en/clips/rose/common_voice_en_20828641.opus,rose
./data/macroset/en/clips/rose/common_voice_en_17953510.opus,rose
./data/macroset/en/clips/rose/common_voice_en_667937.opus,rose
./data/macroset/en/clips/distinction/common_voice_en_20234016.opus,distinction
./data/macroset/en/clips/distinction/common_voice_en_21793784.opus,distinction
./data/macroset/en/clips/distinction/common_voice_en_20009503.opus,distinction
./data/macroset/en/clips/distinction/common_voice_en_20153049.opus,distinction
./data/macroset/en/clips/distinction/common_voice_en_20263181.opus,distinction
./data/macroset/en/clips/baroque/common_voice_en_21921128.opus,baroque
./data/macroset/en/clips/baroque/common_voice_en_20008394.opus,baroque
./data/macroset/en/clips/baroque/common_voice_en_21314698.opus,baroque
./data/macroset/en/clips/baroque/common_voice_en_22325159.opus,baroque
./data/macroset/en/clips/baroque/common_voice_en_20188977.opus,baroque
./data/macroset/en/clips/aircraft/common_voice_en_20785968.opus,aircraft
./data/macroset/en/clips/aircraft/common_voice_en_20271355.opus,aircraft
./data/macroset/en/clips/aircraft/common_voice_en_19303911.opus,aircraft
./data/macroset/en/clips/aircraft/common_voice_en_18816470.opus,aircraft
./data/macroset/en/clips/aircraft/common_voice_en_19205434.opus,aircraft
./data/macroset/en/clips/glimpse/common_voice_en_521913.opus,glimpse
./data/macroset/en/clips/glimpse/common_voice_en_579154.opus,glimpse
./data/macroset/en/clips/glimpse/common_voice_en_639694.opus,glimpse
./data/macroset/en/clips/glimpse/common_voice_en_99426.opus,glimpse
./data/macroset/en/clips/glimpse/common_voice_en_174166.opus,glimpse
./data/macroset/en/clips/decade/common_voice_en_22268473.opus,decade
./data/macroset/en/clips/decade/common_voice_en_21100008.opus,decade
./data/macroset/en/clips/decade/common_voice_en_19635027.opus,decade
./data/macroset/en/clips/decade/common_voice_en_20890736.opus,decade
./data/macroset/en/clips/decade/common_voice_en_20211658.opus,decade
./data/macroset/en/clips/pocketed/common_voice_en_17355981.opus,pocketed
./data/macroset/en/clips/pocketed/common_voice_en_17456026.opus,pocketed
./data/macroset/en/clips/pocketed/common_voice_en_17390266.opus,pocketed
./data/macroset/en/clips/pocketed/common_voice_en_18122329.opus,pocketed
./data/macroset/en/clips/pocketed/common_voice_en_18066712.opus,pocketed
./data/macroset/en/clips/tugged/common_voice_en_18480026.opus,tugged
./data/macroset/en/clips/tugged/common_voice_en_496528.opus,tugged
./data/macroset/en/clips/tugged/common_voice_en_18303888.opus,tugged
./data/macroset/en/clips/tugged/common_voice_en_608618.opus,tugged
./data/macroset/en/clips/tugged/common_voice_en_547648.opus,tugged
./data/macroset/en/clips/balance/common_voice_en_18854293.opus,balance
./data/macroset/en/clips/balance/common_voice_en_19351009.opus,balance
./data/macroset/en/clips/balance/common_voice_en_21575910.opus,balance
./data/macroset/en/clips/balance/common_voice_en_18324991.opus,balance
./data/macroset/en/clips/balance/common_voice_en_20286473.opus,balance
./data/macroset/en/clips/spruce/common_voice_en_18511091.opus,spruce
./data/macroset/en/clips/spruce/common_voice_en_20406860.opus,spruce
./data/macroset/en/clips/spruce/common_voice_en_20345830__2.opus,spruce
./data/macroset/en/clips/spruce/common_voice_en_19813964.opus,spruce
./data/macroset/en/clips/spruce/common_voice_en_19745633.opus,spruce
./data/macroset/en/clips/want/common_voice_en_599735.opus,want
./data/macroset/en/clips/want/common_voice_en_8762.opus,want
./data/macroset/en/clips/want/common_voice_en_193108.opus,want
./data/macroset/en/clips/want/common_voice_en_127221.opus,want
./data/macroset/en/clips/want/common_voice_en_500601.opus,want
./data/macroset/en/clips/somewhere/common_voice_en_582791.opus,somewhere
./data/macroset/en/clips/somewhere/common_voice_en_17919860.opus,somewhere
./data/macroset/en/clips/somewhere/common_voice_en_18003614.opus,somewhere
./data/macroset/en/clips/somewhere/common_voice_en_495921.opus,somewhere
./data/macroset/en/clips/somewhere/common_voice_en_680855.opus,somewhere
./data/macroset/en/clips/authentication/common_voice_en_32242.opus,authentication
./data/macroset/en/clips/authentication/common_voice_en_20017007.opus,authentication
./data/macroset/en/clips/authentication/common_voice_en_646095.opus,authentication
./data/macroset/en/clips/authentication/common_voice_en_58518.opus,authentication
./data/macroset/en/clips/authentication/common_voice_en_82255.opus,authentication
./data/macroset/en/clips/avenger/common_voice_en_18126151.opus,avenger
./data/macroset/en/clips/avenger/common_voice_en_20850797.opus,avenger
./data/macroset/en/clips/avenger/common_voice_en_17264413.opus,avenger
./data/macroset/en/clips/avenger/common_voice_en_17267295.opus,avenger
./data/macroset/en/clips/avenger/common_voice_en_18066626.opus,avenger
./data/macroset/en/clips/saturn/common_voice_en_20969737.opus,saturn
./data/macroset/en/clips/saturn/common_voice_en_20325421.opus,saturn
./data/macroset/en/clips/saturn/common_voice_en_19820365.opus,saturn
./data/macroset/en/clips/saturn/common_voice_en_21024924.opus,saturn
./data/macroset/en/clips/saturn/common_voice_en_20704131.opus,saturn
./data/macroset/en/clips/saga/common_voice_en_678078.opus,saga
./data/macroset/en/clips/saga/common_voice_en_615596.opus,saga
./data/macroset/en/clips/saga/common_voice_en_58099.opus,saga
./data/macroset/en/clips/saga/common_voice_en_22185534.opus,saga
./data/macroset/en/clips/saga/common_voice_en_216214.opus,saga
./data/macroset/en/clips/calcium/common_voice_en_22332193.opus,calcium
./data/macroset/en/clips/calcium/common_voice_en_20781227.opus,calcium
./data/macroset/en/clips/calcium/common_voice_en_19392777.opus,calcium
./data/macroset/en/clips/calcium/common_voice_en_20048362.opus,calcium
./data/macroset/en/clips/calcium/common_voice_en_21352560.opus,calcium
./data/macroset/en/clips/branch/common_voice_en_21815580.opus,branch
./data/macroset/en/clips/branch/common_voice_en_20381749.opus,branch
./data/macroset/en/clips/branch/common_voice_en_19666805.opus,branch
./data/macroset/en/clips/branch/common_voice_en_20517686.opus,branch
./data/macroset/en/clips/branch/common_voice_en_19592417.opus,branch
./data/macroset/en/clips/engage/common_voice_en_19844029.opus,engage
./data/macroset/en/clips/engage/common_voice_en_21609179.opus,engage
./data/macroset/en/clips/engage/common_voice_en_20574671.opus,engage
./data/macroset/en/clips/engage/common_voice_en_20696155.opus,engage
./data/macroset/en/clips/engage/common_voice_en_22463883.opus,engage
./data/macroset/en/clips/reinforced/common_voice_en_19137214.opus,reinforced
./data/macroset/en/clips/reinforced/common_voice_en_19846243.opus,reinforced
./data/macroset/en/clips/reinforced/common_voice_en_21638336.opus,reinforced
./data/macroset/en/clips/reinforced/common_voice_en_21629460.opus,reinforced
./data/macroset/en/clips/reinforced/common_voice_en_20739763.opus,reinforced
./data/macroset/en/clips/lamb/common_voice_en_95991.opus,lamb
./data/macroset/en/clips/lamb/common_voice_en_20894729.opus,lamb
./data/macroset/en/clips/lamb/common_voice_en_22294081.opus,lamb
./data/macroset/en/clips/lamb/common_voice_en_20533078.opus,lamb
./data/macroset/en/clips/lamb/common_voice_en_18829135.opus,lamb
./data/macroset/en/clips/nathan/common_voice_en_19648805.opus,nathan
./data/macroset/en/clips/nathan/common_voice_en_21817742.opus,nathan
./data/macroset/en/clips/nathan/common_voice_en_19954348.opus,nathan
./data/macroset/en/clips/nathan/common_voice_en_584665.opus,nathan
./data/macroset/en/clips/nathan/common_voice_en_18875013.opus,nathan
./data/macroset/en/clips/won’t/common_voice_en_97427.opus,won’t
./data/macroset/en/clips/won’t/common_voice_en_18454732.opus,won’t
./data/macroset/en/clips/won’t/common_voice_en_19239329.opus,won’t
./data/macroset/en/clips/won’t/common_voice_en_609070.opus,won’t
./data/macroset/en/clips/won’t/common_voice_en_576297.opus,won’t
./data/macroset/en/clips/simplifying/common_voice_en_18729109.opus,simplifying
./data/macroset/en/clips/simplifying/common_voice_en_515777.opus,simplifying
./data/macroset/en/clips/simplifying/common_voice_en_482036.opus,simplifying
./data/macroset/en/clips/simplifying/common_voice_en_64011.opus,simplifying
./data/macroset/en/clips/simplifying/common_voice_en_511837.opus,simplifying
./data/macroset/en/clips/sixteen/common_voice_en_60054.opus,sixteen
./data/macroset/en/clips/sixteen/common_voice_en_68892.opus,sixteen
./data/macroset/en/clips/sixteen/common_voice_en_503164.opus,sixteen
./data/macroset/en/clips/sixteen/common_voice_en_593424.opus,sixteen
./data/macroset/en/clips/sixteen/common_voice_en_19350272.opus,sixteen
./data/macroset/en/clips/wooded/common_voice_en_492114.opus,wooded
./data/macroset/en/clips/wooded/common_voice_en_22337402.opus,wooded
./data/macroset/en/clips/wooded/common_voice_en_19990850.opus,wooded
./data/macroset/en/clips/wooded/common_voice_en_19710825.opus,wooded
./data/macroset/en/clips/wooded/common_voice_en_57283.opus,wooded
./data/macroset/en/clips/tangled/common_voice_en_198044.opus,tangled
./data/macroset/en/clips/tangled/common_voice_en_339664.opus,tangled
./data/macroset/en/clips/tangled/common_voice_en_650331.opus,tangled
./data/macroset/en/clips/tangled/common_voice_en_18945982.opus,tangled
./data/macroset/en/clips/tangled/common_voice_en_522783.opus,tangled
./data/macroset/en/clips/footnotes/common_voice_en_86436.opus,footnotes
./data/macroset/en/clips/footnotes/common_voice_en_19754704.opus,footnotes
./data/macroset/en/clips/footnotes/common_voice_en_17715414.opus,footnotes
./data/macroset/en/clips/footnotes/common_voice_en_17258360.opus,footnotes
./data/macroset/en/clips/footnotes/common_voice_en_468049.opus,footnotes
./data/macroset/en/clips/allergic/common_voice_en_18081902.opus,allergic
./data/macroset/en/clips/allergic/common_voice_en_196550.opus,allergic
./data/macroset/en/clips/allergic/common_voice_en_530339.opus,allergic
./data/macroset/en/clips/allergic/common_voice_en_686666.opus,allergic
./data/macroset/en/clips/allergic/common_voice_en_61604.opus,allergic
./data/macroset/en/clips/firewalls/common_voice_en_3514383.opus,firewalls
./data/macroset/en/clips/firewalls/common_voice_en_654220.opus,firewalls
./data/macroset/en/clips/firewalls/common_voice_en_597357.opus,firewalls
./data/macroset/en/clips/firewalls/common_voice_en_670536.opus,firewalls
./data/macroset/en/clips/firewalls/common_voice_en_646203.opus,firewalls
./data/macroset/en/clips/syringe/common_voice_en_2202782.opus,syringe
./data/macroset/en/clips/syringe/common_voice_en_692278.opus,syringe
./data/macroset/en/clips/syringe/common_voice_en_591392.opus,syringe
./data/macroset/en/clips/syringe/common_voice_en_550226.opus,syringe
./data/macroset/en/clips/syringe/common_voice_en_594408.opus,syringe
./data/macroset/en/clips/birthplace/common_voice_en_19201137.opus,birthplace
./data/macroset/en/clips/birthplace/common_voice_en_681936.opus,birthplace
./data/macroset/en/clips/birthplace/common_voice_en_148149.opus,birthplace
./data/macroset/en/clips/birthplace/common_voice_en_19980642.opus,birthplace
./data/macroset/en/clips/birthplace/common_voice_en_21283109.opus,birthplace
./data/macroset/en/clips/occasion/common_voice_en_19798408.opus,occasion
./data/macroset/en/clips/occasion/common_voice_en_18767227.opus,occasion
./data/macroset/en/clips/occasion/common_voice_en_22280902.opus,occasion
./data/macroset/en/clips/occasion/common_voice_en_19783792.opus,occasion
./data/macroset/en/clips/occasion/common_voice_en_22045769.opus,occasion
./data/macroset/en/clips/directly/common_voice_en_20512979.opus,directly
./data/macroset/en/clips/directly/common_voice_en_20722342.opus,directly
./data/macroset/en/clips/directly/common_voice_en_19855632.opus,directly
./data/macroset/en/clips/directly/common_voice_en_22126112.opus,directly
./data/macroset/en/clips/directly/common_voice_en_20988481.opus,directly
./data/macroset/en/clips/building/common_voice_en_20284692.opus,building
./data/macroset/en/clips/building/common_voice_en_19623341.opus,building
./data/macroset/en/clips/building/common_voice_en_20446890.opus,building
./data/macroset/en/clips/building/common_voice_en_21170239.opus,building
./data/macroset/en/clips/building/common_voice_en_22201033.opus,building
./data/macroset/en/clips/chap/common_voice_en_18165006.opus,chap
./data/macroset/en/clips/chap/common_voice_en_575774.opus,chap
./data/macroset/en/clips/chap/common_voice_en_77132.opus,chap
./data/macroset/en/clips/chap/common_voice_en_17932152.opus,chap
./data/macroset/en/clips/chap/common_voice_en_624689.opus,chap
./data/macroset/en/clips/sprained/common_voice_en_19780353.opus,sprained
./data/macroset/en/clips/sprained/common_voice_en_88511.opus,sprained
./data/macroset/en/clips/sprained/common_voice_en_502784.opus,sprained
./data/macroset/en/clips/sprained/common_voice_en_558733.opus,sprained
./data/macroset/en/clips/sprained/common_voice_en_9637.opus,sprained
./data/macroset/en/clips/cluster/common_voice_en_20141642.opus,cluster
./data/macroset/en/clips/cluster/common_voice_en_21901162.opus,cluster
./data/macroset/en/clips/cluster/common_voice_en_22076027.opus,cluster
./data/macroset/en/clips/cluster/common_voice_en_22241648.opus,cluster
./data/macroset/en/clips/cluster/common_voice_en_19523329.opus,cluster
./data/macroset/en/clips/flesh/common_voice_en_18061872.opus,flesh
./data/macroset/en/clips/flesh/common_voice_en_642124.opus,flesh
./data/macroset/en/clips/flesh/common_voice_en_5559077.opus,flesh
./data/macroset/en/clips/flesh/common_voice_en_519385.opus,flesh
./data/macroset/en/clips/flesh/common_voice_en_681174.opus,flesh
./data/macroset/en/clips/squeal/common_voice_en_18023.opus,squeal
./data/macroset/en/clips/squeal/common_voice_en_74838.opus,squeal
./data/macroset/en/clips/squeal/common_voice_en_21939923.opus,squeal
./data/macroset/en/clips/squeal/common_voice_en_665193.opus,squeal
./data/macroset/en/clips/squeal/common_voice_en_643811.opus,squeal
./data/macroset/en/clips/knob/common_voice_en_636616.opus,knob
./data/macroset/en/clips/knob/common_voice_en_19468372.opus,knob
./data/macroset/en/clips/knob/common_voice_en_592777.opus,knob
./data/macroset/en/clips/knob/common_voice_en_18826588.opus,knob
./data/macroset/en/clips/knob/common_voice_en_19958602.opus,knob
./data/macroset/en/clips/intelligence/common_voice_en_21358918.opus,intelligence
./data/macroset/en/clips/intelligence/common_voice_en_18466495.opus,intelligence
./data/macroset/en/clips/intelligence/common_voice_en_22156412.opus,intelligence
./data/macroset/en/clips/intelligence/common_voice_en_19733848__2.opus,intelligence
./data/macroset/en/clips/intelligence/common_voice_en_91777.opus,intelligence
./data/macroset/en/clips/sentence/common_voice_en_18623747.opus,sentence
./data/macroset/en/clips/sentence/common_voice_en_21762172.opus,sentence
./data/macroset/en/clips/sentence/common_voice_en_31436.opus,sentence
./data/macroset/en/clips/sentence/common_voice_en_19738052.opus,sentence
./data/macroset/en/clips/sentence/common_voice_en_21821362.opus,sentence
./data/macroset/en/clips/punishment/common_voice_en_21678235.opus,punishment
./data/macroset/en/clips/punishment/common_voice_en_20388121.opus,punishment
./data/macroset/en/clips/punishment/common_voice_en_19369478.opus,punishment
./data/macroset/en/clips/punishment/common_voice_en_19814355.opus,punishment
./data/macroset/en/clips/punishment/common_voice_en_20454572.opus,punishment
./data/macroset/en/clips/feeling/common_voice_en_648089.opus,feeling
./data/macroset/en/clips/feeling/common_voice_en_18454233.opus,feeling
./data/macroset/en/clips/feeling/common_voice_en_20516106.opus,feeling
./data/macroset/en/clips/feeling/common_voice_en_21100135.opus,feeling
./data/macroset/en/clips/feeling/common_voice_en_17292395.opus,feeling
./data/macroset/en/clips/renaissance/common_voice_en_19762865.opus,renaissance
./data/macroset/en/clips/renaissance/common_voice_en_19710036.opus,renaissance
./data/macroset/en/clips/renaissance/common_voice_en_20400205.opus,renaissance
./data/macroset/en/clips/renaissance/common_voice_en_20778807.opus,renaissance
./data/macroset/en/clips/renaissance/common_voice_en_19723613.opus,renaissance
./data/macroset/en/clips/solar/common_voice_en_18718197.opus,solar
./data/macroset/en/clips/solar/common_voice_en_19056238.opus,solar
./data/macroset/en/clips/solar/common_voice_en_9545683.opus,solar
./data/macroset/en/clips/solar/common_voice_en_18274548.opus,solar
./data/macroset/en/clips/solar/common_voice_en_22181036.opus,solar
./data/macroset/en/clips/departed/common_voice_en_22045412.opus,departed
./data/macroset/en/clips/departed/common_voice_en_19152138.opus,departed
./data/macroset/en/clips/departed/common_voice_en_19687646.opus,departed
./data/macroset/en/clips/departed/common_voice_en_20698594.opus,departed
./data/macroset/en/clips/departed/common_voice_en_22173916.opus,departed
./data/macroset/en/clips/compound/common_voice_en_18326402.opus,compound
./data/macroset/en/clips/compound/common_voice_en_20311424.opus,compound
./data/macroset/en/clips/compound/common_voice_en_19531741.opus,compound
./data/macroset/en/clips/compound/common_voice_en_19981860.opus,compound
./data/macroset/en/clips/compound/common_voice_en_19137682.opus,compound
./data/macroset/en/clips/brisk/common_voice_en_20115237.opus,brisk
./data/macroset/en/clips/brisk/common_voice_en_18635166.opus,brisk
./data/macroset/en/clips/brisk/common_voice_en_18441549.opus,brisk
./data/macroset/en/clips/brisk/common_voice_en_471033.opus,brisk
./data/macroset/en/clips/brisk/common_voice_en_17286044.opus,brisk
./data/macroset/en/clips/architectural/common_voice_en_19453979.opus,architectural
./data/macroset/en/clips/architectural/common_voice_en_22328463.opus,architectural
./data/macroset/en/clips/architectural/common_voice_en_20243972.opus,architectural
./data/macroset/en/clips/architectural/common_voice_en_20145442.opus,architectural
./data/macroset/en/clips/architectural/common_voice_en_21311629.opus,architectural
./data/macroset/en/clips/misplaced/common_voice_en_18488037.opus,misplaced
./data/macroset/en/clips/misplaced/common_voice_en_555111.opus,misplaced
./data/macroset/en/clips/misplaced/common_voice_en_61736.opus,misplaced
./data/macroset/en/clips/misplaced/common_voice_en_563386.opus,misplaced
./data/macroset/en/clips/misplaced/common_voice_en_558440.opus,misplaced
./data/macroset/en/clips/worldwide/common_voice_en_18840400.opus,worldwide
./data/macroset/en/clips/worldwide/common_voice_en_20189243.opus,worldwide
./data/macroset/en/clips/worldwide/common_voice_en_20990029.opus,worldwide
./data/macroset/en/clips/worldwide/common_voice_en_21345649.opus,worldwide
./data/macroset/en/clips/worldwide/common_voice_en_21709680.opus,worldwide
./data/macroset/en/clips/arch/common_voice_en_20637264.opus,arch
./data/macroset/en/clips/arch/common_voice_en_572982.opus,arch
./data/macroset/en/clips/arch/common_voice_en_20114777.opus,arch
./data/macroset/en/clips/arch/common_voice_en_21692948.opus,arch
./data/macroset/en/clips/arch/common_voice_en_18829380.opus,arch
./data/macroset/en/clips/debra/common_voice_en_187293.opus,debra
./data/macroset/en/clips/debra/common_voice_en_18116758.opus,debra
./data/macroset/en/clips/debra/common_voice_en_82585.opus,debra
./data/macroset/en/clips/debra/common_voice_en_8314.opus,debra
./data/macroset/en/clips/debra/common_voice_en_550239.opus,debra
./data/macroset/en/clips/cliffs/common_voice_en_18699315.opus,cliffs
./data/macroset/en/clips/cliffs/common_voice_en_19820580.opus,cliffs
./data/macroset/en/clips/cliffs/common_voice_en_19433665.opus,cliffs
./data/macroset/en/clips/cliffs/common_voice_en_22177622.opus,cliffs
./data/macroset/en/clips/cliffs/common_voice_en_20173915.opus,cliffs
./data/macroset/en/clips/flagship/common_voice_en_20559988.opus,flagship
./data/macroset/en/clips/flagship/common_voice_en_19945295.opus,flagship
./data/macroset/en/clips/flagship/common_voice_en_19410560.opus,flagship
./data/macroset/en/clips/flagship/common_voice_en_18908193.opus,flagship
./data/macroset/en/clips/flagship/common_voice_en_21100832.opus,flagship
./data/macroset/en/clips/sued/common_voice_en_20026358.opus,sued
./data/macroset/en/clips/sued/common_voice_en_20188965.opus,sued
./data/macroset/en/clips/sued/common_voice_en_21738414.opus,sued
./data/macroset/en/clips/sued/common_voice_en_20844703.opus,sued
./data/macroset/en/clips/sued/common_voice_en_20644524.opus,sued
./data/macroset/en/clips/handed/common_voice_en_20306988.opus,handed
./data/macroset/en/clips/handed/common_voice_en_569485.opus,handed
./data/macroset/en/clips/handed/common_voice_en_18649049.opus,handed
./data/macroset/en/clips/handed/common_voice_en_33241.opus,handed
./data/macroset/en/clips/handed/common_voice_en_19562864.opus,handed
./data/macroset/en/clips/spared/common_voice_en_675050.opus,spared
./data/macroset/en/clips/spared/common_voice_en_21895294.opus,spared
./data/macroset/en/clips/spared/common_voice_en_18770554.opus,spared
./data/macroset/en/clips/spared/common_voice_en_480054.opus,spared
./data/macroset/en/clips/spared/common_voice_en_685497.opus,spared
./data/macroset/en/clips/attachment/common_voice_en_20961041.opus,attachment
./data/macroset/en/clips/attachment/common_voice_en_18854376.opus,attachment
./data/macroset/en/clips/attachment/common_voice_en_22276123.opus,attachment
./data/macroset/en/clips/attachment/common_voice_en_20026707.opus,attachment
./data/macroset/en/clips/attachment/common_voice_en_22245869.opus,attachment
./data/macroset/en/clips/perry/common_voice_en_22067410.opus,perry
./data/macroset/en/clips/perry/common_voice_en_18713176__2.opus,perry
./data/macroset/en/clips/perry/common_voice_en_18728021.opus,perry
./data/macroset/en/clips/perry/common_voice_en_21364985.opus,perry
./data/macroset/en/clips/perry/common_voice_en_18844762.opus,perry
./data/macroset/en/clips/toggle/common_voice_en_575663.opus,toggle
./data/macroset/en/clips/toggle/common_voice_en_411133.opus,toggle
./data/macroset/en/clips/toggle/common_voice_en_178676.opus,toggle
./data/macroset/en/clips/toggle/common_voice_en_19079933.opus,toggle
./data/macroset/en/clips/toggle/common_voice_en_18144208.opus,toggle
./data/macroset/en/clips/steele/common_voice_en_20865816.opus,steele
./data/macroset/en/clips/steele/common_voice_en_21402559.opus,steele
./data/macroset/en/clips/steele/common_voice_en_21851901.opus,steele
./data/macroset/en/clips/steele/common_voice_en_19786265.opus,steele
./data/macroset/en/clips/steele/common_voice_en_20232571.opus,steele
./data/macroset/en/clips/squared/common_voice_en_598618.opus,squared
./data/macroset/en/clips/squared/common_voice_en_526490.opus,squared
./data/macroset/en/clips/squared/common_voice_en_18594552.opus,squared
./data/macroset/en/clips/squared/common_voice_en_20403806.opus,squared
./data/macroset/en/clips/squared/common_voice_en_17844518.opus,squared
./data/macroset/en/clips/lima/common_voice_en_19268068.opus,lima
./data/macroset/en/clips/lima/common_voice_en_699839.opus,lima
./data/macroset/en/clips/lima/common_voice_en_22350038.opus,lima
./data/macroset/en/clips/lima/common_voice_en_18989036.opus,lima
./data/macroset/en/clips/lima/common_voice_en_22407432.opus,lima
./data/macroset/en/clips/score/common_voice_en_19603498__2.opus,score
./data/macroset/en/clips/score/common_voice_en_19366755.opus,score
./data/macroset/en/clips/score/common_voice_en_19985583.opus,score
./data/macroset/en/clips/score/common_voice_en_21692295.opus,score
./data/macroset/en/clips/score/common_voice_en_20693203.opus,score
./data/macroset/en/clips/dominate/common_voice_en_22162244.opus,dominate
./data/macroset/en/clips/dominate/common_voice_en_22458514.opus,dominate
./data/macroset/en/clips/dominate/common_voice_en_20891668.opus,dominate
./data/macroset/en/clips/dominate/common_voice_en_20527758.opus,dominate
./data/macroset/en/clips/dominate/common_voice_en_22220967.opus,dominate
./data/macroset/en/clips/erie/common_voice_en_21292079.opus,erie
./data/macroset/en/clips/erie/common_voice_en_20261108.opus,erie
./data/macroset/en/clips/erie/common_voice_en_21292742.opus,erie
./data/macroset/en/clips/erie/common_voice_en_18740990.opus,erie
./data/macroset/en/clips/erie/common_voice_en_21753955.opus,erie
./data/macroset/en/clips/mario/common_voice_en_18135225.opus,mario
./data/macroset/en/clips/mario/common_voice_en_19368360.opus,mario
./data/macroset/en/clips/mario/common_voice_en_20856468.opus,mario
./data/macroset/en/clips/mario/common_voice_en_575662.opus,mario
./data/macroset/en/clips/mario/common_voice_en_20074572.opus,mario
./data/macroset/en/clips/loans/common_voice_en_58738.opus,loans
./data/macroset/en/clips/loans/common_voice_en_21645936.opus,loans
./data/macroset/en/clips/loans/common_voice_en_21292086.opus,loans
./data/macroset/en/clips/loans/common_voice_en_21160090.opus,loans
./data/macroset/en/clips/loans/common_voice_en_21914803.opus,loans
./data/macroset/en/clips/steaming/common_voice_en_674663.opus,steaming
./data/macroset/en/clips/steaming/common_voice_en_661133.opus,steaming
./data/macroset/en/clips/steaming/common_voice_en_17966363.opus,steaming
./data/macroset/en/clips/steaming/common_voice_en_45841.opus,steaming
./data/macroset/en/clips/steaming/common_voice_en_97069.opus,steaming
./data/macroset/en/clips/continue/common_voice_en_20445972.opus,continue
./data/macroset/en/clips/continue/common_voice_en_19515626.opus,continue
./data/macroset/en/clips/continue/common_voice_en_89763.opus,continue
./data/macroset/en/clips/continue/common_voice_en_19843490.opus,continue
./data/macroset/en/clips/continue/common_voice_en_556368.opus,continue
./data/macroset/en/clips/donkey/common_voice_en_594805.opus,donkey
./data/macroset/en/clips/donkey/common_voice_en_20427984.opus,donkey
./data/macroset/en/clips/donkey/common_voice_en_501254.opus,donkey
./data/macroset/en/clips/donkey/common_voice_en_19451344.opus,donkey
./data/macroset/en/clips/donkey/common_voice_en_608722.opus,donkey
./data/macroset/en/clips/england/common_voice_en_21014321.opus,england
./data/macroset/en/clips/england/common_voice_en_22408035.opus,england
./data/macroset/en/clips/england/common_voice_en_19350241.opus,england
./data/macroset/en/clips/england/common_voice_en_21333777.opus,england
./data/macroset/en/clips/england/common_voice_en_19557134.opus,england
./data/macroset/en/clips/boyfriend/common_voice_en_17582919.opus,boyfriend
./data/macroset/en/clips/boyfriend/common_voice_en_544687.opus,boyfriend
./data/macroset/en/clips/boyfriend/common_voice_en_176799.opus,boyfriend
./data/macroset/en/clips/boyfriend/common_voice_en_17931726.opus,boyfriend
./data/macroset/en/clips/boyfriend/common_voice_en_17387975.opus,boyfriend
./data/macroset/en/clips/measures/common_voice_en_20423857.opus,measures
./data/macroset/en/clips/measures/common_voice_en_17844010.opus,measures
./data/macroset/en/clips/measures/common_voice_en_19681296.opus,measures
./data/macroset/en/clips/measures/common_voice_en_20496818.opus,measures
./data/macroset/en/clips/measures/common_voice_en_19592103.opus,measures
./data/macroset/en/clips/relating/common_voice_en_19985389.opus,relating
./data/macroset/en/clips/relating/common_voice_en_20278160.opus,relating
./data/macroset/en/clips/relating/common_voice_en_21981152.opus,relating
./data/macroset/en/clips/relating/common_voice_en_22360775.opus,relating
./data/macroset/en/clips/relating/common_voice_en_20387182.opus,relating
./data/macroset/en/clips/elevation/common_voice_en_19801085.opus,elevation
./data/macroset/en/clips/elevation/common_voice_en_21504250.opus,elevation
./data/macroset/en/clips/elevation/common_voice_en_21759981.opus,elevation
./data/macroset/en/clips/elevation/common_voice_en_21274952.opus,elevation
./data/macroset/en/clips/elevation/common_voice_en_19789432.opus,elevation
./data/macroset/en/clips/las/common_voice_en_20893506.opus,las
./data/macroset/en/clips/las/common_voice_en_20271062.opus,las
./data/macroset/en/clips/las/common_voice_en_21929983.opus,las
./data/macroset/en/clips/las/common_voice_en_19497898.opus,las
./data/macroset/en/clips/las/common_voice_en_22351842.opus,las
./data/macroset/en/clips/smaller/common_voice_en_19010815.opus,smaller
./data/macroset/en/clips/smaller/common_voice_en_19676627.opus,smaller
./data/macroset/en/clips/smaller/common_voice_en_19526577.opus,smaller
./data/macroset/en/clips/smaller/common_voice_en_20279428.opus,smaller
./data/macroset/en/clips/smaller/common_voice_en_667638.opus,smaller
./data/macroset/en/clips/prisoner/common_voice_en_20238427.opus,prisoner
./data/macroset/en/clips/prisoner/common_voice_en_20878043.opus,prisoner
./data/macroset/en/clips/prisoner/common_voice_en_19467606.opus,prisoner
./data/macroset/en/clips/prisoner/common_voice_en_21494149.opus,prisoner
./data/macroset/en/clips/prisoner/common_voice_en_18676753.opus,prisoner
./data/macroset/en/clips/strictly/common_voice_en_22294432.opus,strictly
./data/macroset/en/clips/strictly/common_voice_en_20782007.opus,strictly
./data/macroset/en/clips/strictly/common_voice_en_21759059.opus,strictly
./data/macroset/en/clips/strictly/common_voice_en_21344605.opus,strictly
./data/macroset/en/clips/strictly/common_voice_en_21766606.opus,strictly
./data/macroset/en/clips/scams/common_voice_en_17292080.opus,scams
./data/macroset/en/clips/scams/common_voice_en_17387395.opus,scams
./data/macroset/en/clips/scams/common_voice_en_17298326.opus,scams
./data/macroset/en/clips/scams/common_voice_en_17291377.opus,scams
./data/macroset/en/clips/scams/common_voice_en_17294500.opus,scams
./data/macroset/en/clips/actively/common_voice_en_21686871.opus,actively
./data/macroset/en/clips/actively/common_voice_en_19792100.opus,actively
./data/macroset/en/clips/actively/common_voice_en_20275873.opus,actively
./data/macroset/en/clips/actively/common_voice_en_21229809.opus,actively
./data/macroset/en/clips/actively/common_voice_en_21575901.opus,actively
./data/macroset/en/clips/charley/common_voice_en_18654028.opus,charley
./data/macroset/en/clips/charley/common_voice_en_18526026.opus,charley
./data/macroset/en/clips/charley/common_voice_en_19640570.opus,charley
./data/macroset/en/clips/charley/common_voice_en_18496201.opus,charley
./data/macroset/en/clips/charley/common_voice_en_18649583.opus,charley
./data/macroset/en/clips/bend/common_voice_en_19260381.opus,bend
./data/macroset/en/clips/bend/common_voice_en_285869.opus,bend
./data/macroset/en/clips/bend/common_voice_en_18603148.opus,bend
./data/macroset/en/clips/bend/common_voice_en_19079038.opus,bend
./data/macroset/en/clips/bend/common_voice_en_17885123.opus,bend
./data/macroset/en/clips/refers/common_voice_en_20290549.opus,refers
./data/macroset/en/clips/refers/common_voice_en_22173623.opus,refers
./data/macroset/en/clips/refers/common_voice_en_21320829.opus,refers
./data/macroset/en/clips/refers/common_voice_en_21766121.opus,refers
./data/macroset/en/clips/refers/common_voice_en_21324738.opus,refers
./data/macroset/en/clips/west/common_voice_en_611693.opus,west
./data/macroset/en/clips/west/common_voice_en_21793454.opus,west
./data/macroset/en/clips/west/common_voice_en_19984124.opus,west
./data/macroset/en/clips/west/common_voice_en_20475091.opus,west
./data/macroset/en/clips/west/common_voice_en_21063365.opus,west
./data/macroset/en/clips/holmes/common_voice_en_20410056.opus,holmes
./data/macroset/en/clips/holmes/common_voice_en_20442300.opus,holmes
./data/macroset/en/clips/holmes/common_voice_en_20836440.opus,holmes
./data/macroset/en/clips/holmes/common_voice_en_21467737__2.opus,holmes
./data/macroset/en/clips/holmes/common_voice_en_20736208.opus,holmes
./data/macroset/en/clips/unfair/common_voice_en_18456361.opus,unfair
./data/macroset/en/clips/unfair/common_voice_en_17298121.opus,unfair
./data/macroset/en/clips/unfair/common_voice_en_18708217.opus,unfair
./data/macroset/en/clips/unfair/common_voice_en_21540611.opus,unfair
./data/macroset/en/clips/unfair/common_voice_en_591674.opus,unfair
./data/macroset/en/clips/platforms/common_voice_en_19336516.opus,platforms
./data/macroset/en/clips/platforms/common_voice_en_19819822.opus,platforms
./data/macroset/en/clips/platforms/common_voice_en_20414097.opus,platforms
./data/macroset/en/clips/platforms/common_voice_en_19514301.opus,platforms
./data/macroset/en/clips/platforms/common_voice_en_19610561.opus,platforms
./data/macroset/en/clips/jose/common_voice_en_21056253.opus,jose
./data/macroset/en/clips/jose/common_voice_en_19152215.opus,jose
./data/macroset/en/clips/jose/common_voice_en_21284909.opus,jose
./data/macroset/en/clips/jose/common_voice_en_21311706.opus,jose
./data/macroset/en/clips/jose/common_voice_en_20330684.opus,jose
./data/macroset/en/clips/shoreline/common_voice_en_21234909.opus,shoreline
./data/macroset/en/clips/shoreline/common_voice_en_21819271.opus,shoreline
./data/macroset/en/clips/shoreline/common_voice_en_22164255.opus,shoreline
./data/macroset/en/clips/shoreline/common_voice_en_19694367.opus,shoreline
./data/macroset/en/clips/shoreline/common_voice_en_21537339.opus,shoreline
./data/macroset/en/clips/broadcasts/common_voice_en_18909659.opus,broadcasts
./data/macroset/en/clips/broadcasts/common_voice_en_19132614.opus,broadcasts
./data/macroset/en/clips/broadcasts/common_voice_en_20397469.opus,broadcasts
./data/macroset/en/clips/broadcasts/common_voice_en_18977841.opus,broadcasts
./data/macroset/en/clips/broadcasts/common_voice_en_21979471.opus,broadcasts
./data/macroset/en/clips/warner/common_voice_en_20144998.opus,warner
./data/macroset/en/clips/warner/common_voice_en_22187361__2.opus,warner
./data/macroset/en/clips/warner/common_voice_en_20709272.opus,warner
./data/macroset/en/clips/warner/common_voice_en_20269181.opus,warner
./data/macroset/en/clips/warner/common_voice_en_19651659.opus,warner
./data/macroset/en/clips/graduate/common_voice_en_20504156.opus,graduate
./data/macroset/en/clips/graduate/common_voice_en_28872.opus,graduate
./data/macroset/en/clips/graduate/common_voice_en_20705986.opus,graduate
./data/macroset/en/clips/graduate/common_voice_en_22398701.opus,graduate
./data/macroset/en/clips/graduate/common_voice_en_19417287.opus,graduate
./data/macroset/en/clips/appendix/common_voice_en_661033.opus,appendix
./data/macroset/en/clips/appendix/common_voice_en_587390.opus,appendix
./data/macroset/en/clips/appendix/common_voice_en_49948.opus,appendix
./data/macroset/en/clips/appendix/common_voice_en_197597.opus,appendix
./data/macroset/en/clips/appendix/common_voice_en_21989538.opus,appendix
./data/macroset/en/clips/difficulty/common_voice_en_22283626.opus,difficulty
./data/macroset/en/clips/difficulty/common_voice_en_18658116.opus,difficulty
./data/macroset/en/clips/difficulty/common_voice_en_18877753.opus,difficulty
./data/macroset/en/clips/difficulty/common_voice_en_18308512.opus,difficulty
./data/macroset/en/clips/difficulty/common_voice_en_18564280.opus,difficulty
./data/macroset/en/clips/generators/common_voice_en_18184093.opus,generators
./data/macroset/en/clips/generators/common_voice_en_21231066.opus,generators
./data/macroset/en/clips/generators/common_voice_en_17983434.opus,generators
./data/macroset/en/clips/generators/common_voice_en_17908219.opus,generators
./data/macroset/en/clips/generators/common_voice_en_18675083.opus,generators
./data/macroset/en/clips/humid/common_voice_en_19497440.opus,humid
./data/macroset/en/clips/humid/common_voice_en_548810.opus,humid
./data/macroset/en/clips/humid/common_voice_en_607806.opus,humid
./data/macroset/en/clips/humid/common_voice_en_20294786.opus,humid
./data/macroset/en/clips/humid/common_voice_en_20110884.opus,humid
./data/macroset/en/clips/systematic/common_voice_en_19012076.opus,systematic
./data/macroset/en/clips/systematic/common_voice_en_19781677.opus,systematic
./data/macroset/en/clips/systematic/common_voice_en_18775455.opus,systematic
./data/macroset/en/clips/systematic/common_voice_en_22095360.opus,systematic
./data/macroset/en/clips/systematic/common_voice_en_544522.opus,systematic
./data/macroset/en/clips/certainly/common_voice_en_696178.opus,certainly
./data/macroset/en/clips/certainly/common_voice_en_211284.opus,certainly
./data/macroset/en/clips/certainly/common_voice_en_555830.opus,certainly
./data/macroset/en/clips/certainly/common_voice_en_209989.opus,certainly
./data/macroset/en/clips/certainly/common_voice_en_620793.opus,certainly
./data/macroset/en/clips/bounced/common_voice_en_176643.opus,bounced
./data/macroset/en/clips/bounced/common_voice_en_35019.opus,bounced
./data/macroset/en/clips/bounced/common_voice_en_584752.opus,bounced
./data/macroset/en/clips/bounced/common_voice_en_20400238.opus,bounced
./data/macroset/en/clips/bounced/common_voice_en_21112529.opus,bounced
./data/macroset/en/clips/chests/common_voice_en_17287498.opus,chests
./data/macroset/en/clips/chests/common_voice_en_17359516.opus,chests
./data/macroset/en/clips/chests/common_voice_en_17562160.opus,chests
./data/macroset/en/clips/chests/common_voice_en_17885961.opus,chests
./data/macroset/en/clips/chests/common_voice_en_17627708.opus,chests
./data/macroset/en/clips/commonly/common_voice_en_19688401.opus,commonly
./data/macroset/en/clips/commonly/common_voice_en_20258188.opus,commonly
./data/macroset/en/clips/commonly/common_voice_en_21980976.opus,commonly
./data/macroset/en/clips/commonly/common_voice_en_20828003.opus,commonly
./data/macroset/en/clips/commonly/common_voice_en_18787638.opus,commonly
./data/macroset/en/clips/robotics/common_voice_en_21978640.opus,robotics
./data/macroset/en/clips/robotics/common_voice_en_18454735.opus,robotics
./data/macroset/en/clips/robotics/common_voice_en_19573710.opus,robotics
./data/macroset/en/clips/robotics/common_voice_en_17278394.opus,robotics
./data/macroset/en/clips/robotics/common_voice_en_21935272.opus,robotics
./data/macroset/en/clips/sank/common_voice_en_682741.opus,sank
./data/macroset/en/clips/sank/common_voice_en_19012119.opus,sank
./data/macroset/en/clips/sank/common_voice_en_442079.opus,sank
./data/macroset/en/clips/sank/common_voice_en_20219427.opus,sank
./data/macroset/en/clips/sank/common_voice_en_18446451.opus,sank
./data/macroset/en/clips/birds/common_voice_en_519632.opus,birds
./data/macroset/en/clips/birds/common_voice_en_17856976.opus,birds
./data/macroset/en/clips/birds/common_voice_en_94352.opus,birds
./data/macroset/en/clips/birds/common_voice_en_550161.opus,birds
./data/macroset/en/clips/birds/common_voice_en_21522530.opus,birds
./data/macroset/en/clips/belgian/common_voice_en_19475270.opus,belgian
./data/macroset/en/clips/belgian/common_voice_en_20754736.opus,belgian
./data/macroset/en/clips/belgian/common_voice_en_19204231.opus,belgian
./data/macroset/en/clips/belgian/common_voice_en_21307030.opus,belgian
./data/macroset/en/clips/belgian/common_voice_en_18974165.opus,belgian
./data/macroset/en/clips/vocalist/common_voice_en_19820290.opus,vocalist
./data/macroset/en/clips/vocalist/common_voice_en_21854778.opus,vocalist
./data/macroset/en/clips/vocalist/common_voice_en_21686892.opus,vocalist
./data/macroset/en/clips/vocalist/common_voice_en_19639131.opus,vocalist
./data/macroset/en/clips/vocalist/common_voice_en_582473.opus,vocalist
./data/macroset/en/clips/falsetto/common_voice_en_17281402.opus,falsetto
./data/macroset/en/clips/falsetto/common_voice_en_17362977.opus,falsetto
./data/macroset/en/clips/falsetto/common_voice_en_17290122.opus,falsetto
./data/macroset/en/clips/falsetto/common_voice_en_17264822.opus,falsetto
./data/macroset/en/clips/falsetto/common_voice_en_17687465.opus,falsetto
./data/macroset/en/clips/glossy/common_voice_en_21379037.opus,glossy
./data/macroset/en/clips/glossy/common_voice_en_18760792.opus,glossy
./data/macroset/en/clips/glossy/common_voice_en_480172.opus,glossy
./data/macroset/en/clips/glossy/common_voice_en_19099629.opus,glossy
./data/macroset/en/clips/glossy/common_voice_en_19002430.opus,glossy
./data/macroset/en/clips/household/common_voice_en_18745991.opus,household
./data/macroset/en/clips/household/common_voice_en_20301794.opus,household
./data/macroset/en/clips/household/common_voice_en_20683485.opus,household
./data/macroset/en/clips/household/common_voice_en_20241306.opus,household
./data/macroset/en/clips/household/common_voice_en_21330860.opus,household
./data/macroset/en/clips/dissolved/common_voice_en_19118095.opus,dissolved
./data/macroset/en/clips/dissolved/common_voice_en_19696196.opus,dissolved
./data/macroset/en/clips/dissolved/common_voice_en_19580893.opus,dissolved
./data/macroset/en/clips/dissolved/common_voice_en_21139212.opus,dissolved
./data/macroset/en/clips/dissolved/common_voice_en_21670410.opus,dissolved
./data/macroset/en/clips/learnt/common_voice_en_19979856.opus,learnt
./data/macroset/en/clips/learnt/common_voice_en_18484071.opus,learnt
./data/macroset/en/clips/learnt/common_voice_en_19419365.opus,learnt
./data/macroset/en/clips/learnt/common_voice_en_18401966.opus,learnt
./data/macroset/en/clips/learnt/common_voice_en_19747932.opus,learnt
./data/macroset/en/clips/fed/common_voice_en_498601.opus,fed
./data/macroset/en/clips/fed/common_voice_en_19981617.opus,fed
./data/macroset/en/clips/fed/common_voice_en_20092189.opus,fed
./data/macroset/en/clips/fed/common_voice_en_21335044.opus,fed
./data/macroset/en/clips/fed/common_voice_en_21264018.opus,fed
./data/macroset/en/clips/astronomer/common_voice_en_20598767.opus,astronomer
./data/macroset/en/clips/astronomer/common_voice_en_19854842.opus,astronomer
./data/macroset/en/clips/astronomer/common_voice_en_20076882.opus,astronomer
./data/macroset/en/clips/astronomer/common_voice_en_21846375.opus,astronomer
./data/macroset/en/clips/astronomer/common_voice_en_21954860.opus,astronomer
./data/macroset/en/clips/terms/common_voice_en_20878139.opus,terms
./data/macroset/en/clips/terms/common_voice_en_20715300.opus,terms
./data/macroset/en/clips/terms/common_voice_en_20046966.opus,terms
./data/macroset/en/clips/terms/common_voice_en_19468562.opus,terms
./data/macroset/en/clips/terms/common_voice_en_19758716.opus,terms
./data/macroset/en/clips/irrational/common_voice_en_17585871.opus,irrational
./data/macroset/en/clips/irrational/common_voice_en_17258971.opus,irrational
./data/macroset/en/clips/irrational/common_voice_en_22114949.opus,irrational
./data/macroset/en/clips/irrational/common_voice_en_17329328.opus,irrational
./data/macroset/en/clips/irrational/common_voice_en_17387916.opus,irrational
./data/macroset/en/clips/hat/common_voice_en_539498.opus,hat
./data/macroset/en/clips/hat/common_voice_en_566292.opus,hat
./data/macroset/en/clips/hat/common_voice_en_495962.opus,hat
./data/macroset/en/clips/hat/common_voice_en_645705.opus,hat
./data/macroset/en/clips/hat/common_voice_en_558819.opus,hat
./data/macroset/en/clips/benson/common_voice_en_20918299.opus,benson
./data/macroset/en/clips/benson/common_voice_en_19685643.opus,benson
./data/macroset/en/clips/benson/common_voice_en_22424020.opus,benson
./data/macroset/en/clips/benson/common_voice_en_19319928.opus,benson
./data/macroset/en/clips/benson/common_voice_en_19140301.opus,benson
./data/macroset/en/clips/dear/common_voice_en_673192.opus,dear
./data/macroset/en/clips/dear/common_voice_en_19748471.opus,dear
./data/macroset/en/clips/dear/common_voice_en_17250525.opus,dear
./data/macroset/en/clips/dear/common_voice_en_18631952.opus,dear
./data/macroset/en/clips/dear/common_voice_en_18649779.opus,dear
./data/macroset/en/clips/tapped/common_voice_en_22171911.opus,tapped
./data/macroset/en/clips/tapped/common_voice_en_18356106.opus,tapped
./data/macroset/en/clips/tapped/common_voice_en_18335859.opus,tapped
./data/macroset/en/clips/tapped/common_voice_en_484571.opus,tapped
./data/macroset/en/clips/tapped/common_voice_en_669849.opus,tapped
./data/macroset/en/clips/examiner/common_voice_en_18154412.opus,examiner
./data/macroset/en/clips/examiner/common_voice_en_18158851.opus,examiner
./data/macroset/en/clips/examiner/common_voice_en_381122.opus,examiner
./data/macroset/en/clips/examiner/common_voice_en_21428712.opus,examiner
./data/macroset/en/clips/examiner/common_voice_en_19136835.opus,examiner
./data/macroset/en/clips/traditional/common_voice_en_20600300.opus,traditional
./data/macroset/en/clips/traditional/common_voice_en_20851787.opus,traditional
./data/macroset/en/clips/traditional/common_voice_en_20371980.opus,traditional
./data/macroset/en/clips/traditional/common_voice_en_19317308.opus,traditional
./data/macroset/en/clips/traditional/common_voice_en_20117844.opus,traditional
./data/macroset/en/clips/concentrated/common_voice_en_20275215.opus,concentrated
./data/macroset/en/clips/concentrated/common_voice_en_19655255.opus,concentrated
./data/macroset/en/clips/concentrated/common_voice_en_20298270.opus,concentrated
./data/macroset/en/clips/concentrated/common_voice_en_19660377.opus,concentrated
./data/macroset/en/clips/concentrated/common_voice_en_20080135.opus,concentrated
./data/macroset/en/clips/miriam/common_voice_en_20446331.opus,miriam
./data/macroset/en/clips/miriam/common_voice_en_19572053.opus,miriam
./data/macroset/en/clips/miriam/common_voice_en_19561385.opus,miriam
./data/macroset/en/clips/miriam/common_voice_en_19870331.opus,miriam
./data/macroset/en/clips/miriam/common_voice_en_19613161.opus,miriam
./data/macroset/en/clips/printer/common_voice_en_638307.opus,printer
./data/macroset/en/clips/printer/common_voice_en_21209951.opus,printer
./data/macroset/en/clips/printer/common_voice_en_18492027.opus,printer
./data/macroset/en/clips/printer/common_voice_en_18109092.opus,printer
./data/macroset/en/clips/printer/common_voice_en_19694450.opus,printer
./data/macroset/en/clips/lightning/common_voice_en_21128081.opus,lightning
./data/macroset/en/clips/lightning/common_voice_en_18545776.opus,lightning
./data/macroset/en/clips/lightning/common_voice_en_18031116.opus,lightning
./data/macroset/en/clips/lightning/common_voice_en_20793903.opus,lightning
./data/macroset/en/clips/lightning/common_voice_en_20285351.opus,lightning
./data/macroset/en/clips/ray/common_voice_en_19754155.opus,ray
./data/macroset/en/clips/ray/common_voice_en_19350827.opus,ray
./data/macroset/en/clips/ray/common_voice_en_22282718.opus,ray
./data/macroset/en/clips/ray/common_voice_en_17289075.opus,ray
./data/macroset/en/clips/ray/common_voice_en_20034936.opus,ray
./data/macroset/en/clips/humming/common_voice_en_561456.opus,humming
./data/macroset/en/clips/humming/common_voice_en_68070.opus,humming
./data/macroset/en/clips/humming/common_voice_en_3472.opus,humming
./data/macroset/en/clips/humming/common_voice_en_91501.opus,humming
./data/macroset/en/clips/humming/common_voice_en_170106.opus,humming
./data/macroset/en/clips/reckless/common_voice_en_17388462.opus,reckless
./data/macroset/en/clips/reckless/common_voice_en_17276641.opus,reckless
./data/macroset/en/clips/reckless/common_voice_en_17264920.opus,reckless
./data/macroset/en/clips/reckless/common_voice_en_17488334.opus,reckless
./data/macroset/en/clips/reckless/common_voice_en_18121763.opus,reckless
./data/macroset/en/clips/adult/common_voice_en_18765339.opus,adult
./data/macroset/en/clips/adult/common_voice_en_698969.opus,adult
./data/macroset/en/clips/adult/common_voice_en_610216.opus,adult
./data/macroset/en/clips/adult/common_voice_en_18522274.opus,adult
./data/macroset/en/clips/adult/common_voice_en_21857967.opus,adult
./data/macroset/en/clips/lasts/common_voice_en_22289568.opus,lasts
./data/macroset/en/clips/lasts/common_voice_en_19705085.opus,lasts
./data/macroset/en/clips/lasts/common_voice_en_21645937.opus,lasts
./data/macroset/en/clips/lasts/common_voice_en_19265278.opus,lasts
./data/macroset/en/clips/lasts/common_voice_en_44743.opus,lasts
./data/macroset/en/clips/monte/common_voice_en_20130214.opus,monte
./data/macroset/en/clips/monte/common_voice_en_21458369.opus,monte
./data/macroset/en/clips/monte/common_voice_en_21454116.opus,monte
./data/macroset/en/clips/monte/common_voice_en_19624778.opus,monte
./data/macroset/en/clips/monte/common_voice_en_20798324.opus,monte
./data/macroset/en/clips/insignia/common_voice_en_20290258.opus,insignia
./data/macroset/en/clips/insignia/common_voice_en_21819350.opus,insignia
./data/macroset/en/clips/insignia/common_voice_en_22015279.opus,insignia
./data/macroset/en/clips/insignia/common_voice_en_19666344.opus,insignia
./data/macroset/en/clips/insignia/common_voice_en_19983377.opus,insignia
./data/macroset/en/clips/justin/common_voice_en_20079528.opus,justin
./data/macroset/en/clips/justin/common_voice_en_19676044.opus,justin
./data/macroset/en/clips/justin/common_voice_en_20840986.opus,justin
./data/macroset/en/clips/justin/common_voice_en_18911962.opus,justin
./data/macroset/en/clips/justin/common_voice_en_19277315.opus,justin
./data/macroset/en/clips/baseman/common_voice_en_20242696__2.opus,baseman
./data/macroset/en/clips/baseman/common_voice_en_21738044.opus,baseman
./data/macroset/en/clips/baseman/common_voice_en_512278.opus,baseman
./data/macroset/en/clips/baseman/common_voice_en_20933430.opus,baseman
./data/macroset/en/clips/baseman/common_voice_en_20267652.opus,baseman
./data/macroset/en/clips/tortoises/common_voice_en_30838.opus,tortoises
./data/macroset/en/clips/tortoises/common_voice_en_17262245.opus,tortoises
./data/macroset/en/clips/tortoises/common_voice_en_613772.opus,tortoises
./data/macroset/en/clips/tortoises/common_voice_en_17725484.opus,tortoises
./data/macroset/en/clips/tortoises/common_voice_en_17715562.opus,tortoises
./data/macroset/en/clips/plastic/common_voice_en_596921.opus,plastic
./data/macroset/en/clips/plastic/common_voice_en_539100.opus,plastic
./data/macroset/en/clips/plastic/common_voice_en_20462268.opus,plastic
./data/macroset/en/clips/plastic/common_voice_en_582739.opus,plastic
./data/macroset/en/clips/plastic/common_voice_en_534327.opus,plastic
./data/macroset/en/clips/squid/common_voice_en_176258.opus,squid
./data/macroset/en/clips/squid/common_voice_en_19490313.opus,squid
./data/macroset/en/clips/squid/common_voice_en_261779.opus,squid
./data/macroset/en/clips/squid/common_voice_en_700651.opus,squid
./data/macroset/en/clips/squid/common_voice_en_525461.opus,squid
./data/macroset/en/clips/hormone/common_voice_en_18065918.opus,hormone
./data/macroset/en/clips/hormone/common_voice_en_562293.opus,hormone
./data/macroset/en/clips/hormone/common_voice_en_207107.opus,hormone
./data/macroset/en/clips/hormone/common_voice_en_19149.opus,hormone
./data/macroset/en/clips/hormone/common_voice_en_628737.opus,hormone
./data/macroset/en/clips/spiritual/common_voice_en_18816412.opus,spiritual
./data/macroset/en/clips/spiritual/common_voice_en_19887411.opus,spiritual
./data/macroset/en/clips/spiritual/common_voice_en_19991851.opus,spiritual
./data/macroset/en/clips/spiritual/common_voice_en_20102859.opus,spiritual
./data/macroset/en/clips/spiritual/common_voice_en_21777362.opus,spiritual
./data/macroset/en/clips/television/common_voice_en_18934425.opus,television
./data/macroset/en/clips/television/common_voice_en_21512590.opus,television
./data/macroset/en/clips/television/common_voice_en_20309979.opus,television
./data/macroset/en/clips/television/common_voice_en_19782559.opus,television
./data/macroset/en/clips/television/common_voice_en_20260968.opus,television
./data/macroset/en/clips/yukon/common_voice_en_21741157.opus,yukon
./data/macroset/en/clips/yukon/common_voice_en_19302846.opus,yukon
./data/macroset/en/clips/yukon/common_voice_en_19008553.opus,yukon
./data/macroset/en/clips/yukon/common_voice_en_19964037.opus,yukon
./data/macroset/en/clips/yukon/common_voice_en_20055768.opus,yukon
./data/macroset/en/clips/disclosure/common_voice_en_18800316__2.opus,disclosure
./data/macroset/en/clips/disclosure/common_voice_en_559131.opus,disclosure
./data/macroset/en/clips/disclosure/common_voice_en_48416.opus,disclosure
./data/macroset/en/clips/disclosure/common_voice_en_186840.opus,disclosure
./data/macroset/en/clips/disclosure/common_voice_en_19246346.opus,disclosure
./data/macroset/en/clips/dust/common_voice_en_95412.opus,dust
./data/macroset/en/clips/dust/common_voice_en_517348.opus,dust
./data/macroset/en/clips/dust/common_voice_en_650449.opus,dust
./data/macroset/en/clips/dust/common_voice_en_18143948.opus,dust
./data/macroset/en/clips/dust/common_voice_en_687801.opus,dust
./data/macroset/en/clips/birch/common_voice_en_20428976.opus,birch
./data/macroset/en/clips/birch/common_voice_en_663593.opus,birch
./data/macroset/en/clips/birch/common_voice_en_626909.opus,birch
./data/macroset/en/clips/birch/common_voice_en_21703639.opus,birch
./data/macroset/en/clips/birch/common_voice_en_578653.opus,birch
./data/macroset/en/clips/collapse/common_voice_en_18074559.opus,collapse
./data/macroset/en/clips/collapse/common_voice_en_19785160.opus,collapse
./data/macroset/en/clips/collapse/common_voice_en_606345.opus,collapse
./data/macroset/en/clips/collapse/common_voice_en_18747880.opus,collapse
./data/macroset/en/clips/collapse/common_voice_en_20178147.opus,collapse
./data/macroset/en/clips/multivariate/common_voice_en_17252572.opus,multivariate
./data/macroset/en/clips/multivariate/common_voice_en_19895288.opus,multivariate
./data/macroset/en/clips/multivariate/common_voice_en_687714.opus,multivariate
./data/macroset/en/clips/multivariate/common_voice_en_177200.opus,multivariate
./data/macroset/en/clips/multivariate/common_voice_en_17416379.opus,multivariate
./data/macroset/en/clips/exclusively/common_voice_en_20870480.opus,exclusively
./data/macroset/en/clips/exclusively/common_voice_en_21827536.opus,exclusively
./data/macroset/en/clips/exclusively/common_voice_en_18861476.opus,exclusively
./data/macroset/en/clips/exclusively/common_voice_en_21240682.opus,exclusively
./data/macroset/en/clips/exclusively/common_voice_en_19474777.opus,exclusively
./data/macroset/en/clips/apprentice/common_voice_en_19984063.opus,apprentice
./data/macroset/en/clips/apprentice/common_voice_en_627713.opus,apprentice
./data/macroset/en/clips/apprentice/common_voice_en_20384255.opus,apprentice
./data/macroset/en/clips/apprentice/common_voice_en_204453.opus,apprentice
./data/macroset/en/clips/apprentice/common_voice_en_105234.opus,apprentice
./data/macroset/en/clips/clenched/common_voice_en_77416.opus,clenched
./data/macroset/en/clips/clenched/common_voice_en_20636517.opus,clenched
./data/macroset/en/clips/clenched/common_voice_en_17279977.opus,clenched
./data/macroset/en/clips/clenched/common_voice_en_17281348.opus,clenched
./data/macroset/en/clips/clenched/common_voice_en_18657857.opus,clenched
./data/macroset/en/clips/outfit/common_voice_en_499767.opus,outfit
./data/macroset/en/clips/outfit/common_voice_en_21872856.opus,outfit
./data/macroset/en/clips/outfit/common_voice_en_667025.opus,outfit
./data/macroset/en/clips/outfit/common_voice_en_17755.opus,outfit
./data/macroset/en/clips/outfit/common_voice_en_518800.opus,outfit
./data/macroset/en/clips/transforming/common_voice_en_522045.opus,transforming
./data/macroset/en/clips/transforming/common_voice_en_614270.opus,transforming
./data/macroset/en/clips/transforming/common_voice_en_651824.opus,transforming
./data/macroset/en/clips/transforming/common_voice_en_656582.opus,transforming
./data/macroset/en/clips/transforming/common_voice_en_155838.opus,transforming
./data/macroset/en/clips/undo/common_voice_en_638513.opus,undo
./data/macroset/en/clips/undo/common_voice_en_218983.opus,undo
./data/macroset/en/clips/undo/common_voice_en_134551.opus,undo
./data/macroset/en/clips/undo/common_voice_en_18300177.opus,undo
./data/macroset/en/clips/undo/common_voice_en_551423.opus,undo
./data/macroset/en/clips/seals/common_voice_en_499572.opus,seals
./data/macroset/en/clips/seals/common_voice_en_19171817.opus,seals
./data/macroset/en/clips/seals/common_voice_en_21876789.opus,seals
./data/macroset/en/clips/seals/common_voice_en_20589178.opus,seals
./data/macroset/en/clips/seals/common_voice_en_21384526.opus,seals
./data/macroset/en/clips/jackie/common_voice_en_2340533.opus,jackie
./data/macroset/en/clips/jackie/common_voice_en_20706053.opus,jackie
./data/macroset/en/clips/jackie/common_voice_en_20714398.opus,jackie
./data/macroset/en/clips/jackie/common_voice_en_50031.opus,jackie
./data/macroset/en/clips/jackie/common_voice_en_20235405.opus,jackie
./data/macroset/en/clips/supporting/common_voice_en_20089267.opus,supporting
./data/macroset/en/clips/supporting/common_voice_en_19796907.opus,supporting
./data/macroset/en/clips/supporting/common_voice_en_20961882.opus,supporting
./data/macroset/en/clips/supporting/common_voice_en_21374394.opus,supporting
./data/macroset/en/clips/supporting/common_voice_en_609308.opus,supporting
./data/macroset/en/clips/card/common_voice_en_22267375.opus,card
./data/macroset/en/clips/card/common_voice_en_18543376.opus,card
./data/macroset/en/clips/card/common_voice_en_203112.opus,card
./data/macroset/en/clips/card/common_voice_en_19956644.opus,card
./data/macroset/en/clips/card/common_voice_en_407262.opus,card
./data/macroset/en/clips/forecasting/common_voice_en_493592.opus,forecasting
./data/macroset/en/clips/forecasting/common_voice_en_21681.opus,forecasting
./data/macroset/en/clips/forecasting/common_voice_en_18604936.opus,forecasting
./data/macroset/en/clips/forecasting/common_voice_en_68408.opus,forecasting
./data/macroset/en/clips/forecasting/common_voice_en_623714.opus,forecasting
./data/macroset/en/clips/finely/common_voice_en_19827717.opus,finely
./data/macroset/en/clips/finely/common_voice_en_20275568.opus,finely
./data/macroset/en/clips/finely/common_voice_en_17391943.opus,finely
./data/macroset/en/clips/finely/common_voice_en_17520076.opus,finely
./data/macroset/en/clips/finely/common_voice_en_17728864.opus,finely
./data/macroset/en/clips/avoid/common_voice_en_22203830.opus,avoid
./data/macroset/en/clips/avoid/common_voice_en_18664921.opus,avoid
./data/macroset/en/clips/avoid/common_voice_en_185749.opus,avoid
./data/macroset/en/clips/avoid/common_voice_en_567438.opus,avoid
./data/macroset/en/clips/avoid/common_voice_en_18486984.opus,avoid
