link,word
./data/macroset/en/clips/rink/common_voice_en_19086349.opus,rink
./data/macroset/en/clips/rink/common_voice_en_17833688.opus,rink
./data/macroset/en/clips/rink/common_voice_en_19762017.opus,rink
./data/macroset/en/clips/rink/common_voice_en_22295747__2.opus,rink
./data/macroset/en/clips/rink/common_voice_en_20014349.opus,rink
./data/macroset/en/clips/medley/common_voice_en_17286457.opus,medley
./data/macroset/en/clips/medley/common_voice_en_18752462.opus,medley
./data/macroset/en/clips/medley/common_voice_en_17279504.opus,medley
./data/macroset/en/clips/medley/common_voice_en_17726137.opus,medley
./data/macroset/en/clips/medley/common_voice_en_583708.opus,medley
./data/macroset/en/clips/sol/common_voice_en_19639431.opus,sol
./data/macroset/en/clips/sol/common_voice_en_18672359.opus,sol
./data/macroset/en/clips/sol/common_voice_en_19711582.opus,sol
./data/macroset/en/clips/sol/common_voice_en_19055306.opus,sol
./data/macroset/en/clips/sol/common_voice_en_19654690.opus,sol
./data/macroset/en/clips/dummy/common_voice_en_4237215.opus,dummy
./data/macroset/en/clips/dummy/common_voice_en_22018003.opus,dummy
./data/macroset/en/clips/dummy/common_voice_en_438552.opus,dummy
./data/macroset/en/clips/dummy/common_voice_en_18633734.opus,dummy
./data/macroset/en/clips/dummy/common_voice_en_17433396.opus,dummy
./data/macroset/en/clips/readily/common_voice_en_20269750.opus,readily
./data/macroset/en/clips/readily/common_voice_en_19547549.opus,readily
./data/macroset/en/clips/readily/common_voice_en_20205078.opus,readily
./data/macroset/en/clips/readily/common_voice_en_579151.opus,readily
./data/macroset/en/clips/readily/common_voice_en_86969.opus,readily
./data/macroset/en/clips/villages/common_voice_en_20229760.opus,villages
./data/macroset/en/clips/villages/common_voice_en_21996637.opus,villages
./data/macroset/en/clips/villages/common_voice_en_19542496.opus,villages
./data/macroset/en/clips/villages/common_voice_en_20154179.opus,villages
./data/macroset/en/clips/villages/common_voice_en_18757859.opus,villages
./data/macroset/en/clips/mutual/common_voice_en_15734052.opus,mutual
./data/macroset/en/clips/mutual/common_voice_en_19672047.opus,mutual
./data/macroset/en/clips/mutual/common_voice_en_22295526.opus,mutual
./data/macroset/en/clips/mutual/common_voice_en_18731215.opus,mutual
./data/macroset/en/clips/mutual/common_voice_en_22377190.opus,mutual
./data/macroset/en/clips/cover/common_voice_en_19827553.opus,cover
./data/macroset/en/clips/cover/common_voice_en_133544.opus,cover
./data/macroset/en/clips/cover/common_voice_en_18982837.opus,cover
./data/macroset/en/clips/cover/common_voice_en_20173657.opus,cover
./data/macroset/en/clips/cover/common_voice_en_20365791.opus,cover
./data/macroset/en/clips/northeastern/common_voice_en_20311574.opus,northeastern
./data/macroset/en/clips/northeastern/common_voice_en_19824729.opus,northeastern
./data/macroset/en/clips/northeastern/common_voice_en_19785994.opus,northeastern
./data/macroset/en/clips/northeastern/common_voice_en_22062390.opus,northeastern
./data/macroset/en/clips/northeastern/common_voice_en_20257405.opus,northeastern
./data/macroset/en/clips/commissioners/common_voice_en_20961248.opus,commissioners
./data/macroset/en/clips/commissioners/common_voice_en_20186184.opus,commissioners
./data/macroset/en/clips/commissioners/common_voice_en_19651071.opus,commissioners
./data/macroset/en/clips/commissioners/common_voice_en_19825559.opus,commissioners
./data/macroset/en/clips/commissioners/common_voice_en_20715300.opus,commissioners
./data/macroset/en/clips/foremost/common_voice_en_20920569.opus,foremost
./data/macroset/en/clips/foremost/common_voice_en_19123449.opus,foremost
./data/macroset/en/clips/foremost/common_voice_en_22049956.opus,foremost
./data/macroset/en/clips/foremost/common_voice_en_20440368.opus,foremost
./data/macroset/en/clips/foremost/common_voice_en_22439476.opus,foremost
./data/macroset/en/clips/dalton/common_voice_en_21264946.opus,dalton
./data/macroset/en/clips/dalton/common_voice_en_20050384.opus,dalton
./data/macroset/en/clips/dalton/common_voice_en_20043673.opus,dalton
./data/macroset/en/clips/dalton/common_voice_en_22252751.opus,dalton
./data/macroset/en/clips/dalton/common_voice_en_22463981.opus,dalton
./data/macroset/en/clips/equator/common_voice_en_17252829.opus,equator
./data/macroset/en/clips/equator/common_voice_en_588861.opus,equator
./data/macroset/en/clips/equator/common_voice_en_32144.opus,equator
./data/macroset/en/clips/equator/common_voice_en_20951725.opus,equator
./data/macroset/en/clips/equator/common_voice_en_17267285.opus,equator
./data/macroset/en/clips/irving/common_voice_en_19677116.opus,irving
./data/macroset/en/clips/irving/common_voice_en_19531795.opus,irving
./data/macroset/en/clips/irving/common_voice_en_20493879.opus,irving
./data/macroset/en/clips/irving/common_voice_en_21345581.opus,irving
./data/macroset/en/clips/irving/common_voice_en_19469912.opus,irving
./data/macroset/en/clips/abandons/common_voice_en_621100.opus,abandons
./data/macroset/en/clips/abandons/common_voice_en_34845.opus,abandons
./data/macroset/en/clips/abandons/common_voice_en_637686.opus,abandons
./data/macroset/en/clips/abandons/common_voice_en_600364.opus,abandons
./data/macroset/en/clips/abandons/common_voice_en_167787.opus,abandons
./data/macroset/en/clips/business/common_voice_en_582165.opus,business
./data/macroset/en/clips/business/common_voice_en_20907217.opus,business
./data/macroset/en/clips/business/common_voice_en_22014532.opus,business
./data/macroset/en/clips/business/common_voice_en_686769.opus,business
./data/macroset/en/clips/business/common_voice_en_22351284.opus,business
./data/macroset/en/clips/waves/common_voice_en_577264.opus,waves
./data/macroset/en/clips/waves/common_voice_en_17753913.opus,waves
./data/macroset/en/clips/waves/common_voice_en_85330.opus,waves
./data/macroset/en/clips/waves/common_voice_en_19655169.opus,waves
./data/macroset/en/clips/waves/common_voice_en_20457492.opus,waves
./data/macroset/en/clips/begins/common_voice_en_19983291.opus,begins
./data/macroset/en/clips/begins/common_voice_en_20852860.opus,begins
./data/macroset/en/clips/begins/common_voice_en_39891.opus,begins
./data/macroset/en/clips/begins/common_voice_en_577965.opus,begins
./data/macroset/en/clips/begins/common_voice_en_597808.opus,begins
./data/macroset/en/clips/perry/common_voice_en_20646149.opus,perry
./data/macroset/en/clips/perry/common_voice_en_20894011.opus,perry
./data/macroset/en/clips/perry/common_voice_en_21364985.opus,perry
./data/macroset/en/clips/perry/common_voice_en_22354474.opus,perry
./data/macroset/en/clips/perry/common_voice_en_19721122.opus,perry
./data/macroset/en/clips/beasts/common_voice_en_19724768.opus,beasts
./data/macroset/en/clips/beasts/common_voice_en_18057870.opus,beasts
./data/macroset/en/clips/beasts/common_voice_en_22307893.opus,beasts
./data/macroset/en/clips/beasts/common_voice_en_17266069.opus,beasts
./data/macroset/en/clips/beasts/common_voice_en_17888205.opus,beasts
./data/macroset/en/clips/influenced/common_voice_en_19982236.opus,influenced
./data/macroset/en/clips/influenced/common_voice_en_21852008.opus,influenced
./data/macroset/en/clips/influenced/common_voice_en_20575235.opus,influenced
./data/macroset/en/clips/influenced/common_voice_en_22144814.opus,influenced
./data/macroset/en/clips/influenced/common_voice_en_22047244.opus,influenced
./data/macroset/en/clips/needed/common_voice_en_17556728.opus,needed
./data/macroset/en/clips/needed/common_voice_en_19532872.opus,needed
./data/macroset/en/clips/needed/common_voice_en_21304134.opus,needed
./data/macroset/en/clips/needed/common_voice_en_572429.opus,needed
./data/macroset/en/clips/needed/common_voice_en_560988.opus,needed
./data/macroset/en/clips/rapper/common_voice_en_47199.opus,rapper
./data/macroset/en/clips/rapper/common_voice_en_20715325.opus,rapper
./data/macroset/en/clips/rapper/common_voice_en_19725189.opus,rapper
./data/macroset/en/clips/rapper/common_voice_en_21798230.opus,rapper
./data/macroset/en/clips/rapper/common_voice_en_19596547.opus,rapper
./data/macroset/en/clips/god/common_voice_en_18148992.opus,god
./data/macroset/en/clips/god/common_voice_en_643792.opus,god
./data/macroset/en/clips/god/common_voice_en_19091993.opus,god
./data/macroset/en/clips/god/common_voice_en_20919355.opus,god
./data/macroset/en/clips/god/common_voice_en_17982309.opus,god
./data/macroset/en/clips/motivate/common_voice_en_29231.opus,motivate
./data/macroset/en/clips/motivate/common_voice_en_19956.opus,motivate
./data/macroset/en/clips/motivate/common_voice_en_641350.opus,motivate
./data/macroset/en/clips/motivate/common_voice_en_622465.opus,motivate
./data/macroset/en/clips/motivate/common_voice_en_569959.opus,motivate
./data/macroset/en/clips/lost/common_voice_en_19159589.opus,lost
./data/macroset/en/clips/lost/common_voice_en_19500481.opus,lost
./data/macroset/en/clips/lost/common_voice_en_20039098.opus,lost
./data/macroset/en/clips/lost/common_voice_en_21644370.opus,lost
./data/macroset/en/clips/lost/common_voice_en_6635541.opus,lost
./data/macroset/en/clips/federal/common_voice_en_19760682.opus,federal
./data/macroset/en/clips/federal/common_voice_en_21692551.opus,federal
./data/macroset/en/clips/federal/common_voice_en_21927585.opus,federal
./data/macroset/en/clips/federal/common_voice_en_19194500.opus,federal
./data/macroset/en/clips/federal/common_voice_en_692518.opus,federal
./data/macroset/en/clips/admission/common_voice_en_19963858.opus,admission
./data/macroset/en/clips/admission/common_voice_en_2322855.opus,admission
./data/macroset/en/clips/admission/common_voice_en_18917427.opus,admission
./data/macroset/en/clips/admission/common_voice_en_20043172.opus,admission
./data/macroset/en/clips/admission/common_voice_en_21897107.opus,admission
./data/macroset/en/clips/bump/common_voice_en_215833.opus,bump
./data/macroset/en/clips/bump/common_voice_en_163478.opus,bump
./data/macroset/en/clips/bump/common_voice_en_22206193.opus,bump
./data/macroset/en/clips/bump/common_voice_en_671090.opus,bump
./data/macroset/en/clips/bump/common_voice_en_18079336.opus,bump
./data/macroset/en/clips/hookahs/common_voice_en_556728.opus,hookahs
./data/macroset/en/clips/hookahs/common_voice_en_67753.opus,hookahs
./data/macroset/en/clips/hookahs/common_voice_en_81492.opus,hookahs
./data/macroset/en/clips/hookahs/common_voice_en_511015.opus,hookahs
./data/macroset/en/clips/hookahs/common_voice_en_110592.opus,hookahs
./data/macroset/en/clips/foolish/common_voice_en_18645533.opus,foolish
./data/macroset/en/clips/foolish/common_voice_en_17910781.opus,foolish
./data/macroset/en/clips/foolish/common_voice_en_18502403.opus,foolish
./data/macroset/en/clips/foolish/common_voice_en_492757.opus,foolish
./data/macroset/en/clips/foolish/common_voice_en_18472383.opus,foolish
./data/macroset/en/clips/bundle/common_voice_en_61207.opus,bundle
./data/macroset/en/clips/bundle/common_voice_en_18924567.opus,bundle
./data/macroset/en/clips/bundle/common_voice_en_171287.opus,bundle
./data/macroset/en/clips/bundle/common_voice_en_19672472.opus,bundle
./data/macroset/en/clips/bundle/common_voice_en_65935.opus,bundle
./data/macroset/en/clips/colossal/common_voice_en_627995.opus,colossal
./data/macroset/en/clips/colossal/common_voice_en_69190.opus,colossal
./data/macroset/en/clips/colossal/common_voice_en_167132.opus,colossal
./data/macroset/en/clips/colossal/common_voice_en_171852.opus,colossal
./data/macroset/en/clips/colossal/common_voice_en_211288.opus,colossal
./data/macroset/en/clips/target/common_voice_en_18245110.opus,target
./data/macroset/en/clips/target/common_voice_en_21829013.opus,target
./data/macroset/en/clips/target/common_voice_en_450668.opus,target
./data/macroset/en/clips/target/common_voice_en_628318.opus,target
./data/macroset/en/clips/target/common_voice_en_18986876.opus,target
./data/macroset/en/clips/fuse/common_voice_en_17268758.opus,fuse
./data/macroset/en/clips/fuse/common_voice_en_17562014.opus,fuse
./data/macroset/en/clips/fuse/common_voice_en_17880585.opus,fuse
./data/macroset/en/clips/fuse/common_voice_en_17288776.opus,fuse
./data/macroset/en/clips/fuse/common_voice_en_28980.opus,fuse
./data/macroset/en/clips/organizing/common_voice_en_22396563.opus,organizing
./data/macroset/en/clips/organizing/common_voice_en_18765590.opus,organizing
./data/macroset/en/clips/organizing/common_voice_en_20864284.opus,organizing
./data/macroset/en/clips/organizing/common_voice_en_22236337.opus,organizing
./data/macroset/en/clips/organizing/common_voice_en_20151565.opus,organizing
./data/macroset/en/clips/louise/common_voice_en_19908538.opus,louise
./data/macroset/en/clips/louise/common_voice_en_19231929.opus,louise
./data/macroset/en/clips/louise/common_voice_en_19953683.opus,louise
./data/macroset/en/clips/louise/common_voice_en_19841045.opus,louise
./data/macroset/en/clips/louise/common_voice_en_20924523.opus,louise
./data/macroset/en/clips/anglican/common_voice_en_22132965.opus,anglican
./data/macroset/en/clips/anglican/common_voice_en_19698547.opus,anglican
./data/macroset/en/clips/anglican/common_voice_en_20323603.opus,anglican
./data/macroset/en/clips/anglican/common_voice_en_20247794.opus,anglican
./data/macroset/en/clips/anglican/common_voice_en_19172816.opus,anglican
./data/macroset/en/clips/emma/common_voice_en_68180.opus,emma
./data/macroset/en/clips/emma/common_voice_en_215899.opus,emma
./data/macroset/en/clips/emma/common_voice_en_602237.opus,emma
./data/macroset/en/clips/emma/common_voice_en_216869.opus,emma
./data/macroset/en/clips/emma/common_voice_en_18515771.opus,emma
./data/macroset/en/clips/pondered/common_voice_en_556816.opus,pondered
./data/macroset/en/clips/pondered/common_voice_en_164784.opus,pondered
./data/macroset/en/clips/pondered/common_voice_en_18090819.opus,pondered
./data/macroset/en/clips/pondered/common_voice_en_570678.opus,pondered
./data/macroset/en/clips/pondered/common_voice_en_490036.opus,pondered
./data/macroset/en/clips/rose/common_voice_en_185893.opus,rose
./data/macroset/en/clips/rose/common_voice_en_627737.opus,rose
./data/macroset/en/clips/rose/common_voice_en_19765010.opus,rose
./data/macroset/en/clips/rose/common_voice_en_597879.opus,rose
./data/macroset/en/clips/rose/common_voice_en_642180.opus,rose
./data/macroset/en/clips/attention/common_voice_en_93040.opus,attention
./data/macroset/en/clips/attention/common_voice_en_42106.opus,attention
./data/macroset/en/clips/attention/common_voice_en_20299589.opus,attention
./data/macroset/en/clips/attention/common_voice_en_630942.opus,attention
./data/macroset/en/clips/attention/common_voice_en_20246888.opus,attention
./data/macroset/en/clips/rotation/common_voice_en_20952353.opus,rotation
./data/macroset/en/clips/rotation/common_voice_en_45130.opus,rotation
./data/macroset/en/clips/rotation/common_voice_en_18960670.opus,rotation
./data/macroset/en/clips/rotation/common_voice_en_688902.opus,rotation
./data/macroset/en/clips/rotation/common_voice_en_20433418.opus,rotation
./data/macroset/en/clips/diagnosed/common_voice_en_20093600.opus,diagnosed
./data/macroset/en/clips/diagnosed/common_voice_en_19783356.opus,diagnosed
./data/macroset/en/clips/diagnosed/common_voice_en_19578823.opus,diagnosed
./data/macroset/en/clips/diagnosed/common_voice_en_19181835.opus,diagnosed
./data/macroset/en/clips/diagnosed/common_voice_en_21080014.opus,diagnosed
./data/macroset/en/clips/predominant/common_voice_en_207283.opus,predominant
./data/macroset/en/clips/predominant/common_voice_en_18869208.opus,predominant
./data/macroset/en/clips/predominant/common_voice_en_20304308.opus,predominant
./data/macroset/en/clips/predominant/common_voice_en_21656846.opus,predominant
./data/macroset/en/clips/predominant/common_voice_en_17876863.opus,predominant
./data/macroset/en/clips/floating/common_voice_en_559083.opus,floating
./data/macroset/en/clips/floating/common_voice_en_19001716.opus,floating
./data/macroset/en/clips/floating/common_voice_en_19320533.opus,floating
./data/macroset/en/clips/floating/common_voice_en_17957990.opus,floating
./data/macroset/en/clips/floating/common_voice_en_17717142.opus,floating
./data/macroset/en/clips/submit/common_voice_en_19861298.opus,submit
./data/macroset/en/clips/submit/common_voice_en_19466735.opus,submit
./data/macroset/en/clips/submit/common_voice_en_60405.opus,submit
./data/macroset/en/clips/submit/common_voice_en_19438958.opus,submit
./data/macroset/en/clips/submit/common_voice_en_18765395.opus,submit
./data/macroset/en/clips/therapy/common_voice_en_19028875.opus,therapy
./data/macroset/en/clips/therapy/common_voice_en_40289.opus,therapy
./data/macroset/en/clips/therapy/common_voice_en_20380268.opus,therapy
./data/macroset/en/clips/therapy/common_voice_en_22029930.opus,therapy
./data/macroset/en/clips/therapy/common_voice_en_19437505.opus,therapy
./data/macroset/en/clips/reduced/common_voice_en_17875104.opus,reduced
./data/macroset/en/clips/reduced/common_voice_en_19438627.opus,reduced
./data/macroset/en/clips/reduced/common_voice_en_19557724.opus,reduced
./data/macroset/en/clips/reduced/common_voice_en_20900360.opus,reduced
./data/macroset/en/clips/reduced/common_voice_en_22225912.opus,reduced
./data/macroset/en/clips/board/common_voice_en_19605976.opus,board
./data/macroset/en/clips/board/common_voice_en_20586630.opus,board
./data/macroset/en/clips/board/common_voice_en_22291473.opus,board
./data/macroset/en/clips/board/common_voice_en_21364667.opus,board
./data/macroset/en/clips/board/common_voice_en_20781251.opus,board
./data/macroset/en/clips/farms/common_voice_en_20103240.opus,farms
./data/macroset/en/clips/farms/common_voice_en_19666167.opus,farms
./data/macroset/en/clips/farms/common_voice_en_20031814.opus,farms
./data/macroset/en/clips/farms/common_voice_en_20304595.opus,farms
./data/macroset/en/clips/farms/common_voice_en_19718600.opus,farms
./data/macroset/en/clips/thames/common_voice_en_18890676.opus,thames
./data/macroset/en/clips/thames/common_voice_en_19097093.opus,thames
./data/macroset/en/clips/thames/common_voice_en_19747279.opus,thames
./data/macroset/en/clips/thames/common_voice_en_20144671.opus,thames
./data/macroset/en/clips/thames/common_voice_en_19688275.opus,thames
./data/macroset/en/clips/conversely/common_voice_en_18829330.opus,conversely
./data/macroset/en/clips/conversely/common_voice_en_18745151.opus,conversely
./data/macroset/en/clips/conversely/common_voice_en_20818660.opus,conversely
./data/macroset/en/clips/conversely/common_voice_en_19962703.opus,conversely
./data/macroset/en/clips/conversely/common_voice_en_19532567.opus,conversely
./data/macroset/en/clips/signing/common_voice_en_20896641.opus,signing
./data/macroset/en/clips/signing/common_voice_en_19428127.opus,signing
./data/macroset/en/clips/signing/common_voice_en_20650714.opus,signing
./data/macroset/en/clips/signing/common_voice_en_22009867.opus,signing
./data/macroset/en/clips/signing/common_voice_en_21656879.opus,signing
./data/macroset/en/clips/skid/common_voice_en_22195490.opus,skid
./data/macroset/en/clips/skid/common_voice_en_18134129.opus,skid
./data/macroset/en/clips/skid/common_voice_en_706923.opus,skid
./data/macroset/en/clips/skid/common_voice_en_428337.opus,skid
./data/macroset/en/clips/skid/common_voice_en_18104743.opus,skid
./data/macroset/en/clips/retreated/common_voice_en_19831938.opus,retreated
./data/macroset/en/clips/retreated/common_voice_en_19867761.opus,retreated
./data/macroset/en/clips/retreated/common_voice_en_19918222.opus,retreated
./data/macroset/en/clips/retreated/common_voice_en_19944160.opus,retreated
./data/macroset/en/clips/retreated/common_voice_en_19673640.opus,retreated
./data/macroset/en/clips/instantly/common_voice_en_19150681.opus,instantly
./data/macroset/en/clips/instantly/common_voice_en_22179626.opus,instantly
./data/macroset/en/clips/instantly/common_voice_en_679041.opus,instantly
./data/macroset/en/clips/instantly/common_voice_en_19900537.opus,instantly
./data/macroset/en/clips/instantly/common_voice_en_21095487.opus,instantly
./data/macroset/en/clips/opinions/common_voice_en_517976.opus,opinions
./data/macroset/en/clips/opinions/common_voice_en_581430.opus,opinions
./data/macroset/en/clips/opinions/common_voice_en_509061.opus,opinions
./data/macroset/en/clips/opinions/common_voice_en_19141880.opus,opinions
./data/macroset/en/clips/opinions/common_voice_en_569979.opus,opinions
./data/macroset/en/clips/batsman/common_voice_en_21312387.opus,batsman
./data/macroset/en/clips/batsman/common_voice_en_20000217.opus,batsman
./data/macroset/en/clips/batsman/common_voice_en_22102096.opus,batsman
./data/macroset/en/clips/batsman/common_voice_en_21705149.opus,batsman
./data/macroset/en/clips/batsman/common_voice_en_22047601.opus,batsman
./data/macroset/en/clips/wealth/common_voice_en_18214894.opus,wealth
./data/macroset/en/clips/wealth/common_voice_en_20818813.opus,wealth
./data/macroset/en/clips/wealth/common_voice_en_45721.opus,wealth
./data/macroset/en/clips/wealth/common_voice_en_548991.opus,wealth
./data/macroset/en/clips/wealth/common_voice_en_554779.opus,wealth
./data/macroset/en/clips/grammar/common_voice_en_668239.opus,grammar
./data/macroset/en/clips/grammar/common_voice_en_493918.opus,grammar
./data/macroset/en/clips/grammar/common_voice_en_21021158.opus,grammar
./data/macroset/en/clips/grammar/common_voice_en_20387075.opus,grammar
./data/macroset/en/clips/grammar/common_voice_en_19468337.opus,grammar
./data/macroset/en/clips/ascertain/common_voice_en_649995.opus,ascertain
./data/macroset/en/clips/ascertain/common_voice_en_480710.opus,ascertain
./data/macroset/en/clips/ascertain/common_voice_en_422558.opus,ascertain
./data/macroset/en/clips/ascertain/common_voice_en_476752.opus,ascertain
./data/macroset/en/clips/ascertain/common_voice_en_565121.opus,ascertain
./data/macroset/en/clips/restores/common_voice_en_18524049.opus,restores
./data/macroset/en/clips/restores/common_voice_en_18139499.opus,restores
./data/macroset/en/clips/restores/common_voice_en_17848397.opus,restores
./data/macroset/en/clips/restores/common_voice_en_19476660.opus,restores
./data/macroset/en/clips/restores/common_voice_en_17832133.opus,restores
./data/macroset/en/clips/liam/common_voice_en_19972676.opus,liam
./data/macroset/en/clips/liam/common_voice_en_1948749.opus,liam
./data/macroset/en/clips/liam/common_voice_en_8750387.opus,liam
./data/macroset/en/clips/liam/common_voice_en_20020886.opus,liam
./data/macroset/en/clips/liam/common_voice_en_17764186.opus,liam
./data/macroset/en/clips/sounded/common_voice_en_565550.opus,sounded
./data/macroset/en/clips/sounded/common_voice_en_183094.opus,sounded
./data/macroset/en/clips/sounded/common_voice_en_94845.opus,sounded
./data/macroset/en/clips/sounded/common_voice_en_612436.opus,sounded
./data/macroset/en/clips/sounded/common_voice_en_36603.opus,sounded
./data/macroset/en/clips/mules/common_voice_en_17371821.opus,mules
./data/macroset/en/clips/mules/common_voice_en_20091007.opus,mules
./data/macroset/en/clips/mules/common_voice_en_18052200.opus,mules
./data/macroset/en/clips/mules/common_voice_en_18766825.opus,mules
./data/macroset/en/clips/mules/common_voice_en_575811.opus,mules
./data/macroset/en/clips/shoelace/common_voice_en_18263692.opus,shoelace
./data/macroset/en/clips/shoelace/common_voice_en_18043712.opus,shoelace
./data/macroset/en/clips/shoelace/common_voice_en_18134168.opus,shoelace
./data/macroset/en/clips/shoelace/common_voice_en_18253484.opus,shoelace
./data/macroset/en/clips/shoelace/common_voice_en_18255867.opus,shoelace
./data/macroset/en/clips/heels/common_voice_en_444811.opus,heels
./data/macroset/en/clips/heels/common_voice_en_211483.opus,heels
./data/macroset/en/clips/heels/common_voice_en_641829.opus,heels
./data/macroset/en/clips/heels/common_voice_en_218171.opus,heels
./data/macroset/en/clips/heels/common_voice_en_170851.opus,heels
./data/macroset/en/clips/cannot/common_voice_en_17527342.opus,cannot
./data/macroset/en/clips/cannot/common_voice_en_517306.opus,cannot
./data/macroset/en/clips/cannot/common_voice_en_18681920.opus,cannot
./data/macroset/en/clips/cannot/common_voice_en_18966912.opus,cannot
./data/macroset/en/clips/cannot/common_voice_en_20829169.opus,cannot
./data/macroset/en/clips/formation/common_voice_en_18942455.opus,formation
./data/macroset/en/clips/formation/common_voice_en_672730.opus,formation
./data/macroset/en/clips/formation/common_voice_en_21681463.opus,formation
./data/macroset/en/clips/formation/common_voice_en_19723993.opus,formation
./data/macroset/en/clips/formation/common_voice_en_21091581.opus,formation
./data/macroset/en/clips/frightening/common_voice_en_621521.opus,frightening
./data/macroset/en/clips/frightening/common_voice_en_687913.opus,frightening
./data/macroset/en/clips/frightening/common_voice_en_502478.opus,frightening
./data/macroset/en/clips/frightening/common_voice_en_206648.opus,frightening
./data/macroset/en/clips/frightening/common_voice_en_20416353.opus,frightening
./data/macroset/en/clips/lullaby/common_voice_en_536992.opus,lullaby
./data/macroset/en/clips/lullaby/common_voice_en_19451771.opus,lullaby
./data/macroset/en/clips/lullaby/common_voice_en_21637023.opus,lullaby
./data/macroset/en/clips/lullaby/common_voice_en_17286339.opus,lullaby
./data/macroset/en/clips/lullaby/common_voice_en_17965681.opus,lullaby
./data/macroset/en/clips/pierre/common_voice_en_20428303.opus,pierre
./data/macroset/en/clips/pierre/common_voice_en_21795924.opus,pierre
./data/macroset/en/clips/pierre/common_voice_en_18510821.opus,pierre
./data/macroset/en/clips/pierre/common_voice_en_18419201.opus,pierre
./data/macroset/en/clips/pierre/common_voice_en_18515739.opus,pierre
./data/macroset/en/clips/lifestyle/common_voice_en_19136816.opus,lifestyle
./data/macroset/en/clips/lifestyle/common_voice_en_20016665.opus,lifestyle
./data/macroset/en/clips/lifestyle/common_voice_en_20807999.opus,lifestyle
./data/macroset/en/clips/lifestyle/common_voice_en_20259747.opus,lifestyle
./data/macroset/en/clips/lifestyle/common_voice_en_21247015.opus,lifestyle
./data/macroset/en/clips/worldwide/common_voice_en_22275604.opus,worldwide
./data/macroset/en/clips/worldwide/common_voice_en_20068859.opus,worldwide
./data/macroset/en/clips/worldwide/common_voice_en_20339755.opus,worldwide
./data/macroset/en/clips/worldwide/common_voice_en_18748865.opus,worldwide
./data/macroset/en/clips/worldwide/common_voice_en_20014863.opus,worldwide
./data/macroset/en/clips/generators/common_voice_en_22149599.opus,generators
./data/macroset/en/clips/generators/common_voice_en_17355247.opus,generators
./data/macroset/en/clips/generators/common_voice_en_17731224.opus,generators
./data/macroset/en/clips/generators/common_voice_en_21185297.opus,generators
./data/macroset/en/clips/generators/common_voice_en_18762090.opus,generators
./data/macroset/en/clips/geoffrey/common_voice_en_19389146.opus,geoffrey
./data/macroset/en/clips/geoffrey/common_voice_en_19908315.opus,geoffrey
./data/macroset/en/clips/geoffrey/common_voice_en_22091893.opus,geoffrey
./data/macroset/en/clips/geoffrey/common_voice_en_20698961.opus,geoffrey
./data/macroset/en/clips/geoffrey/common_voice_en_19474774.opus,geoffrey
./data/macroset/en/clips/hosting/common_voice_en_20225781.opus,hosting
./data/macroset/en/clips/hosting/common_voice_en_21332477.opus,hosting
./data/macroset/en/clips/hosting/common_voice_en_20681585.opus,hosting
./data/macroset/en/clips/hosting/common_voice_en_21330849.opus,hosting
./data/macroset/en/clips/hosting/common_voice_en_19438574.opus,hosting
./data/macroset/en/clips/learning/common_voice_en_618262.opus,learning
./data/macroset/en/clips/learning/common_voice_en_213779.opus,learning
./data/macroset/en/clips/learning/common_voice_en_20049848.opus,learning
./data/macroset/en/clips/learning/common_voice_en_573995.opus,learning
./data/macroset/en/clips/learning/common_voice_en_684639.opus,learning
./data/macroset/en/clips/examiner/common_voice_en_18154412.opus,examiner
./data/macroset/en/clips/examiner/common_voice_en_426099.opus,examiner
./data/macroset/en/clips/examiner/common_voice_en_19319395.opus,examiner
./data/macroset/en/clips/examiner/common_voice_en_647962.opus,examiner
./data/macroset/en/clips/examiner/common_voice_en_17807636.opus,examiner
./data/macroset/en/clips/mexican/common_voice_en_20289362.opus,mexican
./data/macroset/en/clips/mexican/common_voice_en_19050635__2.opus,mexican
./data/macroset/en/clips/mexican/common_voice_en_21317155.opus,mexican
./data/macroset/en/clips/mexican/common_voice_en_19871845.opus,mexican
./data/macroset/en/clips/mexican/common_voice_en_21771752.opus,mexican
./data/macroset/en/clips/productions/common_voice_en_22055200.opus,productions
./data/macroset/en/clips/productions/common_voice_en_19422882.opus,productions
./data/macroset/en/clips/productions/common_voice_en_19286737.opus,productions
./data/macroset/en/clips/productions/common_voice_en_21877806.opus,productions
./data/macroset/en/clips/productions/common_voice_en_20376619.opus,productions
./data/macroset/en/clips/returns/common_voice_en_19340301.opus,returns
./data/macroset/en/clips/returns/common_voice_en_20725235.opus,returns
./data/macroset/en/clips/returns/common_voice_en_19422550.opus,returns
./data/macroset/en/clips/returns/common_voice_en_21701146.opus,returns
./data/macroset/en/clips/returns/common_voice_en_86980.opus,returns
./data/macroset/en/clips/flames/common_voice_en_18860392.opus,flames
./data/macroset/en/clips/flames/common_voice_en_19857215.opus,flames
./data/macroset/en/clips/flames/common_voice_en_18713722.opus,flames
./data/macroset/en/clips/flames/common_voice_en_17718628.opus,flames
./data/macroset/en/clips/flames/common_voice_en_18713704.opus,flames
./data/macroset/en/clips/injuries/common_voice_en_20294941.opus,injuries
./data/macroset/en/clips/injuries/common_voice_en_22118872.opus,injuries
./data/macroset/en/clips/injuries/common_voice_en_20403933.opus,injuries
./data/macroset/en/clips/injuries/common_voice_en_20750478.opus,injuries
./data/macroset/en/clips/injuries/common_voice_en_22005351.opus,injuries
./data/macroset/en/clips/researcher/common_voice_en_21725233.opus,researcher
./data/macroset/en/clips/researcher/common_voice_en_17637470.opus,researcher
./data/macroset/en/clips/researcher/common_voice_en_18734678.opus,researcher
./data/macroset/en/clips/researcher/common_voice_en_20221829.opus,researcher
./data/macroset/en/clips/researcher/common_voice_en_17740862.opus,researcher
./data/macroset/en/clips/thinking/common_voice_en_602658.opus,thinking
./data/macroset/en/clips/thinking/common_voice_en_17396762.opus,thinking
./data/macroset/en/clips/thinking/common_voice_en_17331676.opus,thinking
./data/macroset/en/clips/thinking/common_voice_en_692775.opus,thinking
./data/macroset/en/clips/thinking/common_voice_en_485887.opus,thinking
./data/macroset/en/clips/economically/common_voice_en_21876164.opus,economically
./data/macroset/en/clips/economically/common_voice_en_20306432.opus,economically
./data/macroset/en/clips/economically/common_voice_en_19205752.opus,economically
./data/macroset/en/clips/economically/common_voice_en_20428302.opus,economically
./data/macroset/en/clips/economically/common_voice_en_22467050.opus,economically
./data/macroset/en/clips/neon/common_voice_en_18112528.opus,neon
./data/macroset/en/clips/neon/common_voice_en_17308983.opus,neon
./data/macroset/en/clips/neon/common_voice_en_571434.opus,neon
./data/macroset/en/clips/neon/common_voice_en_17823208.opus,neon
./data/macroset/en/clips/neon/common_voice_en_3546725.opus,neon
./data/macroset/en/clips/caravans/common_voice_en_154015.opus,caravans
./data/macroset/en/clips/caravans/common_voice_en_213374.opus,caravans
./data/macroset/en/clips/caravans/common_voice_en_19311700.opus,caravans
./data/macroset/en/clips/caravans/common_voice_en_166414.opus,caravans
./data/macroset/en/clips/caravans/common_voice_en_75401.opus,caravans
./data/macroset/en/clips/velocity/common_voice_en_20449609.opus,velocity
./data/macroset/en/clips/velocity/common_voice_en_18343872.opus,velocity
./data/macroset/en/clips/velocity/common_voice_en_19668186.opus,velocity
./data/macroset/en/clips/velocity/common_voice_en_19984875__2.opus,velocity
./data/macroset/en/clips/velocity/common_voice_en_20045108.opus,velocity
./data/macroset/en/clips/cosy/common_voice_en_18453801.opus,cosy
./data/macroset/en/clips/cosy/common_voice_en_18459763.opus,cosy
./data/macroset/en/clips/cosy/common_voice_en_219696.opus,cosy
./data/macroset/en/clips/cosy/common_voice_en_390309.opus,cosy
./data/macroset/en/clips/cosy/common_voice_en_22176401.opus,cosy
./data/macroset/en/clips/basket/common_voice_en_597648.opus,basket
./data/macroset/en/clips/basket/common_voice_en_632100.opus,basket
./data/macroset/en/clips/basket/common_voice_en_532563.opus,basket
./data/macroset/en/clips/basket/common_voice_en_479043.opus,basket
./data/macroset/en/clips/basket/common_voice_en_20481547.opus,basket
./data/macroset/en/clips/potatoes/common_voice_en_2679416.opus,potatoes
./data/macroset/en/clips/potatoes/common_voice_en_651407.opus,potatoes
./data/macroset/en/clips/potatoes/common_voice_en_97097.opus,potatoes
./data/macroset/en/clips/potatoes/common_voice_en_17261415.opus,potatoes
./data/macroset/en/clips/potatoes/common_voice_en_78776.opus,potatoes
./data/macroset/en/clips/ambition/common_voice_en_18496794.opus,ambition
./data/macroset/en/clips/ambition/common_voice_en_22103263.opus,ambition
./data/macroset/en/clips/ambition/common_voice_en_22092577.opus,ambition
./data/macroset/en/clips/ambition/common_voice_en_19848066.opus,ambition
./data/macroset/en/clips/ambition/common_voice_en_19747916.opus,ambition
./data/macroset/en/clips/backpack/common_voice_en_491793.opus,backpack
./data/macroset/en/clips/backpack/common_voice_en_492086.opus,backpack
./data/macroset/en/clips/backpack/common_voice_en_21448969.opus,backpack
./data/macroset/en/clips/backpack/common_voice_en_87514.opus,backpack
./data/macroset/en/clips/backpack/common_voice_en_501484.opus,backpack
./data/macroset/en/clips/flour/common_voice_en_17879902.opus,flour
./data/macroset/en/clips/flour/common_voice_en_495002.opus,flour
./data/macroset/en/clips/flour/common_voice_en_547621.opus,flour
./data/macroset/en/clips/flour/common_voice_en_17271467.opus,flour
./data/macroset/en/clips/flour/common_voice_en_17269842.opus,flour
./data/macroset/en/clips/sighed/common_voice_en_649521.opus,sighed
./data/macroset/en/clips/sighed/common_voice_en_18262143.opus,sighed
./data/macroset/en/clips/sighed/common_voice_en_32743.opus,sighed
./data/macroset/en/clips/sighed/common_voice_en_27102.opus,sighed
./data/macroset/en/clips/sighed/common_voice_en_18355943.opus,sighed
./data/macroset/en/clips/cyclists/common_voice_en_541716.opus,cyclists
./data/macroset/en/clips/cyclists/common_voice_en_568751.opus,cyclists
./data/macroset/en/clips/cyclists/common_voice_en_65627.opus,cyclists
./data/macroset/en/clips/cyclists/common_voice_en_33477.opus,cyclists
./data/macroset/en/clips/cyclists/common_voice_en_659628.opus,cyclists
./data/macroset/en/clips/dashed/common_voice_en_18652405.opus,dashed
./data/macroset/en/clips/dashed/common_voice_en_19794733.opus,dashed
./data/macroset/en/clips/dashed/common_voice_en_18644125.opus,dashed
./data/macroset/en/clips/dashed/common_voice_en_18491873.opus,dashed
./data/macroset/en/clips/dashed/common_voice_en_18415961.opus,dashed
./data/macroset/en/clips/baby/common_voice_en_98193.opus,baby
./data/macroset/en/clips/baby/common_voice_en_655454.opus,baby
./data/macroset/en/clips/baby/common_voice_en_51201.opus,baby
./data/macroset/en/clips/baby/common_voice_en_89276.opus,baby
./data/macroset/en/clips/baby/common_voice_en_19454132.opus,baby
./data/macroset/en/clips/welcomed/common_voice_en_58394.opus,welcomed
./data/macroset/en/clips/welcomed/common_voice_en_586784.opus,welcomed
./data/macroset/en/clips/welcomed/common_voice_en_19583207.opus,welcomed
./data/macroset/en/clips/welcomed/common_voice_en_642785.opus,welcomed
./data/macroset/en/clips/welcomed/common_voice_en_500829.opus,welcomed
./data/macroset/en/clips/commerce/common_voice_en_19855149.opus,commerce
./data/macroset/en/clips/commerce/common_voice_en_19024705.opus,commerce
./data/macroset/en/clips/commerce/common_voice_en_18880328.opus,commerce
./data/macroset/en/clips/commerce/common_voice_en_20418181.opus,commerce
./data/macroset/en/clips/commerce/common_voice_en_19982673.opus,commerce
./data/macroset/en/clips/dangles/common_voice_en_17860709.opus,dangles
./data/macroset/en/clips/dangles/common_voice_en_17777401.opus,dangles
./data/macroset/en/clips/dangles/common_voice_en_17281894.opus,dangles
./data/macroset/en/clips/dangles/common_voice_en_17381088.opus,dangles
./data/macroset/en/clips/dangles/common_voice_en_18124101.opus,dangles
./data/macroset/en/clips/species/common_voice_en_21186410.opus,species
./data/macroset/en/clips/species/common_voice_en_19764556.opus,species
./data/macroset/en/clips/species/common_voice_en_20126671.opus,species
./data/macroset/en/clips/species/common_voice_en_20976606.opus,species
./data/macroset/en/clips/species/common_voice_en_18788872.opus,species
./data/macroset/en/clips/nordic/common_voice_en_20590457.opus,nordic
./data/macroset/en/clips/nordic/common_voice_en_19650297.opus,nordic
./data/macroset/en/clips/nordic/common_voice_en_21852518.opus,nordic
./data/macroset/en/clips/nordic/common_voice_en_18816917.opus,nordic
./data/macroset/en/clips/nordic/common_voice_en_20883071.opus,nordic
./data/macroset/en/clips/locomotives/common_voice_en_21887818.opus,locomotives
./data/macroset/en/clips/locomotives/common_voice_en_21437329.opus,locomotives
./data/macroset/en/clips/locomotives/common_voice_en_19943977.opus,locomotives
./data/macroset/en/clips/locomotives/common_voice_en_19674585.opus,locomotives
./data/macroset/en/clips/locomotives/common_voice_en_18752304.opus,locomotives
./data/macroset/en/clips/asking/common_voice_en_683225.opus,asking
./data/macroset/en/clips/asking/common_voice_en_86941.opus,asking
./data/macroset/en/clips/asking/common_voice_en_197290.opus,asking
./data/macroset/en/clips/asking/common_voice_en_19022742.opus,asking
./data/macroset/en/clips/asking/common_voice_en_18989774.opus,asking
./data/macroset/en/clips/added/common_voice_en_20105540.opus,added
./data/macroset/en/clips/added/common_voice_en_19247957.opus,added
./data/macroset/en/clips/added/common_voice_en_20696866.opus,added
./data/macroset/en/clips/added/common_voice_en_18326422.opus,added
./data/macroset/en/clips/added/common_voice_en_19524940.opus,added
./data/macroset/en/clips/faintly/common_voice_en_619003.opus,faintly
./data/macroset/en/clips/faintly/common_voice_en_49648.opus,faintly
./data/macroset/en/clips/faintly/common_voice_en_498258.opus,faintly
./data/macroset/en/clips/faintly/common_voice_en_613934.opus,faintly
./data/macroset/en/clips/faintly/common_voice_en_209413.opus,faintly
./data/macroset/en/clips/grew/common_voice_en_18800249.opus,grew
./data/macroset/en/clips/grew/common_voice_en_18760713.opus,grew
./data/macroset/en/clips/grew/common_voice_en_19762469.opus,grew
./data/macroset/en/clips/grew/common_voice_en_19664863.opus,grew
./data/macroset/en/clips/grew/common_voice_en_19725152.opus,grew
./data/macroset/en/clips/haunt/common_voice_en_18657085.opus,haunt
./data/macroset/en/clips/haunt/common_voice_en_18134929.opus,haunt
./data/macroset/en/clips/haunt/common_voice_en_18729485.opus,haunt
./data/macroset/en/clips/haunt/common_voice_en_18939168.opus,haunt
./data/macroset/en/clips/haunt/common_voice_en_17776739.opus,haunt
./data/macroset/en/clips/ferret/common_voice_en_631529.opus,ferret
./data/macroset/en/clips/ferret/common_voice_en_663600.opus,ferret
./data/macroset/en/clips/ferret/common_voice_en_19777562.opus,ferret
./data/macroset/en/clips/ferret/common_voice_en_194677.opus,ferret
./data/macroset/en/clips/ferret/common_voice_en_632086.opus,ferret
./data/macroset/en/clips/remembered/common_voice_en_630587.opus,remembered
./data/macroset/en/clips/remembered/common_voice_en_19546645.opus,remembered
./data/macroset/en/clips/remembered/common_voice_en_21705221.opus,remembered
./data/macroset/en/clips/remembered/common_voice_en_581438.opus,remembered
./data/macroset/en/clips/remembered/common_voice_en_20081082.opus,remembered
./data/macroset/en/clips/none/common_voice_en_554671.opus,none
./data/macroset/en/clips/none/common_voice_en_19091990.opus,none
./data/macroset/en/clips/none/common_voice_en_17843577.opus,none
./data/macroset/en/clips/none/common_voice_en_600936.opus,none
./data/macroset/en/clips/none/common_voice_en_576156.opus,none
./data/macroset/en/clips/exhaust/common_voice_en_17358026.opus,exhaust
./data/macroset/en/clips/exhaust/common_voice_en_20234878.opus,exhaust
./data/macroset/en/clips/exhaust/common_voice_en_18747103.opus,exhaust
./data/macroset/en/clips/exhaust/common_voice_en_17863414.opus,exhaust
./data/macroset/en/clips/exhaust/common_voice_en_21331415.opus,exhaust
./data/macroset/en/clips/appeared/common_voice_en_205541.opus,appeared
./data/macroset/en/clips/appeared/common_voice_en_20905611.opus,appeared
./data/macroset/en/clips/appeared/common_voice_en_20276412.opus,appeared
./data/macroset/en/clips/appeared/common_voice_en_53875.opus,appeared
./data/macroset/en/clips/appeared/common_voice_en_647254.opus,appeared
./data/macroset/en/clips/compared/common_voice_en_18826478.opus,compared
./data/macroset/en/clips/compared/common_voice_en_22396075.opus,compared
./data/macroset/en/clips/compared/common_voice_en_21787962.opus,compared
./data/macroset/en/clips/compared/common_voice_en_19972807.opus,compared
./data/macroset/en/clips/compared/common_voice_en_607941.opus,compared
./data/macroset/en/clips/caramel/common_voice_en_18079285.opus,caramel
./data/macroset/en/clips/caramel/common_voice_en_18142840.opus,caramel
./data/macroset/en/clips/caramel/common_voice_en_564618.opus,caramel
./data/macroset/en/clips/caramel/common_voice_en_640156.opus,caramel
./data/macroset/en/clips/caramel/common_voice_en_442073.opus,caramel
./data/macroset/en/clips/palm/common_voice_en_680822.opus,palm
./data/macroset/en/clips/palm/common_voice_en_20782047.opus,palm
./data/macroset/en/clips/palm/common_voice_en_656698.opus,palm
./data/macroset/en/clips/palm/common_voice_en_510379.opus,palm
./data/macroset/en/clips/palm/common_voice_en_20469660.opus,palm
./data/macroset/en/clips/bankruptcy/common_voice_en_655123.opus,bankruptcy
./data/macroset/en/clips/bankruptcy/common_voice_en_19613143.opus,bankruptcy
./data/macroset/en/clips/bankruptcy/common_voice_en_17956856.opus,bankruptcy
./data/macroset/en/clips/bankruptcy/common_voice_en_22329992.opus,bankruptcy
./data/macroset/en/clips/bankruptcy/common_voice_en_636529.opus,bankruptcy
./data/macroset/en/clips/moist/common_voice_en_646116.opus,moist
./data/macroset/en/clips/moist/common_voice_en_21681237.opus,moist
./data/macroset/en/clips/moist/common_voice_en_656197.opus,moist
./data/macroset/en/clips/moist/common_voice_en_47981.opus,moist
./data/macroset/en/clips/moist/common_voice_en_683526.opus,moist
./data/macroset/en/clips/bleak/common_voice_en_18125282.opus,bleak
./data/macroset/en/clips/bleak/common_voice_en_17889331.opus,bleak
./data/macroset/en/clips/bleak/common_voice_en_18122372.opus,bleak
./data/macroset/en/clips/bleak/common_voice_en_19668136.opus,bleak
./data/macroset/en/clips/bleak/common_voice_en_17585867.opus,bleak
./data/macroset/en/clips/moisturising/common_voice_en_187193.opus,moisturising
./data/macroset/en/clips/moisturising/common_voice_en_597216.opus,moisturising
./data/macroset/en/clips/moisturising/common_voice_en_178877.opus,moisturising
./data/macroset/en/clips/moisturising/common_voice_en_640974.opus,moisturising
./data/macroset/en/clips/moisturising/common_voice_en_591401.opus,moisturising
./data/macroset/en/clips/driving/common_voice_en_8362.opus,driving
./data/macroset/en/clips/driving/common_voice_en_18487962.opus,driving
./data/macroset/en/clips/driving/common_voice_en_18132312.opus,driving
./data/macroset/en/clips/driving/common_voice_en_18608693.opus,driving
./data/macroset/en/clips/driving/common_voice_en_527120.opus,driving
./data/macroset/en/clips/kangaroo/common_voice_en_20995966.opus,kangaroo
./data/macroset/en/clips/kangaroo/common_voice_en_20816444.opus,kangaroo
./data/macroset/en/clips/kangaroo/common_voice_en_20828850.opus,kangaroo
./data/macroset/en/clips/kangaroo/common_voice_en_375587.opus,kangaroo
./data/macroset/en/clips/kangaroo/common_voice_en_21367642.opus,kangaroo
./data/macroset/en/clips/ugly/common_voice_en_17910323.opus,ugly
./data/macroset/en/clips/ugly/common_voice_en_18010486.opus,ugly
./data/macroset/en/clips/ugly/common_voice_en_216480.opus,ugly
./data/macroset/en/clips/ugly/common_voice_en_612685.opus,ugly
./data/macroset/en/clips/ugly/common_voice_en_461000.opus,ugly
./data/macroset/en/clips/implementation/common_voice_en_18884402.opus,implementation
./data/macroset/en/clips/implementation/common_voice_en_20331714.opus,implementation
./data/macroset/en/clips/implementation/common_voice_en_18978740.opus,implementation
./data/macroset/en/clips/implementation/common_voice_en_479663.opus,implementation
./data/macroset/en/clips/implementation/common_voice_en_22151028.opus,implementation
./data/macroset/en/clips/patrick/common_voice_en_19649115.opus,patrick
./data/macroset/en/clips/patrick/common_voice_en_20715470.opus,patrick
./data/macroset/en/clips/patrick/common_voice_en_19876761.opus,patrick
./data/macroset/en/clips/patrick/common_voice_en_20296135.opus,patrick
./data/macroset/en/clips/patrick/common_voice_en_20732148.opus,patrick
./data/macroset/en/clips/accepts/common_voice_en_19635593.opus,accepts
./data/macroset/en/clips/accepts/common_voice_en_19637856.opus,accepts
./data/macroset/en/clips/accepts/common_voice_en_20051941.opus,accepts
./data/macroset/en/clips/accepts/common_voice_en_19972581.opus,accepts
./data/macroset/en/clips/accepts/common_voice_en_22181214.opus,accepts
./data/macroset/en/clips/bursting/common_voice_en_650106.opus,bursting
./data/macroset/en/clips/bursting/common_voice_en_655090.opus,bursting
./data/macroset/en/clips/bursting/common_voice_en_678658.opus,bursting
./data/macroset/en/clips/bursting/common_voice_en_680925.opus,bursting
./data/macroset/en/clips/bursting/common_voice_en_21307470.opus,bursting
./data/macroset/en/clips/north/common_voice_en_19759896.opus,north
./data/macroset/en/clips/north/common_voice_en_20114458.opus,north
./data/macroset/en/clips/north/common_voice_en_20860033.opus,north
./data/macroset/en/clips/north/common_voice_en_21384566.opus,north
./data/macroset/en/clips/north/common_voice_en_20031403.opus,north
./data/macroset/en/clips/janitor/common_voice_en_497339.opus,janitor
./data/macroset/en/clips/janitor/common_voice_en_661581.opus,janitor
./data/macroset/en/clips/janitor/common_voice_en_17388906.opus,janitor
./data/macroset/en/clips/janitor/common_voice_en_17354957.opus,janitor
./data/macroset/en/clips/janitor/common_voice_en_17278338.opus,janitor
./data/macroset/en/clips/pre/common_voice_en_19686889.opus,pre
./data/macroset/en/clips/pre/common_voice_en_22413732.opus,pre
./data/macroset/en/clips/pre/common_voice_en_20374585.opus,pre
./data/macroset/en/clips/pre/common_voice_en_20410410.opus,pre
./data/macroset/en/clips/pre/common_voice_en_20304333.opus,pre
./data/macroset/en/clips/nickelodeon/common_voice_en_17409245.opus,nickelodeon
./data/macroset/en/clips/nickelodeon/common_voice_en_20024980.opus,nickelodeon
./data/macroset/en/clips/nickelodeon/common_voice_en_21549106.opus,nickelodeon
./data/macroset/en/clips/nickelodeon/common_voice_en_17358448.opus,nickelodeon
./data/macroset/en/clips/nickelodeon/common_voice_en_17298193.opus,nickelodeon
./data/macroset/en/clips/shopkeeper/common_voice_en_47370.opus,shopkeeper
./data/macroset/en/clips/shopkeeper/common_voice_en_556181.opus,shopkeeper
./data/macroset/en/clips/shopkeeper/common_voice_en_520459.opus,shopkeeper
./data/macroset/en/clips/shopkeeper/common_voice_en_611226.opus,shopkeeper
./data/macroset/en/clips/shopkeeper/common_voice_en_205113.opus,shopkeeper
./data/macroset/en/clips/shade/common_voice_en_573822.opus,shade
./data/macroset/en/clips/shade/common_voice_en_695758.opus,shade
./data/macroset/en/clips/shade/common_voice_en_582439.opus,shade
./data/macroset/en/clips/shade/common_voice_en_20351748.opus,shade
./data/macroset/en/clips/shade/common_voice_en_19982191.opus,shade
./data/macroset/en/clips/aid/common_voice_en_19022318.opus,aid
./data/macroset/en/clips/aid/common_voice_en_20448327.opus,aid
./data/macroset/en/clips/aid/common_voice_en_19623720.opus,aid
./data/macroset/en/clips/aid/common_voice_en_19827314.opus,aid
./data/macroset/en/clips/aid/common_voice_en_22340431.opus,aid
./data/macroset/en/clips/checks/common_voice_en_20002822.opus,checks
./data/macroset/en/clips/checks/common_voice_en_156421.opus,checks
./data/macroset/en/clips/checks/common_voice_en_486281.opus,checks
./data/macroset/en/clips/checks/common_voice_en_19843866.opus,checks
./data/macroset/en/clips/checks/common_voice_en_595024.opus,checks
./data/macroset/en/clips/secret/common_voice_en_617884.opus,secret
./data/macroset/en/clips/secret/common_voice_en_21457.opus,secret
./data/macroset/en/clips/secret/common_voice_en_525288.opus,secret
./data/macroset/en/clips/secret/common_voice_en_33318.opus,secret
./data/macroset/en/clips/secret/common_voice_en_19246432.opus,secret
./data/macroset/en/clips/hurts/common_voice_en_15733372.opus,hurts
./data/macroset/en/clips/hurts/common_voice_en_415842.opus,hurts
./data/macroset/en/clips/hurts/common_voice_en_18164417__2.opus,hurts
./data/macroset/en/clips/hurts/common_voice_en_500259.opus,hurts
./data/macroset/en/clips/hurts/common_voice_en_17288511.opus,hurts
./data/macroset/en/clips/berlin/common_voice_en_19637047.opus,berlin
./data/macroset/en/clips/berlin/common_voice_en_19839364.opus,berlin
./data/macroset/en/clips/berlin/common_voice_en_19665416.opus,berlin
./data/macroset/en/clips/berlin/common_voice_en_21328772.opus,berlin
./data/macroset/en/clips/berlin/common_voice_en_20776528.opus,berlin
./data/macroset/en/clips/commission/common_voice_en_20301975.opus,commission
./data/macroset/en/clips/commission/common_voice_en_18725897.opus,commission
./data/macroset/en/clips/commission/common_voice_en_19745474.opus,commission
./data/macroset/en/clips/commission/common_voice_en_21469254.opus,commission
./data/macroset/en/clips/commission/common_voice_en_22260458.opus,commission
./data/macroset/en/clips/attacking/common_voice_en_113938.opus,attacking
./data/macroset/en/clips/attacking/common_voice_en_586712.opus,attacking
./data/macroset/en/clips/attacking/common_voice_en_678380.opus,attacking
./data/macroset/en/clips/attacking/common_voice_en_22440842.opus,attacking
./data/macroset/en/clips/attacking/common_voice_en_638264.opus,attacking
./data/macroset/en/clips/fuck/common_voice_en_17392254.opus,fuck
./data/macroset/en/clips/fuck/common_voice_en_17408288.opus,fuck
./data/macroset/en/clips/fuck/common_voice_en_17270409.opus,fuck
./data/macroset/en/clips/fuck/common_voice_en_17275744.opus,fuck
./data/macroset/en/clips/fuck/common_voice_en_692228.opus,fuck
./data/macroset/en/clips/coal/common_voice_en_19010896.opus,coal
./data/macroset/en/clips/coal/common_voice_en_21573310.opus,coal
./data/macroset/en/clips/coal/common_voice_en_21224525.opus,coal
./data/macroset/en/clips/coal/common_voice_en_20064026.opus,coal
./data/macroset/en/clips/coal/common_voice_en_485039.opus,coal
./data/macroset/en/clips/distracted/common_voice_en_21936113.opus,distracted
./data/macroset/en/clips/distracted/common_voice_en_44670.opus,distracted
./data/macroset/en/clips/distracted/common_voice_en_532226.opus,distracted
./data/macroset/en/clips/distracted/common_voice_en_23164.opus,distracted
./data/macroset/en/clips/distracted/common_voice_en_608404.opus,distracted
./data/macroset/en/clips/rulers/common_voice_en_19983886.opus,rulers
./data/macroset/en/clips/rulers/common_voice_en_17743284.opus,rulers
./data/macroset/en/clips/rulers/common_voice_en_20442096.opus,rulers
./data/macroset/en/clips/rulers/common_voice_en_19259729.opus,rulers
./data/macroset/en/clips/rulers/common_voice_en_20670249.opus,rulers
./data/macroset/en/clips/someone/common_voice_en_552.opus,someone
./data/macroset/en/clips/someone/common_voice_en_566342.opus,someone
./data/macroset/en/clips/someone/common_voice_en_18492954.opus,someone
./data/macroset/en/clips/someone/common_voice_en_573990.opus,someone
./data/macroset/en/clips/someone/common_voice_en_512520.opus,someone
./data/macroset/en/clips/blues/common_voice_en_20848855.opus,blues
./data/macroset/en/clips/blues/common_voice_en_21246963.opus,blues
./data/macroset/en/clips/blues/common_voice_en_199168.opus,blues
./data/macroset/en/clips/blues/common_voice_en_19137644.opus,blues
./data/macroset/en/clips/blues/common_voice_en_19204704.opus,blues
./data/macroset/en/clips/architecture/common_voice_en_19739733.opus,architecture
./data/macroset/en/clips/architecture/common_voice_en_18697720.opus,architecture
./data/macroset/en/clips/architecture/common_voice_en_19597194.opus,architecture
./data/macroset/en/clips/architecture/common_voice_en_20150743.opus,architecture
./data/macroset/en/clips/architecture/common_voice_en_20633272.opus,architecture
./data/macroset/en/clips/generating/common_voice_en_18852029.opus,generating
./data/macroset/en/clips/generating/common_voice_en_19612320.opus,generating
./data/macroset/en/clips/generating/common_voice_en_22179644.opus,generating
./data/macroset/en/clips/generating/common_voice_en_19747482.opus,generating
./data/macroset/en/clips/generating/common_voice_en_20492347.opus,generating
./data/macroset/en/clips/schools/common_voice_en_22177809.opus,schools
./data/macroset/en/clips/schools/common_voice_en_19544963.opus,schools
./data/macroset/en/clips/schools/common_voice_en_21342911.opus,schools
./data/macroset/en/clips/schools/common_voice_en_20309288.opus,schools
./data/macroset/en/clips/schools/common_voice_en_20218887.opus,schools
./data/macroset/en/clips/integer/common_voice_en_18819634.opus,integer
./data/macroset/en/clips/integer/common_voice_en_20091696.opus,integer
./data/macroset/en/clips/integer/common_voice_en_21553085.opus,integer
./data/macroset/en/clips/integer/common_voice_en_20110299.opus,integer
./data/macroset/en/clips/integer/common_voice_en_18713647.opus,integer
./data/macroset/en/clips/absorption/common_voice_en_19102908.opus,absorption
./data/macroset/en/clips/absorption/common_voice_en_20454033.opus,absorption
./data/macroset/en/clips/absorption/common_voice_en_17796192.opus,absorption
./data/macroset/en/clips/absorption/common_voice_en_18144820.opus,absorption
./data/macroset/en/clips/absorption/common_voice_en_19765252.opus,absorption
./data/macroset/en/clips/boarding/common_voice_en_21383176.opus,boarding
./data/macroset/en/clips/boarding/common_voice_en_22305005.opus,boarding
./data/macroset/en/clips/boarding/common_voice_en_21367676.opus,boarding
./data/macroset/en/clips/boarding/common_voice_en_22385660.opus,boarding
./data/macroset/en/clips/boarding/common_voice_en_21505438.opus,boarding
./data/macroset/en/clips/flower/common_voice_en_609846.opus,flower
./data/macroset/en/clips/flower/common_voice_en_18446753.opus,flower
./data/macroset/en/clips/flower/common_voice_en_20383334.opus,flower
./data/macroset/en/clips/flower/common_voice_en_20167999.opus,flower
./data/macroset/en/clips/flower/common_voice_en_164497.opus,flower
./data/macroset/en/clips/sorcerers/common_voice_en_19491.opus,sorcerers
./data/macroset/en/clips/sorcerers/common_voice_en_641507.opus,sorcerers
./data/macroset/en/clips/sorcerers/common_voice_en_608813.opus,sorcerers
./data/macroset/en/clips/sorcerers/common_voice_en_216315.opus,sorcerers
./data/macroset/en/clips/sorcerers/common_voice_en_569444.opus,sorcerers
./data/macroset/en/clips/hunter/common_voice_en_20661185.opus,hunter
./data/macroset/en/clips/hunter/common_voice_en_21571695.opus,hunter
./data/macroset/en/clips/hunter/common_voice_en_641777.opus,hunter
./data/macroset/en/clips/hunter/common_voice_en_19061093.opus,hunter
./data/macroset/en/clips/hunter/common_voice_en_19871007.opus,hunter
./data/macroset/en/clips/turbine/common_voice_en_17412768.opus,turbine
./data/macroset/en/clips/turbine/common_voice_en_17264668.opus,turbine
./data/macroset/en/clips/turbine/common_voice_en_17356541.opus,turbine
./data/macroset/en/clips/turbine/common_voice_en_19487297.opus,turbine
./data/macroset/en/clips/turbine/common_voice_en_20785966.opus,turbine
./data/macroset/en/clips/impression/common_voice_en_79114.opus,impression
./data/macroset/en/clips/impression/common_voice_en_22398445.opus,impression
./data/macroset/en/clips/impression/common_voice_en_19805692.opus,impression
./data/macroset/en/clips/impression/common_voice_en_551058.opus,impression
./data/macroset/en/clips/impression/common_voice_en_612954.opus,impression
./data/macroset/en/clips/tribes/common_voice_en_20169535.opus,tribes
./data/macroset/en/clips/tribes/common_voice_en_55838.opus,tribes
./data/macroset/en/clips/tribes/common_voice_en_20436650.opus,tribes
./data/macroset/en/clips/tribes/common_voice_en_579849.opus,tribes
./data/macroset/en/clips/tribes/common_voice_en_587639.opus,tribes
./data/macroset/en/clips/hungry/common_voice_en_17329017.opus,hungry
./data/macroset/en/clips/hungry/common_voice_en_29041.opus,hungry
./data/macroset/en/clips/hungry/common_voice_en_17407036.opus,hungry
./data/macroset/en/clips/hungry/common_voice_en_30379.opus,hungry
./data/macroset/en/clips/hungry/common_voice_en_478698.opus,hungry
./data/macroset/en/clips/elevation/common_voice_en_19673042.opus,elevation
./data/macroset/en/clips/elevation/common_voice_en_20065831__2.opus,elevation
./data/macroset/en/clips/elevation/common_voice_en_21061982.opus,elevation
./data/macroset/en/clips/elevation/common_voice_en_20050058.opus,elevation
./data/macroset/en/clips/elevation/common_voice_en_19417546.opus,elevation
./data/macroset/en/clips/fiber/common_voice_en_21511032.opus,fiber
./data/macroset/en/clips/fiber/common_voice_en_21351869.opus,fiber
./data/macroset/en/clips/fiber/common_voice_en_20748852.opus,fiber
./data/macroset/en/clips/fiber/common_voice_en_22463933.opus,fiber
./data/macroset/en/clips/fiber/common_voice_en_19945817.opus,fiber
./data/macroset/en/clips/andalusia/common_voice_en_675245.opus,andalusia
./data/macroset/en/clips/andalusia/common_voice_en_518055.opus,andalusia
./data/macroset/en/clips/andalusia/common_voice_en_689378.opus,andalusia
./data/macroset/en/clips/andalusia/common_voice_en_32610.opus,andalusia
./data/macroset/en/clips/andalusia/common_voice_en_19674361.opus,andalusia
./data/macroset/en/clips/happier/common_voice_en_27031.opus,happier
./data/macroset/en/clips/happier/common_voice_en_19246465.opus,happier
./data/macroset/en/clips/happier/common_voice_en_639424.opus,happier
./data/macroset/en/clips/happier/common_voice_en_487835.opus,happier
./data/macroset/en/clips/happier/common_voice_en_582688.opus,happier
./data/macroset/en/clips/skill/common_voice_en_18348515.opus,skill
./data/macroset/en/clips/skill/common_voice_en_21396975.opus,skill
./data/macroset/en/clips/skill/common_voice_en_682465.opus,skill
./data/macroset/en/clips/skill/common_voice_en_18479271.opus,skill
./data/macroset/en/clips/skill/common_voice_en_18836981.opus,skill
./data/macroset/en/clips/capella/common_voice_en_17285826.opus,capella
./data/macroset/en/clips/capella/common_voice_en_477291.opus,capella
./data/macroset/en/clips/capella/common_voice_en_17280668.opus,capella
./data/macroset/en/clips/capella/common_voice_en_617821.opus,capella
./data/macroset/en/clips/capella/common_voice_en_1344841.opus,capella
./data/macroset/en/clips/desk/common_voice_en_606696.opus,desk
./data/macroset/en/clips/desk/common_voice_en_537014.opus,desk
./data/macroset/en/clips/desk/common_voice_en_163325.opus,desk
./data/macroset/en/clips/desk/common_voice_en_370802.opus,desk
./data/macroset/en/clips/desk/common_voice_en_544426.opus,desk
./data/macroset/en/clips/flights/common_voice_en_19179720.opus,flights
./data/macroset/en/clips/flights/common_voice_en_18740181.opus,flights
./data/macroset/en/clips/flights/common_voice_en_19515540.opus,flights
./data/macroset/en/clips/flights/common_voice_en_22355894.opus,flights
./data/macroset/en/clips/flights/common_voice_en_22225725.opus,flights
./data/macroset/en/clips/explorers/common_voice_en_18839209.opus,explorers
./data/macroset/en/clips/explorers/common_voice_en_69711.opus,explorers
./data/macroset/en/clips/explorers/common_voice_en_21100903.opus,explorers
./data/macroset/en/clips/explorers/common_voice_en_478908.opus,explorers
./data/macroset/en/clips/explorers/common_voice_en_502373.opus,explorers
./data/macroset/en/clips/curtain/common_voice_en_692797.opus,curtain
./data/macroset/en/clips/curtain/common_voice_en_18740465.opus,curtain
./data/macroset/en/clips/curtain/common_voice_en_648102.opus,curtain
./data/macroset/en/clips/curtain/common_voice_en_19813575.opus,curtain
./data/macroset/en/clips/curtain/common_voice_en_17864945.opus,curtain
./data/macroset/en/clips/unequal/common_voice_en_696303.opus,unequal
./data/macroset/en/clips/unequal/common_voice_en_16908.opus,unequal
./data/macroset/en/clips/unequal/common_voice_en_618435.opus,unequal
./data/macroset/en/clips/unequal/common_voice_en_694997.opus,unequal
./data/macroset/en/clips/unequal/common_voice_en_504737.opus,unequal
./data/macroset/en/clips/won’t/common_voice_en_662525.opus,won’t
./data/macroset/en/clips/won’t/common_voice_en_20048432.opus,won’t
./data/macroset/en/clips/won’t/common_voice_en_50168.opus,won’t
./data/macroset/en/clips/won’t/common_voice_en_622417.opus,won’t
./data/macroset/en/clips/won’t/common_voice_en_11989.opus,won’t
./data/macroset/en/clips/singing/common_voice_en_21828562.opus,singing
./data/macroset/en/clips/singing/common_voice_en_18316674.opus,singing
./data/macroset/en/clips/singing/common_voice_en_538189.opus,singing
./data/macroset/en/clips/singing/common_voice_en_485456.opus,singing
./data/macroset/en/clips/singing/common_voice_en_18332.opus,singing
./data/macroset/en/clips/promoting/common_voice_en_20217685.opus,promoting
./data/macroset/en/clips/promoting/common_voice_en_20398354.opus,promoting
./data/macroset/en/clips/promoting/common_voice_en_18844074.opus,promoting
./data/macroset/en/clips/promoting/common_voice_en_19200810.opus,promoting
./data/macroset/en/clips/promoting/common_voice_en_19612517.opus,promoting
./data/macroset/en/clips/lectures/common_voice_en_22176400.opus,lectures
./data/macroset/en/clips/lectures/common_voice_en_19267883.opus,lectures
./data/macroset/en/clips/lectures/common_voice_en_21554527.opus,lectures
./data/macroset/en/clips/lectures/common_voice_en_20792893.opus,lectures
./data/macroset/en/clips/lectures/common_voice_en_21915658__2.opus,lectures
./data/macroset/en/clips/barely/common_voice_en_604161.opus,barely
./data/macroset/en/clips/barely/common_voice_en_21333118.opus,barely
./data/macroset/en/clips/barely/common_voice_en_18355999.opus,barely
./data/macroset/en/clips/barely/common_voice_en_191941.opus,barely
./data/macroset/en/clips/barely/common_voice_en_657926.opus,barely
./data/macroset/en/clips/kangaroos/common_voice_en_18338754.opus,kangaroos
./data/macroset/en/clips/kangaroos/common_voice_en_17993581.opus,kangaroos
./data/macroset/en/clips/kangaroos/common_voice_en_17280786.opus,kangaroos
./data/macroset/en/clips/kangaroos/common_voice_en_17384245.opus,kangaroos
./data/macroset/en/clips/kangaroos/common_voice_en_20305408.opus,kangaroos
./data/macroset/en/clips/intervals/common_voice_en_21523018.opus,intervals
./data/macroset/en/clips/intervals/common_voice_en_20969876.opus,intervals
./data/macroset/en/clips/intervals/common_voice_en_19345423.opus,intervals
./data/macroset/en/clips/intervals/common_voice_en_20562679.opus,intervals
./data/macroset/en/clips/intervals/common_voice_en_19476598.opus,intervals
./data/macroset/en/clips/custard/common_voice_en_92130.opus,custard
./data/macroset/en/clips/custard/common_voice_en_18070345.opus,custard
./data/macroset/en/clips/custard/common_voice_en_18066500.opus,custard
./data/macroset/en/clips/custard/common_voice_en_19734226.opus,custard
./data/macroset/en/clips/custard/common_voice_en_17279630.opus,custard
./data/macroset/en/clips/less/common_voice_en_19751261.opus,less
./data/macroset/en/clips/less/common_voice_en_208182.opus,less
./data/macroset/en/clips/less/common_voice_en_26170.opus,less
./data/macroset/en/clips/less/common_voice_en_213467.opus,less
./data/macroset/en/clips/less/common_voice_en_19533804.opus,less
./data/macroset/en/clips/utilized/common_voice_en_20428300.opus,utilized
./data/macroset/en/clips/utilized/common_voice_en_20713047.opus,utilized
./data/macroset/en/clips/utilized/common_voice_en_20927186.opus,utilized
./data/macroset/en/clips/utilized/common_voice_en_19794378.opus,utilized
./data/macroset/en/clips/utilized/common_voice_en_19111344.opus,utilized
./data/macroset/en/clips/organization/common_voice_en_20009157.opus,organization
./data/macroset/en/clips/organization/common_voice_en_18944617.opus,organization
./data/macroset/en/clips/organization/common_voice_en_18316649.opus,organization
./data/macroset/en/clips/organization/common_voice_en_20233213.opus,organization
./data/macroset/en/clips/organization/common_voice_en_19050217.opus,organization
./data/macroset/en/clips/burning/common_voice_en_21438438__2.opus,burning
./data/macroset/en/clips/burning/common_voice_en_20130724.opus,burning
./data/macroset/en/clips/burning/common_voice_en_20769002.opus,burning
./data/macroset/en/clips/burning/common_voice_en_209788.opus,burning
./data/macroset/en/clips/burning/common_voice_en_18939082.opus,burning
./data/macroset/en/clips/tragedy/common_voice_en_20252862.opus,tragedy
./data/macroset/en/clips/tragedy/common_voice_en_21937555.opus,tragedy
./data/macroset/en/clips/tragedy/common_voice_en_20058585.opus,tragedy
./data/macroset/en/clips/tragedy/common_voice_en_19009592.opus,tragedy
./data/macroset/en/clips/tragedy/common_voice_en_18752084.opus,tragedy
./data/macroset/en/clips/treatment/common_voice_en_21504967.opus,treatment
./data/macroset/en/clips/treatment/common_voice_en_21696168.opus,treatment
./data/macroset/en/clips/treatment/common_voice_en_19011057.opus,treatment
./data/macroset/en/clips/treatment/common_voice_en_21319256.opus,treatment
./data/macroset/en/clips/treatment/common_voice_en_18978801.opus,treatment
./data/macroset/en/clips/proverb/common_voice_en_658507.opus,proverb
./data/macroset/en/clips/proverb/common_voice_en_588586.opus,proverb
./data/macroset/en/clips/proverb/common_voice_en_485586.opus,proverb
./data/macroset/en/clips/proverb/common_voice_en_509226.opus,proverb
./data/macroset/en/clips/proverb/common_voice_en_538912.opus,proverb
./data/macroset/en/clips/indirect/common_voice_en_20634958.opus,indirect
./data/macroset/en/clips/indirect/common_voice_en_19024860.opus,indirect
./data/macroset/en/clips/indirect/common_voice_en_20150619.opus,indirect
./data/macroset/en/clips/indirect/common_voice_en_19618052.opus,indirect
./data/macroset/en/clips/indirect/common_voice_en_19715520.opus,indirect
./data/macroset/en/clips/cosmic/common_voice_en_66604.opus,cosmic
./data/macroset/en/clips/cosmic/common_voice_en_653804.opus,cosmic
./data/macroset/en/clips/cosmic/common_voice_en_95459.opus,cosmic
./data/macroset/en/clips/cosmic/common_voice_en_21795770.opus,cosmic
./data/macroset/en/clips/cosmic/common_voice_en_590564.opus,cosmic
./data/macroset/en/clips/aimed/common_voice_en_19339058.opus,aimed
./data/macroset/en/clips/aimed/common_voice_en_20851931.opus,aimed
./data/macroset/en/clips/aimed/common_voice_en_22341655.opus,aimed
./data/macroset/en/clips/aimed/common_voice_en_21528398.opus,aimed
./data/macroset/en/clips/aimed/common_voice_en_18677252.opus,aimed
./data/macroset/en/clips/algebra/common_voice_en_19823646.opus,algebra
./data/macroset/en/clips/algebra/common_voice_en_20922300.opus,algebra
./data/macroset/en/clips/algebra/common_voice_en_18780329.opus,algebra
./data/macroset/en/clips/algebra/common_voice_en_19370895__2.opus,algebra
./data/macroset/en/clips/algebra/common_voice_en_18510340.opus,algebra
./data/macroset/en/clips/generate/common_voice_en_19534458.opus,generate
./data/macroset/en/clips/generate/common_voice_en_20040849.opus,generate
./data/macroset/en/clips/generate/common_voice_en_18739468.opus,generate
./data/macroset/en/clips/generate/common_voice_en_22243955.opus,generate
./data/macroset/en/clips/generate/common_voice_en_19355247.opus,generate
./data/macroset/en/clips/fascinating/common_voice_en_33152.opus,fascinating
./data/macroset/en/clips/fascinating/common_voice_en_664150.opus,fascinating
./data/macroset/en/clips/fascinating/common_voice_en_687347.opus,fascinating
./data/macroset/en/clips/fascinating/common_voice_en_485440.opus,fascinating
./data/macroset/en/clips/fascinating/common_voice_en_20798280.opus,fascinating
./data/macroset/en/clips/seller/common_voice_en_492569.opus,seller
./data/macroset/en/clips/seller/common_voice_en_205092.opus,seller
./data/macroset/en/clips/seller/common_voice_en_695311.opus,seller
./data/macroset/en/clips/seller/common_voice_en_74074.opus,seller
./data/macroset/en/clips/seller/common_voice_en_21723606.opus,seller
./data/macroset/en/clips/affordable/common_voice_en_20948209.opus,affordable
./data/macroset/en/clips/affordable/common_voice_en_19953648.opus,affordable
./data/macroset/en/clips/affordable/common_voice_en_22160591.opus,affordable
./data/macroset/en/clips/affordable/common_voice_en_686625.opus,affordable
./data/macroset/en/clips/affordable/common_voice_en_566419.opus,affordable
./data/macroset/en/clips/facebook/common_voice_en_18515942.opus,facebook
./data/macroset/en/clips/facebook/common_voice_en_22237063.opus,facebook
./data/macroset/en/clips/facebook/common_voice_en_21344367.opus,facebook
./data/macroset/en/clips/facebook/common_voice_en_21855449.opus,facebook
./data/macroset/en/clips/facebook/common_voice_en_137396.opus,facebook
./data/macroset/en/clips/theories/common_voice_en_21451085.opus,theories
./data/macroset/en/clips/theories/common_voice_en_21291566.opus,theories
./data/macroset/en/clips/theories/common_voice_en_19334685.opus,theories
./data/macroset/en/clips/theories/common_voice_en_19841024.opus,theories
./data/macroset/en/clips/theories/common_voice_en_21887856.opus,theories
./data/macroset/en/clips/include/common_voice_en_19981714.opus,include
./data/macroset/en/clips/include/common_voice_en_20834663.opus,include
./data/macroset/en/clips/include/common_voice_en_22089247.opus,include
./data/macroset/en/clips/include/common_voice_en_19159283.opus,include
./data/macroset/en/clips/include/common_voice_en_502829.opus,include
./data/macroset/en/clips/grinning/common_voice_en_17450516.opus,grinning
./data/macroset/en/clips/grinning/common_voice_en_18159305.opus,grinning
./data/macroset/en/clips/grinning/common_voice_en_17416220.opus,grinning
./data/macroset/en/clips/grinning/common_voice_en_17371773.opus,grinning
./data/macroset/en/clips/grinning/common_voice_en_17945078.opus,grinning
./data/macroset/en/clips/just/common_voice_en_693347.opus,just
./data/macroset/en/clips/just/common_voice_en_569380.opus,just
./data/macroset/en/clips/just/common_voice_en_17294011.opus,just
./data/macroset/en/clips/just/common_voice_en_179805.opus,just
./data/macroset/en/clips/just/common_voice_en_18893877.opus,just
./data/macroset/en/clips/search/common_voice_en_648352.opus,search
./data/macroset/en/clips/search/common_voice_en_507224.opus,search
./data/macroset/en/clips/search/common_voice_en_579788.opus,search
./data/macroset/en/clips/search/common_voice_en_646697.opus,search
./data/macroset/en/clips/search/common_voice_en_489361.opus,search
./data/macroset/en/clips/garbled/common_voice_en_616878.opus,garbled
./data/macroset/en/clips/garbled/common_voice_en_694933.opus,garbled
./data/macroset/en/clips/garbled/common_voice_en_544260.opus,garbled
./data/macroset/en/clips/garbled/common_voice_en_18154115.opus,garbled
./data/macroset/en/clips/garbled/common_voice_en_17373461.opus,garbled
./data/macroset/en/clips/strip/common_voice_en_19106638.opus,strip
./data/macroset/en/clips/strip/common_voice_en_22324671.opus,strip
./data/macroset/en/clips/strip/common_voice_en_21078965.opus,strip
./data/macroset/en/clips/strip/common_voice_en_17869128.opus,strip
./data/macroset/en/clips/strip/common_voice_en_19164410.opus,strip
./data/macroset/en/clips/mercenary/common_voice_en_17304373.opus,mercenary
./data/macroset/en/clips/mercenary/common_voice_en_17384491.opus,mercenary
./data/macroset/en/clips/mercenary/common_voice_en_19611032.opus,mercenary
./data/macroset/en/clips/mercenary/common_voice_en_673248.opus,mercenary
./data/macroset/en/clips/mercenary/common_voice_en_255667.opus,mercenary
./data/macroset/en/clips/favours/common_voice_en_635440.opus,favours
./data/macroset/en/clips/favours/common_voice_en_18034092.opus,favours
./data/macroset/en/clips/favours/common_voice_en_18016557.opus,favours
./data/macroset/en/clips/favours/common_voice_en_511721.opus,favours
./data/macroset/en/clips/favours/common_voice_en_18099271.opus,favours
./data/macroset/en/clips/employ/common_voice_en_20637039.opus,employ
./data/macroset/en/clips/employ/common_voice_en_19546632.opus,employ
./data/macroset/en/clips/employ/common_voice_en_19338935.opus,employ
./data/macroset/en/clips/employ/common_voice_en_21650084.opus,employ
./data/macroset/en/clips/employ/common_voice_en_22419079.opus,employ
./data/macroset/en/clips/ridiculous/common_voice_en_30978.opus,ridiculous
./data/macroset/en/clips/ridiculous/common_voice_en_17858104.opus,ridiculous
./data/macroset/en/clips/ridiculous/common_voice_en_19185231.opus,ridiculous
./data/macroset/en/clips/ridiculous/common_voice_en_18133624.opus,ridiculous
./data/macroset/en/clips/ridiculous/common_voice_en_17346513.opus,ridiculous
./data/macroset/en/clips/shares/common_voice_en_19528185.opus,shares
./data/macroset/en/clips/shares/common_voice_en_21376508.opus,shares
./data/macroset/en/clips/shares/common_voice_en_18401013.opus,shares
./data/macroset/en/clips/shares/common_voice_en_21766574.opus,shares
./data/macroset/en/clips/shares/common_voice_en_21234781.opus,shares
./data/macroset/en/clips/limitations/common_voice_en_21528919.opus,limitations
./data/macroset/en/clips/limitations/common_voice_en_18968676.opus,limitations
./data/macroset/en/clips/limitations/common_voice_en_21684020.opus,limitations
./data/macroset/en/clips/limitations/common_voice_en_22267218.opus,limitations
./data/macroset/en/clips/limitations/common_voice_en_19528291.opus,limitations
./data/macroset/en/clips/petrol/common_voice_en_515497.opus,petrol
./data/macroset/en/clips/petrol/common_voice_en_62989.opus,petrol
./data/macroset/en/clips/petrol/common_voice_en_509972.opus,petrol
./data/macroset/en/clips/petrol/common_voice_en_18298193.opus,petrol
./data/macroset/en/clips/petrol/common_voice_en_91649.opus,petrol
./data/macroset/en/clips/pasadena/common_voice_en_19352482.opus,pasadena
./data/macroset/en/clips/pasadena/common_voice_en_20791415.opus,pasadena
./data/macroset/en/clips/pasadena/common_voice_en_19772685.opus,pasadena
./data/macroset/en/clips/pasadena/common_voice_en_20731867.opus,pasadena
./data/macroset/en/clips/pasadena/common_voice_en_40985.opus,pasadena
./data/macroset/en/clips/royalty/common_voice_en_22347991.opus,royalty
./data/macroset/en/clips/royalty/common_voice_en_21947161.opus,royalty
./data/macroset/en/clips/royalty/common_voice_en_20960971.opus,royalty
./data/macroset/en/clips/royalty/common_voice_en_19742059.opus,royalty
./data/macroset/en/clips/royalty/common_voice_en_20481743.opus,royalty
./data/macroset/en/clips/countryside/common_voice_en_21883592.opus,countryside
./data/macroset/en/clips/countryside/common_voice_en_18939444.opus,countryside
./data/macroset/en/clips/countryside/common_voice_en_20213266.opus,countryside
./data/macroset/en/clips/countryside/common_voice_en_20766153.opus,countryside
./data/macroset/en/clips/countryside/common_voice_en_21317735.opus,countryside
./data/macroset/en/clips/seizing/common_voice_en_91175.opus,seizing
./data/macroset/en/clips/seizing/common_voice_en_563141.opus,seizing
./data/macroset/en/clips/seizing/common_voice_en_521946.opus,seizing
./data/macroset/en/clips/seizing/common_voice_en_82658.opus,seizing
./data/macroset/en/clips/seizing/common_voice_en_690211.opus,seizing
./data/macroset/en/clips/offices/common_voice_en_20779630.opus,offices
./data/macroset/en/clips/offices/common_voice_en_20665163.opus,offices
./data/macroset/en/clips/offices/common_voice_en_20162991.opus,offices
./data/macroset/en/clips/offices/common_voice_en_21250380.opus,offices
./data/macroset/en/clips/offices/common_voice_en_21943071.opus,offices
./data/macroset/en/clips/judges/common_voice_en_19863498.opus,judges
./data/macroset/en/clips/judges/common_voice_en_20699111.opus,judges
./data/macroset/en/clips/judges/common_voice_en_20261228.opus,judges
./data/macroset/en/clips/judges/common_voice_en_21396949.opus,judges
./data/macroset/en/clips/judges/common_voice_en_19132018.opus,judges
./data/macroset/en/clips/omar/common_voice_en_670507.opus,omar
./data/macroset/en/clips/omar/common_voice_en_21476552.opus,omar
./data/macroset/en/clips/omar/common_voice_en_43634.opus,omar
./data/macroset/en/clips/omar/common_voice_en_21374410.opus,omar
./data/macroset/en/clips/omar/common_voice_en_581481.opus,omar
./data/macroset/en/clips/voters/common_voice_en_42143.opus,voters
./data/macroset/en/clips/voters/common_voice_en_524982.opus,voters
./data/macroset/en/clips/voters/common_voice_en_19422595.opus,voters
./data/macroset/en/clips/voters/common_voice_en_19817219.opus,voters
./data/macroset/en/clips/voters/common_voice_en_22411666.opus,voters
./data/macroset/en/clips/provide/common_voice_en_21824642.opus,provide
./data/macroset/en/clips/provide/common_voice_en_20315019.opus,provide
./data/macroset/en/clips/provide/common_voice_en_21782020.opus,provide
./data/macroset/en/clips/provide/common_voice_en_20054875.opus,provide
./data/macroset/en/clips/provide/common_voice_en_18331664.opus,provide
./data/macroset/en/clips/his/common_voice_en_19080172.opus,his
./data/macroset/en/clips/his/common_voice_en_528715.opus,his
./data/macroset/en/clips/his/common_voice_en_52316.opus,his
./data/macroset/en/clips/his/common_voice_en_22204013.opus,his
./data/macroset/en/clips/his/common_voice_en_15497.opus,his
./data/macroset/en/clips/recent/common_voice_en_20785062.opus,recent
./data/macroset/en/clips/recent/common_voice_en_639044.opus,recent
./data/macroset/en/clips/recent/common_voice_en_21439681.opus,recent
./data/macroset/en/clips/recent/common_voice_en_22043981.opus,recent
./data/macroset/en/clips/recent/common_voice_en_18043615.opus,recent
./data/macroset/en/clips/landscape/common_voice_en_20105307.opus,landscape
./data/macroset/en/clips/landscape/common_voice_en_20761350.opus,landscape
./data/macroset/en/clips/landscape/common_voice_en_19011824.opus,landscape
./data/macroset/en/clips/landscape/common_voice_en_21545055.opus,landscape
./data/macroset/en/clips/landscape/common_voice_en_21753463.opus,landscape
./data/macroset/en/clips/concord/common_voice_en_20601408.opus,concord
./data/macroset/en/clips/concord/common_voice_en_21987488.opus,concord
./data/macroset/en/clips/concord/common_voice_en_22316173.opus,concord
./data/macroset/en/clips/concord/common_voice_en_19588730.opus,concord
./data/macroset/en/clips/concord/common_voice_en_21159023.opus,concord
./data/macroset/en/clips/waist/common_voice_en_22243092.opus,waist
./data/macroset/en/clips/waist/common_voice_en_549855.opus,waist
./data/macroset/en/clips/waist/common_voice_en_19412241.opus,waist
./data/macroset/en/clips/waist/common_voice_en_644650.opus,waist
./data/macroset/en/clips/waist/common_voice_en_20280477.opus,waist
./data/macroset/en/clips/deposits/common_voice_en_19944327.opus,deposits
./data/macroset/en/clips/deposits/common_voice_en_20348057.opus,deposits
./data/macroset/en/clips/deposits/common_voice_en_20315929.opus,deposits
./data/macroset/en/clips/deposits/common_voice_en_22134606.opus,deposits
./data/macroset/en/clips/deposits/common_voice_en_19960130.opus,deposits
./data/macroset/en/clips/intend/common_voice_en_18401029.opus,intend
./data/macroset/en/clips/intend/common_voice_en_18414183.opus,intend
./data/macroset/en/clips/intend/common_voice_en_18253274.opus,intend
./data/macroset/en/clips/intend/common_voice_en_19358822.opus,intend
./data/macroset/en/clips/intend/common_voice_en_19665528.opus,intend
./data/macroset/en/clips/everlasting/common_voice_en_420662.opus,everlasting
./data/macroset/en/clips/everlasting/common_voice_en_17887646.opus,everlasting
./data/macroset/en/clips/everlasting/common_voice_en_170791.opus,everlasting
./data/macroset/en/clips/everlasting/common_voice_en_17769578.opus,everlasting
./data/macroset/en/clips/everlasting/common_voice_en_257787.opus,everlasting
./data/macroset/en/clips/flaw/common_voice_en_21746928.opus,flaw
./data/macroset/en/clips/flaw/common_voice_en_18570016.opus,flaw
./data/macroset/en/clips/flaw/common_voice_en_18442138.opus,flaw
./data/macroset/en/clips/flaw/common_voice_en_494729.opus,flaw
./data/macroset/en/clips/flaw/common_voice_en_18608165.opus,flaw
./data/macroset/en/clips/pragmatic/common_voice_en_17941056.opus,pragmatic
./data/macroset/en/clips/pragmatic/common_voice_en_17291775.opus,pragmatic
./data/macroset/en/clips/pragmatic/common_voice_en_415501.opus,pragmatic
./data/macroset/en/clips/pragmatic/common_voice_en_17673817.opus,pragmatic
./data/macroset/en/clips/pragmatic/common_voice_en_442067.opus,pragmatic
./data/macroset/en/clips/mediterranean/common_voice_en_22275355.opus,mediterranean
./data/macroset/en/clips/mediterranean/common_voice_en_19682109.opus,mediterranean
./data/macroset/en/clips/mediterranean/common_voice_en_20669947.opus,mediterranean
./data/macroset/en/clips/mediterranean/common_voice_en_19258478.opus,mediterranean
./data/macroset/en/clips/mediterranean/common_voice_en_19762292.opus,mediterranean
./data/macroset/en/clips/petals/common_voice_en_20422654.opus,petals
./data/macroset/en/clips/petals/common_voice_en_19254722.opus,petals
./data/macroset/en/clips/petals/common_voice_en_17887785.opus,petals
./data/macroset/en/clips/petals/common_voice_en_18715040.opus,petals
./data/macroset/en/clips/petals/common_voice_en_20583414.opus,petals
./data/macroset/en/clips/keeps/common_voice_en_216834.opus,keeps
./data/macroset/en/clips/keeps/common_voice_en_18094710.opus,keeps
./data/macroset/en/clips/keeps/common_voice_en_21180608.opus,keeps
./data/macroset/en/clips/keeps/common_voice_en_444731.opus,keeps
./data/macroset/en/clips/keeps/common_voice_en_17939331.opus,keeps
./data/macroset/en/clips/spent/common_voice_en_636037.opus,spent
./data/macroset/en/clips/spent/common_voice_en_20966462.opus,spent
./data/macroset/en/clips/spent/common_voice_en_18975478.opus,spent
./data/macroset/en/clips/spent/common_voice_en_67838.opus,spent
./data/macroset/en/clips/spent/common_voice_en_20008254.opus,spent
./data/macroset/en/clips/encounter/common_voice_en_19700870.opus,encounter
./data/macroset/en/clips/encounter/common_voice_en_21512195.opus,encounter
./data/macroset/en/clips/encounter/common_voice_en_20715844.opus,encounter
./data/macroset/en/clips/encounter/common_voice_en_20517358.opus,encounter
./data/macroset/en/clips/encounter/common_voice_en_19796568.opus,encounter
./data/macroset/en/clips/bookkeeper/common_voice_en_19796651.opus,bookkeeper
./data/macroset/en/clips/bookkeeper/common_voice_en_96891.opus,bookkeeper
./data/macroset/en/clips/bookkeeper/common_voice_en_650124.opus,bookkeeper
./data/macroset/en/clips/bookkeeper/common_voice_en_645372.opus,bookkeeper
./data/macroset/en/clips/bookkeeper/common_voice_en_555327.opus,bookkeeper
./data/macroset/en/clips/reflection/common_voice_en_18701744.opus,reflection
./data/macroset/en/clips/reflection/common_voice_en_94076.opus,reflection
./data/macroset/en/clips/reflection/common_voice_en_156396__2.opus,reflection
./data/macroset/en/clips/reflection/common_voice_en_683445.opus,reflection
./data/macroset/en/clips/reflection/common_voice_en_21290841.opus,reflection
./data/macroset/en/clips/denied/common_voice_en_22430868.opus,denied
./data/macroset/en/clips/denied/common_voice_en_21766308.opus,denied
./data/macroset/en/clips/denied/common_voice_en_18415976.opus,denied
./data/macroset/en/clips/denied/common_voice_en_19960238.opus,denied
./data/macroset/en/clips/denied/common_voice_en_19259923.opus,denied
./data/macroset/en/clips/teaching/common_voice_en_21021518.opus,teaching
./data/macroset/en/clips/teaching/common_voice_en_19886379.opus,teaching
./data/macroset/en/clips/teaching/common_voice_en_20260495.opus,teaching
./data/macroset/en/clips/teaching/common_voice_en_21496707.opus,teaching
./data/macroset/en/clips/teaching/common_voice_en_18848021.opus,teaching
./data/macroset/en/clips/stainless/common_voice_en_18163054.opus,stainless
./data/macroset/en/clips/stainless/common_voice_en_446894.opus,stainless
./data/macroset/en/clips/stainless/common_voice_en_18163614.opus,stainless
./data/macroset/en/clips/stainless/common_voice_en_21250769.opus,stainless
./data/macroset/en/clips/stainless/common_voice_en_603009.opus,stainless
./data/macroset/en/clips/catalogue/common_voice_en_19611966.opus,catalogue
./data/macroset/en/clips/catalogue/common_voice_en_19712408.opus,catalogue
./data/macroset/en/clips/catalogue/common_voice_en_18865277.opus,catalogue
./data/macroset/en/clips/catalogue/common_voice_en_18950930.opus,catalogue
./data/macroset/en/clips/catalogue/common_voice_en_20891374.opus,catalogue
./data/macroset/en/clips/kitten/common_voice_en_17984509.opus,kitten
./data/macroset/en/clips/kitten/common_voice_en_18548965.opus,kitten
./data/macroset/en/clips/kitten/common_voice_en_20920832.opus,kitten
./data/macroset/en/clips/kitten/common_voice_en_218049.opus,kitten
./data/macroset/en/clips/kitten/common_voice_en_18628270.opus,kitten
./data/macroset/en/clips/predicted/common_voice_en_548274.opus,predicted
./data/macroset/en/clips/predicted/common_voice_en_675320.opus,predicted
./data/macroset/en/clips/predicted/common_voice_en_606682.opus,predicted
./data/macroset/en/clips/predicted/common_voice_en_178134.opus,predicted
./data/macroset/en/clips/predicted/common_voice_en_21705258.opus,predicted
./data/macroset/en/clips/integrity/common_voice_en_546552.opus,integrity
./data/macroset/en/clips/integrity/common_voice_en_21041785.opus,integrity
./data/macroset/en/clips/integrity/common_voice_en_20891099.opus,integrity
./data/macroset/en/clips/integrity/common_voice_en_2202993.opus,integrity
./data/macroset/en/clips/integrity/common_voice_en_18653959.opus,integrity
./data/macroset/en/clips/wounded/common_voice_en_533343.opus,wounded
./data/macroset/en/clips/wounded/common_voice_en_19846963.opus,wounded
./data/macroset/en/clips/wounded/common_voice_en_31423.opus,wounded
./data/macroset/en/clips/wounded/common_voice_en_612517.opus,wounded
./data/macroset/en/clips/wounded/common_voice_en_19476617.opus,wounded
./data/macroset/en/clips/hoped/common_voice_en_19466555.opus,hoped
./data/macroset/en/clips/hoped/common_voice_en_20546693.opus,hoped
./data/macroset/en/clips/hoped/common_voice_en_17389948.opus,hoped
./data/macroset/en/clips/hoped/common_voice_en_71916.opus,hoped
./data/macroset/en/clips/hoped/common_voice_en_607859.opus,hoped
./data/macroset/en/clips/cricket/common_voice_en_19769589.opus,cricket
./data/macroset/en/clips/cricket/common_voice_en_18739496.opus,cricket
./data/macroset/en/clips/cricket/common_voice_en_18754573.opus,cricket
./data/macroset/en/clips/cricket/common_voice_en_20670878.opus,cricket
./data/macroset/en/clips/cricket/common_voice_en_21250542.opus,cricket
./data/macroset/en/clips/dwarf/common_voice_en_20216898.opus,dwarf
./data/macroset/en/clips/dwarf/common_voice_en_20676616.opus,dwarf
./data/macroset/en/clips/dwarf/common_voice_en_20989611.opus,dwarf
./data/macroset/en/clips/dwarf/common_voice_en_20179667.opus,dwarf
./data/macroset/en/clips/dwarf/common_voice_en_20566231.opus,dwarf
./data/macroset/en/clips/jumped/common_voice_en_1895619.opus,jumped
./data/macroset/en/clips/jumped/common_voice_en_17932669.opus,jumped
./data/macroset/en/clips/jumped/common_voice_en_67387.opus,jumped
./data/macroset/en/clips/jumped/common_voice_en_569657.opus,jumped
./data/macroset/en/clips/jumped/common_voice_en_18170456.opus,jumped
./data/macroset/en/clips/improved/common_voice_en_21354623.opus,improved
./data/macroset/en/clips/improved/common_voice_en_91691.opus,improved
./data/macroset/en/clips/improved/common_voice_en_18765583.opus,improved
./data/macroset/en/clips/improved/common_voice_en_548131.opus,improved
./data/macroset/en/clips/improved/common_voice_en_18909607.opus,improved
./data/macroset/en/clips/rug/common_voice_en_612532.opus,rug
./data/macroset/en/clips/rug/common_voice_en_17926542.opus,rug
./data/macroset/en/clips/rug/common_voice_en_144661.opus,rug
./data/macroset/en/clips/rug/common_voice_en_293787.opus,rug
./data/macroset/en/clips/rug/common_voice_en_357235.opus,rug
./data/macroset/en/clips/barley/common_voice_en_22364158.opus,barley
./data/macroset/en/clips/barley/common_voice_en_20408036.opus,barley
./data/macroset/en/clips/barley/common_voice_en_19056470.opus,barley
./data/macroset/en/clips/barley/common_voice_en_21403673.opus,barley
./data/macroset/en/clips/barley/common_voice_en_20315537.opus,barley
./data/macroset/en/clips/march/common_voice_en_18530212.opus,march
./data/macroset/en/clips/march/common_voice_en_20584756.opus,march
./data/macroset/en/clips/march/common_voice_en_514324.opus,march
./data/macroset/en/clips/march/common_voice_en_18631985.opus,march
./data/macroset/en/clips/march/common_voice_en_18887394.opus,march
./data/macroset/en/clips/salesman/common_voice_en_17856311.opus,salesman
./data/macroset/en/clips/salesman/common_voice_en_17505470.opus,salesman
./data/macroset/en/clips/salesman/common_voice_en_80743.opus,salesman
./data/macroset/en/clips/salesman/common_voice_en_538942.opus,salesman
./data/macroset/en/clips/salesman/common_voice_en_527873.opus,salesman
./data/macroset/en/clips/watermelon/common_voice_en_643211.opus,watermelon
./data/macroset/en/clips/watermelon/common_voice_en_670350.opus,watermelon
./data/macroset/en/clips/watermelon/common_voice_en_598903.opus,watermelon
./data/macroset/en/clips/watermelon/common_voice_en_213494.opus,watermelon
./data/macroset/en/clips/watermelon/common_voice_en_571910.opus,watermelon
./data/macroset/en/clips/wonderful/common_voice_en_1972.opus,wonderful
./data/macroset/en/clips/wonderful/common_voice_en_22259264.opus,wonderful
./data/macroset/en/clips/wonderful/common_voice_en_551938.opus,wonderful
./data/macroset/en/clips/wonderful/common_voice_en_677202.opus,wonderful
./data/macroset/en/clips/wonderful/common_voice_en_432887.opus,wonderful
./data/macroset/en/clips/nutrition/common_voice_en_18702519.opus,nutrition
./data/macroset/en/clips/nutrition/common_voice_en_18031345.opus,nutrition
./data/macroset/en/clips/nutrition/common_voice_en_5258380.opus,nutrition
./data/macroset/en/clips/nutrition/common_voice_en_21386571.opus,nutrition
./data/macroset/en/clips/nutrition/common_voice_en_19047336.opus,nutrition
./data/macroset/en/clips/served/common_voice_en_20051839.opus,served
./data/macroset/en/clips/served/common_voice_en_374373.opus,served
./data/macroset/en/clips/served/common_voice_en_22145457.opus,served
./data/macroset/en/clips/served/common_voice_en_552824.opus,served
./data/macroset/en/clips/served/common_voice_en_20530131.opus,served
./data/macroset/en/clips/diseases/common_voice_en_20053413.opus,diseases
./data/macroset/en/clips/diseases/common_voice_en_20242467.opus,diseases
./data/macroset/en/clips/diseases/common_voice_en_18012438.opus,diseases
./data/macroset/en/clips/diseases/common_voice_en_20188952.opus,diseases
./data/macroset/en/clips/diseases/common_voice_en_18270065.opus,diseases
./data/macroset/en/clips/broadcasts/common_voice_en_21964627.opus,broadcasts
./data/macroset/en/clips/broadcasts/common_voice_en_21979471.opus,broadcasts
./data/macroset/en/clips/broadcasts/common_voice_en_19627641.opus,broadcasts
./data/macroset/en/clips/broadcasts/common_voice_en_20661735.opus,broadcasts
./data/macroset/en/clips/broadcasts/common_voice_en_19980953.opus,broadcasts
./data/macroset/en/clips/east/common_voice_en_18795305.opus,east
./data/macroset/en/clips/east/common_voice_en_19744700.opus,east
./data/macroset/en/clips/east/common_voice_en_21141987.opus,east
./data/macroset/en/clips/east/common_voice_en_18818622.opus,east
./data/macroset/en/clips/east/common_voice_en_19950088.opus,east
./data/macroset/en/clips/finally/common_voice_en_20039067.opus,finally
./data/macroset/en/clips/finally/common_voice_en_20425186.opus,finally
./data/macroset/en/clips/finally/common_voice_en_659641.opus,finally
./data/macroset/en/clips/finally/common_voice_en_678589.opus,finally
./data/macroset/en/clips/finally/common_voice_en_75397.opus,finally
./data/macroset/en/clips/ancestor/common_voice_en_19823940.opus,ancestor
./data/macroset/en/clips/ancestor/common_voice_en_20583871.opus,ancestor
./data/macroset/en/clips/ancestor/common_voice_en_20243532.opus,ancestor
./data/macroset/en/clips/ancestor/common_voice_en_20400091.opus,ancestor
./data/macroset/en/clips/ancestor/common_voice_en_21993546.opus,ancestor
./data/macroset/en/clips/sacramento/common_voice_en_19369476.opus,sacramento
./data/macroset/en/clips/sacramento/common_voice_en_20780971.opus,sacramento
./data/macroset/en/clips/sacramento/common_voice_en_18745882.opus,sacramento
./data/macroset/en/clips/sacramento/common_voice_en_22206781.opus,sacramento
./data/macroset/en/clips/sacramento/common_voice_en_20436562.opus,sacramento
./data/macroset/en/clips/school/common_voice_en_22355218.opus,school
./data/macroset/en/clips/school/common_voice_en_18696927.opus,school
./data/macroset/en/clips/school/common_voice_en_18703647.opus,school
./data/macroset/en/clips/school/common_voice_en_18167663.opus,school
./data/macroset/en/clips/school/common_voice_en_20296730.opus,school
./data/macroset/en/clips/circular/common_voice_en_213536.opus,circular
./data/macroset/en/clips/circular/common_voice_en_19677430.opus,circular
./data/macroset/en/clips/circular/common_voice_en_22204338.opus,circular
./data/macroset/en/clips/circular/common_voice_en_18144887.opus,circular
./data/macroset/en/clips/circular/common_voice_en_94908.opus,circular
./data/macroset/en/clips/captain/common_voice_en_21504305.opus,captain
./data/macroset/en/clips/captain/common_voice_en_19659737.opus,captain
./data/macroset/en/clips/captain/common_voice_en_21428398.opus,captain
./data/macroset/en/clips/captain/common_voice_en_21408372.opus,captain
./data/macroset/en/clips/captain/common_voice_en_21207990.opus,captain
./data/macroset/en/clips/who/common_voice_en_659941.opus,who
./data/macroset/en/clips/who/common_voice_en_41027.opus,who
./data/macroset/en/clips/who/common_voice_en_21949097.opus,who
./data/macroset/en/clips/who/common_voice_en_614055.opus,who
./data/macroset/en/clips/who/common_voice_en_660085.opus,who
./data/macroset/en/clips/loop/common_voice_en_22255001.opus,loop
./data/macroset/en/clips/loop/common_voice_en_18943055.opus,loop
./data/macroset/en/clips/loop/common_voice_en_17849110.opus,loop
./data/macroset/en/clips/loop/common_voice_en_21851808.opus,loop
./data/macroset/en/clips/loop/common_voice_en_22327496.opus,loop
./data/macroset/en/clips/ribbon/common_voice_en_20212896.opus,ribbon
./data/macroset/en/clips/ribbon/common_voice_en_20250251.opus,ribbon
./data/macroset/en/clips/ribbon/common_voice_en_486407.opus,ribbon
./data/macroset/en/clips/ribbon/common_voice_en_20310124.opus,ribbon
./data/macroset/en/clips/ribbon/common_voice_en_19625647.opus,ribbon
./data/macroset/en/clips/problems/common_voice_en_21100835.opus,problems
./data/macroset/en/clips/problems/common_voice_en_17284576.opus,problems
./data/macroset/en/clips/problems/common_voice_en_19954639.opus,problems
./data/macroset/en/clips/problems/common_voice_en_19561670.opus,problems
./data/macroset/en/clips/problems/common_voice_en_22145838.opus,problems
./data/macroset/en/clips/garage/common_voice_en_2202824.opus,garage
./data/macroset/en/clips/garage/common_voice_en_321725.opus,garage
./data/macroset/en/clips/garage/common_voice_en_17867220.opus,garage
./data/macroset/en/clips/garage/common_voice_en_20314968.opus,garage
./data/macroset/en/clips/garage/common_voice_en_17274055.opus,garage
./data/macroset/en/clips/morrison/common_voice_en_21281803.opus,morrison
./data/macroset/en/clips/morrison/common_voice_en_20101512.opus,morrison
./data/macroset/en/clips/morrison/common_voice_en_21183370.opus,morrison
./data/macroset/en/clips/morrison/common_voice_en_19466260.opus,morrison
./data/macroset/en/clips/morrison/common_voice_en_19566606.opus,morrison
./data/macroset/en/clips/higher/common_voice_en_18111999.opus,higher
./data/macroset/en/clips/higher/common_voice_en_20410410.opus,higher
./data/macroset/en/clips/higher/common_voice_en_19502850.opus,higher
./data/macroset/en/clips/higher/common_voice_en_21692135.opus,higher
./data/macroset/en/clips/higher/common_voice_en_20442453.opus,higher
./data/macroset/en/clips/hypnotized/common_voice_en_220921.opus,hypnotized
./data/macroset/en/clips/hypnotized/common_voice_en_21678.opus,hypnotized
./data/macroset/en/clips/hypnotized/common_voice_en_576167.opus,hypnotized
./data/macroset/en/clips/hypnotized/common_voice_en_59045.opus,hypnotized
./data/macroset/en/clips/hypnotized/common_voice_en_644904.opus,hypnotized
./data/macroset/en/clips/relevant/common_voice_en_19444.opus,relevant
./data/macroset/en/clips/relevant/common_voice_en_19637962.opus,relevant
./data/macroset/en/clips/relevant/common_voice_en_17281688.opus,relevant
./data/macroset/en/clips/relevant/common_voice_en_196979.opus,relevant
./data/macroset/en/clips/relevant/common_voice_en_19629765.opus,relevant
./data/macroset/en/clips/conspiracy/common_voice_en_488007.opus,conspiracy
./data/macroset/en/clips/conspiracy/common_voice_en_19238388__2.opus,conspiracy
./data/macroset/en/clips/conspiracy/common_voice_en_20881231.opus,conspiracy
./data/macroset/en/clips/conspiracy/common_voice_en_22398981.opus,conspiracy
./data/macroset/en/clips/conspiracy/common_voice_en_19613323.opus,conspiracy
./data/macroset/en/clips/raised/common_voice_en_20358666.opus,raised
./data/macroset/en/clips/raised/common_voice_en_18474564.opus,raised
./data/macroset/en/clips/raised/common_voice_en_22322979.opus,raised
./data/macroset/en/clips/raised/common_voice_en_20928295.opus,raised
./data/macroset/en/clips/raised/common_voice_en_19803124.opus,raised
./data/macroset/en/clips/workout/common_voice_en_658689.opus,workout
./data/macroset/en/clips/workout/common_voice_en_73684.opus,workout
./data/macroset/en/clips/workout/common_voice_en_590785.opus,workout
./data/macroset/en/clips/workout/common_voice_en_644220.opus,workout
./data/macroset/en/clips/workout/common_voice_en_675010.opus,workout
./data/macroset/en/clips/patronage/common_voice_en_18724772.opus,patronage
./data/macroset/en/clips/patronage/common_voice_en_22039398.opus,patronage
./data/macroset/en/clips/patronage/common_voice_en_19588137.opus,patronage
./data/macroset/en/clips/patronage/common_voice_en_19529273.opus,patronage
./data/macroset/en/clips/patronage/common_voice_en_21811988.opus,patronage
./data/macroset/en/clips/payment/common_voice_en_166652.opus,payment
./data/macroset/en/clips/payment/common_voice_en_567498.opus,payment
./data/macroset/en/clips/payment/common_voice_en_164526.opus,payment
./data/macroset/en/clips/payment/common_voice_en_21759010.opus,payment
./data/macroset/en/clips/payment/common_voice_en_614829.opus,payment
./data/macroset/en/clips/subsequent/common_voice_en_22457724.opus,subsequent
./data/macroset/en/clips/subsequent/common_voice_en_20969203.opus,subsequent
./data/macroset/en/clips/subsequent/common_voice_en_17730691.opus,subsequent
./data/macroset/en/clips/subsequent/common_voice_en_18893288.opus,subsequent
./data/macroset/en/clips/subsequent/common_voice_en_18828590.opus,subsequent
./data/macroset/en/clips/vibration/common_voice_en_668778.opus,vibration
./data/macroset/en/clips/vibration/common_voice_en_20559117.opus,vibration
./data/macroset/en/clips/vibration/common_voice_en_19822554.opus,vibration
./data/macroset/en/clips/vibration/common_voice_en_19131431.opus,vibration
./data/macroset/en/clips/vibration/common_voice_en_18699020.opus,vibration
./data/macroset/en/clips/doing/common_voice_en_597958.opus,doing
./data/macroset/en/clips/doing/common_voice_en_17818777.opus,doing
./data/macroset/en/clips/doing/common_voice_en_17891422.opus,doing
./data/macroset/en/clips/doing/common_voice_en_69351.opus,doing
./data/macroset/en/clips/doing/common_voice_en_649613.opus,doing
./data/macroset/en/clips/occurs/common_voice_en_21518286.opus,occurs
./data/macroset/en/clips/occurs/common_voice_en_20170873.opus,occurs
./data/macroset/en/clips/occurs/common_voice_en_20333171.opus,occurs
./data/macroset/en/clips/occurs/common_voice_en_20761665.opus,occurs
./data/macroset/en/clips/occurs/common_voice_en_21528921.opus,occurs
./data/macroset/en/clips/constable/common_voice_en_194649.opus,constable
./data/macroset/en/clips/constable/common_voice_en_18071486.opus,constable
./data/macroset/en/clips/constable/common_voice_en_656997.opus,constable
./data/macroset/en/clips/constable/common_voice_en_19774177.opus,constable
./data/macroset/en/clips/constable/common_voice_en_532640.opus,constable
./data/macroset/en/clips/becoming/common_voice_en_19641025.opus,becoming
./data/macroset/en/clips/becoming/common_voice_en_21213750.opus,becoming
./data/macroset/en/clips/becoming/common_voice_en_20585176.opus,becoming
./data/macroset/en/clips/becoming/common_voice_en_21875819.opus,becoming
./data/macroset/en/clips/becoming/common_voice_en_519239.opus,becoming
./data/macroset/en/clips/processed/common_voice_en_20860192.opus,processed
./data/macroset/en/clips/processed/common_voice_en_76225.opus,processed
./data/macroset/en/clips/processed/common_voice_en_19012650.opus,processed
./data/macroset/en/clips/processed/common_voice_en_185511.opus,processed
./data/macroset/en/clips/processed/common_voice_en_18152794.opus,processed
./data/macroset/en/clips/sprained/common_voice_en_93986.opus,sprained
./data/macroset/en/clips/sprained/common_voice_en_662570.opus,sprained
./data/macroset/en/clips/sprained/common_voice_en_88511.opus,sprained
./data/macroset/en/clips/sprained/common_voice_en_137410.opus,sprained
./data/macroset/en/clips/sprained/common_voice_en_215887.opus,sprained
./data/macroset/en/clips/how/common_voice_en_640001.opus,how
./data/macroset/en/clips/how/common_voice_en_672559.opus,how
./data/macroset/en/clips/how/common_voice_en_623037.opus,how
./data/macroset/en/clips/how/common_voice_en_19195351.opus,how
./data/macroset/en/clips/how/common_voice_en_129861.opus,how
./data/macroset/en/clips/missile/common_voice_en_20301092.opus,missile
./data/macroset/en/clips/missile/common_voice_en_19701212.opus,missile
./data/macroset/en/clips/missile/common_voice_en_21808570.opus,missile
./data/macroset/en/clips/missile/common_voice_en_493730.opus,missile
./data/macroset/en/clips/missile/common_voice_en_20132299.opus,missile
./data/macroset/en/clips/motivated/common_voice_en_19672546.opus,motivated
./data/macroset/en/clips/motivated/common_voice_en_21106523.opus,motivated
./data/macroset/en/clips/motivated/common_voice_en_20275542.opus,motivated
./data/macroset/en/clips/motivated/common_voice_en_20902151.opus,motivated
./data/macroset/en/clips/motivated/common_voice_en_535299.opus,motivated
./data/macroset/en/clips/qualities/common_voice_en_22329828.opus,qualities
./data/macroset/en/clips/qualities/common_voice_en_18684088.opus,qualities
./data/macroset/en/clips/qualities/common_voice_en_20882761.opus,qualities
./data/macroset/en/clips/qualities/common_voice_en_20905669.opus,qualities
./data/macroset/en/clips/qualities/common_voice_en_21981570.opus,qualities
./data/macroset/en/clips/awarded/common_voice_en_19314034.opus,awarded
./data/macroset/en/clips/awarded/common_voice_en_20616544.opus,awarded
./data/macroset/en/clips/awarded/common_voice_en_19704803.opus,awarded
./data/macroset/en/clips/awarded/common_voice_en_20739620.opus,awarded
./data/macroset/en/clips/awarded/common_voice_en_20928092.opus,awarded
./data/macroset/en/clips/out/common_voice_en_18840289.opus,out
./data/macroset/en/clips/out/common_voice_en_20496058.opus,out
./data/macroset/en/clips/out/common_voice_en_18137156.opus,out
./data/macroset/en/clips/out/common_voice_en_690909.opus,out
./data/macroset/en/clips/out/common_voice_en_18865254.opus,out
./data/macroset/en/clips/ago/common_voice_en_517364.opus,ago
./data/macroset/en/clips/ago/common_voice_en_208851.opus,ago
./data/macroset/en/clips/ago/common_voice_en_192732.opus,ago
./data/macroset/en/clips/ago/common_voice_en_684176.opus,ago
./data/macroset/en/clips/ago/common_voice_en_18150196.opus,ago
./data/macroset/en/clips/driver/common_voice_en_582100.opus,driver
./data/macroset/en/clips/driver/common_voice_en_210616.opus,driver
./data/macroset/en/clips/driver/common_voice_en_18116655.opus,driver
./data/macroset/en/clips/driver/common_voice_en_57710.opus,driver
./data/macroset/en/clips/driver/common_voice_en_182481.opus,driver
./data/macroset/en/clips/overnight/common_voice_en_18283496.opus,overnight
./data/macroset/en/clips/overnight/common_voice_en_21824171.opus,overnight
./data/macroset/en/clips/overnight/common_voice_en_21411184.opus,overnight
./data/macroset/en/clips/overnight/common_voice_en_18626599.opus,overnight
./data/macroset/en/clips/overnight/common_voice_en_18665058.opus,overnight
./data/macroset/en/clips/foods/common_voice_en_21162480.opus,foods
./data/macroset/en/clips/foods/common_voice_en_497362.opus,foods
./data/macroset/en/clips/foods/common_voice_en_22137268.opus,foods
./data/macroset/en/clips/foods/common_voice_en_21305952.opus,foods
./data/macroset/en/clips/foods/common_voice_en_499589.opus,foods
./data/macroset/en/clips/manor/common_voice_en_20932661.opus,manor
./data/macroset/en/clips/manor/common_voice_en_22323616.opus,manor
./data/macroset/en/clips/manor/common_voice_en_20232578.opus,manor
./data/macroset/en/clips/manor/common_voice_en_19540705.opus,manor
./data/macroset/en/clips/manor/common_voice_en_20807985.opus,manor
./data/macroset/en/clips/pail/common_voice_en_17908731.opus,pail
./data/macroset/en/clips/pail/common_voice_en_17942649.opus,pail
./data/macroset/en/clips/pail/common_voice_en_317454.opus,pail
./data/macroset/en/clips/pail/common_voice_en_18074558.opus,pail
./data/macroset/en/clips/pail/common_voice_en_17983465.opus,pail
./data/macroset/en/clips/yellowish/common_voice_en_19636939.opus,yellowish
./data/macroset/en/clips/yellowish/common_voice_en_19587640.opus,yellowish
./data/macroset/en/clips/yellowish/common_voice_en_20584890.opus,yellowish
./data/macroset/en/clips/yellowish/common_voice_en_20190246.opus,yellowish
./data/macroset/en/clips/yellowish/common_voice_en_18729551.opus,yellowish
./data/macroset/en/clips/manuscript/common_voice_en_19941736.opus,manuscript
./data/macroset/en/clips/manuscript/common_voice_en_21947233.opus,manuscript
./data/macroset/en/clips/manuscript/common_voice_en_22251423.opus,manuscript
./data/macroset/en/clips/manuscript/common_voice_en_19757874.opus,manuscript
./data/macroset/en/clips/manuscript/common_voice_en_19649811.opus,manuscript
./data/macroset/en/clips/commonly/common_voice_en_21051149.opus,commonly
./data/macroset/en/clips/commonly/common_voice_en_18673508.opus,commonly
./data/macroset/en/clips/commonly/common_voice_en_19795887.opus,commonly
./data/macroset/en/clips/commonly/common_voice_en_20718414.opus,commonly
./data/macroset/en/clips/commonly/common_voice_en_21817275.opus,commonly
./data/macroset/en/clips/arises/common_voice_en_20130391.opus,arises
./data/macroset/en/clips/arises/common_voice_en_21024812.opus,arises
./data/macroset/en/clips/arises/common_voice_en_20872652.opus,arises
./data/macroset/en/clips/arises/common_voice_en_18692970.opus,arises
./data/macroset/en/clips/arises/common_voice_en_19954657.opus,arises
./data/macroset/en/clips/renaissance/common_voice_en_19458026.opus,renaissance
./data/macroset/en/clips/renaissance/common_voice_en_18833301.opus,renaissance
./data/macroset/en/clips/renaissance/common_voice_en_19476520.opus,renaissance
./data/macroset/en/clips/renaissance/common_voice_en_21367799.opus,renaissance
./data/macroset/en/clips/renaissance/common_voice_en_19740796.opus,renaissance
./data/macroset/en/clips/lamps/common_voice_en_18300831.opus,lamps
./data/macroset/en/clips/lamps/common_voice_en_662890.opus,lamps
./data/macroset/en/clips/lamps/common_voice_en_19410671.opus,lamps
./data/macroset/en/clips/lamps/common_voice_en_17917076.opus,lamps
./data/macroset/en/clips/lamps/common_voice_en_18071410.opus,lamps
./data/macroset/en/clips/riots/common_voice_en_19690599.opus,riots
./data/macroset/en/clips/riots/common_voice_en_20498483.opus,riots
./data/macroset/en/clips/riots/common_voice_en_19966334.opus,riots
./data/macroset/en/clips/riots/common_voice_en_19956414.opus,riots
./data/macroset/en/clips/riots/common_voice_en_19973936.opus,riots
./data/macroset/en/clips/pastures/common_voice_en_18757874.opus,pastures
./data/macroset/en/clips/pastures/common_voice_en_636746.opus,pastures
./data/macroset/en/clips/pastures/common_voice_en_510364.opus,pastures
./data/macroset/en/clips/pastures/common_voice_en_17808730.opus,pastures
./data/macroset/en/clips/pastures/common_voice_en_20301908.opus,pastures
./data/macroset/en/clips/explained/common_voice_en_18627950.opus,explained
./data/macroset/en/clips/explained/common_voice_en_18144401.opus,explained
./data/macroset/en/clips/explained/common_voice_en_17555863.opus,explained
./data/macroset/en/clips/explained/common_voice_en_40664.opus,explained
./data/macroset/en/clips/explained/common_voice_en_82666.opus,explained
./data/macroset/en/clips/playground/common_voice_en_203550.opus,playground
./data/macroset/en/clips/playground/common_voice_en_616052.opus,playground
./data/macroset/en/clips/playground/common_voice_en_19463888.opus,playground
./data/macroset/en/clips/playground/common_voice_en_217922.opus,playground
./data/macroset/en/clips/playground/common_voice_en_2322717.opus,playground
./data/macroset/en/clips/governing/common_voice_en_20132609.opus,governing
./data/macroset/en/clips/governing/common_voice_en_18743231.opus,governing
./data/macroset/en/clips/governing/common_voice_en_20103205.opus,governing
./data/macroset/en/clips/governing/common_voice_en_22332179.opus,governing
./data/macroset/en/clips/governing/common_voice_en_20093172.opus,governing
./data/macroset/en/clips/psychologist/common_voice_en_17357341.opus,psychologist
./data/macroset/en/clips/psychologist/common_voice_en_17250989.opus,psychologist
./data/macroset/en/clips/psychologist/common_voice_en_21284836.opus,psychologist
./data/macroset/en/clips/psychologist/common_voice_en_20410810.opus,psychologist
./data/macroset/en/clips/psychologist/common_voice_en_19533702.opus,psychologist
./data/macroset/en/clips/theft/common_voice_en_35679.opus,theft
./data/macroset/en/clips/theft/common_voice_en_18906340.opus,theft
./data/macroset/en/clips/theft/common_voice_en_22386604.opus,theft
./data/macroset/en/clips/theft/common_voice_en_19979565.opus,theft
./data/macroset/en/clips/theft/common_voice_en_21097668.opus,theft
./data/macroset/en/clips/rainbow/common_voice_en_20276482.opus,rainbow
./data/macroset/en/clips/rainbow/common_voice_en_19236868.opus,rainbow
./data/macroset/en/clips/rainbow/common_voice_en_19281089.opus,rainbow
./data/macroset/en/clips/rainbow/common_voice_en_22230734.opus,rainbow
./data/macroset/en/clips/rainbow/common_voice_en_22305861.opus,rainbow
./data/macroset/en/clips/activity/common_voice_en_21811994.opus,activity
./data/macroset/en/clips/activity/common_voice_en_19632589.opus,activity
./data/macroset/en/clips/activity/common_voice_en_22345760.opus,activity
./data/macroset/en/clips/activity/common_voice_en_19142251.opus,activity
./data/macroset/en/clips/activity/common_voice_en_21314024.opus,activity
./data/macroset/en/clips/request/common_voice_en_19067929.opus,request
./data/macroset/en/clips/request/common_voice_en_17593183.opus,request
./data/macroset/en/clips/request/common_voice_en_21336049.opus,request
./data/macroset/en/clips/request/common_voice_en_17290354.opus,request
./data/macroset/en/clips/request/common_voice_en_20383227.opus,request
./data/macroset/en/clips/chips/common_voice_en_18405631.opus,chips
./data/macroset/en/clips/chips/common_voice_en_496896.opus,chips
./data/macroset/en/clips/chips/common_voice_en_21102097.opus,chips
./data/macroset/en/clips/chips/common_voice_en_18344553.opus,chips
./data/macroset/en/clips/chips/common_voice_en_18480794.opus,chips
./data/macroset/en/clips/elegant/common_voice_en_546344.opus,elegant
./data/macroset/en/clips/elegant/common_voice_en_19794574.opus,elegant
./data/macroset/en/clips/elegant/common_voice_en_21555422.opus,elegant
./data/macroset/en/clips/elegant/common_voice_en_20990060.opus,elegant
./data/macroset/en/clips/elegant/common_voice_en_32767.opus,elegant
./data/macroset/en/clips/that’s/common_voice_en_18542563.opus,that’s
./data/macroset/en/clips/that’s/common_voice_en_18533463.opus,that’s
./data/macroset/en/clips/that’s/common_voice_en_18475911.opus,that’s
./data/macroset/en/clips/that’s/common_voice_en_637567.opus,that’s
./data/macroset/en/clips/that’s/common_voice_en_17369590.opus,that’s
./data/macroset/en/clips/offensive/common_voice_en_19637378.opus,offensive
./data/macroset/en/clips/offensive/common_voice_en_20322193.opus,offensive
./data/macroset/en/clips/offensive/common_voice_en_20960187.opus,offensive
./data/macroset/en/clips/offensive/common_voice_en_22057679.opus,offensive
./data/macroset/en/clips/offensive/common_voice_en_20393905.opus,offensive
./data/macroset/en/clips/tens/common_voice_en_20739715.opus,tens
./data/macroset/en/clips/tens/common_voice_en_19137681.opus,tens
./data/macroset/en/clips/tens/common_voice_en_18851679.opus,tens
./data/macroset/en/clips/tens/common_voice_en_19676243.opus,tens
./data/macroset/en/clips/tens/common_voice_en_20091714.opus,tens
./data/macroset/en/clips/esteem/common_voice_en_19577362.opus,esteem
./data/macroset/en/clips/esteem/common_voice_en_22312735.opus,esteem
./data/macroset/en/clips/esteem/common_voice_en_19361972.opus,esteem
./data/macroset/en/clips/esteem/common_voice_en_281718.opus,esteem
./data/macroset/en/clips/esteem/common_voice_en_18143438.opus,esteem
./data/macroset/en/clips/cord/common_voice_en_19695178.opus,cord
./data/macroset/en/clips/cord/common_voice_en_17841622.opus,cord
./data/macroset/en/clips/cord/common_voice_en_20266845.opus,cord
./data/macroset/en/clips/cord/common_voice_en_73874.opus,cord
./data/macroset/en/clips/cord/common_voice_en_18000202.opus,cord
./data/macroset/en/clips/sweet/common_voice_en_60580.opus,sweet
./data/macroset/en/clips/sweet/common_voice_en_178635.opus,sweet
./data/macroset/en/clips/sweet/common_voice_en_20288763.opus,sweet
./data/macroset/en/clips/sweet/common_voice_en_96145.opus,sweet
./data/macroset/en/clips/sweet/common_voice_en_9276448.opus,sweet
./data/macroset/en/clips/haste/common_voice_en_647974.opus,haste
./data/macroset/en/clips/haste/common_voice_en_17802592.opus,haste
./data/macroset/en/clips/haste/common_voice_en_19487294.opus,haste
./data/macroset/en/clips/haste/common_voice_en_17345290.opus,haste
./data/macroset/en/clips/haste/common_voice_en_8536318.opus,haste
./data/macroset/en/clips/chekhov/common_voice_en_131813.opus,chekhov
./data/macroset/en/clips/chekhov/common_voice_en_18713360.opus,chekhov
./data/macroset/en/clips/chekhov/common_voice_en_96478.opus,chekhov
./data/macroset/en/clips/chekhov/common_voice_en_694066.opus,chekhov
./data/macroset/en/clips/chekhov/common_voice_en_19981311.opus,chekhov
./data/macroset/en/clips/report/common_voice_en_22051050.opus,report
./data/macroset/en/clips/report/common_voice_en_18841294.opus,report
./data/macroset/en/clips/report/common_voice_en_19942947.opus,report
./data/macroset/en/clips/report/common_voice_en_19480469.opus,report
./data/macroset/en/clips/report/common_voice_en_20056261.opus,report
./data/macroset/en/clips/advisor/common_voice_en_20122632.opus,advisor
./data/macroset/en/clips/advisor/common_voice_en_19869917.opus,advisor
./data/macroset/en/clips/advisor/common_voice_en_20235810.opus,advisor
./data/macroset/en/clips/advisor/common_voice_en_21507535.opus,advisor
./data/macroset/en/clips/advisor/common_voice_en_22314331.opus,advisor
./data/macroset/en/clips/publication/common_voice_en_534916.opus,publication
./data/macroset/en/clips/publication/common_voice_en_20755282.opus,publication
./data/macroset/en/clips/publication/common_voice_en_600542.opus,publication
./data/macroset/en/clips/publication/common_voice_en_19986856.opus,publication
./data/macroset/en/clips/publication/common_voice_en_20322564.opus,publication
./data/macroset/en/clips/nylon/common_voice_en_19746888.opus,nylon
./data/macroset/en/clips/nylon/common_voice_en_647811.opus,nylon
./data/macroset/en/clips/nylon/common_voice_en_18677766.opus,nylon
./data/macroset/en/clips/nylon/common_voice_en_22455172.opus,nylon
./data/macroset/en/clips/nylon/common_voice_en_373877.opus,nylon
./data/macroset/en/clips/failure/common_voice_en_690024.opus,failure
./data/macroset/en/clips/failure/common_voice_en_19252395.opus,failure
./data/macroset/en/clips/failure/common_voice_en_219057.opus,failure
./data/macroset/en/clips/failure/common_voice_en_22378145.opus,failure
./data/macroset/en/clips/failure/common_voice_en_205924.opus,failure
./data/macroset/en/clips/motivation/common_voice_en_200551.opus,motivation
./data/macroset/en/clips/motivation/common_voice_en_673676.opus,motivation
./data/macroset/en/clips/motivation/common_voice_en_20875202.opus,motivation
./data/macroset/en/clips/motivation/common_voice_en_18839669.opus,motivation
./data/macroset/en/clips/motivation/common_voice_en_20116459.opus,motivation
./data/macroset/en/clips/favorite/common_voice_en_46754.opus,favorite
./data/macroset/en/clips/favorite/common_voice_en_21466440.opus,favorite
./data/macroset/en/clips/favorite/common_voice_en_17412699.opus,favorite
./data/macroset/en/clips/favorite/common_voice_en_17517008.opus,favorite
./data/macroset/en/clips/favorite/common_voice_en_15734521.opus,favorite
./data/macroset/en/clips/nightfall/common_voice_en_589373.opus,nightfall
./data/macroset/en/clips/nightfall/common_voice_en_631765.opus,nightfall
./data/macroset/en/clips/nightfall/common_voice_en_210272.opus,nightfall
./data/macroset/en/clips/nightfall/common_voice_en_54426.opus,nightfall
./data/macroset/en/clips/nightfall/common_voice_en_21547090.opus,nightfall
./data/macroset/en/clips/torn/common_voice_en_18162929.opus,torn
./data/macroset/en/clips/torn/common_voice_en_27842.opus,torn
./data/macroset/en/clips/torn/common_voice_en_489171.opus,torn
./data/macroset/en/clips/torn/common_voice_en_19393600.opus,torn
./data/macroset/en/clips/torn/common_voice_en_598263.opus,torn
./data/macroset/en/clips/promises/common_voice_en_188727.opus,promises
./data/macroset/en/clips/promises/common_voice_en_614012.opus,promises
./data/macroset/en/clips/promises/common_voice_en_177339.opus,promises
./data/macroset/en/clips/promises/common_voice_en_22348.opus,promises
./data/macroset/en/clips/promises/common_voice_en_19678710.opus,promises
./data/macroset/en/clips/fibre/common_voice_en_20639414.opus,fibre
./data/macroset/en/clips/fibre/common_voice_en_466398.opus,fibre
./data/macroset/en/clips/fibre/common_voice_en_18302799.opus,fibre
./data/macroset/en/clips/fibre/common_voice_en_19845624.opus,fibre
./data/macroset/en/clips/fibre/common_voice_en_20417074.opus,fibre
./data/macroset/en/clips/awful/common_voice_en_20325733.opus,awful
./data/macroset/en/clips/awful/common_voice_en_587752.opus,awful
./data/macroset/en/clips/awful/common_voice_en_522885.opus,awful
./data/macroset/en/clips/awful/common_voice_en_69760.opus,awful
./data/macroset/en/clips/awful/common_voice_en_697857.opus,awful
./data/macroset/en/clips/aloud/common_voice_en_590740.opus,aloud
./data/macroset/en/clips/aloud/common_voice_en_621254.opus,aloud
./data/macroset/en/clips/aloud/common_voice_en_604109.opus,aloud
./data/macroset/en/clips/aloud/common_voice_en_86557.opus,aloud
./data/macroset/en/clips/aloud/common_voice_en_628005.opus,aloud
./data/macroset/en/clips/horace/common_voice_en_21794982.opus,horace
./data/macroset/en/clips/horace/common_voice_en_21932766.opus,horace
./data/macroset/en/clips/horace/common_voice_en_19248031.opus,horace
./data/macroset/en/clips/horace/common_voice_en_20466363.opus,horace
./data/macroset/en/clips/horace/common_voice_en_21724233.opus,horace
./data/macroset/en/clips/hostages/common_voice_en_18029862.opus,hostages
./data/macroset/en/clips/hostages/common_voice_en_19194767.opus,hostages
./data/macroset/en/clips/hostages/common_voice_en_83352.opus,hostages
./data/macroset/en/clips/hostages/common_voice_en_18277672.opus,hostages
./data/macroset/en/clips/hostages/common_voice_en_20343211.opus,hostages
./data/macroset/en/clips/carpet/common_voice_en_682039.opus,carpet
./data/macroset/en/clips/carpet/common_voice_en_21757461.opus,carpet
./data/macroset/en/clips/carpet/common_voice_en_18271933.opus,carpet
./data/macroset/en/clips/carpet/common_voice_en_18066563.opus,carpet
./data/macroset/en/clips/carpet/common_voice_en_18263130.opus,carpet
./data/macroset/en/clips/helene/common_voice_en_18548474.opus,helene
./data/macroset/en/clips/helene/common_voice_en_18547585.opus,helene
./data/macroset/en/clips/helene/common_voice_en_18549832.opus,helene
./data/macroset/en/clips/helene/common_voice_en_18667293.opus,helene
./data/macroset/en/clips/helene/common_voice_en_18593893.opus,helene
./data/macroset/en/clips/hanged/common_voice_en_618217.opus,hanged
./data/macroset/en/clips/hanged/common_voice_en_17731923.opus,hanged
./data/macroset/en/clips/hanged/common_voice_en_17370415.opus,hanged
./data/macroset/en/clips/hanged/common_voice_en_17274010.opus,hanged
./data/macroset/en/clips/hanged/common_voice_en_17785907.opus,hanged
./data/macroset/en/clips/correspond/common_voice_en_19518410.opus,correspond
./data/macroset/en/clips/correspond/common_voice_en_21371049.opus,correspond
./data/macroset/en/clips/correspond/common_voice_en_19453628.opus,correspond
./data/macroset/en/clips/correspond/common_voice_en_20876960.opus,correspond
./data/macroset/en/clips/correspond/common_voice_en_19805136.opus,correspond
./data/macroset/en/clips/terrorism/common_voice_en_21853343.opus,terrorism
./data/macroset/en/clips/terrorism/common_voice_en_605028.opus,terrorism
./data/macroset/en/clips/terrorism/common_voice_en_52587.opus,terrorism
./data/macroset/en/clips/terrorism/common_voice_en_20505934.opus,terrorism
./data/macroset/en/clips/terrorism/common_voice_en_21428389.opus,terrorism
./data/macroset/en/clips/catherine/common_voice_en_502316.opus,catherine
./data/macroset/en/clips/catherine/common_voice_en_601581.opus,catherine
./data/macroset/en/clips/catherine/common_voice_en_20824521.opus,catherine
./data/macroset/en/clips/catherine/common_voice_en_190877.opus,catherine
./data/macroset/en/clips/catherine/common_voice_en_39389.opus,catherine
./data/macroset/en/clips/yummy/common_voice_en_17294407.opus,yummy
./data/macroset/en/clips/yummy/common_voice_en_17283606.opus,yummy
./data/macroset/en/clips/yummy/common_voice_en_595453.opus,yummy
./data/macroset/en/clips/yummy/common_voice_en_7810.opus,yummy
./data/macroset/en/clips/yummy/common_voice_en_17844537.opus,yummy
./data/macroset/en/clips/allergic/common_voice_en_18291925.opus,allergic
./data/macroset/en/clips/allergic/common_voice_en_572977.opus,allergic
./data/macroset/en/clips/allergic/common_voice_en_556825.opus,allergic
./data/macroset/en/clips/allergic/common_voice_en_18142364.opus,allergic
./data/macroset/en/clips/allergic/common_voice_en_17863745.opus,allergic
./data/macroset/en/clips/themes/common_voice_en_19612332.opus,themes
./data/macroset/en/clips/themes/common_voice_en_19953431.opus,themes
./data/macroset/en/clips/themes/common_voice_en_20738650.opus,themes
./data/macroset/en/clips/themes/common_voice_en_22440760.opus,themes
./data/macroset/en/clips/themes/common_voice_en_22145086.opus,themes
./data/macroset/en/clips/private/common_voice_en_21588792.opus,private
./data/macroset/en/clips/private/common_voice_en_19868553.opus,private
./data/macroset/en/clips/private/common_voice_en_649469.opus,private
./data/macroset/en/clips/private/common_voice_en_22357953.opus,private
./data/macroset/en/clips/private/common_voice_en_19748596.opus,private
./data/macroset/en/clips/kitty/common_voice_en_20381845.opus,kitty
./data/macroset/en/clips/kitty/common_voice_en_18595065.opus,kitty
./data/macroset/en/clips/kitty/common_voice_en_19002131.opus,kitty
./data/macroset/en/clips/kitty/common_voice_en_20327984.opus,kitty
./data/macroset/en/clips/kitty/common_voice_en_18668644.opus,kitty
./data/macroset/en/clips/historical/common_voice_en_21771900.opus,historical
./data/macroset/en/clips/historical/common_voice_en_21365994.opus,historical
./data/macroset/en/clips/historical/common_voice_en_21305601.opus,historical
./data/macroset/en/clips/historical/common_voice_en_20601501.opus,historical
./data/macroset/en/clips/historical/common_voice_en_21112848.opus,historical
./data/macroset/en/clips/patterns/common_voice_en_20644341.opus,patterns
./data/macroset/en/clips/patterns/common_voice_en_19573334.opus,patterns
./data/macroset/en/clips/patterns/common_voice_en_19746798.opus,patterns
./data/macroset/en/clips/patterns/common_voice_en_20979152.opus,patterns
./data/macroset/en/clips/patterns/common_voice_en_21319454.opus,patterns
./data/macroset/en/clips/interim/common_voice_en_20026353.opus,interim
./data/macroset/en/clips/interim/common_voice_en_22295680.opus,interim
./data/macroset/en/clips/interim/common_voice_en_22283672.opus,interim
./data/macroset/en/clips/interim/common_voice_en_19172759.opus,interim
./data/macroset/en/clips/interim/common_voice_en_21692204.opus,interim
./data/macroset/en/clips/noun/common_voice_en_22423967.opus,noun
./data/macroset/en/clips/noun/common_voice_en_20461081.opus,noun
./data/macroset/en/clips/noun/common_voice_en_19179521.opus,noun
./data/macroset/en/clips/noun/common_voice_en_22051783.opus,noun
./data/macroset/en/clips/noun/common_voice_en_21650138.opus,noun
./data/macroset/en/clips/makeup/common_voice_en_19990892.opus,makeup
./data/macroset/en/clips/makeup/common_voice_en_20830833.opus,makeup
./data/macroset/en/clips/makeup/common_voice_en_217897.opus,makeup
./data/macroset/en/clips/makeup/common_voice_en_21146927.opus,makeup
./data/macroset/en/clips/makeup/common_voice_en_594227.opus,makeup
./data/macroset/en/clips/revealed/common_voice_en_19604578.opus,revealed
./data/macroset/en/clips/revealed/common_voice_en_20315509.opus,revealed
./data/macroset/en/clips/revealed/common_voice_en_19439593.opus,revealed
./data/macroset/en/clips/revealed/common_voice_en_18755025.opus,revealed
./data/macroset/en/clips/revealed/common_voice_en_19976791.opus,revealed
./data/macroset/en/clips/famous/common_voice_en_21133004.opus,famous
./data/macroset/en/clips/famous/common_voice_en_20945482.opus,famous
./data/macroset/en/clips/famous/common_voice_en_19292295.opus,famous
./data/macroset/en/clips/famous/common_voice_en_2328844.opus,famous
./data/macroset/en/clips/famous/common_voice_en_22428989.opus,famous
./data/macroset/en/clips/cipher/common_voice_en_18751589.opus,cipher
./data/macroset/en/clips/cipher/common_voice_en_20664763.opus,cipher
./data/macroset/en/clips/cipher/common_voice_en_18520213.opus,cipher
./data/macroset/en/clips/cipher/common_voice_en_21227708.opus,cipher
./data/macroset/en/clips/cipher/common_voice_en_18161817.opus,cipher
./data/macroset/en/clips/infrared/common_voice_en_17730694.opus,infrared
./data/macroset/en/clips/infrared/common_voice_en_20293510.opus,infrared
./data/macroset/en/clips/infrared/common_voice_en_17899068.opus,infrared
./data/macroset/en/clips/infrared/common_voice_en_17520734.opus,infrared
./data/macroset/en/clips/infrared/common_voice_en_17835169.opus,infrared
./data/macroset/en/clips/ventilation/common_voice_en_17514107.opus,ventilation
./data/macroset/en/clips/ventilation/common_voice_en_18144315.opus,ventilation
./data/macroset/en/clips/ventilation/common_voice_en_568095.opus,ventilation
./data/macroset/en/clips/ventilation/common_voice_en_17267856.opus,ventilation
./data/macroset/en/clips/ventilation/common_voice_en_17563974.opus,ventilation
./data/macroset/en/clips/improvement/common_voice_en_21523860.opus,improvement
./data/macroset/en/clips/improvement/common_voice_en_22340769.opus,improvement
./data/macroset/en/clips/improvement/common_voice_en_20965350.opus,improvement
./data/macroset/en/clips/improvement/common_voice_en_21781841.opus,improvement
./data/macroset/en/clips/improvement/common_voice_en_22101273.opus,improvement
./data/macroset/en/clips/monte/common_voice_en_20437828.opus,monte
./data/macroset/en/clips/monte/common_voice_en_20162941.opus,monte
./data/macroset/en/clips/monte/common_voice_en_20924358.opus,monte
./data/macroset/en/clips/monte/common_voice_en_19598458.opus,monte
./data/macroset/en/clips/monte/common_voice_en_19758910.opus,monte
./data/macroset/en/clips/fake/common_voice_en_54965.opus,fake
./data/macroset/en/clips/fake/common_voice_en_19684691.opus,fake
./data/macroset/en/clips/fake/common_voice_en_18657036.opus,fake
./data/macroset/en/clips/fake/common_voice_en_26667.opus,fake
./data/macroset/en/clips/fake/common_voice_en_178722.opus,fake
./data/macroset/en/clips/lizards/common_voice_en_665211.opus,lizards
./data/macroset/en/clips/lizards/common_voice_en_20267596.opus,lizards
./data/macroset/en/clips/lizards/common_voice_en_21223755.opus,lizards
./data/macroset/en/clips/lizards/common_voice_en_637018.opus,lizards
./data/macroset/en/clips/lizards/common_voice_en_591425.opus,lizards
./data/macroset/en/clips/random/common_voice_en_18980429.opus,random
./data/macroset/en/clips/random/common_voice_en_20755110.opus,random
./data/macroset/en/clips/random/common_voice_en_20176401.opus,random
./data/macroset/en/clips/random/common_voice_en_17288611.opus,random
./data/macroset/en/clips/random/common_voice_en_655868.opus,random
./data/macroset/en/clips/liking/common_voice_en_18567553.opus,liking
./data/macroset/en/clips/liking/common_voice_en_21868202.opus,liking
./data/macroset/en/clips/liking/common_voice_en_130197.opus,liking
./data/macroset/en/clips/liking/common_voice_en_19815169.opus,liking
./data/macroset/en/clips/liking/common_voice_en_525256.opus,liking
./data/macroset/en/clips/highlighting/common_voice_en_651022.opus,highlighting
./data/macroset/en/clips/highlighting/common_voice_en_526234.opus,highlighting
./data/macroset/en/clips/highlighting/common_voice_en_630622.opus,highlighting
./data/macroset/en/clips/highlighting/common_voice_en_616527.opus,highlighting
./data/macroset/en/clips/highlighting/common_voice_en_218559.opus,highlighting
./data/macroset/en/clips/representation/common_voice_en_20260861.opus,representation
./data/macroset/en/clips/representation/common_voice_en_304208.opus,representation
./data/macroset/en/clips/representation/common_voice_en_19611705.opus,representation
./data/macroset/en/clips/representation/common_voice_en_691650.opus,representation
./data/macroset/en/clips/representation/common_voice_en_623009.opus,representation
./data/macroset/en/clips/morphine/common_voice_en_644287.opus,morphine
./data/macroset/en/clips/morphine/common_voice_en_20974294.opus,morphine
./data/macroset/en/clips/morphine/common_voice_en_17730834.opus,morphine
./data/macroset/en/clips/morphine/common_voice_en_2202909.opus,morphine
./data/macroset/en/clips/morphine/common_voice_en_17840918.opus,morphine
./data/macroset/en/clips/coptic/common_voice_en_679718.opus,coptic
./data/macroset/en/clips/coptic/common_voice_en_96808.opus,coptic
./data/macroset/en/clips/coptic/common_voice_en_541723.opus,coptic
./data/macroset/en/clips/coptic/common_voice_en_567414.opus,coptic
./data/macroset/en/clips/coptic/common_voice_en_209237.opus,coptic
./data/macroset/en/clips/professionally/common_voice_en_612820.opus,professionally
./data/macroset/en/clips/professionally/common_voice_en_19853544.opus,professionally
./data/macroset/en/clips/professionally/common_voice_en_195606.opus,professionally
./data/macroset/en/clips/professionally/common_voice_en_495008.opus,professionally
./data/macroset/en/clips/professionally/common_voice_en_20888090.opus,professionally
./data/macroset/en/clips/embryo/common_voice_en_18163303.opus,embryo
./data/macroset/en/clips/embryo/common_voice_en_19796314.opus,embryo
./data/macroset/en/clips/embryo/common_voice_en_19638630.opus,embryo
./data/macroset/en/clips/embryo/common_voice_en_692358.opus,embryo
./data/macroset/en/clips/embryo/common_voice_en_481055.opus,embryo
./data/macroset/en/clips/leap/common_voice_en_527015.opus,leap
./data/macroset/en/clips/leap/common_voice_en_17847077.opus,leap
./data/macroset/en/clips/leap/common_voice_en_20226637.opus,leap
./data/macroset/en/clips/leap/common_voice_en_19574576.opus,leap
./data/macroset/en/clips/leap/common_voice_en_18715978.opus,leap
./data/macroset/en/clips/closed/common_voice_en_19651541.opus,closed
./data/macroset/en/clips/closed/common_voice_en_37727.opus,closed
./data/macroset/en/clips/closed/common_voice_en_18828044.opus,closed
./data/macroset/en/clips/closed/common_voice_en_601459.opus,closed
./data/macroset/en/clips/closed/common_voice_en_19732734.opus,closed
./data/macroset/en/clips/much/common_voice_en_21797398.opus,much
./data/macroset/en/clips/much/common_voice_en_64180.opus,much
./data/macroset/en/clips/much/common_voice_en_22321438.opus,much
./data/macroset/en/clips/much/common_voice_en_97768.opus,much
./data/macroset/en/clips/much/common_voice_en_17286678.opus,much
./data/macroset/en/clips/cameo/common_voice_en_20359049.opus,cameo
./data/macroset/en/clips/cameo/common_voice_en_21705175.opus,cameo
./data/macroset/en/clips/cameo/common_voice_en_21282435.opus,cameo
./data/macroset/en/clips/cameo/common_voice_en_19659078.opus,cameo
./data/macroset/en/clips/cameo/common_voice_en_20019765.opus,cameo
./data/macroset/en/clips/missionaries/common_voice_en_22183168.opus,missionaries
./data/macroset/en/clips/missionaries/common_voice_en_19615056.opus,missionaries
./data/macroset/en/clips/missionaries/common_voice_en_21777024.opus,missionaries
./data/macroset/en/clips/missionaries/common_voice_en_21062589.opus,missionaries
./data/macroset/en/clips/missionaries/common_voice_en_21342830.opus,missionaries
./data/macroset/en/clips/adjoining/common_voice_en_19510818.opus,adjoining
./data/macroset/en/clips/adjoining/common_voice_en_21723791.opus,adjoining
./data/macroset/en/clips/adjoining/common_voice_en_19032712.opus,adjoining
./data/macroset/en/clips/adjoining/common_voice_en_21915431.opus,adjoining
./data/macroset/en/clips/adjoining/common_voice_en_20234026.opus,adjoining
./data/macroset/en/clips/tender/common_voice_en_201497.opus,tender
./data/macroset/en/clips/tender/common_voice_en_19099186.opus,tender
./data/macroset/en/clips/tender/common_voice_en_3798471.opus,tender
./data/macroset/en/clips/tender/common_voice_en_20857948.opus,tender
./data/macroset/en/clips/tender/common_voice_en_17844326.opus,tender
./data/macroset/en/clips/campfire/common_voice_en_17666363.opus,campfire
./data/macroset/en/clips/campfire/common_voice_en_21677826.opus,campfire
./data/macroset/en/clips/campfire/common_voice_en_30118.opus,campfire
./data/macroset/en/clips/campfire/common_voice_en_505474.opus,campfire
./data/macroset/en/clips/campfire/common_voice_en_181870.opus,campfire
./data/macroset/en/clips/roy/common_voice_en_20715470.opus,roy
./data/macroset/en/clips/roy/common_voice_en_21977093.opus,roy
./data/macroset/en/clips/roy/common_voice_en_20234883.opus,roy
./data/macroset/en/clips/roy/common_voice_en_20866787.opus,roy
./data/macroset/en/clips/roy/common_voice_en_19775172.opus,roy
./data/macroset/en/clips/grow/common_voice_en_18400844.opus,grow
./data/macroset/en/clips/grow/common_voice_en_17631217.opus,grow
./data/macroset/en/clips/grow/common_voice_en_657766.opus,grow
./data/macroset/en/clips/grow/common_voice_en_18745185.opus,grow
./data/macroset/en/clips/grow/common_voice_en_17290184.opus,grow
./data/macroset/en/clips/monroe/common_voice_en_19487258.opus,monroe
./data/macroset/en/clips/monroe/common_voice_en_20221127.opus,monroe
./data/macroset/en/clips/monroe/common_voice_en_17917176.opus,monroe
./data/macroset/en/clips/monroe/common_voice_en_21857419.opus,monroe
./data/macroset/en/clips/monroe/common_voice_en_19789222.opus,monroe
./data/macroset/en/clips/eugene/common_voice_en_22146122.opus,eugene
./data/macroset/en/clips/eugene/common_voice_en_19683710.opus,eugene
./data/macroset/en/clips/eugene/common_voice_en_22420234.opus,eugene
./data/macroset/en/clips/eugene/common_voice_en_19458796.opus,eugene
./data/macroset/en/clips/eugene/common_voice_en_18826485.opus,eugene
./data/macroset/en/clips/icon/common_voice_en_21798425.opus,icon
./data/macroset/en/clips/icon/common_voice_en_19072268.opus,icon
./data/macroset/en/clips/icon/common_voice_en_18993962.opus,icon
./data/macroset/en/clips/icon/common_voice_en_21960266.opus,icon
./data/macroset/en/clips/icon/common_voice_en_19388132.opus,icon
./data/macroset/en/clips/gal/common_voice_en_674545.opus,gal
./data/macroset/en/clips/gal/common_voice_en_216913.opus,gal
./data/macroset/en/clips/gal/common_voice_en_19946018.opus,gal
./data/macroset/en/clips/gal/common_voice_en_171742.opus,gal
./data/macroset/en/clips/gal/common_voice_en_20174923.opus,gal
./data/macroset/en/clips/significantly/common_voice_en_20261564.opus,significantly
./data/macroset/en/clips/significantly/common_voice_en_21313917.opus,significantly
./data/macroset/en/clips/significantly/common_voice_en_18703687.opus,significantly
./data/macroset/en/clips/significantly/common_voice_en_19991442.opus,significantly
./data/macroset/en/clips/significantly/common_voice_en_18853543.opus,significantly
./data/macroset/en/clips/characterized/common_voice_en_20817213.opus,characterized
./data/macroset/en/clips/characterized/common_voice_en_19805879.opus,characterized
./data/macroset/en/clips/characterized/common_voice_en_22279203.opus,characterized
./data/macroset/en/clips/characterized/common_voice_en_20149323.opus,characterized
./data/macroset/en/clips/characterized/common_voice_en_19702971.opus,characterized
./data/macroset/en/clips/transfer/common_voice_en_527866.opus,transfer
./data/macroset/en/clips/transfer/common_voice_en_19641136.opus,transfer
./data/macroset/en/clips/transfer/common_voice_en_308717.opus,transfer
./data/macroset/en/clips/transfer/common_voice_en_21687762.opus,transfer
./data/macroset/en/clips/transfer/common_voice_en_19956676.opus,transfer
./data/macroset/en/clips/censorship/common_voice_en_17266983.opus,censorship
./data/macroset/en/clips/censorship/common_voice_en_535131.opus,censorship
./data/macroset/en/clips/censorship/common_voice_en_20075618.opus,censorship
./data/macroset/en/clips/censorship/common_voice_en_468741.opus,censorship
./data/macroset/en/clips/censorship/common_voice_en_20475107.opus,censorship
./data/macroset/en/clips/diocese/common_voice_en_21485198.opus,diocese
./data/macroset/en/clips/diocese/common_voice_en_22054098.opus,diocese
./data/macroset/en/clips/diocese/common_voice_en_21344415.opus,diocese
./data/macroset/en/clips/diocese/common_voice_en_19477211.opus,diocese
./data/macroset/en/clips/diocese/common_voice_en_22296231.opus,diocese
./data/macroset/en/clips/keeper/common_voice_en_19866997.opus,keeper
./data/macroset/en/clips/keeper/common_voice_en_22101067.opus,keeper
./data/macroset/en/clips/keeper/common_voice_en_22332232.opus,keeper
./data/macroset/en/clips/keeper/common_voice_en_22033427.opus,keeper
./data/macroset/en/clips/keeper/common_voice_en_20203150.opus,keeper
./data/macroset/en/clips/james/common_voice_en_20850464.opus,james
./data/macroset/en/clips/james/common_voice_en_22340431.opus,james
./data/macroset/en/clips/james/common_voice_en_21774121.opus,james
./data/macroset/en/clips/james/common_voice_en_18762158.opus,james
./data/macroset/en/clips/james/common_voice_en_22466984.opus,james
./data/macroset/en/clips/employer/common_voice_en_21179509.opus,employer
./data/macroset/en/clips/employer/common_voice_en_21364985.opus,employer
./data/macroset/en/clips/employer/common_voice_en_19430957.opus,employer
./data/macroset/en/clips/employer/common_voice_en_20990044.opus,employer
./data/macroset/en/clips/employer/common_voice_en_20300013.opus,employer
./data/macroset/en/clips/incumbent/common_voice_en_19968902.opus,incumbent
./data/macroset/en/clips/incumbent/common_voice_en_20067851.opus,incumbent
./data/macroset/en/clips/incumbent/common_voice_en_20562758.opus,incumbent
./data/macroset/en/clips/incumbent/common_voice_en_20178383.opus,incumbent
./data/macroset/en/clips/incumbent/common_voice_en_18869815.opus,incumbent
./data/macroset/en/clips/concentrated/common_voice_en_21089929.opus,concentrated
./data/macroset/en/clips/concentrated/common_voice_en_20974998.opus,concentrated
./data/macroset/en/clips/concentrated/common_voice_en_20792875.opus,concentrated
./data/macroset/en/clips/concentrated/common_voice_en_19827833.opus,concentrated
./data/macroset/en/clips/concentrated/common_voice_en_19827455.opus,concentrated
./data/macroset/en/clips/commanded/common_voice_en_19953907.opus,commanded
./data/macroset/en/clips/commanded/common_voice_en_21766172.opus,commanded
./data/macroset/en/clips/commanded/common_voice_en_20147800.opus,commanded
./data/macroset/en/clips/commanded/common_voice_en_19736600.opus,commanded
./data/macroset/en/clips/commanded/common_voice_en_18680861.opus,commanded
./data/macroset/en/clips/auction/common_voice_en_17405397.opus,auction
./data/macroset/en/clips/auction/common_voice_en_55572.opus,auction
./data/macroset/en/clips/auction/common_voice_en_187947.opus,auction
./data/macroset/en/clips/auction/common_voice_en_28504.opus,auction
./data/macroset/en/clips/auction/common_voice_en_202929.opus,auction
./data/macroset/en/clips/atlanta/common_voice_en_22325067.opus,atlanta
./data/macroset/en/clips/atlanta/common_voice_en_18739406.opus,atlanta
./data/macroset/en/clips/atlanta/common_voice_en_20754828.opus,atlanta
./data/macroset/en/clips/atlanta/common_voice_en_21831890.opus,atlanta
./data/macroset/en/clips/atlanta/common_voice_en_20996059.opus,atlanta
./data/macroset/en/clips/ties/common_voice_en_22138491.opus,ties
./data/macroset/en/clips/ties/common_voice_en_18673694.opus,ties
./data/macroset/en/clips/ties/common_voice_en_21868526.opus,ties
./data/macroset/en/clips/ties/common_voice_en_20746921.opus,ties
./data/macroset/en/clips/ties/common_voice_en_514500.opus,ties
./data/macroset/en/clips/puddles/common_voice_en_308392.opus,puddles
./data/macroset/en/clips/puddles/common_voice_en_603882.opus,puddles
./data/macroset/en/clips/puddles/common_voice_en_668986.opus,puddles
./data/macroset/en/clips/puddles/common_voice_en_604686.opus,puddles
./data/macroset/en/clips/puddles/common_voice_en_20865834.opus,puddles
./data/macroset/en/clips/gum/common_voice_en_19267805.opus,gum
./data/macroset/en/clips/gum/common_voice_en_94464.opus,gum
./data/macroset/en/clips/gum/common_voice_en_696611.opus,gum
./data/macroset/en/clips/gum/common_voice_en_626798.opus,gum
./data/macroset/en/clips/gum/common_voice_en_41143.opus,gum
./data/macroset/en/clips/pseudonym/common_voice_en_20049734.opus,pseudonym
./data/macroset/en/clips/pseudonym/common_voice_en_19288293.opus,pseudonym
./data/macroset/en/clips/pseudonym/common_voice_en_22273997.opus,pseudonym
./data/macroset/en/clips/pseudonym/common_voice_en_20965539.opus,pseudonym
./data/macroset/en/clips/pseudonym/common_voice_en_20870748.opus,pseudonym
./data/macroset/en/clips/status/common_voice_en_19289348.opus,status
./data/macroset/en/clips/status/common_voice_en_19635964.opus,status
./data/macroset/en/clips/status/common_voice_en_21875764.opus,status
./data/macroset/en/clips/status/common_voice_en_20806022.opus,status
./data/macroset/en/clips/status/common_voice_en_22134540.opus,status
./data/macroset/en/clips/walsh/common_voice_en_19730773.opus,walsh
./data/macroset/en/clips/walsh/common_voice_en_20965450.opus,walsh
./data/macroset/en/clips/walsh/common_voice_en_19573361.opus,walsh
./data/macroset/en/clips/walsh/common_voice_en_20177172.opus,walsh
./data/macroset/en/clips/walsh/common_voice_en_19733904.opus,walsh
./data/macroset/en/clips/dams/common_voice_en_19975637.opus,dams
./data/macroset/en/clips/dams/common_voice_en_21872845.opus,dams
./data/macroset/en/clips/dams/common_voice_en_19630651.opus,dams
./data/macroset/en/clips/dams/common_voice_en_20941063__2.opus,dams
./data/macroset/en/clips/dams/common_voice_en_18728010.opus,dams
./data/macroset/en/clips/beck/common_voice_en_20314738.opus,beck
./data/macroset/en/clips/beck/common_voice_en_19754507.opus,beck
./data/macroset/en/clips/beck/common_voice_en_21483871.opus,beck
./data/macroset/en/clips/beck/common_voice_en_19750242.opus,beck
./data/macroset/en/clips/beck/common_voice_en_20287018.opus,beck
./data/macroset/en/clips/tension/common_voice_en_20857901.opus,tension
./data/macroset/en/clips/tension/common_voice_en_19820230.opus,tension
./data/macroset/en/clips/tension/common_voice_en_20064351.opus,tension
./data/macroset/en/clips/tension/common_voice_en_18978477.opus,tension
./data/macroset/en/clips/tension/common_voice_en_19497851.opus,tension
./data/macroset/en/clips/institutions/common_voice_en_21322850.opus,institutions
./data/macroset/en/clips/institutions/common_voice_en_20909921.opus,institutions
./data/macroset/en/clips/institutions/common_voice_en_21095811.opus,institutions
./data/macroset/en/clips/institutions/common_voice_en_21314695.opus,institutions
./data/macroset/en/clips/institutions/common_voice_en_21636783.opus,institutions
./data/macroset/en/clips/reason/common_voice_en_17533529.opus,reason
./data/macroset/en/clips/reason/common_voice_en_22299695.opus,reason
./data/macroset/en/clips/reason/common_voice_en_45301.opus,reason
./data/macroset/en/clips/reason/common_voice_en_20339207.opus,reason
./data/macroset/en/clips/reason/common_voice_en_550197.opus,reason
./data/macroset/en/clips/benchmark/common_voice_en_484360.opus,benchmark
./data/macroset/en/clips/benchmark/common_voice_en_632720.opus,benchmark
./data/macroset/en/clips/benchmark/common_voice_en_119193.opus,benchmark
./data/macroset/en/clips/benchmark/common_voice_en_212092.opus,benchmark
./data/macroset/en/clips/benchmark/common_voice_en_551958.opus,benchmark
./data/macroset/en/clips/immediate/common_voice_en_19204508.opus,immediate
./data/macroset/en/clips/immediate/common_voice_en_19727118.opus,immediate
./data/macroset/en/clips/immediate/common_voice_en_19419336.opus,immediate
./data/macroset/en/clips/immediate/common_voice_en_19843848.opus,immediate
./data/macroset/en/clips/immediate/common_voice_en_19178037.opus,immediate
./data/macroset/en/clips/except/common_voice_en_682289.opus,except
./data/macroset/en/clips/except/common_voice_en_19497869.opus,except
./data/macroset/en/clips/except/common_voice_en_62134.opus,except
./data/macroset/en/clips/except/common_voice_en_21949409.opus,except
./data/macroset/en/clips/except/common_voice_en_19665436.opus,except
./data/macroset/en/clips/multivariate/common_voice_en_17841693.opus,multivariate
./data/macroset/en/clips/multivariate/common_voice_en_573431.opus,multivariate
./data/macroset/en/clips/multivariate/common_voice_en_20841058.opus,multivariate
./data/macroset/en/clips/multivariate/common_voice_en_20151714.opus,multivariate
./data/macroset/en/clips/multivariate/common_voice_en_17285493.opus,multivariate
./data/macroset/en/clips/frisbee/common_voice_en_3803.opus,frisbee
./data/macroset/en/clips/frisbee/common_voice_en_599069.opus,frisbee
./data/macroset/en/clips/frisbee/common_voice_en_667089.opus,frisbee
./data/macroset/en/clips/frisbee/common_voice_en_650653.opus,frisbee
./data/macroset/en/clips/frisbee/common_voice_en_653526.opus,frisbee
./data/macroset/en/clips/could/common_voice_en_515577.opus,could
./data/macroset/en/clips/could/common_voice_en_90919.opus,could
./data/macroset/en/clips/could/common_voice_en_640442.opus,could
./data/macroset/en/clips/could/common_voice_en_20735777.opus,could
./data/macroset/en/clips/could/common_voice_en_632945.opus,could
./data/macroset/en/clips/expecting/common_voice_en_689831.opus,expecting
./data/macroset/en/clips/expecting/common_voice_en_78068.opus,expecting
./data/macroset/en/clips/expecting/common_voice_en_20003456.opus,expecting
./data/macroset/en/clips/expecting/common_voice_en_18515193.opus,expecting
./data/macroset/en/clips/expecting/common_voice_en_51579.opus,expecting
./data/macroset/en/clips/tow/common_voice_en_591840.opus,tow
./data/macroset/en/clips/tow/common_voice_en_208217.opus,tow
./data/macroset/en/clips/tow/common_voice_en_20068117__2.opus,tow
./data/macroset/en/clips/tow/common_voice_en_20472878.opus,tow
./data/macroset/en/clips/tow/common_voice_en_18711153.opus,tow
./data/macroset/en/clips/connecting/common_voice_en_20286072.opus,connecting
./data/macroset/en/clips/connecting/common_voice_en_2021003.opus,connecting
./data/macroset/en/clips/connecting/common_voice_en_18799529.opus,connecting
./data/macroset/en/clips/connecting/common_voice_en_489229.opus,connecting
./data/macroset/en/clips/connecting/common_voice_en_22368085.opus,connecting
./data/macroset/en/clips/transgender/common_voice_en_17285232.opus,transgender
./data/macroset/en/clips/transgender/common_voice_en_17965786.opus,transgender
./data/macroset/en/clips/transgender/common_voice_en_17370215.opus,transgender
./data/macroset/en/clips/transgender/common_voice_en_17267026.opus,transgender
./data/macroset/en/clips/transgender/common_voice_en_598285.opus,transgender
./data/macroset/en/clips/overwhelmed/common_voice_en_17728035.opus,overwhelmed
./data/macroset/en/clips/overwhelmed/common_voice_en_78194.opus,overwhelmed
./data/macroset/en/clips/overwhelmed/common_voice_en_18353767.opus,overwhelmed
./data/macroset/en/clips/overwhelmed/common_voice_en_421603.opus,overwhelmed
./data/macroset/en/clips/overwhelmed/common_voice_en_18148711.opus,overwhelmed
./data/macroset/en/clips/watershed/common_voice_en_20755274.opus,watershed
./data/macroset/en/clips/watershed/common_voice_en_20603296.opus,watershed
./data/macroset/en/clips/watershed/common_voice_en_19757311.opus,watershed
./data/macroset/en/clips/watershed/common_voice_en_21069017.opus,watershed
./data/macroset/en/clips/watershed/common_voice_en_20982168.opus,watershed
./data/macroset/en/clips/crystal/common_voice_en_20174279.opus,crystal
./data/macroset/en/clips/crystal/common_voice_en_567470.opus,crystal
./data/macroset/en/clips/crystal/common_voice_en_549841.opus,crystal
./data/macroset/en/clips/crystal/common_voice_en_546396.opus,crystal
./data/macroset/en/clips/crystal/common_voice_en_19043378.opus,crystal
./data/macroset/en/clips/protestant/common_voice_en_20131007.opus,protestant
./data/macroset/en/clips/protestant/common_voice_en_18997532.opus,protestant
./data/macroset/en/clips/protestant/common_voice_en_20670497.opus,protestant
./data/macroset/en/clips/protestant/common_voice_en_20958303.opus,protestant
./data/macroset/en/clips/protestant/common_voice_en_20173779.opus,protestant
./data/macroset/en/clips/novels/common_voice_en_20591370.opus,novels
./data/macroset/en/clips/novels/common_voice_en_20516074.opus,novels
./data/macroset/en/clips/novels/common_voice_en_19561638.opus,novels
./data/macroset/en/clips/novels/common_voice_en_21341169.opus,novels
./data/macroset/en/clips/novels/common_voice_en_20081210.opus,novels
./data/macroset/en/clips/improves/common_voice_en_138171.opus,improves
./data/macroset/en/clips/improves/common_voice_en_662765.opus,improves
./data/macroset/en/clips/improves/common_voice_en_48278.opus,improves
./data/macroset/en/clips/improves/common_voice_en_197740.opus,improves
./data/macroset/en/clips/improves/common_voice_en_537679.opus,improves
./data/macroset/en/clips/immerse/common_voice_en_38365.opus,immerse
./data/macroset/en/clips/immerse/common_voice_en_506447.opus,immerse
./data/macroset/en/clips/immerse/common_voice_en_18641.opus,immerse
./data/macroset/en/clips/immerse/common_voice_en_519000.opus,immerse
./data/macroset/en/clips/immerse/common_voice_en_12562.opus,immerse
./data/macroset/en/clips/inquisition/common_voice_en_617533.opus,inquisition
./data/macroset/en/clips/inquisition/common_voice_en_415497.opus,inquisition
./data/macroset/en/clips/inquisition/common_voice_en_19152180.opus,inquisition
./data/macroset/en/clips/inquisition/common_voice_en_307109.opus,inquisition
./data/macroset/en/clips/inquisition/common_voice_en_17341257.opus,inquisition
./data/macroset/en/clips/submarines/common_voice_en_19175019.opus,submarines
./data/macroset/en/clips/submarines/common_voice_en_19786250.opus,submarines
./data/macroset/en/clips/submarines/common_voice_en_21095363.opus,submarines
./data/macroset/en/clips/submarines/common_voice_en_19934124.opus,submarines
./data/macroset/en/clips/submarines/common_voice_en_19158296.opus,submarines
./data/macroset/en/clips/normalization/common_voice_en_647690.opus,normalization
./data/macroset/en/clips/normalization/common_voice_en_45888.opus,normalization
./data/macroset/en/clips/normalization/common_voice_en_20964022.opus,normalization
./data/macroset/en/clips/normalization/common_voice_en_19946.opus,normalization
./data/macroset/en/clips/normalization/common_voice_en_589906.opus,normalization
./data/macroset/en/clips/wrinkled/common_voice_en_1883468.opus,wrinkled
./data/macroset/en/clips/wrinkled/common_voice_en_515284.opus,wrinkled
./data/macroset/en/clips/wrinkled/common_voice_en_18120559.opus,wrinkled
./data/macroset/en/clips/wrinkled/common_voice_en_19511846.opus,wrinkled
./data/macroset/en/clips/wrinkled/common_voice_en_52436.opus,wrinkled
./data/macroset/en/clips/contributor/common_voice_en_20870501.opus,contributor
./data/macroset/en/clips/contributor/common_voice_en_22377196.opus,contributor
./data/macroset/en/clips/contributor/common_voice_en_19507593.opus,contributor
./data/macroset/en/clips/contributor/common_voice_en_19864749.opus,contributor
./data/macroset/en/clips/contributor/common_voice_en_19466851.opus,contributor
./data/macroset/en/clips/individually/common_voice_en_19618070.opus,individually
./data/macroset/en/clips/individually/common_voice_en_599003.opus,individually
./data/macroset/en/clips/individually/common_voice_en_645087.opus,individually
./data/macroset/en/clips/individually/common_voice_en_18626900.opus,individually
./data/macroset/en/clips/individually/common_voice_en_515876.opus,individually
./data/macroset/en/clips/blade/common_voice_en_586302.opus,blade
./data/macroset/en/clips/blade/common_voice_en_22240713.opus,blade
./data/macroset/en/clips/blade/common_voice_en_19148777.opus,blade
./data/macroset/en/clips/blade/common_voice_en_20129645.opus,blade
./data/macroset/en/clips/blade/common_voice_en_614797.opus,blade
./data/macroset/en/clips/tour/common_voice_en_19857547.opus,tour
./data/macroset/en/clips/tour/common_voice_en_20462017.opus,tour
./data/macroset/en/clips/tour/common_voice_en_19848070__2.opus,tour
./data/macroset/en/clips/tour/common_voice_en_21387961.opus,tour
./data/macroset/en/clips/tour/common_voice_en_21831907.opus,tour
./data/macroset/en/clips/streams/common_voice_en_17726870.opus,streams
./data/macroset/en/clips/streams/common_voice_en_19916544.opus,streams
./data/macroset/en/clips/streams/common_voice_en_21985896.opus,streams
./data/macroset/en/clips/streams/common_voice_en_21322079.opus,streams
./data/macroset/en/clips/streams/common_voice_en_21102411.opus,streams
./data/macroset/en/clips/owl/common_voice_en_20522401.opus,owl
./data/macroset/en/clips/owl/common_voice_en_20172171__2.opus,owl
./data/macroset/en/clips/owl/common_voice_en_20676226.opus,owl
./data/macroset/en/clips/owl/common_voice_en_20172171.opus,owl
./data/macroset/en/clips/owl/common_voice_en_21775845.opus,owl
./data/macroset/en/clips/patio/common_voice_en_17787317.opus,patio
./data/macroset/en/clips/patio/common_voice_en_17283583.opus,patio
./data/macroset/en/clips/patio/common_voice_en_17874868.opus,patio
./data/macroset/en/clips/patio/common_voice_en_17863961.opus,patio
./data/macroset/en/clips/patio/common_voice_en_18144475.opus,patio
./data/macroset/en/clips/tributaries/common_voice_en_21447818.opus,tributaries
./data/macroset/en/clips/tributaries/common_voice_en_20990021.opus,tributaries
./data/macroset/en/clips/tributaries/common_voice_en_20235286.opus,tributaries
./data/macroset/en/clips/tributaries/common_voice_en_19762214.opus,tributaries
./data/macroset/en/clips/tributaries/common_voice_en_20978585.opus,tributaries
./data/macroset/en/clips/revived/common_voice_en_19562085.opus,revived
./data/macroset/en/clips/revived/common_voice_en_21469153.opus,revived
./data/macroset/en/clips/revived/common_voice_en_19533109.opus,revived
./data/macroset/en/clips/revived/common_voice_en_20241040.opus,revived
./data/macroset/en/clips/revived/common_voice_en_87942.opus,revived
./data/macroset/en/clips/rewrite/common_voice_en_98401.opus,rewrite
./data/macroset/en/clips/rewrite/common_voice_en_510703.opus,rewrite
./data/macroset/en/clips/rewrite/common_voice_en_8210.opus,rewrite
./data/macroset/en/clips/rewrite/common_voice_en_95717.opus,rewrite
./data/macroset/en/clips/rewrite/common_voice_en_18480223.opus,rewrite
./data/macroset/en/clips/surroundings/common_voice_en_595362.opus,surroundings
./data/macroset/en/clips/surroundings/common_voice_en_18848631.opus,surroundings
./data/macroset/en/clips/surroundings/common_voice_en_18487965.opus,surroundings
./data/macroset/en/clips/surroundings/common_voice_en_211886.opus,surroundings
./data/macroset/en/clips/surroundings/common_voice_en_76025.opus,surroundings
./data/macroset/en/clips/hackneyed/common_voice_en_17390655.opus,hackneyed
./data/macroset/en/clips/hackneyed/common_voice_en_17290067.opus,hackneyed
./data/macroset/en/clips/hackneyed/common_voice_en_17776230.opus,hackneyed
./data/macroset/en/clips/hackneyed/common_voice_en_17884877.opus,hackneyed
./data/macroset/en/clips/hackneyed/common_voice_en_17688280.opus,hackneyed
./data/macroset/en/clips/standard/common_voice_en_18879966.opus,standard
./data/macroset/en/clips/standard/common_voice_en_18527222.opus,standard
./data/macroset/en/clips/standard/common_voice_en_654231.opus,standard
./data/macroset/en/clips/standard/common_voice_en_19501957.opus,standard
./data/macroset/en/clips/standard/common_voice_en_19749384.opus,standard
./data/macroset/en/clips/elephant/common_voice_en_481079__2.opus,elephant
./data/macroset/en/clips/elephant/common_voice_en_21677998.opus,elephant
./data/macroset/en/clips/elephant/common_voice_en_657978.opus,elephant
./data/macroset/en/clips/elephant/common_voice_en_558844__2.opus,elephant
./data/macroset/en/clips/elephant/common_voice_en_164103__2.opus,elephant
./data/macroset/en/clips/flagship/common_voice_en_20475065.opus,flagship
./data/macroset/en/clips/flagship/common_voice_en_20161608.opus,flagship
./data/macroset/en/clips/flagship/common_voice_en_19267561.opus,flagship
./data/macroset/en/clips/flagship/common_voice_en_19522956.opus,flagship
./data/macroset/en/clips/flagship/common_voice_en_21100832.opus,flagship
./data/macroset/en/clips/refined/common_voice_en_19730145.opus,refined
./data/macroset/en/clips/refined/common_voice_en_20296845.opus,refined
./data/macroset/en/clips/refined/common_voice_en_22291927.opus,refined
./data/macroset/en/clips/refined/common_voice_en_21338027.opus,refined
./data/macroset/en/clips/refined/common_voice_en_20883063.opus,refined
./data/macroset/en/clips/discouraged/common_voice_en_19061664.opus,discouraged
./data/macroset/en/clips/discouraged/common_voice_en_20291153.opus,discouraged
./data/macroset/en/clips/discouraged/common_voice_en_21931367.opus,discouraged
./data/macroset/en/clips/discouraged/common_voice_en_21351411.opus,discouraged
./data/macroset/en/clips/discouraged/common_voice_en_20435572.opus,discouraged
./data/macroset/en/clips/slices/common_voice_en_311818.opus,slices
./data/macroset/en/clips/slices/common_voice_en_18104728.opus,slices
./data/macroset/en/clips/slices/common_voice_en_18123329.opus,slices
./data/macroset/en/clips/slices/common_voice_en_18129345.opus,slices
./data/macroset/en/clips/slices/common_voice_en_586968.opus,slices
./data/macroset/en/clips/orleans/common_voice_en_20882992.opus,orleans
./data/macroset/en/clips/orleans/common_voice_en_20919850.opus,orleans
./data/macroset/en/clips/orleans/common_voice_en_19130229.opus,orleans
./data/macroset/en/clips/orleans/common_voice_en_21878688.opus,orleans
./data/macroset/en/clips/orleans/common_voice_en_20078315.opus,orleans
./data/macroset/en/clips/botanical/common_voice_en_20403513.opus,botanical
./data/macroset/en/clips/botanical/common_voice_en_21563677.opus,botanical
./data/macroset/en/clips/botanical/common_voice_en_21951398.opus,botanical
./data/macroset/en/clips/botanical/common_voice_en_20043660.opus,botanical
./data/macroset/en/clips/botanical/common_voice_en_21967433.opus,botanical
./data/macroset/en/clips/advertisements/common_voice_en_20239924.opus,advertisements
./data/macroset/en/clips/advertisements/common_voice_en_22341284.opus,advertisements
./data/macroset/en/clips/advertisements/common_voice_en_501056.opus,advertisements
./data/macroset/en/clips/advertisements/common_voice_en_659414.opus,advertisements
./data/macroset/en/clips/advertisements/common_voice_en_21065315.opus,advertisements
./data/macroset/en/clips/mall/common_voice_en_19862407.opus,mall
./data/macroset/en/clips/mall/common_voice_en_20506398.opus,mall
./data/macroset/en/clips/mall/common_voice_en_20535662.opus,mall
./data/macroset/en/clips/mall/common_voice_en_21469841.opus,mall
./data/macroset/en/clips/mall/common_voice_en_505694.opus,mall
./data/macroset/en/clips/purely/common_voice_en_21724946.opus,purely
./data/macroset/en/clips/purely/common_voice_en_19501951.opus,purely
./data/macroset/en/clips/purely/common_voice_en_18712446.opus,purely
./data/macroset/en/clips/purely/common_voice_en_19677483.opus,purely
./data/macroset/en/clips/purely/common_voice_en_21957861.opus,purely
./data/macroset/en/clips/regret/common_voice_en_22289472.opus,regret
./data/macroset/en/clips/regret/common_voice_en_19093339.opus,regret
./data/macroset/en/clips/regret/common_voice_en_18479356.opus,regret
./data/macroset/en/clips/regret/common_voice_en_18465582.opus,regret
./data/macroset/en/clips/regret/common_voice_en_20092298.opus,regret
./data/macroset/en/clips/gods/common_voice_en_18925877.opus,gods
./data/macroset/en/clips/gods/common_voice_en_19753474.opus,gods
./data/macroset/en/clips/gods/common_voice_en_19958041.opus,gods
./data/macroset/en/clips/gods/common_voice_en_515647.opus,gods
./data/macroset/en/clips/gods/common_voice_en_20447964.opus,gods
./data/macroset/en/clips/daddy/common_voice_en_18834579.opus,daddy
./data/macroset/en/clips/daddy/common_voice_en_528864.opus,daddy
./data/macroset/en/clips/daddy/common_voice_en_23873.opus,daddy
./data/macroset/en/clips/daddy/common_voice_en_22329919.opus,daddy
./data/macroset/en/clips/daddy/common_voice_en_670541.opus,daddy
./data/macroset/en/clips/atop/common_voice_en_573984.opus,atop
./data/macroset/en/clips/atop/common_voice_en_21159419.opus,atop
./data/macroset/en/clips/atop/common_voice_en_19417222.opus,atop
./data/macroset/en/clips/atop/common_voice_en_20872553.opus,atop
./data/macroset/en/clips/atop/common_voice_en_558915.opus,atop
./data/macroset/en/clips/surveyor/common_voice_en_21877303.opus,surveyor
./data/macroset/en/clips/surveyor/common_voice_en_19711097.opus,surveyor
./data/macroset/en/clips/surveyor/common_voice_en_18543035.opus,surveyor
./data/macroset/en/clips/surveyor/common_voice_en_20779267.opus,surveyor
./data/macroset/en/clips/surveyor/common_voice_en_20688656.opus,surveyor
./data/macroset/en/clips/goings/common_voice_en_96058.opus,goings
./data/macroset/en/clips/goings/common_voice_en_53353.opus,goings
./data/macroset/en/clips/goings/common_voice_en_639304.opus,goings
./data/macroset/en/clips/goings/common_voice_en_541501.opus,goings
./data/macroset/en/clips/goings/common_voice_en_1902.opus,goings
./data/macroset/en/clips/sensual/common_voice_en_17966220.opus,sensual
./data/macroset/en/clips/sensual/common_voice_en_17885410.opus,sensual
./data/macroset/en/clips/sensual/common_voice_en_517513.opus,sensual
./data/macroset/en/clips/sensual/common_voice_en_22362073.opus,sensual
./data/macroset/en/clips/sensual/common_voice_en_17937436.opus,sensual
./data/macroset/en/clips/bees/common_voice_en_215426.opus,bees
./data/macroset/en/clips/bees/common_voice_en_83768.opus,bees
./data/macroset/en/clips/bees/common_voice_en_20007562.opus,bees
./data/macroset/en/clips/bees/common_voice_en_547441.opus,bees
./data/macroset/en/clips/bees/common_voice_en_18066020.opus,bees
./data/macroset/en/clips/shoulder/common_voice_en_18147326.opus,shoulder
./data/macroset/en/clips/shoulder/common_voice_en_602562.opus,shoulder
./data/macroset/en/clips/shoulder/common_voice_en_55220.opus,shoulder
./data/macroset/en/clips/shoulder/common_voice_en_678599.opus,shoulder
./data/macroset/en/clips/shoulder/common_voice_en_20830720__2.opus,shoulder
./data/macroset/en/clips/collectively/common_voice_en_19968763.opus,collectively
./data/macroset/en/clips/collectively/common_voice_en_19791141.opus,collectively
./data/macroset/en/clips/collectively/common_voice_en_19249073.opus,collectively
./data/macroset/en/clips/collectively/common_voice_en_18870640.opus,collectively
./data/macroset/en/clips/collectively/common_voice_en_19249059.opus,collectively
./data/macroset/en/clips/vase/common_voice_en_648027.opus,vase
./data/macroset/en/clips/vase/common_voice_en_496204.opus,vase
./data/macroset/en/clips/vase/common_voice_en_505234.opus,vase
./data/macroset/en/clips/vase/common_voice_en_17888000.opus,vase
./data/macroset/en/clips/vase/common_voice_en_20145217.opus,vase
./data/macroset/en/clips/debt/common_voice_en_21755445.opus,debt
./data/macroset/en/clips/debt/common_voice_en_444815.opus,debt
./data/macroset/en/clips/debt/common_voice_en_18116665.opus,debt
./data/macroset/en/clips/debt/common_voice_en_21971783.opus,debt
./data/macroset/en/clips/debt/common_voice_en_22290885.opus,debt
./data/macroset/en/clips/sealant/common_voice_en_198917.opus,sealant
./data/macroset/en/clips/sealant/common_voice_en_477233.opus,sealant
./data/macroset/en/clips/sealant/common_voice_en_563769.opus,sealant
./data/macroset/en/clips/sealant/common_voice_en_22737.opus,sealant
./data/macroset/en/clips/sealant/common_voice_en_570677.opus,sealant
./data/macroset/en/clips/translated/common_voice_en_21982327.opus,translated
./data/macroset/en/clips/translated/common_voice_en_32238.opus,translated
./data/macroset/en/clips/translated/common_voice_en_21030898.opus,translated
./data/macroset/en/clips/translated/common_voice_en_19961244.opus,translated
./data/macroset/en/clips/translated/common_voice_en_19553053.opus,translated
./data/macroset/en/clips/falsetto/common_voice_en_17394589.opus,falsetto
./data/macroset/en/clips/falsetto/common_voice_en_17263716.opus,falsetto
./data/macroset/en/clips/falsetto/common_voice_en_22151512.opus,falsetto
./data/macroset/en/clips/falsetto/common_voice_en_561409.opus,falsetto
./data/macroset/en/clips/falsetto/common_voice_en_17268843.opus,falsetto
./data/macroset/en/clips/shared/common_voice_en_426141.opus,shared
./data/macroset/en/clips/shared/common_voice_en_21081638.opus,shared
./data/macroset/en/clips/shared/common_voice_en_556207.opus,shared
./data/macroset/en/clips/shared/common_voice_en_20743868.opus,shared
./data/macroset/en/clips/shared/common_voice_en_21334666.opus,shared
./data/macroset/en/clips/armstrong/common_voice_en_258831.opus,armstrong
./data/macroset/en/clips/armstrong/common_voice_en_20393543.opus,armstrong
./data/macroset/en/clips/armstrong/common_voice_en_21724929.opus,armstrong
./data/macroset/en/clips/armstrong/common_voice_en_21864653.opus,armstrong
./data/macroset/en/clips/armstrong/common_voice_en_20871680.opus,armstrong
./data/macroset/en/clips/former/common_voice_en_22279502.opus,former
./data/macroset/en/clips/former/common_voice_en_19543816.opus,former
./data/macroset/en/clips/former/common_voice_en_22248927.opus,former
./data/macroset/en/clips/former/common_voice_en_18779718.opus,former
./data/macroset/en/clips/former/common_voice_en_666147.opus,former
./data/macroset/en/clips/earl/common_voice_en_19766330.opus,earl
./data/macroset/en/clips/earl/common_voice_en_18943040.opus,earl
./data/macroset/en/clips/earl/common_voice_en_21333632.opus,earl
./data/macroset/en/clips/earl/common_voice_en_21696762.opus,earl
./data/macroset/en/clips/earl/common_voice_en_19063928.opus,earl
./data/macroset/en/clips/justin/common_voice_en_20754408.opus,justin
./data/macroset/en/clips/justin/common_voice_en_20035579.opus,justin
./data/macroset/en/clips/justin/common_voice_en_21815724.opus,justin
./data/macroset/en/clips/justin/common_voice_en_19053824.opus,justin
./data/macroset/en/clips/justin/common_voice_en_20276004.opus,justin
./data/macroset/en/clips/uncontrolled/common_voice_en_21681074.opus,uncontrolled
./data/macroset/en/clips/uncontrolled/common_voice_en_17284002.opus,uncontrolled
./data/macroset/en/clips/uncontrolled/common_voice_en_17887652.opus,uncontrolled
./data/macroset/en/clips/uncontrolled/common_voice_en_18281556.opus,uncontrolled
./data/macroset/en/clips/uncontrolled/common_voice_en_54245.opus,uncontrolled
./data/macroset/en/clips/learn/common_voice_en_30711.opus,learn
./data/macroset/en/clips/learn/common_voice_en_627084.opus,learn
./data/macroset/en/clips/learn/common_voice_en_549989.opus,learn
./data/macroset/en/clips/learn/common_voice_en_688198.opus,learn
./data/macroset/en/clips/learn/common_voice_en_409444.opus,learn
./data/macroset/en/clips/oversteered/common_voice_en_17390853.opus,oversteered
./data/macroset/en/clips/oversteered/common_voice_en_18039394.opus,oversteered
./data/macroset/en/clips/oversteered/common_voice_en_68106.opus,oversteered
./data/macroset/en/clips/oversteered/common_voice_en_27851.opus,oversteered
./data/macroset/en/clips/oversteered/common_voice_en_17788960.opus,oversteered
./data/macroset/en/clips/equipment/common_voice_en_22058849.opus,equipment
./data/macroset/en/clips/equipment/common_voice_en_21640209.opus,equipment
./data/macroset/en/clips/equipment/common_voice_en_22181099.opus,equipment
./data/macroset/en/clips/equipment/common_voice_en_92919.opus,equipment
./data/macroset/en/clips/equipment/common_voice_en_19456203.opus,equipment
./data/macroset/en/clips/emeritus/common_voice_en_20798214.opus,emeritus
./data/macroset/en/clips/emeritus/common_voice_en_20005713.opus,emeritus
./data/macroset/en/clips/emeritus/common_voice_en_20215447.opus,emeritus
./data/macroset/en/clips/emeritus/common_voice_en_19947811.opus,emeritus
./data/macroset/en/clips/emeritus/common_voice_en_19656666.opus,emeritus
./data/macroset/en/clips/walkway/common_voice_en_524792.opus,walkway
./data/macroset/en/clips/walkway/common_voice_en_8995.opus,walkway
./data/macroset/en/clips/walkway/common_voice_en_20162629.opus,walkway
./data/macroset/en/clips/walkway/common_voice_en_19594917__2.opus,walkway
./data/macroset/en/clips/walkway/common_voice_en_20515475.opus,walkway
./data/macroset/en/clips/cotton/common_voice_en_20093087.opus,cotton
./data/macroset/en/clips/cotton/common_voice_en_20951522.opus,cotton
./data/macroset/en/clips/cotton/common_voice_en_18767890.opus,cotton
./data/macroset/en/clips/cotton/common_voice_en_489112.opus,cotton
./data/macroset/en/clips/cotton/common_voice_en_20877723__2.opus,cotton
./data/macroset/en/clips/fuzzy/common_voice_en_22278955.opus,fuzzy
./data/macroset/en/clips/fuzzy/common_voice_en_505612.opus,fuzzy
./data/macroset/en/clips/fuzzy/common_voice_en_20791550.opus,fuzzy
./data/macroset/en/clips/fuzzy/common_voice_en_617153.opus,fuzzy
./data/macroset/en/clips/fuzzy/common_voice_en_6923140.opus,fuzzy
./data/macroset/en/clips/lad/common_voice_en_17422845.opus,lad
./data/macroset/en/clips/lad/common_voice_en_508803.opus,lad
./data/macroset/en/clips/lad/common_voice_en_18432476.opus,lad
./data/macroset/en/clips/lad/common_voice_en_17534824.opus,lad
./data/macroset/en/clips/lad/common_voice_en_18433795.opus,lad
./data/macroset/en/clips/concessions/common_voice_en_148643.opus,concessions
./data/macroset/en/clips/concessions/common_voice_en_194553.opus,concessions
./data/macroset/en/clips/concessions/common_voice_en_553187.opus,concessions
./data/macroset/en/clips/concessions/common_voice_en_189575.opus,concessions
./data/macroset/en/clips/concessions/common_voice_en_594308.opus,concessions
./data/macroset/en/clips/suitably/common_voice_en_17589382.opus,suitably
./data/macroset/en/clips/suitably/common_voice_en_17891175.opus,suitably
./data/macroset/en/clips/suitably/common_voice_en_17380867.opus,suitably
./data/macroset/en/clips/suitably/common_voice_en_17346184.opus,suitably
./data/macroset/en/clips/suitably/common_voice_en_17885294.opus,suitably
./data/macroset/en/clips/dynasty/common_voice_en_20024741.opus,dynasty
./data/macroset/en/clips/dynasty/common_voice_en_19680391.opus,dynasty
./data/macroset/en/clips/dynasty/common_voice_en_22051440.opus,dynasty
./data/macroset/en/clips/dynasty/common_voice_en_21348703.opus,dynasty
./data/macroset/en/clips/dynasty/common_voice_en_20139822.opus,dynasty
./data/macroset/en/clips/sketch/common_voice_en_19164695.opus,sketch
./data/macroset/en/clips/sketch/common_voice_en_19783849.opus,sketch
./data/macroset/en/clips/sketch/common_voice_en_18514859.opus,sketch
./data/macroset/en/clips/sketch/common_voice_en_18419058.opus,sketch
./data/macroset/en/clips/sketch/common_voice_en_20305444.opus,sketch
./data/macroset/en/clips/absorbed/common_voice_en_19516280.opus,absorbed
./data/macroset/en/clips/absorbed/common_voice_en_18851711.opus,absorbed
./data/macroset/en/clips/absorbed/common_voice_en_20361525.opus,absorbed
./data/macroset/en/clips/absorbed/common_voice_en_18646216.opus,absorbed
./data/macroset/en/clips/absorbed/common_voice_en_19009582.opus,absorbed
./data/macroset/en/clips/villain/common_voice_en_22148280.opus,villain
./data/macroset/en/clips/villain/common_voice_en_22137236.opus,villain
./data/macroset/en/clips/villain/common_voice_en_19815594.opus,villain
./data/macroset/en/clips/villain/common_voice_en_19068859.opus,villain
./data/macroset/en/clips/villain/common_voice_en_19848055.opus,villain
./data/macroset/en/clips/conditions/common_voice_en_19230667.opus,conditions
./data/macroset/en/clips/conditions/common_voice_en_19867871.opus,conditions
./data/macroset/en/clips/conditions/common_voice_en_19773603.opus,conditions
./data/macroset/en/clips/conditions/common_voice_en_20595218.opus,conditions
./data/macroset/en/clips/conditions/common_voice_en_21921130.opus,conditions
./data/macroset/en/clips/scary/common_voice_en_167831.opus,scary
./data/macroset/en/clips/scary/common_voice_en_911236.opus,scary
./data/macroset/en/clips/scary/common_voice_en_18115002.opus,scary
./data/macroset/en/clips/scary/common_voice_en_17757.opus,scary
./data/macroset/en/clips/scary/common_voice_en_424052.opus,scary
./data/macroset/en/clips/ruby/common_voice_en_22377737.opus,ruby
./data/macroset/en/clips/ruby/common_voice_en_19789393.opus,ruby
./data/macroset/en/clips/ruby/common_voice_en_20048935.opus,ruby
./data/macroset/en/clips/ruby/common_voice_en_19844594.opus,ruby
./data/macroset/en/clips/ruby/common_voice_en_21529875.opus,ruby
./data/macroset/en/clips/greeks/common_voice_en_20187774.opus,greeks
./data/macroset/en/clips/greeks/common_voice_en_20052577.opus,greeks
./data/macroset/en/clips/greeks/common_voice_en_22232875.opus,greeks
./data/macroset/en/clips/greeks/common_voice_en_18816138.opus,greeks
./data/macroset/en/clips/greeks/common_voice_en_21926066.opus,greeks
./data/macroset/en/clips/romeo/common_voice_en_18675498.opus,romeo
./data/macroset/en/clips/romeo/common_voice_en_20639489.opus,romeo
./data/macroset/en/clips/romeo/common_voice_en_17866689.opus,romeo
./data/macroset/en/clips/romeo/common_voice_en_20511305.opus,romeo
./data/macroset/en/clips/romeo/common_voice_en_18475603.opus,romeo
./data/macroset/en/clips/imminent/common_voice_en_584437.opus,imminent
./data/macroset/en/clips/imminent/common_voice_en_21512635.opus,imminent
./data/macroset/en/clips/imminent/common_voice_en_17535792.opus,imminent
./data/macroset/en/clips/imminent/common_voice_en_17301583.opus,imminent
./data/macroset/en/clips/imminent/common_voice_en_20858374.opus,imminent
./data/macroset/en/clips/entities/common_voice_en_19869063.opus,entities
./data/macroset/en/clips/entities/common_voice_en_22058432.opus,entities
./data/macroset/en/clips/entities/common_voice_en_19792872.opus,entities
./data/macroset/en/clips/entities/common_voice_en_19708876.opus,entities
./data/macroset/en/clips/entities/common_voice_en_21079130.opus,entities
./data/macroset/en/clips/vital/common_voice_en_18326984.opus,vital
./data/macroset/en/clips/vital/common_voice_en_20994792.opus,vital
./data/macroset/en/clips/vital/common_voice_en_20435295.opus,vital
./data/macroset/en/clips/vital/common_voice_en_19311642.opus,vital
./data/macroset/en/clips/vital/common_voice_en_18486768.opus,vital
./data/macroset/en/clips/filed/common_voice_en_22246847.opus,filed
./data/macroset/en/clips/filed/common_voice_en_19693097.opus,filed
./data/macroset/en/clips/filed/common_voice_en_19777658.opus,filed
./data/macroset/en/clips/filed/common_voice_en_21365497.opus,filed
./data/macroset/en/clips/filed/common_voice_en_19024854.opus,filed
./data/macroset/en/clips/vimeo/common_voice_en_503995.opus,vimeo
./data/macroset/en/clips/vimeo/common_voice_en_66074.opus,vimeo
./data/macroset/en/clips/vimeo/common_voice_en_79209.opus,vimeo
./data/macroset/en/clips/vimeo/common_voice_en_543188.opus,vimeo
./data/macroset/en/clips/vimeo/common_voice_en_74934.opus,vimeo
./data/macroset/en/clips/dying/common_voice_en_18625357.opus,dying
./data/macroset/en/clips/dying/common_voice_en_63000.opus,dying
./data/macroset/en/clips/dying/common_voice_en_20858252.opus,dying
./data/macroset/en/clips/dying/common_voice_en_667369.opus,dying
./data/macroset/en/clips/dying/common_voice_en_19595404.opus,dying
./data/macroset/en/clips/flush/common_voice_en_20840886.opus,flush
./data/macroset/en/clips/flush/common_voice_en_20304833.opus,flush
./data/macroset/en/clips/flush/common_voice_en_18507509.opus,flush
./data/macroset/en/clips/flush/common_voice_en_21663749.opus,flush
./data/macroset/en/clips/flush/common_voice_en_18526354.opus,flush
./data/macroset/en/clips/donation/common_voice_en_21786525.opus,donation
./data/macroset/en/clips/donation/common_voice_en_18478375.opus,donation
./data/macroset/en/clips/donation/common_voice_en_18834692.opus,donation
./data/macroset/en/clips/donation/common_voice_en_18474047.opus,donation
./data/macroset/en/clips/donation/common_voice_en_20345451.opus,donation
./data/macroset/en/clips/invaded/common_voice_en_19845385.opus,invaded
./data/macroset/en/clips/invaded/common_voice_en_20973817.opus,invaded
./data/macroset/en/clips/invaded/common_voice_en_20353905.opus,invaded
./data/macroset/en/clips/invaded/common_voice_en_22371377.opus,invaded
./data/macroset/en/clips/invaded/common_voice_en_20735786.opus,invaded
./data/macroset/en/clips/hollered/common_voice_en_17526413.opus,hollered
./data/macroset/en/clips/hollered/common_voice_en_18301.opus,hollered
./data/macroset/en/clips/hollered/common_voice_en_17966063.opus,hollered
./data/macroset/en/clips/hollered/common_voice_en_17256982.opus,hollered
./data/macroset/en/clips/hollered/common_voice_en_556513.opus,hollered
./data/macroset/en/clips/airborne/common_voice_en_18945444.opus,airborne
./data/macroset/en/clips/airborne/common_voice_en_598025.opus,airborne
./data/macroset/en/clips/airborne/common_voice_en_17986040.opus,airborne
./data/macroset/en/clips/airborne/common_voice_en_20938096.opus,airborne
./data/macroset/en/clips/airborne/common_voice_en_17740398.opus,airborne
./data/macroset/en/clips/coverage/common_voice_en_20843503.opus,coverage
./data/macroset/en/clips/coverage/common_voice_en_19994640.opus,coverage
./data/macroset/en/clips/coverage/common_voice_en_22291859.opus,coverage
./data/macroset/en/clips/coverage/common_voice_en_21709324.opus,coverage
./data/macroset/en/clips/coverage/common_voice_en_19691919.opus,coverage
./data/macroset/en/clips/chalk/common_voice_en_17345694.opus,chalk
./data/macroset/en/clips/chalk/common_voice_en_17278088.opus,chalk
./data/macroset/en/clips/chalk/common_voice_en_17278472.opus,chalk
./data/macroset/en/clips/chalk/common_voice_en_17290033.opus,chalk
./data/macroset/en/clips/chalk/common_voice_en_17267699.opus,chalk
./data/macroset/en/clips/bound/common_voice_en_20891023.opus,bound
./data/macroset/en/clips/bound/common_voice_en_19036621.opus,bound
./data/macroset/en/clips/bound/common_voice_en_648821.opus,bound
./data/macroset/en/clips/bound/common_voice_en_19026846.opus,bound
./data/macroset/en/clips/bound/common_voice_en_22212135.opus,bound
./data/macroset/en/clips/convection/common_voice_en_553809.opus,convection
./data/macroset/en/clips/convection/common_voice_en_76390.opus,convection
./data/macroset/en/clips/convection/common_voice_en_19633673.opus,convection
./data/macroset/en/clips/convection/common_voice_en_18129408.opus,convection
./data/macroset/en/clips/convection/common_voice_en_19631456.opus,convection
./data/macroset/en/clips/avenger/common_voice_en_17941390.opus,avenger
./data/macroset/en/clips/avenger/common_voice_en_18148919.opus,avenger
./data/macroset/en/clips/avenger/common_voice_en_17910866.opus,avenger
./data/macroset/en/clips/avenger/common_voice_en_18124791.opus,avenger
./data/macroset/en/clips/avenger/common_voice_en_17297596.opus,avenger
./data/macroset/en/clips/overcome/common_voice_en_20196686.opus,overcome
./data/macroset/en/clips/overcome/common_voice_en_36404.opus,overcome
./data/macroset/en/clips/overcome/common_voice_en_574141.opus,overcome
./data/macroset/en/clips/overcome/common_voice_en_97961.opus,overcome
./data/macroset/en/clips/overcome/common_voice_en_615555.opus,overcome
./data/macroset/en/clips/alleged/common_voice_en_22236684.opus,alleged
./data/macroset/en/clips/alleged/common_voice_en_22327909.opus,alleged
./data/macroset/en/clips/alleged/common_voice_en_21527077.opus,alleged
./data/macroset/en/clips/alleged/common_voice_en_19137732.opus,alleged
./data/macroset/en/clips/alleged/common_voice_en_21706195.opus,alleged
./data/macroset/en/clips/intrinsic/common_voice_en_20329423.opus,intrinsic
./data/macroset/en/clips/intrinsic/common_voice_en_543511.opus,intrinsic
./data/macroset/en/clips/intrinsic/common_voice_en_19357023.opus,intrinsic
./data/macroset/en/clips/intrinsic/common_voice_en_527008.opus,intrinsic
./data/macroset/en/clips/intrinsic/common_voice_en_18974576.opus,intrinsic
./data/macroset/en/clips/technical/common_voice_en_18669337.opus,technical
./data/macroset/en/clips/technical/common_voice_en_17417124.opus,technical
./data/macroset/en/clips/technical/common_voice_en_22282038.opus,technical
./data/macroset/en/clips/technical/common_voice_en_19312178.opus,technical
./data/macroset/en/clips/technical/common_voice_en_20041027.opus,technical
./data/macroset/en/clips/particular/common_voice_en_21824359.opus,particular
./data/macroset/en/clips/particular/common_voice_en_20963736.opus,particular
./data/macroset/en/clips/particular/common_voice_en_534526.opus,particular
./data/macroset/en/clips/particular/common_voice_en_20519837.opus,particular
./data/macroset/en/clips/particular/common_voice_en_20527746.opus,particular
./data/macroset/en/clips/seed/common_voice_en_21355922.opus,seed
./data/macroset/en/clips/seed/common_voice_en_19959131.opus,seed
./data/macroset/en/clips/seed/common_voice_en_19408426.opus,seed
./data/macroset/en/clips/seed/common_voice_en_21137329.opus,seed
./data/macroset/en/clips/seed/common_voice_en_22103830.opus,seed
./data/macroset/en/clips/negotiations/common_voice_en_19599093.opus,negotiations
./data/macroset/en/clips/negotiations/common_voice_en_19673661.opus,negotiations
./data/macroset/en/clips/negotiations/common_voice_en_20653867.opus,negotiations
./data/macroset/en/clips/negotiations/common_voice_en_22103792.opus,negotiations
./data/macroset/en/clips/negotiations/common_voice_en_21740930.opus,negotiations
./data/macroset/en/clips/houston/common_voice_en_20255581.opus,houston
./data/macroset/en/clips/houston/common_voice_en_21795223.opus,houston
./data/macroset/en/clips/houston/common_voice_en_19857602.opus,houston
./data/macroset/en/clips/houston/common_voice_en_22445199__2.opus,houston
./data/macroset/en/clips/houston/common_voice_en_21283232.opus,houston
./data/macroset/en/clips/politics/common_voice_en_106525.opus,politics
./data/macroset/en/clips/politics/common_voice_en_541316.opus,politics
./data/macroset/en/clips/politics/common_voice_en_19609072.opus,politics
./data/macroset/en/clips/politics/common_voice_en_20103840.opus,politics
./data/macroset/en/clips/politics/common_voice_en_21713042.opus,politics
./data/macroset/en/clips/chess/common_voice_en_20237408.opus,chess
./data/macroset/en/clips/chess/common_voice_en_17362536.opus,chess
./data/macroset/en/clips/chess/common_voice_en_12566611.opus,chess
./data/macroset/en/clips/chess/common_voice_en_19725076.opus,chess
./data/macroset/en/clips/chess/common_voice_en_19426375.opus,chess
./data/macroset/en/clips/daniel/common_voice_en_20410142.opus,daniel
./data/macroset/en/clips/daniel/common_voice_en_481713.opus,daniel
./data/macroset/en/clips/daniel/common_voice_en_245037.opus,daniel
./data/macroset/en/clips/daniel/common_voice_en_17840378.opus,daniel
./data/macroset/en/clips/daniel/common_voice_en_18012361.opus,daniel
./data/macroset/en/clips/kerry/common_voice_en_20738961.opus,kerry
./data/macroset/en/clips/kerry/common_voice_en_20761014.opus,kerry
./data/macroset/en/clips/kerry/common_voice_en_20904996.opus,kerry
./data/macroset/en/clips/kerry/common_voice_en_22420253.opus,kerry
./data/macroset/en/clips/kerry/common_voice_en_21797379.opus,kerry
./data/macroset/en/clips/booth/common_voice_en_22304858.opus,booth
./data/macroset/en/clips/booth/common_voice_en_19718817.opus,booth
./data/macroset/en/clips/booth/common_voice_en_594869.opus,booth
./data/macroset/en/clips/booth/common_voice_en_19981595.opus,booth
./data/macroset/en/clips/booth/common_voice_en_20636103.opus,booth
./data/macroset/en/clips/formal/common_voice_en_20066712.opus,formal
./data/macroset/en/clips/formal/common_voice_en_21511828.opus,formal
./data/macroset/en/clips/formal/common_voice_en_19953347.opus,formal
./data/macroset/en/clips/formal/common_voice_en_19831837.opus,formal
./data/macroset/en/clips/formal/common_voice_en_19252738.opus,formal
./data/macroset/en/clips/continuous/common_voice_en_19861355.opus,continuous
./data/macroset/en/clips/continuous/common_voice_en_19954638.opus,continuous
./data/macroset/en/clips/continuous/common_voice_en_18758222.opus,continuous
./data/macroset/en/clips/continuous/common_voice_en_22173947.opus,continuous
./data/macroset/en/clips/continuous/common_voice_en_19416571.opus,continuous
./data/macroset/en/clips/michelle/common_voice_en_17793015.opus,michelle
./data/macroset/en/clips/michelle/common_voice_en_19032381.opus,michelle
./data/macroset/en/clips/michelle/common_voice_en_17290556.opus,michelle
./data/macroset/en/clips/michelle/common_voice_en_20148053.opus,michelle
./data/macroset/en/clips/michelle/common_voice_en_17847576.opus,michelle
./data/macroset/en/clips/melt/common_voice_en_18872781.opus,melt
./data/macroset/en/clips/melt/common_voice_en_17848052.opus,melt
./data/macroset/en/clips/melt/common_voice_en_18547447.opus,melt
./data/macroset/en/clips/melt/common_voice_en_18856284.opus,melt
./data/macroset/en/clips/melt/common_voice_en_19820362.opus,melt
./data/macroset/en/clips/claude/common_voice_en_19476525.opus,claude
./data/macroset/en/clips/claude/common_voice_en_20930963.opus,claude
./data/macroset/en/clips/claude/common_voice_en_19947052.opus,claude
./data/macroset/en/clips/claude/common_voice_en_20831540.opus,claude
./data/macroset/en/clips/claude/common_voice_en_21510552.opus,claude
./data/macroset/en/clips/neighboring/common_voice_en_547416.opus,neighboring
./data/macroset/en/clips/neighboring/common_voice_en_21777075.opus,neighboring
./data/macroset/en/clips/neighboring/common_voice_en_20376300.opus,neighboring
./data/macroset/en/clips/neighboring/common_voice_en_593053.opus,neighboring
./data/macroset/en/clips/neighboring/common_voice_en_20670283.opus,neighboring
./data/macroset/en/clips/buddhist/common_voice_en_19774485.opus,buddhist
./data/macroset/en/clips/buddhist/common_voice_en_19605603.opus,buddhist
./data/macroset/en/clips/buddhist/common_voice_en_21872973.opus,buddhist
./data/macroset/en/clips/buddhist/common_voice_en_20113515.opus,buddhist
./data/macroset/en/clips/buddhist/common_voice_en_19772057.opus,buddhist
./data/macroset/en/clips/utah/common_voice_en_19977551.opus,utah
./data/macroset/en/clips/utah/common_voice_en_20740539.opus,utah
./data/macroset/en/clips/utah/common_voice_en_21319438.opus,utah
./data/macroset/en/clips/utah/common_voice_en_20162851.opus,utah
./data/macroset/en/clips/utah/common_voice_en_18958089.opus,utah
./data/macroset/en/clips/tuition/common_voice_en_20565038.opus,tuition
./data/macroset/en/clips/tuition/common_voice_en_21895281.opus,tuition
./data/macroset/en/clips/tuition/common_voice_en_19953603.opus,tuition
./data/macroset/en/clips/tuition/common_voice_en_19619498.opus,tuition
./data/macroset/en/clips/tuition/common_voice_en_19723536.opus,tuition
./data/macroset/en/clips/transforms/common_voice_en_89437.opus,transforms
./data/macroset/en/clips/transforms/common_voice_en_210524.opus,transforms
./data/macroset/en/clips/transforms/common_voice_en_605236.opus,transforms
./data/macroset/en/clips/transforms/common_voice_en_13710.opus,transforms
./data/macroset/en/clips/transforms/common_voice_en_220815.opus,transforms
./data/macroset/en/clips/jay/common_voice_en_21020513.opus,jay
./data/macroset/en/clips/jay/common_voice_en_19807032.opus,jay
./data/macroset/en/clips/jay/common_voice_en_21844482.opus,jay
./data/macroset/en/clips/jay/common_voice_en_19595528.opus,jay
./data/macroset/en/clips/jay/common_voice_en_19611311.opus,jay
./data/macroset/en/clips/deadly/common_voice_en_18117700.opus,deadly
./data/macroset/en/clips/deadly/common_voice_en_679873.opus,deadly
./data/macroset/en/clips/deadly/common_voice_en_20890605.opus,deadly
./data/macroset/en/clips/deadly/common_voice_en_564073.opus,deadly
./data/macroset/en/clips/deadly/common_voice_en_292352.opus,deadly
./data/macroset/en/clips/eighteen/common_voice_en_18319821.opus,eighteen
./data/macroset/en/clips/eighteen/common_voice_en_17937317.opus,eighteen
./data/macroset/en/clips/eighteen/common_voice_en_17872894.opus,eighteen
./data/macroset/en/clips/eighteen/common_voice_en_18444137.opus,eighteen
./data/macroset/en/clips/eighteen/common_voice_en_20939329.opus,eighteen
./data/macroset/en/clips/shields/common_voice_en_672134.opus,shields
./data/macroset/en/clips/shields/common_voice_en_20994989.opus,shields
./data/macroset/en/clips/shields/common_voice_en_18829353.opus,shields
./data/macroset/en/clips/shields/common_voice_en_20114504.opus,shields
./data/macroset/en/clips/shields/common_voice_en_19980116.opus,shields
./data/macroset/en/clips/compilation/common_voice_en_19686676.opus,compilation
./data/macroset/en/clips/compilation/common_voice_en_20726348.opus,compilation
./data/macroset/en/clips/compilation/common_voice_en_20006232.opus,compilation
./data/macroset/en/clips/compilation/common_voice_en_18826585.opus,compilation
./data/macroset/en/clips/compilation/common_voice_en_22347493.opus,compilation
./data/macroset/en/clips/myth/common_voice_en_479418.opus,myth
./data/macroset/en/clips/myth/common_voice_en_98603.opus,myth
./data/macroset/en/clips/myth/common_voice_en_35366.opus,myth
./data/macroset/en/clips/myth/common_voice_en_590286.opus,myth
./data/macroset/en/clips/myth/common_voice_en_205377.opus,myth
./data/macroset/en/clips/evolution/common_voice_en_19749398.opus,evolution
./data/macroset/en/clips/evolution/common_voice_en_20965631__2.opus,evolution
./data/macroset/en/clips/evolution/common_voice_en_18283671.opus,evolution
./data/macroset/en/clips/evolution/common_voice_en_19841749.opus,evolution
./data/macroset/en/clips/evolution/common_voice_en_19171794.opus,evolution
./data/macroset/en/clips/bore/common_voice_en_21741178.opus,bore
./data/macroset/en/clips/bore/common_voice_en_18978361.opus,bore
./data/macroset/en/clips/bore/common_voice_en_19237505.opus,bore
./data/macroset/en/clips/bore/common_voice_en_20222318.opus,bore
./data/macroset/en/clips/bore/common_voice_en_21771749.opus,bore
./data/macroset/en/clips/olympic/common_voice_en_19138021.opus,olympic
./data/macroset/en/clips/olympic/common_voice_en_19260709.opus,olympic
./data/macroset/en/clips/olympic/common_voice_en_20048756__2.opus,olympic
./data/macroset/en/clips/olympic/common_voice_en_19859012.opus,olympic
./data/macroset/en/clips/olympic/common_voice_en_18696469.opus,olympic
./data/macroset/en/clips/youtube/common_voice_en_20089594.opus,youtube
./data/macroset/en/clips/youtube/common_voice_en_20153150.opus,youtube
./data/macroset/en/clips/youtube/common_voice_en_216233.opus,youtube
./data/macroset/en/clips/youtube/common_voice_en_19607586.opus,youtube
./data/macroset/en/clips/youtube/common_voice_en_2834114.opus,youtube
./data/macroset/en/clips/craters/common_voice_en_20919189.opus,craters
./data/macroset/en/clips/craters/common_voice_en_19347912.opus,craters
./data/macroset/en/clips/craters/common_voice_en_20510692.opus,craters
./data/macroset/en/clips/craters/common_voice_en_22211569.opus,craters
./data/macroset/en/clips/craters/common_voice_en_20330369.opus,craters
./data/macroset/en/clips/nathan/common_voice_en_21817742.opus,nathan
./data/macroset/en/clips/nathan/common_voice_en_21467273.opus,nathan
./data/macroset/en/clips/nathan/common_voice_en_19965574.opus,nathan
./data/macroset/en/clips/nathan/common_voice_en_584665.opus,nathan
./data/macroset/en/clips/nathan/common_voice_en_18482665.opus,nathan
./data/macroset/en/clips/jena/common_voice_en_644268.opus,jena
./data/macroset/en/clips/jena/common_voice_en_488701.opus,jena
./data/macroset/en/clips/jena/common_voice_en_84146.opus,jena
./data/macroset/en/clips/jena/common_voice_en_513197.opus,jena
./data/macroset/en/clips/jena/common_voice_en_597960.opus,jena
./data/macroset/en/clips/governed/common_voice_en_20945215.opus,governed
./data/macroset/en/clips/governed/common_voice_en_19557109.opus,governed
./data/macroset/en/clips/governed/common_voice_en_19799257.opus,governed
./data/macroset/en/clips/governed/common_voice_en_21305844.opus,governed
./data/macroset/en/clips/governed/common_voice_en_20271080.opus,governed
./data/macroset/en/clips/certified/common_voice_en_20621526.opus,certified
./data/macroset/en/clips/certified/common_voice_en_19814085.opus,certified
./data/macroset/en/clips/certified/common_voice_en_20298336.opus,certified
./data/macroset/en/clips/certified/common_voice_en_22299844.opus,certified
./data/macroset/en/clips/certified/common_voice_en_21773635.opus,certified
./data/macroset/en/clips/hated/common_voice_en_19822253.opus,hated
./data/macroset/en/clips/hated/common_voice_en_18769764.opus,hated
./data/macroset/en/clips/hated/common_voice_en_18418267.opus,hated
./data/macroset/en/clips/hated/common_voice_en_20273640.opus,hated
./data/macroset/en/clips/hated/common_voice_en_20577846.opus,hated
./data/macroset/en/clips/farce/common_voice_en_21923585.opus,farce
./data/macroset/en/clips/farce/common_voice_en_618241.opus,farce
./data/macroset/en/clips/farce/common_voice_en_125550.opus,farce
./data/macroset/en/clips/farce/common_voice_en_80327.opus,farce
./data/macroset/en/clips/farce/common_voice_en_83758.opus,farce
./data/macroset/en/clips/synonymous/common_voice_en_19822269.opus,synonymous
./data/macroset/en/clips/synonymous/common_voice_en_22414375.opus,synonymous
./data/macroset/en/clips/synonymous/common_voice_en_20869623.opus,synonymous
./data/macroset/en/clips/synonymous/common_voice_en_20673528.opus,synonymous
./data/macroset/en/clips/synonymous/common_voice_en_19755719.opus,synonymous
./data/macroset/en/clips/cameras/common_voice_en_20922098.opus,cameras
./data/macroset/en/clips/cameras/common_voice_en_20293510.opus,cameras
./data/macroset/en/clips/cameras/common_voice_en_21061847__2.opus,cameras
./data/macroset/en/clips/cameras/common_voice_en_19675047.opus,cameras
./data/macroset/en/clips/cameras/common_voice_en_17739766.opus,cameras
./data/macroset/en/clips/tentacles/common_voice_en_18845884.opus,tentacles
./data/macroset/en/clips/tentacles/common_voice_en_19408424.opus,tentacles
./data/macroset/en/clips/tentacles/common_voice_en_21380670.opus,tentacles
./data/macroset/en/clips/tentacles/common_voice_en_521060.opus,tentacles
./data/macroset/en/clips/tentacles/common_voice_en_564964.opus,tentacles
./data/macroset/en/clips/devices/common_voice_en_21106690.opus,devices
./data/macroset/en/clips/devices/common_voice_en_20186219.opus,devices
./data/macroset/en/clips/devices/common_voice_en_19845157.opus,devices
./data/macroset/en/clips/devices/common_voice_en_22447877.opus,devices
./data/macroset/en/clips/devices/common_voice_en_18713741.opus,devices
./data/macroset/en/clips/cheek/common_voice_en_17261892.opus,cheek
./data/macroset/en/clips/cheek/common_voice_en_17896847.opus,cheek
./data/macroset/en/clips/cheek/common_voice_en_20653652.opus,cheek
./data/macroset/en/clips/cheek/common_voice_en_20443681.opus,cheek
./data/macroset/en/clips/cheek/common_voice_en_9238.opus,cheek
./data/macroset/en/clips/inconvenience/common_voice_en_517356.opus,inconvenience
./data/macroset/en/clips/inconvenience/common_voice_en_555826.opus,inconvenience
./data/macroset/en/clips/inconvenience/common_voice_en_170633.opus,inconvenience
./data/macroset/en/clips/inconvenience/common_voice_en_40636.opus,inconvenience
./data/macroset/en/clips/inconvenience/common_voice_en_605641.opus,inconvenience
./data/macroset/en/clips/drift/common_voice_en_594770.opus,drift
./data/macroset/en/clips/drift/common_voice_en_83698.opus,drift
./data/macroset/en/clips/drift/common_voice_en_71805.opus,drift
./data/macroset/en/clips/drift/common_voice_en_548977.opus,drift
./data/macroset/en/clips/drift/common_voice_en_655401.opus,drift
./data/macroset/en/clips/belong/common_voice_en_682591.opus,belong
./data/macroset/en/clips/belong/common_voice_en_20167399.opus,belong
./data/macroset/en/clips/belong/common_voice_en_19894237.opus,belong
./data/macroset/en/clips/belong/common_voice_en_20708200.opus,belong
./data/macroset/en/clips/belong/common_voice_en_529370.opus,belong
./data/macroset/en/clips/livestock/common_voice_en_19960790.opus,livestock
./data/macroset/en/clips/livestock/common_voice_en_19890337.opus,livestock
./data/macroset/en/clips/livestock/common_voice_en_19205735.opus,livestock
./data/macroset/en/clips/livestock/common_voice_en_22323998.opus,livestock
./data/macroset/en/clips/livestock/common_voice_en_22175104.opus,livestock
./data/macroset/en/clips/executed/common_voice_en_20938925.opus,executed
./data/macroset/en/clips/executed/common_voice_en_22121077.opus,executed
./data/macroset/en/clips/executed/common_voice_en_20145001.opus,executed
./data/macroset/en/clips/executed/common_voice_en_21690858.opus,executed
./data/macroset/en/clips/executed/common_voice_en_20836117.opus,executed
./data/macroset/en/clips/patrols/common_voice_en_19607260.opus,patrols
./data/macroset/en/clips/patrols/common_voice_en_19537069.opus,patrols
./data/macroset/en/clips/patrols/common_voice_en_19190402.opus,patrols
./data/macroset/en/clips/patrols/common_voice_en_21287200.opus,patrols
./data/macroset/en/clips/patrols/common_voice_en_20382013.opus,patrols
./data/macroset/en/clips/frederick/common_voice_en_19993758.opus,frederick
./data/macroset/en/clips/frederick/common_voice_en_19810272.opus,frederick
./data/macroset/en/clips/frederick/common_voice_en_19601943.opus,frederick
./data/macroset/en/clips/frederick/common_voice_en_20729120.opus,frederick
./data/macroset/en/clips/frederick/common_voice_en_21713874.opus,frederick
./data/macroset/en/clips/edge/common_voice_en_19699971.opus,edge
./data/macroset/en/clips/edge/common_voice_en_530742.opus,edge
./data/macroset/en/clips/edge/common_voice_en_174031.opus,edge
./data/macroset/en/clips/edge/common_voice_en_21709263.opus,edge
./data/macroset/en/clips/edge/common_voice_en_19737914.opus,edge
./data/macroset/en/clips/hedgehog/common_voice_en_21869614.opus,hedgehog
./data/macroset/en/clips/hedgehog/common_voice_en_19853472.opus,hedgehog
./data/macroset/en/clips/hedgehog/common_voice_en_18121506.opus,hedgehog
./data/macroset/en/clips/hedgehog/common_voice_en_20305250.opus,hedgehog
./data/macroset/en/clips/hedgehog/common_voice_en_76179.opus,hedgehog
./data/macroset/en/clips/phil/common_voice_en_22384066.opus,phil
./data/macroset/en/clips/phil/common_voice_en_20228898.opus,phil
./data/macroset/en/clips/phil/common_voice_en_368721.opus,phil
./data/macroset/en/clips/phil/common_voice_en_22062790.opus,phil
./data/macroset/en/clips/phil/common_voice_en_20038558.opus,phil
./data/macroset/en/clips/minerals/common_voice_en_22312085.opus,minerals
./data/macroset/en/clips/minerals/common_voice_en_19546387.opus,minerals
./data/macroset/en/clips/minerals/common_voice_en_22185155.opus,minerals
./data/macroset/en/clips/minerals/common_voice_en_20922399.opus,minerals
./data/macroset/en/clips/minerals/common_voice_en_18745748.opus,minerals
./data/macroset/en/clips/first/common_voice_en_18800447.opus,first
./data/macroset/en/clips/first/common_voice_en_18752526.opus,first
./data/macroset/en/clips/first/common_voice_en_22176826.opus,first
./data/macroset/en/clips/first/common_voice_en_17958635.opus,first
./data/macroset/en/clips/first/common_voice_en_18454312.opus,first
./data/macroset/en/clips/isle/common_voice_en_21890291.opus,isle
./data/macroset/en/clips/isle/common_voice_en_18971421.opus,isle
./data/macroset/en/clips/isle/common_voice_en_20979152.opus,isle
./data/macroset/en/clips/isle/common_voice_en_20182340.opus,isle
./data/macroset/en/clips/isle/common_voice_en_22377211.opus,isle
./data/macroset/en/clips/newport/common_voice_en_21283303.opus,newport
./data/macroset/en/clips/newport/common_voice_en_20952288.opus,newport
./data/macroset/en/clips/newport/common_voice_en_551411.opus,newport
./data/macroset/en/clips/newport/common_voice_en_19863490.opus,newport
./data/macroset/en/clips/newport/common_voice_en_20768987.opus,newport
./data/macroset/en/clips/pounding/common_voice_en_48444.opus,pounding
./data/macroset/en/clips/pounding/common_voice_en_588023.opus,pounding
./data/macroset/en/clips/pounding/common_voice_en_45298.opus,pounding
./data/macroset/en/clips/pounding/common_voice_en_624647.opus,pounding
./data/macroset/en/clips/pounding/common_voice_en_597319.opus,pounding
./data/macroset/en/clips/involved/common_voice_en_21857980.opus,involved
./data/macroset/en/clips/involved/common_voice_en_21109469.opus,involved
./data/macroset/en/clips/involved/common_voice_en_19546796.opus,involved
./data/macroset/en/clips/involved/common_voice_en_21686871.opus,involved
./data/macroset/en/clips/involved/common_voice_en_20662984.opus,involved
./data/macroset/en/clips/exchanged/common_voice_en_20010091.opus,exchanged
./data/macroset/en/clips/exchanged/common_voice_en_618410.opus,exchanged
./data/macroset/en/clips/exchanged/common_voice_en_18534464.opus,exchanged
./data/macroset/en/clips/exchanged/common_voice_en_90393.opus,exchanged
./data/macroset/en/clips/exchanged/common_voice_en_62252.opus,exchanged
./data/macroset/en/clips/cheap/common_voice_en_17324858.opus,cheap
./data/macroset/en/clips/cheap/common_voice_en_20255042.opus,cheap
./data/macroset/en/clips/cheap/common_voice_en_18945378.opus,cheap
./data/macroset/en/clips/cheap/common_voice_en_17391345.opus,cheap
./data/macroset/en/clips/cheap/common_voice_en_17587512.opus,cheap
./data/macroset/en/clips/yes/common_voice_en_22172692.opus,yes
./data/macroset/en/clips/yes/common_voice_en_22202068.opus,yes
./data/macroset/en/clips/yes/common_voice_en_21973394.opus,yes
./data/macroset/en/clips/yes/common_voice_en_22148508.opus,yes
./data/macroset/en/clips/yes/common_voice_en_18530360.opus,yes
./data/macroset/en/clips/run/common_voice_en_20958150.opus,run
./data/macroset/en/clips/run/common_voice_en_19867407.opus,run
./data/macroset/en/clips/run/common_voice_en_19352171.opus,run
./data/macroset/en/clips/run/common_voice_en_658094.opus,run
./data/macroset/en/clips/run/common_voice_en_21269625.opus,run
./data/macroset/en/clips/awfully/common_voice_en_86390.opus,awfully
./data/macroset/en/clips/awfully/common_voice_en_515355.opus,awfully
./data/macroset/en/clips/awfully/common_voice_en_34541.opus,awfully
./data/macroset/en/clips/awfully/common_voice_en_20467.opus,awfully
./data/macroset/en/clips/awfully/common_voice_en_96894.opus,awfully
./data/macroset/en/clips/jane/common_voice_en_19489785.opus,jane
./data/macroset/en/clips/jane/common_voice_en_19195431.opus,jane
./data/macroset/en/clips/jane/common_voice_en_19399735.opus,jane
./data/macroset/en/clips/jane/common_voice_en_547911.opus,jane
./data/macroset/en/clips/jane/common_voice_en_19451698.opus,jane
./data/macroset/en/clips/maple/common_voice_en_17297136.opus,maple
./data/macroset/en/clips/maple/common_voice_en_17290486.opus,maple
./data/macroset/en/clips/maple/common_voice_en_17372510.opus,maple
./data/macroset/en/clips/maple/common_voice_en_20290583.opus,maple
./data/macroset/en/clips/maple/common_voice_en_580451.opus,maple
./data/macroset/en/clips/lincoln/common_voice_en_20069153.opus,lincoln
./data/macroset/en/clips/lincoln/common_voice_en_529271.opus,lincoln
./data/macroset/en/clips/lincoln/common_voice_en_20963807.opus,lincoln
./data/macroset/en/clips/lincoln/common_voice_en_20400295.opus,lincoln
./data/macroset/en/clips/lincoln/common_voice_en_19567757.opus,lincoln
./data/macroset/en/clips/midland/common_voice_en_20456284.opus,midland
./data/macroset/en/clips/midland/common_voice_en_20297642.opus,midland
./data/macroset/en/clips/midland/common_voice_en_18999383.opus,midland
./data/macroset/en/clips/midland/common_voice_en_19646136.opus,midland
./data/macroset/en/clips/midland/common_voice_en_20704280__2.opus,midland
./data/macroset/en/clips/raid/common_voice_en_20733856.opus,raid
./data/macroset/en/clips/raid/common_voice_en_19031786.opus,raid
./data/macroset/en/clips/raid/common_voice_en_21840742.opus,raid
./data/macroset/en/clips/raid/common_voice_en_19810289.opus,raid
./data/macroset/en/clips/raid/common_voice_en_19740828.opus,raid
./data/macroset/en/clips/compiled/common_voice_en_21943000.opus,compiled
./data/macroset/en/clips/compiled/common_voice_en_19196549.opus,compiled
./data/macroset/en/clips/compiled/common_voice_en_21868936.opus,compiled
./data/macroset/en/clips/compiled/common_voice_en_20231721.opus,compiled
./data/macroset/en/clips/compiled/common_voice_en_21467225.opus,compiled
./data/macroset/en/clips/daytime/common_voice_en_18816448.opus,daytime
./data/macroset/en/clips/daytime/common_voice_en_19656717.opus,daytime
./data/macroset/en/clips/daytime/common_voice_en_22148570.opus,daytime
./data/macroset/en/clips/daytime/common_voice_en_20013262.opus,daytime
./data/macroset/en/clips/daytime/common_voice_en_20400193.opus,daytime
./data/macroset/en/clips/electronic/common_voice_en_20069256.opus,electronic
./data/macroset/en/clips/electronic/common_voice_en_19765425.opus,electronic
./data/macroset/en/clips/electronic/common_voice_en_18840381.opus,electronic
./data/macroset/en/clips/electronic/common_voice_en_21794734.opus,electronic
./data/macroset/en/clips/electronic/common_voice_en_20145504.opus,electronic
./data/macroset/en/clips/orchid/common_voice_en_21843240.opus,orchid
./data/macroset/en/clips/orchid/common_voice_en_654663.opus,orchid
./data/macroset/en/clips/orchid/common_voice_en_20828280.opus,orchid
./data/macroset/en/clips/orchid/common_voice_en_18730691.opus,orchid
./data/macroset/en/clips/orchid/common_voice_en_518107.opus,orchid
./data/macroset/en/clips/publishers/common_voice_en_20562825.opus,publishers
./data/macroset/en/clips/publishers/common_voice_en_22103360.opus,publishers
./data/macroset/en/clips/publishers/common_voice_en_21636430.opus,publishers
./data/macroset/en/clips/publishers/common_voice_en_21343017.opus,publishers
./data/macroset/en/clips/publishers/common_voice_en_20090901.opus,publishers
./data/macroset/en/clips/don/common_voice_en_19601262.opus,don
./data/macroset/en/clips/don/common_voice_en_19802806.opus,don
./data/macroset/en/clips/don/common_voice_en_19709129.opus,don
./data/macroset/en/clips/don/common_voice_en_22177350.opus,don
./data/macroset/en/clips/don/common_voice_en_21940758.opus,don
./data/macroset/en/clips/abundant/common_voice_en_21097701.opus,abundant
./data/macroset/en/clips/abundant/common_voice_en_19982414.opus,abundant
./data/macroset/en/clips/abundant/common_voice_en_22000196.opus,abundant
./data/macroset/en/clips/abundant/common_voice_en_19621136.opus,abundant
./data/macroset/en/clips/abundant/common_voice_en_22199473.opus,abundant
./data/macroset/en/clips/vendors/common_voice_en_17282954.opus,vendors
./data/macroset/en/clips/vendors/common_voice_en_20511531.opus,vendors
./data/macroset/en/clips/vendors/common_voice_en_683375.opus,vendors
./data/macroset/en/clips/vendors/common_voice_en_19466978.opus,vendors
./data/macroset/en/clips/vendors/common_voice_en_18124681.opus,vendors
./data/macroset/en/clips/differ/common_voice_en_22332391.opus,differ
./data/macroset/en/clips/differ/common_voice_en_19381579.opus,differ
./data/macroset/en/clips/differ/common_voice_en_19592114.opus,differ
./data/macroset/en/clips/differ/common_voice_en_19437548.opus,differ
./data/macroset/en/clips/differ/common_voice_en_19747915.opus,differ
./data/macroset/en/clips/discrete/common_voice_en_3654467.opus,discrete
./data/macroset/en/clips/discrete/common_voice_en_525222.opus,discrete
./data/macroset/en/clips/discrete/common_voice_en_500865.opus,discrete
./data/macroset/en/clips/discrete/common_voice_en_377976.opus,discrete
./data/macroset/en/clips/discrete/common_voice_en_186088.opus,discrete
./data/macroset/en/clips/divided/common_voice_en_22185136.opus,divided
./data/macroset/en/clips/divided/common_voice_en_22330459.opus,divided
./data/macroset/en/clips/divided/common_voice_en_19746039.opus,divided
./data/macroset/en/clips/divided/common_voice_en_21425907.opus,divided
./data/macroset/en/clips/divided/common_voice_en_20447965.opus,divided
./data/macroset/en/clips/streamer/common_voice_en_155907.opus,streamer
./data/macroset/en/clips/streamer/common_voice_en_650993.opus,streamer
./data/macroset/en/clips/streamer/common_voice_en_212218.opus,streamer
./data/macroset/en/clips/streamer/common_voice_en_168026.opus,streamer
./data/macroset/en/clips/streamer/common_voice_en_48594.opus,streamer
./data/macroset/en/clips/lining/common_voice_en_21379493.opus,lining
./data/macroset/en/clips/lining/common_voice_en_19422860.opus,lining
./data/macroset/en/clips/lining/common_voice_en_18416028.opus,lining
./data/macroset/en/clips/lining/common_voice_en_607908.opus,lining
./data/macroset/en/clips/lining/common_voice_en_19500442.opus,lining
./data/macroset/en/clips/steering/common_voice_en_19709998.opus,steering
./data/macroset/en/clips/steering/common_voice_en_19770420.opus,steering
./data/macroset/en/clips/steering/common_voice_en_19649324.opus,steering
./data/macroset/en/clips/steering/common_voice_en_20876272.opus,steering
./data/macroset/en/clips/steering/common_voice_en_20836788__2.opus,steering
./data/macroset/en/clips/collection/common_voice_en_20614577.opus,collection
./data/macroset/en/clips/collection/common_voice_en_19655022.opus,collection
./data/macroset/en/clips/collection/common_voice_en_19972870.opus,collection
./data/macroset/en/clips/collection/common_voice_en_700144.opus,collection
./data/macroset/en/clips/collection/common_voice_en_619829.opus,collection
./data/macroset/en/clips/pockets/common_voice_en_202785.opus,pockets
./data/macroset/en/clips/pockets/common_voice_en_19430788.opus,pockets
./data/macroset/en/clips/pockets/common_voice_en_643178.opus,pockets
./data/macroset/en/clips/pockets/common_voice_en_32331.opus,pockets
./data/macroset/en/clips/pockets/common_voice_en_135099.opus,pockets
./data/macroset/en/clips/pours/common_voice_en_612617.opus,pours
./data/macroset/en/clips/pours/common_voice_en_512147.opus,pours
./data/macroset/en/clips/pours/common_voice_en_19026494.opus,pours
./data/macroset/en/clips/pours/common_voice_en_38156.opus,pours
./data/macroset/en/clips/pours/common_voice_en_540387.opus,pours
./data/macroset/en/clips/followers/common_voice_en_21722055.opus,followers
./data/macroset/en/clips/followers/common_voice_en_21181924.opus,followers
./data/macroset/en/clips/followers/common_voice_en_19510770.opus,followers
./data/macroset/en/clips/followers/common_voice_en_17646601.opus,followers
./data/macroset/en/clips/followers/common_voice_en_20093100.opus,followers
./data/macroset/en/clips/serum/common_voice_en_513938.opus,serum
./data/macroset/en/clips/serum/common_voice_en_664513.opus,serum
./data/macroset/en/clips/serum/common_voice_en_219080.opus,serum
./data/macroset/en/clips/serum/common_voice_en_199127.opus,serum
./data/macroset/en/clips/serum/common_voice_en_20246886.opus,serum
./data/macroset/en/clips/jewelry/common_voice_en_19676552.opus,jewelry
./data/macroset/en/clips/jewelry/common_voice_en_19971461.opus,jewelry
./data/macroset/en/clips/jewelry/common_voice_en_19167010.opus,jewelry
./data/macroset/en/clips/jewelry/common_voice_en_18887069.opus,jewelry
./data/macroset/en/clips/jewelry/common_voice_en_22262144.opus,jewelry
./data/macroset/en/clips/compact/common_voice_en_20984134.opus,compact
./data/macroset/en/clips/compact/common_voice_en_21445452.opus,compact
./data/macroset/en/clips/compact/common_voice_en_20298561.opus,compact
./data/macroset/en/clips/compact/common_voice_en_22354559.opus,compact
./data/macroset/en/clips/compact/common_voice_en_19627331.opus,compact
./data/macroset/en/clips/permit/common_voice_en_20005957.opus,permit
./data/macroset/en/clips/permit/common_voice_en_19267589.opus,permit
./data/macroset/en/clips/permit/common_voice_en_19945699.opus,permit
./data/macroset/en/clips/permit/common_voice_en_20939351.opus,permit
./data/macroset/en/clips/permit/common_voice_en_22403086.opus,permit
./data/macroset/en/clips/places/common_voice_en_20798252.opus,places
./data/macroset/en/clips/places/common_voice_en_18016314.opus,places
./data/macroset/en/clips/places/common_voice_en_18049286.opus,places
./data/macroset/en/clips/places/common_voice_en_40140.opus,places
./data/macroset/en/clips/places/common_voice_en_560114.opus,places
./data/macroset/en/clips/lumber/common_voice_en_22313220.opus,lumber
./data/macroset/en/clips/lumber/common_voice_en_19650577.opus,lumber
./data/macroset/en/clips/lumber/common_voice_en_21089099.opus,lumber
./data/macroset/en/clips/lumber/common_voice_en_19638260.opus,lumber
./data/macroset/en/clips/lumber/common_voice_en_21702206.opus,lumber
./data/macroset/en/clips/nests/common_voice_en_20410822.opus,nests
./data/macroset/en/clips/nests/common_voice_en_20798466.opus,nests
./data/macroset/en/clips/nests/common_voice_en_20976177.opus,nests
./data/macroset/en/clips/nests/common_voice_en_20573950.opus,nests
./data/macroset/en/clips/nests/common_voice_en_20821005.opus,nests
./data/macroset/en/clips/contractor/common_voice_en_19977421.opus,contractor
./data/macroset/en/clips/contractor/common_voice_en_19180442.opus,contractor
./data/macroset/en/clips/contractor/common_voice_en_19636159.opus,contractor
./data/macroset/en/clips/contractor/common_voice_en_18865067.opus,contractor
./data/macroset/en/clips/contractor/common_voice_en_20802386.opus,contractor
./data/macroset/en/clips/memories/common_voice_en_19957705.opus,memories
./data/macroset/en/clips/memories/common_voice_en_18961931.opus,memories
./data/macroset/en/clips/memories/common_voice_en_20595723.opus,memories
./data/macroset/en/clips/memories/common_voice_en_19839180.opus,memories
./data/macroset/en/clips/memories/common_voice_en_21914144.opus,memories
./data/macroset/en/clips/nick/common_voice_en_198018.opus,nick
./data/macroset/en/clips/nick/common_voice_en_20781951.opus,nick
./data/macroset/en/clips/nick/common_voice_en_544177.opus,nick
./data/macroset/en/clips/nick/common_voice_en_562330.opus,nick
./data/macroset/en/clips/nick/common_voice_en_51132.opus,nick
./data/macroset/en/clips/confiscated/common_voice_en_80452.opus,confiscated
./data/macroset/en/clips/confiscated/common_voice_en_696850.opus,confiscated
./data/macroset/en/clips/confiscated/common_voice_en_591459.opus,confiscated
./data/macroset/en/clips/confiscated/common_voice_en_519241.opus,confiscated
./data/macroset/en/clips/confiscated/common_voice_en_39965.opus,confiscated
./data/macroset/en/clips/code/common_voice_en_18542194.opus,code
./data/macroset/en/clips/code/common_voice_en_19680822__2.opus,code
./data/macroset/en/clips/code/common_voice_en_207106.opus,code
./data/macroset/en/clips/code/common_voice_en_136829__2.opus,code
./data/macroset/en/clips/code/common_voice_en_77109.opus,code
./data/macroset/en/clips/cousins/common_voice_en_20402990.opus,cousins
./data/macroset/en/clips/cousins/common_voice_en_18649642.opus,cousins
./data/macroset/en/clips/cousins/common_voice_en_19638092.opus,cousins
./data/macroset/en/clips/cousins/common_voice_en_20203608.opus,cousins
./data/macroset/en/clips/cousins/common_voice_en_21242683.opus,cousins
./data/macroset/en/clips/truth/common_voice_en_18519873.opus,truth
./data/macroset/en/clips/truth/common_voice_en_18709385.opus,truth
./data/macroset/en/clips/truth/common_voice_en_625077.opus,truth
./data/macroset/en/clips/truth/common_voice_en_34613.opus,truth
./data/macroset/en/clips/truth/common_voice_en_18518697.opus,truth
./data/macroset/en/clips/provision/common_voice_en_20026186.opus,provision
./data/macroset/en/clips/provision/common_voice_en_20945569.opus,provision
./data/macroset/en/clips/provision/common_voice_en_21413401.opus,provision
./data/macroset/en/clips/provision/common_voice_en_19536999.opus,provision
./data/macroset/en/clips/provision/common_voice_en_20371347.opus,provision
./data/macroset/en/clips/tensions/common_voice_en_22257115.opus,tensions
./data/macroset/en/clips/tensions/common_voice_en_22055262.opus,tensions
./data/macroset/en/clips/tensions/common_voice_en_19552134.opus,tensions
./data/macroset/en/clips/tensions/common_voice_en_20397457.opus,tensions
./data/macroset/en/clips/tensions/common_voice_en_19460934.opus,tensions
./data/macroset/en/clips/antonio/common_voice_en_18747121.opus,antonio
./data/macroset/en/clips/antonio/common_voice_en_22344008.opus,antonio
./data/macroset/en/clips/antonio/common_voice_en_5280149.opus,antonio
./data/macroset/en/clips/antonio/common_voice_en_22127685.opus,antonio
./data/macroset/en/clips/antonio/common_voice_en_21887876.opus,antonio
./data/macroset/en/clips/bless/common_voice_en_214656.opus,bless
./data/macroset/en/clips/bless/common_voice_en_18348484.opus,bless
./data/macroset/en/clips/bless/common_voice_en_17733064.opus,bless
./data/macroset/en/clips/bless/common_voice_en_57143.opus,bless
./data/macroset/en/clips/bless/common_voice_en_20297321.opus,bless
./data/macroset/en/clips/exodus/common_voice_en_19705866.opus,exodus
./data/macroset/en/clips/exodus/common_voice_en_20945480.opus,exodus
./data/macroset/en/clips/exodus/common_voice_en_18129950.opus,exodus
./data/macroset/en/clips/exodus/common_voice_en_19867244.opus,exodus
./data/macroset/en/clips/exodus/common_voice_en_20646040.opus,exodus
./data/macroset/en/clips/offset/common_voice_en_21554496.opus,offset
./data/macroset/en/clips/offset/common_voice_en_18506624.opus,offset
./data/macroset/en/clips/offset/common_voice_en_20409665.opus,offset
./data/macroset/en/clips/offset/common_voice_en_19660094.opus,offset
./data/macroset/en/clips/offset/common_voice_en_19912799.opus,offset
./data/macroset/en/clips/baseman/common_voice_en_20259284.opus,baseman
./data/macroset/en/clips/baseman/common_voice_en_522522.opus,baseman
./data/macroset/en/clips/baseman/common_voice_en_658424.opus,baseman
./data/macroset/en/clips/baseman/common_voice_en_20179728.opus,baseman
./data/macroset/en/clips/baseman/common_voice_en_32540.opus,baseman
./data/macroset/en/clips/austen/common_voice_en_17755553.opus,austen
./data/macroset/en/clips/austen/common_voice_en_18176107.opus,austen
./data/macroset/en/clips/austen/common_voice_en_17727328.opus,austen
./data/macroset/en/clips/austen/common_voice_en_20960976.opus,austen
./data/macroset/en/clips/austen/common_voice_en_18032068.opus,austen
./data/macroset/en/clips/critically/common_voice_en_20884815.opus,critically
./data/macroset/en/clips/critically/common_voice_en_20196330.opus,critically
./data/macroset/en/clips/critically/common_voice_en_18486717.opus,critically
./data/macroset/en/clips/critically/common_voice_en_20351038.opus,critically
./data/macroset/en/clips/critically/common_voice_en_19763501.opus,critically
./data/macroset/en/clips/declined/common_voice_en_22441017.opus,declined
./data/macroset/en/clips/declined/common_voice_en_19958368.opus,declined
./data/macroset/en/clips/declined/common_voice_en_22349913.opus,declined
./data/macroset/en/clips/declined/common_voice_en_20066357.opus,declined
./data/macroset/en/clips/declined/common_voice_en_20005849.opus,declined
./data/macroset/en/clips/unix/common_voice_en_598484.opus,unix
./data/macroset/en/clips/unix/common_voice_en_19944843.opus,unix
./data/macroset/en/clips/unix/common_voice_en_22465873.opus,unix
./data/macroset/en/clips/unix/common_voice_en_22364729.opus,unix
./data/macroset/en/clips/unix/common_voice_en_19812064.opus,unix
./data/macroset/en/clips/ben/common_voice_en_20189961.opus,ben
./data/macroset/en/clips/ben/common_voice_en_18712446.opus,ben
./data/macroset/en/clips/ben/common_voice_en_97868.opus,ben
./data/macroset/en/clips/ben/common_voice_en_18712109.opus,ben
./data/macroset/en/clips/ben/common_voice_en_20220024.opus,ben
./data/macroset/en/clips/apparent/common_voice_en_30227.opus,apparent
./data/macroset/en/clips/apparent/common_voice_en_18306282.opus,apparent
./data/macroset/en/clips/apparent/common_voice_en_648414.opus,apparent
./data/macroset/en/clips/apparent/common_voice_en_20964022.opus,apparent
./data/macroset/en/clips/apparent/common_voice_en_581330.opus,apparent
./data/macroset/en/clips/pray/common_voice_en_554888.opus,pray
./data/macroset/en/clips/pray/common_voice_en_17884810.opus,pray
./data/macroset/en/clips/pray/common_voice_en_598220.opus,pray
./data/macroset/en/clips/pray/common_voice_en_17284496.opus,pray
./data/macroset/en/clips/pray/common_voice_en_481004.opus,pray
./data/macroset/en/clips/reed/common_voice_en_21096341.opus,reed
./data/macroset/en/clips/reed/common_voice_en_22452821.opus,reed
./data/macroset/en/clips/reed/common_voice_en_21254648.opus,reed
./data/macroset/en/clips/reed/common_voice_en_20724073.opus,reed
./data/macroset/en/clips/reed/common_voice_en_19322026.opus,reed
./data/macroset/en/clips/obstinate/common_voice_en_581275.opus,obstinate
./data/macroset/en/clips/obstinate/common_voice_en_17863855.opus,obstinate
./data/macroset/en/clips/obstinate/common_voice_en_17999014.opus,obstinate
./data/macroset/en/clips/obstinate/common_voice_en_17755459.opus,obstinate
./data/macroset/en/clips/obstinate/common_voice_en_18129635.opus,obstinate
./data/macroset/en/clips/insolvent/common_voice_en_17412704.opus,insolvent
./data/macroset/en/clips/insolvent/common_voice_en_19100201.opus,insolvent
./data/macroset/en/clips/insolvent/common_voice_en_17873957.opus,insolvent
./data/macroset/en/clips/insolvent/common_voice_en_17275343.opus,insolvent
./data/macroset/en/clips/insolvent/common_voice_en_525697.opus,insolvent
./data/macroset/en/clips/badminton/common_voice_en_18041306.opus,badminton
./data/macroset/en/clips/badminton/common_voice_en_22323913.opus,badminton
./data/macroset/en/clips/badminton/common_voice_en_18095181.opus,badminton
./data/macroset/en/clips/badminton/common_voice_en_18093862.opus,badminton
./data/macroset/en/clips/badminton/common_voice_en_17252192.opus,badminton
./data/macroset/en/clips/hearted/common_voice_en_19370938.opus,hearted
./data/macroset/en/clips/hearted/common_voice_en_18650341.opus,hearted
./data/macroset/en/clips/hearted/common_voice_en_20381583.opus,hearted
./data/macroset/en/clips/hearted/common_voice_en_18996388.opus,hearted
./data/macroset/en/clips/hearted/common_voice_en_18655663.opus,hearted
./data/macroset/en/clips/intense/common_voice_en_22246364.opus,intense
./data/macroset/en/clips/intense/common_voice_en_21990121.opus,intense
./data/macroset/en/clips/intense/common_voice_en_20586829.opus,intense
./data/macroset/en/clips/intense/common_voice_en_509029.opus,intense
./data/macroset/en/clips/intense/common_voice_en_491520.opus,intense
./data/macroset/en/clips/gonna/common_voice_en_17278221.opus,gonna
./data/macroset/en/clips/gonna/common_voice_en_513018.opus,gonna
./data/macroset/en/clips/gonna/common_voice_en_606254.opus,gonna
./data/macroset/en/clips/gonna/common_voice_en_92053.opus,gonna
./data/macroset/en/clips/gonna/common_voice_en_536805.opus,gonna
./data/macroset/en/clips/cracked/common_voice_en_617188.opus,cracked
./data/macroset/en/clips/cracked/common_voice_en_2628.opus,cracked
./data/macroset/en/clips/cracked/common_voice_en_645843.opus,cracked
./data/macroset/en/clips/cracked/common_voice_en_646376.opus,cracked
./data/macroset/en/clips/cracked/common_voice_en_619732.opus,cracked
./data/macroset/en/clips/blond/common_voice_en_594500.opus,blond
./data/macroset/en/clips/blond/common_voice_en_582733.opus,blond
./data/macroset/en/clips/blond/common_voice_en_62610.opus,blond
./data/macroset/en/clips/blond/common_voice_en_526632.opus,blond
./data/macroset/en/clips/blond/common_voice_en_17869110.opus,blond
./data/macroset/en/clips/shaded/common_voice_en_19614576.opus,shaded
./data/macroset/en/clips/shaded/common_voice_en_19102714.opus,shaded
./data/macroset/en/clips/shaded/common_voice_en_21137768.opus,shaded
./data/macroset/en/clips/shaded/common_voice_en_20024279.opus,shaded
./data/macroset/en/clips/shaded/common_voice_en_15286844.opus,shaded
./data/macroset/en/clips/barrier/common_voice_en_21061711.opus,barrier
./data/macroset/en/clips/barrier/common_voice_en_18726269.opus,barrier
./data/macroset/en/clips/barrier/common_voice_en_1895581.opus,barrier
./data/macroset/en/clips/barrier/common_voice_en_547395.opus,barrier
./data/macroset/en/clips/barrier/common_voice_en_19720579.opus,barrier
./data/macroset/en/clips/buy/common_voice_en_133315.opus,buy
./data/macroset/en/clips/buy/common_voice_en_530213.opus,buy
./data/macroset/en/clips/buy/common_voice_en_18147469.opus,buy
./data/macroset/en/clips/buy/common_voice_en_211308.opus,buy
./data/macroset/en/clips/buy/common_voice_en_680842.opus,buy
./data/macroset/en/clips/haircut/common_voice_en_501090.opus,haircut
./data/macroset/en/clips/haircut/common_voice_en_17859681.opus,haircut
./data/macroset/en/clips/haircut/common_voice_en_671924.opus,haircut
./data/macroset/en/clips/haircut/common_voice_en_656633.opus,haircut
./data/macroset/en/clips/haircut/common_voice_en_18407961.opus,haircut
./data/macroset/en/clips/daunting/common_voice_en_508283.opus,daunting
./data/macroset/en/clips/daunting/common_voice_en_571734.opus,daunting
./data/macroset/en/clips/daunting/common_voice_en_185136.opus,daunting
./data/macroset/en/clips/daunting/common_voice_en_573516.opus,daunting
./data/macroset/en/clips/daunting/common_voice_en_649074.opus,daunting
./data/macroset/en/clips/attractive/common_voice_en_18113529.opus,attractive
./data/macroset/en/clips/attractive/common_voice_en_19347788.opus,attractive
./data/macroset/en/clips/attractive/common_voice_en_20326000.opus,attractive
./data/macroset/en/clips/attractive/common_voice_en_17556038.opus,attractive
./data/macroset/en/clips/attractive/common_voice_en_18117857.opus,attractive
./data/macroset/en/clips/petersburg/common_voice_en_19565984.opus,petersburg
./data/macroset/en/clips/petersburg/common_voice_en_20391452.opus,petersburg
./data/macroset/en/clips/petersburg/common_voice_en_20822679.opus,petersburg
./data/macroset/en/clips/petersburg/common_voice_en_21639849.opus,petersburg
./data/macroset/en/clips/petersburg/common_voice_en_21185296.opus,petersburg
./data/macroset/en/clips/william/common_voice_en_20233602.opus,william
./data/macroset/en/clips/william/common_voice_en_20148079.opus,william
./data/macroset/en/clips/william/common_voice_en_20280076.opus,william
./data/macroset/en/clips/william/common_voice_en_19949372.opus,william
./data/macroset/en/clips/william/common_voice_en_20572320.opus,william
./data/macroset/en/clips/bothered/common_voice_en_81737.opus,bothered
./data/macroset/en/clips/bothered/common_voice_en_59705.opus,bothered
./data/macroset/en/clips/bothered/common_voice_en_691312.opus,bothered
./data/macroset/en/clips/bothered/common_voice_en_20526222.opus,bothered
./data/macroset/en/clips/bothered/common_voice_en_585280.opus,bothered
./data/macroset/en/clips/epilepsy/common_voice_en_685022.opus,epilepsy
./data/macroset/en/clips/epilepsy/common_voice_en_20027528.opus,epilepsy
./data/macroset/en/clips/epilepsy/common_voice_en_368716.opus,epilepsy
./data/macroset/en/clips/epilepsy/common_voice_en_87016.opus,epilepsy
./data/macroset/en/clips/epilepsy/common_voice_en_484862.opus,epilepsy
./data/macroset/en/clips/herd/common_voice_en_78048.opus,herd
./data/macroset/en/clips/herd/common_voice_en_487047.opus,herd
./data/macroset/en/clips/herd/common_voice_en_18667776.opus,herd
./data/macroset/en/clips/herd/common_voice_en_52867.opus,herd
./data/macroset/en/clips/herd/common_voice_en_478812.opus,herd
./data/macroset/en/clips/poison/common_voice_en_683458.opus,poison
./data/macroset/en/clips/poison/common_voice_en_19611725.opus,poison
./data/macroset/en/clips/poison/common_voice_en_21914534.opus,poison
./data/macroset/en/clips/poison/common_voice_en_22150785.opus,poison
./data/macroset/en/clips/poison/common_voice_en_18887300.opus,poison
./data/macroset/en/clips/celia/common_voice_en_19129871.opus,celia
./data/macroset/en/clips/celia/common_voice_en_18616929.opus,celia
./data/macroset/en/clips/celia/common_voice_en_18655929.opus,celia
./data/macroset/en/clips/celia/common_voice_en_18589901.opus,celia
./data/macroset/en/clips/celia/common_voice_en_18577134.opus,celia
./data/macroset/en/clips/bike/common_voice_en_18752162.opus,bike
./data/macroset/en/clips/bike/common_voice_en_219545.opus,bike
./data/macroset/en/clips/bike/common_voice_en_562121.opus,bike
./data/macroset/en/clips/bike/common_voice_en_136402.opus,bike
./data/macroset/en/clips/bike/common_voice_en_694724.opus,bike
./data/macroset/en/clips/balance/common_voice_en_554326.opus,balance
./data/macroset/en/clips/balance/common_voice_en_18324991.opus,balance
./data/macroset/en/clips/balance/common_voice_en_19912791.opus,balance
./data/macroset/en/clips/balance/common_voice_en_20125888.opus,balance
./data/macroset/en/clips/balance/common_voice_en_22089943.opus,balance
./data/macroset/en/clips/playlist/common_voice_en_564210.opus,playlist
./data/macroset/en/clips/playlist/common_voice_en_551420.opus,playlist
./data/macroset/en/clips/playlist/common_voice_en_557605.opus,playlist
./data/macroset/en/clips/playlist/common_voice_en_569284.opus,playlist
./data/macroset/en/clips/playlist/common_voice_en_85869.opus,playlist
./data/macroset/en/clips/poorly/common_voice_en_21832025.opus,poorly
./data/macroset/en/clips/poorly/common_voice_en_20744210.opus,poorly
./data/macroset/en/clips/poorly/common_voice_en_20724.opus,poorly
./data/macroset/en/clips/poorly/common_voice_en_650549.opus,poorly
./data/macroset/en/clips/poorly/common_voice_en_597274.opus,poorly
./data/macroset/en/clips/kilo/common_voice_en_17833649.opus,kilo
./data/macroset/en/clips/kilo/common_voice_en_17344910.opus,kilo
./data/macroset/en/clips/kilo/common_voice_en_73869.opus,kilo
./data/macroset/en/clips/kilo/common_voice_en_18147342.opus,kilo
./data/macroset/en/clips/kilo/common_voice_en_21467398.opus,kilo
./data/macroset/en/clips/attic/common_voice_en_17456593.opus,attic
./data/macroset/en/clips/attic/common_voice_en_18135276.opus,attic
./data/macroset/en/clips/attic/common_voice_en_17863868.opus,attic
./data/macroset/en/clips/attic/common_voice_en_17839842.opus,attic
./data/macroset/en/clips/attic/common_voice_en_17914791.opus,attic
./data/macroset/en/clips/asleep/common_voice_en_601018.opus,asleep
./data/macroset/en/clips/asleep/common_voice_en_194005.opus,asleep
./data/macroset/en/clips/asleep/common_voice_en_92960.opus,asleep
./data/macroset/en/clips/asleep/common_voice_en_681123.opus,asleep
./data/macroset/en/clips/asleep/common_voice_en_602381.opus,asleep
./data/macroset/en/clips/ethnic/common_voice_en_20338898.opus,ethnic
./data/macroset/en/clips/ethnic/common_voice_en_19758028.opus,ethnic
./data/macroset/en/clips/ethnic/common_voice_en_20679573.opus,ethnic
./data/macroset/en/clips/ethnic/common_voice_en_19706461.opus,ethnic
./data/macroset/en/clips/ethnic/common_voice_en_19960569.opus,ethnic
./data/macroset/en/clips/punishment/common_voice_en_21283010.opus,punishment
./data/macroset/en/clips/punishment/common_voice_en_20462989.opus,punishment
./data/macroset/en/clips/punishment/common_voice_en_18605960.opus,punishment
./data/macroset/en/clips/punishment/common_voice_en_20516568.opus,punishment
./data/macroset/en/clips/punishment/common_voice_en_22146581.opus,punishment
./data/macroset/en/clips/estates/common_voice_en_19422851.opus,estates
./data/macroset/en/clips/estates/common_voice_en_19113589.opus,estates
./data/macroset/en/clips/estates/common_voice_en_20952729.opus,estates
./data/macroset/en/clips/estates/common_voice_en_19657821.opus,estates
./data/macroset/en/clips/estates/common_voice_en_22247921.opus,estates
./data/macroset/en/clips/immense/common_voice_en_19201280.opus,immense
./data/macroset/en/clips/immense/common_voice_en_70814.opus,immense
./data/macroset/en/clips/immense/common_voice_en_210596.opus,immense
./data/macroset/en/clips/immense/common_voice_en_700144.opus,immense
./data/macroset/en/clips/immense/common_voice_en_75567.opus,immense
./data/macroset/en/clips/handkerchief/common_voice_en_22439554.opus,handkerchief
./data/macroset/en/clips/handkerchief/common_voice_en_18514807.opus,handkerchief
./data/macroset/en/clips/handkerchief/common_voice_en_18473422.opus,handkerchief
./data/macroset/en/clips/handkerchief/common_voice_en_18624790.opus,handkerchief
./data/macroset/en/clips/handkerchief/common_voice_en_18442221.opus,handkerchief
./data/macroset/en/clips/arrears/common_voice_en_628243.opus,arrears
./data/macroset/en/clips/arrears/common_voice_en_677968.opus,arrears
./data/macroset/en/clips/arrears/common_voice_en_647922.opus,arrears
./data/macroset/en/clips/arrears/common_voice_en_143697.opus,arrears
./data/macroset/en/clips/arrears/common_voice_en_22398206.opus,arrears
./data/macroset/en/clips/freed/common_voice_en_20177359.opus,freed
./data/macroset/en/clips/freed/common_voice_en_20601481.opus,freed
./data/macroset/en/clips/freed/common_voice_en_21354801.opus,freed
./data/macroset/en/clips/freed/common_voice_en_20012951.opus,freed
./data/macroset/en/clips/freed/common_voice_en_21817727.opus,freed
./data/macroset/en/clips/turbans/common_voice_en_74144.opus,turbans
./data/macroset/en/clips/turbans/common_voice_en_495290.opus,turbans
./data/macroset/en/clips/turbans/common_voice_en_181775.opus,turbans
./data/macroset/en/clips/turbans/common_voice_en_209050.opus,turbans
./data/macroset/en/clips/turbans/common_voice_en_686814.opus,turbans
./data/macroset/en/clips/unscrewing/common_voice_en_99702.opus,unscrewing
./data/macroset/en/clips/unscrewing/common_voice_en_182755.opus,unscrewing
./data/macroset/en/clips/unscrewing/common_voice_en_691145.opus,unscrewing
./data/macroset/en/clips/unscrewing/common_voice_en_698616.opus,unscrewing
./data/macroset/en/clips/unscrewing/common_voice_en_636981.opus,unscrewing
./data/macroset/en/clips/facing/common_voice_en_19158484.opus,facing
./data/macroset/en/clips/facing/common_voice_en_18491325.opus,facing
./data/macroset/en/clips/facing/common_voice_en_219463.opus,facing
./data/macroset/en/clips/facing/common_voice_en_20751552.opus,facing
./data/macroset/en/clips/facing/common_voice_en_22345225.opus,facing
./data/macroset/en/clips/drag/common_voice_en_19960974.opus,drag
./data/macroset/en/clips/drag/common_voice_en_547222.opus,drag
./data/macroset/en/clips/drag/common_voice_en_302181.opus,drag
./data/macroset/en/clips/drag/common_voice_en_21522619.opus,drag
./data/macroset/en/clips/drag/common_voice_en_18167708.opus,drag
./data/macroset/en/clips/blinked/common_voice_en_504115.opus,blinked
./data/macroset/en/clips/blinked/common_voice_en_522803.opus,blinked
./data/macroset/en/clips/blinked/common_voice_en_201550.opus,blinked
./data/macroset/en/clips/blinked/common_voice_en_17147798.opus,blinked
./data/macroset/en/clips/blinked/common_voice_en_17793971.opus,blinked
./data/macroset/en/clips/note/common_voice_en_685746.opus,note
./data/macroset/en/clips/note/common_voice_en_18349309__2.opus,note
./data/macroset/en/clips/note/common_voice_en_18418771.opus,note
./data/macroset/en/clips/note/common_voice_en_19869201.opus,note
./data/macroset/en/clips/note/common_voice_en_17850106.opus,note
./data/macroset/en/clips/postal/common_voice_en_20068037.opus,postal
./data/macroset/en/clips/postal/common_voice_en_21689515.opus,postal
./data/macroset/en/clips/postal/common_voice_en_19945674.opus,postal
./data/macroset/en/clips/postal/common_voice_en_20189453.opus,postal
./data/macroset/en/clips/postal/common_voice_en_492245.opus,postal
./data/macroset/en/clips/queen/common_voice_en_545042.opus,queen
./data/macroset/en/clips/queen/common_voice_en_18605194.opus,queen
./data/macroset/en/clips/queen/common_voice_en_21907676.opus,queen
./data/macroset/en/clips/queen/common_voice_en_19151598.opus,queen
./data/macroset/en/clips/queen/common_voice_en_19671303.opus,queen
./data/macroset/en/clips/canoe/common_voice_en_18061745.opus,canoe
./data/macroset/en/clips/canoe/common_voice_en_505715.opus,canoe
./data/macroset/en/clips/canoe/common_voice_en_21552608.opus,canoe
./data/macroset/en/clips/canoe/common_voice_en_480909.opus,canoe
./data/macroset/en/clips/canoe/common_voice_en_18451418.opus,canoe
./data/macroset/en/clips/eyes/common_voice_en_99574.opus,eyes
./data/macroset/en/clips/eyes/common_voice_en_605228.opus,eyes
./data/macroset/en/clips/eyes/common_voice_en_82508.opus,eyes
./data/macroset/en/clips/eyes/common_voice_en_202445.opus,eyes
./data/macroset/en/clips/eyes/common_voice_en_18567781.opus,eyes
./data/macroset/en/clips/crescent/common_voice_en_19890391.opus,crescent
./data/macroset/en/clips/crescent/common_voice_en_20582622.opus,crescent
./data/macroset/en/clips/crescent/common_voice_en_18800305.opus,crescent
./data/macroset/en/clips/crescent/common_voice_en_20670669.opus,crescent
./data/macroset/en/clips/crescent/common_voice_en_20505621.opus,crescent
./data/macroset/en/clips/inanimate/common_voice_en_18066.opus,inanimate
./data/macroset/en/clips/inanimate/common_voice_en_217531.opus,inanimate
./data/macroset/en/clips/inanimate/common_voice_en_648637.opus,inanimate
./data/macroset/en/clips/inanimate/common_voice_en_166437.opus,inanimate
./data/macroset/en/clips/inanimate/common_voice_en_187695.opus,inanimate
./data/macroset/en/clips/contained/common_voice_en_18894747.opus,contained
./data/macroset/en/clips/contained/common_voice_en_18869185.opus,contained
./data/macroset/en/clips/contained/common_voice_en_652496.opus,contained
./data/macroset/en/clips/contained/common_voice_en_665642.opus,contained
./data/macroset/en/clips/contained/common_voice_en_684360.opus,contained
./data/macroset/en/clips/crack/common_voice_en_494348.opus,crack
./data/macroset/en/clips/crack/common_voice_en_532001.opus,crack
./data/macroset/en/clips/crack/common_voice_en_17817370.opus,crack
./data/macroset/en/clips/crack/common_voice_en_16665504.opus,crack
./data/macroset/en/clips/crack/common_voice_en_20371667.opus,crack
./data/macroset/en/clips/walls/common_voice_en_18713721.opus,walls
./data/macroset/en/clips/walls/common_voice_en_22049620.opus,walls
./data/macroset/en/clips/walls/common_voice_en_19878307.opus,walls
./data/macroset/en/clips/walls/common_voice_en_570561.opus,walls
./data/macroset/en/clips/walls/common_voice_en_22323680.opus,walls
./data/macroset/en/clips/notation/common_voice_en_19020490.opus,notation
./data/macroset/en/clips/notation/common_voice_en_20234489__2.opus,notation
./data/macroset/en/clips/notation/common_voice_en_21794131.opus,notation
./data/macroset/en/clips/notation/common_voice_en_19761132.opus,notation
./data/macroset/en/clips/notation/common_voice_en_21817104.opus,notation
./data/macroset/en/clips/renowned/common_voice_en_21106526.opus,renowned
./data/macroset/en/clips/renowned/common_voice_en_20976567.opus,renowned
./data/macroset/en/clips/renowned/common_voice_en_19453877.opus,renowned
./data/macroset/en/clips/renowned/common_voice_en_19546419.opus,renowned
./data/macroset/en/clips/renowned/common_voice_en_20635931.opus,renowned
./data/macroset/en/clips/dollars/common_voice_en_95052.opus,dollars
./data/macroset/en/clips/dollars/common_voice_en_642388.opus,dollars
./data/macroset/en/clips/dollars/common_voice_en_668797.opus,dollars
./data/macroset/en/clips/dollars/common_voice_en_88461.opus,dollars
./data/macroset/en/clips/dollars/common_voice_en_534794.opus,dollars
./data/macroset/en/clips/hobby/common_voice_en_20321353.opus,hobby
./data/macroset/en/clips/hobby/common_voice_en_20767789.opus,hobby
./data/macroset/en/clips/hobby/common_voice_en_18838896.opus,hobby
./data/macroset/en/clips/hobby/common_voice_en_18594631.opus,hobby
./data/macroset/en/clips/hobby/common_voice_en_18441769.opus,hobby
./data/macroset/en/clips/hometown/common_voice_en_19887672.opus,hometown
./data/macroset/en/clips/hometown/common_voice_en_20442602.opus,hometown
./data/macroset/en/clips/hometown/common_voice_en_20339893.opus,hometown
./data/macroset/en/clips/hometown/common_voice_en_21781162.opus,hometown
./data/macroset/en/clips/hometown/common_voice_en_19453876.opus,hometown
./data/macroset/en/clips/england/common_voice_en_19296702.opus,england
./data/macroset/en/clips/england/common_voice_en_22287003.opus,england
./data/macroset/en/clips/england/common_voice_en_21285369.opus,england
./data/macroset/en/clips/england/common_voice_en_19374183.opus,england
./data/macroset/en/clips/england/common_voice_en_22290871.opus,england
./data/macroset/en/clips/beetle/common_voice_en_17731156.opus,beetle
./data/macroset/en/clips/beetle/common_voice_en_18578035.opus,beetle
./data/macroset/en/clips/beetle/common_voice_en_20242830.opus,beetle
./data/macroset/en/clips/beetle/common_voice_en_18118010.opus,beetle
./data/macroset/en/clips/beetle/common_voice_en_18498954.opus,beetle
./data/macroset/en/clips/assembled/common_voice_en_21400163.opus,assembled
./data/macroset/en/clips/assembled/common_voice_en_19711512.opus,assembled
./data/macroset/en/clips/assembled/common_voice_en_19529170.opus,assembled
./data/macroset/en/clips/assembled/common_voice_en_19057655.opus,assembled
./data/macroset/en/clips/assembled/common_voice_en_21530607.opus,assembled
./data/macroset/en/clips/contradict/common_voice_en_13506976.opus,contradict
./data/macroset/en/clips/contradict/common_voice_en_17877052.opus,contradict
./data/macroset/en/clips/contradict/common_voice_en_18135437.opus,contradict
./data/macroset/en/clips/contradict/common_voice_en_489471.opus,contradict
./data/macroset/en/clips/contradict/common_voice_en_19320447.opus,contradict
./data/macroset/en/clips/awaits/common_voice_en_538781.opus,awaits
./data/macroset/en/clips/awaits/common_voice_en_70953.opus,awaits
./data/macroset/en/clips/awaits/common_voice_en_549776.opus,awaits
./data/macroset/en/clips/awaits/common_voice_en_506450.opus,awaits
./data/macroset/en/clips/awaits/common_voice_en_20600204.opus,awaits
./data/macroset/en/clips/finely/common_voice_en_19724562.opus,finely
./data/macroset/en/clips/finely/common_voice_en_21367084.opus,finely
./data/macroset/en/clips/finely/common_voice_en_17450557.opus,finely
./data/macroset/en/clips/finely/common_voice_en_22073583.opus,finely
./data/macroset/en/clips/finely/common_voice_en_17517049.opus,finely
./data/macroset/en/clips/panda/common_voice_en_697374.opus,panda
./data/macroset/en/clips/panda/common_voice_en_499288.opus,panda
./data/macroset/en/clips/panda/common_voice_en_19263424.opus,panda
./data/macroset/en/clips/panda/common_voice_en_18114644.opus,panda
./data/macroset/en/clips/panda/common_voice_en_317069.opus,panda
./data/macroset/en/clips/broke/common_voice_en_631220.opus,broke
./data/macroset/en/clips/broke/common_voice_en_17375505.opus,broke
./data/macroset/en/clips/broke/common_voice_en_496122.opus,broke
./data/macroset/en/clips/broke/common_voice_en_18961914.opus,broke
./data/macroset/en/clips/broke/common_voice_en_18075336.opus,broke
./data/macroset/en/clips/metallic/common_voice_en_21389628.opus,metallic
./data/macroset/en/clips/metallic/common_voice_en_20768115.opus,metallic
./data/macroset/en/clips/metallic/common_voice_en_20150131.opus,metallic
./data/macroset/en/clips/metallic/common_voice_en_21269650.opus,metallic
./data/macroset/en/clips/metallic/common_voice_en_20536685.opus,metallic
./data/macroset/en/clips/warming/common_voice_en_68698.opus,warming
./data/macroset/en/clips/warming/common_voice_en_48922.opus,warming
./data/macroset/en/clips/warming/common_voice_en_171590.opus,warming
./data/macroset/en/clips/warming/common_voice_en_160990.opus,warming
./data/macroset/en/clips/warming/common_voice_en_21547333.opus,warming
./data/macroset/en/clips/hoping/common_voice_en_17422924.opus,hoping
./data/macroset/en/clips/hoping/common_voice_en_18581182.opus,hoping
./data/macroset/en/clips/hoping/common_voice_en_18400865.opus,hoping
./data/macroset/en/clips/hoping/common_voice_en_189422.opus,hoping
./data/macroset/en/clips/hoping/common_voice_en_18521612.opus,hoping
./data/macroset/en/clips/infancy/common_voice_en_19965461.opus,infancy
./data/macroset/en/clips/infancy/common_voice_en_21313086.opus,infancy
./data/macroset/en/clips/infancy/common_voice_en_19817172.opus,infancy
./data/macroset/en/clips/infancy/common_voice_en_20260533.opus,infancy
./data/macroset/en/clips/infancy/common_voice_en_22225551.opus,infancy
./data/macroset/en/clips/inclusive/common_voice_en_219050.opus,inclusive
./data/macroset/en/clips/inclusive/common_voice_en_17246070.opus,inclusive
./data/macroset/en/clips/inclusive/common_voice_en_503303.opus,inclusive
./data/macroset/en/clips/inclusive/common_voice_en_17356582.opus,inclusive
./data/macroset/en/clips/inclusive/common_voice_en_684013.opus,inclusive
./data/macroset/en/clips/ebb/common_voice_en_18148444.opus,ebb
./data/macroset/en/clips/ebb/common_voice_en_17758790.opus,ebb
./data/macroset/en/clips/ebb/common_voice_en_18237142.opus,ebb
./data/macroset/en/clips/ebb/common_voice_en_18132324.opus,ebb
./data/macroset/en/clips/ebb/common_voice_en_17904856.opus,ebb
./data/macroset/en/clips/angry/common_voice_en_18078268.opus,angry
./data/macroset/en/clips/angry/common_voice_en_499088.opus,angry
./data/macroset/en/clips/angry/common_voice_en_17650789.opus,angry
./data/macroset/en/clips/angry/common_voice_en_545897.opus,angry
./data/macroset/en/clips/angry/common_voice_en_21469950.opus,angry
./data/macroset/en/clips/madame/common_voice_en_18561427.opus,madame
./data/macroset/en/clips/madame/common_voice_en_18583161.opus,madame
./data/macroset/en/clips/madame/common_voice_en_18606875.opus,madame
./data/macroset/en/clips/madame/common_voice_en_18748883.opus,madame
./data/macroset/en/clips/madame/common_voice_en_18541645.opus,madame
./data/macroset/en/clips/classification/common_voice_en_696206.opus,classification
./data/macroset/en/clips/classification/common_voice_en_19979277.opus,classification
./data/macroset/en/clips/classification/common_voice_en_19760366.opus,classification
./data/macroset/en/clips/classification/common_voice_en_19887773.opus,classification
./data/macroset/en/clips/classification/common_voice_en_19795387.opus,classification
./data/macroset/en/clips/accent/common_voice_en_17343903.opus,accent
./data/macroset/en/clips/accent/common_voice_en_17390427.opus,accent
./data/macroset/en/clips/accent/common_voice_en_81440.opus,accent
./data/macroset/en/clips/accent/common_voice_en_17268349.opus,accent
./data/macroset/en/clips/accent/common_voice_en_20852561.opus,accent
./data/macroset/en/clips/forgiven/common_voice_en_18428292.opus,forgiven
./data/macroset/en/clips/forgiven/common_voice_en_18065919.opus,forgiven
./data/macroset/en/clips/forgiven/common_voice_en_20897224.opus,forgiven
./data/macroset/en/clips/forgiven/common_voice_en_18474075.opus,forgiven
./data/macroset/en/clips/forgiven/common_voice_en_17847098.opus,forgiven
./data/macroset/en/clips/waterfront/common_voice_en_618624.opus,waterfront
./data/macroset/en/clips/waterfront/common_voice_en_96016.opus,waterfront
./data/macroset/en/clips/waterfront/common_voice_en_605381.opus,waterfront
./data/macroset/en/clips/waterfront/common_voice_en_30870.opus,waterfront
./data/macroset/en/clips/waterfront/common_voice_en_20217878.opus,waterfront
./data/macroset/en/clips/loosely/common_voice_en_21710923.opus,loosely
./data/macroset/en/clips/loosely/common_voice_en_22115932.opus,loosely
./data/macroset/en/clips/loosely/common_voice_en_20543715.opus,loosely
./data/macroset/en/clips/loosely/common_voice_en_22307661.opus,loosely
./data/macroset/en/clips/loosely/common_voice_en_20551761.opus,loosely
./data/macroset/en/clips/troops/common_voice_en_692838.opus,troops
./data/macroset/en/clips/troops/common_voice_en_18765719.opus,troops
./data/macroset/en/clips/troops/common_voice_en_21312920.opus,troops
./data/macroset/en/clips/troops/common_voice_en_19764627.opus,troops
./data/macroset/en/clips/troops/common_voice_en_19805150.opus,troops
./data/macroset/en/clips/recycling/common_voice_en_699068.opus,recycling
./data/macroset/en/clips/recycling/common_voice_en_55422.opus,recycling
./data/macroset/en/clips/recycling/common_voice_en_525347.opus,recycling
./data/macroset/en/clips/recycling/common_voice_en_677543.opus,recycling
./data/macroset/en/clips/recycling/common_voice_en_59333.opus,recycling
./data/macroset/en/clips/gorgeous/common_voice_en_93745.opus,gorgeous
./data/macroset/en/clips/gorgeous/common_voice_en_21512556.opus,gorgeous
./data/macroset/en/clips/gorgeous/common_voice_en_189314.opus,gorgeous
./data/macroset/en/clips/gorgeous/common_voice_en_603392.opus,gorgeous
./data/macroset/en/clips/gorgeous/common_voice_en_621911.opus,gorgeous
./data/macroset/en/clips/enemies/common_voice_en_19515683.opus,enemies
./data/macroset/en/clips/enemies/common_voice_en_602488.opus,enemies
./data/macroset/en/clips/enemies/common_voice_en_19026731.opus,enemies
./data/macroset/en/clips/enemies/common_voice_en_38814.opus,enemies
./data/macroset/en/clips/enemies/common_voice_en_572933.opus,enemies
./data/macroset/en/clips/water/common_voice_en_357268.opus,water
./data/macroset/en/clips/water/common_voice_en_20027149.opus,water
./data/macroset/en/clips/water/common_voice_en_97698.opus,water
./data/macroset/en/clips/water/common_voice_en_40695.opus,water
./data/macroset/en/clips/water/common_voice_en_18785351.opus,water
./data/macroset/en/clips/bizarre/common_voice_en_17356893.opus,bizarre
./data/macroset/en/clips/bizarre/common_voice_en_18522291.opus,bizarre
./data/macroset/en/clips/bizarre/common_voice_en_18405042.opus,bizarre
./data/macroset/en/clips/bizarre/common_voice_en_18512664__2.opus,bizarre
./data/macroset/en/clips/bizarre/common_voice_en_20457597.opus,bizarre
./data/macroset/en/clips/boxer/common_voice_en_19223048.opus,boxer
./data/macroset/en/clips/boxer/common_voice_en_19750530.opus,boxer
./data/macroset/en/clips/boxer/common_voice_en_21670386.opus,boxer
./data/macroset/en/clips/boxer/common_voice_en_21341781.opus,boxer
./data/macroset/en/clips/boxer/common_voice_en_21771344.opus,boxer
./data/macroset/en/clips/regarded/common_voice_en_20294919.opus,regarded
./data/macroset/en/clips/regarded/common_voice_en_20744601.opus,regarded
./data/macroset/en/clips/regarded/common_voice_en_20495083.opus,regarded
./data/macroset/en/clips/regarded/common_voice_en_20425493.opus,regarded
./data/macroset/en/clips/regarded/common_voice_en_20602187.opus,regarded
./data/macroset/en/clips/positioning/common_voice_en_576454.opus,positioning
./data/macroset/en/clips/positioning/common_voice_en_18982776.opus,positioning
./data/macroset/en/clips/positioning/common_voice_en_554996.opus,positioning
./data/macroset/en/clips/positioning/common_voice_en_609234.opus,positioning
./data/macroset/en/clips/positioning/common_voice_en_638412.opus,positioning
./data/macroset/en/clips/mercury/common_voice_en_21806780.opus,mercury
./data/macroset/en/clips/mercury/common_voice_en_529109.opus,mercury
./data/macroset/en/clips/mercury/common_voice_en_70869.opus,mercury
./data/macroset/en/clips/mercury/common_voice_en_88325.opus,mercury
./data/macroset/en/clips/mercury/common_voice_en_97181.opus,mercury
./data/macroset/en/clips/turtles/common_voice_en_19067104.opus,turtles
./data/macroset/en/clips/turtles/common_voice_en_20877624.opus,turtles
./data/macroset/en/clips/turtles/common_voice_en_19748729.opus,turtles
./data/macroset/en/clips/turtles/common_voice_en_20322045.opus,turtles
./data/macroset/en/clips/turtles/common_voice_en_20308221.opus,turtles
./data/macroset/en/clips/deceased/common_voice_en_19579318.opus,deceased
./data/macroset/en/clips/deceased/common_voice_en_20475169.opus,deceased
./data/macroset/en/clips/deceased/common_voice_en_19507736.opus,deceased
./data/macroset/en/clips/deceased/common_voice_en_21719868.opus,deceased
./data/macroset/en/clips/deceased/common_voice_en_22268338.opus,deceased
./data/macroset/en/clips/brush/common_voice_en_532351.opus,brush
./data/macroset/en/clips/brush/common_voice_en_483342.opus,brush
./data/macroset/en/clips/brush/common_voice_en_632497.opus,brush
./data/macroset/en/clips/brush/common_voice_en_77174.opus,brush
./data/macroset/en/clips/brush/common_voice_en_18829918.opus,brush
./data/macroset/en/clips/substitute/common_voice_en_18713265.opus,substitute
./data/macroset/en/clips/substitute/common_voice_en_19541394.opus,substitute
./data/macroset/en/clips/substitute/common_voice_en_21996773.opus,substitute
./data/macroset/en/clips/substitute/common_voice_en_20358458.opus,substitute
./data/macroset/en/clips/substitute/common_voice_en_21357116.opus,substitute
./data/macroset/en/clips/trap/common_voice_en_18341145.opus,trap
./data/macroset/en/clips/trap/common_voice_en_681028.opus,trap
./data/macroset/en/clips/trap/common_voice_en_18165530.opus,trap
./data/macroset/en/clips/trap/common_voice_en_22410410.opus,trap
./data/macroset/en/clips/trap/common_voice_en_19848182.opus,trap
./data/macroset/en/clips/arctic/common_voice_en_18731779.opus,arctic
./data/macroset/en/clips/arctic/common_voice_en_175774.opus,arctic
./data/macroset/en/clips/arctic/common_voice_en_651443.opus,arctic
./data/macroset/en/clips/arctic/common_voice_en_18978800.opus,arctic
./data/macroset/en/clips/arctic/common_voice_en_19705587.opus,arctic
./data/macroset/en/clips/historic/common_voice_en_18765364.opus,historic
./data/macroset/en/clips/historic/common_voice_en_19114923.opus,historic
./data/macroset/en/clips/historic/common_voice_en_20392897.opus,historic
./data/macroset/en/clips/historic/common_voice_en_19718295.opus,historic
./data/macroset/en/clips/historic/common_voice_en_21609143.opus,historic
./data/macroset/en/clips/preservation/common_voice_en_20542734.opus,preservation
./data/macroset/en/clips/preservation/common_voice_en_20939314.opus,preservation
./data/macroset/en/clips/preservation/common_voice_en_19497431.opus,preservation
./data/macroset/en/clips/preservation/common_voice_en_21246409.opus,preservation
./data/macroset/en/clips/preservation/common_voice_en_18985472.opus,preservation
./data/macroset/en/clips/servants/common_voice_en_584159.opus,servants
./data/macroset/en/clips/servants/common_voice_en_22051689.opus,servants
./data/macroset/en/clips/servants/common_voice_en_675900.opus,servants
./data/macroset/en/clips/servants/common_voice_en_528731.opus,servants
./data/macroset/en/clips/servants/common_voice_en_18605052.opus,servants
./data/macroset/en/clips/coastline/common_voice_en_20144736.opus,coastline
./data/macroset/en/clips/coastline/common_voice_en_19475546.opus,coastline
./data/macroset/en/clips/coastline/common_voice_en_21664065.opus,coastline
./data/macroset/en/clips/coastline/common_voice_en_20518463.opus,coastline
./data/macroset/en/clips/coastline/common_voice_en_20882082.opus,coastline
./data/macroset/en/clips/fibers/common_voice_en_21352323.opus,fibers
./data/macroset/en/clips/fibers/common_voice_en_20264646__2.opus,fibers
./data/macroset/en/clips/fibers/common_voice_en_22083517.opus,fibers
./data/macroset/en/clips/fibers/common_voice_en_19451139.opus,fibers
./data/macroset/en/clips/fibers/common_voice_en_20221165.opus,fibers
./data/macroset/en/clips/sets/common_voice_en_22022113.opus,sets
./data/macroset/en/clips/sets/common_voice_en_20802471.opus,sets
./data/macroset/en/clips/sets/common_voice_en_22266990.opus,sets
./data/macroset/en/clips/sets/common_voice_en_19753009.opus,sets
./data/macroset/en/clips/sets/common_voice_en_18743615.opus,sets
./data/macroset/en/clips/transported/common_voice_en_20309017.opus,transported
./data/macroset/en/clips/transported/common_voice_en_21090877.opus,transported
./data/macroset/en/clips/transported/common_voice_en_26507.opus,transported
./data/macroset/en/clips/transported/common_voice_en_534458.opus,transported
./data/macroset/en/clips/transported/common_voice_en_19197358.opus,transported
./data/macroset/en/clips/wallace/common_voice_en_22144295.opus,wallace
./data/macroset/en/clips/wallace/common_voice_en_21338084.opus,wallace
./data/macroset/en/clips/wallace/common_voice_en_18887288.opus,wallace
./data/macroset/en/clips/wallace/common_voice_en_19439606.opus,wallace
./data/macroset/en/clips/wallace/common_voice_en_21427405.opus,wallace
./data/macroset/en/clips/dwelling/common_voice_en_20993249.opus,dwelling
./data/macroset/en/clips/dwelling/common_voice_en_563423.opus,dwelling
./data/macroset/en/clips/dwelling/common_voice_en_534536.opus,dwelling
./data/macroset/en/clips/dwelling/common_voice_en_21130943.opus,dwelling
./data/macroset/en/clips/dwelling/common_voice_en_18412459.opus,dwelling
./data/macroset/en/clips/waiter/common_voice_en_18495817.opus,waiter
./data/macroset/en/clips/waiter/common_voice_en_17297148.opus,waiter
./data/macroset/en/clips/waiter/common_voice_en_17958961.opus,waiter
./data/macroset/en/clips/waiter/common_voice_en_17585843.opus,waiter
./data/macroset/en/clips/waiter/common_voice_en_17285427.opus,waiter
./data/macroset/en/clips/manipulate/common_voice_en_40907.opus,manipulate
./data/macroset/en/clips/manipulate/common_voice_en_18167651.opus,manipulate
./data/macroset/en/clips/manipulate/common_voice_en_20507272.opus,manipulate
./data/macroset/en/clips/manipulate/common_voice_en_209819.opus,manipulate
./data/macroset/en/clips/manipulate/common_voice_en_19190527.opus,manipulate
./data/macroset/en/clips/equality/common_voice_en_18798365.opus,equality
./data/macroset/en/clips/equality/common_voice_en_22146567.opus,equality
./data/macroset/en/clips/equality/common_voice_en_19959459.opus,equality
./data/macroset/en/clips/equality/common_voice_en_19983073.opus,equality
./data/macroset/en/clips/equality/common_voice_en_19639117.opus,equality
./data/macroset/en/clips/nearest/common_voice_en_551391.opus,nearest
./data/macroset/en/clips/nearest/common_voice_en_20187397.opus,nearest
./data/macroset/en/clips/nearest/common_voice_en_185523.opus,nearest
./data/macroset/en/clips/nearest/common_voice_en_20275545.opus,nearest
./data/macroset/en/clips/nearest/common_voice_en_19325043.opus,nearest
./data/macroset/en/clips/healthcare/common_voice_en_18311831.opus,healthcare
./data/macroset/en/clips/healthcare/common_voice_en_18865201.opus,healthcare
./data/macroset/en/clips/healthcare/common_voice_en_20014796.opus,healthcare
./data/macroset/en/clips/healthcare/common_voice_en_19131195.opus,healthcare
./data/macroset/en/clips/healthcare/common_voice_en_18315189.opus,healthcare
./data/macroset/en/clips/obviously/common_voice_en_216555.opus,obviously
./data/macroset/en/clips/obviously/common_voice_en_19742618.opus,obviously
./data/macroset/en/clips/obviously/common_voice_en_18648659.opus,obviously
./data/macroset/en/clips/obviously/common_voice_en_22823.opus,obviously
./data/macroset/en/clips/obviously/common_voice_en_18408597.opus,obviously
./data/macroset/en/clips/softball/common_voice_en_20931561.opus,softball
./data/macroset/en/clips/softball/common_voice_en_20726224.opus,softball
./data/macroset/en/clips/softball/common_voice_en_501525.opus,softball
./data/macroset/en/clips/softball/common_voice_en_19012077.opus,softball
./data/macroset/en/clips/softball/common_voice_en_22418366.opus,softball
./data/macroset/en/clips/rims/common_voice_en_6069337.opus,rims
./data/macroset/en/clips/rims/common_voice_en_19991602.opus,rims
./data/macroset/en/clips/rims/common_voice_en_19991602__2.opus,rims
./data/macroset/en/clips/rims/common_voice_en_598277.opus,rims
./data/macroset/en/clips/rims/common_voice_en_496311.opus,rims
./data/macroset/en/clips/miracles/common_voice_en_643335.opus,miracles
./data/macroset/en/clips/miracles/common_voice_en_518882.opus,miracles
./data/macroset/en/clips/miracles/common_voice_en_76459.opus,miracles
./data/macroset/en/clips/miracles/common_voice_en_667168.opus,miracles
./data/macroset/en/clips/miracles/common_voice_en_504568.opus,miracles
./data/macroset/en/clips/christmas/common_voice_en_537584.opus,christmas
./data/macroset/en/clips/christmas/common_voice_en_19254509.opus,christmas
./data/macroset/en/clips/christmas/common_voice_en_612796.opus,christmas
./data/macroset/en/clips/christmas/common_voice_en_441989.opus,christmas
./data/macroset/en/clips/christmas/common_voice_en_657619.opus,christmas
./data/macroset/en/clips/required/common_voice_en_21609634.opus,required
./data/macroset/en/clips/required/common_voice_en_19430903.opus,required
./data/macroset/en/clips/required/common_voice_en_19140559.opus,required
./data/macroset/en/clips/required/common_voice_en_20203648.opus,required
./data/macroset/en/clips/required/common_voice_en_20004388.opus,required
./data/macroset/en/clips/adapted/common_voice_en_21964342.opus,adapted
./data/macroset/en/clips/adapted/common_voice_en_19506508.opus,adapted
./data/macroset/en/clips/adapted/common_voice_en_21159064.opus,adapted
./data/macroset/en/clips/adapted/common_voice_en_20457819.opus,adapted
./data/macroset/en/clips/adapted/common_voice_en_19899179.opus,adapted
./data/macroset/en/clips/brilliantly/common_voice_en_155757.opus,brilliantly
./data/macroset/en/clips/brilliantly/common_voice_en_174591.opus,brilliantly
./data/macroset/en/clips/brilliantly/common_voice_en_477189.opus,brilliantly
./data/macroset/en/clips/brilliantly/common_voice_en_659236.opus,brilliantly
./data/macroset/en/clips/brilliantly/common_voice_en_69331.opus,brilliantly
./data/macroset/en/clips/continue/common_voice_en_20297851.opus,continue
./data/macroset/en/clips/continue/common_voice_en_22054827.opus,continue
./data/macroset/en/clips/continue/common_voice_en_18767999.opus,continue
./data/macroset/en/clips/continue/common_voice_en_18300134.opus,continue
./data/macroset/en/clips/continue/common_voice_en_687763.opus,continue
./data/macroset/en/clips/recordings/common_voice_en_20934947.opus,recordings
./data/macroset/en/clips/recordings/common_voice_en_22311651.opus,recordings
./data/macroset/en/clips/recordings/common_voice_en_21452723.opus,recordings
./data/macroset/en/clips/recordings/common_voice_en_19992989.opus,recordings
./data/macroset/en/clips/recordings/common_voice_en_19599214.opus,recordings
./data/macroset/en/clips/green/common_voice_en_582732.opus,green
./data/macroset/en/clips/green/common_voice_en_636980.opus,green
./data/macroset/en/clips/green/common_voice_en_68264.opus,green
./data/macroset/en/clips/green/common_voice_en_52753.opus,green
./data/macroset/en/clips/green/common_voice_en_19731547.opus,green
./data/macroset/en/clips/used/common_voice_en_20585202.opus,used
./data/macroset/en/clips/used/common_voice_en_19683629.opus,used
./data/macroset/en/clips/used/common_voice_en_20546570.opus,used
./data/macroset/en/clips/used/common_voice_en_21162645.opus,used
./data/macroset/en/clips/used/common_voice_en_22181218.opus,used
./data/macroset/en/clips/tyre/common_voice_en_17489460.opus,tyre
./data/macroset/en/clips/tyre/common_voice_en_18413863.opus,tyre
./data/macroset/en/clips/tyre/common_voice_en_17387992.opus,tyre
./data/macroset/en/clips/tyre/common_voice_en_17455008.opus,tyre
./data/macroset/en/clips/tyre/common_voice_en_19563533.opus,tyre
./data/macroset/en/clips/terry/common_voice_en_19111946.opus,terry
./data/macroset/en/clips/terry/common_voice_en_22110164.opus,terry
./data/macroset/en/clips/terry/common_voice_en_21851842.opus,terry
./data/macroset/en/clips/terry/common_voice_en_19497715.opus,terry
./data/macroset/en/clips/terry/common_voice_en_20853804.opus,terry
./data/macroset/en/clips/constitutional/common_voice_en_20162618.opus,constitutional
./data/macroset/en/clips/constitutional/common_voice_en_21345787.opus,constitutional
./data/macroset/en/clips/constitutional/common_voice_en_20498463.opus,constitutional
./data/macroset/en/clips/constitutional/common_voice_en_19201289.opus,constitutional
./data/macroset/en/clips/constitutional/common_voice_en_20976665.opus,constitutional
./data/macroset/en/clips/distinct/common_voice_en_19642134.opus,distinct
./data/macroset/en/clips/distinct/common_voice_en_19050052.opus,distinct
./data/macroset/en/clips/distinct/common_voice_en_20000019.opus,distinct
./data/macroset/en/clips/distinct/common_voice_en_19659739.opus,distinct
./data/macroset/en/clips/distinct/common_voice_en_21619694.opus,distinct
./data/macroset/en/clips/engaging/common_voice_en_695719.opus,engaging
./data/macroset/en/clips/engaging/common_voice_en_636505.opus,engaging
./data/macroset/en/clips/engaging/common_voice_en_19995854.opus,engaging
./data/macroset/en/clips/engaging/common_voice_en_49779.opus,engaging
./data/macroset/en/clips/engaging/common_voice_en_76064.opus,engaging
./data/macroset/en/clips/differential/common_voice_en_21500192.opus,differential
./data/macroset/en/clips/differential/common_voice_en_548133.opus,differential
./data/macroset/en/clips/differential/common_voice_en_18723340.opus,differential
./data/macroset/en/clips/differential/common_voice_en_18235265.opus,differential
./data/macroset/en/clips/differential/common_voice_en_18729436.opus,differential
./data/macroset/en/clips/frying/common_voice_en_18492758.opus,frying
./data/macroset/en/clips/frying/common_voice_en_507371.opus,frying
./data/macroset/en/clips/frying/common_voice_en_17848928.opus,frying
./data/macroset/en/clips/frying/common_voice_en_508812.opus,frying
./data/macroset/en/clips/frying/common_voice_en_17373125.opus,frying
./data/macroset/en/clips/summer/common_voice_en_19814065.opus,summer
./data/macroset/en/clips/summer/common_voice_en_22299424.opus,summer
./data/macroset/en/clips/summer/common_voice_en_676316.opus,summer
./data/macroset/en/clips/summer/common_voice_en_20298967.opus,summer
./data/macroset/en/clips/summer/common_voice_en_461027.opus,summer
./data/macroset/en/clips/shift/common_voice_en_19544981.opus,shift
./data/macroset/en/clips/shift/common_voice_en_22114089.opus,shift
./data/macroset/en/clips/shift/common_voice_en_18991374.opus,shift
./data/macroset/en/clips/shift/common_voice_en_536548.opus,shift
./data/macroset/en/clips/shift/common_voice_en_19793502.opus,shift
./data/macroset/en/clips/max/common_voice_en_19398133.opus,max
./data/macroset/en/clips/max/common_voice_en_20011777.opus,max
./data/macroset/en/clips/max/common_voice_en_20735802.opus,max
./data/macroset/en/clips/max/common_voice_en_22408029.opus,max
./data/macroset/en/clips/max/common_voice_en_18717286.opus,max
./data/macroset/en/clips/inexhaustible/common_voice_en_17993586.opus,inexhaustible
./data/macroset/en/clips/inexhaustible/common_voice_en_610337.opus,inexhaustible
./data/macroset/en/clips/inexhaustible/common_voice_en_17781173.opus,inexhaustible
./data/macroset/en/clips/inexhaustible/common_voice_en_58071.opus,inexhaustible
./data/macroset/en/clips/inexhaustible/common_voice_en_17873488.opus,inexhaustible
./data/macroset/en/clips/employs/common_voice_en_19822551.opus,employs
./data/macroset/en/clips/employs/common_voice_en_19622059.opus,employs
./data/macroset/en/clips/employs/common_voice_en_21704953.opus,employs
./data/macroset/en/clips/employs/common_voice_en_19955494.opus,employs
./data/macroset/en/clips/employs/common_voice_en_20133372.opus,employs
./data/macroset/en/clips/austria/common_voice_en_19072303.opus,austria
./data/macroset/en/clips/austria/common_voice_en_19840228.opus,austria
./data/macroset/en/clips/austria/common_voice_en_19399713.opus,austria
./data/macroset/en/clips/austria/common_voice_en_22324256.opus,austria
./data/macroset/en/clips/austria/common_voice_en_19381366.opus,austria
./data/macroset/en/clips/phosphorus/common_voice_en_20315971.opus,phosphorus
./data/macroset/en/clips/phosphorus/common_voice_en_18745193.opus,phosphorus
./data/macroset/en/clips/phosphorus/common_voice_en_21453538.opus,phosphorus
./data/macroset/en/clips/phosphorus/common_voice_en_218829.opus,phosphorus
./data/macroset/en/clips/phosphorus/common_voice_en_21051248.opus,phosphorus
./data/macroset/en/clips/std/common_voice_en_17731428.opus,std
./data/macroset/en/clips/std/common_voice_en_17286896.opus,std
./data/macroset/en/clips/std/common_voice_en_17745888.opus,std
./data/macroset/en/clips/std/common_voice_en_17876963.opus,std
./data/macroset/en/clips/std/common_voice_en_17618906.opus,std
./data/macroset/en/clips/disregard/common_voice_en_586160.opus,disregard
./data/macroset/en/clips/disregard/common_voice_en_173632.opus,disregard
./data/macroset/en/clips/disregard/common_voice_en_674656.opus,disregard
./data/macroset/en/clips/disregard/common_voice_en_663985.opus,disregard
./data/macroset/en/clips/disregard/common_voice_en_554325.opus,disregard
./data/macroset/en/clips/coaches/common_voice_en_19786940.opus,coaches
./data/macroset/en/clips/coaches/common_voice_en_21613355.opus,coaches
./data/macroset/en/clips/coaches/common_voice_en_20399623.opus,coaches
./data/macroset/en/clips/coaches/common_voice_en_21160120.opus,coaches
./data/macroset/en/clips/coaches/common_voice_en_21507199.opus,coaches
./data/macroset/en/clips/rugby/common_voice_en_21929628.opus,rugby
./data/macroset/en/clips/rugby/common_voice_en_20322071.opus,rugby
./data/macroset/en/clips/rugby/common_voice_en_19537947.opus,rugby
./data/macroset/en/clips/rugby/common_voice_en_19149106.opus,rugby
./data/macroset/en/clips/rugby/common_voice_en_18982877.opus,rugby
./data/macroset/en/clips/funerals/common_voice_en_45138.opus,funerals
./data/macroset/en/clips/funerals/common_voice_en_188687.opus,funerals
./data/macroset/en/clips/funerals/common_voice_en_22404897.opus,funerals
./data/macroset/en/clips/funerals/common_voice_en_665440.opus,funerals
./data/macroset/en/clips/funerals/common_voice_en_669663.opus,funerals
./data/macroset/en/clips/adequate/common_voice_en_22355699.opus,adequate
./data/macroset/en/clips/adequate/common_voice_en_22373892.opus,adequate
./data/macroset/en/clips/adequate/common_voice_en_19721701.opus,adequate
./data/macroset/en/clips/adequate/common_voice_en_22287339.opus,adequate
./data/macroset/en/clips/adequate/common_voice_en_20260922.opus,adequate
./data/macroset/en/clips/marc/common_voice_en_22037595.opus,marc
./data/macroset/en/clips/marc/common_voice_en_20932947.opus,marc
./data/macroset/en/clips/marc/common_voice_en_17729643.opus,marc
./data/macroset/en/clips/marc/common_voice_en_21453446.opus,marc
./data/macroset/en/clips/marc/common_voice_en_17400302.opus,marc
./data/macroset/en/clips/goddess/common_voice_en_20064894.opus,goddess
./data/macroset/en/clips/goddess/common_voice_en_18822364.opus,goddess
./data/macroset/en/clips/goddess/common_voice_en_21507145.opus,goddess
./data/macroset/en/clips/goddess/common_voice_en_21714087.opus,goddess
./data/macroset/en/clips/goddess/common_voice_en_22197211.opus,goddess
./data/macroset/en/clips/expected/common_voice_en_22281412.opus,expected
./data/macroset/en/clips/expected/common_voice_en_208032.opus,expected
./data/macroset/en/clips/expected/common_voice_en_18308140.opus,expected
./data/macroset/en/clips/expected/common_voice_en_569949.opus,expected
./data/macroset/en/clips/expected/common_voice_en_21374611.opus,expected
./data/macroset/en/clips/timber/common_voice_en_21765199.opus,timber
./data/macroset/en/clips/timber/common_voice_en_19945838.opus,timber
./data/macroset/en/clips/timber/common_voice_en_18981747.opus,timber
./data/macroset/en/clips/timber/common_voice_en_19812364.opus,timber
./data/macroset/en/clips/timber/common_voice_en_20627620.opus,timber
./data/macroset/en/clips/within/common_voice_en_9348.opus,within
./data/macroset/en/clips/within/common_voice_en_21353546.opus,within
./data/macroset/en/clips/within/common_voice_en_19321764.opus,within
./data/macroset/en/clips/within/common_voice_en_21379626.opus,within
./data/macroset/en/clips/within/common_voice_en_17873059.opus,within
./data/macroset/en/clips/disappointment/common_voice_en_19853632.opus,disappointment
./data/macroset/en/clips/disappointment/common_voice_en_19756310.opus,disappointment
./data/macroset/en/clips/disappointment/common_voice_en_18529652.opus,disappointment
./data/macroset/en/clips/disappointment/common_voice_en_21135880.opus,disappointment
./data/macroset/en/clips/disappointment/common_voice_en_18634698.opus,disappointment
./data/macroset/en/clips/sultan/common_voice_en_20562731.opus,sultan
./data/macroset/en/clips/sultan/common_voice_en_19179450.opus,sultan
./data/macroset/en/clips/sultan/common_voice_en_20110101.opus,sultan
./data/macroset/en/clips/sultan/common_voice_en_20176467.opus,sultan
./data/macroset/en/clips/sultan/common_voice_en_21793486.opus,sultan
./data/macroset/en/clips/slugs/common_voice_en_18530379.opus,slugs
./data/macroset/en/clips/slugs/common_voice_en_17441596.opus,slugs
./data/macroset/en/clips/slugs/common_voice_en_17842026.opus,slugs
./data/macroset/en/clips/slugs/common_voice_en_66141.opus,slugs
./data/macroset/en/clips/slugs/common_voice_en_18839677.opus,slugs
./data/macroset/en/clips/cohen/common_voice_en_21107815.opus,cohen
./data/macroset/en/clips/cohen/common_voice_en_19080161__2.opus,cohen
./data/macroset/en/clips/cohen/common_voice_en_21181885.opus,cohen
./data/macroset/en/clips/cohen/common_voice_en_19982273.opus,cohen
./data/macroset/en/clips/cohen/common_voice_en_20143916.opus,cohen
./data/macroset/en/clips/kissed/common_voice_en_17275699.opus,kissed
./data/macroset/en/clips/kissed/common_voice_en_591232.opus,kissed
./data/macroset/en/clips/kissed/common_voice_en_18658638.opus,kissed
./data/macroset/en/clips/kissed/common_voice_en_17787176.opus,kissed
./data/macroset/en/clips/kissed/common_voice_en_17263913.opus,kissed
./data/macroset/en/clips/aperture/common_voice_en_19399726.opus,aperture
./data/macroset/en/clips/aperture/common_voice_en_697434.opus,aperture
./data/macroset/en/clips/aperture/common_voice_en_499830.opus,aperture
./data/macroset/en/clips/aperture/common_voice_en_15735447.opus,aperture
./data/macroset/en/clips/aperture/common_voice_en_22103473.opus,aperture
./data/macroset/en/clips/nourish/common_voice_en_9880.opus,nourish
./data/macroset/en/clips/nourish/common_voice_en_671047.opus,nourish
./data/macroset/en/clips/nourish/common_voice_en_80212.opus,nourish
./data/macroset/en/clips/nourish/common_voice_en_504673.opus,nourish
./data/macroset/en/clips/nourish/common_voice_en_641142.opus,nourish
./data/macroset/en/clips/snickers/common_voice_en_158201.opus,snickers
./data/macroset/en/clips/snickers/common_voice_en_699065.opus,snickers
./data/macroset/en/clips/snickers/common_voice_en_18853189.opus,snickers
./data/macroset/en/clips/snickers/common_voice_en_544041.opus,snickers
./data/macroset/en/clips/snickers/common_voice_en_46962.opus,snickers
./data/macroset/en/clips/herald/common_voice_en_50700.opus,herald
./data/macroset/en/clips/herald/common_voice_en_277807.opus,herald
./data/macroset/en/clips/herald/common_voice_en_17354953.opus,herald
./data/macroset/en/clips/herald/common_voice_en_17936059.opus,herald
./data/macroset/en/clips/herald/common_voice_en_21066487.opus,herald
./data/macroset/en/clips/tattooed/common_voice_en_25127.opus,tattooed
./data/macroset/en/clips/tattooed/common_voice_en_629969.opus,tattooed
./data/macroset/en/clips/tattooed/common_voice_en_547793.opus,tattooed
./data/macroset/en/clips/tattooed/common_voice_en_531346.opus,tattooed
./data/macroset/en/clips/tattooed/common_voice_en_507461.opus,tattooed
./data/macroset/en/clips/testing/common_voice_en_18793538.opus,testing
./data/macroset/en/clips/testing/common_voice_en_603342.opus,testing
./data/macroset/en/clips/testing/common_voice_en_20381208.opus,testing
./data/macroset/en/clips/testing/common_voice_en_17332750.opus,testing
./data/macroset/en/clips/testing/common_voice_en_20008057.opus,testing
./data/macroset/en/clips/capricorn/common_voice_en_511194.opus,capricorn
./data/macroset/en/clips/capricorn/common_voice_en_18107896.opus,capricorn
./data/macroset/en/clips/capricorn/common_voice_en_575974.opus,capricorn
./data/macroset/en/clips/capricorn/common_voice_en_422562.opus,capricorn
./data/macroset/en/clips/capricorn/common_voice_en_18237368.opus,capricorn
./data/macroset/en/clips/casts/common_voice_en_19419980.opus,casts
./data/macroset/en/clips/casts/common_voice_en_526135.opus,casts
./data/macroset/en/clips/casts/common_voice_en_288891.opus,casts
./data/macroset/en/clips/casts/common_voice_en_18986645.opus,casts
./data/macroset/en/clips/casts/common_voice_en_8603363.opus,casts
./data/macroset/en/clips/mashed/common_voice_en_676509.opus,mashed
./data/macroset/en/clips/mashed/common_voice_en_18503500.opus,mashed
./data/macroset/en/clips/mashed/common_voice_en_18415883.opus,mashed
./data/macroset/en/clips/mashed/common_voice_en_46945.opus,mashed
./data/macroset/en/clips/mashed/common_voice_en_18462799__2.opus,mashed
./data/macroset/en/clips/main/common_voice_en_18963328.opus,main
./data/macroset/en/clips/main/common_voice_en_19374589.opus,main
./data/macroset/en/clips/main/common_voice_en_20190787.opus,main
./data/macroset/en/clips/main/common_voice_en_21977299.opus,main
./data/macroset/en/clips/main/common_voice_en_19821941.opus,main
./data/macroset/en/clips/humans/common_voice_en_19161266.opus,humans
./data/macroset/en/clips/humans/common_voice_en_18653355.opus,humans
./data/macroset/en/clips/humans/common_voice_en_627645.opus,humans
./data/macroset/en/clips/humans/common_voice_en_17841261.opus,humans
./data/macroset/en/clips/humans/common_voice_en_621864.opus,humans
./data/macroset/en/clips/presumably/common_voice_en_19466072.opus,presumably
./data/macroset/en/clips/presumably/common_voice_en_255649.opus,presumably
./data/macroset/en/clips/presumably/common_voice_en_22033611.opus,presumably
./data/macroset/en/clips/presumably/common_voice_en_19658304.opus,presumably
./data/macroset/en/clips/presumably/common_voice_en_562184.opus,presumably
./data/macroset/en/clips/violet/common_voice_en_21759921.opus,violet
./data/macroset/en/clips/violet/common_voice_en_19281355.opus,violet
./data/macroset/en/clips/violet/common_voice_en_19689870.opus,violet
./data/macroset/en/clips/violet/common_voice_en_22248777.opus,violet
./data/macroset/en/clips/violet/common_voice_en_19689186.opus,violet
./data/macroset/en/clips/nationalist/common_voice_en_18872362.opus,nationalist
./data/macroset/en/clips/nationalist/common_voice_en_19976351.opus,nationalist
./data/macroset/en/clips/nationalist/common_voice_en_19985139.opus,nationalist
./data/macroset/en/clips/nationalist/common_voice_en_19978446.opus,nationalist
./data/macroset/en/clips/nationalist/common_voice_en_19182617.opus,nationalist
./data/macroset/en/clips/vinegar/common_voice_en_18111821.opus,vinegar
./data/macroset/en/clips/vinegar/common_voice_en_17282725.opus,vinegar
./data/macroset/en/clips/vinegar/common_voice_en_17517035.opus,vinegar
./data/macroset/en/clips/vinegar/common_voice_en_18491316.opus,vinegar
./data/macroset/en/clips/vinegar/common_voice_en_17286927.opus,vinegar
./data/macroset/en/clips/vienna/common_voice_en_21770203.opus,vienna
./data/macroset/en/clips/vienna/common_voice_en_21996890.opus,vienna
./data/macroset/en/clips/vienna/common_voice_en_22356492.opus,vienna
./data/macroset/en/clips/vienna/common_voice_en_19441408.opus,vienna
./data/macroset/en/clips/vienna/common_voice_en_21645526.opus,vienna
./data/macroset/en/clips/sacked/common_voice_en_20132111.opus,sacked
./data/macroset/en/clips/sacked/common_voice_en_20109355.opus,sacked
./data/macroset/en/clips/sacked/common_voice_en_19991440.opus,sacked
./data/macroset/en/clips/sacked/common_voice_en_20590465.opus,sacked
./data/macroset/en/clips/sacked/common_voice_en_19715236.opus,sacked
./data/macroset/en/clips/herself/common_voice_en_19231453.opus,herself
./data/macroset/en/clips/herself/common_voice_en_17551881.opus,herself
./data/macroset/en/clips/herself/common_voice_en_22407921.opus,herself
./data/macroset/en/clips/herself/common_voice_en_18007908.opus,herself
./data/macroset/en/clips/herself/common_voice_en_489232.opus,herself
./data/macroset/en/clips/tokyo/common_voice_en_61837.opus,tokyo
./data/macroset/en/clips/tokyo/common_voice_en_19753339.opus,tokyo
./data/macroset/en/clips/tokyo/common_voice_en_20382184.opus,tokyo
./data/macroset/en/clips/tokyo/common_voice_en_20785173.opus,tokyo
./data/macroset/en/clips/tokyo/common_voice_en_19751183.opus,tokyo
./data/macroset/en/clips/bracelet/common_voice_en_18326123.opus,bracelet
./data/macroset/en/clips/bracelet/common_voice_en_18496248.opus,bracelet
./data/macroset/en/clips/bracelet/common_voice_en_183542.opus,bracelet
./data/macroset/en/clips/bracelet/common_voice_en_656064.opus,bracelet
./data/macroset/en/clips/bracelet/common_voice_en_674653.opus,bracelet
./data/macroset/en/clips/massage/common_voice_en_18016110.opus,massage
./data/macroset/en/clips/massage/common_voice_en_17644403.opus,massage
./data/macroset/en/clips/massage/common_voice_en_20825704.opus,massage
./data/macroset/en/clips/massage/common_voice_en_19599253.opus,massage
./data/macroset/en/clips/massage/common_voice_en_18319844.opus,massage
./data/macroset/en/clips/rapid/common_voice_en_20877776.opus,rapid
./data/macroset/en/clips/rapid/common_voice_en_19976737.opus,rapid
./data/macroset/en/clips/rapid/common_voice_en_19731546.opus,rapid
./data/macroset/en/clips/rapid/common_voice_en_19853646.opus,rapid
./data/macroset/en/clips/rapid/common_voice_en_20876849.opus,rapid
./data/macroset/en/clips/cookies/common_voice_en_5818827.opus,cookies
./data/macroset/en/clips/cookies/common_voice_en_17856833.opus,cookies
./data/macroset/en/clips/cookies/common_voice_en_215464.opus,cookies
./data/macroset/en/clips/cookies/common_voice_en_20704098.opus,cookies
./data/macroset/en/clips/cookies/common_voice_en_685140.opus,cookies
./data/macroset/en/clips/pike/common_voice_en_22450007.opus,pike
./data/macroset/en/clips/pike/common_voice_en_21570258.opus,pike
./data/macroset/en/clips/pike/common_voice_en_21555362.opus,pike
./data/macroset/en/clips/pike/common_voice_en_22263524.opus,pike
./data/macroset/en/clips/pike/common_voice_en_21850321.opus,pike
./data/macroset/en/clips/annie/common_voice_en_624463.opus,annie
./data/macroset/en/clips/annie/common_voice_en_20203645.opus,annie
./data/macroset/en/clips/annie/common_voice_en_97159.opus,annie
./data/macroset/en/clips/annie/common_voice_en_19312651.opus,annie
./data/macroset/en/clips/annie/common_voice_en_130330.opus,annie
./data/macroset/en/clips/gorge/common_voice_en_21940662__2.opus,gorge
./data/macroset/en/clips/gorge/common_voice_en_19961051.opus,gorge
./data/macroset/en/clips/gorge/common_voice_en_20513544__2.opus,gorge
./data/macroset/en/clips/gorge/common_voice_en_21940662.opus,gorge
./data/macroset/en/clips/gorge/common_voice_en_18814993.opus,gorge
./data/macroset/en/clips/stories/common_voice_en_518990.opus,stories
./data/macroset/en/clips/stories/common_voice_en_588700.opus,stories
./data/macroset/en/clips/stories/common_voice_en_20005380.opus,stories
./data/macroset/en/clips/stories/common_voice_en_653381.opus,stories
./data/macroset/en/clips/stories/common_voice_en_55834.opus,stories
./data/macroset/en/clips/rituals/common_voice_en_21382141.opus,rituals
./data/macroset/en/clips/rituals/common_voice_en_19960674.opus,rituals
./data/macroset/en/clips/rituals/common_voice_en_20454389.opus,rituals
./data/macroset/en/clips/rituals/common_voice_en_22431407.opus,rituals
./data/macroset/en/clips/rituals/common_voice_en_21528312.opus,rituals
./data/macroset/en/clips/rocket/common_voice_en_28564.opus,rocket
./data/macroset/en/clips/rocket/common_voice_en_17263325.opus,rocket
./data/macroset/en/clips/rocket/common_voice_en_20091425.opus,rocket
./data/macroset/en/clips/rocket/common_voice_en_18707548.opus,rocket
./data/macroset/en/clips/rocket/common_voice_en_22192792.opus,rocket
./data/macroset/en/clips/toledo/common_voice_en_19647594.opus,toledo
./data/macroset/en/clips/toledo/common_voice_en_20159938.opus,toledo
./data/macroset/en/clips/toledo/common_voice_en_20713026.opus,toledo
./data/macroset/en/clips/toledo/common_voice_en_18745886.opus,toledo
./data/macroset/en/clips/toledo/common_voice_en_18793587.opus,toledo
./data/macroset/en/clips/worms/common_voice_en_17433119.opus,worms
./data/macroset/en/clips/worms/common_voice_en_18981225.opus,worms
./data/macroset/en/clips/worms/common_voice_en_17441596.opus,worms
./data/macroset/en/clips/worms/common_voice_en_207317.opus,worms
./data/macroset/en/clips/worms/common_voice_en_17687388.opus,worms
./data/macroset/en/clips/relax/common_voice_en_18431770.opus,relax
./data/macroset/en/clips/relax/common_voice_en_18325315.opus,relax
./data/macroset/en/clips/relax/common_voice_en_2322830.opus,relax
./data/macroset/en/clips/relax/common_voice_en_204853.opus,relax
./data/macroset/en/clips/relax/common_voice_en_95931.opus,relax
./data/macroset/en/clips/cartoons/common_voice_en_17727276.opus,cartoons
./data/macroset/en/clips/cartoons/common_voice_en_19389652.opus,cartoons
./data/macroset/en/clips/cartoons/common_voice_en_21719834.opus,cartoons
./data/macroset/en/clips/cartoons/common_voice_en_18860698.opus,cartoons
./data/macroset/en/clips/cartoons/common_voice_en_697205.opus,cartoons
./data/macroset/en/clips/pits/common_voice_en_985.opus,pits
./data/macroset/en/clips/pits/common_voice_en_167024.opus,pits
./data/macroset/en/clips/pits/common_voice_en_495415.opus,pits
./data/macroset/en/clips/pits/common_voice_en_21928092.opus,pits
./data/macroset/en/clips/pits/common_voice_en_70596.opus,pits
./data/macroset/en/clips/energetic/common_voice_en_20162555.opus,energetic
./data/macroset/en/clips/energetic/common_voice_en_20298183.opus,energetic
./data/macroset/en/clips/energetic/common_voice_en_20727903.opus,energetic
./data/macroset/en/clips/energetic/common_voice_en_20780729.opus,energetic
./data/macroset/en/clips/energetic/common_voice_en_19825176.opus,energetic
./data/macroset/en/clips/thinks/common_voice_en_19204499.opus,thinks
./data/macroset/en/clips/thinks/common_voice_en_17635966.opus,thinks
./data/macroset/en/clips/thinks/common_voice_en_18057033.opus,thinks
./data/macroset/en/clips/thinks/common_voice_en_192108.opus,thinks
./data/macroset/en/clips/thinks/common_voice_en_559489.opus,thinks
./data/macroset/en/clips/old/common_voice_en_636812.opus,old
./data/macroset/en/clips/old/common_voice_en_33259.opus,old
./data/macroset/en/clips/old/common_voice_en_18040518.opus,old
./data/macroset/en/clips/old/common_voice_en_608778.opus,old
./data/macroset/en/clips/old/common_voice_en_117951.opus,old
./data/macroset/en/clips/numerous/common_voice_en_20689963.opus,numerous
./data/macroset/en/clips/numerous/common_voice_en_22405619.opus,numerous
./data/macroset/en/clips/numerous/common_voice_en_21330735.opus,numerous
./data/macroset/en/clips/numerous/common_voice_en_21452471.opus,numerous
./data/macroset/en/clips/numerous/common_voice_en_18975650.opus,numerous
./data/macroset/en/clips/cure/common_voice_en_20913802.opus,cure
./data/macroset/en/clips/cure/common_voice_en_2270232.opus,cure
./data/macroset/en/clips/cure/common_voice_en_671606.opus,cure
./data/macroset/en/clips/cure/common_voice_en_529498.opus,cure
./data/macroset/en/clips/cure/common_voice_en_515684.opus,cure
./data/macroset/en/clips/appendix/common_voice_en_21989538.opus,appendix
./data/macroset/en/clips/appendix/common_voice_en_661033.opus,appendix
./data/macroset/en/clips/appendix/common_voice_en_9376050.opus,appendix
./data/macroset/en/clips/appendix/common_voice_en_673670.opus,appendix
./data/macroset/en/clips/appendix/common_voice_en_624318.opus,appendix
./data/macroset/en/clips/evolve/common_voice_en_65718.opus,evolve
./data/macroset/en/clips/evolve/common_voice_en_22282228.opus,evolve
./data/macroset/en/clips/evolve/common_voice_en_586255.opus,evolve
./data/macroset/en/clips/evolve/common_voice_en_20253243.opus,evolve
./data/macroset/en/clips/evolve/common_voice_en_21855642.opus,evolve
./data/macroset/en/clips/particle/common_voice_en_18508531.opus,particle
./data/macroset/en/clips/particle/common_voice_en_18511120.opus,particle
./data/macroset/en/clips/particle/common_voice_en_21381220.opus,particle
./data/macroset/en/clips/particle/common_voice_en_19124020.opus,particle
./data/macroset/en/clips/particle/common_voice_en_19355450.opus,particle
./data/macroset/en/clips/lean/common_voice_en_18635048.opus,lean
./data/macroset/en/clips/lean/common_voice_en_17715347.opus,lean
./data/macroset/en/clips/lean/common_voice_en_18667926.opus,lean
./data/macroset/en/clips/lean/common_voice_en_20246973.opus,lean
./data/macroset/en/clips/lean/common_voice_en_22104627.opus,lean
./data/macroset/en/clips/dots/common_voice_en_663106.opus,dots
./data/macroset/en/clips/dots/common_voice_en_361708.opus,dots
./data/macroset/en/clips/dots/common_voice_en_573144.opus,dots
./data/macroset/en/clips/dots/common_voice_en_165092.opus,dots
./data/macroset/en/clips/dots/common_voice_en_17909418.opus,dots
./data/macroset/en/clips/respiratory/common_voice_en_21439152.opus,respiratory
./data/macroset/en/clips/respiratory/common_voice_en_19003149.opus,respiratory
./data/macroset/en/clips/respiratory/common_voice_en_20178504.opus,respiratory
./data/macroset/en/clips/respiratory/common_voice_en_22160204.opus,respiratory
./data/macroset/en/clips/respiratory/common_voice_en_19259732.opus,respiratory
./data/macroset/en/clips/originate/common_voice_en_19311114.opus,originate
./data/macroset/en/clips/originate/common_voice_en_22250570.opus,originate
./data/macroset/en/clips/originate/common_voice_en_20909338.opus,originate
./data/macroset/en/clips/originate/common_voice_en_18840559.opus,originate
./data/macroset/en/clips/originate/common_voice_en_18779800.opus,originate
./data/macroset/en/clips/staring/common_voice_en_181467.opus,staring
./data/macroset/en/clips/staring/common_voice_en_17263412.opus,staring
./data/macroset/en/clips/staring/common_voice_en_642127.opus,staring
./data/macroset/en/clips/staring/common_voice_en_628866.opus,staring
./data/macroset/en/clips/staring/common_voice_en_609384.opus,staring
./data/macroset/en/clips/sequence/common_voice_en_20146219.opus,sequence
./data/macroset/en/clips/sequence/common_voice_en_22081645.opus,sequence
./data/macroset/en/clips/sequence/common_voice_en_21252735.opus,sequence
./data/macroset/en/clips/sequence/common_voice_en_18924896.opus,sequence
./data/macroset/en/clips/sequence/common_voice_en_20736497.opus,sequence
./data/macroset/en/clips/hire/common_voice_en_561802.opus,hire
./data/macroset/en/clips/hire/common_voice_en_19526283.opus,hire
./data/macroset/en/clips/hire/common_voice_en_37149.opus,hire
./data/macroset/en/clips/hire/common_voice_en_18502425.opus,hire
./data/macroset/en/clips/hire/common_voice_en_94265.opus,hire
./data/macroset/en/clips/pregnant/common_voice_en_87156.opus,pregnant
./data/macroset/en/clips/pregnant/common_voice_en_537704.opus,pregnant
./data/macroset/en/clips/pregnant/common_voice_en_20687568.opus,pregnant
./data/macroset/en/clips/pregnant/common_voice_en_17725492.opus,pregnant
./data/macroset/en/clips/pregnant/common_voice_en_17862508.opus,pregnant
./data/macroset/en/clips/ducks/common_voice_en_19269694.opus,ducks
./data/macroset/en/clips/ducks/common_voice_en_21020035.opus,ducks
./data/macroset/en/clips/ducks/common_voice_en_654385.opus,ducks
./data/macroset/en/clips/ducks/common_voice_en_17835232.opus,ducks
./data/macroset/en/clips/ducks/common_voice_en_17849106.opus,ducks
./data/macroset/en/clips/ideas/common_voice_en_19846639.opus,ideas
./data/macroset/en/clips/ideas/common_voice_en_22320798.opus,ideas
./data/macroset/en/clips/ideas/common_voice_en_21213630.opus,ideas
./data/macroset/en/clips/ideas/common_voice_en_21111562.opus,ideas
./data/macroset/en/clips/ideas/common_voice_en_21016314.opus,ideas
./data/macroset/en/clips/simplifying/common_voice_en_638121.opus,simplifying
./data/macroset/en/clips/simplifying/common_voice_en_150652.opus,simplifying
./data/macroset/en/clips/simplifying/common_voice_en_515777.opus,simplifying
./data/macroset/en/clips/simplifying/common_voice_en_148741.opus,simplifying
./data/macroset/en/clips/simplifying/common_voice_en_215679.opus,simplifying
./data/macroset/en/clips/autumn/common_voice_en_19999537.opus,autumn
./data/macroset/en/clips/autumn/common_voice_en_19136792.opus,autumn
./data/macroset/en/clips/autumn/common_voice_en_58587.opus,autumn
./data/macroset/en/clips/autumn/common_voice_en_18300150.opus,autumn
./data/macroset/en/clips/autumn/common_voice_en_20831530.opus,autumn
./data/macroset/en/clips/kept/common_voice_en_20144697.opus,kept
./data/macroset/en/clips/kept/common_voice_en_663342.opus,kept
./data/macroset/en/clips/kept/common_voice_en_20027091.opus,kept
./data/macroset/en/clips/kept/common_voice_en_611892.opus,kept
./data/macroset/en/clips/kept/common_voice_en_17979633.opus,kept
./data/macroset/en/clips/dangerous/common_voice_en_20748391.opus,dangerous
./data/macroset/en/clips/dangerous/common_voice_en_31409.opus,dangerous
./data/macroset/en/clips/dangerous/common_voice_en_17777065.opus,dangerous
./data/macroset/en/clips/dangerous/common_voice_en_533001.opus,dangerous
./data/macroset/en/clips/dangerous/common_voice_en_189797.opus,dangerous
./data/macroset/en/clips/counties/common_voice_en_20282867.opus,counties
./data/macroset/en/clips/counties/common_voice_en_19979292.opus,counties
./data/macroset/en/clips/counties/common_voice_en_20757178.opus,counties
./data/macroset/en/clips/counties/common_voice_en_21950612.opus,counties
./data/macroset/en/clips/counties/common_voice_en_18828587.opus,counties
./data/macroset/en/clips/collapsed/common_voice_en_17824157.opus,collapsed
./data/macroset/en/clips/collapsed/common_voice_en_20245174.opus,collapsed
./data/macroset/en/clips/collapsed/common_voice_en_656641.opus,collapsed
./data/macroset/en/clips/collapsed/common_voice_en_17392731.opus,collapsed
./data/macroset/en/clips/collapsed/common_voice_en_17520259.opus,collapsed
./data/macroset/en/clips/recreation/common_voice_en_20801266.opus,recreation
./data/macroset/en/clips/recreation/common_voice_en_20293647.opus,recreation
./data/macroset/en/clips/recreation/common_voice_en_20294520.opus,recreation
./data/macroset/en/clips/recreation/common_voice_en_21275081.opus,recreation
./data/macroset/en/clips/recreation/common_voice_en_19691628.opus,recreation
./data/macroset/en/clips/upcoming/common_voice_en_19428105.opus,upcoming
./data/macroset/en/clips/upcoming/common_voice_en_19231823.opus,upcoming
./data/macroset/en/clips/upcoming/common_voice_en_599074.opus,upcoming
./data/macroset/en/clips/upcoming/common_voice_en_19711340.opus,upcoming
./data/macroset/en/clips/upcoming/common_voice_en_21653196.opus,upcoming
./data/macroset/en/clips/wetlands/common_voice_en_19111487.opus,wetlands
./data/macroset/en/clips/wetlands/common_voice_en_22433132.opus,wetlands
./data/macroset/en/clips/wetlands/common_voice_en_19476285.opus,wetlands
./data/macroset/en/clips/wetlands/common_voice_en_19916472.opus,wetlands
./data/macroset/en/clips/wetlands/common_voice_en_20422159.opus,wetlands
./data/macroset/en/clips/partial/common_voice_en_20077880.opus,partial
./data/macroset/en/clips/partial/common_voice_en_21106683.opus,partial
./data/macroset/en/clips/partial/common_voice_en_19006884.opus,partial
./data/macroset/en/clips/partial/common_voice_en_19100263.opus,partial
./data/macroset/en/clips/partial/common_voice_en_22298552.opus,partial
./data/macroset/en/clips/waits/common_voice_en_630323.opus,waits
./data/macroset/en/clips/waits/common_voice_en_19129331.opus,waits
./data/macroset/en/clips/waits/common_voice_en_20578570.opus,waits
./data/macroset/en/clips/waits/common_voice_en_20964299.opus,waits
./data/macroset/en/clips/waits/common_voice_en_486248.opus,waits
./data/macroset/en/clips/bucks/common_voice_en_77391.opus,bucks
./data/macroset/en/clips/bucks/common_voice_en_36199.opus,bucks
./data/macroset/en/clips/bucks/common_voice_en_537963.opus,bucks
./data/macroset/en/clips/bucks/common_voice_en_21334234.opus,bucks
./data/macroset/en/clips/bucks/common_voice_en_83191.opus,bucks
./data/macroset/en/clips/expects/common_voice_en_20004156.opus,expects
./data/macroset/en/clips/expects/common_voice_en_17644061.opus,expects
./data/macroset/en/clips/expects/common_voice_en_18118181.opus,expects
./data/macroset/en/clips/expects/common_voice_en_22066537.opus,expects
./data/macroset/en/clips/expects/common_voice_en_17282382.opus,expects
./data/macroset/en/clips/curtains/common_voice_en_17332649.opus,curtains
./data/macroset/en/clips/curtains/common_voice_en_17246912.opus,curtains
./data/macroset/en/clips/curtains/common_voice_en_174487.opus,curtains
./data/macroset/en/clips/curtains/common_voice_en_18066563.opus,curtains
./data/macroset/en/clips/curtains/common_voice_en_29721.opus,curtains
./data/macroset/en/clips/detritus/common_voice_en_81604.opus,detritus
./data/macroset/en/clips/detritus/common_voice_en_689757.opus,detritus
./data/macroset/en/clips/detritus/common_voice_en_94379.opus,detritus
./data/macroset/en/clips/detritus/common_voice_en_682138.opus,detritus
./data/macroset/en/clips/detritus/common_voice_en_18164947.opus,detritus
./data/macroset/en/clips/blown/common_voice_en_638936.opus,blown
./data/macroset/en/clips/blown/common_voice_en_620966.opus,blown
./data/macroset/en/clips/blown/common_voice_en_3625.opus,blown
./data/macroset/en/clips/blown/common_voice_en_609380.opus,blown
./data/macroset/en/clips/blown/common_voice_en_9347685.opus,blown
./data/macroset/en/clips/harm/common_voice_en_21739996.opus,harm
./data/macroset/en/clips/harm/common_voice_en_22210287.opus,harm
./data/macroset/en/clips/harm/common_voice_en_31971.opus,harm
./data/macroset/en/clips/harm/common_voice_en_17673870.opus,harm
./data/macroset/en/clips/harm/common_voice_en_47117.opus,harm
./data/macroset/en/clips/point/common_voice_en_18143935.opus,point
./data/macroset/en/clips/point/common_voice_en_510367.opus,point
./data/macroset/en/clips/point/common_voice_en_17387439.opus,point
./data/macroset/en/clips/point/common_voice_en_19240459.opus,point
./data/macroset/en/clips/point/common_voice_en_20410868.opus,point
./data/macroset/en/clips/deemed/common_voice_en_18780046.opus,deemed
./data/macroset/en/clips/deemed/common_voice_en_20537051.opus,deemed
./data/macroset/en/clips/deemed/common_voice_en_19958752.opus,deemed
./data/macroset/en/clips/deemed/common_voice_en_22175049.opus,deemed
./data/macroset/en/clips/deemed/common_voice_en_20418236.opus,deemed
./data/macroset/en/clips/earliest/common_voice_en_19484303.opus,earliest
./data/macroset/en/clips/earliest/common_voice_en_20927427.opus,earliest
./data/macroset/en/clips/earliest/common_voice_en_19727190.opus,earliest
./data/macroset/en/clips/earliest/common_voice_en_21664112.opus,earliest
./data/macroset/en/clips/earliest/common_voice_en_18893554.opus,earliest
./data/macroset/en/clips/geographical/common_voice_en_19392965.opus,geographical
./data/macroset/en/clips/geographical/common_voice_en_21364552.opus,geographical
./data/macroset/en/clips/geographical/common_voice_en_20383363.opus,geographical
./data/macroset/en/clips/geographical/common_voice_en_19410811.opus,geographical
./data/macroset/en/clips/geographical/common_voice_en_22127611.opus,geographical
./data/macroset/en/clips/diabetes/common_voice_en_18603025.opus,diabetes
./data/macroset/en/clips/diabetes/common_voice_en_17441318.opus,diabetes
./data/macroset/en/clips/diabetes/common_voice_en_577643.opus,diabetes
./data/macroset/en/clips/diabetes/common_voice_en_646736.opus,diabetes
./data/macroset/en/clips/diabetes/common_voice_en_19640632.opus,diabetes
./data/macroset/en/clips/tier/common_voice_en_20883322.opus,tier
./data/macroset/en/clips/tier/common_voice_en_20347364.opus,tier
./data/macroset/en/clips/tier/common_voice_en_19499303.opus,tier
./data/macroset/en/clips/tier/common_voice_en_19381366.opus,tier
./data/macroset/en/clips/tier/common_voice_en_19638834.opus,tier
./data/macroset/en/clips/sparse/common_voice_en_20325537.opus,sparse
./data/macroset/en/clips/sparse/common_voice_en_184220.opus,sparse
./data/macroset/en/clips/sparse/common_voice_en_19996328.opus,sparse
./data/macroset/en/clips/sparse/common_voice_en_18752540.opus,sparse
./data/macroset/en/clips/sparse/common_voice_en_551257.opus,sparse
./data/macroset/en/clips/territorial/common_voice_en_22060831.opus,territorial
./data/macroset/en/clips/territorial/common_voice_en_20819248.opus,territorial
./data/macroset/en/clips/territorial/common_voice_en_21291635.opus,territorial
./data/macroset/en/clips/territorial/common_voice_en_19687307.opus,territorial
./data/macroset/en/clips/territorial/common_voice_en_19626064.opus,territorial
./data/macroset/en/clips/ann/common_voice_en_18070442.opus,ann
./data/macroset/en/clips/ann/common_voice_en_17891579.opus,ann
./data/macroset/en/clips/ann/common_voice_en_18124960.opus,ann
./data/macroset/en/clips/ann/common_voice_en_537640.opus,ann
./data/macroset/en/clips/ann/common_voice_en_22287072.opus,ann
./data/macroset/en/clips/clarke/common_voice_en_20459354.opus,clarke
./data/macroset/en/clips/clarke/common_voice_en_19066443.opus,clarke
./data/macroset/en/clips/clarke/common_voice_en_22219223.opus,clarke
./data/macroset/en/clips/clarke/common_voice_en_20591860.opus,clarke
./data/macroset/en/clips/clarke/common_voice_en_20760718.opus,clarke
./data/macroset/en/clips/wayne/common_voice_en_163746.opus,wayne
./data/macroset/en/clips/wayne/common_voice_en_659870.opus,wayne
./data/macroset/en/clips/wayne/common_voice_en_18758028.opus,wayne
./data/macroset/en/clips/wayne/common_voice_en_20391198.opus,wayne
./data/macroset/en/clips/wayne/common_voice_en_22371928.opus,wayne
./data/macroset/en/clips/studied/common_voice_en_486948.opus,studied
./data/macroset/en/clips/studied/common_voice_en_20670395.opus,studied
./data/macroset/en/clips/studied/common_voice_en_20219895.opus,studied
./data/macroset/en/clips/studied/common_voice_en_19564801.opus,studied
./data/macroset/en/clips/studied/common_voice_en_19825420.opus,studied
./data/macroset/en/clips/genera/common_voice_en_20715484.opus,genera
./data/macroset/en/clips/genera/common_voice_en_18819507.opus,genera
./data/macroset/en/clips/genera/common_voice_en_19640424.opus,genera
./data/macroset/en/clips/genera/common_voice_en_20531935.opus,genera
./data/macroset/en/clips/genera/common_voice_en_20798452.opus,genera
./data/macroset/en/clips/laboratory/common_voice_en_18871484.opus,laboratory
./data/macroset/en/clips/laboratory/common_voice_en_19038094.opus,laboratory
./data/macroset/en/clips/laboratory/common_voice_en_19727090.opus,laboratory
./data/macroset/en/clips/laboratory/common_voice_en_18508531.opus,laboratory
./data/macroset/en/clips/laboratory/common_voice_en_20320141.opus,laboratory
./data/macroset/en/clips/yukon/common_voice_en_21438855.opus,yukon
./data/macroset/en/clips/yukon/common_voice_en_19533678.opus,yukon
./data/macroset/en/clips/yukon/common_voice_en_19995833.opus,yukon
./data/macroset/en/clips/yukon/common_voice_en_19639225.opus,yukon
./data/macroset/en/clips/yukon/common_voice_en_22181216.opus,yukon
./data/macroset/en/clips/spangled/common_voice_en_9588.opus,spangled
./data/macroset/en/clips/spangled/common_voice_en_21454193.opus,spangled
./data/macroset/en/clips/spangled/common_voice_en_612967.opus,spangled
./data/macroset/en/clips/spangled/common_voice_en_688506.opus,spangled
./data/macroset/en/clips/spangled/common_voice_en_87620.opus,spangled
./data/macroset/en/clips/ebony/common_voice_en_17875202.opus,ebony
./data/macroset/en/clips/ebony/common_voice_en_489444.opus,ebony
./data/macroset/en/clips/ebony/common_voice_en_17313208.opus,ebony
./data/macroset/en/clips/ebony/common_voice_en_249476.opus,ebony
./data/macroset/en/clips/ebony/common_voice_en_469298.opus,ebony
./data/macroset/en/clips/peoples/common_voice_en_18752029.opus,peoples
./data/macroset/en/clips/peoples/common_voice_en_20857863.opus,peoples
./data/macroset/en/clips/peoples/common_voice_en_20863084.opus,peoples
./data/macroset/en/clips/peoples/common_voice_en_21505174.opus,peoples
./data/macroset/en/clips/peoples/common_voice_en_19398735.opus,peoples
./data/macroset/en/clips/quietness/common_voice_en_17422447.opus,quietness
./data/macroset/en/clips/quietness/common_voice_en_17285367.opus,quietness
./data/macroset/en/clips/quietness/common_voice_en_17561780.opus,quietness
./data/macroset/en/clips/quietness/common_voice_en_18404732.opus,quietness
./data/macroset/en/clips/quietness/common_voice_en_17280705.opus,quietness
./data/macroset/en/clips/sworn/common_voice_en_17391722.opus,sworn
./data/macroset/en/clips/sworn/common_voice_en_20975905.opus,sworn
./data/macroset/en/clips/sworn/common_voice_en_17276011.opus,sworn
./data/macroset/en/clips/sworn/common_voice_en_22448589.opus,sworn
./data/macroset/en/clips/sworn/common_voice_en_29701.opus,sworn
./data/macroset/en/clips/which/common_voice_en_20963717.opus,which
./data/macroset/en/clips/which/common_voice_en_22309460.opus,which
./data/macroset/en/clips/which/common_voice_en_18589625.opus,which
./data/macroset/en/clips/which/common_voice_en_19748067.opus,which
./data/macroset/en/clips/which/common_voice_en_17331597.opus,which
./data/macroset/en/clips/estimated/common_voice_en_18924218.opus,estimated
./data/macroset/en/clips/estimated/common_voice_en_22019051.opus,estimated
./data/macroset/en/clips/estimated/common_voice_en_20216650.opus,estimated
./data/macroset/en/clips/estimated/common_voice_en_20782228.opus,estimated
./data/macroset/en/clips/estimated/common_voice_en_21595842.opus,estimated
./data/macroset/en/clips/continuing/common_voice_en_20309581.opus,continuing
./data/macroset/en/clips/continuing/common_voice_en_21100031.opus,continuing
./data/macroset/en/clips/continuing/common_voice_en_21886393.opus,continuing
./data/macroset/en/clips/continuing/common_voice_en_21342488.opus,continuing
./data/macroset/en/clips/continuing/common_voice_en_20704104.opus,continuing
./data/macroset/en/clips/lace/common_voice_en_656249.opus,lace
./data/macroset/en/clips/lace/common_voice_en_146601.opus,lace
./data/macroset/en/clips/lace/common_voice_en_17393668.opus,lace
./data/macroset/en/clips/lace/common_voice_en_210952.opus,lace
./data/macroset/en/clips/lace/common_voice_en_494472.opus,lace
./data/macroset/en/clips/santa/common_voice_en_20114823.opus,santa
./data/macroset/en/clips/santa/common_voice_en_209399.opus,santa
./data/macroset/en/clips/santa/common_voice_en_22415114.opus,santa
./data/macroset/en/clips/santa/common_voice_en_19574418__2.opus,santa
./data/macroset/en/clips/santa/common_voice_en_43505.opus,santa
./data/macroset/en/clips/jargon/common_voice_en_17847061.opus,jargon
./data/macroset/en/clips/jargon/common_voice_en_18052435.opus,jargon
./data/macroset/en/clips/jargon/common_voice_en_7957226.opus,jargon
./data/macroset/en/clips/jargon/common_voice_en_18133055.opus,jargon
./data/macroset/en/clips/jargon/common_voice_en_17887812.opus,jargon
./data/macroset/en/clips/galaxy/common_voice_en_19635642.opus,galaxy
./data/macroset/en/clips/galaxy/common_voice_en_20049726.opus,galaxy
./data/macroset/en/clips/galaxy/common_voice_en_20065522.opus,galaxy
./data/macroset/en/clips/galaxy/common_voice_en_21151329.opus,galaxy
./data/macroset/en/clips/galaxy/common_voice_en_19214229.opus,galaxy
./data/macroset/en/clips/familiarize/common_voice_en_17554193.opus,familiarize
./data/macroset/en/clips/familiarize/common_voice_en_476852.opus,familiarize
./data/macroset/en/clips/familiarize/common_voice_en_124845.opus,familiarize
./data/macroset/en/clips/familiarize/common_voice_en_628693.opus,familiarize
./data/macroset/en/clips/familiarize/common_voice_en_17684218.opus,familiarize
./data/macroset/en/clips/homeboy/common_voice_en_17389489.opus,homeboy
./data/macroset/en/clips/homeboy/common_voice_en_17802989.opus,homeboy
./data/macroset/en/clips/homeboy/common_voice_en_481931.opus,homeboy
./data/macroset/en/clips/homeboy/common_voice_en_17658511.opus,homeboy
./data/macroset/en/clips/homeboy/common_voice_en_18042574.opus,homeboy
./data/macroset/en/clips/las/common_voice_en_19769892.opus,las
./data/macroset/en/clips/las/common_voice_en_69286.opus,las
./data/macroset/en/clips/las/common_voice_en_20783740.opus,las
./data/macroset/en/clips/las/common_voice_en_20538189.opus,las
./data/macroset/en/clips/las/common_voice_en_20292281.opus,las
./data/macroset/en/clips/interesting/common_voice_en_19728703.opus,interesting
./data/macroset/en/clips/interesting/common_voice_en_686669.opus,interesting
./data/macroset/en/clips/interesting/common_voice_en_18435541.opus,interesting
./data/macroset/en/clips/interesting/common_voice_en_94610.opus,interesting
./data/macroset/en/clips/interesting/common_voice_en_20896669.opus,interesting
./data/macroset/en/clips/swiftly/common_voice_en_19362054.opus,swiftly
./data/macroset/en/clips/swiftly/common_voice_en_583017.opus,swiftly
./data/macroset/en/clips/swiftly/common_voice_en_18516924.opus,swiftly
./data/macroset/en/clips/swiftly/common_voice_en_18760783.opus,swiftly
./data/macroset/en/clips/swiftly/common_voice_en_22304611.opus,swiftly
./data/macroset/en/clips/fry/common_voice_en_20946974.opus,fry
./data/macroset/en/clips/fry/common_voice_en_18092255.opus,fry
./data/macroset/en/clips/fry/common_voice_en_253840.opus,fry
./data/macroset/en/clips/fry/common_voice_en_499496.opus,fry
./data/macroset/en/clips/fry/common_voice_en_21850828.opus,fry
./data/macroset/en/clips/bartender/common_voice_en_18419655.opus,bartender
./data/macroset/en/clips/bartender/common_voice_en_17917011.opus,bartender
./data/macroset/en/clips/bartender/common_voice_en_18091107.opus,bartender
./data/macroset/en/clips/bartender/common_voice_en_21345863.opus,bartender
./data/macroset/en/clips/bartender/common_voice_en_18502960.opus,bartender
./data/macroset/en/clips/page/common_voice_en_19456478.opus,page
./data/macroset/en/clips/page/common_voice_en_19805018.opus,page
./data/macroset/en/clips/page/common_voice_en_82693.opus,page
./data/macroset/en/clips/page/common_voice_en_18865263.opus,page
./data/macroset/en/clips/page/common_voice_en_20322603.opus,page
./data/macroset/en/clips/teenage/common_voice_en_20698591.opus,teenage
./data/macroset/en/clips/teenage/common_voice_en_20585026.opus,teenage
./data/macroset/en/clips/teenage/common_voice_en_18577333.opus,teenage
./data/macroset/en/clips/teenage/common_voice_en_18852419.opus,teenage
./data/macroset/en/clips/teenage/common_voice_en_19692256.opus,teenage
./data/macroset/en/clips/agricultural/common_voice_en_22306315.opus,agricultural
./data/macroset/en/clips/agricultural/common_voice_en_19630379.opus,agricultural
./data/macroset/en/clips/agricultural/common_voice_en_20325875.opus,agricultural
./data/macroset/en/clips/agricultural/common_voice_en_19946680.opus,agricultural
./data/macroset/en/clips/agricultural/common_voice_en_18772992.opus,agricultural
./data/macroset/en/clips/distinction/common_voice_en_19957195.opus,distinction
./data/macroset/en/clips/distinction/common_voice_en_21780871.opus,distinction
./data/macroset/en/clips/distinction/common_voice_en_19230861.opus,distinction
./data/macroset/en/clips/distinction/common_voice_en_20106664.opus,distinction
./data/macroset/en/clips/distinction/common_voice_en_22364198.opus,distinction
./data/macroset/en/clips/knock/common_voice_en_477310.opus,knock
./data/macroset/en/clips/knock/common_voice_en_20523884.opus,knock
./data/macroset/en/clips/knock/common_voice_en_25917.opus,knock
./data/macroset/en/clips/knock/common_voice_en_201757__2.opus,knock
./data/macroset/en/clips/knock/common_voice_en_18427670.opus,knock
./data/macroset/en/clips/attend/common_voice_en_20851329.opus,attend
./data/macroset/en/clips/attend/common_voice_en_17287822.opus,attend
./data/macroset/en/clips/attend/common_voice_en_18981033.opus,attend
./data/macroset/en/clips/attend/common_voice_en_18993781.opus,attend
./data/macroset/en/clips/attend/common_voice_en_17393061.opus,attend
./data/macroset/en/clips/contracts/common_voice_en_19978252.opus,contracts
./data/macroset/en/clips/contracts/common_voice_en_20245097.opus,contracts
./data/macroset/en/clips/contracts/common_voice_en_20581953.opus,contracts
./data/macroset/en/clips/contracts/common_voice_en_18840548__2.opus,contracts
./data/macroset/en/clips/contracts/common_voice_en_21320348.opus,contracts
./data/macroset/en/clips/travel/common_voice_en_21063676.opus,travel
./data/macroset/en/clips/travel/common_voice_en_20055441.opus,travel
./data/macroset/en/clips/travel/common_voice_en_83397.opus,travel
./data/macroset/en/clips/travel/common_voice_en_630363.opus,travel
./data/macroset/en/clips/travel/common_voice_en_506021.opus,travel
./data/macroset/en/clips/menu/common_voice_en_374402.opus,menu
./data/macroset/en/clips/menu/common_voice_en_20188953.opus,menu
./data/macroset/en/clips/menu/common_voice_en_21314216.opus,menu
./data/macroset/en/clips/menu/common_voice_en_189323.opus,menu
./data/macroset/en/clips/menu/common_voice_en_656424.opus,menu
./data/macroset/en/clips/reckless/common_voice_en_17283165.opus,reckless
./data/macroset/en/clips/reckless/common_voice_en_17388462.opus,reckless
./data/macroset/en/clips/reckless/common_voice_en_17279836.opus,reckless
./data/macroset/en/clips/reckless/common_voice_en_17291039.opus,reckless
./data/macroset/en/clips/reckless/common_voice_en_17922675.opus,reckless
./data/macroset/en/clips/spirited/common_voice_en_17844507.opus,spirited
./data/macroset/en/clips/spirited/common_voice_en_21359255.opus,spirited
./data/macroset/en/clips/spirited/common_voice_en_20408181.opus,spirited
./data/macroset/en/clips/spirited/common_voice_en_21981570.opus,spirited
./data/macroset/en/clips/spirited/common_voice_en_17294086.opus,spirited
./data/macroset/en/clips/mama/common_voice_en_606626.opus,mama
./data/macroset/en/clips/mama/common_voice_en_611790.opus,mama
./data/macroset/en/clips/mama/common_voice_en_21673161.opus,mama
./data/macroset/en/clips/mama/common_voice_en_21096369.opus,mama
./data/macroset/en/clips/mama/common_voice_en_609537.opus,mama
./data/macroset/en/clips/genetic/common_voice_en_20276170.opus,genetic
./data/macroset/en/clips/genetic/common_voice_en_21934863.opus,genetic
./data/macroset/en/clips/genetic/common_voice_en_20235163.opus,genetic
./data/macroset/en/clips/genetic/common_voice_en_19354111.opus,genetic
./data/macroset/en/clips/genetic/common_voice_en_20317122.opus,genetic
./data/macroset/en/clips/potter/common_voice_en_21334579.opus,potter
./data/macroset/en/clips/potter/common_voice_en_20988145.opus,potter
./data/macroset/en/clips/potter/common_voice_en_20265735.opus,potter
./data/macroset/en/clips/potter/common_voice_en_20212163.opus,potter
./data/macroset/en/clips/potter/common_voice_en_20519861.opus,potter
./data/macroset/en/clips/grin/common_voice_en_650858.opus,grin
./data/macroset/en/clips/grin/common_voice_en_21269463.opus,grin
./data/macroset/en/clips/grin/common_voice_en_18020583.opus,grin
./data/macroset/en/clips/grin/common_voice_en_18221042.opus,grin
./data/macroset/en/clips/grin/common_voice_en_18935339.opus,grin
./data/macroset/en/clips/ottoman/common_voice_en_19314007.opus,ottoman
./data/macroset/en/clips/ottoman/common_voice_en_19371986.opus,ottoman
./data/macroset/en/clips/ottoman/common_voice_en_18971250.opus,ottoman
./data/macroset/en/clips/ottoman/common_voice_en_18995969.opus,ottoman
./data/macroset/en/clips/ottoman/common_voice_en_22093373.opus,ottoman
./data/macroset/en/clips/done/common_voice_en_18666999.opus,done
./data/macroset/en/clips/done/common_voice_en_537616.opus,done
./data/macroset/en/clips/done/common_voice_en_17978660.opus,done
./data/macroset/en/clips/done/common_voice_en_509250.opus,done
./data/macroset/en/clips/done/common_voice_en_17869143.opus,done
./data/macroset/en/clips/fellas/common_voice_en_685842.opus,fellas
./data/macroset/en/clips/fellas/common_voice_en_626619.opus,fellas
./data/macroset/en/clips/fellas/common_voice_en_3058.opus,fellas
./data/macroset/en/clips/fellas/common_voice_en_592675.opus,fellas
./data/macroset/en/clips/fellas/common_voice_en_593002.opus,fellas
./data/macroset/en/clips/chilling/common_voice_en_17381139.opus,chilling
./data/macroset/en/clips/chilling/common_voice_en_18080442.opus,chilling
./data/macroset/en/clips/chilling/common_voice_en_525419.opus,chilling
./data/macroset/en/clips/chilling/common_voice_en_212480.opus,chilling
./data/macroset/en/clips/chilling/common_voice_en_9438.opus,chilling
./data/macroset/en/clips/resigned/common_voice_en_20294980.opus,resigned
./data/macroset/en/clips/resigned/common_voice_en_22384329.opus,resigned
./data/macroset/en/clips/resigned/common_voice_en_20250878.opus,resigned
./data/macroset/en/clips/resigned/common_voice_en_19966822.opus,resigned
./data/macroset/en/clips/resigned/common_voice_en_20007612.opus,resigned
./data/macroset/en/clips/password/common_voice_en_17276263.opus,password
./data/macroset/en/clips/password/common_voice_en_301778.opus,password
./data/macroset/en/clips/password/common_voice_en_91683.opus,password
./data/macroset/en/clips/password/common_voice_en_19818436.opus,password
./data/macroset/en/clips/password/common_voice_en_17277503.opus,password
./data/macroset/en/clips/categorized/common_voice_en_22331747.opus,categorized
./data/macroset/en/clips/categorized/common_voice_en_19547550.opus,categorized
./data/macroset/en/clips/categorized/common_voice_en_21244344.opus,categorized
./data/macroset/en/clips/categorized/common_voice_en_21451371.opus,categorized
./data/macroset/en/clips/categorized/common_voice_en_22017673.opus,categorized
./data/macroset/en/clips/delete/common_voice_en_8674899.opus,delete
./data/macroset/en/clips/delete/common_voice_en_525402.opus,delete
./data/macroset/en/clips/delete/common_voice_en_207857.opus,delete
./data/macroset/en/clips/delete/common_voice_en_3245750.opus,delete
./data/macroset/en/clips/delete/common_voice_en_143725.opus,delete
./data/macroset/en/clips/flat/common_voice_en_20309286.opus,flat
./data/macroset/en/clips/flat/common_voice_en_19544187.opus,flat
./data/macroset/en/clips/flat/common_voice_en_18772575__2.opus,flat
./data/macroset/en/clips/flat/common_voice_en_20117784.opus,flat
./data/macroset/en/clips/flat/common_voice_en_594824.opus,flat
./data/macroset/en/clips/dubious/common_voice_en_18473330.opus,dubious
./data/macroset/en/clips/dubious/common_voice_en_688635.opus,dubious
./data/macroset/en/clips/dubious/common_voice_en_572941.opus,dubious
./data/macroset/en/clips/dubious/common_voice_en_696079.opus,dubious
./data/macroset/en/clips/dubious/common_voice_en_18843825.opus,dubious
./data/macroset/en/clips/crust/common_voice_en_18191321.opus,crust
./data/macroset/en/clips/crust/common_voice_en_20412079.opus,crust
./data/macroset/en/clips/crust/common_voice_en_22258045.opus,crust
./data/macroset/en/clips/crust/common_voice_en_407280.opus,crust
./data/macroset/en/clips/crust/common_voice_en_20424710.opus,crust
./data/macroset/en/clips/flesh/common_voice_en_20755067.opus,flesh
./data/macroset/en/clips/flesh/common_voice_en_691418.opus,flesh
./data/macroset/en/clips/flesh/common_voice_en_632322.opus,flesh
./data/macroset/en/clips/flesh/common_voice_en_517922.opus,flesh
./data/macroset/en/clips/flesh/common_voice_en_657570.opus,flesh
./data/macroset/en/clips/manager/common_voice_en_20893527.opus,manager
./data/macroset/en/clips/manager/common_voice_en_19948349.opus,manager
./data/macroset/en/clips/manager/common_voice_en_20322710.opus,manager
./data/macroset/en/clips/manager/common_voice_en_20055596.opus,manager
./data/macroset/en/clips/manager/common_voice_en_20928326.opus,manager
./data/macroset/en/clips/violence/common_voice_en_18674027.opus,violence
./data/macroset/en/clips/violence/common_voice_en_20026425.opus,violence
./data/macroset/en/clips/violence/common_voice_en_18797170.opus,violence
./data/macroset/en/clips/violence/common_voice_en_19201635.opus,violence
./data/macroset/en/clips/violence/common_voice_en_19468057.opus,violence
./data/macroset/en/clips/dignity/common_voice_en_627922.opus,dignity
./data/macroset/en/clips/dignity/common_voice_en_21344693.opus,dignity
./data/macroset/en/clips/dignity/common_voice_en_512133.opus,dignity
./data/macroset/en/clips/dignity/common_voice_en_19947367.opus,dignity
./data/macroset/en/clips/dignity/common_voice_en_657450.opus,dignity
./data/macroset/en/clips/forget/common_voice_en_638989.opus,forget
./data/macroset/en/clips/forget/common_voice_en_45228.opus,forget
./data/macroset/en/clips/forget/common_voice_en_18496219.opus,forget
./data/macroset/en/clips/forget/common_voice_en_698430.opus,forget
./data/macroset/en/clips/forget/common_voice_en_19588432.opus,forget
./data/macroset/en/clips/discover/common_voice_en_19497295.opus,discover
./data/macroset/en/clips/discover/common_voice_en_19607956.opus,discover
./data/macroset/en/clips/discover/common_voice_en_18748794.opus,discover
./data/macroset/en/clips/discover/common_voice_en_20294230.opus,discover
./data/macroset/en/clips/discover/common_voice_en_20475979.opus,discover
./data/macroset/en/clips/gypsies/common_voice_en_49819.opus,gypsies
./data/macroset/en/clips/gypsies/common_voice_en_58005.opus,gypsies
./data/macroset/en/clips/gypsies/common_voice_en_597884.opus,gypsies
./data/macroset/en/clips/gypsies/common_voice_en_683228.opus,gypsies
./data/macroset/en/clips/gypsies/common_voice_en_31648.opus,gypsies
./data/macroset/en/clips/phobia/common_voice_en_17264314.opus,phobia
./data/macroset/en/clips/phobia/common_voice_en_17735595.opus,phobia
./data/macroset/en/clips/phobia/common_voice_en_17405283.opus,phobia
./data/macroset/en/clips/phobia/common_voice_en_18116872.opus,phobia
./data/macroset/en/clips/phobia/common_voice_en_17265909.opus,phobia
./data/macroset/en/clips/swallowing/common_voice_en_17945548.opus,swallowing
./data/macroset/en/clips/swallowing/common_voice_en_588331.opus,swallowing
./data/macroset/en/clips/swallowing/common_voice_en_260627.opus,swallowing
./data/macroset/en/clips/swallowing/common_voice_en_17280952.opus,swallowing
./data/macroset/en/clips/swallowing/common_voice_en_18092413.opus,swallowing
./data/macroset/en/clips/flow/common_voice_en_20178013.opus,flow
./data/macroset/en/clips/flow/common_voice_en_22323475.opus,flow
./data/macroset/en/clips/flow/common_voice_en_19956914.opus,flow
./data/macroset/en/clips/flow/common_voice_en_20233548.opus,flow
./data/macroset/en/clips/flow/common_voice_en_20565028.opus,flow
./data/macroset/en/clips/washing/common_voice_en_18521689.opus,washing
./data/macroset/en/clips/washing/common_voice_en_21670913.opus,washing
./data/macroset/en/clips/washing/common_voice_en_556864.opus,washing
./data/macroset/en/clips/washing/common_voice_en_683743.opus,washing
./data/macroset/en/clips/washing/common_voice_en_209179.opus,washing
./data/macroset/en/clips/birds/common_voice_en_698714.opus,birds
./data/macroset/en/clips/birds/common_voice_en_657065.opus,birds
./data/macroset/en/clips/birds/common_voice_en_18029169.opus,birds
./data/macroset/en/clips/birds/common_voice_en_596853.opus,birds
./data/macroset/en/clips/birds/common_voice_en_19289116.opus,birds
./data/macroset/en/clips/around/common_voice_en_19426658.opus,around
./data/macroset/en/clips/around/common_voice_en_20178042.opus,around
./data/macroset/en/clips/around/common_voice_en_20921477.opus,around
./data/macroset/en/clips/around/common_voice_en_19152092.opus,around
./data/macroset/en/clips/around/common_voice_en_585401.opus,around
./data/macroset/en/clips/faculty/common_voice_en_19183227.opus,faculty
./data/macroset/en/clips/faculty/common_voice_en_22185485.opus,faculty
./data/macroset/en/clips/faculty/common_voice_en_569851.opus,faculty
./data/macroset/en/clips/faculty/common_voice_en_20315642.opus,faculty
./data/macroset/en/clips/faculty/common_voice_en_20256820.opus,faculty
./data/macroset/en/clips/terms/common_voice_en_41830.opus,terms
./data/macroset/en/clips/terms/common_voice_en_22437581.opus,terms
./data/macroset/en/clips/terms/common_voice_en_21947202.opus,terms
./data/macroset/en/clips/terms/common_voice_en_19205197.opus,terms
./data/macroset/en/clips/terms/common_voice_en_19949387.opus,terms
./data/macroset/en/clips/crooks/common_voice_en_53562.opus,crooks
./data/macroset/en/clips/crooks/common_voice_en_626876.opus,crooks
./data/macroset/en/clips/crooks/common_voice_en_67977.opus,crooks
./data/macroset/en/clips/crooks/common_voice_en_535566.opus,crooks
./data/macroset/en/clips/crooks/common_voice_en_635853.opus,crooks
./data/macroset/en/clips/wilderness/common_voice_en_21502144.opus,wilderness
./data/macroset/en/clips/wilderness/common_voice_en_22126109.opus,wilderness
./data/macroset/en/clips/wilderness/common_voice_en_19598195.opus,wilderness
./data/macroset/en/clips/wilderness/common_voice_en_22404396.opus,wilderness
./data/macroset/en/clips/wilderness/common_voice_en_20404282.opus,wilderness
./data/macroset/en/clips/architectures/common_voice_en_33014.opus,architectures
./data/macroset/en/clips/architectures/common_voice_en_19636033.opus,architectures
./data/macroset/en/clips/architectures/common_voice_en_658208.opus,architectures
./data/macroset/en/clips/architectures/common_voice_en_412137.opus,architectures
./data/macroset/en/clips/architectures/common_voice_en_21507293.opus,architectures
./data/macroset/en/clips/anthony/common_voice_en_560207.opus,anthony
./data/macroset/en/clips/anthony/common_voice_en_19749888.opus,anthony
./data/macroset/en/clips/anthony/common_voice_en_562759.opus,anthony
./data/macroset/en/clips/anthony/common_voice_en_558071.opus,anthony
./data/macroset/en/clips/anthony/common_voice_en_21352453.opus,anthony
./data/macroset/en/clips/bored/common_voice_en_485424.opus,bored
./data/macroset/en/clips/bored/common_voice_en_10209011.opus,bored
./data/macroset/en/clips/bored/common_voice_en_17255918.opus,bored
./data/macroset/en/clips/bored/common_voice_en_86168.opus,bored
./data/macroset/en/clips/bored/common_voice_en_18058959.opus,bored
./data/macroset/en/clips/topic/common_voice_en_20670837.opus,topic
./data/macroset/en/clips/topic/common_voice_en_620536.opus,topic
./data/macroset/en/clips/topic/common_voice_en_17875180.opus,topic
./data/macroset/en/clips/topic/common_voice_en_19526569.opus,topic
./data/macroset/en/clips/topic/common_voice_en_19267503.opus,topic
./data/macroset/en/clips/trunk/common_voice_en_17288876.opus,trunk
./data/macroset/en/clips/trunk/common_voice_en_19601239.opus,trunk
./data/macroset/en/clips/trunk/common_voice_en_17298722.opus,trunk
./data/macroset/en/clips/trunk/common_voice_en_605822.opus,trunk
./data/macroset/en/clips/trunk/common_voice_en_18139491.opus,trunk
./data/macroset/en/clips/uncontrollably/common_voice_en_691668.opus,uncontrollably
./data/macroset/en/clips/uncontrollably/common_voice_en_53238.opus,uncontrollably
./data/macroset/en/clips/uncontrollably/common_voice_en_492376.opus,uncontrollably
./data/macroset/en/clips/uncontrollably/common_voice_en_481995.opus,uncontrollably
./data/macroset/en/clips/uncontrollably/common_voice_en_5737024.opus,uncontrollably
./data/macroset/en/clips/bald/common_voice_en_594643.opus,bald
./data/macroset/en/clips/bald/common_voice_en_19656449.opus,bald
./data/macroset/en/clips/bald/common_voice_en_20023710.opus,bald
./data/macroset/en/clips/bald/common_voice_en_18675651.opus,bald
./data/macroset/en/clips/bald/common_voice_en_492050.opus,bald
./data/macroset/en/clips/tanks/common_voice_en_19026975.opus,tanks
./data/macroset/en/clips/tanks/common_voice_en_19763116.opus,tanks
./data/macroset/en/clips/tanks/common_voice_en_21790612.opus,tanks
./data/macroset/en/clips/tanks/common_voice_en_21995097.opus,tanks
./data/macroset/en/clips/tanks/common_voice_en_19461860.opus,tanks
./data/macroset/en/clips/plush/common_voice_en_356956.opus,plush
./data/macroset/en/clips/plush/common_voice_en_793077.opus,plush
./data/macroset/en/clips/plush/common_voice_en_18061706.opus,plush
./data/macroset/en/clips/plush/common_voice_en_11820505.opus,plush
./data/macroset/en/clips/plush/common_voice_en_17771656.opus,plush
./data/macroset/en/clips/vaccines/common_voice_en_17762803.opus,vaccines
./data/macroset/en/clips/vaccines/common_voice_en_20010911.opus,vaccines
./data/macroset/en/clips/vaccines/common_voice_en_20186135.opus,vaccines
./data/macroset/en/clips/vaccines/common_voice_en_5185228.opus,vaccines
./data/macroset/en/clips/vaccines/common_voice_en_17887831.opus,vaccines
./data/macroset/en/clips/lever/common_voice_en_71642.opus,lever
./data/macroset/en/clips/lever/common_voice_en_18648014.opus,lever
./data/macroset/en/clips/lever/common_voice_en_18419588.opus,lever
./data/macroset/en/clips/lever/common_voice_en_20250793.opus,lever
./data/macroset/en/clips/lever/common_voice_en_19287889.opus,lever
./data/macroset/en/clips/focusing/common_voice_en_22334444.opus,focusing
./data/macroset/en/clips/focusing/common_voice_en_21382136.opus,focusing
./data/macroset/en/clips/focusing/common_voice_en_19973245.opus,focusing
./data/macroset/en/clips/focusing/common_voice_en_21764754.opus,focusing
./data/macroset/en/clips/focusing/common_voice_en_19579041.opus,focusing
./data/macroset/en/clips/jamie/common_voice_en_51428.opus,jamie
./data/macroset/en/clips/jamie/common_voice_en_20261851.opus,jamie
./data/macroset/en/clips/jamie/common_voice_en_2021.opus,jamie
./data/macroset/en/clips/jamie/common_voice_en_19619016.opus,jamie
./data/macroset/en/clips/jamie/common_voice_en_19950781.opus,jamie
./data/macroset/en/clips/goes/common_voice_en_205063.opus,goes
./data/macroset/en/clips/goes/common_voice_en_18539368.opus,goes
./data/macroset/en/clips/goes/common_voice_en_3245724.opus,goes
./data/macroset/en/clips/goes/common_voice_en_19806266.opus,goes
./data/macroset/en/clips/goes/common_voice_en_20268059.opus,goes
./data/macroset/en/clips/evokes/common_voice_en_22120520.opus,evokes
./data/macroset/en/clips/evokes/common_voice_en_179739.opus,evokes
./data/macroset/en/clips/evokes/common_voice_en_508745.opus,evokes
./data/macroset/en/clips/evokes/common_voice_en_44225.opus,evokes
./data/macroset/en/clips/evokes/common_voice_en_74529.opus,evokes
./data/macroset/en/clips/sherman/common_voice_en_19957148.opus,sherman
./data/macroset/en/clips/sherman/common_voice_en_20630866.opus,sherman
./data/macroset/en/clips/sherman/common_voice_en_21487138.opus,sherman
./data/macroset/en/clips/sherman/common_voice_en_18998705.opus,sherman
./data/macroset/en/clips/sherman/common_voice_en_21183323.opus,sherman
./data/macroset/en/clips/neural/common_voice_en_20430555.opus,neural
./data/macroset/en/clips/neural/common_voice_en_18870778.opus,neural
./data/macroset/en/clips/neural/common_voice_en_18653949.opus,neural
./data/macroset/en/clips/neural/common_voice_en_18420247.opus,neural
./data/macroset/en/clips/neural/common_voice_en_608891.opus,neural
./data/macroset/en/clips/woven/common_voice_en_21088831.opus,woven
./data/macroset/en/clips/woven/common_voice_en_17969743.opus,woven
./data/macroset/en/clips/woven/common_voice_en_293895.opus,woven
./data/macroset/en/clips/woven/common_voice_en_617107.opus,woven
./data/macroset/en/clips/woven/common_voice_en_19183523.opus,woven
./data/macroset/en/clips/jury/common_voice_en_1858146.opus,jury
./data/macroset/en/clips/jury/common_voice_en_20153563.opus,jury
./data/macroset/en/clips/jury/common_voice_en_21690724.opus,jury
./data/macroset/en/clips/jury/common_voice_en_19943369.opus,jury
./data/macroset/en/clips/jury/common_voice_en_21609075.opus,jury
./data/macroset/en/clips/textbooks/common_voice_en_20896309.opus,textbooks
./data/macroset/en/clips/textbooks/common_voice_en_20056263.opus,textbooks
./data/macroset/en/clips/textbooks/common_voice_en_19853800.opus,textbooks
./data/macroset/en/clips/textbooks/common_voice_en_21721727.opus,textbooks
./data/macroset/en/clips/textbooks/common_voice_en_22180646.opus,textbooks
./data/macroset/en/clips/airplane/common_voice_en_2403582.opus,airplane
./data/macroset/en/clips/airplane/common_voice_en_686805.opus,airplane
./data/macroset/en/clips/airplane/common_voice_en_20002200.opus,airplane
./data/macroset/en/clips/airplane/common_voice_en_20145463.opus,airplane
./data/macroset/en/clips/airplane/common_voice_en_674514.opus,airplane
./data/macroset/en/clips/vandalism/common_voice_en_17406397.opus,vandalism
./data/macroset/en/clips/vandalism/common_voice_en_17887335.opus,vandalism
./data/macroset/en/clips/vandalism/common_voice_en_18117939.opus,vandalism
./data/macroset/en/clips/vandalism/common_voice_en_18512479.opus,vandalism
./data/macroset/en/clips/vandalism/common_voice_en_17725706.opus,vandalism
./data/macroset/en/clips/implies/common_voice_en_21151162.opus,implies
./data/macroset/en/clips/implies/common_voice_en_20960808.opus,implies
./data/macroset/en/clips/implies/common_voice_en_21112888.opus,implies
./data/macroset/en/clips/implies/common_voice_en_21882705.opus,implies
./data/macroset/en/clips/implies/common_voice_en_503876.opus,implies
./data/macroset/en/clips/lasts/common_voice_en_18096519.opus,lasts
./data/macroset/en/clips/lasts/common_voice_en_21505071.opus,lasts
./data/macroset/en/clips/lasts/common_voice_en_19705085.opus,lasts
./data/macroset/en/clips/lasts/common_voice_en_20478251.opus,lasts
./data/macroset/en/clips/lasts/common_voice_en_18851669.opus,lasts
./data/macroset/en/clips/outlet/common_voice_en_21564596.opus,outlet
./data/macroset/en/clips/outlet/common_voice_en_20711854.opus,outlet
./data/macroset/en/clips/outlet/common_voice_en_20399720.opus,outlet
./data/macroset/en/clips/outlet/common_voice_en_21139292.opus,outlet
./data/macroset/en/clips/outlet/common_voice_en_19750531.opus,outlet
./data/macroset/en/clips/urdu/common_voice_en_20536837.opus,urdu
./data/macroset/en/clips/urdu/common_voice_en_18686926.opus,urdu
./data/macroset/en/clips/urdu/common_voice_en_19965061.opus,urdu
./data/macroset/en/clips/urdu/common_voice_en_21375194.opus,urdu
./data/macroset/en/clips/urdu/common_voice_en_19698855.opus,urdu
./data/macroset/en/clips/sunburns/common_voice_en_159671.opus,sunburns
./data/macroset/en/clips/sunburns/common_voice_en_584947.opus,sunburns
./data/macroset/en/clips/sunburns/common_voice_en_73426.opus,sunburns
./data/macroset/en/clips/sunburns/common_voice_en_683394.opus,sunburns
./data/macroset/en/clips/sunburns/common_voice_en_591668.opus,sunburns
./data/macroset/en/clips/mandatory/common_voice_en_19263426.opus,mandatory
./data/macroset/en/clips/mandatory/common_voice_en_17440838.opus,mandatory
./data/macroset/en/clips/mandatory/common_voice_en_18677082.opus,mandatory
./data/macroset/en/clips/mandatory/common_voice_en_21224412.opus,mandatory
./data/macroset/en/clips/mandatory/common_voice_en_19289348.opus,mandatory
./data/macroset/en/clips/closely/common_voice_en_19020584.opus,closely
./data/macroset/en/clips/closely/common_voice_en_18487149.opus,closely
./data/macroset/en/clips/closely/common_voice_en_21326774.opus,closely
./data/macroset/en/clips/closely/common_voice_en_20690348.opus,closely
./data/macroset/en/clips/closely/common_voice_en_94951.opus,closely
./data/macroset/en/clips/review/common_voice_en_19823827.opus,review
./data/macroset/en/clips/review/common_voice_en_73971.opus,review
./data/macroset/en/clips/review/common_voice_en_21453190__2.opus,review
./data/macroset/en/clips/review/common_voice_en_635890.opus,review
./data/macroset/en/clips/review/common_voice_en_483917.opus,review
./data/macroset/en/clips/revenge/common_voice_en_690784.opus,revenge
./data/macroset/en/clips/revenge/common_voice_en_20527215.opus,revenge
./data/macroset/en/clips/revenge/common_voice_en_21555622.opus,revenge
./data/macroset/en/clips/revenge/common_voice_en_577110.opus,revenge
./data/macroset/en/clips/revenge/common_voice_en_94905.opus,revenge
./data/macroset/en/clips/imposing/common_voice_en_20309334.opus,imposing
./data/macroset/en/clips/imposing/common_voice_en_21333731.opus,imposing
./data/macroset/en/clips/imposing/common_voice_en_20615724.opus,imposing
./data/macroset/en/clips/imposing/common_voice_en_19630878.opus,imposing
./data/macroset/en/clips/imposing/common_voice_en_18793916.opus,imposing
./data/macroset/en/clips/commune/common_voice_en_19996096.opus,commune
./data/macroset/en/clips/commune/common_voice_en_20688231.opus,commune
./data/macroset/en/clips/commune/common_voice_en_22016327.opus,commune
./data/macroset/en/clips/commune/common_voice_en_19025969.opus,commune
./data/macroset/en/clips/commune/common_voice_en_20183967.opus,commune
./data/macroset/en/clips/investigations/common_voice_en_570788.opus,investigations
./data/macroset/en/clips/investigations/common_voice_en_19502789.opus,investigations
./data/macroset/en/clips/investigations/common_voice_en_558992.opus,investigations
./data/macroset/en/clips/investigations/common_voice_en_118274.opus,investigations
./data/macroset/en/clips/investigations/common_voice_en_613251.opus,investigations
./data/macroset/en/clips/darth/common_voice_en_15904813.opus,darth
./data/macroset/en/clips/darth/common_voice_en_167284.opus,darth
./data/macroset/en/clips/darth/common_voice_en_18751844.opus,darth
./data/macroset/en/clips/darth/common_voice_en_20601068.opus,darth
./data/macroset/en/clips/darth/common_voice_en_515053.opus,darth
./data/macroset/en/clips/vancouver/common_voice_en_21709271.opus,vancouver
./data/macroset/en/clips/vancouver/common_voice_en_20498793.opus,vancouver
./data/macroset/en/clips/vancouver/common_voice_en_22003928.opus,vancouver
./data/macroset/en/clips/vancouver/common_voice_en_19500531.opus,vancouver
./data/macroset/en/clips/vancouver/common_voice_en_19321608.opus,vancouver
./data/macroset/en/clips/salty/common_voice_en_22289055.opus,salty
./data/macroset/en/clips/salty/common_voice_en_18101419.opus,salty
./data/macroset/en/clips/salty/common_voice_en_21766570.opus,salty
./data/macroset/en/clips/salty/common_voice_en_18674487.opus,salty
./data/macroset/en/clips/salty/common_voice_en_17863730.opus,salty
./data/macroset/en/clips/surrendered/common_voice_en_19846930.opus,surrendered
./data/macroset/en/clips/surrendered/common_voice_en_19990887.opus,surrendered
./data/macroset/en/clips/surrendered/common_voice_en_19622641.opus,surrendered
./data/macroset/en/clips/surrendered/common_voice_en_22360922.opus,surrendered
./data/macroset/en/clips/surrendered/common_voice_en_20059505.opus,surrendered
./data/macroset/en/clips/demanded/common_voice_en_577942.opus,demanded
./data/macroset/en/clips/demanded/common_voice_en_19646128.opus,demanded
./data/macroset/en/clips/demanded/common_voice_en_19520628.opus,demanded
./data/macroset/en/clips/demanded/common_voice_en_22349916.opus,demanded
./data/macroset/en/clips/demanded/common_voice_en_644525.opus,demanded
./data/macroset/en/clips/tells/common_voice_en_21705196.opus,tells
./data/macroset/en/clips/tells/common_voice_en_531089.opus,tells
./data/macroset/en/clips/tells/common_voice_en_20065857.opus,tells
./data/macroset/en/clips/tells/common_voice_en_19655241.opus,tells
./data/macroset/en/clips/tells/common_voice_en_19699335.opus,tells
./data/macroset/en/clips/withdrew/common_voice_en_20522532.opus,withdrew
./data/macroset/en/clips/withdrew/common_voice_en_93170.opus,withdrew
./data/macroset/en/clips/withdrew/common_voice_en_19591771.opus,withdrew
./data/macroset/en/clips/withdrew/common_voice_en_505513.opus,withdrew
./data/macroset/en/clips/withdrew/common_voice_en_21355240.opus,withdrew
./data/macroset/en/clips/bye/common_voice_en_533109.opus,bye
./data/macroset/en/clips/bye/common_voice_en_480944.opus,bye
./data/macroset/en/clips/bye/common_voice_en_546793.opus,bye
./data/macroset/en/clips/bye/common_voice_en_21344668.opus,bye
./data/macroset/en/clips/bye/common_voice_en_8607969.opus,bye
./data/macroset/en/clips/handed/common_voice_en_71174.opus,handed
./data/macroset/en/clips/handed/common_voice_en_19010120.opus,handed
./data/macroset/en/clips/handed/common_voice_en_589330.opus,handed
./data/macroset/en/clips/handed/common_voice_en_18579477.opus,handed
./data/macroset/en/clips/handed/common_voice_en_21574332.opus,handed
./data/macroset/en/clips/aerial/common_voice_en_18945731.opus,aerial
./data/macroset/en/clips/aerial/common_voice_en_19029021.opus,aerial
./data/macroset/en/clips/aerial/common_voice_en_20662969.opus,aerial
./data/macroset/en/clips/aerial/common_voice_en_18473481.opus,aerial
./data/macroset/en/clips/aerial/common_voice_en_18772734.opus,aerial
./data/macroset/en/clips/cosine/common_voice_en_200654.opus,cosine
./data/macroset/en/clips/cosine/common_voice_en_17358138.opus,cosine
./data/macroset/en/clips/cosine/common_voice_en_17264286.opus,cosine
./data/macroset/en/clips/cosine/common_voice_en_17366494.opus,cosine
./data/macroset/en/clips/cosine/common_voice_en_17860891.opus,cosine
./data/macroset/en/clips/gravitational/common_voice_en_19453823.opus,gravitational
./data/macroset/en/clips/gravitational/common_voice_en_30214.opus,gravitational
./data/macroset/en/clips/gravitational/common_voice_en_670404.opus,gravitational
./data/macroset/en/clips/gravitational/common_voice_en_481547.opus,gravitational
./data/macroset/en/clips/gravitational/common_voice_en_20824567.opus,gravitational
./data/macroset/en/clips/contains/common_voice_en_19942353.opus,contains
./data/macroset/en/clips/contains/common_voice_en_20593476.opus,contains
./data/macroset/en/clips/contains/common_voice_en_20221099.opus,contains
./data/macroset/en/clips/contains/common_voice_en_19622432.opus,contains
./data/macroset/en/clips/contains/common_voice_en_21916460.opus,contains
./data/macroset/en/clips/furiously/common_voice_en_631244.opus,furiously
./data/macroset/en/clips/furiously/common_voice_en_18564758.opus,furiously
./data/macroset/en/clips/furiously/common_voice_en_698158.opus,furiously
./data/macroset/en/clips/furiously/common_voice_en_18500903.opus,furiously
./data/macroset/en/clips/furiously/common_voice_en_515915.opus,furiously
./data/macroset/en/clips/successor/common_voice_en_19544106.opus,successor
./data/macroset/en/clips/successor/common_voice_en_19612746.opus,successor
./data/macroset/en/clips/successor/common_voice_en_19814534.opus,successor
./data/macroset/en/clips/successor/common_voice_en_19347665.opus,successor
./data/macroset/en/clips/successor/common_voice_en_20623327.opus,successor
./data/macroset/en/clips/editors/common_voice_en_20325514.opus,editors
./data/macroset/en/clips/editors/common_voice_en_18739083.opus,editors
./data/macroset/en/clips/editors/common_voice_en_21350037.opus,editors
./data/macroset/en/clips/editors/common_voice_en_20475063.opus,editors
./data/macroset/en/clips/editors/common_voice_en_20498592.opus,editors
./data/macroset/en/clips/any/common_voice_en_33044.opus,any
./data/macroset/en/clips/any/common_voice_en_17731116.opus,any
./data/macroset/en/clips/any/common_voice_en_20009021.opus,any
./data/macroset/en/clips/any/common_voice_en_590146.opus,any
./data/macroset/en/clips/any/common_voice_en_21538294.opus,any
./data/macroset/en/clips/bible/common_voice_en_617350.opus,bible
./data/macroset/en/clips/bible/common_voice_en_554594.opus,bible
./data/macroset/en/clips/bible/common_voice_en_606894.opus,bible
./data/macroset/en/clips/bible/common_voice_en_19707919.opus,bible
./data/macroset/en/clips/bible/common_voice_en_592799.opus,bible
./data/macroset/en/clips/field/common_voice_en_19718619.opus,field
./data/macroset/en/clips/field/common_voice_en_19869821.opus,field
./data/macroset/en/clips/field/common_voice_en_19710774__2.opus,field
./data/macroset/en/clips/field/common_voice_en_22196626.opus,field
./data/macroset/en/clips/field/common_voice_en_527864.opus,field
./data/macroset/en/clips/diagram/common_voice_en_19730144.opus,diagram
./data/macroset/en/clips/diagram/common_voice_en_20764081.opus,diagram
./data/macroset/en/clips/diagram/common_voice_en_20883214.opus,diagram
./data/macroset/en/clips/diagram/common_voice_en_20575241.opus,diagram
./data/macroset/en/clips/diagram/common_voice_en_20741178.opus,diagram
./data/macroset/en/clips/tightening/common_voice_en_53028.opus,tightening
./data/macroset/en/clips/tightening/common_voice_en_17264300.opus,tightening
./data/macroset/en/clips/tightening/common_voice_en_17965805.opus,tightening
./data/macroset/en/clips/tightening/common_voice_en_17276011.opus,tightening
./data/macroset/en/clips/tightening/common_voice_en_17288426.opus,tightening
./data/macroset/en/clips/lending/common_voice_en_19917068.opus,lending
./data/macroset/en/clips/lending/common_voice_en_19169.opus,lending
./data/macroset/en/clips/lending/common_voice_en_18144461.opus,lending
./data/macroset/en/clips/lending/common_voice_en_17271370.opus,lending
./data/macroset/en/clips/lending/common_voice_en_17969610.opus,lending
./data/macroset/en/clips/ways/common_voice_en_22324856.opus,ways
./data/macroset/en/clips/ways/common_voice_en_20109343.opus,ways
./data/macroset/en/clips/ways/common_voice_en_20407615.opus,ways
./data/macroset/en/clips/ways/common_voice_en_19129388.opus,ways
./data/macroset/en/clips/ways/common_voice_en_17376306.opus,ways
./data/macroset/en/clips/stylish/common_voice_en_526217.opus,stylish
./data/macroset/en/clips/stylish/common_voice_en_544799.opus,stylish
./data/macroset/en/clips/stylish/common_voice_en_17888710.opus,stylish
./data/macroset/en/clips/stylish/common_voice_en_647555.opus,stylish
./data/macroset/en/clips/stylish/common_voice_en_645163.opus,stylish
./data/macroset/en/clips/fruitful/common_voice_en_20996112.opus,fruitful
./data/macroset/en/clips/fruitful/common_voice_en_612384.opus,fruitful
./data/macroset/en/clips/fruitful/common_voice_en_17787375.opus,fruitful
./data/macroset/en/clips/fruitful/common_voice_en_17280827.opus,fruitful
./data/macroset/en/clips/fruitful/common_voice_en_18442092.opus,fruitful
./data/macroset/en/clips/adding/common_voice_en_18861440.opus,adding
./data/macroset/en/clips/adding/common_voice_en_20229801.opus,adding
./data/macroset/en/clips/adding/common_voice_en_19735883.opus,adding
./data/macroset/en/clips/adding/common_voice_en_19313659.opus,adding
./data/macroset/en/clips/adding/common_voice_en_18262465.opus,adding
./data/macroset/en/clips/unpopular/common_voice_en_19676413.opus,unpopular
./data/macroset/en/clips/unpopular/common_voice_en_21187290.opus,unpopular
./data/macroset/en/clips/unpopular/common_voice_en_19106750.opus,unpopular
./data/macroset/en/clips/unpopular/common_voice_en_22324346.opus,unpopular
./data/macroset/en/clips/unpopular/common_voice_en_18897327.opus,unpopular
./data/macroset/en/clips/issue/common_voice_en_19646600.opus,issue
./data/macroset/en/clips/issue/common_voice_en_17632255.opus,issue
./data/macroset/en/clips/issue/common_voice_en_20786800.opus,issue
./data/macroset/en/clips/issue/common_voice_en_493978.opus,issue
./data/macroset/en/clips/issue/common_voice_en_17885210.opus,issue
./data/macroset/en/clips/scrambled/common_voice_en_175787.opus,scrambled
./data/macroset/en/clips/scrambled/common_voice_en_19113858.opus,scrambled
./data/macroset/en/clips/scrambled/common_voice_en_656383.opus,scrambled
./data/macroset/en/clips/scrambled/common_voice_en_17400935.opus,scrambled
./data/macroset/en/clips/scrambled/common_voice_en_699716.opus,scrambled
./data/macroset/en/clips/beagle/common_voice_en_509019.opus,beagle
./data/macroset/en/clips/beagle/common_voice_en_18262529.opus,beagle
./data/macroset/en/clips/beagle/common_voice_en_18107831.opus,beagle
./data/macroset/en/clips/beagle/common_voice_en_18190348.opus,beagle
./data/macroset/en/clips/beagle/common_voice_en_481610.opus,beagle
./data/macroset/en/clips/remark/common_voice_en_19638256.opus,remark
./data/macroset/en/clips/remark/common_voice_en_491299.opus,remark
./data/macroset/en/clips/remark/common_voice_en_612895.opus,remark
./data/macroset/en/clips/remark/common_voice_en_36312.opus,remark
./data/macroset/en/clips/remark/common_voice_en_19804486.opus,remark
./data/macroset/en/clips/wrench/common_voice_en_17116.opus,wrench
./data/macroset/en/clips/wrench/common_voice_en_18404940.opus,wrench
./data/macroset/en/clips/wrench/common_voice_en_397.opus,wrench
./data/macroset/en/clips/wrench/common_voice_en_18295308.opus,wrench
./data/macroset/en/clips/wrench/common_voice_en_661186.opus,wrench
./data/macroset/en/clips/mentor/common_voice_en_21386004.opus,mentor
./data/macroset/en/clips/mentor/common_voice_en_18525990.opus,mentor
./data/macroset/en/clips/mentor/common_voice_en_18739542.opus,mentor
./data/macroset/en/clips/mentor/common_voice_en_393332.opus,mentor
./data/macroset/en/clips/mentor/common_voice_en_20525039.opus,mentor
./data/macroset/en/clips/subjects/common_voice_en_20389254.opus,subjects
./data/macroset/en/clips/subjects/common_voice_en_19511057.opus,subjects
./data/macroset/en/clips/subjects/common_voice_en_18810662.opus,subjects
./data/macroset/en/clips/subjects/common_voice_en_18658005.opus,subjects
./data/macroset/en/clips/subjects/common_voice_en_18931919.opus,subjects
./data/macroset/en/clips/sensed/common_voice_en_603600.opus,sensed
./data/macroset/en/clips/sensed/common_voice_en_216176.opus,sensed
./data/macroset/en/clips/sensed/common_voice_en_628378.opus,sensed
./data/macroset/en/clips/sensed/common_voice_en_197225.opus,sensed
./data/macroset/en/clips/sensed/common_voice_en_522124.opus,sensed
./data/macroset/en/clips/goal/common_voice_en_21400040.opus,goal
./data/macroset/en/clips/goal/common_voice_en_20586886.opus,goal
./data/macroset/en/clips/goal/common_voice_en_550489.opus,goal
./data/macroset/en/clips/goal/common_voice_en_21501290.opus,goal
./data/macroset/en/clips/goal/common_voice_en_19267433.opus,goal
./data/macroset/en/clips/wrist/common_voice_en_17284099.opus,wrist
./data/macroset/en/clips/wrist/common_voice_en_504120.opus,wrist
./data/macroset/en/clips/wrist/common_voice_en_20594369.opus,wrist
./data/macroset/en/clips/wrist/common_voice_en_18101999.opus,wrist
./data/macroset/en/clips/wrist/common_voice_en_17426639.opus,wrist
./data/macroset/en/clips/husband/common_voice_en_512991.opus,husband
./data/macroset/en/clips/husband/common_voice_en_652146.opus,husband
./data/macroset/en/clips/husband/common_voice_en_19651729.opus,husband
./data/macroset/en/clips/husband/common_voice_en_666288.opus,husband
./data/macroset/en/clips/husband/common_voice_en_19163691.opus,husband
./data/macroset/en/clips/able/common_voice_en_21103512.opus,able
./data/macroset/en/clips/able/common_voice_en_18408587.opus,able
./data/macroset/en/clips/able/common_voice_en_602455.opus,able
./data/macroset/en/clips/able/common_voice_en_672474.opus,able
./data/macroset/en/clips/able/common_voice_en_18766796.opus,able
./data/macroset/en/clips/cute/common_voice_en_17802954.opus,cute
./data/macroset/en/clips/cute/common_voice_en_147470.opus,cute
./data/macroset/en/clips/cute/common_voice_en_217633.opus,cute
./data/macroset/en/clips/cute/common_voice_en_16665470.opus,cute
./data/macroset/en/clips/cute/common_voice_en_17388027.opus,cute
