link,word
./data/macroset/en/clips/chewy/common_voice_en_343906.opus,chewy
./data/macroset/en/clips/chewy/common_voice_en_181677.opus,chewy
./data/macroset/en/clips/chewy/common_voice_en_178976.opus,chewy
./data/macroset/en/clips/chewy/common_voice_en_164563.opus,chewy
./data/macroset/en/clips/chewy/common_voice_en_8370.opus,chewy
./data/macroset/en/clips/isle/common_voice_en_19253807.opus,isle
./data/macroset/en/clips/isle/common_voice_en_19815923.opus,isle
./data/macroset/en/clips/isle/common_voice_en_20294582.opus,isle
./data/macroset/en/clips/isle/common_voice_en_22377211.opus,isle
./data/macroset/en/clips/isle/common_voice_en_20978413.opus,isle
./data/macroset/en/clips/boxer/common_voice_en_19200949.opus,boxer
./data/macroset/en/clips/boxer/common_voice_en_21954874.opus,boxer
./data/macroset/en/clips/boxer/common_voice_en_19750530.opus,boxer
./data/macroset/en/clips/boxer/common_voice_en_22185667.opus,boxer
./data/macroset/en/clips/boxer/common_voice_en_21400128.opus,boxer
./data/macroset/en/clips/rage/common_voice_en_9012.opus,rage
./data/macroset/en/clips/rage/common_voice_en_19990646.opus,rage
./data/macroset/en/clips/rage/common_voice_en_18313242.opus,rage
./data/macroset/en/clips/rage/common_voice_en_551488.opus,rage
./data/macroset/en/clips/rage/common_voice_en_41056.opus,rage
./data/macroset/en/clips/wore/common_voice_en_75185.opus,wore
./data/macroset/en/clips/wore/common_voice_en_18757794.opus,wore
./data/macroset/en/clips/wore/common_voice_en_679195.opus,wore
./data/macroset/en/clips/wore/common_voice_en_18163590.opus,wore
./data/macroset/en/clips/wore/common_voice_en_641610.opus,wore
./data/macroset/en/clips/remembered/common_voice_en_634465.opus,remembered
./data/macroset/en/clips/remembered/common_voice_en_498820.opus,remembered
./data/macroset/en/clips/remembered/common_voice_en_19694810.opus,remembered
./data/macroset/en/clips/remembered/common_voice_en_18800247.opus,remembered
./data/macroset/en/clips/remembered/common_voice_en_541483.opus,remembered
./data/macroset/en/clips/passed/common_voice_en_553466.opus,passed
./data/macroset/en/clips/passed/common_voice_en_20976710.opus,passed
./data/macroset/en/clips/passed/common_voice_en_508748.opus,passed
./data/macroset/en/clips/passed/common_voice_en_630122.opus,passed
./data/macroset/en/clips/passed/common_voice_en_541213.opus,passed
./data/macroset/en/clips/town/common_voice_en_19241038.opus,town
./data/macroset/en/clips/town/common_voice_en_19326512.opus,town
./data/macroset/en/clips/town/common_voice_en_514450.opus,town
./data/macroset/en/clips/town/common_voice_en_19415262.opus,town
./data/macroset/en/clips/town/common_voice_en_558489.opus,town
./data/macroset/en/clips/rims/common_voice_en_40423.opus,rims
./data/macroset/en/clips/rims/common_voice_en_20498924.opus,rims
./data/macroset/en/clips/rims/common_voice_en_18709607.opus,rims
./data/macroset/en/clips/rims/common_voice_en_480342.opus,rims
./data/macroset/en/clips/rims/common_voice_en_21688331.opus,rims
./data/macroset/en/clips/meeting/common_voice_en_62044.opus,meeting
./data/macroset/en/clips/meeting/common_voice_en_608413.opus,meeting
./data/macroset/en/clips/meeting/common_voice_en_18098307.opus,meeting
./data/macroset/en/clips/meeting/common_voice_en_19519246.opus,meeting
./data/macroset/en/clips/meeting/common_voice_en_21847595.opus,meeting
./data/macroset/en/clips/auditorium/common_voice_en_21368527.opus,auditorium
./data/macroset/en/clips/auditorium/common_voice_en_19486825.opus,auditorium
./data/macroset/en/clips/auditorium/common_voice_en_20203700.opus,auditorium
./data/macroset/en/clips/auditorium/common_voice_en_18864705.opus,auditorium
./data/macroset/en/clips/auditorium/common_voice_en_20162277.opus,auditorium
./data/macroset/en/clips/solve/common_voice_en_21692982.opus,solve
./data/macroset/en/clips/solve/common_voice_en_50591.opus,solve
./data/macroset/en/clips/solve/common_voice_en_18740446.opus,solve
./data/macroset/en/clips/solve/common_voice_en_18822451.opus,solve
./data/macroset/en/clips/solve/common_voice_en_18411455.opus,solve
./data/macroset/en/clips/doves/common_voice_en_18133850.opus,doves
./data/macroset/en/clips/doves/common_voice_en_17271215.opus,doves
./data/macroset/en/clips/doves/common_voice_en_17280596.opus,doves
./data/macroset/en/clips/doves/common_voice_en_17393498.opus,doves
./data/macroset/en/clips/doves/common_voice_en_17712701.opus,doves
./data/macroset/en/clips/agenda/common_voice_en_20403877.opus,agenda
./data/macroset/en/clips/agenda/common_voice_en_21261625.opus,agenda
./data/macroset/en/clips/agenda/common_voice_en_21255177.opus,agenda
./data/macroset/en/clips/agenda/common_voice_en_20177401.opus,agenda
./data/macroset/en/clips/agenda/common_voice_en_19150006.opus,agenda
./data/macroset/en/clips/learning/common_voice_en_19709423.opus,learning
./data/macroset/en/clips/learning/common_voice_en_20670395.opus,learning
./data/macroset/en/clips/learning/common_voice_en_18335689.opus,learning
./data/macroset/en/clips/learning/common_voice_en_19185174.opus,learning
./data/macroset/en/clips/learning/common_voice_en_75838.opus,learning
./data/macroset/en/clips/lives/common_voice_en_19770337.opus,lives
./data/macroset/en/clips/lives/common_voice_en_20322827.opus,lives
./data/macroset/en/clips/lives/common_voice_en_676481.opus,lives
./data/macroset/en/clips/lives/common_voice_en_19281375.opus,lives
./data/macroset/en/clips/lives/common_voice_en_18870651.opus,lives
./data/macroset/en/clips/excessive/common_voice_en_20602277.opus,excessive
./data/macroset/en/clips/excessive/common_voice_en_21284917.opus,excessive
./data/macroset/en/clips/excessive/common_voice_en_19820205.opus,excessive
./data/macroset/en/clips/excessive/common_voice_en_19507329.opus,excessive
./data/macroset/en/clips/excessive/common_voice_en_22093031.opus,excessive
./data/macroset/en/clips/bothered/common_voice_en_194014.opus,bothered
./data/macroset/en/clips/bothered/common_voice_en_21943883.opus,bothered
./data/macroset/en/clips/bothered/common_voice_en_77641.opus,bothered
./data/macroset/en/clips/bothered/common_voice_en_18424968.opus,bothered
./data/macroset/en/clips/bothered/common_voice_en_59705.opus,bothered
./data/macroset/en/clips/lloyd/common_voice_en_20289319.opus,lloyd
./data/macroset/en/clips/lloyd/common_voice_en_20276169.opus,lloyd
./data/macroset/en/clips/lloyd/common_voice_en_21793565.opus,lloyd
./data/macroset/en/clips/lloyd/common_voice_en_18814771.opus,lloyd
./data/macroset/en/clips/lloyd/common_voice_en_19800971.opus,lloyd
./data/macroset/en/clips/publication/common_voice_en_21437534.opus,publication
./data/macroset/en/clips/publication/common_voice_en_19778393.opus,publication
./data/macroset/en/clips/publication/common_voice_en_20880447.opus,publication
./data/macroset/en/clips/publication/common_voice_en_20928371.opus,publication
./data/macroset/en/clips/publication/common_voice_en_19010650.opus,publication
./data/macroset/en/clips/slant/common_voice_en_17391879.opus,slant
./data/macroset/en/clips/slant/common_voice_en_22234647.opus,slant
./data/macroset/en/clips/slant/common_voice_en_633958.opus,slant
./data/macroset/en/clips/slant/common_voice_en_19536802.opus,slant
./data/macroset/en/clips/slant/common_voice_en_18228553.opus,slant
./data/macroset/en/clips/deposits/common_voice_en_19944327.opus,deposits
./data/macroset/en/clips/deposits/common_voice_en_19597224.opus,deposits
./data/macroset/en/clips/deposits/common_voice_en_19715496.opus,deposits
./data/macroset/en/clips/deposits/common_voice_en_22443570.opus,deposits
./data/macroset/en/clips/deposits/common_voice_en_20602308.opus,deposits
./data/macroset/en/clips/brooklyn/common_voice_en_19770884.opus,brooklyn
./data/macroset/en/clips/brooklyn/common_voice_en_19762269.opus,brooklyn
./data/macroset/en/clips/brooklyn/common_voice_en_20207181.opus,brooklyn
./data/macroset/en/clips/brooklyn/common_voice_en_20490992.opus,brooklyn
./data/macroset/en/clips/brooklyn/common_voice_en_19523578.opus,brooklyn
./data/macroset/en/clips/fashionable/common_voice_en_519782.opus,fashionable
./data/macroset/en/clips/fashionable/common_voice_en_562137.opus,fashionable
./data/macroset/en/clips/fashionable/common_voice_en_18491576.opus,fashionable
./data/macroset/en/clips/fashionable/common_voice_en_21640287.opus,fashionable
./data/macroset/en/clips/fashionable/common_voice_en_547128.opus,fashionable
./data/macroset/en/clips/televisions/common_voice_en_17832874.opus,televisions
./data/macroset/en/clips/televisions/common_voice_en_17725331.opus,televisions
./data/macroset/en/clips/televisions/common_voice_en_21255250.opus,televisions
./data/macroset/en/clips/televisions/common_voice_en_598389.opus,televisions
./data/macroset/en/clips/televisions/common_voice_en_17730003.opus,televisions
./data/macroset/en/clips/math/common_voice_en_19612977.opus,math
./data/macroset/en/clips/math/common_voice_en_20302205.opus,math
./data/macroset/en/clips/math/common_voice_en_20205293.opus,math
./data/macroset/en/clips/math/common_voice_en_19433751.opus,math
./data/macroset/en/clips/math/common_voice_en_18748553.opus,math
./data/macroset/en/clips/testing/common_voice_en_17910582.opus,testing
./data/macroset/en/clips/testing/common_voice_en_493233.opus,testing
./data/macroset/en/clips/testing/common_voice_en_20066627.opus,testing
./data/macroset/en/clips/testing/common_voice_en_17551883.opus,testing
./data/macroset/en/clips/testing/common_voice_en_17962185.opus,testing
./data/macroset/en/clips/camden/common_voice_en_19596167.opus,camden
./data/macroset/en/clips/camden/common_voice_en_22069201.opus,camden
./data/macroset/en/clips/camden/common_voice_en_19721640.opus,camden
./data/macroset/en/clips/camden/common_voice_en_20857352.opus,camden
./data/macroset/en/clips/camden/common_voice_en_19339561.opus,camden
./data/macroset/en/clips/dove/common_voice_en_19374110.opus,dove
./data/macroset/en/clips/dove/common_voice_en_19080385.opus,dove
./data/macroset/en/clips/dove/common_voice_en_18268096.opus,dove
./data/macroset/en/clips/dove/common_voice_en_20944979.opus,dove
./data/macroset/en/clips/dove/common_voice_en_21863522.opus,dove
./data/macroset/en/clips/parody/common_voice_en_20907020.opus,parody
./data/macroset/en/clips/parody/common_voice_en_21763821.opus,parody
./data/macroset/en/clips/parody/common_voice_en_19541317.opus,parody
./data/macroset/en/clips/parody/common_voice_en_20523716.opus,parody
./data/macroset/en/clips/parody/common_voice_en_20005342.opus,parody
./data/macroset/en/clips/emma/common_voice_en_19499624.opus,emma
./data/macroset/en/clips/emma/common_voice_en_18521691.opus,emma
./data/macroset/en/clips/emma/common_voice_en_22181328.opus,emma
./data/macroset/en/clips/emma/common_voice_en_221688.opus,emma
./data/macroset/en/clips/emma/common_voice_en_20314185.opus,emma
./data/macroset/en/clips/tread/common_voice_en_17843852.opus,tread
./data/macroset/en/clips/tread/common_voice_en_575988.opus,tread
./data/macroset/en/clips/tread/common_voice_en_647790.opus,tread
./data/macroset/en/clips/tread/common_voice_en_16185459.opus,tread
./data/macroset/en/clips/tread/common_voice_en_16666183.opus,tread
./data/macroset/en/clips/esther/common_voice_en_18646863.opus,esther
./data/macroset/en/clips/esther/common_voice_en_22325095.opus,esther
./data/macroset/en/clips/esther/common_voice_en_18524717.opus,esther
./data/macroset/en/clips/esther/common_voice_en_18608714.opus,esther
./data/macroset/en/clips/esther/common_voice_en_19698413.opus,esther
./data/macroset/en/clips/indonesian/common_voice_en_20884780.opus,indonesian
./data/macroset/en/clips/indonesian/common_voice_en_22001572.opus,indonesian
./data/macroset/en/clips/indonesian/common_voice_en_20988943.opus,indonesian
./data/macroset/en/clips/indonesian/common_voice_en_20333012.opus,indonesian
./data/macroset/en/clips/indonesian/common_voice_en_19179712.opus,indonesian
./data/macroset/en/clips/wolves/common_voice_en_17289089.opus,wolves
./data/macroset/en/clips/wolves/common_voice_en_17389503.opus,wolves
./data/macroset/en/clips/wolves/common_voice_en_20531326.opus,wolves
./data/macroset/en/clips/wolves/common_voice_en_17867807.opus,wolves
./data/macroset/en/clips/wolves/common_voice_en_20654603.opus,wolves
./data/macroset/en/clips/boarding/common_voice_en_22404954.opus,boarding
./data/macroset/en/clips/boarding/common_voice_en_39820.opus,boarding
./data/macroset/en/clips/boarding/common_voice_en_20837001.opus,boarding
./data/macroset/en/clips/boarding/common_voice_en_95664.opus,boarding
./data/macroset/en/clips/boarding/common_voice_en_19737951.opus,boarding
./data/macroset/en/clips/landscape/common_voice_en_19261279.opus,landscape
./data/macroset/en/clips/landscape/common_voice_en_20778812.opus,landscape
./data/macroset/en/clips/landscape/common_voice_en_18863748.opus,landscape
./data/macroset/en/clips/landscape/common_voice_en_20052408.opus,landscape
./data/macroset/en/clips/landscape/common_voice_en_19675787.opus,landscape
./data/macroset/en/clips/pecan/common_voice_en_18732482.opus,pecan
./data/macroset/en/clips/pecan/common_voice_en_18262097.opus,pecan
./data/macroset/en/clips/pecan/common_voice_en_551085.opus,pecan
./data/macroset/en/clips/pecan/common_voice_en_18256858.opus,pecan
./data/macroset/en/clips/pecan/common_voice_en_17848949.opus,pecan
./data/macroset/en/clips/lure/common_voice_en_17729242.opus,lure
./data/macroset/en/clips/lure/common_voice_en_18121380.opus,lure
./data/macroset/en/clips/lure/common_voice_en_18138587.opus,lure
./data/macroset/en/clips/lure/common_voice_en_17778211.opus,lure
./data/macroset/en/clips/lure/common_voice_en_17727126.opus,lure
./data/macroset/en/clips/awfully/common_voice_en_568092.opus,awfully
./data/macroset/en/clips/awfully/common_voice_en_515355.opus,awfully
./data/macroset/en/clips/awfully/common_voice_en_546895.opus,awfully
./data/macroset/en/clips/awfully/common_voice_en_27677.opus,awfully
./data/macroset/en/clips/awfully/common_voice_en_19247999.opus,awfully
./data/macroset/en/clips/chores/common_voice_en_187167.opus,chores
./data/macroset/en/clips/chores/common_voice_en_21454258.opus,chores
./data/macroset/en/clips/chores/common_voice_en_9347700.opus,chores
./data/macroset/en/clips/chores/common_voice_en_9222.opus,chores
./data/macroset/en/clips/chores/common_voice_en_181116.opus,chores
./data/macroset/en/clips/unfair/common_voice_en_17275231.opus,unfair
./data/macroset/en/clips/unfair/common_voice_en_18408311.opus,unfair
./data/macroset/en/clips/unfair/common_voice_en_17624679.opus,unfair
./data/macroset/en/clips/unfair/common_voice_en_17936929.opus,unfair
./data/macroset/en/clips/unfair/common_voice_en_576047.opus,unfair
./data/macroset/en/clips/archery/common_voice_en_22211649.opus,archery
./data/macroset/en/clips/archery/common_voice_en_18752400.opus,archery
./data/macroset/en/clips/archery/common_voice_en_20879778.opus,archery
./data/macroset/en/clips/archery/common_voice_en_22442084.opus,archery
./data/macroset/en/clips/archery/common_voice_en_20261825.opus,archery
./data/macroset/en/clips/tips/common_voice_en_21312576.opus,tips
./data/macroset/en/clips/tips/common_voice_en_383289.opus,tips
./data/macroset/en/clips/tips/common_voice_en_15735809.opus,tips
./data/macroset/en/clips/tips/common_voice_en_19813511.opus,tips
./data/macroset/en/clips/tips/common_voice_en_18657813.opus,tips
./data/macroset/en/clips/cups/common_voice_en_18683344.opus,cups
./data/macroset/en/clips/cups/common_voice_en_72713.opus,cups
./data/macroset/en/clips/cups/common_voice_en_19944569.opus,cups
./data/macroset/en/clips/cups/common_voice_en_19696057.opus,cups
./data/macroset/en/clips/cups/common_voice_en_664698.opus,cups
./data/macroset/en/clips/independently/common_voice_en_22141821.opus,independently
./data/macroset/en/clips/independently/common_voice_en_19663782.opus,independently
./data/macroset/en/clips/independently/common_voice_en_20250250.opus,independently
./data/macroset/en/clips/independently/common_voice_en_21243555.opus,independently
./data/macroset/en/clips/independently/common_voice_en_19472036.opus,independently
./data/macroset/en/clips/studied/common_voice_en_657501.opus,studied
./data/macroset/en/clips/studied/common_voice_en_20471886.opus,studied
./data/macroset/en/clips/studied/common_voice_en_19672906.opus,studied
./data/macroset/en/clips/studied/common_voice_en_20673883.opus,studied
./data/macroset/en/clips/studied/common_voice_en_20068839.opus,studied
./data/macroset/en/clips/arrived/common_voice_en_619052.opus,arrived
./data/macroset/en/clips/arrived/common_voice_en_19398624.opus,arrived
./data/macroset/en/clips/arrived/common_voice_en_520570.opus,arrived
./data/macroset/en/clips/arrived/common_voice_en_577373.opus,arrived
./data/macroset/en/clips/arrived/common_voice_en_22404395.opus,arrived
./data/macroset/en/clips/discrete/common_voice_en_3654467.opus,discrete
./data/macroset/en/clips/discrete/common_voice_en_19604695.opus,discrete
./data/macroset/en/clips/discrete/common_voice_en_20250147.opus,discrete
./data/macroset/en/clips/discrete/common_voice_en_18978077.opus,discrete
./data/macroset/en/clips/discrete/common_voice_en_500865.opus,discrete
./data/macroset/en/clips/prefix/common_voice_en_20868870.opus,prefix
./data/macroset/en/clips/prefix/common_voice_en_20872534.opus,prefix
./data/macroset/en/clips/prefix/common_voice_en_20952904__2.opus,prefix
./data/macroset/en/clips/prefix/common_voice_en_19177230.opus,prefix
./data/macroset/en/clips/prefix/common_voice_en_20182278.opus,prefix
./data/macroset/en/clips/pang/common_voice_en_689616.opus,pang
./data/macroset/en/clips/pang/common_voice_en_59019.opus,pang
./data/macroset/en/clips/pang/common_voice_en_529164.opus,pang
./data/macroset/en/clips/pang/common_voice_en_17851495.opus,pang
./data/macroset/en/clips/pang/common_voice_en_196026.opus,pang
./data/macroset/en/clips/warrior/common_voice_en_43712.opus,warrior
./data/macroset/en/clips/warrior/common_voice_en_82597.opus,warrior
./data/macroset/en/clips/warrior/common_voice_en_24236.opus,warrior
./data/macroset/en/clips/warrior/common_voice_en_672804.opus,warrior
./data/macroset/en/clips/warrior/common_voice_en_20033485.opus,warrior
./data/macroset/en/clips/crooks/common_voice_en_584959.opus,crooks
./data/macroset/en/clips/crooks/common_voice_en_35793.opus,crooks
./data/macroset/en/clips/crooks/common_voice_en_638618.opus,crooks
./data/macroset/en/clips/crooks/common_voice_en_535794.opus,crooks
./data/macroset/en/clips/crooks/common_voice_en_592336.opus,crooks
./data/macroset/en/clips/initial/common_voice_en_22310985.opus,initial
./data/macroset/en/clips/initial/common_voice_en_20132600.opus,initial
./data/macroset/en/clips/initial/common_voice_en_20767600.opus,initial
./data/macroset/en/clips/initial/common_voice_en_21877373.opus,initial
./data/macroset/en/clips/initial/common_voice_en_20470130.opus,initial
./data/macroset/en/clips/advice/common_voice_en_609576.opus,advice
./data/macroset/en/clips/advice/common_voice_en_19348018.opus,advice
./data/macroset/en/clips/advice/common_voice_en_154575.opus,advice
./data/macroset/en/clips/advice/common_voice_en_2838688.opus,advice
./data/macroset/en/clips/advice/common_voice_en_17875096.opus,advice
./data/macroset/en/clips/flickering/common_voice_en_17582803.opus,flickering
./data/macroset/en/clips/flickering/common_voice_en_17360300.opus,flickering
./data/macroset/en/clips/flickering/common_voice_en_17467928.opus,flickering
./data/macroset/en/clips/flickering/common_voice_en_58480.opus,flickering
./data/macroset/en/clips/flickering/common_voice_en_17420197.opus,flickering
./data/macroset/en/clips/furthest/common_voice_en_541052.opus,furthest
./data/macroset/en/clips/furthest/common_voice_en_22387109.opus,furthest
./data/macroset/en/clips/furthest/common_voice_en_57740.opus,furthest
./data/macroset/en/clips/furthest/common_voice_en_25472.opus,furthest
./data/macroset/en/clips/furthest/common_voice_en_11075.opus,furthest
./data/macroset/en/clips/bike/common_voice_en_84550.opus,bike
./data/macroset/en/clips/bike/common_voice_en_671729.opus,bike
./data/macroset/en/clips/bike/common_voice_en_492896.opus,bike
./data/macroset/en/clips/bike/common_voice_en_611993.opus,bike
./data/macroset/en/clips/bike/common_voice_en_500975.opus,bike
./data/macroset/en/clips/quarrelling/common_voice_en_683747.opus,quarrelling
./data/macroset/en/clips/quarrelling/common_voice_en_17719024.opus,quarrelling
./data/macroset/en/clips/quarrelling/common_voice_en_17840395.opus,quarrelling
./data/macroset/en/clips/quarrelling/common_voice_en_18134374.opus,quarrelling
./data/macroset/en/clips/quarrelling/common_voice_en_17743210.opus,quarrelling
./data/macroset/en/clips/interim/common_voice_en_21905919.opus,interim
./data/macroset/en/clips/interim/common_voice_en_18355946.opus,interim
./data/macroset/en/clips/interim/common_voice_en_22295680.opus,interim
./data/macroset/en/clips/interim/common_voice_en_21692204.opus,interim
./data/macroset/en/clips/interim/common_voice_en_19568638.opus,interim
./data/macroset/en/clips/argentine/common_voice_en_18990183.opus,argentine
./data/macroset/en/clips/argentine/common_voice_en_19698577.opus,argentine
./data/macroset/en/clips/argentine/common_voice_en_18820993__2.opus,argentine
./data/macroset/en/clips/argentine/common_voice_en_19741974.opus,argentine
./data/macroset/en/clips/argentine/common_voice_en_21462290.opus,argentine
./data/macroset/en/clips/grandpa/common_voice_en_17847020.opus,grandpa
./data/macroset/en/clips/grandpa/common_voice_en_18506554.opus,grandpa
./data/macroset/en/clips/grandpa/common_voice_en_442664.opus,grandpa
./data/macroset/en/clips/grandpa/common_voice_en_17953347.opus,grandpa
./data/macroset/en/clips/grandpa/common_voice_en_98165.opus,grandpa
./data/macroset/en/clips/hawk/common_voice_en_20472549.opus,hawk
./data/macroset/en/clips/hawk/common_voice_en_20186253.opus,hawk
./data/macroset/en/clips/hawk/common_voice_en_19697072.opus,hawk
./data/macroset/en/clips/hawk/common_voice_en_20844075.opus,hawk
./data/macroset/en/clips/hawk/common_voice_en_18839000.opus,hawk
./data/macroset/en/clips/sealed/common_voice_en_20390112.opus,sealed
./data/macroset/en/clips/sealed/common_voice_en_22413353.opus,sealed
./data/macroset/en/clips/sealed/common_voice_en_17545082.opus,sealed
./data/macroset/en/clips/sealed/common_voice_en_22293981.opus,sealed
./data/macroset/en/clips/sealed/common_voice_en_22405522.opus,sealed
./data/macroset/en/clips/welcomed/common_voice_en_20425317.opus,welcomed
./data/macroset/en/clips/welcomed/common_voice_en_606382.opus,welcomed
./data/macroset/en/clips/welcomed/common_voice_en_16578.opus,welcomed
./data/macroset/en/clips/welcomed/common_voice_en_496634.opus,welcomed
./data/macroset/en/clips/welcomed/common_voice_en_514860.opus,welcomed
./data/macroset/en/clips/accomplice/common_voice_en_18086027.opus,accomplice
./data/macroset/en/clips/accomplice/common_voice_en_17844231.opus,accomplice
./data/macroset/en/clips/accomplice/common_voice_en_17843269.opus,accomplice
./data/macroset/en/clips/accomplice/common_voice_en_18747721.opus,accomplice
./data/macroset/en/clips/accomplice/common_voice_en_17376115.opus,accomplice
./data/macroset/en/clips/floating/common_voice_en_17862778.opus,floating
./data/macroset/en/clips/floating/common_voice_en_18109753.opus,floating
./data/macroset/en/clips/floating/common_voice_en_20837213.opus,floating
./data/macroset/en/clips/floating/common_voice_en_20363986.opus,floating
./data/macroset/en/clips/floating/common_voice_en_18785415.opus,floating
./data/macroset/en/clips/chemist/common_voice_en_21729257.opus,chemist
./data/macroset/en/clips/chemist/common_voice_en_18133481.opus,chemist
./data/macroset/en/clips/chemist/common_voice_en_19552415.opus,chemist
./data/macroset/en/clips/chemist/common_voice_en_18428979.opus,chemist
./data/macroset/en/clips/chemist/common_voice_en_609618.opus,chemist
./data/macroset/en/clips/queuing/common_voice_en_41958.opus,queuing
./data/macroset/en/clips/queuing/common_voice_en_350045.opus,queuing
./data/macroset/en/clips/queuing/common_voice_en_34229.opus,queuing
./data/macroset/en/clips/queuing/common_voice_en_601837.opus,queuing
./data/macroset/en/clips/queuing/common_voice_en_602429.opus,queuing
./data/macroset/en/clips/million/common_voice_en_546830.opus,million
./data/macroset/en/clips/million/common_voice_en_20837103.opus,million
./data/macroset/en/clips/million/common_voice_en_17840410.opus,million
./data/macroset/en/clips/million/common_voice_en_158030.opus,million
./data/macroset/en/clips/million/common_voice_en_21884206.opus,million
./data/macroset/en/clips/topic/common_voice_en_20014468.opus,topic
./data/macroset/en/clips/topic/common_voice_en_20244990.opus,topic
./data/macroset/en/clips/topic/common_voice_en_54783.opus,topic
./data/macroset/en/clips/topic/common_voice_en_8591636.opus,topic
./data/macroset/en/clips/topic/common_voice_en_658828.opus,topic
./data/macroset/en/clips/main/common_voice_en_20863671.opus,main
./data/macroset/en/clips/main/common_voice_en_19918077.opus,main
./data/macroset/en/clips/main/common_voice_en_21186417.opus,main
./data/macroset/en/clips/main/common_voice_en_21865102.opus,main
./data/macroset/en/clips/main/common_voice_en_604970.opus,main
./data/macroset/en/clips/frightened/common_voice_en_555322.opus,frightened
./data/macroset/en/clips/frightened/common_voice_en_19547567.opus,frightened
./data/macroset/en/clips/frightened/common_voice_en_17252903.opus,frightened
./data/macroset/en/clips/frightened/common_voice_en_58856.opus,frightened
./data/macroset/en/clips/frightened/common_voice_en_625830.opus,frightened
./data/macroset/en/clips/surveyor/common_voice_en_21936348.opus,surveyor
./data/macroset/en/clips/surveyor/common_voice_en_20988248.opus,surveyor
./data/macroset/en/clips/surveyor/common_voice_en_18657911.opus,surveyor
./data/macroset/en/clips/surveyor/common_voice_en_19711196.opus,surveyor
./data/macroset/en/clips/surveyor/common_voice_en_18591467.opus,surveyor
./data/macroset/en/clips/historic/common_voice_en_19726234.opus,historic
./data/macroset/en/clips/historic/common_voice_en_21439480.opus,historic
./data/macroset/en/clips/historic/common_voice_en_21475358.opus,historic
./data/macroset/en/clips/historic/common_voice_en_20505108.opus,historic
./data/macroset/en/clips/historic/common_voice_en_20818586.opus,historic
./data/macroset/en/clips/poet/common_voice_en_21918680.opus,poet
./data/macroset/en/clips/poet/common_voice_en_517226.opus,poet
./data/macroset/en/clips/poet/common_voice_en_21322111.opus,poet
./data/macroset/en/clips/poet/common_voice_en_19093896.opus,poet
./data/macroset/en/clips/poet/common_voice_en_19547398.opus,poet
./data/macroset/en/clips/promotion/common_voice_en_22095133.opus,promotion
./data/macroset/en/clips/promotion/common_voice_en_21250358.opus,promotion
./data/macroset/en/clips/promotion/common_voice_en_20441539.opus,promotion
./data/macroset/en/clips/promotion/common_voice_en_22160594.opus,promotion
./data/macroset/en/clips/promotion/common_voice_en_20294569.opus,promotion
./data/macroset/en/clips/upside/common_voice_en_525241.opus,upside
./data/macroset/en/clips/upside/common_voice_en_531715.opus,upside
./data/macroset/en/clips/upside/common_voice_en_22000519.opus,upside
./data/macroset/en/clips/upside/common_voice_en_19246308.opus,upside
./data/macroset/en/clips/upside/common_voice_en_17508.opus,upside
./data/macroset/en/clips/mailed/common_voice_en_20281370.opus,mailed
./data/macroset/en/clips/mailed/common_voice_en_585.opus,mailed
./data/macroset/en/clips/mailed/common_voice_en_18949300.opus,mailed
./data/macroset/en/clips/mailed/common_voice_en_555486.opus,mailed
./data/macroset/en/clips/mailed/common_voice_en_17840970.opus,mailed
./data/macroset/en/clips/lions/common_voice_en_525553.opus,lions
./data/macroset/en/clips/lions/common_voice_en_212838.opus,lions
./data/macroset/en/clips/lions/common_voice_en_18130466.opus,lions
./data/macroset/en/clips/lions/common_voice_en_20274632.opus,lions
./data/macroset/en/clips/lions/common_voice_en_17266185.opus,lions
./data/macroset/en/clips/diabetes/common_voice_en_21729779.opus,diabetes
./data/macroset/en/clips/diabetes/common_voice_en_510083.opus,diabetes
./data/macroset/en/clips/diabetes/common_voice_en_18164237.opus,diabetes
./data/macroset/en/clips/diabetes/common_voice_en_17740629.opus,diabetes
./data/macroset/en/clips/diabetes/common_voice_en_21486868.opus,diabetes
./data/macroset/en/clips/ned/common_voice_en_576567.opus,ned
./data/macroset/en/clips/ned/common_voice_en_95292.opus,ned
./data/macroset/en/clips/ned/common_voice_en_496352.opus,ned
./data/macroset/en/clips/ned/common_voice_en_684408.opus,ned
./data/macroset/en/clips/ned/common_voice_en_20027642.opus,ned
./data/macroset/en/clips/simplicity/common_voice_en_18729620.opus,simplicity
./data/macroset/en/clips/simplicity/common_voice_en_22042623.opus,simplicity
./data/macroset/en/clips/simplicity/common_voice_en_18754554.opus,simplicity
./data/macroset/en/clips/simplicity/common_voice_en_21944039.opus,simplicity
./data/macroset/en/clips/simplicity/common_voice_en_21013349.opus,simplicity
./data/macroset/en/clips/disadvantage/common_voice_en_154440.opus,disadvantage
./data/macroset/en/clips/disadvantage/common_voice_en_526559.opus,disadvantage
./data/macroset/en/clips/disadvantage/common_voice_en_618793.opus,disadvantage
./data/macroset/en/clips/disadvantage/common_voice_en_20133376.opus,disadvantage
./data/macroset/en/clips/disadvantage/common_voice_en_562281.opus,disadvantage
./data/macroset/en/clips/drill/common_voice_en_20048470.opus,drill
./data/macroset/en/clips/drill/common_voice_en_559364.opus,drill
./data/macroset/en/clips/drill/common_voice_en_94586.opus,drill
./data/macroset/en/clips/drill/common_voice_en_483854.opus,drill
./data/macroset/en/clips/drill/common_voice_en_197764.opus,drill
./data/macroset/en/clips/neural/common_voice_en_570502.opus,neural
./data/macroset/en/clips/neural/common_voice_en_663639.opus,neural
./data/macroset/en/clips/neural/common_voice_en_668537.opus,neural
./data/macroset/en/clips/neural/common_voice_en_7387065.opus,neural
./data/macroset/en/clips/neural/common_voice_en_536619.opus,neural
./data/macroset/en/clips/ellipses/common_voice_en_17668561.opus,ellipses
./data/macroset/en/clips/ellipses/common_voice_en_17731385.opus,ellipses
./data/macroset/en/clips/ellipses/common_voice_en_50440.opus,ellipses
./data/macroset/en/clips/ellipses/common_voice_en_17887643.opus,ellipses
./data/macroset/en/clips/ellipses/common_voice_en_569822.opus,ellipses
./data/macroset/en/clips/bricks/common_voice_en_19252323.opus,bricks
./data/macroset/en/clips/bricks/common_voice_en_685411.opus,bricks
./data/macroset/en/clips/bricks/common_voice_en_18527545.opus,bricks
./data/macroset/en/clips/bricks/common_voice_en_19949490.opus,bricks
./data/macroset/en/clips/bricks/common_voice_en_551190.opus,bricks
./data/macroset/en/clips/benches/common_voice_en_21998703.opus,benches
./data/macroset/en/clips/benches/common_voice_en_20183694.opus,benches
./data/macroset/en/clips/benches/common_voice_en_20287665.opus,benches
./data/macroset/en/clips/benches/common_voice_en_19739499.opus,benches
./data/macroset/en/clips/benches/common_voice_en_22336896.opus,benches
./data/macroset/en/clips/documentary/common_voice_en_21721566.opus,documentary
./data/macroset/en/clips/documentary/common_voice_en_19381581.opus,documentary
./data/macroset/en/clips/documentary/common_voice_en_19696413.opus,documentary
./data/macroset/en/clips/documentary/common_voice_en_22166337.opus,documentary
./data/macroset/en/clips/documentary/common_voice_en_18778830.opus,documentary
./data/macroset/en/clips/contributed/common_voice_en_692164.opus,contributed
./data/macroset/en/clips/contributed/common_voice_en_19169109.opus,contributed
./data/macroset/en/clips/contributed/common_voice_en_20177335.opus,contributed
./data/macroset/en/clips/contributed/common_voice_en_22151118.opus,contributed
./data/macroset/en/clips/contributed/common_voice_en_22220245.opus,contributed
./data/macroset/en/clips/chap/common_voice_en_588325.opus,chap
./data/macroset/en/clips/chap/common_voice_en_18500279.opus,chap
./data/macroset/en/clips/chap/common_voice_en_18650317.opus,chap
./data/macroset/en/clips/chap/common_voice_en_17417132.opus,chap
./data/macroset/en/clips/chap/common_voice_en_17276882.opus,chap
./data/macroset/en/clips/expert/common_voice_en_22329971.opus,expert
./data/macroset/en/clips/expert/common_voice_en_20135681.opus,expert
./data/macroset/en/clips/expert/common_voice_en_22053269.opus,expert
./data/macroset/en/clips/expert/common_voice_en_17256716.opus,expert
./data/macroset/en/clips/expert/common_voice_en_18677300.opus,expert
./data/macroset/en/clips/wonderful/common_voice_en_513913.opus,wonderful
./data/macroset/en/clips/wonderful/common_voice_en_654679.opus,wonderful
./data/macroset/en/clips/wonderful/common_voice_en_18416030.opus,wonderful
./data/macroset/en/clips/wonderful/common_voice_en_21376618.opus,wonderful
./data/macroset/en/clips/wonderful/common_voice_en_18488113.opus,wonderful
./data/macroset/en/clips/caravans/common_voice_en_565540.opus,caravans
./data/macroset/en/clips/caravans/common_voice_en_19199142.opus,caravans
./data/macroset/en/clips/caravans/common_voice_en_579647.opus,caravans
./data/macroset/en/clips/caravans/common_voice_en_514742.opus,caravans
./data/macroset/en/clips/caravans/common_voice_en_217375.opus,caravans
./data/macroset/en/clips/kiss/common_voice_en_76026.opus,kiss
./data/macroset/en/clips/kiss/common_voice_en_665390.opus,kiss
./data/macroset/en/clips/kiss/common_voice_en_684106.opus,kiss
./data/macroset/en/clips/kiss/common_voice_en_27979.opus,kiss
./data/macroset/en/clips/kiss/common_voice_en_18793548.opus,kiss
./data/macroset/en/clips/blown/common_voice_en_638936.opus,blown
./data/macroset/en/clips/blown/common_voice_en_598952.opus,blown
./data/macroset/en/clips/blown/common_voice_en_529815.opus,blown
./data/macroset/en/clips/blown/common_voice_en_479872.opus,blown
./data/macroset/en/clips/blown/common_voice_en_32715.opus,blown
./data/macroset/en/clips/perspective/common_voice_en_21868499.opus,perspective
./data/macroset/en/clips/perspective/common_voice_en_20187040.opus,perspective
./data/macroset/en/clips/perspective/common_voice_en_18649609.opus,perspective
./data/macroset/en/clips/perspective/common_voice_en_21677897.opus,perspective
./data/macroset/en/clips/perspective/common_voice_en_19698778.opus,perspective
./data/macroset/en/clips/falcon/common_voice_en_557858.opus,falcon
./data/macroset/en/clips/falcon/common_voice_en_7830.opus,falcon
./data/macroset/en/clips/falcon/common_voice_en_85589.opus,falcon
./data/macroset/en/clips/falcon/common_voice_en_217281.opus,falcon
./data/macroset/en/clips/falcon/common_voice_en_58707.opus,falcon
./data/macroset/en/clips/riley/common_voice_en_21901321.opus,riley
./data/macroset/en/clips/riley/common_voice_en_21364818.opus,riley
./data/macroset/en/clips/riley/common_voice_en_21101852.opus,riley
./data/macroset/en/clips/riley/common_voice_en_20052185.opus,riley
./data/macroset/en/clips/riley/common_voice_en_21549314.opus,riley
./data/macroset/en/clips/combined/common_voice_en_21376672.opus,combined
./data/macroset/en/clips/combined/common_voice_en_21235320.opus,combined
./data/macroset/en/clips/combined/common_voice_en_20346848.opus,combined
./data/macroset/en/clips/combined/common_voice_en_22463392.opus,combined
./data/macroset/en/clips/combined/common_voice_en_21129973.opus,combined
./data/macroset/en/clips/wire/common_voice_en_18439.opus,wire
./data/macroset/en/clips/wire/common_voice_en_21877321.opus,wire
./data/macroset/en/clips/wire/common_voice_en_603872.opus,wire
./data/macroset/en/clips/wire/common_voice_en_18111680.opus,wire
./data/macroset/en/clips/wire/common_voice_en_558154.opus,wire
./data/macroset/en/clips/shelters/common_voice_en_20266672.opus,shelters
./data/macroset/en/clips/shelters/common_voice_en_20934816.opus,shelters
./data/macroset/en/clips/shelters/common_voice_en_21867293.opus,shelters
./data/macroset/en/clips/shelters/common_voice_en_21160199.opus,shelters
./data/macroset/en/clips/shelters/common_voice_en_21130384.opus,shelters
./data/macroset/en/clips/surrendered/common_voice_en_19984340.opus,surrendered
./data/macroset/en/clips/surrendered/common_voice_en_19748159.opus,surrendered
./data/macroset/en/clips/surrendered/common_voice_en_19365924.opus,surrendered
./data/macroset/en/clips/surrendered/common_voice_en_20425527.opus,surrendered
./data/macroset/en/clips/surrendered/common_voice_en_20059505.opus,surrendered
./data/macroset/en/clips/wikipedia/common_voice_en_186004.opus,wikipedia
./data/macroset/en/clips/wikipedia/common_voice_en_659852.opus,wikipedia
./data/macroset/en/clips/wikipedia/common_voice_en_184673.opus,wikipedia
./data/macroset/en/clips/wikipedia/common_voice_en_22000888.opus,wikipedia
./data/macroset/en/clips/wikipedia/common_voice_en_22466924.opus,wikipedia
./data/macroset/en/clips/confederate/common_voice_en_20274777.opus,confederate
./data/macroset/en/clips/confederate/common_voice_en_20447876.opus,confederate
./data/macroset/en/clips/confederate/common_voice_en_22036748.opus,confederate
./data/macroset/en/clips/confederate/common_voice_en_19862787.opus,confederate
./data/macroset/en/clips/confederate/common_voice_en_20080865.opus,confederate
./data/macroset/en/clips/frying/common_voice_en_17848928.opus,frying
./data/macroset/en/clips/frying/common_voice_en_17867229.opus,frying
./data/macroset/en/clips/frying/common_voice_en_17330136.opus,frying
./data/macroset/en/clips/frying/common_voice_en_17685147.opus,frying
./data/macroset/en/clips/frying/common_voice_en_511574.opus,frying
./data/macroset/en/clips/keller/common_voice_en_20637217.opus,keller
./data/macroset/en/clips/keller/common_voice_en_92007.opus,keller
./data/macroset/en/clips/keller/common_voice_en_489740.opus,keller
./data/macroset/en/clips/keller/common_voice_en_544511.opus,keller
./data/macroset/en/clips/keller/common_voice_en_64469.opus,keller
./data/macroset/en/clips/demolish/common_voice_en_20928720.opus,demolish
./data/macroset/en/clips/demolish/common_voice_en_19961695.opus,demolish
./data/macroset/en/clips/demolish/common_voice_en_18235286.opus,demolish
./data/macroset/en/clips/demolish/common_voice_en_17877241.opus,demolish
./data/macroset/en/clips/demolish/common_voice_en_18266703.opus,demolish
./data/macroset/en/clips/contest/common_voice_en_20545210.opus,contest
./data/macroset/en/clips/contest/common_voice_en_575282.opus,contest
./data/macroset/en/clips/contest/common_voice_en_20515479.opus,contest
./data/macroset/en/clips/contest/common_voice_en_21803938.opus,contest
./data/macroset/en/clips/contest/common_voice_en_22275379.opus,contest
./data/macroset/en/clips/transcend/common_voice_en_605975.opus,transcend
./data/macroset/en/clips/transcend/common_voice_en_56089.opus,transcend
./data/macroset/en/clips/transcend/common_voice_en_207909.opus,transcend
./data/macroset/en/clips/transcend/common_voice_en_48534.opus,transcend
./data/macroset/en/clips/transcend/common_voice_en_183821.opus,transcend
./data/macroset/en/clips/positive/common_voice_en_20223120.opus,positive
./data/macroset/en/clips/positive/common_voice_en_20407998.opus,positive
./data/macroset/en/clips/positive/common_voice_en_21180905.opus,positive
./data/macroset/en/clips/positive/common_voice_en_22299913.opus,positive
./data/macroset/en/clips/positive/common_voice_en_20391732.opus,positive
./data/macroset/en/clips/arranging/common_voice_en_30343.opus,arranging
./data/macroset/en/clips/arranging/common_voice_en_19552942.opus,arranging
./data/macroset/en/clips/arranging/common_voice_en_20550856.opus,arranging
./data/macroset/en/clips/arranging/common_voice_en_492356.opus,arranging
./data/macroset/en/clips/arranging/common_voice_en_17754075.opus,arranging
./data/macroset/en/clips/executed/common_voice_en_19677626.opus,executed
./data/macroset/en/clips/executed/common_voice_en_21497907.opus,executed
./data/macroset/en/clips/executed/common_voice_en_19664977.opus,executed
./data/macroset/en/clips/executed/common_voice_en_22183187.opus,executed
./data/macroset/en/clips/executed/common_voice_en_21352534.opus,executed
./data/macroset/en/clips/left/common_voice_en_18137818.opus,left
./data/macroset/en/clips/left/common_voice_en_17831891.opus,left
./data/macroset/en/clips/left/common_voice_en_3825.opus,left
./data/macroset/en/clips/left/common_voice_en_22323776.opus,left
./data/macroset/en/clips/left/common_voice_en_20391028.opus,left
./data/macroset/en/clips/difficulties/common_voice_en_657580.opus,difficulties
./data/macroset/en/clips/difficulties/common_voice_en_22327524.opus,difficulties
./data/macroset/en/clips/difficulties/common_voice_en_17417094.opus,difficulties
./data/macroset/en/clips/difficulties/common_voice_en_19497686.opus,difficulties
./data/macroset/en/clips/difficulties/common_voice_en_538735.opus,difficulties
./data/macroset/en/clips/belgian/common_voice_en_19466298.opus,belgian
./data/macroset/en/clips/belgian/common_voice_en_22169337.opus,belgian
./data/macroset/en/clips/belgian/common_voice_en_19533681.opus,belgian
./data/macroset/en/clips/belgian/common_voice_en_19687940.opus,belgian
./data/macroset/en/clips/belgian/common_voice_en_19475270.opus,belgian
./data/macroset/en/clips/feels/common_voice_en_22130437.opus,feels
./data/macroset/en/clips/feels/common_voice_en_525648.opus,feels
./data/macroset/en/clips/feels/common_voice_en_17848074.opus,feels
./data/macroset/en/clips/feels/common_voice_en_18133082.opus,feels
./data/macroset/en/clips/feels/common_voice_en_17365364.opus,feels
./data/macroset/en/clips/absolutely/common_voice_en_656338.opus,absolutely
./data/macroset/en/clips/absolutely/common_voice_en_17876964.opus,absolutely
./data/macroset/en/clips/absolutely/common_voice_en_253762.opus,absolutely
./data/macroset/en/clips/absolutely/common_voice_en_74181.opus,absolutely
./data/macroset/en/clips/absolutely/common_voice_en_677994.opus,absolutely
./data/macroset/en/clips/learner/common_voice_en_512130.opus,learner
./data/macroset/en/clips/learner/common_voice_en_671686.opus,learner
./data/macroset/en/clips/learner/common_voice_en_60904.opus,learner
./data/macroset/en/clips/learner/common_voice_en_76064.opus,learner
./data/macroset/en/clips/learner/common_voice_en_558551.opus,learner
./data/macroset/en/clips/shaded/common_voice_en_563587.opus,shaded
./data/macroset/en/clips/shaded/common_voice_en_1968.opus,shaded
./data/macroset/en/clips/shaded/common_voice_en_20133660.opus,shaded
./data/macroset/en/clips/shaded/common_voice_en_18598078.opus,shaded
./data/macroset/en/clips/shaded/common_voice_en_626256.opus,shaded
./data/macroset/en/clips/gal/common_voice_en_200575.opus,gal
./data/macroset/en/clips/gal/common_voice_en_514972.opus,gal
./data/macroset/en/clips/gal/common_voice_en_642903.opus,gal
./data/macroset/en/clips/gal/common_voice_en_20174702.opus,gal
./data/macroset/en/clips/gal/common_voice_en_20106580.opus,gal
./data/macroset/en/clips/pseudonym/common_voice_en_22127335.opus,pseudonym
./data/macroset/en/clips/pseudonym/common_voice_en_19908805.opus,pseudonym
./data/macroset/en/clips/pseudonym/common_voice_en_18492656.opus,pseudonym
./data/macroset/en/clips/pseudonym/common_voice_en_21543345.opus,pseudonym
./data/macroset/en/clips/pseudonym/common_voice_en_20049734.opus,pseudonym
./data/macroset/en/clips/steaming/common_voice_en_17887874.opus,steaming
./data/macroset/en/clips/steaming/common_voice_en_667081.opus,steaming
./data/macroset/en/clips/steaming/common_voice_en_17276821.opus,steaming
./data/macroset/en/clips/steaming/common_voice_en_17256287.opus,steaming
./data/macroset/en/clips/steaming/common_voice_en_19260812.opus,steaming
./data/macroset/en/clips/schools/common_voice_en_22304900.opus,schools
./data/macroset/en/clips/schools/common_voice_en_22192715.opus,schools
./data/macroset/en/clips/schools/common_voice_en_20177642.opus,schools
./data/macroset/en/clips/schools/common_voice_en_22295785.opus,schools
./data/macroset/en/clips/schools/common_voice_en_20938860.opus,schools
./data/macroset/en/clips/sports/common_voice_en_18433951.opus,sports
./data/macroset/en/clips/sports/common_voice_en_21768891.opus,sports
./data/macroset/en/clips/sports/common_voice_en_19422564.opus,sports
./data/macroset/en/clips/sports/common_voice_en_18829346.opus,sports
./data/macroset/en/clips/sports/common_voice_en_19980872.opus,sports
./data/macroset/en/clips/socialize/common_voice_en_17400309.opus,socialize
./data/macroset/en/clips/socialize/common_voice_en_17450527.opus,socialize
./data/macroset/en/clips/socialize/common_voice_en_546972.opus,socialize
./data/macroset/en/clips/socialize/common_voice_en_316848.opus,socialize
./data/macroset/en/clips/socialize/common_voice_en_17290993.opus,socialize
./data/macroset/en/clips/content/common_voice_en_18698152.opus,content
./data/macroset/en/clips/content/common_voice_en_19380401.opus,content
./data/macroset/en/clips/content/common_voice_en_19467108.opus,content
./data/macroset/en/clips/content/common_voice_en_50345.opus,content
./data/macroset/en/clips/content/common_voice_en_680774.opus,content
./data/macroset/en/clips/enemies/common_voice_en_21079.opus,enemies
./data/macroset/en/clips/enemies/common_voice_en_635943.opus,enemies
./data/macroset/en/clips/enemies/common_voice_en_18771706.opus,enemies
./data/macroset/en/clips/enemies/common_voice_en_221098.opus,enemies
./data/macroset/en/clips/enemies/common_voice_en_504781.opus,enemies
./data/macroset/en/clips/labelled/common_voice_en_19796015.opus,labelled
./data/macroset/en/clips/labelled/common_voice_en_20735702.opus,labelled
./data/macroset/en/clips/labelled/common_voice_en_20346676.opus,labelled
./data/macroset/en/clips/labelled/common_voice_en_20868552.opus,labelled
./data/macroset/en/clips/labelled/common_voice_en_20300797.opus,labelled
./data/macroset/en/clips/lectured/common_voice_en_18515687.opus,lectured
./data/macroset/en/clips/lectured/common_voice_en_21764570.opus,lectured
./data/macroset/en/clips/lectured/common_voice_en_21399763.opus,lectured
./data/macroset/en/clips/lectured/common_voice_en_22219568.opus,lectured
./data/macroset/en/clips/lectured/common_voice_en_22002646.opus,lectured
./data/macroset/en/clips/how/common_voice_en_17263101.opus,how
./data/macroset/en/clips/how/common_voice_en_18545622.opus,how
./data/macroset/en/clips/how/common_voice_en_17247778.opus,how
./data/macroset/en/clips/how/common_voice_en_142848.opus,how
./data/macroset/en/clips/how/common_voice_en_673798.opus,how
./data/macroset/en/clips/girlfriend/common_voice_en_79981.opus,girlfriend
./data/macroset/en/clips/girlfriend/common_voice_en_19174919.opus,girlfriend
./data/macroset/en/clips/girlfriend/common_voice_en_555741.opus,girlfriend
./data/macroset/en/clips/girlfriend/common_voice_en_22418035.opus,girlfriend
./data/macroset/en/clips/girlfriend/common_voice_en_148865.opus,girlfriend
./data/macroset/en/clips/column/common_voice_en_61585.opus,column
./data/macroset/en/clips/column/common_voice_en_20091756.opus,column
./data/macroset/en/clips/column/common_voice_en_20511395.opus,column
./data/macroset/en/clips/column/common_voice_en_678761.opus,column
./data/macroset/en/clips/column/common_voice_en_19760618.opus,column
./data/macroset/en/clips/club/common_voice_en_19473296.opus,club
./data/macroset/en/clips/club/common_voice_en_485855.opus,club
./data/macroset/en/clips/club/common_voice_en_18353420.opus,club
./data/macroset/en/clips/club/common_voice_en_20116265.opus,club
./data/macroset/en/clips/club/common_voice_en_20294661.opus,club
./data/macroset/en/clips/likewise/common_voice_en_19962484.opus,likewise
./data/macroset/en/clips/likewise/common_voice_en_20234179.opus,likewise
./data/macroset/en/clips/likewise/common_voice_en_21837362.opus,likewise
./data/macroset/en/clips/likewise/common_voice_en_21704637.opus,likewise
./data/macroset/en/clips/likewise/common_voice_en_21636817.opus,likewise
./data/macroset/en/clips/weeks/common_voice_en_17835220.opus,weeks
./data/macroset/en/clips/weeks/common_voice_en_17677790.opus,weeks
./data/macroset/en/clips/weeks/common_voice_en_19861069.opus,weeks
./data/macroset/en/clips/weeks/common_voice_en_18033070.opus,weeks
./data/macroset/en/clips/weeks/common_voice_en_27845.opus,weeks
./data/macroset/en/clips/towards/common_voice_en_86670.opus,towards
./data/macroset/en/clips/towards/common_voice_en_672605.opus,towards
./data/macroset/en/clips/towards/common_voice_en_19865726.opus,towards
./data/macroset/en/clips/towards/common_voice_en_156112.opus,towards
./data/macroset/en/clips/towards/common_voice_en_534029.opus,towards
./data/macroset/en/clips/beef/common_voice_en_671267.opus,beef
./data/macroset/en/clips/beef/common_voice_en_21378812.opus,beef
./data/macroset/en/clips/beef/common_voice_en_20952911.opus,beef
./data/macroset/en/clips/beef/common_voice_en_17952211.opus,beef
./data/macroset/en/clips/beef/common_voice_en_17926545.opus,beef
./data/macroset/en/clips/ricardo/common_voice_en_18608522.opus,ricardo
./data/macroset/en/clips/ricardo/common_voice_en_18589890.opus,ricardo
./data/macroset/en/clips/ricardo/common_voice_en_18645246.opus,ricardo
./data/macroset/en/clips/ricardo/common_voice_en_18536635.opus,ricardo
./data/macroset/en/clips/ricardo/common_voice_en_18534444.opus,ricardo
./data/macroset/en/clips/representing/common_voice_en_22291333.opus,representing
./data/macroset/en/clips/representing/common_voice_en_19354105.opus,representing
./data/macroset/en/clips/representing/common_voice_en_20514006.opus,representing
./data/macroset/en/clips/representing/common_voice_en_19984265.opus,representing
./data/macroset/en/clips/representing/common_voice_en_19603240.opus,representing
./data/macroset/en/clips/upcoming/common_voice_en_616089.opus,upcoming
./data/macroset/en/clips/upcoming/common_voice_en_553289.opus,upcoming
./data/macroset/en/clips/upcoming/common_voice_en_21646383.opus,upcoming
./data/macroset/en/clips/upcoming/common_voice_en_18467763.opus,upcoming
./data/macroset/en/clips/upcoming/common_voice_en_19982900.opus,upcoming
./data/macroset/en/clips/irritable/common_voice_en_93535.opus,irritable
./data/macroset/en/clips/irritable/common_voice_en_537792.opus,irritable
./data/macroset/en/clips/irritable/common_voice_en_48108.opus,irritable
./data/macroset/en/clips/irritable/common_voice_en_186681.opus,irritable
./data/macroset/en/clips/irritable/common_voice_en_634354.opus,irritable
./data/macroset/en/clips/voters/common_voice_en_556903.opus,voters
./data/macroset/en/clips/voters/common_voice_en_18819366.opus,voters
./data/macroset/en/clips/voters/common_voice_en_18718747.opus,voters
./data/macroset/en/clips/voters/common_voice_en_19745421.opus,voters
./data/macroset/en/clips/voters/common_voice_en_19993985.opus,voters
./data/macroset/en/clips/lighthouses/common_voice_en_688839.opus,lighthouses
./data/macroset/en/clips/lighthouses/common_voice_en_62046.opus,lighthouses
./data/macroset/en/clips/lighthouses/common_voice_en_543488.opus,lighthouses
./data/macroset/en/clips/lighthouses/common_voice_en_178891.opus,lighthouses
./data/macroset/en/clips/lighthouses/common_voice_en_697291.opus,lighthouses
./data/macroset/en/clips/staring/common_voice_en_45438.opus,staring
./data/macroset/en/clips/staring/common_voice_en_3040.opus,staring
./data/macroset/en/clips/staring/common_voice_en_88717.opus,staring
./data/macroset/en/clips/staring/common_voice_en_524687.opus,staring
./data/macroset/en/clips/staring/common_voice_en_17859907.opus,staring
./data/macroset/en/clips/duty/common_voice_en_19476246.opus,duty
./data/macroset/en/clips/duty/common_voice_en_18331000.opus,duty
./data/macroset/en/clips/duty/common_voice_en_19724568.opus,duty
./data/macroset/en/clips/duty/common_voice_en_21875749.opus,duty
./data/macroset/en/clips/duty/common_voice_en_22282051.opus,duty
./data/macroset/en/clips/drivers/common_voice_en_212448.opus,drivers
./data/macroset/en/clips/drivers/common_voice_en_49346.opus,drivers
./data/macroset/en/clips/drivers/common_voice_en_198755.opus,drivers
./data/macroset/en/clips/drivers/common_voice_en_18627895.opus,drivers
./data/macroset/en/clips/drivers/common_voice_en_628487.opus,drivers
./data/macroset/en/clips/frisbee/common_voice_en_62918.opus,frisbee
./data/macroset/en/clips/frisbee/common_voice_en_650653.opus,frisbee
./data/macroset/en/clips/frisbee/common_voice_en_547251.opus,frisbee
./data/macroset/en/clips/frisbee/common_voice_en_217760.opus,frisbee
./data/macroset/en/clips/frisbee/common_voice_en_217650.opus,frisbee
./data/macroset/en/clips/seals/common_voice_en_674771.opus,seals
./data/macroset/en/clips/seals/common_voice_en_20883220.opus,seals
./data/macroset/en/clips/seals/common_voice_en_19868551.opus,seals
./data/macroset/en/clips/seals/common_voice_en_89111.opus,seals
./data/macroset/en/clips/seals/common_voice_en_18059461.opus,seals
./data/macroset/en/clips/mouse/common_voice_en_508886.opus,mouse
./data/macroset/en/clips/mouse/common_voice_en_18156982.opus,mouse
./data/macroset/en/clips/mouse/common_voice_en_18519262.opus,mouse
./data/macroset/en/clips/mouse/common_voice_en_484598.opus,mouse
./data/macroset/en/clips/mouse/common_voice_en_18746087.opus,mouse
./data/macroset/en/clips/bend/common_voice_en_16633466.opus,bend
./data/macroset/en/clips/bend/common_voice_en_22314806.opus,bend
./data/macroset/en/clips/bend/common_voice_en_17734572.opus,bend
./data/macroset/en/clips/bend/common_voice_en_18099382.opus,bend
./data/macroset/en/clips/bend/common_voice_en_18890563.opus,bend
./data/macroset/en/clips/confused/common_voice_en_20386598.opus,confused
./data/macroset/en/clips/confused/common_voice_en_22168478.opus,confused
./data/macroset/en/clips/confused/common_voice_en_20159832.opus,confused
./data/macroset/en/clips/confused/common_voice_en_522539.opus,confused
./data/macroset/en/clips/confused/common_voice_en_491151.opus,confused
./data/macroset/en/clips/unpopular/common_voice_en_20296683.opus,unpopular
./data/macroset/en/clips/unpopular/common_voice_en_19678600.opus,unpopular
./data/macroset/en/clips/unpopular/common_voice_en_18897327.opus,unpopular
./data/macroset/en/clips/unpopular/common_voice_en_19742347.opus,unpopular
./data/macroset/en/clips/unpopular/common_voice_en_19676413.opus,unpopular
./data/macroset/en/clips/signs/common_voice_en_18850742.opus,signs
./data/macroset/en/clips/signs/common_voice_en_19136614.opus,signs
./data/macroset/en/clips/signs/common_voice_en_603591.opus,signs
./data/macroset/en/clips/signs/common_voice_en_594318.opus,signs
./data/macroset/en/clips/signs/common_voice_en_20001670.opus,signs
./data/macroset/en/clips/trembling/common_voice_en_193887.opus,trembling
./data/macroset/en/clips/trembling/common_voice_en_45926.opus,trembling
./data/macroset/en/clips/trembling/common_voice_en_661847.opus,trembling
./data/macroset/en/clips/trembling/common_voice_en_508969.opus,trembling
./data/macroset/en/clips/trembling/common_voice_en_20748337.opus,trembling
./data/macroset/en/clips/kangaroo/common_voice_en_80709.opus,kangaroo
./data/macroset/en/clips/kangaroo/common_voice_en_19827853.opus,kangaroo
./data/macroset/en/clips/kangaroo/common_voice_en_339583.opus,kangaroo
./data/macroset/en/clips/kangaroo/common_voice_en_463055.opus,kangaroo
./data/macroset/en/clips/kangaroo/common_voice_en_15823.opus,kangaroo
./data/macroset/en/clips/skills/common_voice_en_21349669.opus,skills
./data/macroset/en/clips/skills/common_voice_en_559023.opus,skills
./data/macroset/en/clips/skills/common_voice_en_20531914.opus,skills
./data/macroset/en/clips/skills/common_voice_en_19699967.opus,skills
./data/macroset/en/clips/skills/common_voice_en_22254469.opus,skills
./data/macroset/en/clips/purely/common_voice_en_21874550.opus,purely
./data/macroset/en/clips/purely/common_voice_en_19370091.opus,purely
./data/macroset/en/clips/purely/common_voice_en_21180835.opus,purely
./data/macroset/en/clips/purely/common_voice_en_20527389.opus,purely
./data/macroset/en/clips/purely/common_voice_en_22183101.opus,purely
./data/macroset/en/clips/plastic/common_voice_en_19665665.opus,plastic
./data/macroset/en/clips/plastic/common_voice_en_585378.opus,plastic
./data/macroset/en/clips/plastic/common_voice_en_188882.opus,plastic
./data/macroset/en/clips/plastic/common_voice_en_862.opus,plastic
./data/macroset/en/clips/plastic/common_voice_en_501021.opus,plastic
./data/macroset/en/clips/intense/common_voice_en_673731.opus,intense
./data/macroset/en/clips/intense/common_voice_en_20722052.opus,intense
./data/macroset/en/clips/intense/common_voice_en_574795.opus,intense
./data/macroset/en/clips/intense/common_voice_en_562838.opus,intense
./data/macroset/en/clips/intense/common_voice_en_516343.opus,intense
./data/macroset/en/clips/see/common_voice_en_78805.opus,see
./data/macroset/en/clips/see/common_voice_en_22325105.opus,see
./data/macroset/en/clips/see/common_voice_en_631725.opus,see
./data/macroset/en/clips/see/common_voice_en_639228.opus,see
./data/macroset/en/clips/see/common_voice_en_552648.opus,see
./data/macroset/en/clips/historical/common_voice_en_22295355.opus,historical
./data/macroset/en/clips/historical/common_voice_en_21940179.opus,historical
./data/macroset/en/clips/historical/common_voice_en_21427316.opus,historical
./data/macroset/en/clips/historical/common_voice_en_21112848.opus,historical
./data/macroset/en/clips/historical/common_voice_en_20431625.opus,historical
./data/macroset/en/clips/that’s/common_voice_en_619173.opus,that’s
./data/macroset/en/clips/that’s/common_voice_en_695735.opus,that’s
./data/macroset/en/clips/that’s/common_voice_en_18441448.opus,that’s
./data/macroset/en/clips/that’s/common_voice_en_677166.opus,that’s
./data/macroset/en/clips/that’s/common_voice_en_218827.opus,that’s
./data/macroset/en/clips/insulin/common_voice_en_504116.opus,insulin
./data/macroset/en/clips/insulin/common_voice_en_20317015.opus,insulin
./data/macroset/en/clips/insulin/common_voice_en_645600.opus,insulin
./data/macroset/en/clips/insulin/common_voice_en_20441868.opus,insulin
./data/macroset/en/clips/insulin/common_voice_en_20877226.opus,insulin
./data/macroset/en/clips/plush/common_voice_en_17739708.opus,plush
./data/macroset/en/clips/plush/common_voice_en_18150003.opus,plush
./data/macroset/en/clips/plush/common_voice_en_18316667.opus,plush
./data/macroset/en/clips/plush/common_voice_en_16664085.opus,plush
./data/macroset/en/clips/plush/common_voice_en_18136128.opus,plush
./data/macroset/en/clips/reduces/common_voice_en_21821334.opus,reduces
./data/macroset/en/clips/reduces/common_voice_en_20533124.opus,reduces
./data/macroset/en/clips/reduces/common_voice_en_21107818.opus,reduces
./data/macroset/en/clips/reduces/common_voice_en_20794167.opus,reduces
./data/macroset/en/clips/reduces/common_voice_en_19544957.opus,reduces
./data/macroset/en/clips/assumptions/common_voice_en_20043219.opus,assumptions
./data/macroset/en/clips/assumptions/common_voice_en_18298977.opus,assumptions
./data/macroset/en/clips/assumptions/common_voice_en_18524386.opus,assumptions
./data/macroset/en/clips/assumptions/common_voice_en_20012464.opus,assumptions
./data/macroset/en/clips/assumptions/common_voice_en_18276579.opus,assumptions
./data/macroset/en/clips/motto/common_voice_en_22351153.opus,motto
./data/macroset/en/clips/motto/common_voice_en_20754691.opus,motto
./data/macroset/en/clips/motto/common_voice_en_20300978.opus,motto
./data/macroset/en/clips/motto/common_voice_en_20982701.opus,motto
./data/macroset/en/clips/motto/common_voice_en_20237179.opus,motto
./data/macroset/en/clips/signals/common_voice_en_20481744.opus,signals
./data/macroset/en/clips/signals/common_voice_en_18961749.opus,signals
./data/macroset/en/clips/signals/common_voice_en_19040333.opus,signals
./data/macroset/en/clips/signals/common_voice_en_17969407.opus,signals
./data/macroset/en/clips/signals/common_voice_en_20374488.opus,signals
./data/macroset/en/clips/distinct/common_voice_en_604021.opus,distinct
./data/macroset/en/clips/distinct/common_voice_en_19615085.opus,distinct
./data/macroset/en/clips/distinct/common_voice_en_20830830.opus,distinct
./data/macroset/en/clips/distinct/common_voice_en_480853.opus,distinct
./data/macroset/en/clips/distinct/common_voice_en_22180676.opus,distinct
./data/macroset/en/clips/escorts/common_voice_en_490488.opus,escorts
./data/macroset/en/clips/escorts/common_voice_en_678286.opus,escorts
./data/macroset/en/clips/escorts/common_voice_en_514081.opus,escorts
./data/macroset/en/clips/escorts/common_voice_en_19668140.opus,escorts
./data/macroset/en/clips/escorts/common_voice_en_20562684.opus,escorts
./data/macroset/en/clips/firewalls/common_voice_en_15735398.opus,firewalls
./data/macroset/en/clips/firewalls/common_voice_en_579058.opus,firewalls
./data/macroset/en/clips/firewalls/common_voice_en_670536.opus,firewalls
./data/macroset/en/clips/firewalls/common_voice_en_654017.opus,firewalls
./data/macroset/en/clips/firewalls/common_voice_en_519513.opus,firewalls
./data/macroset/en/clips/utilities/common_voice_en_20428423.opus,utilities
./data/macroset/en/clips/utilities/common_voice_en_19756784.opus,utilities
./data/macroset/en/clips/utilities/common_voice_en_19733774.opus,utilities
./data/macroset/en/clips/utilities/common_voice_en_20169800.opus,utilities
./data/macroset/en/clips/utilities/common_voice_en_545101.opus,utilities
./data/macroset/en/clips/corruption/common_voice_en_490228.opus,corruption
./data/macroset/en/clips/corruption/common_voice_en_639607.opus,corruption
./data/macroset/en/clips/corruption/common_voice_en_20472876.opus,corruption
./data/macroset/en/clips/corruption/common_voice_en_684681.opus,corruption
./data/macroset/en/clips/corruption/common_voice_en_684077.opus,corruption
./data/macroset/en/clips/adjacent/common_voice_en_21021297.opus,adjacent
./data/macroset/en/clips/adjacent/common_voice_en_20708196.opus,adjacent
./data/macroset/en/clips/adjacent/common_voice_en_19316907.opus,adjacent
./data/macroset/en/clips/adjacent/common_voice_en_21309581.opus,adjacent
./data/macroset/en/clips/adjacent/common_voice_en_20160270.opus,adjacent
./data/macroset/en/clips/antonio/common_voice_en_316890.opus,antonio
./data/macroset/en/clips/antonio/common_voice_en_21396333.opus,antonio
./data/macroset/en/clips/antonio/common_voice_en_19295437.opus,antonio
./data/macroset/en/clips/antonio/common_voice_en_19430733.opus,antonio
./data/macroset/en/clips/antonio/common_voice_en_525967.opus,antonio
./data/macroset/en/clips/newsworthy/common_voice_en_17776745.opus,newsworthy
./data/macroset/en/clips/newsworthy/common_voice_en_17857886.opus,newsworthy
./data/macroset/en/clips/newsworthy/common_voice_en_17276543.opus,newsworthy
./data/macroset/en/clips/newsworthy/common_voice_en_17252172.opus,newsworthy
./data/macroset/en/clips/newsworthy/common_voice_en_17262315.opus,newsworthy
./data/macroset/en/clips/rhodes/common_voice_en_20015815.opus,rhodes
./data/macroset/en/clips/rhodes/common_voice_en_20866835.opus,rhodes
./data/macroset/en/clips/rhodes/common_voice_en_19615339.opus,rhodes
./data/macroset/en/clips/rhodes/common_voice_en_20313136.opus,rhodes
./data/macroset/en/clips/rhodes/common_voice_en_20160333.opus,rhodes
./data/macroset/en/clips/salinity/common_voice_en_2202739.opus,salinity
./data/macroset/en/clips/salinity/common_voice_en_17290702.opus,salinity
./data/macroset/en/clips/salinity/common_voice_en_18056996.opus,salinity
./data/macroset/en/clips/salinity/common_voice_en_3616565.opus,salinity
./data/macroset/en/clips/salinity/common_voice_en_20781253.opus,salinity
./data/macroset/en/clips/explosion/common_voice_en_20254861.opus,explosion
./data/macroset/en/clips/explosion/common_voice_en_587332.opus,explosion
./data/macroset/en/clips/explosion/common_voice_en_19694368.opus,explosion
./data/macroset/en/clips/explosion/common_voice_en_493562.opus,explosion
./data/macroset/en/clips/explosion/common_voice_en_657563.opus,explosion
./data/macroset/en/clips/marc/common_voice_en_17986090.opus,marc
./data/macroset/en/clips/marc/common_voice_en_18130376.opus,marc
./data/macroset/en/clips/marc/common_voice_en_11351547.opus,marc
./data/macroset/en/clips/marc/common_voice_en_19544086.opus,marc
./data/macroset/en/clips/marc/common_voice_en_370856.opus,marc
./data/macroset/en/clips/flip/common_voice_en_611967.opus,flip
./data/macroset/en/clips/flip/common_voice_en_20381656.opus,flip
./data/macroset/en/clips/flip/common_voice_en_20283742.opus,flip
./data/macroset/en/clips/flip/common_voice_en_20754930.opus,flip
./data/macroset/en/clips/flip/common_voice_en_21681312.opus,flip
./data/macroset/en/clips/act/common_voice_en_19848277.opus,act
./data/macroset/en/clips/act/common_voice_en_20132492.opus,act
./data/macroset/en/clips/act/common_voice_en_19713877.opus,act
./data/macroset/en/clips/act/common_voice_en_17445137.opus,act
./data/macroset/en/clips/act/common_voice_en_20670737.opus,act
./data/macroset/en/clips/remark/common_voice_en_18458864.opus,remark
./data/macroset/en/clips/remark/common_voice_en_93054.opus,remark
./data/macroset/en/clips/remark/common_voice_en_18545793.opus,remark
./data/macroset/en/clips/remark/common_voice_en_19431181.opus,remark
./data/macroset/en/clips/remark/common_voice_en_18644736.opus,remark
./data/macroset/en/clips/boys/common_voice_en_477364.opus,boys
./data/macroset/en/clips/boys/common_voice_en_135887.opus,boys
./data/macroset/en/clips/boys/common_voice_en_545773.opus,boys
./data/macroset/en/clips/boys/common_voice_en_21620072.opus,boys
./data/macroset/en/clips/boys/common_voice_en_587514.opus,boys
./data/macroset/en/clips/fifties/common_voice_en_489603.opus,fifties
./data/macroset/en/clips/fifties/common_voice_en_492933.opus,fifties
./data/macroset/en/clips/fifties/common_voice_en_83851.opus,fifties
./data/macroset/en/clips/fifties/common_voice_en_18530017.opus,fifties
./data/macroset/en/clips/fifties/common_voice_en_18598527.opus,fifties
./data/macroset/en/clips/toppled/common_voice_en_482554.opus,toppled
./data/macroset/en/clips/toppled/common_voice_en_593610.opus,toppled
./data/macroset/en/clips/toppled/common_voice_en_21178.opus,toppled
./data/macroset/en/clips/toppled/common_voice_en_61254.opus,toppled
./data/macroset/en/clips/toppled/common_voice_en_694246.opus,toppled
./data/macroset/en/clips/poetry/common_voice_en_22172866.opus,poetry
./data/macroset/en/clips/poetry/common_voice_en_20806002.opus,poetry
./data/macroset/en/clips/poetry/common_voice_en_19453900.opus,poetry
./data/macroset/en/clips/poetry/common_voice_en_20785220.opus,poetry
./data/macroset/en/clips/poetry/common_voice_en_311724.opus,poetry
./data/macroset/en/clips/goalkeeper/common_voice_en_19650231.opus,goalkeeper
./data/macroset/en/clips/goalkeeper/common_voice_en_18963327.opus,goalkeeper
./data/macroset/en/clips/goalkeeper/common_voice_en_20997847.opus,goalkeeper
./data/macroset/en/clips/goalkeeper/common_voice_en_19650256.opus,goalkeeper
./data/macroset/en/clips/goalkeeper/common_voice_en_21108963.opus,goalkeeper
./data/macroset/en/clips/squared/common_voice_en_20661029.opus,squared
./data/macroset/en/clips/squared/common_voice_en_18131610.opus,squared
./data/macroset/en/clips/squared/common_voice_en_20562620.opus,squared
./data/macroset/en/clips/squared/common_voice_en_17976133.opus,squared
./data/macroset/en/clips/squared/common_voice_en_3546727.opus,squared
./data/macroset/en/clips/state/common_voice_en_20483860.opus,state
./data/macroset/en/clips/state/common_voice_en_19769697.opus,state
./data/macroset/en/clips/state/common_voice_en_20132300.opus,state
./data/macroset/en/clips/state/common_voice_en_20408189.opus,state
./data/macroset/en/clips/state/common_voice_en_19326270.opus,state
./data/macroset/en/clips/theology/common_voice_en_63292.opus,theology
./data/macroset/en/clips/theology/common_voice_en_19371759.opus,theology
./data/macroset/en/clips/theology/common_voice_en_518157.opus,theology
./data/macroset/en/clips/theology/common_voice_en_21304694.opus,theology
./data/macroset/en/clips/theology/common_voice_en_21960467.opus,theology
./data/macroset/en/clips/second/common_voice_en_19863832.opus,second
./data/macroset/en/clips/second/common_voice_en_22465895.opus,second
./data/macroset/en/clips/second/common_voice_en_22054938.opus,second
./data/macroset/en/clips/second/common_voice_en_18949474.opus,second
./data/macroset/en/clips/second/common_voice_en_18125699.opus,second
./data/macroset/en/clips/handkerchief/common_voice_en_22439554.opus,handkerchief
./data/macroset/en/clips/handkerchief/common_voice_en_18433417.opus,handkerchief
./data/macroset/en/clips/handkerchief/common_voice_en_18658037.opus,handkerchief
./data/macroset/en/clips/handkerchief/common_voice_en_18492774.opus,handkerchief
./data/macroset/en/clips/handkerchief/common_voice_en_18473422.opus,handkerchief
./data/macroset/en/clips/mall/common_voice_en_21047813.opus,mall
./data/macroset/en/clips/mall/common_voice_en_18880302.opus,mall
./data/macroset/en/clips/mall/common_voice_en_428232.opus,mall
./data/macroset/en/clips/mall/common_voice_en_19248831.opus,mall
./data/macroset/en/clips/mall/common_voice_en_21722041.opus,mall
./data/macroset/en/clips/instant/common_voice_en_19953678.opus,instant
./data/macroset/en/clips/instant/common_voice_en_18489851.opus,instant
./data/macroset/en/clips/instant/common_voice_en_17333779.opus,instant
./data/macroset/en/clips/instant/common_voice_en_21440636.opus,instant
./data/macroset/en/clips/instant/common_voice_en_19528111.opus,instant
./data/macroset/en/clips/victim/common_voice_en_62991.opus,victim
./data/macroset/en/clips/victim/common_voice_en_20580330.opus,victim
./data/macroset/en/clips/victim/common_voice_en_2399771.opus,victim
./data/macroset/en/clips/victim/common_voice_en_19867097.opus,victim
./data/macroset/en/clips/victim/common_voice_en_597521.opus,victim
./data/macroset/en/clips/glasgow/common_voice_en_19261546.opus,glasgow
./data/macroset/en/clips/glasgow/common_voice_en_488876.opus,glasgow
./data/macroset/en/clips/glasgow/common_voice_en_20008534.opus,glasgow
./data/macroset/en/clips/glasgow/common_voice_en_20921857.opus,glasgow
./data/macroset/en/clips/glasgow/common_voice_en_19815933.opus,glasgow
./data/macroset/en/clips/encyclopedia/common_voice_en_220603.opus,encyclopedia
./data/macroset/en/clips/encyclopedia/common_voice_en_541785.opus,encyclopedia
./data/macroset/en/clips/encyclopedia/common_voice_en_17731182.opus,encyclopedia
./data/macroset/en/clips/encyclopedia/common_voice_en_20322540.opus,encyclopedia
./data/macroset/en/clips/encyclopedia/common_voice_en_19575688.opus,encyclopedia
./data/macroset/en/clips/novels/common_voice_en_20317198.opus,novels
./data/macroset/en/clips/novels/common_voice_en_20005976.opus,novels
./data/macroset/en/clips/novels/common_voice_en_20691576.opus,novels
./data/macroset/en/clips/novels/common_voice_en_19649359.opus,novels
./data/macroset/en/clips/novels/common_voice_en_21688291.opus,novels
./data/macroset/en/clips/interesting/common_voice_en_18474308.opus,interesting
./data/macroset/en/clips/interesting/common_voice_en_1858043.opus,interesting
./data/macroset/en/clips/interesting/common_voice_en_592642.opus,interesting
./data/macroset/en/clips/interesting/common_voice_en_39128.opus,interesting
./data/macroset/en/clips/interesting/common_voice_en_18953295.opus,interesting
./data/macroset/en/clips/enabled/common_voice_en_20779707.opus,enabled
./data/macroset/en/clips/enabled/common_voice_en_17745897.opus,enabled
./data/macroset/en/clips/enabled/common_voice_en_17854925.opus,enabled
./data/macroset/en/clips/enabled/common_voice_en_195064.opus,enabled
./data/macroset/en/clips/enabled/common_voice_en_20242182.opus,enabled
./data/macroset/en/clips/suffused/common_voice_en_545963.opus,suffused
./data/macroset/en/clips/suffused/common_voice_en_695307.opus,suffused
./data/macroset/en/clips/suffused/common_voice_en_70748.opus,suffused
./data/macroset/en/clips/suffused/common_voice_en_57992.opus,suffused
./data/macroset/en/clips/suffused/common_voice_en_212249.opus,suffused
./data/macroset/en/clips/construction/common_voice_en_18727930.opus,construction
./data/macroset/en/clips/construction/common_voice_en_21601047.opus,construction
./data/macroset/en/clips/construction/common_voice_en_20776248.opus,construction
./data/macroset/en/clips/construction/common_voice_en_19419310.opus,construction
./data/macroset/en/clips/construction/common_voice_en_18787398.opus,construction
./data/macroset/en/clips/normalization/common_voice_en_47164.opus,normalization
./data/macroset/en/clips/normalization/common_voice_en_605273.opus,normalization
./data/macroset/en/clips/normalization/common_voice_en_77624.opus,normalization
./data/macroset/en/clips/normalization/common_voice_en_586195.opus,normalization
./data/macroset/en/clips/normalization/common_voice_en_51731.opus,normalization
./data/macroset/en/clips/paralysed/common_voice_en_637339.opus,paralysed
./data/macroset/en/clips/paralysed/common_voice_en_558952.opus,paralysed
./data/macroset/en/clips/paralysed/common_voice_en_513491.opus,paralysed
./data/macroset/en/clips/paralysed/common_voice_en_635974.opus,paralysed
./data/macroset/en/clips/paralysed/common_voice_en_136556.opus,paralysed
./data/macroset/en/clips/authentication/common_voice_en_20990410.opus,authentication
./data/macroset/en/clips/authentication/common_voice_en_518786.opus,authentication
./data/macroset/en/clips/authentication/common_voice_en_18633194.opus,authentication
./data/macroset/en/clips/authentication/common_voice_en_18428521.opus,authentication
./data/macroset/en/clips/authentication/common_voice_en_17802195.opus,authentication
./data/macroset/en/clips/manufacturer/common_voice_en_21274155.opus,manufacturer
./data/macroset/en/clips/manufacturer/common_voice_en_685611.opus,manufacturer
./data/macroset/en/clips/manufacturer/common_voice_en_19671119.opus,manufacturer
./data/macroset/en/clips/manufacturer/common_voice_en_562244.opus,manufacturer
./data/macroset/en/clips/manufacturer/common_voice_en_532019.opus,manufacturer
./data/macroset/en/clips/microwave/common_voice_en_19476207.opus,microwave
./data/macroset/en/clips/microwave/common_voice_en_16047628.opus,microwave
./data/macroset/en/clips/microwave/common_voice_en_647819.opus,microwave
./data/macroset/en/clips/microwave/common_voice_en_18036824.opus,microwave
./data/macroset/en/clips/microwave/common_voice_en_184125.opus,microwave
./data/macroset/en/clips/travelled/common_voice_en_518572.opus,travelled
./data/macroset/en/clips/travelled/common_voice_en_581732.opus,travelled
./data/macroset/en/clips/travelled/common_voice_en_485466.opus,travelled
./data/macroset/en/clips/travelled/common_voice_en_20347514.opus,travelled
./data/macroset/en/clips/travelled/common_voice_en_197283.opus,travelled
./data/macroset/en/clips/retreated/common_voice_en_21663754.opus,retreated
./data/macroset/en/clips/retreated/common_voice_en_21998954.opus,retreated
./data/macroset/en/clips/retreated/common_voice_en_21345743.opus,retreated
./data/macroset/en/clips/retreated/common_voice_en_19577347.opus,retreated
./data/macroset/en/clips/retreated/common_voice_en_21696204.opus,retreated
./data/macroset/en/clips/photo/common_voice_en_192217.opus,photo
./data/macroset/en/clips/photo/common_voice_en_19181577.opus,photo
./data/macroset/en/clips/photo/common_voice_en_31101.opus,photo
./data/macroset/en/clips/photo/common_voice_en_18139328.opus,photo
./data/macroset/en/clips/photo/common_voice_en_21305455.opus,photo
./data/macroset/en/clips/paperwork/common_voice_en_17736859.opus,paperwork
./data/macroset/en/clips/paperwork/common_voice_en_18297733.opus,paperwork
./data/macroset/en/clips/paperwork/common_voice_en_18406.opus,paperwork
./data/macroset/en/clips/paperwork/common_voice_en_17709008.opus,paperwork
./data/macroset/en/clips/paperwork/common_voice_en_543588.opus,paperwork
./data/macroset/en/clips/facebook/common_voice_en_568102.opus,facebook
./data/macroset/en/clips/facebook/common_voice_en_19655253.opus,facebook
./data/macroset/en/clips/facebook/common_voice_en_18470316.opus,facebook
./data/macroset/en/clips/facebook/common_voice_en_18117267.opus,facebook
./data/macroset/en/clips/facebook/common_voice_en_18424537.opus,facebook
./data/macroset/en/clips/rotation/common_voice_en_691714.opus,rotation
./data/macroset/en/clips/rotation/common_voice_en_20285248.opus,rotation
./data/macroset/en/clips/rotation/common_voice_en_20433418.opus,rotation
./data/macroset/en/clips/rotation/common_voice_en_21759981.opus,rotation
./data/macroset/en/clips/rotation/common_voice_en_19561503.opus,rotation
./data/macroset/en/clips/overwhelmed/common_voice_en_18637072.opus,overwhelmed
./data/macroset/en/clips/overwhelmed/common_voice_en_17947903.opus,overwhelmed
./data/macroset/en/clips/overwhelmed/common_voice_en_18115029.opus,overwhelmed
./data/macroset/en/clips/overwhelmed/common_voice_en_18150067.opus,overwhelmed
./data/macroset/en/clips/overwhelmed/common_voice_en_539055.opus,overwhelmed
./data/macroset/en/clips/service/common_voice_en_17808623.opus,service
./data/macroset/en/clips/service/common_voice_en_20399897.opus,service
./data/macroset/en/clips/service/common_voice_en_20495446.opus,service
./data/macroset/en/clips/service/common_voice_en_20276541.opus,service
./data/macroset/en/clips/service/common_voice_en_19320160.opus,service
./data/macroset/en/clips/sharon/common_voice_en_20653636.opus,sharon
./data/macroset/en/clips/sharon/common_voice_en_19942944.opus,sharon
./data/macroset/en/clips/sharon/common_voice_en_20557638.opus,sharon
./data/macroset/en/clips/sharon/common_voice_en_20704842.opus,sharon
./data/macroset/en/clips/sharon/common_voice_en_20024590.opus,sharon
./data/macroset/en/clips/funeral/common_voice_en_20160138.opus,funeral
./data/macroset/en/clips/funeral/common_voice_en_526870.opus,funeral
./data/macroset/en/clips/funeral/common_voice_en_19644531.opus,funeral
./data/macroset/en/clips/funeral/common_voice_en_18732786.opus,funeral
./data/macroset/en/clips/funeral/common_voice_en_21701146.opus,funeral
./data/macroset/en/clips/gorge/common_voice_en_21877426.opus,gorge
./data/macroset/en/clips/gorge/common_voice_en_21767701.opus,gorge
./data/macroset/en/clips/gorge/common_voice_en_22253161.opus,gorge
./data/macroset/en/clips/gorge/common_voice_en_19862652.opus,gorge
./data/macroset/en/clips/gorge/common_voice_en_19961051.opus,gorge
./data/macroset/en/clips/stadium/common_voice_en_22021919.opus,stadium
./data/macroset/en/clips/stadium/common_voice_en_19125797.opus,stadium
./data/macroset/en/clips/stadium/common_voice_en_18985549.opus,stadium
./data/macroset/en/clips/stadium/common_voice_en_20407924.opus,stadium
./data/macroset/en/clips/stadium/common_voice_en_47253.opus,stadium
./data/macroset/en/clips/trails/common_voice_en_21794399.opus,trails
./data/macroset/en/clips/trails/common_voice_en_19573708.opus,trails
./data/macroset/en/clips/trails/common_voice_en_19848271.opus,trails
./data/macroset/en/clips/trails/common_voice_en_21791851.opus,trails
./data/macroset/en/clips/trails/common_voice_en_19965152.opus,trails
./data/macroset/en/clips/early/common_voice_en_20330617.opus,early
./data/macroset/en/clips/early/common_voice_en_22314769.opus,early
./data/macroset/en/clips/early/common_voice_en_21505164.opus,early
./data/macroset/en/clips/early/common_voice_en_19825628.opus,early
./data/macroset/en/clips/early/common_voice_en_20461190.opus,early
./data/macroset/en/clips/hungry/common_voice_en_19479392.opus,hungry
./data/macroset/en/clips/hungry/common_voice_en_479993.opus,hungry
./data/macroset/en/clips/hungry/common_voice_en_496313.opus,hungry
./data/macroset/en/clips/hungry/common_voice_en_18434735.opus,hungry
./data/macroset/en/clips/hungry/common_voice_en_73267.opus,hungry
./data/macroset/en/clips/engagement/common_voice_en_557510.opus,engagement
./data/macroset/en/clips/engagement/common_voice_en_18747776.opus,engagement
./data/macroset/en/clips/engagement/common_voice_en_34354.opus,engagement
./data/macroset/en/clips/engagement/common_voice_en_18639922.opus,engagement
./data/macroset/en/clips/engagement/common_voice_en_20062145.opus,engagement
./data/macroset/en/clips/scooter/common_voice_en_16665676.opus,scooter
./data/macroset/en/clips/scooter/common_voice_en_485210.opus,scooter
./data/macroset/en/clips/scooter/common_voice_en_161622.opus,scooter
./data/macroset/en/clips/scooter/common_voice_en_580309.opus,scooter
./data/macroset/en/clips/scooter/common_voice_en_20963889.opus,scooter
./data/macroset/en/clips/tribes/common_voice_en_598344.opus,tribes
./data/macroset/en/clips/tribes/common_voice_en_211680.opus,tribes
./data/macroset/en/clips/tribes/common_voice_en_19350037.opus,tribes
./data/macroset/en/clips/tribes/common_voice_en_192519.opus,tribes
./data/macroset/en/clips/tribes/common_voice_en_544309.opus,tribes
./data/macroset/en/clips/protects/common_voice_en_20883129.opus,protects
./data/macroset/en/clips/protects/common_voice_en_19179713.opus,protects
./data/macroset/en/clips/protects/common_voice_en_20381257.opus,protects
./data/macroset/en/clips/protects/common_voice_en_22306599.opus,protects
./data/macroset/en/clips/protects/common_voice_en_549582.opus,protects
./data/macroset/en/clips/saying/common_voice_en_27260.opus,saying
./data/macroset/en/clips/saying/common_voice_en_18405580.opus,saying
./data/macroset/en/clips/saying/common_voice_en_195885.opus,saying
./data/macroset/en/clips/saying/common_voice_en_22466939.opus,saying
./data/macroset/en/clips/saying/common_voice_en_17906456.opus,saying
./data/macroset/en/clips/wildlife/common_voice_en_20296656.opus,wildlife
./data/macroset/en/clips/wildlife/common_voice_en_195603.opus,wildlife
./data/macroset/en/clips/wildlife/common_voice_en_19149219.opus,wildlife
./data/macroset/en/clips/wildlife/common_voice_en_18760434.opus,wildlife
./data/macroset/en/clips/wildlife/common_voice_en_20101836.opus,wildlife
./data/macroset/en/clips/adult/common_voice_en_19158284.opus,adult
./data/macroset/en/clips/adult/common_voice_en_20973786.opus,adult
./data/macroset/en/clips/adult/common_voice_en_20814942.opus,adult
./data/macroset/en/clips/adult/common_voice_en_70511.opus,adult
./data/macroset/en/clips/adult/common_voice_en_20351307.opus,adult
./data/macroset/en/clips/putin/common_voice_en_22269393.opus,putin
./data/macroset/en/clips/putin/common_voice_en_17704436.opus,putin
./data/macroset/en/clips/putin/common_voice_en_17985690.opus,putin
./data/macroset/en/clips/putin/common_voice_en_17365359.opus,putin
./data/macroset/en/clips/putin/common_voice_en_17393496.opus,putin
./data/macroset/en/clips/dust/common_voice_en_66431.opus,dust
./data/macroset/en/clips/dust/common_voice_en_509029.opus,dust
./data/macroset/en/clips/dust/common_voice_en_500022.opus,dust
./data/macroset/en/clips/dust/common_voice_en_600091.opus,dust
./data/macroset/en/clips/dust/common_voice_en_219726.opus,dust
./data/macroset/en/clips/buried/common_voice_en_21932397.opus,buried
./data/macroset/en/clips/buried/common_voice_en_54041.opus,buried
./data/macroset/en/clips/buried/common_voice_en_18786541.opus,buried
./data/macroset/en/clips/buried/common_voice_en_22112284.opus,buried
./data/macroset/en/clips/buried/common_voice_en_19546555.opus,buried
./data/macroset/en/clips/quantities/common_voice_en_20091696.opus,quantities
./data/macroset/en/clips/quantities/common_voice_en_21371742.opus,quantities
./data/macroset/en/clips/quantities/common_voice_en_21846440.opus,quantities
./data/macroset/en/clips/quantities/common_voice_en_22146934.opus,quantities
./data/macroset/en/clips/quantities/common_voice_en_21529127.opus,quantities
./data/macroset/en/clips/cave/common_voice_en_18991546.opus,cave
./data/macroset/en/clips/cave/common_voice_en_18065660.opus,cave
./data/macroset/en/clips/cave/common_voice_en_20504605.opus,cave
./data/macroset/en/clips/cave/common_voice_en_20586754.opus,cave
./data/macroset/en/clips/cave/common_voice_en_20701714.opus,cave
./data/macroset/en/clips/dictation/common_voice_en_644279.opus,dictation
./data/macroset/en/clips/dictation/common_voice_en_576641.opus,dictation
./data/macroset/en/clips/dictation/common_voice_en_663725.opus,dictation
./data/macroset/en/clips/dictation/common_voice_en_62823.opus,dictation
./data/macroset/en/clips/dictation/common_voice_en_200633.opus,dictation
./data/macroset/en/clips/farms/common_voice_en_19736364.opus,farms
./data/macroset/en/clips/farms/common_voice_en_20035211.opus,farms
./data/macroset/en/clips/farms/common_voice_en_20568954.opus,farms
./data/macroset/en/clips/farms/common_voice_en_19530532.opus,farms
./data/macroset/en/clips/farms/common_voice_en_22110160.opus,farms
./data/macroset/en/clips/produces/common_voice_en_21828651.opus,produces
./data/macroset/en/clips/produces/common_voice_en_22364158.opus,produces
./data/macroset/en/clips/produces/common_voice_en_21478064.opus,produces
./data/macroset/en/clips/produces/common_voice_en_21294026.opus,produces
./data/macroset/en/clips/produces/common_voice_en_21355237.opus,produces
./data/macroset/en/clips/paragraph/common_voice_en_649339.opus,paragraph
./data/macroset/en/clips/paragraph/common_voice_en_18454771.opus,paragraph
./data/macroset/en/clips/paragraph/common_voice_en_20661389.opus,paragraph
./data/macroset/en/clips/paragraph/common_voice_en_484542.opus,paragraph
./data/macroset/en/clips/paragraph/common_voice_en_18434037.opus,paragraph
./data/macroset/en/clips/sewer/common_voice_en_18297163.opus,sewer
./data/macroset/en/clips/sewer/common_voice_en_18851693.opus,sewer
./data/macroset/en/clips/sewer/common_voice_en_18467364.opus,sewer
./data/macroset/en/clips/sewer/common_voice_en_22178303.opus,sewer
./data/macroset/en/clips/sewer/common_voice_en_18283805.opus,sewer
./data/macroset/en/clips/speedway/common_voice_en_19857567.opus,speedway
./data/macroset/en/clips/speedway/common_voice_en_21181275.opus,speedway
./data/macroset/en/clips/speedway/common_voice_en_19497576.opus,speedway
./data/macroset/en/clips/speedway/common_voice_en_20312367.opus,speedway
./data/macroset/en/clips/speedway/common_voice_en_22101804.opus,speedway
./data/macroset/en/clips/rain/common_voice_en_53033.opus,rain
./data/macroset/en/clips/rain/common_voice_en_580324.opus,rain
./data/macroset/en/clips/rain/common_voice_en_699757.opus,rain
./data/macroset/en/clips/rain/common_voice_en_129229.opus,rain
./data/macroset/en/clips/rain/common_voice_en_19172762.opus,rain
./data/macroset/en/clips/volleyball/common_voice_en_20590269.opus,volleyball
./data/macroset/en/clips/volleyball/common_voice_en_22095035.opus,volleyball
./data/macroset/en/clips/volleyball/common_voice_en_31041.opus,volleyball
./data/macroset/en/clips/volleyball/common_voice_en_171057.opus,volleyball
./data/macroset/en/clips/volleyball/common_voice_en_694916.opus,volleyball
./data/macroset/en/clips/neil/common_voice_en_20490798.opus,neil
./data/macroset/en/clips/neil/common_voice_en_22268497.opus,neil
./data/macroset/en/clips/neil/common_voice_en_19484318.opus,neil
./data/macroset/en/clips/neil/common_voice_en_19961372.opus,neil
./data/macroset/en/clips/neil/common_voice_en_22330462.opus,neil
./data/macroset/en/clips/sectors/common_voice_en_21263243.opus,sectors
./data/macroset/en/clips/sectors/common_voice_en_19436914.opus,sectors
./data/macroset/en/clips/sectors/common_voice_en_20644187.opus,sectors
./data/macroset/en/clips/sectors/common_voice_en_19791753.opus,sectors
./data/macroset/en/clips/sectors/common_voice_en_19767271.opus,sectors
./data/macroset/en/clips/fresh/common_voice_en_18062241.opus,fresh
./data/macroset/en/clips/fresh/common_voice_en_20851466.opus,fresh
./data/macroset/en/clips/fresh/common_voice_en_21306631.opus,fresh
./data/macroset/en/clips/fresh/common_voice_en_18564163.opus,fresh
./data/macroset/en/clips/fresh/common_voice_en_19291356.opus,fresh
./data/macroset/en/clips/patiently/common_voice_en_18415922.opus,patiently
./data/macroset/en/clips/patiently/common_voice_en_18339964.opus,patiently
./data/macroset/en/clips/patiently/common_voice_en_18414180.opus,patiently
./data/macroset/en/clips/patiently/common_voice_en_541362.opus,patiently
./data/macroset/en/clips/patiently/common_voice_en_18649737.opus,patiently
./data/macroset/en/clips/climbing/common_voice_en_217980.opus,climbing
./data/macroset/en/clips/climbing/common_voice_en_614638.opus,climbing
./data/macroset/en/clips/climbing/common_voice_en_22128351.opus,climbing
./data/macroset/en/clips/climbing/common_voice_en_18403745.opus,climbing
./data/macroset/en/clips/climbing/common_voice_en_22128351__2.opus,climbing
./data/macroset/en/clips/catherine/common_voice_en_20670759.opus,catherine
./data/macroset/en/clips/catherine/common_voice_en_33633.opus,catherine
./data/macroset/en/clips/catherine/common_voice_en_17408405.opus,catherine
./data/macroset/en/clips/catherine/common_voice_en_21089614.opus,catherine
./data/macroset/en/clips/catherine/common_voice_en_633532.opus,catherine
./data/macroset/en/clips/manor/common_voice_en_20063884.opus,manor
./data/macroset/en/clips/manor/common_voice_en_20057417.opus,manor
./data/macroset/en/clips/manor/common_voice_en_20726045.opus,manor
./data/macroset/en/clips/manor/common_voice_en_22159022.opus,manor
./data/macroset/en/clips/manor/common_voice_en_20528062.opus,manor
./data/macroset/en/clips/darth/common_voice_en_677900.opus,darth
./data/macroset/en/clips/darth/common_voice_en_506487.opus,darth
./data/macroset/en/clips/darth/common_voice_en_532094.opus,darth
./data/macroset/en/clips/darth/common_voice_en_15735289.opus,darth
./data/macroset/en/clips/darth/common_voice_en_346565.opus,darth
./data/macroset/en/clips/potter/common_voice_en_20167257.opus,potter
./data/macroset/en/clips/potter/common_voice_en_20577552.opus,potter
./data/macroset/en/clips/potter/common_voice_en_21947106.opus,potter
./data/macroset/en/clips/potter/common_voice_en_19826036.opus,potter
./data/macroset/en/clips/potter/common_voice_en_19762471.opus,potter
./data/macroset/en/clips/caesar/common_voice_en_176173.opus,caesar
./data/macroset/en/clips/caesar/common_voice_en_22151207.opus,caesar
./data/macroset/en/clips/caesar/common_voice_en_20089054.opus,caesar
./data/macroset/en/clips/caesar/common_voice_en_216857.opus,caesar
./data/macroset/en/clips/caesar/common_voice_en_20520790.opus,caesar
./data/macroset/en/clips/participating/common_voice_en_20463959.opus,participating
./data/macroset/en/clips/participating/common_voice_en_21285082.opus,participating
./data/macroset/en/clips/participating/common_voice_en_21875993.opus,participating
./data/macroset/en/clips/participating/common_voice_en_21681333.opus,participating
./data/macroset/en/clips/participating/common_voice_en_21753309.opus,participating
./data/macroset/en/clips/call/common_voice_en_700415.opus,call
./data/macroset/en/clips/call/common_voice_en_20125885.opus,call
./data/macroset/en/clips/call/common_voice_en_91233.opus,call
./data/macroset/en/clips/call/common_voice_en_564310.opus,call
./data/macroset/en/clips/call/common_voice_en_201596.opus,call
./data/macroset/en/clips/luggage/common_voice_en_19624802.opus,luggage
./data/macroset/en/clips/luggage/common_voice_en_18699266.opus,luggage
./data/macroset/en/clips/luggage/common_voice_en_18491670.opus,luggage
./data/macroset/en/clips/luggage/common_voice_en_486514.opus,luggage
./data/macroset/en/clips/luggage/common_voice_en_20391317.opus,luggage
./data/macroset/en/clips/trunk/common_voice_en_499587.opus,trunk
./data/macroset/en/clips/trunk/common_voice_en_374044.opus,trunk
./data/macroset/en/clips/trunk/common_voice_en_545076.opus,trunk
./data/macroset/en/clips/trunk/common_voice_en_20288206.opus,trunk
./data/macroset/en/clips/trunk/common_voice_en_19462719.opus,trunk
./data/macroset/en/clips/arrows/common_voice_en_20946979.opus,arrows
./data/macroset/en/clips/arrows/common_voice_en_20028256.opus,arrows
./data/macroset/en/clips/arrows/common_voice_en_19691147.opus,arrows
./data/macroset/en/clips/arrows/common_voice_en_594561.opus,arrows
./data/macroset/en/clips/arrows/common_voice_en_21175390.opus,arrows
./data/macroset/en/clips/sounded/common_voice_en_18576958.opus,sounded
./data/macroset/en/clips/sounded/common_voice_en_641557.opus,sounded
./data/macroset/en/clips/sounded/common_voice_en_18408769.opus,sounded
./data/macroset/en/clips/sounded/common_voice_en_166430.opus,sounded
./data/macroset/en/clips/sounded/common_voice_en_17798691.opus,sounded
./data/macroset/en/clips/jasper/common_voice_en_19855244.opus,jasper
./data/macroset/en/clips/jasper/common_voice_en_17926038.opus,jasper
./data/macroset/en/clips/jasper/common_voice_en_17977369.opus,jasper
./data/macroset/en/clips/jasper/common_voice_en_17295273.opus,jasper
./data/macroset/en/clips/jasper/common_voice_en_17275862.opus,jasper
./data/macroset/en/clips/electrons/common_voice_en_21693051.opus,electrons
./data/macroset/en/clips/electrons/common_voice_en_20792989.opus,electrons
./data/macroset/en/clips/electrons/common_voice_en_22431554.opus,electrons
./data/macroset/en/clips/electrons/common_voice_en_20210939.opus,electrons
./data/macroset/en/clips/electrons/common_voice_en_22189734.opus,electrons
./data/macroset/en/clips/correspond/common_voice_en_21096524.opus,correspond
./data/macroset/en/clips/correspond/common_voice_en_20322671.opus,correspond
./data/macroset/en/clips/correspond/common_voice_en_22144982.opus,correspond
./data/macroset/en/clips/correspond/common_voice_en_22280636.opus,correspond
./data/macroset/en/clips/correspond/common_voice_en_20858296.opus,correspond
./data/macroset/en/clips/wilderness/common_voice_en_19696156.opus,wilderness
./data/macroset/en/clips/wilderness/common_voice_en_21824183.opus,wilderness
./data/macroset/en/clips/wilderness/common_voice_en_20827650__2.opus,wilderness
./data/macroset/en/clips/wilderness/common_voice_en_21312951.opus,wilderness
./data/macroset/en/clips/wilderness/common_voice_en_21115271.opus,wilderness
./data/macroset/en/clips/today/common_voice_en_32208.opus,today
./data/macroset/en/clips/today/common_voice_en_17276584.opus,today
./data/macroset/en/clips/today/common_voice_en_18732084.opus,today
./data/macroset/en/clips/today/common_voice_en_19523435.opus,today
./data/macroset/en/clips/today/common_voice_en_18011903.opus,today
./data/macroset/en/clips/mistake/common_voice_en_18662455.opus,mistake
./data/macroset/en/clips/mistake/common_voice_en_35863.opus,mistake
./data/macroset/en/clips/mistake/common_voice_en_41516.opus,mistake
./data/macroset/en/clips/mistake/common_voice_en_17390540.opus,mistake
./data/macroset/en/clips/mistake/common_voice_en_371523.opus,mistake
./data/macroset/en/clips/terrain/common_voice_en_214271.opus,terrain
./data/macroset/en/clips/terrain/common_voice_en_21718878.opus,terrain
./data/macroset/en/clips/terrain/common_voice_en_19089432.opus,terrain
./data/macroset/en/clips/terrain/common_voice_en_22370688.opus,terrain
./data/macroset/en/clips/terrain/common_voice_en_19710978.opus,terrain
./data/macroset/en/clips/romance/common_voice_en_21437226.opus,romance
./data/macroset/en/clips/romance/common_voice_en_19869673.opus,romance
./data/macroset/en/clips/romance/common_voice_en_19467572.opus,romance
./data/macroset/en/clips/romance/common_voice_en_20091638.opus,romance
./data/macroset/en/clips/romance/common_voice_en_19697994.opus,romance
./data/macroset/en/clips/pounced/common_voice_en_17248707.opus,pounced
./data/macroset/en/clips/pounced/common_voice_en_17264279.opus,pounced
./data/macroset/en/clips/pounced/common_voice_en_18557458.opus,pounced
./data/macroset/en/clips/pounced/common_voice_en_17290982.opus,pounced
./data/macroset/en/clips/pounced/common_voice_en_17272111.opus,pounced
./data/macroset/en/clips/interrupting/common_voice_en_700219.opus,interrupting
./data/macroset/en/clips/interrupting/common_voice_en_17328926.opus,interrupting
./data/macroset/en/clips/interrupting/common_voice_en_18152521.opus,interrupting
./data/macroset/en/clips/interrupting/common_voice_en_17390759.opus,interrupting
./data/macroset/en/clips/interrupting/common_voice_en_18269869.opus,interrupting
./data/macroset/en/clips/fighting/common_voice_en_63703.opus,fighting
./data/macroset/en/clips/fighting/common_voice_en_180018.opus,fighting
./data/macroset/en/clips/fighting/common_voice_en_572322.opus,fighting
./data/macroset/en/clips/fighting/common_voice_en_691606.opus,fighting
./data/macroset/en/clips/fighting/common_voice_en_20296889.opus,fighting
./data/macroset/en/clips/refinery/common_voice_en_663625.opus,refinery
./data/macroset/en/clips/refinery/common_voice_en_19731528.opus,refinery
./data/macroset/en/clips/refinery/common_voice_en_21646384.opus,refinery
./data/macroset/en/clips/refinery/common_voice_en_669062.opus,refinery
./data/macroset/en/clips/refinery/common_voice_en_488118.opus,refinery
./data/macroset/en/clips/otters/common_voice_en_21868255.opus,otters
./data/macroset/en/clips/otters/common_voice_en_18827881.opus,otters
./data/macroset/en/clips/otters/common_voice_en_647991.opus,otters
./data/macroset/en/clips/otters/common_voice_en_697380.opus,otters
./data/macroset/en/clips/otters/common_voice_en_17887751.opus,otters
./data/macroset/en/clips/circle/common_voice_en_19713638.opus,circle
./data/macroset/en/clips/circle/common_voice_en_103201.opus,circle
./data/macroset/en/clips/circle/common_voice_en_484040.opus,circle
./data/macroset/en/clips/circle/common_voice_en_681562.opus,circle
./data/macroset/en/clips/circle/common_voice_en_648623.opus,circle
./data/macroset/en/clips/watershed/common_voice_en_20982168.opus,watershed
./data/macroset/en/clips/watershed/common_voice_en_21145408.opus,watershed
./data/macroset/en/clips/watershed/common_voice_en_19603959__2.opus,watershed
./data/macroset/en/clips/watershed/common_voice_en_19855479.opus,watershed
./data/macroset/en/clips/watershed/common_voice_en_20052097.opus,watershed
./data/macroset/en/clips/tonight/common_voice_en_17374.opus,tonight
./data/macroset/en/clips/tonight/common_voice_en_93942.opus,tonight
./data/macroset/en/clips/tonight/common_voice_en_3612.opus,tonight
./data/macroset/en/clips/tonight/common_voice_en_575009.opus,tonight
./data/macroset/en/clips/tonight/common_voice_en_552307.opus,tonight
./data/macroset/en/clips/church/common_voice_en_21783359.opus,church
./data/macroset/en/clips/church/common_voice_en_503119.opus,church
./data/macroset/en/clips/church/common_voice_en_20179214.opus,church
./data/macroset/en/clips/church/common_voice_en_19515616.opus,church
./data/macroset/en/clips/church/common_voice_en_20575243.opus,church
./data/macroset/en/clips/byron/common_voice_en_20791490.opus,byron
./data/macroset/en/clips/byron/common_voice_en_21692542.opus,byron
./data/macroset/en/clips/byron/common_voice_en_18797284.opus,byron
./data/macroset/en/clips/byron/common_voice_en_21591460.opus,byron
./data/macroset/en/clips/byron/common_voice_en_22327889.opus,byron
./data/macroset/en/clips/embarrassing/common_voice_en_17362943.opus,embarrassing
./data/macroset/en/clips/embarrassing/common_voice_en_2586278.opus,embarrassing
./data/macroset/en/clips/embarrassing/common_voice_en_17671216.opus,embarrassing
./data/macroset/en/clips/embarrassing/common_voice_en_21224913.opus,embarrassing
./data/macroset/en/clips/embarrassing/common_voice_en_17411213.opus,embarrassing
./data/macroset/en/clips/ideas/common_voice_en_19946481.opus,ideas
./data/macroset/en/clips/ideas/common_voice_en_22094529.opus,ideas
./data/macroset/en/clips/ideas/common_voice_en_20768925.opus,ideas
./data/macroset/en/clips/ideas/common_voice_en_21162483.opus,ideas
./data/macroset/en/clips/ideas/common_voice_en_612371.opus,ideas
./data/macroset/en/clips/mink/common_voice_en_580376.opus,mink
./data/macroset/en/clips/mink/common_voice_en_18775158.opus,mink
./data/macroset/en/clips/mink/common_voice_en_556851.opus,mink
./data/macroset/en/clips/mink/common_voice_en_605841.opus,mink
./data/macroset/en/clips/mink/common_voice_en_674653.opus,mink
./data/macroset/en/clips/tucked/common_voice_en_17561843.opus,tucked
./data/macroset/en/clips/tucked/common_voice_en_17879249.opus,tucked
./data/macroset/en/clips/tucked/common_voice_en_17809349.opus,tucked
./data/macroset/en/clips/tucked/common_voice_en_689023.opus,tucked
./data/macroset/en/clips/tucked/common_voice_en_17910521.opus,tucked
./data/macroset/en/clips/upgrades/common_voice_en_20143039.opus,upgrades
./data/macroset/en/clips/upgrades/common_voice_en_20390994.opus,upgrades
./data/macroset/en/clips/upgrades/common_voice_en_20784081.opus,upgrades
./data/macroset/en/clips/upgrades/common_voice_en_21902077.opus,upgrades
./data/macroset/en/clips/upgrades/common_voice_en_19642059.opus,upgrades
./data/macroset/en/clips/naked/common_voice_en_290340.opus,naked
./data/macroset/en/clips/naked/common_voice_en_20828853.opus,naked
./data/macroset/en/clips/naked/common_voice_en_18985905.opus,naked
./data/macroset/en/clips/naked/common_voice_en_663638.opus,naked
./data/macroset/en/clips/naked/common_voice_en_20359745.opus,naked
./data/macroset/en/clips/ensued/common_voice_en_19285405.opus,ensued
./data/macroset/en/clips/ensued/common_voice_en_20673636.opus,ensued
./data/macroset/en/clips/ensued/common_voice_en_19640307.opus,ensued
./data/macroset/en/clips/ensued/common_voice_en_18728179.opus,ensued
./data/macroset/en/clips/ensued/common_voice_en_21798254.opus,ensued
./data/macroset/en/clips/goal/common_voice_en_18642485.opus,goal
./data/macroset/en/clips/goal/common_voice_en_21639937.opus,goal
./data/macroset/en/clips/goal/common_voice_en_19079893.opus,goal
./data/macroset/en/clips/goal/common_voice_en_19648789.opus,goal
./data/macroset/en/clips/goal/common_voice_en_20732940.opus,goal
./data/macroset/en/clips/nests/common_voice_en_18747095.opus,nests
./data/macroset/en/clips/nests/common_voice_en_21438855.opus,nests
./data/macroset/en/clips/nests/common_voice_en_20976177.opus,nests
./data/macroset/en/clips/nests/common_voice_en_20904988.opus,nests
./data/macroset/en/clips/nests/common_voice_en_20968426.opus,nests
./data/macroset/en/clips/brook/common_voice_en_19470272.opus,brook
./data/macroset/en/clips/brook/common_voice_en_20132533.opus,brook
./data/macroset/en/clips/brook/common_voice_en_18748727.opus,brook
./data/macroset/en/clips/brook/common_voice_en_19890387.opus,brook
./data/macroset/en/clips/brook/common_voice_en_22000515.opus,brook
./data/macroset/en/clips/participate/common_voice_en_22287265.opus,participate
./data/macroset/en/clips/participate/common_voice_en_19626471.opus,participate
./data/macroset/en/clips/participate/common_voice_en_3616569.opus,participate
./data/macroset/en/clips/participate/common_voice_en_19679760.opus,participate
./data/macroset/en/clips/participate/common_voice_en_401512.opus,participate
./data/macroset/en/clips/kinds/common_voice_en_20529566.opus,kinds
./data/macroset/en/clips/kinds/common_voice_en_20841000.opus,kinds
./data/macroset/en/clips/kinds/common_voice_en_22196977.opus,kinds
./data/macroset/en/clips/kinds/common_voice_en_19867269.opus,kinds
./data/macroset/en/clips/kinds/common_voice_en_19687233.opus,kinds
./data/macroset/en/clips/insane/common_voice_en_214007.opus,insane
./data/macroset/en/clips/insane/common_voice_en_19504713.opus,insane
./data/macroset/en/clips/insane/common_voice_en_8957708.opus,insane
./data/macroset/en/clips/insane/common_voice_en_17562437.opus,insane
./data/macroset/en/clips/insane/common_voice_en_203740.opus,insane
./data/macroset/en/clips/defective/common_voice_en_2873346.opus,defective
./data/macroset/en/clips/defective/common_voice_en_20373089.opus,defective
./data/macroset/en/clips/defective/common_voice_en_385589.opus,defective
./data/macroset/en/clips/defective/common_voice_en_556129.opus,defective
./data/macroset/en/clips/defective/common_voice_en_19281352.opus,defective
./data/macroset/en/clips/decided/common_voice_en_477394.opus,decided
./data/macroset/en/clips/decided/common_voice_en_17871357.opus,decided
./data/macroset/en/clips/decided/common_voice_en_17287822.opus,decided
./data/macroset/en/clips/decided/common_voice_en_589009.opus,decided
./data/macroset/en/clips/decided/common_voice_en_646521.opus,decided
./data/macroset/en/clips/python/common_voice_en_18341810.opus,python
./data/macroset/en/clips/python/common_voice_en_18510509.opus,python
./data/macroset/en/clips/python/common_voice_en_167440__2.opus,python
./data/macroset/en/clips/python/common_voice_en_17944616.opus,python
./data/macroset/en/clips/python/common_voice_en_697785.opus,python
./data/macroset/en/clips/extraction/common_voice_en_61605.opus,extraction
./data/macroset/en/clips/extraction/common_voice_en_15735332.opus,extraction
./data/macroset/en/clips/extraction/common_voice_en_20961192.opus,extraction
./data/macroset/en/clips/extraction/common_voice_en_20763315.opus,extraction
./data/macroset/en/clips/extraction/common_voice_en_17937839.opus,extraction
./data/macroset/en/clips/differ/common_voice_en_21305599.opus,differ
./data/macroset/en/clips/differ/common_voice_en_18939442.opus,differ
./data/macroset/en/clips/differ/common_voice_en_19945545.opus,differ
./data/macroset/en/clips/differ/common_voice_en_19637697.opus,differ
./data/macroset/en/clips/differ/common_voice_en_20418153.opus,differ
./data/macroset/en/clips/amused/common_voice_en_682232.opus,amused
./data/macroset/en/clips/amused/common_voice_en_506953.opus,amused
./data/macroset/en/clips/amused/common_voice_en_200717.opus,amused
./data/macroset/en/clips/amused/common_voice_en_20585224.opus,amused
./data/macroset/en/clips/amused/common_voice_en_221136.opus,amused
./data/macroset/en/clips/epoch/common_voice_en_18132701.opus,epoch
./data/macroset/en/clips/epoch/common_voice_en_18109060.opus,epoch
./data/macroset/en/clips/epoch/common_voice_en_18062028.opus,epoch
./data/macroset/en/clips/epoch/common_voice_en_17785799.opus,epoch
./data/macroset/en/clips/epoch/common_voice_en_18148441.opus,epoch
./data/macroset/en/clips/equator/common_voice_en_20016472.opus,equator
./data/macroset/en/clips/equator/common_voice_en_17275285.opus,equator
./data/macroset/en/clips/equator/common_voice_en_18083476.opus,equator
./data/macroset/en/clips/equator/common_voice_en_18577088.opus,equator
./data/macroset/en/clips/equator/common_voice_en_17250494.opus,equator
./data/macroset/en/clips/your/common_voice_en_17941296.opus,your
./data/macroset/en/clips/your/common_voice_en_18608206.opus,your
./data/macroset/en/clips/your/common_voice_en_613402.opus,your
./data/macroset/en/clips/your/common_voice_en_480823.opus,your
./data/macroset/en/clips/your/common_voice_en_21342887.opus,your
./data/macroset/en/clips/sweat/common_voice_en_559773.opus,sweat
./data/macroset/en/clips/sweat/common_voice_en_22350797.opus,sweat
./data/macroset/en/clips/sweat/common_voice_en_660544.opus,sweat
./data/macroset/en/clips/sweat/common_voice_en_32219.opus,sweat
./data/macroset/en/clips/sweat/common_voice_en_597171.opus,sweat
./data/macroset/en/clips/kelvin/common_voice_en_19393575.opus,kelvin
./data/macroset/en/clips/kelvin/common_voice_en_17292087.opus,kelvin
./data/macroset/en/clips/kelvin/common_voice_en_17296134.opus,kelvin
./data/macroset/en/clips/kelvin/common_voice_en_17337842.opus,kelvin
./data/macroset/en/clips/kelvin/common_voice_en_17386706.opus,kelvin
./data/macroset/en/clips/business/common_voice_en_19838448.opus,business
./data/macroset/en/clips/business/common_voice_en_18757091.opus,business
./data/macroset/en/clips/business/common_voice_en_18809366.opus,business
./data/macroset/en/clips/business/common_voice_en_529674.opus,business
./data/macroset/en/clips/business/common_voice_en_20213905.opus,business
./data/macroset/en/clips/echoed/common_voice_en_655042.opus,echoed
./data/macroset/en/clips/echoed/common_voice_en_21340325.opus,echoed
./data/macroset/en/clips/echoed/common_voice_en_20810281.opus,echoed
./data/macroset/en/clips/echoed/common_voice_en_18283978.opus,echoed
./data/macroset/en/clips/echoed/common_voice_en_93148.opus,echoed
./data/macroset/en/clips/who/common_voice_en_17735795.opus,who
./data/macroset/en/clips/who/common_voice_en_20923025.opus,who
./data/macroset/en/clips/who/common_voice_en_613203.opus,who
./data/macroset/en/clips/who/common_voice_en_19607898.opus,who
./data/macroset/en/clips/who/common_voice_en_20956405.opus,who
./data/macroset/en/clips/stare/common_voice_en_18129648.opus,stare
./data/macroset/en/clips/stare/common_voice_en_17874065.opus,stare
./data/macroset/en/clips/stare/common_voice_en_19374866.opus,stare
./data/macroset/en/clips/stare/common_voice_en_18592324.opus,stare
./data/macroset/en/clips/stare/common_voice_en_17372207.opus,stare
./data/macroset/en/clips/dating/common_voice_en_20009554.opus,dating
./data/macroset/en/clips/dating/common_voice_en_568281.opus,dating
./data/macroset/en/clips/dating/common_voice_en_484602.opus,dating
./data/macroset/en/clips/dating/common_voice_en_20114801.opus,dating
./data/macroset/en/clips/dating/common_voice_en_21886303.opus,dating
./data/macroset/en/clips/koran/common_voice_en_98550.opus,koran
./data/macroset/en/clips/koran/common_voice_en_168491.opus,koran
./data/macroset/en/clips/koran/common_voice_en_502898.opus,koran
./data/macroset/en/clips/koran/common_voice_en_81402.opus,koran
./data/macroset/en/clips/koran/common_voice_en_493004.opus,koran
./data/macroset/en/clips/especially/common_voice_en_147144.opus,especially
./data/macroset/en/clips/especially/common_voice_en_591368.opus,especially
./data/macroset/en/clips/especially/common_voice_en_21289208.opus,especially
./data/macroset/en/clips/especially/common_voice_en_19557251.opus,especially
./data/macroset/en/clips/especially/common_voice_en_679067.opus,especially
./data/macroset/en/clips/pumped/common_voice_en_17556077.opus,pumped
./data/macroset/en/clips/pumped/common_voice_en_17258083.opus,pumped
./data/macroset/en/clips/pumped/common_voice_en_95655.opus,pumped
./data/macroset/en/clips/pumped/common_voice_en_642050.opus,pumped
./data/macroset/en/clips/pumped/common_voice_en_17387103.opus,pumped
./data/macroset/en/clips/oakland/common_voice_en_20734103.opus,oakland
./data/macroset/en/clips/oakland/common_voice_en_21692583.opus,oakland
./data/macroset/en/clips/oakland/common_voice_en_19315787.opus,oakland
./data/macroset/en/clips/oakland/common_voice_en_19412022.opus,oakland
./data/macroset/en/clips/oakland/common_voice_en_20013614.opus,oakland
./data/macroset/en/clips/substantial/common_voice_en_19152019.opus,substantial
./data/macroset/en/clips/substantial/common_voice_en_19676667.opus,substantial
./data/macroset/en/clips/substantial/common_voice_en_22243999.opus,substantial
./data/macroset/en/clips/substantial/common_voice_en_20506604.opus,substantial
./data/macroset/en/clips/substantial/common_voice_en_20221980.opus,substantial
./data/macroset/en/clips/transfer/common_voice_en_20478438.opus,transfer
./data/macroset/en/clips/transfer/common_voice_en_19580530.opus,transfer
./data/macroset/en/clips/transfer/common_voice_en_553028.opus,transfer
./data/macroset/en/clips/transfer/common_voice_en_20827405.opus,transfer
./data/macroset/en/clips/transfer/common_voice_en_19547524.opus,transfer
./data/macroset/en/clips/randall/common_voice_en_18781993.opus,randall
./data/macroset/en/clips/randall/common_voice_en_18491630.opus,randall
./data/macroset/en/clips/randall/common_voice_en_18677563.opus,randall
./data/macroset/en/clips/randall/common_voice_en_20140473.opus,randall
./data/macroset/en/clips/randall/common_voice_en_18775409.opus,randall
./data/macroset/en/clips/quit/common_voice_en_19230890.opus,quit
./data/macroset/en/clips/quit/common_voice_en_83022.opus,quit
./data/macroset/en/clips/quit/common_voice_en_17904053.opus,quit
./data/macroset/en/clips/quit/common_voice_en_554266.opus,quit
./data/macroset/en/clips/quit/common_voice_en_18071490.opus,quit
./data/macroset/en/clips/slender/common_voice_en_21238275.opus,slender
./data/macroset/en/clips/slender/common_voice_en_19645396.opus,slender
./data/macroset/en/clips/slender/common_voice_en_19960113.opus,slender
./data/macroset/en/clips/slender/common_voice_en_19102995.opus,slender
./data/macroset/en/clips/slender/common_voice_en_18960673.opus,slender
./data/macroset/en/clips/motion/common_voice_en_17401432.opus,motion
./data/macroset/en/clips/motion/common_voice_en_22345956.opus,motion
./data/macroset/en/clips/motion/common_voice_en_20785012.opus,motion
./data/macroset/en/clips/motion/common_voice_en_203823.opus,motion
./data/macroset/en/clips/motion/common_voice_en_22103434.opus,motion
./data/macroset/en/clips/makers/common_voice_en_20572926.opus,makers
./data/macroset/en/clips/makers/common_voice_en_20147990.opus,makers
./data/macroset/en/clips/makers/common_voice_en_18745860.opus,makers
./data/macroset/en/clips/makers/common_voice_en_21184997.opus,makers
./data/macroset/en/clips/makers/common_voice_en_21517400.opus,makers
./data/macroset/en/clips/villains/common_voice_en_19540738.opus,villains
./data/macroset/en/clips/villains/common_voice_en_21051108.opus,villains
./data/macroset/en/clips/villains/common_voice_en_199154.opus,villains
./data/macroset/en/clips/villains/common_voice_en_21648744.opus,villains
./data/macroset/en/clips/villains/common_voice_en_20515483.opus,villains
./data/macroset/en/clips/angle/common_voice_en_20737834__2.opus,angle
./data/macroset/en/clips/angle/common_voice_en_20182932.opus,angle
./data/macroset/en/clips/angle/common_voice_en_20876066.opus,angle
./data/macroset/en/clips/angle/common_voice_en_19732591.opus,angle
./data/macroset/en/clips/angle/common_voice_en_20690340.opus,angle
./data/macroset/en/clips/excitement/common_voice_en_185778.opus,excitement
./data/macroset/en/clips/excitement/common_voice_en_478434.opus,excitement
./data/macroset/en/clips/excitement/common_voice_en_18602929.opus,excitement
./data/macroset/en/clips/excitement/common_voice_en_23239.opus,excitement
./data/macroset/en/clips/excitement/common_voice_en_627804.opus,excitement
./data/macroset/en/clips/shaw/common_voice_en_21713214.opus,shaw
./data/macroset/en/clips/shaw/common_voice_en_18915707.opus,shaw
./data/macroset/en/clips/shaw/common_voice_en_19690481.opus,shaw
./data/macroset/en/clips/shaw/common_voice_en_22095791.opus,shaw
./data/macroset/en/clips/shaw/common_voice_en_18684921__2.opus,shaw
./data/macroset/en/clips/firewood/common_voice_en_75714.opus,firewood
./data/macroset/en/clips/firewood/common_voice_en_83069.opus,firewood
./data/macroset/en/clips/firewood/common_voice_en_62300.opus,firewood
./data/macroset/en/clips/firewood/common_voice_en_686039.opus,firewood
./data/macroset/en/clips/firewood/common_voice_en_540337.opus,firewood
./data/macroset/en/clips/twice/common_voice_en_19561968.opus,twice
./data/macroset/en/clips/twice/common_voice_en_19728069.opus,twice
./data/macroset/en/clips/twice/common_voice_en_20513184.opus,twice
./data/macroset/en/clips/twice/common_voice_en_19958677.opus,twice
./data/macroset/en/clips/twice/common_voice_en_22288940.opus,twice
./data/macroset/en/clips/household/common_voice_en_22444914.opus,household
./data/macroset/en/clips/household/common_voice_en_22407926.opus,household
./data/macroset/en/clips/household/common_voice_en_18767118.opus,household
./data/macroset/en/clips/household/common_voice_en_22271109.opus,household
./data/macroset/en/clips/household/common_voice_en_19628082.opus,household
./data/macroset/en/clips/dvd/common_voice_en_642015.opus,dvd
./data/macroset/en/clips/dvd/common_voice_en_94677.opus,dvd
./data/macroset/en/clips/dvd/common_voice_en_568211.opus,dvd
./data/macroset/en/clips/dvd/common_voice_en_35889.opus,dvd
./data/macroset/en/clips/dvd/common_voice_en_74203.opus,dvd
./data/macroset/en/clips/spring/common_voice_en_20257387.opus,spring
./data/macroset/en/clips/spring/common_voice_en_400371.opus,spring
./data/macroset/en/clips/spring/common_voice_en_18117297.opus,spring
./data/macroset/en/clips/spring/common_voice_en_21230858.opus,spring
./data/macroset/en/clips/spring/common_voice_en_19637602.opus,spring
./data/macroset/en/clips/kicked/common_voice_en_19111128.opus,kicked
./data/macroset/en/clips/kicked/common_voice_en_18095382.opus,kicked
./data/macroset/en/clips/kicked/common_voice_en_19857547.opus,kicked
./data/macroset/en/clips/kicked/common_voice_en_17843694.opus,kicked
./data/macroset/en/clips/kicked/common_voice_en_18335661.opus,kicked
./data/macroset/en/clips/dominate/common_voice_en_20586930.opus,dominate
./data/macroset/en/clips/dominate/common_voice_en_19805026.opus,dominate
./data/macroset/en/clips/dominate/common_voice_en_18799535.opus,dominate
./data/macroset/en/clips/dominate/common_voice_en_20167542.opus,dominate
./data/macroset/en/clips/dominate/common_voice_en_21623838.opus,dominate
./data/macroset/en/clips/selective/common_voice_en_20240366.opus,selective
./data/macroset/en/clips/selective/common_voice_en_19697063.opus,selective
./data/macroset/en/clips/selective/common_voice_en_22177180.opus,selective
./data/macroset/en/clips/selective/common_voice_en_19872086.opus,selective
./data/macroset/en/clips/selective/common_voice_en_20263620.opus,selective
./data/macroset/en/clips/unscrewing/common_voice_en_81643.opus,unscrewing
./data/macroset/en/clips/unscrewing/common_voice_en_676079.opus,unscrewing
./data/macroset/en/clips/unscrewing/common_voice_en_565723.opus,unscrewing
./data/macroset/en/clips/unscrewing/common_voice_en_149503.opus,unscrewing
./data/macroset/en/clips/unscrewing/common_voice_en_71300.opus,unscrewing
./data/macroset/en/clips/substances/common_voice_en_21993854.opus,substances
./data/macroset/en/clips/substances/common_voice_en_19667751.opus,substances
./data/macroset/en/clips/substances/common_voice_en_20005777.opus,substances
./data/macroset/en/clips/substances/common_voice_en_19570244.opus,substances
./data/macroset/en/clips/substances/common_voice_en_18862431.opus,substances
./data/macroset/en/clips/watering/common_voice_en_19733882.opus,watering
./data/macroset/en/clips/watering/common_voice_en_21185434.opus,watering
./data/macroset/en/clips/watering/common_voice_en_546760.opus,watering
./data/macroset/en/clips/watering/common_voice_en_47782.opus,watering
./data/macroset/en/clips/watering/common_voice_en_19588348.opus,watering
./data/macroset/en/clips/measure/common_voice_en_18492140.opus,measure
./data/macroset/en/clips/measure/common_voice_en_19415055.opus,measure
./data/macroset/en/clips/measure/common_voice_en_83958.opus,measure
./data/macroset/en/clips/measure/common_voice_en_19511859.opus,measure
./data/macroset/en/clips/measure/common_voice_en_22064373.opus,measure
./data/macroset/en/clips/threshold/common_voice_en_22350257.opus,threshold
./data/macroset/en/clips/threshold/common_voice_en_17634606.opus,threshold
./data/macroset/en/clips/threshold/common_voice_en_17582661.opus,threshold
./data/macroset/en/clips/threshold/common_voice_en_17393122.opus,threshold
./data/macroset/en/clips/threshold/common_voice_en_17258170.opus,threshold
./data/macroset/en/clips/ensemble/common_voice_en_20203204.opus,ensemble
./data/macroset/en/clips/ensemble/common_voice_en_21358145.opus,ensemble
./data/macroset/en/clips/ensemble/common_voice_en_18846751.opus,ensemble
./data/macroset/en/clips/ensemble/common_voice_en_22312892.opus,ensemble
./data/macroset/en/clips/ensemble/common_voice_en_20545382.opus,ensemble
./data/macroset/en/clips/raven/common_voice_en_571648.opus,raven
./data/macroset/en/clips/raven/common_voice_en_87386.opus,raven
./data/macroset/en/clips/raven/common_voice_en_53351.opus,raven
./data/macroset/en/clips/raven/common_voice_en_477539.opus,raven
./data/macroset/en/clips/raven/common_voice_en_20623416.opus,raven
./data/macroset/en/clips/basket/common_voice_en_609328.opus,basket
./data/macroset/en/clips/basket/common_voice_en_612273.opus,basket
./data/macroset/en/clips/basket/common_voice_en_17843697.opus,basket
./data/macroset/en/clips/basket/common_voice_en_24819.opus,basket
./data/macroset/en/clips/basket/common_voice_en_18652235.opus,basket
./data/macroset/en/clips/include/common_voice_en_20446695.opus,include
./data/macroset/en/clips/include/common_voice_en_22157292.opus,include
./data/macroset/en/clips/include/common_voice_en_22084088.opus,include
./data/macroset/en/clips/include/common_voice_en_22096316.opus,include
./data/macroset/en/clips/include/common_voice_en_21015030.opus,include
./data/macroset/en/clips/mountain/common_voice_en_19011967.opus,mountain
./data/macroset/en/clips/mountain/common_voice_en_19260865.opus,mountain
./data/macroset/en/clips/mountain/common_voice_en_21989092.opus,mountain
./data/macroset/en/clips/mountain/common_voice_en_539997.opus,mountain
./data/macroset/en/clips/mountain/common_voice_en_20343587.opus,mountain
./data/macroset/en/clips/cute/common_voice_en_444790.opus,cute
./data/macroset/en/clips/cute/common_voice_en_147470.opus,cute
./data/macroset/en/clips/cute/common_voice_en_17551959.opus,cute
./data/macroset/en/clips/cute/common_voice_en_17266880.opus,cute
./data/macroset/en/clips/cute/common_voice_en_17353842.opus,cute
./data/macroset/en/clips/famously/common_voice_en_19449178.opus,famously
./data/macroset/en/clips/famously/common_voice_en_19391473.opus,famously
./data/macroset/en/clips/famously/common_voice_en_21268774.opus,famously
./data/macroset/en/clips/famously/common_voice_en_20920222.opus,famously
./data/macroset/en/clips/famously/common_voice_en_19185224.opus,famously
./data/macroset/en/clips/ireland/common_voice_en_22316941.opus,ireland
./data/macroset/en/clips/ireland/common_voice_en_18774184.opus,ireland
./data/macroset/en/clips/ireland/common_voice_en_19204142.opus,ireland
./data/macroset/en/clips/ireland/common_voice_en_19725009.opus,ireland
./data/macroset/en/clips/ireland/common_voice_en_20504595.opus,ireland
./data/macroset/en/clips/grin/common_voice_en_18516104.opus,grin
./data/macroset/en/clips/grin/common_voice_en_161052.opus,grin
./data/macroset/en/clips/grin/common_voice_en_18101120.opus,grin
./data/macroset/en/clips/grin/common_voice_en_19519295.opus,grin
./data/macroset/en/clips/grin/common_voice_en_575799.opus,grin
./data/macroset/en/clips/plains/common_voice_en_20731214.opus,plains
./data/macroset/en/clips/plains/common_voice_en_21592653.opus,plains
./data/macroset/en/clips/plains/common_voice_en_22341891.opus,plains
./data/macroset/en/clips/plains/common_voice_en_20659014.opus,plains
./data/macroset/en/clips/plains/common_voice_en_20183986.opus,plains
./data/macroset/en/clips/don/common_voice_en_22457639.opus,don
./data/macroset/en/clips/don/common_voice_en_22177350.opus,don
./data/macroset/en/clips/don/common_voice_en_22053000.opus,don
./data/macroset/en/clips/don/common_voice_en_20728370.opus,don
./data/macroset/en/clips/don/common_voice_en_20183750.opus,don
./data/macroset/en/clips/apron/common_voice_en_491739.opus,apron
./data/macroset/en/clips/apron/common_voice_en_545232.opus,apron
./data/macroset/en/clips/apron/common_voice_en_501092.opus,apron
./data/macroset/en/clips/apron/common_voice_en_18444147.opus,apron
./data/macroset/en/clips/apron/common_voice_en_33748.opus,apron
./data/macroset/en/clips/want/common_voice_en_45097.opus,want
./data/macroset/en/clips/want/common_voice_en_17921057.opus,want
./data/macroset/en/clips/want/common_voice_en_511544.opus,want
./data/macroset/en/clips/want/common_voice_en_48812.opus,want
./data/macroset/en/clips/want/common_voice_en_92082.opus,want
./data/macroset/en/clips/drag/common_voice_en_19283554.opus,drag
./data/macroset/en/clips/drag/common_voice_en_18167708.opus,drag
./data/macroset/en/clips/drag/common_voice_en_22290580.opus,drag
./data/macroset/en/clips/drag/common_voice_en_20742756.opus,drag
./data/macroset/en/clips/drag/common_voice_en_20994960.opus,drag
./data/macroset/en/clips/christmas/common_voice_en_163426.opus,christmas
./data/macroset/en/clips/christmas/common_voice_en_20443392.opus,christmas
./data/macroset/en/clips/christmas/common_voice_en_20779246.opus,christmas
./data/macroset/en/clips/christmas/common_voice_en_590211.opus,christmas
./data/macroset/en/clips/christmas/common_voice_en_91792.opus,christmas
./data/macroset/en/clips/relativity/common_voice_en_19289524.opus,relativity
./data/macroset/en/clips/relativity/common_voice_en_18465697.opus,relativity
./data/macroset/en/clips/relativity/common_voice_en_17282433.opus,relativity
./data/macroset/en/clips/relativity/common_voice_en_22294491.opus,relativity
./data/macroset/en/clips/relativity/common_voice_en_390316.opus,relativity
./data/macroset/en/clips/pay/common_voice_en_516571.opus,pay
./data/macroset/en/clips/pay/common_voice_en_42733.opus,pay
./data/macroset/en/clips/pay/common_voice_en_59856.opus,pay
./data/macroset/en/clips/pay/common_voice_en_18662478.opus,pay
./data/macroset/en/clips/pay/common_voice_en_73513.opus,pay
./data/macroset/en/clips/proceeds/common_voice_en_20078938.opus,proceeds
./data/macroset/en/clips/proceeds/common_voice_en_21176407.opus,proceeds
./data/macroset/en/clips/proceeds/common_voice_en_20376351.opus,proceeds
./data/macroset/en/clips/proceeds/common_voice_en_18725382.opus,proceeds
./data/macroset/en/clips/proceeds/common_voice_en_18772679.opus,proceeds
./data/macroset/en/clips/organizing/common_voice_en_22392572.opus,organizing
./data/macroset/en/clips/organizing/common_voice_en_22470915.opus,organizing
./data/macroset/en/clips/organizing/common_voice_en_19636281.opus,organizing
./data/macroset/en/clips/organizing/common_voice_en_20300560.opus,organizing
./data/macroset/en/clips/organizing/common_voice_en_19106474.opus,organizing
./data/macroset/en/clips/cheapest/common_voice_en_17266038.opus,cheapest
./data/macroset/en/clips/cheapest/common_voice_en_488053.opus,cheapest
./data/macroset/en/clips/cheapest/common_voice_en_17316400.opus,cheapest
./data/macroset/en/clips/cheapest/common_voice_en_64882.opus,cheapest
./data/macroset/en/clips/cheapest/common_voice_en_17263067.opus,cheapest
./data/macroset/en/clips/strangeness/common_voice_en_484352.opus,strangeness
./data/macroset/en/clips/strangeness/common_voice_en_59135.opus,strangeness
./data/macroset/en/clips/strangeness/common_voice_en_80550.opus,strangeness
./data/macroset/en/clips/strangeness/common_voice_en_203363.opus,strangeness
./data/macroset/en/clips/strangeness/common_voice_en_492539.opus,strangeness
./data/macroset/en/clips/mike/common_voice_en_18348562.opus,mike
./data/macroset/en/clips/mike/common_voice_en_18419040.opus,mike
./data/macroset/en/clips/mike/common_voice_en_20248255.opus,mike
./data/macroset/en/clips/mike/common_voice_en_19961372.opus,mike
./data/macroset/en/clips/mike/common_voice_en_17810264.opus,mike
./data/macroset/en/clips/strict/common_voice_en_20430241.opus,strict
./data/macroset/en/clips/strict/common_voice_en_22069176.opus,strict
./data/macroset/en/clips/strict/common_voice_en_19759849.opus,strict
./data/macroset/en/clips/strict/common_voice_en_18043562.opus,strict
./data/macroset/en/clips/strict/common_voice_en_468741.opus,strict
./data/macroset/en/clips/goddess/common_voice_en_19675326.opus,goddess
./data/macroset/en/clips/goddess/common_voice_en_22319687.opus,goddess
./data/macroset/en/clips/goddess/common_voice_en_22197211.opus,goddess
./data/macroset/en/clips/goddess/common_voice_en_19946702.opus,goddess
./data/macroset/en/clips/goddess/common_voice_en_22117342.opus,goddess
./data/macroset/en/clips/opinions/common_voice_en_20288459.opus,opinions
./data/macroset/en/clips/opinions/common_voice_en_588872.opus,opinions
./data/macroset/en/clips/opinions/common_voice_en_19689311.opus,opinions
./data/macroset/en/clips/opinions/common_voice_en_21366796.opus,opinions
./data/macroset/en/clips/opinions/common_voice_en_656693.opus,opinions
./data/macroset/en/clips/gypsies/common_voice_en_21549227.opus,gypsies
./data/macroset/en/clips/gypsies/common_voice_en_25073.opus,gypsies
./data/macroset/en/clips/gypsies/common_voice_en_608599.opus,gypsies
./data/macroset/en/clips/gypsies/common_voice_en_563235.opus,gypsies
./data/macroset/en/clips/gypsies/common_voice_en_85183.opus,gypsies
./data/macroset/en/clips/correlated/common_voice_en_22429743.opus,correlated
./data/macroset/en/clips/correlated/common_voice_en_22268369.opus,correlated
./data/macroset/en/clips/correlated/common_voice_en_17298894.opus,correlated
./data/macroset/en/clips/correlated/common_voice_en_19657871.opus,correlated
./data/macroset/en/clips/correlated/common_voice_en_17898489.opus,correlated
./data/macroset/en/clips/reel/common_voice_en_19725050__2.opus,reel
./data/macroset/en/clips/reel/common_voice_en_19497634.opus,reel
./data/macroset/en/clips/reel/common_voice_en_18483664.opus,reel
./data/macroset/en/clips/reel/common_voice_en_19637344__2.opus,reel
./data/macroset/en/clips/reel/common_voice_en_18454673.opus,reel
./data/macroset/en/clips/aerial/common_voice_en_20662969.opus,aerial
./data/macroset/en/clips/aerial/common_voice_en_21827338.opus,aerial
./data/macroset/en/clips/aerial/common_voice_en_21070713.opus,aerial
./data/macroset/en/clips/aerial/common_voice_en_21111260.opus,aerial
./data/macroset/en/clips/aerial/common_voice_en_21019982.opus,aerial
./data/macroset/en/clips/device/common_voice_en_20018365.opus,device
./data/macroset/en/clips/device/common_voice_en_21363955.opus,device
./data/macroset/en/clips/device/common_voice_en_18133575.opus,device
./data/macroset/en/clips/device/common_voice_en_17703075.opus,device
./data/macroset/en/clips/device/common_voice_en_656526.opus,device
./data/macroset/en/clips/hippopotamus/common_voice_en_17270900.opus,hippopotamus
./data/macroset/en/clips/hippopotamus/common_voice_en_17380625.opus,hippopotamus
./data/macroset/en/clips/hippopotamus/common_voice_en_17798730.opus,hippopotamus
./data/macroset/en/clips/hippopotamus/common_voice_en_17776815.opus,hippopotamus
./data/macroset/en/clips/hippopotamus/common_voice_en_17254970.opus,hippopotamus
./data/macroset/en/clips/saving/common_voice_en_572082.opus,saving
./data/macroset/en/clips/saving/common_voice_en_20101400.opus,saving
./data/macroset/en/clips/saving/common_voice_en_17817210.opus,saving
./data/macroset/en/clips/saving/common_voice_en_19666287.opus,saving
./data/macroset/en/clips/saving/common_voice_en_17587512.opus,saving
./data/macroset/en/clips/improved/common_voice_en_19685649.opus,improved
./data/macroset/en/clips/improved/common_voice_en_19854657.opus,improved
./data/macroset/en/clips/improved/common_voice_en_186000.opus,improved
./data/macroset/en/clips/improved/common_voice_en_17853756.opus,improved
./data/macroset/en/clips/improved/common_voice_en_91691.opus,improved
./data/macroset/en/clips/federal/common_voice_en_22462837.opus,federal
./data/macroset/en/clips/federal/common_voice_en_19340437.opus,federal
./data/macroset/en/clips/federal/common_voice_en_19691084.opus,federal
./data/macroset/en/clips/federal/common_voice_en_19760682.opus,federal
./data/macroset/en/clips/federal/common_voice_en_21512380.opus,federal
./data/macroset/en/clips/rest/common_voice_en_18518598.opus,rest
./data/macroset/en/clips/rest/common_voice_en_20225428.opus,rest
./data/macroset/en/clips/rest/common_voice_en_593820.opus,rest
./data/macroset/en/clips/rest/common_voice_en_20744354.opus,rest
./data/macroset/en/clips/rest/common_voice_en_20105260.opus,rest
./data/macroset/en/clips/humming/common_voice_en_592279.opus,humming
./data/macroset/en/clips/humming/common_voice_en_16639.opus,humming
./data/macroset/en/clips/humming/common_voice_en_553889.opus,humming
./data/macroset/en/clips/humming/common_voice_en_672636.opus,humming
./data/macroset/en/clips/humming/common_voice_en_504033.opus,humming
./data/macroset/en/clips/deemed/common_voice_en_20860083.opus,deemed
./data/macroset/en/clips/deemed/common_voice_en_21898012.opus,deemed
./data/macroset/en/clips/deemed/common_voice_en_19686240.opus,deemed
./data/macroset/en/clips/deemed/common_voice_en_20468429.opus,deemed
./data/macroset/en/clips/deemed/common_voice_en_20399889.opus,deemed
./data/macroset/en/clips/acute/common_voice_en_22022810.opus,acute
./data/macroset/en/clips/acute/common_voice_en_21073743.opus,acute
./data/macroset/en/clips/acute/common_voice_en_20203149.opus,acute
./data/macroset/en/clips/acute/common_voice_en_19467016.opus,acute
./data/macroset/en/clips/acute/common_voice_en_19961277.opus,acute
./data/macroset/en/clips/root/common_voice_en_479049.opus,root
./data/macroset/en/clips/root/common_voice_en_20510952.opus,root
./data/macroset/en/clips/root/common_voice_en_21063085.opus,root
./data/macroset/en/clips/root/common_voice_en_21024812.opus,root
./data/macroset/en/clips/root/common_voice_en_19761663.opus,root
./data/macroset/en/clips/chilling/common_voice_en_17273335.opus,chilling
./data/macroset/en/clips/chilling/common_voice_en_17275665.opus,chilling
./data/macroset/en/clips/chilling/common_voice_en_17958908.opus,chilling
./data/macroset/en/clips/chilling/common_voice_en_66049.opus,chilling
./data/macroset/en/clips/chilling/common_voice_en_17256472.opus,chilling
./data/macroset/en/clips/distracted/common_voice_en_20024506.opus,distracted
./data/macroset/en/clips/distracted/common_voice_en_185578.opus,distracted
./data/macroset/en/clips/distracted/common_voice_en_211384.opus,distracted
./data/macroset/en/clips/distracted/common_voice_en_38469.opus,distracted
./data/macroset/en/clips/distracted/common_voice_en_18930.opus,distracted
./data/macroset/en/clips/conditioning/common_voice_en_20921673.opus,conditioning
./data/macroset/en/clips/conditioning/common_voice_en_659743.opus,conditioning
./data/macroset/en/clips/conditioning/common_voice_en_56583.opus,conditioning
./data/macroset/en/clips/conditioning/common_voice_en_682267.opus,conditioning
./data/macroset/en/clips/conditioning/common_voice_en_660143.opus,conditioning
./data/macroset/en/clips/petroleum/common_voice_en_22108354.opus,petroleum
./data/macroset/en/clips/petroleum/common_voice_en_21139044.opus,petroleum
./data/macroset/en/clips/petroleum/common_voice_en_21025421.opus,petroleum
./data/macroset/en/clips/petroleum/common_voice_en_19758042.opus,petroleum
./data/macroset/en/clips/petroleum/common_voice_en_19660440.opus,petroleum
./data/macroset/en/clips/bounced/common_voice_en_584752.opus,bounced
./data/macroset/en/clips/bounced/common_voice_en_32285.opus,bounced
./data/macroset/en/clips/bounced/common_voice_en_561344.opus,bounced
./data/macroset/en/clips/bounced/common_voice_en_695120.opus,bounced
./data/macroset/en/clips/bounced/common_voice_en_20131058.opus,bounced
./data/macroset/en/clips/questioned/common_voice_en_19325198.opus,questioned
./data/macroset/en/clips/questioned/common_voice_en_19408435.opus,questioned
./data/macroset/en/clips/questioned/common_voice_en_19129437.opus,questioned
./data/macroset/en/clips/questioned/common_voice_en_19544990.opus,questioned
./data/macroset/en/clips/questioned/common_voice_en_19706766.opus,questioned
./data/macroset/en/clips/stepping/common_voice_en_43516.opus,stepping
./data/macroset/en/clips/stepping/common_voice_en_620097.opus,stepping
./data/macroset/en/clips/stepping/common_voice_en_22183057.opus,stepping
./data/macroset/en/clips/stepping/common_voice_en_539027.opus,stepping
./data/macroset/en/clips/stepping/common_voice_en_505783.opus,stepping
./data/macroset/en/clips/distributor/common_voice_en_20921913.opus,distributor
./data/macroset/en/clips/distributor/common_voice_en_21640348.opus,distributor
./data/macroset/en/clips/distributor/common_voice_en_19422831.opus,distributor
./data/macroset/en/clips/distributor/common_voice_en_19311554.opus,distributor
./data/macroset/en/clips/distributor/common_voice_en_18605119.opus,distributor
./data/macroset/en/clips/architect/common_voice_en_21875834.opus,architect
./data/macroset/en/clips/architect/common_voice_en_21504461.opus,architect
./data/macroset/en/clips/architect/common_voice_en_20182831.opus,architect
./data/macroset/en/clips/architect/common_voice_en_19176552.opus,architect
./data/macroset/en/clips/architect/common_voice_en_19666025.opus,architect
./data/macroset/en/clips/distant/common_voice_en_602867.opus,distant
./data/macroset/en/clips/distant/common_voice_en_514176.opus,distant
./data/macroset/en/clips/distant/common_voice_en_189978.opus,distant
./data/macroset/en/clips/distant/common_voice_en_549712.opus,distant
./data/macroset/en/clips/distant/common_voice_en_195495.opus,distant
./data/macroset/en/clips/crystal/common_voice_en_614743.opus,crystal
./data/macroset/en/clips/crystal/common_voice_en_59285.opus,crystal
./data/macroset/en/clips/crystal/common_voice_en_477833.opus,crystal
./data/macroset/en/clips/crystal/common_voice_en_539005__2.opus,crystal
./data/macroset/en/clips/crystal/common_voice_en_476485.opus,crystal
./data/macroset/en/clips/tang/common_voice_en_17914158.opus,tang
./data/macroset/en/clips/tang/common_voice_en_20814944.opus,tang
./data/macroset/en/clips/tang/common_voice_en_21447212.opus,tang
./data/macroset/en/clips/tang/common_voice_en_18101419.opus,tang
./data/macroset/en/clips/tang/common_voice_en_20391220.opus,tang
./data/macroset/en/clips/massage/common_voice_en_18074538.opus,massage
./data/macroset/en/clips/massage/common_voice_en_18495544.opus,massage
./data/macroset/en/clips/massage/common_voice_en_19476314.opus,massage
./data/macroset/en/clips/massage/common_voice_en_18423087.opus,massage
./data/macroset/en/clips/massage/common_voice_en_18341975.opus,massage
./data/macroset/en/clips/spared/common_voice_en_18680602.opus,spared
./data/macroset/en/clips/spared/common_voice_en_18579183.opus,spared
./data/macroset/en/clips/spared/common_voice_en_572383.opus,spared
./data/macroset/en/clips/spared/common_voice_en_505659.opus,spared
./data/macroset/en/clips/spared/common_voice_en_520622.opus,spared
./data/macroset/en/clips/exclusive/common_voice_en_18708514.opus,exclusive
./data/macroset/en/clips/exclusive/common_voice_en_18453399.opus,exclusive
./data/macroset/en/clips/exclusive/common_voice_en_22368812.opus,exclusive
./data/macroset/en/clips/exclusive/common_voice_en_21334259.opus,exclusive
./data/macroset/en/clips/exclusive/common_voice_en_327697.opus,exclusive
./data/macroset/en/clips/bunting/common_voice_en_17263749.opus,bunting
./data/macroset/en/clips/bunting/common_voice_en_17246390.opus,bunting
./data/macroset/en/clips/bunting/common_voice_en_17988153.opus,bunting
./data/macroset/en/clips/bunting/common_voice_en_17271215.opus,bunting
./data/macroset/en/clips/bunting/common_voice_en_17271500.opus,bunting
./data/macroset/en/clips/documentation/common_voice_en_22275221.opus,documentation
./data/macroset/en/clips/documentation/common_voice_en_21996502.opus,documentation
./data/macroset/en/clips/documentation/common_voice_en_21319389.opus,documentation
./data/macroset/en/clips/documentation/common_voice_en_18661969.opus,documentation
./data/macroset/en/clips/documentation/common_voice_en_20106072.opus,documentation
./data/macroset/en/clips/someone/common_voice_en_19526286.opus,someone
./data/macroset/en/clips/someone/common_voice_en_599845.opus,someone
./data/macroset/en/clips/someone/common_voice_en_18497873.opus,someone
./data/macroset/en/clips/someone/common_voice_en_485280.opus,someone
./data/macroset/en/clips/someone/common_voice_en_26760.opus,someone
./data/macroset/en/clips/regulation/common_voice_en_21021505.opus,regulation
./data/macroset/en/clips/regulation/common_voice_en_19642355.opus,regulation
./data/macroset/en/clips/regulation/common_voice_en_19947484.opus,regulation
./data/macroset/en/clips/regulation/common_voice_en_18743516.opus,regulation
./data/macroset/en/clips/regulation/common_voice_en_20305401.opus,regulation
./data/macroset/en/clips/renewed/common_voice_en_21216749.opus,renewed
./data/macroset/en/clips/renewed/common_voice_en_20317842.opus,renewed
./data/macroset/en/clips/renewed/common_voice_en_21103239.opus,renewed
./data/macroset/en/clips/renewed/common_voice_en_19909101.opus,renewed
./data/macroset/en/clips/renewed/common_voice_en_20963792.opus,renewed
./data/macroset/en/clips/pray/common_voice_en_17276283.opus,pray
./data/macroset/en/clips/pray/common_voice_en_17436991.opus,pray
./data/macroset/en/clips/pray/common_voice_en_91073.opus,pray
./data/macroset/en/clips/pray/common_voice_en_578876.opus,pray
./data/macroset/en/clips/pray/common_voice_en_677958.opus,pray
./data/macroset/en/clips/invited/common_voice_en_20947073.opus,invited
./data/macroset/en/clips/invited/common_voice_en_21772575.opus,invited
./data/macroset/en/clips/invited/common_voice_en_19741478.opus,invited
./data/macroset/en/clips/invited/common_voice_en_20391407.opus,invited
./data/macroset/en/clips/invited/common_voice_en_21139294.opus,invited
./data/macroset/en/clips/technology/common_voice_en_21502264.opus,technology
./data/macroset/en/clips/technology/common_voice_en_18557077.opus,technology
./data/macroset/en/clips/technology/common_voice_en_19911296.opus,technology
./data/macroset/en/clips/technology/common_voice_en_18788888.opus,technology
./data/macroset/en/clips/technology/common_voice_en_20304877.opus,technology
./data/macroset/en/clips/investment/common_voice_en_21351962.opus,investment
./data/macroset/en/clips/investment/common_voice_en_22108716.opus,investment
./data/macroset/en/clips/investment/common_voice_en_18661998.opus,investment
./data/macroset/en/clips/investment/common_voice_en_20489688.opus,investment
./data/macroset/en/clips/investment/common_voice_en_19254255.opus,investment
./data/macroset/en/clips/frederick/common_voice_en_20374561.opus,frederick
./data/macroset/en/clips/frederick/common_voice_en_20594368.opus,frederick
./data/macroset/en/clips/frederick/common_voice_en_21985384.opus,frederick
./data/macroset/en/clips/frederick/common_voice_en_21681127.opus,frederick
./data/macroset/en/clips/frederick/common_voice_en_20690002.opus,frederick
./data/macroset/en/clips/browser/common_voice_en_643487.opus,browser
./data/macroset/en/clips/browser/common_voice_en_18148644.opus,browser
./data/macroset/en/clips/browser/common_voice_en_17517666.opus,browser
./data/macroset/en/clips/browser/common_voice_en_214550.opus,browser
./data/macroset/en/clips/browser/common_voice_en_17411092.opus,browser
./data/macroset/en/clips/hid/common_voice_en_17462.opus,hid
./data/macroset/en/clips/hid/common_voice_en_17894095.opus,hid
./data/macroset/en/clips/hid/common_voice_en_18161732.opus,hid
./data/macroset/en/clips/hid/common_voice_en_18423502.opus,hid
./data/macroset/en/clips/hid/common_voice_en_19847854.opus,hid
./data/macroset/en/clips/realized/common_voice_en_584535.opus,realized
./data/macroset/en/clips/realized/common_voice_en_74115.opus,realized
./data/macroset/en/clips/realized/common_voice_en_61052.opus,realized
./data/macroset/en/clips/realized/common_voice_en_87836.opus,realized
./data/macroset/en/clips/realized/common_voice_en_69402.opus,realized
./data/macroset/en/clips/thompson/common_voice_en_19289336.opus,thompson
./data/macroset/en/clips/thompson/common_voice_en_20319864.opus,thompson
./data/macroset/en/clips/thompson/common_voice_en_19686151.opus,thompson
./data/macroset/en/clips/thompson/common_voice_en_21284898.opus,thompson
./data/macroset/en/clips/thompson/common_voice_en_20178706.opus,thompson
./data/macroset/en/clips/refined/common_voice_en_20240302.opus,refined
./data/macroset/en/clips/refined/common_voice_en_19989836.opus,refined
./data/macroset/en/clips/refined/common_voice_en_20679974.opus,refined
./data/macroset/en/clips/refined/common_voice_en_19730145.opus,refined
./data/macroset/en/clips/refined/common_voice_en_20296845.opus,refined
./data/macroset/en/clips/covers/common_voice_en_28836.opus,covers
./data/macroset/en/clips/covers/common_voice_en_20872583.opus,covers
./data/macroset/en/clips/covers/common_voice_en_21105751.opus,covers
./data/macroset/en/clips/covers/common_voice_en_19013128.opus,covers
./data/macroset/en/clips/covers/common_voice_en_20316055.opus,covers
./data/macroset/en/clips/too/common_voice_en_78987.opus,too
./data/macroset/en/clips/too/common_voice_en_20175069.opus,too
./data/macroset/en/clips/too/common_voice_en_187206.opus,too
./data/macroset/en/clips/too/common_voice_en_18487134.opus,too
./data/macroset/en/clips/too/common_voice_en_18601014.opus,too
./data/macroset/en/clips/dominican/common_voice_en_20313159.opus,dominican
./data/macroset/en/clips/dominican/common_voice_en_21852552.opus,dominican
./data/macroset/en/clips/dominican/common_voice_en_21186397.opus,dominican
./data/macroset/en/clips/dominican/common_voice_en_19715195.opus,dominican
./data/macroset/en/clips/dominican/common_voice_en_20135760.opus,dominican
./data/macroset/en/clips/lively/common_voice_en_22000610.opus,lively
./data/macroset/en/clips/lively/common_voice_en_19870840.opus,lively
./data/macroset/en/clips/lively/common_voice_en_20523361.opus,lively
./data/macroset/en/clips/lively/common_voice_en_19772318.opus,lively
./data/macroset/en/clips/lively/common_voice_en_19383596.opus,lively
./data/macroset/en/clips/moments/common_voice_en_170901.opus,moments
./data/macroset/en/clips/moments/common_voice_en_658005.opus,moments
./data/macroset/en/clips/moments/common_voice_en_513288.opus,moments
./data/macroset/en/clips/moments/common_voice_en_78008.opus,moments
./data/macroset/en/clips/moments/common_voice_en_503391.opus,moments
./data/macroset/en/clips/throughout/common_voice_en_19944372.opus,throughout
./data/macroset/en/clips/throughout/common_voice_en_20635299.opus,throughout
./data/macroset/en/clips/throughout/common_voice_en_21312921.opus,throughout
./data/macroset/en/clips/throughout/common_voice_en_20232952.opus,throughout
./data/macroset/en/clips/throughout/common_voice_en_20064815.opus,throughout
./data/macroset/en/clips/directed/common_voice_en_21975302.opus,directed
./data/macroset/en/clips/directed/common_voice_en_21595188.opus,directed
./data/macroset/en/clips/directed/common_voice_en_21329620.opus,directed
./data/macroset/en/clips/directed/common_voice_en_19720283.opus,directed
./data/macroset/en/clips/directed/common_voice_en_21469821.opus,directed
./data/macroset/en/clips/generations/common_voice_en_19783818.opus,generations
./data/macroset/en/clips/generations/common_voice_en_19630344.opus,generations
./data/macroset/en/clips/generations/common_voice_en_218995.opus,generations
./data/macroset/en/clips/generations/common_voice_en_20527775.opus,generations
./data/macroset/en/clips/generations/common_voice_en_20689779.opus,generations
./data/macroset/en/clips/joins/common_voice_en_19999544.opus,joins
./data/macroset/en/clips/joins/common_voice_en_19836470.opus,joins
./data/macroset/en/clips/joins/common_voice_en_20316601.opus,joins
./data/macroset/en/clips/joins/common_voice_en_19595090.opus,joins
./data/macroset/en/clips/joins/common_voice_en_20596772.opus,joins
./data/macroset/en/clips/exit/common_voice_en_523160.opus,exit
./data/macroset/en/clips/exit/common_voice_en_17673807.opus,exit
./data/macroset/en/clips/exit/common_voice_en_356960.opus,exit
./data/macroset/en/clips/exit/common_voice_en_19996232.opus,exit
./data/macroset/en/clips/exit/common_voice_en_21698607.opus,exit
./data/macroset/en/clips/contracts/common_voice_en_21021141.opus,contracts
./data/macroset/en/clips/contracts/common_voice_en_20245097.opus,contracts
./data/macroset/en/clips/contracts/common_voice_en_19641095.opus,contracts
./data/macroset/en/clips/contracts/common_voice_en_19520004.opus,contracts
./data/macroset/en/clips/contracts/common_voice_en_22294403.opus,contracts
./data/macroset/en/clips/jetting/common_voice_en_622331.opus,jetting
./data/macroset/en/clips/jetting/common_voice_en_514195.opus,jetting
./data/macroset/en/clips/jetting/common_voice_en_86231.opus,jetting
./data/macroset/en/clips/jetting/common_voice_en_482241.opus,jetting
./data/macroset/en/clips/jetting/common_voice_en_59193.opus,jetting
./data/macroset/en/clips/norfolk/common_voice_en_19428474.opus,norfolk
./data/macroset/en/clips/norfolk/common_voice_en_20636791.opus,norfolk
./data/macroset/en/clips/norfolk/common_voice_en_20690358.opus,norfolk
./data/macroset/en/clips/norfolk/common_voice_en_19638605.opus,norfolk
./data/macroset/en/clips/norfolk/common_voice_en_21061074.opus,norfolk
./data/macroset/en/clips/clenched/common_voice_en_17875068.opus,clenched
./data/macroset/en/clips/clenched/common_voice_en_17833610.opus,clenched
./data/macroset/en/clips/clenched/common_voice_en_663611.opus,clenched
./data/macroset/en/clips/clenched/common_voice_en_19130.opus,clenched
./data/macroset/en/clips/clenched/common_voice_en_594684.opus,clenched
./data/macroset/en/clips/villages/common_voice_en_20593113.opus,villages
./data/macroset/en/clips/villages/common_voice_en_19579194.opus,villages
./data/macroset/en/clips/villages/common_voice_en_19422541.opus,villages
./data/macroset/en/clips/villages/common_voice_en_19091286.opus,villages
./data/macroset/en/clips/villages/common_voice_en_21986679.opus,villages
./data/macroset/en/clips/knock/common_voice_en_505084.opus,knock
./data/macroset/en/clips/knock/common_voice_en_18982374.opus,knock
./data/macroset/en/clips/knock/common_voice_en_670712.opus,knock
./data/macroset/en/clips/knock/common_voice_en_657887.opus,knock
./data/macroset/en/clips/knock/common_voice_en_18492014.opus,knock
./data/macroset/en/clips/blood/common_voice_en_219384.opus,blood
./data/macroset/en/clips/blood/common_voice_en_20287592.opus,blood
./data/macroset/en/clips/blood/common_voice_en_620.opus,blood
./data/macroset/en/clips/blood/common_voice_en_18331642.opus,blood
./data/macroset/en/clips/blood/common_voice_en_19651011.opus,blood
./data/macroset/en/clips/grinning/common_voice_en_17269143.opus,grinning
./data/macroset/en/clips/grinning/common_voice_en_25308.opus,grinning
./data/macroset/en/clips/grinning/common_voice_en_316924.opus,grinning
./data/macroset/en/clips/grinning/common_voice_en_17279206.opus,grinning
./data/macroset/en/clips/grinning/common_voice_en_17258858.opus,grinning
./data/macroset/en/clips/instincts/common_voice_en_9230.opus,instincts
./data/macroset/en/clips/instincts/common_voice_en_17287002.opus,instincts
./data/macroset/en/clips/instincts/common_voice_en_17990916.opus,instincts
./data/macroset/en/clips/instincts/common_voice_en_7957228.opus,instincts
./data/macroset/en/clips/instincts/common_voice_en_18010417.opus,instincts
./data/macroset/en/clips/fly/common_voice_en_20726291.opus,fly
./data/macroset/en/clips/fly/common_voice_en_674589.opus,fly
./data/macroset/en/clips/fly/common_voice_en_21319385.opus,fly
./data/macroset/en/clips/fly/common_voice_en_136049.opus,fly
./data/macroset/en/clips/fly/common_voice_en_546339.opus,fly
./data/macroset/en/clips/sex/common_voice_en_20242759.opus,sex
./data/macroset/en/clips/sex/common_voice_en_19868502.opus,sex
./data/macroset/en/clips/sex/common_voice_en_18844539.opus,sex
./data/macroset/en/clips/sex/common_voice_en_21753430.opus,sex
./data/macroset/en/clips/sex/common_voice_en_19840690.opus,sex
./data/macroset/en/clips/received/common_voice_en_19568607.opus,received
./data/macroset/en/clips/received/common_voice_en_20580702.opus,received
./data/macroset/en/clips/received/common_voice_en_20296829.opus,received
./data/macroset/en/clips/received/common_voice_en_22078854.opus,received
./data/macroset/en/clips/received/common_voice_en_19868933.opus,received
./data/macroset/en/clips/curtain/common_voice_en_20974162.opus,curtain
./data/macroset/en/clips/curtain/common_voice_en_463048.opus,curtain
./data/macroset/en/clips/curtain/common_voice_en_18526397.opus,curtain
./data/macroset/en/clips/curtain/common_voice_en_604790.opus,curtain
./data/macroset/en/clips/curtain/common_voice_en_17853219.opus,curtain
./data/macroset/en/clips/manipulate/common_voice_en_666124.opus,manipulate
./data/macroset/en/clips/manipulate/common_voice_en_138516.opus,manipulate
./data/macroset/en/clips/manipulate/common_voice_en_99349.opus,manipulate
./data/macroset/en/clips/manipulate/common_voice_en_19374795.opus,manipulate
./data/macroset/en/clips/manipulate/common_voice_en_670485.opus,manipulate
./data/macroset/en/clips/stunning/common_voice_en_99960.opus,stunning
./data/macroset/en/clips/stunning/common_voice_en_20888310.opus,stunning
./data/macroset/en/clips/stunning/common_voice_en_69138.opus,stunning
./data/macroset/en/clips/stunning/common_voice_en_525305.opus,stunning
./data/macroset/en/clips/stunning/common_voice_en_544893.opus,stunning
./data/macroset/en/clips/withdraw/common_voice_en_569796.opus,withdraw
./data/macroset/en/clips/withdraw/common_voice_en_18339806.opus,withdraw
./data/macroset/en/clips/withdraw/common_voice_en_479464.opus,withdraw
./data/macroset/en/clips/withdraw/common_voice_en_576368.opus,withdraw
./data/macroset/en/clips/withdraw/common_voice_en_17776487.opus,withdraw
./data/macroset/en/clips/counties/common_voice_en_18828587.opus,counties
./data/macroset/en/clips/counties/common_voice_en_21292730.opus,counties
./data/macroset/en/clips/counties/common_voice_en_18732073.opus,counties
./data/macroset/en/clips/counties/common_voice_en_20696106.opus,counties
./data/macroset/en/clips/counties/common_voice_en_20128773.opus,counties
./data/macroset/en/clips/welsh/common_voice_en_18103873.opus,welsh
./data/macroset/en/clips/welsh/common_voice_en_481287.opus,welsh
./data/macroset/en/clips/welsh/common_voice_en_18765833.opus,welsh
./data/macroset/en/clips/welsh/common_voice_en_81440.opus,welsh
./data/macroset/en/clips/welsh/common_voice_en_20043824.opus,welsh
./data/macroset/en/clips/telephone/common_voice_en_20555814.opus,telephone
./data/macroset/en/clips/telephone/common_voice_en_18770845.opus,telephone
./data/macroset/en/clips/telephone/common_voice_en_18962940.opus,telephone
./data/macroset/en/clips/telephone/common_voice_en_18546637.opus,telephone
./data/macroset/en/clips/telephone/common_voice_en_18548490.opus,telephone
./data/macroset/en/clips/swamp/common_voice_en_21504885.opus,swamp
./data/macroset/en/clips/swamp/common_voice_en_20989063.opus,swamp
./data/macroset/en/clips/swamp/common_voice_en_20885574.opus,swamp
./data/macroset/en/clips/swamp/common_voice_en_20968230.opus,swamp
./data/macroset/en/clips/swamp/common_voice_en_21292760.opus,swamp
./data/macroset/en/clips/capable/common_voice_en_18277555.opus,capable
./data/macroset/en/clips/capable/common_voice_en_19311640.opus,capable
./data/macroset/en/clips/capable/common_voice_en_18957145.opus,capable
./data/macroset/en/clips/capable/common_voice_en_22319592.opus,capable
./data/macroset/en/clips/capable/common_voice_en_541402.opus,capable
./data/macroset/en/clips/maze/common_voice_en_18964314.opus,maze
./data/macroset/en/clips/maze/common_voice_en_19617008.opus,maze
./data/macroset/en/clips/maze/common_voice_en_21943104.opus,maze
./data/macroset/en/clips/maze/common_voice_en_22167217.opus,maze
./data/macroset/en/clips/maze/common_voice_en_515011.opus,maze
./data/macroset/en/clips/nickelodeon/common_voice_en_17298193.opus,nickelodeon
./data/macroset/en/clips/nickelodeon/common_voice_en_21335820.opus,nickelodeon
./data/macroset/en/clips/nickelodeon/common_voice_en_17295283.opus,nickelodeon
./data/macroset/en/clips/nickelodeon/common_voice_en_17356908.opus,nickelodeon
./data/macroset/en/clips/nickelodeon/common_voice_en_17833700.opus,nickelodeon
./data/macroset/en/clips/secure/common_voice_en_645962.opus,secure
./data/macroset/en/clips/secure/common_voice_en_21321846.opus,secure
./data/macroset/en/clips/secure/common_voice_en_21332683.opus,secure
./data/macroset/en/clips/secure/common_voice_en_504713.opus,secure
./data/macroset/en/clips/secure/common_voice_en_253718.opus,secure
./data/macroset/en/clips/seabed/common_voice_en_19422811.opus,seabed
./data/macroset/en/clips/seabed/common_voice_en_18055866.opus,seabed
./data/macroset/en/clips/seabed/common_voice_en_17281870.opus,seabed
./data/macroset/en/clips/seabed/common_voice_en_20216119.opus,seabed
./data/macroset/en/clips/seabed/common_voice_en_17985677.opus,seabed
./data/macroset/en/clips/breathed/common_voice_en_181642.opus,breathed
./data/macroset/en/clips/breathed/common_voice_en_15904038.opus,breathed
./data/macroset/en/clips/breathed/common_voice_en_588784.opus,breathed
./data/macroset/en/clips/breathed/common_voice_en_17684378.opus,breathed
./data/macroset/en/clips/breathed/common_voice_en_17843202.opus,breathed
./data/macroset/en/clips/comest/common_voice_en_591283.opus,comest
./data/macroset/en/clips/comest/common_voice_en_17586025.opus,comest
./data/macroset/en/clips/comest/common_voice_en_17909023.opus,comest
./data/macroset/en/clips/comest/common_voice_en_17944562.opus,comest
./data/macroset/en/clips/comest/common_voice_en_17880257.opus,comest
./data/macroset/en/clips/signing/common_voice_en_19131123.opus,signing
./data/macroset/en/clips/signing/common_voice_en_19993974.opus,signing
./data/macroset/en/clips/signing/common_voice_en_19572065.opus,signing
./data/macroset/en/clips/signing/common_voice_en_22254476.opus,signing
./data/macroset/en/clips/signing/common_voice_en_20449358.opus,signing
./data/macroset/en/clips/entities/common_voice_en_19708876.opus,entities
./data/macroset/en/clips/entities/common_voice_en_22000408.opus,entities
./data/macroset/en/clips/entities/common_voice_en_20391387.opus,entities
./data/macroset/en/clips/entities/common_voice_en_21143666.opus,entities
./data/macroset/en/clips/entities/common_voice_en_20746310.opus,entities
./data/macroset/en/clips/imprisonment/common_voice_en_19263368.opus,imprisonment
./data/macroset/en/clips/imprisonment/common_voice_en_20116203.opus,imprisonment
./data/macroset/en/clips/imprisonment/common_voice_en_21138167.opus,imprisonment
./data/macroset/en/clips/imprisonment/common_voice_en_20531991.opus,imprisonment
./data/macroset/en/clips/imprisonment/common_voice_en_19100205.opus,imprisonment
./data/macroset/en/clips/evade/common_voice_en_17268305.opus,evade
./data/macroset/en/clips/evade/common_voice_en_17812820.opus,evade
./data/macroset/en/clips/evade/common_voice_en_3986649.opus,evade
./data/macroset/en/clips/evade/common_voice_en_2838693.opus,evade
./data/macroset/en/clips/evade/common_voice_en_25322.opus,evade
./data/macroset/en/clips/accident/common_voice_en_354425.opus,accident
./data/macroset/en/clips/accident/common_voice_en_18008669.opus,accident
./data/macroset/en/clips/accident/common_voice_en_21386989.opus,accident
./data/macroset/en/clips/accident/common_voice_en_60879.opus,accident
./data/macroset/en/clips/accident/common_voice_en_684428.opus,accident
./data/macroset/en/clips/inferno/common_voice_en_18102317.opus,inferno
./data/macroset/en/clips/inferno/common_voice_en_18062225.opus,inferno
./data/macroset/en/clips/inferno/common_voice_en_367377.opus,inferno
./data/macroset/en/clips/inferno/common_voice_en_19591689.opus,inferno
./data/macroset/en/clips/inferno/common_voice_en_20748135.opus,inferno
./data/macroset/en/clips/homophobia/common_voice_en_203856.opus,homophobia
./data/macroset/en/clips/homophobia/common_voice_en_17435699.opus,homophobia
./data/macroset/en/clips/homophobia/common_voice_en_17881270.opus,homophobia
./data/macroset/en/clips/homophobia/common_voice_en_17258525.opus,homophobia
./data/macroset/en/clips/homophobia/common_voice_en_17941316.opus,homophobia
./data/macroset/en/clips/eldest/common_voice_en_19063928.opus,eldest
./data/macroset/en/clips/eldest/common_voice_en_20938785.opus,eldest
./data/macroset/en/clips/eldest/common_voice_en_18792251.opus,eldest
./data/macroset/en/clips/eldest/common_voice_en_20918263.opus,eldest
./data/macroset/en/clips/eldest/common_voice_en_19981292.opus,eldest
./data/macroset/en/clips/harvest/common_voice_en_22250566.opus,harvest
./data/macroset/en/clips/harvest/common_voice_en_17264324.opus,harvest
./data/macroset/en/clips/harvest/common_voice_en_18114969.opus,harvest
./data/macroset/en/clips/harvest/common_voice_en_22306675.opus,harvest
./data/macroset/en/clips/harvest/common_voice_en_22334410.opus,harvest
./data/macroset/en/clips/guide/common_voice_en_547630.opus,guide
./data/macroset/en/clips/guide/common_voice_en_20914523.opus,guide
./data/macroset/en/clips/guide/common_voice_en_37864.opus,guide
./data/macroset/en/clips/guide/common_voice_en_22315924.opus,guide
./data/macroset/en/clips/guide/common_voice_en_28715.opus,guide
./data/macroset/en/clips/excerpt/common_voice_en_654342.opus,excerpt
./data/macroset/en/clips/excerpt/common_voice_en_214183.opus,excerpt
./data/macroset/en/clips/excerpt/common_voice_en_685263.opus,excerpt
./data/macroset/en/clips/excerpt/common_voice_en_560709.opus,excerpt
./data/macroset/en/clips/excerpt/common_voice_en_499179.opus,excerpt
./data/macroset/en/clips/pier/common_voice_en_519152.opus,pier
./data/macroset/en/clips/pier/common_voice_en_62774.opus,pier
./data/macroset/en/clips/pier/common_voice_en_22471243.opus,pier
./data/macroset/en/clips/pier/common_voice_en_21045897.opus,pier
./data/macroset/en/clips/pier/common_voice_en_20739731.opus,pier
./data/macroset/en/clips/wong/common_voice_en_21854122.opus,wong
./data/macroset/en/clips/wong/common_voice_en_18889778.opus,wong
./data/macroset/en/clips/wong/common_voice_en_19710275.opus,wong
./data/macroset/en/clips/wong/common_voice_en_20102835.opus,wong
./data/macroset/en/clips/wong/common_voice_en_19357176.opus,wong
./data/macroset/en/clips/synonymous/common_voice_en_19942932.opus,synonymous
./data/macroset/en/clips/synonymous/common_voice_en_19655171.opus,synonymous
./data/macroset/en/clips/synonymous/common_voice_en_20176383.opus,synonymous
./data/macroset/en/clips/synonymous/common_voice_en_20160285.opus,synonymous
./data/macroset/en/clips/synonymous/common_voice_en_22176243.opus,synonymous
./data/macroset/en/clips/agricultural/common_voice_en_18760558.opus,agricultural
./data/macroset/en/clips/agricultural/common_voice_en_20189704.opus,agricultural
./data/macroset/en/clips/agricultural/common_voice_en_20079942.opus,agricultural
./data/macroset/en/clips/agricultural/common_voice_en_19838376.opus,agricultural
./data/macroset/en/clips/agricultural/common_voice_en_19310731.opus,agricultural
./data/macroset/en/clips/halls/common_voice_en_20348571.opus,halls
./data/macroset/en/clips/halls/common_voice_en_19347992.opus,halls
./data/macroset/en/clips/halls/common_voice_en_21460649.opus,halls
./data/macroset/en/clips/halls/common_voice_en_20457581.opus,halls
./data/macroset/en/clips/halls/common_voice_en_18745151.opus,halls
./data/macroset/en/clips/kinda/common_voice_en_685957.opus,kinda
./data/macroset/en/clips/kinda/common_voice_en_624844.opus,kinda
./data/macroset/en/clips/kinda/common_voice_en_135627.opus,kinda
./data/macroset/en/clips/kinda/common_voice_en_544560.opus,kinda
./data/macroset/en/clips/kinda/common_voice_en_59751.opus,kinda
./data/macroset/en/clips/dolly/common_voice_en_20975533.opus,dolly
./data/macroset/en/clips/dolly/common_voice_en_20616459.opus,dolly
./data/macroset/en/clips/dolly/common_voice_en_18512185.opus,dolly
./data/macroset/en/clips/dolly/common_voice_en_18760782.opus,dolly
./data/macroset/en/clips/dolly/common_voice_en_22094174.opus,dolly
./data/macroset/en/clips/rotting/common_voice_en_2323015.opus,rotting
./data/macroset/en/clips/rotting/common_voice_en_18074545.opus,rotting
./data/macroset/en/clips/rotting/common_voice_en_415857.opus,rotting
./data/macroset/en/clips/rotting/common_voice_en_17264252.opus,rotting
./data/macroset/en/clips/rotting/common_voice_en_17561873.opus,rotting
./data/macroset/en/clips/ruby/common_voice_en_18993341.opus,ruby
./data/macroset/en/clips/ruby/common_voice_en_21303681.opus,ruby
./data/macroset/en/clips/ruby/common_voice_en_21529875.opus,ruby
./data/macroset/en/clips/ruby/common_voice_en_19583896.opus,ruby
./data/macroset/en/clips/ruby/common_voice_en_21098977.opus,ruby
./data/macroset/en/clips/fission/common_voice_en_19164442.opus,fission
./data/macroset/en/clips/fission/common_voice_en_17386961.opus,fission
./data/macroset/en/clips/fission/common_voice_en_18152540.opus,fission
./data/macroset/en/clips/fission/common_voice_en_20056208.opus,fission
./data/macroset/en/clips/fission/common_voice_en_17966104.opus,fission
./data/macroset/en/clips/suspected/common_voice_en_21606080.opus,suspected
./data/macroset/en/clips/suspected/common_voice_en_20254246.opus,suspected
./data/macroset/en/clips/suspected/common_voice_en_18571295.opus,suspected
./data/macroset/en/clips/suspected/common_voice_en_18656400.opus,suspected
./data/macroset/en/clips/suspected/common_voice_en_20044143.opus,suspected
./data/macroset/en/clips/depends/common_voice_en_19102620.opus,depends
./data/macroset/en/clips/depends/common_voice_en_18009272__2.opus,depends
./data/macroset/en/clips/depends/common_voice_en_21955141.opus,depends
./data/macroset/en/clips/depends/common_voice_en_18138687__2.opus,depends
./data/macroset/en/clips/depends/common_voice_en_20595218.opus,depends
./data/macroset/en/clips/goes/common_voice_en_685211.opus,goes
./data/macroset/en/clips/goes/common_voice_en_673645.opus,goes
./data/macroset/en/clips/goes/common_voice_en_206904.opus,goes
./data/macroset/en/clips/goes/common_voice_en_17285036.opus,goes
./data/macroset/en/clips/goes/common_voice_en_53817.opus,goes
./data/macroset/en/clips/cabinet/common_voice_en_19688147.opus,cabinet
./data/macroset/en/clips/cabinet/common_voice_en_680679.opus,cabinet
./data/macroset/en/clips/cabinet/common_voice_en_21019238.opus,cabinet
./data/macroset/en/clips/cabinet/common_voice_en_20943131.opus,cabinet
./data/macroset/en/clips/cabinet/common_voice_en_18865296.opus,cabinet
./data/macroset/en/clips/socialist/common_voice_en_21888186.opus,socialist
./data/macroset/en/clips/socialist/common_voice_en_18950434.opus,socialist
./data/macroset/en/clips/socialist/common_voice_en_22304454.opus,socialist
./data/macroset/en/clips/socialist/common_voice_en_20184166.opus,socialist
./data/macroset/en/clips/socialist/common_voice_en_19847579.opus,socialist
./data/macroset/en/clips/shah/common_voice_en_19801074.opus,shah
./data/macroset/en/clips/shah/common_voice_en_18782804.opus,shah
./data/macroset/en/clips/shah/common_voice_en_19092557.opus,shah
./data/macroset/en/clips/shah/common_voice_en_19561348__2.opus,shah
./data/macroset/en/clips/shah/common_voice_en_20439268.opus,shah
./data/macroset/en/clips/exhibition/common_voice_en_605336.opus,exhibition
./data/macroset/en/clips/exhibition/common_voice_en_18971631.opus,exhibition
./data/macroset/en/clips/exhibition/common_voice_en_442652.opus,exhibition
./data/macroset/en/clips/exhibition/common_voice_en_19777561.opus,exhibition
./data/macroset/en/clips/exhibition/common_voice_en_20019113.opus,exhibition
./data/macroset/en/clips/bobby/common_voice_en_47589.opus,bobby
./data/macroset/en/clips/bobby/common_voice_en_21309842.opus,bobby
./data/macroset/en/clips/bobby/common_voice_en_688629.opus,bobby
./data/macroset/en/clips/bobby/common_voice_en_20315799.opus,bobby
./data/macroset/en/clips/bobby/common_voice_en_19357941.opus,bobby
./data/macroset/en/clips/nets/common_voice_en_19386995__2.opus,nets
./data/macroset/en/clips/nets/common_voice_en_18883822.opus,nets
./data/macroset/en/clips/nets/common_voice_en_555308.opus,nets
./data/macroset/en/clips/nets/common_voice_en_74923.opus,nets
./data/macroset/en/clips/nets/common_voice_en_21530785.opus,nets
./data/macroset/en/clips/mutually/common_voice_en_21329659.opus,mutually
./data/macroset/en/clips/mutually/common_voice_en_18673622.opus,mutually
./data/macroset/en/clips/mutually/common_voice_en_22467078.opus,mutually
./data/macroset/en/clips/mutually/common_voice_en_19805063.opus,mutually
./data/macroset/en/clips/mutually/common_voice_en_20292504.opus,mutually
./data/macroset/en/clips/cures/common_voice_en_58918.opus,cures
./data/macroset/en/clips/cures/common_voice_en_187632.opus,cures
./data/macroset/en/clips/cures/common_voice_en_519434.opus,cures
./data/macroset/en/clips/cures/common_voice_en_162074.opus,cures
./data/macroset/en/clips/cures/common_voice_en_168090.opus,cures
./data/macroset/en/clips/following/common_voice_en_21108303.opus,following
./data/macroset/en/clips/following/common_voice_en_76644.opus,following
./data/macroset/en/clips/following/common_voice_en_18861680.opus,following
./data/macroset/en/clips/following/common_voice_en_19497371.opus,following
./data/macroset/en/clips/following/common_voice_en_20720018.opus,following
./data/macroset/en/clips/ambulance/common_voice_en_20434048.opus,ambulance
./data/macroset/en/clips/ambulance/common_voice_en_19526510.opus,ambulance
./data/macroset/en/clips/ambulance/common_voice_en_18109104.opus,ambulance
./data/macroset/en/clips/ambulance/common_voice_en_18607200.opus,ambulance
./data/macroset/en/clips/ambulance/common_voice_en_18790650.opus,ambulance
./data/macroset/en/clips/rolled/common_voice_en_20024955.opus,rolled
./data/macroset/en/clips/rolled/common_voice_en_651631.opus,rolled
./data/macroset/en/clips/rolled/common_voice_en_700062.opus,rolled
./data/macroset/en/clips/rolled/common_voice_en_692924.opus,rolled
./data/macroset/en/clips/rolled/common_voice_en_636338.opus,rolled
./data/macroset/en/clips/noxious/common_voice_en_2202724.opus,noxious
./data/macroset/en/clips/noxious/common_voice_en_17825340.opus,noxious
./data/macroset/en/clips/noxious/common_voice_en_18114527.opus,noxious
./data/macroset/en/clips/noxious/common_voice_en_69536.opus,noxious
./data/macroset/en/clips/noxious/common_voice_en_375398.opus,noxious
./data/macroset/en/clips/peppers/common_voice_en_17967854.opus,peppers
./data/macroset/en/clips/peppers/common_voice_en_20506307.opus,peppers
./data/macroset/en/clips/peppers/common_voice_en_19542497.opus,peppers
./data/macroset/en/clips/peppers/common_voice_en_575791.opus,peppers
./data/macroset/en/clips/peppers/common_voice_en_487703.opus,peppers
./data/macroset/en/clips/theft/common_voice_en_19979565.opus,theft
./data/macroset/en/clips/theft/common_voice_en_22386604.opus,theft
./data/macroset/en/clips/theft/common_voice_en_20760840.opus,theft
./data/macroset/en/clips/theft/common_voice_en_20905547.opus,theft
./data/macroset/en/clips/theft/common_voice_en_19763889.opus,theft
./data/macroset/en/clips/george/common_voice_en_20451289.opus,george
./data/macroset/en/clips/george/common_voice_en_18714340.opus,george
./data/macroset/en/clips/george/common_voice_en_21745593.opus,george
./data/macroset/en/clips/george/common_voice_en_20248768.opus,george
./data/macroset/en/clips/george/common_voice_en_18571306.opus,george
./data/macroset/en/clips/james/common_voice_en_21283109.opus,james
./data/macroset/en/clips/james/common_voice_en_20923058.opus,james
./data/macroset/en/clips/james/common_voice_en_20259986.opus,james
./data/macroset/en/clips/james/common_voice_en_19946615.opus,james
./data/macroset/en/clips/james/common_voice_en_502408.opus,james
./data/macroset/en/clips/movies/common_voice_en_21061051.opus,movies
./data/macroset/en/clips/movies/common_voice_en_492477.opus,movies
./data/macroset/en/clips/movies/common_voice_en_511556.opus,movies
./data/macroset/en/clips/movies/common_voice_en_20587311.opus,movies
./data/macroset/en/clips/movies/common_voice_en_520019.opus,movies
./data/macroset/en/clips/during/common_voice_en_562988.opus,during
./data/macroset/en/clips/during/common_voice_en_18818741__2.opus,during
./data/macroset/en/clips/during/common_voice_en_19254296.opus,during
./data/macroset/en/clips/during/common_voice_en_487991.opus,during
./data/macroset/en/clips/during/common_voice_en_582762.opus,during
./data/macroset/en/clips/patronage/common_voice_en_19588137.opus,patronage
./data/macroset/en/clips/patronage/common_voice_en_20629180.opus,patronage
./data/macroset/en/clips/patronage/common_voice_en_18732875.opus,patronage
./data/macroset/en/clips/patronage/common_voice_en_22316903.opus,patronage
./data/macroset/en/clips/patronage/common_voice_en_18811038.opus,patronage
./data/macroset/en/clips/southern/common_voice_en_21280336.opus,southern
./data/macroset/en/clips/southern/common_voice_en_22432471.opus,southern
./data/macroset/en/clips/southern/common_voice_en_20995965.opus,southern
./data/macroset/en/clips/southern/common_voice_en_20049968.opus,southern
./data/macroset/en/clips/southern/common_voice_en_19742433.opus,southern
./data/macroset/en/clips/academic/common_voice_en_20299104.opus,academic
./data/macroset/en/clips/academic/common_voice_en_19451770.opus,academic
./data/macroset/en/clips/academic/common_voice_en_19812145.opus,academic
./data/macroset/en/clips/academic/common_voice_en_18737769.opus,academic
./data/macroset/en/clips/academic/common_voice_en_20939330.opus,academic
./data/macroset/en/clips/evolution/common_voice_en_19612902.opus,evolution
./data/macroset/en/clips/evolution/common_voice_en_19689880.opus,evolution
./data/macroset/en/clips/evolution/common_voice_en_20806287.opus,evolution
./data/macroset/en/clips/evolution/common_voice_en_19201037.opus,evolution
./data/macroset/en/clips/evolution/common_voice_en_20258420.opus,evolution
./data/macroset/en/clips/arabia/common_voice_en_700656.opus,arabia
./data/macroset/en/clips/arabia/common_voice_en_629738.opus,arabia
./data/macroset/en/clips/arabia/common_voice_en_22132760.opus,arabia
./data/macroset/en/clips/arabia/common_voice_en_494854.opus,arabia
./data/macroset/en/clips/arabia/common_voice_en_14070736.opus,arabia
./data/macroset/en/clips/hated/common_voice_en_20252602.opus,hated
./data/macroset/en/clips/hated/common_voice_en_20661387.opus,hated
./data/macroset/en/clips/hated/common_voice_en_20305713.opus,hated
./data/macroset/en/clips/hated/common_voice_en_22236440.opus,hated
./data/macroset/en/clips/hated/common_voice_en_20287214.opus,hated
./data/macroset/en/clips/ethics/common_voice_en_21761723.opus,ethics
./data/macroset/en/clips/ethics/common_voice_en_18642865.opus,ethics
./data/macroset/en/clips/ethics/common_voice_en_18503796.opus,ethics
./data/macroset/en/clips/ethics/common_voice_en_22234167.opus,ethics
./data/macroset/en/clips/ethics/common_voice_en_548167.opus,ethics
./data/macroset/en/clips/dynasty/common_voice_en_22200369.opus,dynasty
./data/macroset/en/clips/dynasty/common_voice_en_22051238.opus,dynasty
./data/macroset/en/clips/dynasty/common_voice_en_21348703.opus,dynasty
./data/macroset/en/clips/dynasty/common_voice_en_21729723.opus,dynasty
./data/macroset/en/clips/dynasty/common_voice_en_19981048__2.opus,dynasty
./data/macroset/en/clips/consequently/common_voice_en_19345390.opus,consequently
./data/macroset/en/clips/consequently/common_voice_en_19080695.opus,consequently
./data/macroset/en/clips/consequently/common_voice_en_21246350.opus,consequently
./data/macroset/en/clips/consequently/common_voice_en_20513552.opus,consequently
./data/macroset/en/clips/consequently/common_voice_en_19769011.opus,consequently
./data/macroset/en/clips/imagination/common_voice_en_22193710.opus,imagination
./data/macroset/en/clips/imagination/common_voice_en_20982664.opus,imagination
./data/macroset/en/clips/imagination/common_voice_en_19870297.opus,imagination
./data/macroset/en/clips/imagination/common_voice_en_20235573.opus,imagination
./data/macroset/en/clips/imagination/common_voice_en_19180947.opus,imagination
./data/macroset/en/clips/genetic/common_voice_en_19749773.opus,genetic
./data/macroset/en/clips/genetic/common_voice_en_22054099.opus,genetic
./data/macroset/en/clips/genetic/common_voice_en_21760430.opus,genetic
./data/macroset/en/clips/genetic/common_voice_en_20235163.opus,genetic
./data/macroset/en/clips/genetic/common_voice_en_20596898.opus,genetic
./data/macroset/en/clips/patterns/common_voice_en_21512774.opus,patterns
./data/macroset/en/clips/patterns/common_voice_en_20236701.opus,patterns
./data/macroset/en/clips/patterns/common_voice_en_22054827.opus,patterns
./data/macroset/en/clips/patterns/common_voice_en_19697883.opus,patterns
./data/macroset/en/clips/patterns/common_voice_en_20241463.opus,patterns
./data/macroset/en/clips/socks/common_voice_en_18168198.opus,socks
./data/macroset/en/clips/socks/common_voice_en_3749207.opus,socks
./data/macroset/en/clips/socks/common_voice_en_18257473.opus,socks
./data/macroset/en/clips/socks/common_voice_en_19399635.opus,socks
./data/macroset/en/clips/socks/common_voice_en_582374.opus,socks
./data/macroset/en/clips/roses/common_voice_en_689947.opus,roses
./data/macroset/en/clips/roses/common_voice_en_17325351.opus,roses
./data/macroset/en/clips/roses/common_voice_en_518042.opus,roses
./data/macroset/en/clips/roses/common_voice_en_621376.opus,roses
./data/macroset/en/clips/roses/common_voice_en_19068016.opus,roses
./data/macroset/en/clips/relocated/common_voice_en_20498802.opus,relocated
./data/macroset/en/clips/relocated/common_voice_en_19774769.opus,relocated
./data/macroset/en/clips/relocated/common_voice_en_20221592.opus,relocated
./data/macroset/en/clips/relocated/common_voice_en_19648506.opus,relocated
./data/macroset/en/clips/relocated/common_voice_en_20893509.opus,relocated
./data/macroset/en/clips/acknowledged/common_voice_en_21995416.opus,acknowledged
./data/macroset/en/clips/acknowledged/common_voice_en_20177365.opus,acknowledged
./data/macroset/en/clips/acknowledged/common_voice_en_18994753.opus,acknowledged
./data/macroset/en/clips/acknowledged/common_voice_en_20791370.opus,acknowledged
./data/macroset/en/clips/acknowledged/common_voice_en_19310831.opus,acknowledged
./data/macroset/en/clips/significantly/common_voice_en_21555643.opus,significantly
./data/macroset/en/clips/significantly/common_voice_en_77461.opus,significantly
./data/macroset/en/clips/significantly/common_voice_en_21335950.opus,significantly
./data/macroset/en/clips/significantly/common_voice_en_21777306.opus,significantly
./data/macroset/en/clips/significantly/common_voice_en_18708422.opus,significantly
./data/macroset/en/clips/mashed/common_voice_en_18417594.opus,mashed
./data/macroset/en/clips/mashed/common_voice_en_20383151.opus,mashed
./data/macroset/en/clips/mashed/common_voice_en_22218108.opus,mashed
./data/macroset/en/clips/mashed/common_voice_en_18462799.opus,mashed
./data/macroset/en/clips/mashed/common_voice_en_667829.opus,mashed
./data/macroset/en/clips/treason/common_voice_en_22045114.opus,treason
./data/macroset/en/clips/treason/common_voice_en_21736445.opus,treason
./data/macroset/en/clips/treason/common_voice_en_18699068.opus,treason
./data/macroset/en/clips/treason/common_voice_en_19091202.opus,treason
./data/macroset/en/clips/treason/common_voice_en_22445715.opus,treason
./data/macroset/en/clips/foundations/common_voice_en_20971186.opus,foundations
./data/macroset/en/clips/foundations/common_voice_en_20735821.opus,foundations
./data/macroset/en/clips/foundations/common_voice_en_20523760.opus,foundations
./data/macroset/en/clips/foundations/common_voice_en_19705712.opus,foundations
./data/macroset/en/clips/foundations/common_voice_en_21333657.opus,foundations
./data/macroset/en/clips/beans/common_voice_en_22103612.opus,beans
./data/macroset/en/clips/beans/common_voice_en_20928694.opus,beans
./data/macroset/en/clips/beans/common_voice_en_20672194.opus,beans
./data/macroset/en/clips/beans/common_voice_en_594514.opus,beans
./data/macroset/en/clips/beans/common_voice_en_20075621.opus,beans
./data/macroset/en/clips/rulers/common_voice_en_19132016.opus,rulers
./data/macroset/en/clips/rulers/common_voice_en_22052651.opus,rulers
./data/macroset/en/clips/rulers/common_voice_en_19827714.opus,rulers
./data/macroset/en/clips/rulers/common_voice_en_21555374.opus,rulers
./data/macroset/en/clips/rulers/common_voice_en_22116398.opus,rulers
./data/macroset/en/clips/overhead/common_voice_en_21097813.opus,overhead
./data/macroset/en/clips/overhead/common_voice_en_22413654.opus,overhead
./data/macroset/en/clips/overhead/common_voice_en_596853.opus,overhead
./data/macroset/en/clips/overhead/common_voice_en_96275.opus,overhead
./data/macroset/en/clips/overhead/common_voice_en_21353373.opus,overhead
./data/macroset/en/clips/terry/common_voice_en_19286738.opus,terry
./data/macroset/en/clips/terry/common_voice_en_19528710.opus,terry
./data/macroset/en/clips/terry/common_voice_en_22029917.opus,terry
./data/macroset/en/clips/terry/common_voice_en_19084441.opus,terry
./data/macroset/en/clips/terry/common_voice_en_19374612.opus,terry
./data/macroset/en/clips/position/common_voice_en_19912047.opus,position
./data/macroset/en/clips/position/common_voice_en_21472040.opus,position
./data/macroset/en/clips/position/common_voice_en_70047.opus,position
./data/macroset/en/clips/position/common_voice_en_20409133.opus,position
./data/macroset/en/clips/position/common_voice_en_20508262.opus,position
./data/macroset/en/clips/turned/common_voice_en_20976378.opus,turned
./data/macroset/en/clips/turned/common_voice_en_18575061.opus,turned
./data/macroset/en/clips/turned/common_voice_en_596984.opus,turned
./data/macroset/en/clips/turned/common_voice_en_668471.opus,turned
./data/macroset/en/clips/turned/common_voice_en_73162.opus,turned
./data/macroset/en/clips/allow/common_voice_en_18516212.opus,allow
./data/macroset/en/clips/allow/common_voice_en_21143966.opus,allow
./data/macroset/en/clips/allow/common_voice_en_19710421.opus,allow
./data/macroset/en/clips/allow/common_voice_en_18834690.opus,allow
./data/macroset/en/clips/allow/common_voice_en_17910482.opus,allow
./data/macroset/en/clips/highland/common_voice_en_21893994.opus,highland
./data/macroset/en/clips/highland/common_voice_en_19595282.opus,highland
./data/macroset/en/clips/highland/common_voice_en_18696893.opus,highland
./data/macroset/en/clips/highland/common_voice_en_19700759.opus,highland
./data/macroset/en/clips/highland/common_voice_en_20160128.opus,highland
./data/macroset/en/clips/explained/common_voice_en_581992.opus,explained
./data/macroset/en/clips/explained/common_voice_en_200365.opus,explained
./data/macroset/en/clips/explained/common_voice_en_18337184.opus,explained
./data/macroset/en/clips/explained/common_voice_en_60293.opus,explained
./data/macroset/en/clips/explained/common_voice_en_570743.opus,explained
./data/macroset/en/clips/homosexual/common_voice_en_19670373.opus,homosexual
./data/macroset/en/clips/homosexual/common_voice_en_20785063.opus,homosexual
./data/macroset/en/clips/homosexual/common_voice_en_20650479.opus,homosexual
./data/macroset/en/clips/homosexual/common_voice_en_21282393.opus,homosexual
./data/macroset/en/clips/homosexual/common_voice_en_665854.opus,homosexual
./data/macroset/en/clips/marriages/common_voice_en_202542.opus,marriages
./data/macroset/en/clips/marriages/common_voice_en_21844645.opus,marriages
./data/macroset/en/clips/marriages/common_voice_en_20425239.opus,marriages
./data/macroset/en/clips/marriages/common_voice_en_160528.opus,marriages
./data/macroset/en/clips/marriages/common_voice_en_632836.opus,marriages
./data/macroset/en/clips/lamps/common_voice_en_18340532.opus,lamps
./data/macroset/en/clips/lamps/common_voice_en_22094522.opus,lamps
./data/macroset/en/clips/lamps/common_voice_en_17847147.opus,lamps
./data/macroset/en/clips/lamps/common_voice_en_17863896.opus,lamps
./data/macroset/en/clips/lamps/common_voice_en_18301311.opus,lamps
./data/macroset/en/clips/terribly/common_voice_en_697110.opus,terribly
./data/macroset/en/clips/terribly/common_voice_en_543921.opus,terribly
./data/macroset/en/clips/terribly/common_voice_en_18315901.opus,terribly
./data/macroset/en/clips/terribly/common_voice_en_18083927.opus,terribly
./data/macroset/en/clips/terribly/common_voice_en_522295.opus,terribly
./data/macroset/en/clips/name/common_voice_en_19836424.opus,name
./data/macroset/en/clips/name/common_voice_en_17411427.opus,name
./data/macroset/en/clips/name/common_voice_en_20220444.opus,name
./data/macroset/en/clips/name/common_voice_en_18703362.opus,name
./data/macroset/en/clips/name/common_voice_en_21309402.opus,name
./data/macroset/en/clips/revenge/common_voice_en_518880.opus,revenge
./data/macroset/en/clips/revenge/common_voice_en_18804488.opus,revenge
./data/macroset/en/clips/revenge/common_voice_en_494100.opus,revenge
./data/macroset/en/clips/revenge/common_voice_en_631188.opus,revenge
./data/macroset/en/clips/revenge/common_voice_en_553398.opus,revenge
./data/macroset/en/clips/vaccines/common_voice_en_472645.opus,vaccines
./data/macroset/en/clips/vaccines/common_voice_en_21019539__2.opus,vaccines
./data/macroset/en/clips/vaccines/common_voice_en_481059.opus,vaccines
./data/macroset/en/clips/vaccines/common_voice_en_21861460.opus,vaccines
./data/macroset/en/clips/vaccines/common_voice_en_19003140.opus,vaccines
./data/macroset/en/clips/adulthood/common_voice_en_21175914.opus,adulthood
./data/macroset/en/clips/adulthood/common_voice_en_20304710.opus,adulthood
./data/macroset/en/clips/adulthood/common_voice_en_21139144.opus,adulthood
./data/macroset/en/clips/adulthood/common_voice_en_22466978.opus,adulthood
./data/macroset/en/clips/adulthood/common_voice_en_21371002.opus,adulthood
./data/macroset/en/clips/hamburger/common_voice_en_652933.opus,hamburger
./data/macroset/en/clips/hamburger/common_voice_en_95327.opus,hamburger
./data/macroset/en/clips/hamburger/common_voice_en_635928.opus,hamburger
./data/macroset/en/clips/hamburger/common_voice_en_162301.opus,hamburger
./data/macroset/en/clips/hamburger/common_voice_en_84324.opus,hamburger
./data/macroset/en/clips/vital/common_voice_en_20404282.opus,vital
./data/macroset/en/clips/vital/common_voice_en_22186144.opus,vital
./data/macroset/en/clips/vital/common_voice_en_18283851.opus,vital
./data/macroset/en/clips/vital/common_voice_en_18302738.opus,vital
./data/macroset/en/clips/vital/common_voice_en_20356113.opus,vital
./data/macroset/en/clips/hispanic/common_voice_en_19723109.opus,hispanic
./data/macroset/en/clips/hispanic/common_voice_en_18731103.opus,hispanic
./data/macroset/en/clips/hispanic/common_voice_en_21656253.opus,hispanic
./data/macroset/en/clips/hispanic/common_voice_en_19497230.opus,hispanic
./data/macroset/en/clips/hispanic/common_voice_en_18274549.opus,hispanic
./data/macroset/en/clips/amazement/common_voice_en_21506324.opus,amazement
./data/macroset/en/clips/amazement/common_voice_en_18558454.opus,amazement
./data/macroset/en/clips/amazement/common_voice_en_18603023.opus,amazement
./data/macroset/en/clips/amazement/common_voice_en_20018396.opus,amazement
./data/macroset/en/clips/amazement/common_voice_en_17371674.opus,amazement
./data/macroset/en/clips/urdu/common_voice_en_20793449__2.opus,urdu
./data/macroset/en/clips/urdu/common_voice_en_19502011.opus,urdu
./data/macroset/en/clips/urdu/common_voice_en_19656968.opus,urdu
./data/macroset/en/clips/urdu/common_voice_en_21375194.opus,urdu
./data/macroset/en/clips/urdu/common_voice_en_19965061.opus,urdu
./data/macroset/en/clips/feed/common_voice_en_17842026.opus,feed
./data/macroset/en/clips/feed/common_voice_en_21719964.opus,feed
./data/macroset/en/clips/feed/common_voice_en_21139162.opus,feed
./data/macroset/en/clips/feed/common_voice_en_646569.opus,feed
./data/macroset/en/clips/feed/common_voice_en_21841909.opus,feed
./data/macroset/en/clips/bucks/common_voice_en_695677.opus,bucks
./data/macroset/en/clips/bucks/common_voice_en_547855.opus,bucks
./data/macroset/en/clips/bucks/common_voice_en_77391.opus,bucks
./data/macroset/en/clips/bucks/common_voice_en_523166.opus,bucks
./data/macroset/en/clips/bucks/common_voice_en_513220.opus,bucks
./data/macroset/en/clips/loaf/common_voice_en_18020055.opus,loaf
./data/macroset/en/clips/loaf/common_voice_en_18708784.opus,loaf
./data/macroset/en/clips/loaf/common_voice_en_18476588.opus,loaf
./data/macroset/en/clips/loaf/common_voice_en_17879900.opus,loaf
./data/macroset/en/clips/loaf/common_voice_en_18198169.opus,loaf
./data/macroset/en/clips/folks/common_voice_en_213866.opus,folks
./data/macroset/en/clips/folks/common_voice_en_628859.opus,folks
./data/macroset/en/clips/folks/common_voice_en_605286.opus,folks
./data/macroset/en/clips/folks/common_voice_en_533268.opus,folks
./data/macroset/en/clips/folks/common_voice_en_20837106.opus,folks
./data/macroset/en/clips/pickled/common_voice_en_20946559.opus,pickled
./data/macroset/en/clips/pickled/common_voice_en_20735415.opus,pickled
./data/macroset/en/clips/pickled/common_voice_en_17461275.opus,pickled
./data/macroset/en/clips/pickled/common_voice_en_17746290.opus,pickled
./data/macroset/en/clips/pickled/common_voice_en_17348020.opus,pickled
./data/macroset/en/clips/plant/common_voice_en_19981355.opus,plant
./data/macroset/en/clips/plant/common_voice_en_19972718__2.opus,plant
./data/macroset/en/clips/plant/common_voice_en_20960279.opus,plant
./data/macroset/en/clips/plant/common_voice_en_19639274.opus,plant
./data/macroset/en/clips/plant/common_voice_en_20473749.opus,plant
./data/macroset/en/clips/turtles/common_voice_en_20322045.opus,turtles
./data/macroset/en/clips/turtles/common_voice_en_19052782.opus,turtles
./data/macroset/en/clips/turtles/common_voice_en_21276845.opus,turtles
./data/macroset/en/clips/turtles/common_voice_en_18713715.opus,turtles
./data/macroset/en/clips/turtles/common_voice_en_19277286.opus,turtles
./data/macroset/en/clips/charm/common_voice_en_17990284.opus,charm
./data/macroset/en/clips/charm/common_voice_en_365350.opus,charm
./data/macroset/en/clips/charm/common_voice_en_18111958.opus,charm
./data/macroset/en/clips/charm/common_voice_en_499942.opus,charm
./data/macroset/en/clips/charm/common_voice_en_615944.opus,charm
./data/macroset/en/clips/working/common_voice_en_525527.opus,working
./data/macroset/en/clips/working/common_voice_en_20578580.opus,working
./data/macroset/en/clips/working/common_voice_en_626180.opus,working
./data/macroset/en/clips/working/common_voice_en_20962358.opus,working
./data/macroset/en/clips/working/common_voice_en_20411071.opus,working
./data/macroset/en/clips/improve/common_voice_en_22404692.opus,improve
./data/macroset/en/clips/improve/common_voice_en_565664.opus,improve
./data/macroset/en/clips/improve/common_voice_en_99119.opus,improve
./data/macroset/en/clips/improve/common_voice_en_20199.opus,improve
./data/macroset/en/clips/improve/common_voice_en_19387266.opus,improve
./data/macroset/en/clips/grandchildren/common_voice_en_22037694.opus,grandchildren
./data/macroset/en/clips/grandchildren/common_voice_en_22130690.opus,grandchildren
./data/macroset/en/clips/grandchildren/common_voice_en_19158396.opus,grandchildren
./data/macroset/en/clips/grandchildren/common_voice_en_20276085.opus,grandchildren
./data/macroset/en/clips/grandchildren/common_voice_en_22350455.opus,grandchildren
./data/macroset/en/clips/guild/common_voice_en_22428150.opus,guild
./data/macroset/en/clips/guild/common_voice_en_19669550.opus,guild
./data/macroset/en/clips/guild/common_voice_en_22435845.opus,guild
./data/macroset/en/clips/guild/common_voice_en_19838398.opus,guild
./data/macroset/en/clips/guild/common_voice_en_21268302.opus,guild
./data/macroset/en/clips/thinks/common_voice_en_22351574.opus,thinks
./data/macroset/en/clips/thinks/common_voice_en_263810.opus,thinks
./data/macroset/en/clips/thinks/common_voice_en_18052105.opus,thinks
./data/macroset/en/clips/thinks/common_voice_en_555739.opus,thinks
./data/macroset/en/clips/thinks/common_voice_en_20160455.opus,thinks
./data/macroset/en/clips/judged/common_voice_en_20746243.opus,judged
./data/macroset/en/clips/judged/common_voice_en_19827760.opus,judged
./data/macroset/en/clips/judged/common_voice_en_20306113.opus,judged
./data/macroset/en/clips/judged/common_voice_en_19974151.opus,judged
./data/macroset/en/clips/judged/common_voice_en_19305166.opus,judged
./data/macroset/en/clips/gas/common_voice_en_21252591.opus,gas
./data/macroset/en/clips/gas/common_voice_en_18703645.opus,gas
./data/macroset/en/clips/gas/common_voice_en_22275410.opus,gas
./data/macroset/en/clips/gas/common_voice_en_529672.opus,gas
./data/macroset/en/clips/gas/common_voice_en_480263.opus,gas
./data/macroset/en/clips/broadway/common_voice_en_19507698.opus,broadway
./data/macroset/en/clips/broadway/common_voice_en_21343757.opus,broadway
./data/macroset/en/clips/broadway/common_voice_en_20918382.opus,broadway
./data/macroset/en/clips/broadway/common_voice_en_20840834.opus,broadway
./data/macroset/en/clips/broadway/common_voice_en_21206753.opus,broadway
./data/macroset/en/clips/walkway/common_voice_en_90698.opus,walkway
./data/macroset/en/clips/walkway/common_voice_en_19596019.opus,walkway
./data/macroset/en/clips/walkway/common_voice_en_491802.opus,walkway
./data/macroset/en/clips/walkway/common_voice_en_218162.opus,walkway
./data/macroset/en/clips/walkway/common_voice_en_595061.opus,walkway
./data/macroset/en/clips/outfit/common_voice_en_658960.opus,outfit
./data/macroset/en/clips/outfit/common_voice_en_57276.opus,outfit
./data/macroset/en/clips/outfit/common_voice_en_19687586.opus,outfit
./data/macroset/en/clips/outfit/common_voice_en_20661109.opus,outfit
./data/macroset/en/clips/outfit/common_voice_en_646259.opus,outfit
./data/macroset/en/clips/greenwich/common_voice_en_20853399.opus,greenwich
./data/macroset/en/clips/greenwich/common_voice_en_22324365.opus,greenwich
./data/macroset/en/clips/greenwich/common_voice_en_18804132.opus,greenwich
./data/macroset/en/clips/greenwich/common_voice_en_19735478.opus,greenwich
./data/macroset/en/clips/greenwich/common_voice_en_20961818__2.opus,greenwich
./data/macroset/en/clips/epilepsy/common_voice_en_477021.opus,epilepsy
./data/macroset/en/clips/epilepsy/common_voice_en_2002.opus,epilepsy
./data/macroset/en/clips/epilepsy/common_voice_en_87016.opus,epilepsy
./data/macroset/en/clips/epilepsy/common_voice_en_19985432.opus,epilepsy
./data/macroset/en/clips/epilepsy/common_voice_en_20860086.opus,epilepsy
./data/macroset/en/clips/applied/common_voice_en_163580.opus,applied
./data/macroset/en/clips/applied/common_voice_en_21375923.opus,applied
./data/macroset/en/clips/applied/common_voice_en_662452.opus,applied
./data/macroset/en/clips/applied/common_voice_en_29420.opus,applied
./data/macroset/en/clips/applied/common_voice_en_377976.opus,applied
./data/macroset/en/clips/consciousness/common_voice_en_19767103.opus,consciousness
./data/macroset/en/clips/consciousness/common_voice_en_22305824.opus,consciousness
./data/macroset/en/clips/consciousness/common_voice_en_19720361.opus,consciousness
./data/macroset/en/clips/consciousness/common_voice_en_21004277.opus,consciousness
./data/macroset/en/clips/consciousness/common_voice_en_19786084.opus,consciousness
./data/macroset/en/clips/demonstration/common_voice_en_19908313.opus,demonstration
./data/macroset/en/clips/demonstration/common_voice_en_19843857.opus,demonstration
./data/macroset/en/clips/demonstration/common_voice_en_208083.opus,demonstration
./data/macroset/en/clips/demonstration/common_voice_en_20141988.opus,demonstration
./data/macroset/en/clips/demonstration/common_voice_en_22456573.opus,demonstration
./data/macroset/en/clips/spontaneous/common_voice_en_201061.opus,spontaneous
./data/macroset/en/clips/spontaneous/common_voice_en_19969843.opus,spontaneous
./data/macroset/en/clips/spontaneous/common_voice_en_177760.opus,spontaneous
./data/macroset/en/clips/spontaneous/common_voice_en_673132.opus,spontaneous
./data/macroset/en/clips/spontaneous/common_voice_en_566206.opus,spontaneous
./data/macroset/en/clips/truth/common_voice_en_19762314.opus,truth
./data/macroset/en/clips/truth/common_voice_en_18549510.opus,truth
./data/macroset/en/clips/truth/common_voice_en_22309891.opus,truth
./data/macroset/en/clips/truth/common_voice_en_618787.opus,truth
./data/macroset/en/clips/truth/common_voice_en_21712990.opus,truth
./data/macroset/en/clips/pail/common_voice_en_17843279.opus,pail
./data/macroset/en/clips/pail/common_voice_en_240295.opus,pail
./data/macroset/en/clips/pail/common_voice_en_17987322.opus,pail
./data/macroset/en/clips/pail/common_voice_en_18111652.opus,pail
./data/macroset/en/clips/pail/common_voice_en_317055.opus,pail
./data/macroset/en/clips/silk/common_voice_en_18191332.opus,silk
./data/macroset/en/clips/silk/common_voice_en_18123305.opus,silk
./data/macroset/en/clips/silk/common_voice_en_444765.opus,silk
./data/macroset/en/clips/silk/common_voice_en_18063630.opus,silk
./data/macroset/en/clips/silk/common_voice_en_21908136.opus,silk
./data/macroset/en/clips/growing/common_voice_en_20777154.opus,growing
./data/macroset/en/clips/growing/common_voice_en_18315241.opus,growing
./data/macroset/en/clips/growing/common_voice_en_20752949.opus,growing
./data/macroset/en/clips/growing/common_voice_en_18996262.opus,growing
./data/macroset/en/clips/growing/common_voice_en_18564511.opus,growing
./data/macroset/en/clips/fear/common_voice_en_603520.opus,fear
./data/macroset/en/clips/fear/common_voice_en_495335.opus,fear
./data/macroset/en/clips/fear/common_voice_en_17280857.opus,fear
./data/macroset/en/clips/fear/common_voice_en_541282.opus,fear
./data/macroset/en/clips/fear/common_voice_en_531663.opus,fear
./data/macroset/en/clips/stormed/common_voice_en_18141665.opus,stormed
./data/macroset/en/clips/stormed/common_voice_en_18168357.opus,stormed
./data/macroset/en/clips/stormed/common_voice_en_17471711.opus,stormed
./data/macroset/en/clips/stormed/common_voice_en_17393982.opus,stormed
./data/macroset/en/clips/stormed/common_voice_en_18166141.opus,stormed
./data/macroset/en/clips/citizenship/common_voice_en_20176766.opus,citizenship
./data/macroset/en/clips/citizenship/common_voice_en_20989588.opus,citizenship
./data/macroset/en/clips/citizenship/common_voice_en_20061948.opus,citizenship
./data/macroset/en/clips/citizenship/common_voice_en_22271011__2.opus,citizenship
./data/macroset/en/clips/citizenship/common_voice_en_21254652__2.opus,citizenship
./data/macroset/en/clips/consequence/common_voice_en_290331.opus,consequence
./data/macroset/en/clips/consequence/common_voice_en_633887.opus,consequence
./data/macroset/en/clips/consequence/common_voice_en_20080942.opus,consequence
./data/macroset/en/clips/consequence/common_voice_en_22288754.opus,consequence
./data/macroset/en/clips/consequence/common_voice_en_688490.opus,consequence
./data/macroset/en/clips/integer/common_voice_en_20178565.opus,integer
./data/macroset/en/clips/integer/common_voice_en_19541398.opus,integer
./data/macroset/en/clips/integer/common_voice_en_19601949.opus,integer
./data/macroset/en/clips/integer/common_voice_en_20091696.opus,integer
./data/macroset/en/clips/integer/common_voice_en_20457697.opus,integer
./data/macroset/en/clips/excellence/common_voice_en_20922139.opus,excellence
./data/macroset/en/clips/excellence/common_voice_en_21358712.opus,excellence
./data/macroset/en/clips/excellence/common_voice_en_19719839.opus,excellence
./data/macroset/en/clips/excellence/common_voice_en_18858499.opus,excellence
./data/macroset/en/clips/excellence/common_voice_en_19733899.opus,excellence
./data/macroset/en/clips/unsuccessful/common_voice_en_509940.opus,unsuccessful
./data/macroset/en/clips/unsuccessful/common_voice_en_19688817.opus,unsuccessful
./data/macroset/en/clips/unsuccessful/common_voice_en_549441.opus,unsuccessful
./data/macroset/en/clips/unsuccessful/common_voice_en_619644.opus,unsuccessful
./data/macroset/en/clips/unsuccessful/common_voice_en_482515.opus,unsuccessful
./data/macroset/en/clips/accusations/common_voice_en_534176.opus,accusations
./data/macroset/en/clips/accusations/common_voice_en_166714.opus,accusations
./data/macroset/en/clips/accusations/common_voice_en_94546.opus,accusations
./data/macroset/en/clips/accusations/common_voice_en_652197.opus,accusations
./data/macroset/en/clips/accusations/common_voice_en_21363918.opus,accusations
./data/macroset/en/clips/yards/common_voice_en_19581306.opus,yards
./data/macroset/en/clips/yards/common_voice_en_633693.opus,yards
./data/macroset/en/clips/yards/common_voice_en_97600.opus,yards
./data/macroset/en/clips/yards/common_voice_en_581721.opus,yards
./data/macroset/en/clips/yards/common_voice_en_162893.opus,yards
./data/macroset/en/clips/satisfy/common_voice_en_675729.opus,satisfy
./data/macroset/en/clips/satisfy/common_voice_en_18507441.opus,satisfy
./data/macroset/en/clips/satisfy/common_voice_en_81688.opus,satisfy
./data/macroset/en/clips/satisfy/common_voice_en_36765.opus,satisfy
./data/macroset/en/clips/satisfy/common_voice_en_31152.opus,satisfy
./data/macroset/en/clips/decides/common_voice_en_20310764.opus,decides
./data/macroset/en/clips/decides/common_voice_en_19613171.opus,decides
./data/macroset/en/clips/decides/common_voice_en_20059682.opus,decides
./data/macroset/en/clips/decides/common_voice_en_20896306.opus,decides
./data/macroset/en/clips/decides/common_voice_en_20017086.opus,decides
./data/macroset/en/clips/steering/common_voice_en_20049501.opus,steering
./data/macroset/en/clips/steering/common_voice_en_20981480.opus,steering
./data/macroset/en/clips/steering/common_voice_en_21673025__2.opus,steering
./data/macroset/en/clips/steering/common_voice_en_19649324.opus,steering
./data/macroset/en/clips/steering/common_voice_en_20878009.opus,steering
./data/macroset/en/clips/subjects/common_voice_en_20961924.opus,subjects
./data/macroset/en/clips/subjects/common_voice_en_20280126.opus,subjects
./data/macroset/en/clips/subjects/common_voice_en_18931919.opus,subjects
./data/macroset/en/clips/subjects/common_voice_en_20523748.opus,subjects
./data/macroset/en/clips/subjects/common_voice_en_20035950.opus,subjects
./data/macroset/en/clips/flowing/common_voice_en_20346802.opus,flowing
./data/macroset/en/clips/flowing/common_voice_en_20858357.opus,flowing
./data/macroset/en/clips/flowing/common_voice_en_20900062.opus,flowing
./data/macroset/en/clips/flowing/common_voice_en_21244489.opus,flowing
./data/macroset/en/clips/flowing/common_voice_en_21144918.opus,flowing
./data/macroset/en/clips/mark/common_voice_en_20781295.opus,mark
./data/macroset/en/clips/mark/common_voice_en_311872.opus,mark
./data/macroset/en/clips/mark/common_voice_en_22407731.opus,mark
./data/macroset/en/clips/mark/common_voice_en_18233115.opus,mark
./data/macroset/en/clips/mark/common_voice_en_17816572.opus,mark
./data/macroset/en/clips/gardeners/common_voice_en_17842131.opus,gardeners
./data/macroset/en/clips/gardeners/common_voice_en_18135422.opus,gardeners
./data/macroset/en/clips/gardeners/common_voice_en_19623717.opus,gardeners
./data/macroset/en/clips/gardeners/common_voice_en_20293213.opus,gardeners
./data/macroset/en/clips/gardeners/common_voice_en_17358177.opus,gardeners
./data/macroset/en/clips/sequence/common_voice_en_22421623.opus,sequence
./data/macroset/en/clips/sequence/common_voice_en_19009557__2.opus,sequence
./data/macroset/en/clips/sequence/common_voice_en_20236541.opus,sequence
./data/macroset/en/clips/sequence/common_voice_en_19866998.opus,sequence
./data/macroset/en/clips/sequence/common_voice_en_20299695.opus,sequence
./data/macroset/en/clips/spot/common_voice_en_21303629.opus,spot
./data/macroset/en/clips/spot/common_voice_en_214149.opus,spot
./data/macroset/en/clips/spot/common_voice_en_22066335.opus,spot
./data/macroset/en/clips/spot/common_voice_en_20755919.opus,spot
./data/macroset/en/clips/spot/common_voice_en_562385.opus,spot
./data/macroset/en/clips/prayer/common_voice_en_593729.opus,prayer
./data/macroset/en/clips/prayer/common_voice_en_20219480__2.opus,prayer
./data/macroset/en/clips/prayer/common_voice_en_619865.opus,prayer
./data/macroset/en/clips/prayer/common_voice_en_685157.opus,prayer
./data/macroset/en/clips/prayer/common_voice_en_19269084.opus,prayer
./data/macroset/en/clips/fibers/common_voice_en_19722139.opus,fibers
./data/macroset/en/clips/fibers/common_voice_en_20264646__2.opus,fibers
./data/macroset/en/clips/fibers/common_voice_en_19698885.opus,fibers
./data/macroset/en/clips/fibers/common_voice_en_21665306.opus,fibers
./data/macroset/en/clips/fibers/common_voice_en_21721589.opus,fibers
./data/macroset/en/clips/graves/common_voice_en_21587825.opus,graves
./data/macroset/en/clips/graves/common_voice_en_19350219.opus,graves
./data/macroset/en/clips/graves/common_voice_en_20299618.opus,graves
./data/macroset/en/clips/graves/common_voice_en_22113476.opus,graves
./data/macroset/en/clips/graves/common_voice_en_20048860.opus,graves
./data/macroset/en/clips/putting/common_voice_en_18495366.opus,putting
./data/macroset/en/clips/putting/common_voice_en_18454796.opus,putting
./data/macroset/en/clips/putting/common_voice_en_19291061.opus,putting
./data/macroset/en/clips/putting/common_voice_en_572681.opus,putting
./data/macroset/en/clips/putting/common_voice_en_19698301.opus,putting
./data/macroset/en/clips/command/common_voice_en_18034021.opus,command
./data/macroset/en/clips/command/common_voice_en_546702.opus,command
./data/macroset/en/clips/command/common_voice_en_47270.opus,command
./data/macroset/en/clips/command/common_voice_en_477059.opus,command
./data/macroset/en/clips/command/common_voice_en_579127.opus,command
./data/macroset/en/clips/ronnie/common_voice_en_159798.opus,ronnie
./data/macroset/en/clips/ronnie/common_voice_en_213309.opus,ronnie
./data/macroset/en/clips/ronnie/common_voice_en_24870.opus,ronnie
./data/macroset/en/clips/ronnie/common_voice_en_19981299.opus,ronnie
./data/macroset/en/clips/ronnie/common_voice_en_22177766.opus,ronnie
./data/macroset/en/clips/england/common_voice_en_22182810.opus,england
./data/macroset/en/clips/england/common_voice_en_20159512.opus,england
./data/macroset/en/clips/england/common_voice_en_19954347.opus,england
./data/macroset/en/clips/england/common_voice_en_21277238.opus,england
./data/macroset/en/clips/england/common_voice_en_19720469.opus,england
./data/macroset/en/clips/chests/common_voice_en_17636815.opus,chests
./data/macroset/en/clips/chests/common_voice_en_17272135.opus,chests
./data/macroset/en/clips/chests/common_voice_en_17301315.opus,chests
./data/macroset/en/clips/chests/common_voice_en_17456054.opus,chests
./data/macroset/en/clips/chests/common_voice_en_17869271.opus,chests
./data/macroset/en/clips/crescent/common_voice_en_20304280.opus,crescent
./data/macroset/en/clips/crescent/common_voice_en_21772022.opus,crescent
./data/macroset/en/clips/crescent/common_voice_en_20843546.opus,crescent
./data/macroset/en/clips/crescent/common_voice_en_19410468.opus,crescent
./data/macroset/en/clips/crescent/common_voice_en_20934564.opus,crescent
./data/macroset/en/clips/representation/common_voice_en_21760672.opus,representation
./data/macroset/en/clips/representation/common_voice_en_22320635.opus,representation
./data/macroset/en/clips/representation/common_voice_en_483285.opus,representation
./data/macroset/en/clips/representation/common_voice_en_18865202.opus,representation
./data/macroset/en/clips/representation/common_voice_en_19621226.opus,representation
./data/macroset/en/clips/clone/common_voice_en_18000750.opus,clone
./data/macroset/en/clips/clone/common_voice_en_21324717.opus,clone
./data/macroset/en/clips/clone/common_voice_en_21186403.opus,clone
./data/macroset/en/clips/clone/common_voice_en_22248384.opus,clone
./data/macroset/en/clips/clone/common_voice_en_18144861.opus,clone
./data/macroset/en/clips/angry/common_voice_en_17287955.opus,angry
./data/macroset/en/clips/angry/common_voice_en_632745.opus,angry
./data/macroset/en/clips/angry/common_voice_en_18417593.opus,angry
./data/macroset/en/clips/angry/common_voice_en_20770496.opus,angry
./data/macroset/en/clips/angry/common_voice_en_18158701.opus,angry
./data/macroset/en/clips/connections/common_voice_en_22400008.opus,connections
./data/macroset/en/clips/connections/common_voice_en_522147.opus,connections
./data/macroset/en/clips/connections/common_voice_en_579873.opus,connections
./data/macroset/en/clips/connections/common_voice_en_19995463.opus,connections
./data/macroset/en/clips/connections/common_voice_en_21750964.opus,connections
./data/macroset/en/clips/bible/common_voice_en_21347452.opus,bible
./data/macroset/en/clips/bible/common_voice_en_1604.opus,bible
./data/macroset/en/clips/bible/common_voice_en_559290.opus,bible
./data/macroset/en/clips/bible/common_voice_en_20727800.opus,bible
./data/macroset/en/clips/bible/common_voice_en_20788400.opus,bible
./data/macroset/en/clips/frog/common_voice_en_326306.opus,frog
./data/macroset/en/clips/frog/common_voice_en_678901.opus,frog
./data/macroset/en/clips/frog/common_voice_en_18279523.opus,frog
./data/macroset/en/clips/frog/common_voice_en_20936007.opus,frog
./data/macroset/en/clips/frog/common_voice_en_94441.opus,frog
./data/macroset/en/clips/communist/common_voice_en_19955389.opus,communist
./data/macroset/en/clips/communist/common_voice_en_22469673.opus,communist
./data/macroset/en/clips/communist/common_voice_en_19195759.opus,communist
./data/macroset/en/clips/communist/common_voice_en_20027014.opus,communist
./data/macroset/en/clips/communist/common_voice_en_19814680.opus,communist
./data/macroset/en/clips/riots/common_voice_en_20526395.opus,riots
./data/macroset/en/clips/riots/common_voice_en_21862095.opus,riots
./data/macroset/en/clips/riots/common_voice_en_20920838.opus,riots
./data/macroset/en/clips/riots/common_voice_en_20328524.opus,riots
./data/macroset/en/clips/riots/common_voice_en_19861392.opus,riots
./data/macroset/en/clips/increased/common_voice_en_19557411.opus,increased
./data/macroset/en/clips/increased/common_voice_en_540774.opus,increased
./data/macroset/en/clips/increased/common_voice_en_21828643.opus,increased
./data/macroset/en/clips/increased/common_voice_en_19636034.opus,increased
./data/macroset/en/clips/increased/common_voice_en_22044864.opus,increased
./data/macroset/en/clips/made/common_voice_en_59423.opus,made
./data/macroset/en/clips/made/common_voice_en_20553639.opus,made
./data/macroset/en/clips/made/common_voice_en_19377001.opus,made
./data/macroset/en/clips/made/common_voice_en_18645584.opus,made
./data/macroset/en/clips/made/common_voice_en_19061360.opus,made
./data/macroset/en/clips/steroids/common_voice_en_17802959.opus,steroids
./data/macroset/en/clips/steroids/common_voice_en_22238637.opus,steroids
./data/macroset/en/clips/steroids/common_voice_en_18061754.opus,steroids
./data/macroset/en/clips/steroids/common_voice_en_572083.opus,steroids
./data/macroset/en/clips/steroids/common_voice_en_17562242.opus,steroids
./data/macroset/en/clips/fought/common_voice_en_19918159.opus,fought
./data/macroset/en/clips/fought/common_voice_en_82671.opus,fought
./data/macroset/en/clips/fought/common_voice_en_20689826.opus,fought
./data/macroset/en/clips/fought/common_voice_en_698516.opus,fought
./data/macroset/en/clips/fought/common_voice_en_19061378.opus,fought
./data/macroset/en/clips/skylight/common_voice_en_18526728.opus,skylight
./data/macroset/en/clips/skylight/common_voice_en_182827.opus,skylight
./data/macroset/en/clips/skylight/common_voice_en_2016.opus,skylight
./data/macroset/en/clips/skylight/common_voice_en_190968.opus,skylight
./data/macroset/en/clips/skylight/common_voice_en_669847.opus,skylight
./data/macroset/en/clips/acquisition/common_voice_en_18822380.opus,acquisition
./data/macroset/en/clips/acquisition/common_voice_en_21851959.opus,acquisition
./data/macroset/en/clips/acquisition/common_voice_en_19960587.opus,acquisition
./data/macroset/en/clips/acquisition/common_voice_en_676563.opus,acquisition
./data/macroset/en/clips/acquisition/common_voice_en_22022379.opus,acquisition
./data/macroset/en/clips/absorption/common_voice_en_18123330.opus,absorption
./data/macroset/en/clips/absorption/common_voice_en_20451854.opus,absorption
./data/macroset/en/clips/absorption/common_voice_en_17450604.opus,absorption
./data/macroset/en/clips/absorption/common_voice_en_17730142.opus,absorption
./data/macroset/en/clips/absorption/common_voice_en_19323026.opus,absorption
./data/macroset/en/clips/pierre/common_voice_en_18348139.opus,pierre
./data/macroset/en/clips/pierre/common_voice_en_19025874.opus,pierre
./data/macroset/en/clips/pierre/common_voice_en_3218.opus,pierre
./data/macroset/en/clips/pierre/common_voice_en_207316.opus,pierre
./data/macroset/en/clips/pierre/common_voice_en_19627577.opus,pierre
./data/macroset/en/clips/jason/common_voice_en_22311984.opus,jason
./data/macroset/en/clips/jason/common_voice_en_17412096.opus,jason
./data/macroset/en/clips/jason/common_voice_en_566573.opus,jason
./data/macroset/en/clips/jason/common_voice_en_20791658.opus,jason
./data/macroset/en/clips/jason/common_voice_en_17359516.opus,jason
./data/macroset/en/clips/idol/common_voice_en_21921123.opus,idol
./data/macroset/en/clips/idol/common_voice_en_18434058.opus,idol
./data/macroset/en/clips/idol/common_voice_en_19504565.opus,idol
./data/macroset/en/clips/idol/common_voice_en_21683437.opus,idol
./data/macroset/en/clips/idol/common_voice_en_17264177.opus,idol
./data/macroset/en/clips/meteorites/common_voice_en_546794.opus,meteorites
./data/macroset/en/clips/meteorites/common_voice_en_478461.opus,meteorites
./data/macroset/en/clips/meteorites/common_voice_en_570952.opus,meteorites
./data/macroset/en/clips/meteorites/common_voice_en_604187.opus,meteorites
./data/macroset/en/clips/meteorites/common_voice_en_545823.opus,meteorites
./data/macroset/en/clips/exactly/common_voice_en_17246408.opus,exactly
./data/macroset/en/clips/exactly/common_voice_en_17354845.opus,exactly
./data/macroset/en/clips/exactly/common_voice_en_18859051.opus,exactly
./data/macroset/en/clips/exactly/common_voice_en_61036.opus,exactly
./data/macroset/en/clips/exactly/common_voice_en_18352436.opus,exactly
./data/macroset/en/clips/accounts/common_voice_en_18865735.opus,accounts
./data/macroset/en/clips/accounts/common_voice_en_20987983.opus,accounts
./data/macroset/en/clips/accounts/common_voice_en_19750464.opus,accounts
./data/macroset/en/clips/accounts/common_voice_en_22146494.opus,accounts
./data/macroset/en/clips/accounts/common_voice_en_21464573.opus,accounts
./data/macroset/en/clips/racket/common_voice_en_616166.opus,racket
./data/macroset/en/clips/racket/common_voice_en_17863420.opus,racket
./data/macroset/en/clips/racket/common_voice_en_631445.opus,racket
./data/macroset/en/clips/racket/common_voice_en_71551.opus,racket
./data/macroset/en/clips/racket/common_voice_en_17816351.opus,racket
./data/macroset/en/clips/couple/common_voice_en_22183401.opus,couple
./data/macroset/en/clips/couple/common_voice_en_545403.opus,couple
./data/macroset/en/clips/couple/common_voice_en_20441541.opus,couple
./data/macroset/en/clips/couple/common_voice_en_21512361.opus,couple
./data/macroset/en/clips/couple/common_voice_en_21686724.opus,couple
./data/macroset/en/clips/compact/common_voice_en_20433310.opus,compact
./data/macroset/en/clips/compact/common_voice_en_21368159.opus,compact
./data/macroset/en/clips/compact/common_voice_en_19621226.opus,compact
./data/macroset/en/clips/compact/common_voice_en_18752106.opus,compact
./data/macroset/en/clips/compact/common_voice_en_21905810.opus,compact
./data/macroset/en/clips/concerns/common_voice_en_17398419.opus,concerns
./data/macroset/en/clips/concerns/common_voice_en_19688383.opus,concerns
./data/macroset/en/clips/concerns/common_voice_en_19645245.opus,concerns
./data/macroset/en/clips/concerns/common_voice_en_18007909.opus,concerns
./data/macroset/en/clips/concerns/common_voice_en_21636419.opus,concerns
./data/macroset/en/clips/bird/common_voice_en_17372107.opus,bird
./data/macroset/en/clips/bird/common_voice_en_18710128.opus,bird
./data/macroset/en/clips/bird/common_voice_en_84390.opus,bird
./data/macroset/en/clips/bird/common_voice_en_20460337.opus,bird
./data/macroset/en/clips/bird/common_voice_en_17995256.opus,bird
./data/macroset/en/clips/rotate/common_voice_en_610802.opus,rotate
./data/macroset/en/clips/rotate/common_voice_en_75782.opus,rotate
./data/macroset/en/clips/rotate/common_voice_en_557921.opus,rotate
./data/macroset/en/clips/rotate/common_voice_en_637913.opus,rotate
./data/macroset/en/clips/rotate/common_voice_en_75056.opus,rotate
./data/macroset/en/clips/owl/common_voice_en_19733869.opus,owl
./data/macroset/en/clips/owl/common_voice_en_84431.opus,owl
./data/macroset/en/clips/owl/common_voice_en_18503929.opus,owl
./data/macroset/en/clips/owl/common_voice_en_18443993.opus,owl
./data/macroset/en/clips/owl/common_voice_en_18601982.opus,owl
./data/macroset/en/clips/coal/common_voice_en_47148.opus,coal
./data/macroset/en/clips/coal/common_voice_en_17533910.opus,coal
./data/macroset/en/clips/coal/common_voice_en_18335278.opus,coal
./data/macroset/en/clips/coal/common_voice_en_19952918.opus,coal
./data/macroset/en/clips/coal/common_voice_en_19507627.opus,coal
./data/macroset/en/clips/duncan/common_voice_en_19668648.opus,duncan
./data/macroset/en/clips/duncan/common_voice_en_19782460.opus,duncan
./data/macroset/en/clips/duncan/common_voice_en_20801365.opus,duncan
./data/macroset/en/clips/duncan/common_voice_en_19067282.opus,duncan
./data/macroset/en/clips/duncan/common_voice_en_19171552.opus,duncan
./data/macroset/en/clips/scams/common_voice_en_17281420.opus,scams
./data/macroset/en/clips/scams/common_voice_en_17895322.opus,scams
./data/macroset/en/clips/scams/common_voice_en_17666452.opus,scams
./data/macroset/en/clips/scams/common_voice_en_18107674.opus,scams
./data/macroset/en/clips/scams/common_voice_en_17411273.opus,scams
./data/macroset/en/clips/rows/common_voice_en_20715845.opus,rows
./data/macroset/en/clips/rows/common_voice_en_682195.opus,rows
./data/macroset/en/clips/rows/common_voice_en_20876104.opus,rows
./data/macroset/en/clips/rows/common_voice_en_17256755.opus,rows
./data/macroset/en/clips/rows/common_voice_en_17561856.opus,rows
./data/macroset/en/clips/funds/common_voice_en_20110115.opus,funds
./data/macroset/en/clips/funds/common_voice_en_18759861.opus,funds
./data/macroset/en/clips/funds/common_voice_en_18575062.opus,funds
./data/macroset/en/clips/funds/common_voice_en_21385878.opus,funds
./data/macroset/en/clips/funds/common_voice_en_686117.opus,funds
./data/macroset/en/clips/persian/common_voice_en_20735895.opus,persian
./data/macroset/en/clips/persian/common_voice_en_19529243.opus,persian
./data/macroset/en/clips/persian/common_voice_en_19502011.opus,persian
./data/macroset/en/clips/persian/common_voice_en_19476298.opus,persian
./data/macroset/en/clips/persian/common_voice_en_20430920.opus,persian
./data/macroset/en/clips/contradict/common_voice_en_17280829.opus,contradict
./data/macroset/en/clips/contradict/common_voice_en_17806216.opus,contradict
./data/macroset/en/clips/contradict/common_voice_en_17364445.opus,contradict
./data/macroset/en/clips/contradict/common_voice_en_17538089.opus,contradict
./data/macroset/en/clips/contradict/common_voice_en_18134786.opus,contradict
./data/macroset/en/clips/arrears/common_voice_en_161866.opus,arrears
./data/macroset/en/clips/arrears/common_voice_en_522741.opus,arrears
./data/macroset/en/clips/arrears/common_voice_en_547570.opus,arrears
./data/macroset/en/clips/arrears/common_voice_en_551337.opus,arrears
./data/macroset/en/clips/arrears/common_voice_en_173611.opus,arrears
./data/macroset/en/clips/darius/common_voice_en_17356012.opus,darius
./data/macroset/en/clips/darius/common_voice_en_17246088.opus,darius
./data/macroset/en/clips/darius/common_voice_en_667059.opus,darius
./data/macroset/en/clips/darius/common_voice_en_18124878.opus,darius
./data/macroset/en/clips/darius/common_voice_en_17599468.opus,darius
./data/macroset/en/clips/diesel/common_voice_en_17481819.opus,diesel
./data/macroset/en/clips/diesel/common_voice_en_18524728.opus,diesel
./data/macroset/en/clips/diesel/common_voice_en_18251462.opus,diesel
./data/macroset/en/clips/diesel/common_voice_en_3569657.opus,diesel
./data/macroset/en/clips/diesel/common_voice_en_60441.opus,diesel
./data/macroset/en/clips/nigeria/common_voice_en_85973.opus,nigeria
./data/macroset/en/clips/nigeria/common_voice_en_20727952.opus,nigeria
./data/macroset/en/clips/nigeria/common_voice_en_682310.opus,nigeria
./data/macroset/en/clips/nigeria/common_voice_en_19414480.opus,nigeria
./data/macroset/en/clips/nigeria/common_voice_en_19883429.opus,nigeria
./data/macroset/en/clips/marriage/common_voice_en_18558165.opus,marriage
./data/macroset/en/clips/marriage/common_voice_en_21767749.opus,marriage
./data/macroset/en/clips/marriage/common_voice_en_20055018.opus,marriage
./data/macroset/en/clips/marriage/common_voice_en_20909138.opus,marriage
./data/macroset/en/clips/marriage/common_voice_en_22060834.opus,marriage
./data/macroset/en/clips/outlet/common_voice_en_20517275.opus,outlet
./data/macroset/en/clips/outlet/common_voice_en_19498273.opus,outlet
./data/macroset/en/clips/outlet/common_voice_en_21410357.opus,outlet
./data/macroset/en/clips/outlet/common_voice_en_21371875.opus,outlet
./data/macroset/en/clips/outlet/common_voice_en_21139292.opus,outlet
./data/macroset/en/clips/renewable/common_voice_en_29641.opus,renewable
./data/macroset/en/clips/renewable/common_voice_en_18975190.opus,renewable
./data/macroset/en/clips/renewable/common_voice_en_19795386.opus,renewable
./data/macroset/en/clips/renewable/common_voice_en_2153347.opus,renewable
./data/macroset/en/clips/renewable/common_voice_en_21933583.opus,renewable
./data/macroset/en/clips/hospital/common_voice_en_18139150.opus,hospital
./data/macroset/en/clips/hospital/common_voice_en_21806973.opus,hospital
./data/macroset/en/clips/hospital/common_voice_en_19547539.opus,hospital
./data/macroset/en/clips/hospital/common_voice_en_21718561.opus,hospital
./data/macroset/en/clips/hospital/common_voice_en_29213.opus,hospital
./data/macroset/en/clips/noticeable/common_voice_en_17812582.opus,noticeable
./data/macroset/en/clips/noticeable/common_voice_en_17809537.opus,noticeable
./data/macroset/en/clips/noticeable/common_voice_en_17802204.opus,noticeable
./data/macroset/en/clips/noticeable/common_voice_en_18734173.opus,noticeable
./data/macroset/en/clips/noticeable/common_voice_en_18111859.opus,noticeable
./data/macroset/en/clips/question/common_voice_en_17883.opus,question
./data/macroset/en/clips/question/common_voice_en_22207286.opus,question
./data/macroset/en/clips/question/common_voice_en_18493854.opus,question
./data/macroset/en/clips/question/common_voice_en_561530.opus,question
./data/macroset/en/clips/question/common_voice_en_19599493.opus,question
./data/macroset/en/clips/henderson/common_voice_en_623101.opus,henderson
./data/macroset/en/clips/henderson/common_voice_en_149539.opus,henderson
./data/macroset/en/clips/henderson/common_voice_en_157290.opus,henderson
./data/macroset/en/clips/henderson/common_voice_en_36944.opus,henderson
./data/macroset/en/clips/henderson/common_voice_en_88788.opus,henderson
./data/macroset/en/clips/sponsors/common_voice_en_20525626.opus,sponsors
./data/macroset/en/clips/sponsors/common_voice_en_19684627.opus,sponsors
./data/macroset/en/clips/sponsors/common_voice_en_19658813.opus,sponsors
./data/macroset/en/clips/sponsors/common_voice_en_21512146.opus,sponsors
./data/macroset/en/clips/sponsors/common_voice_en_20459566.opus,sponsors
./data/macroset/en/clips/provide/common_voice_en_22304300.opus,provide
./data/macroset/en/clips/provide/common_voice_en_18869856.opus,provide
./data/macroset/en/clips/provide/common_voice_en_17247337.opus,provide
./data/macroset/en/clips/provide/common_voice_en_20300252.opus,provide
./data/macroset/en/clips/provide/common_voice_en_19675013.opus,provide
./data/macroset/en/clips/bones/common_voice_en_18666452.opus,bones
./data/macroset/en/clips/bones/common_voice_en_554560.opus,bones
./data/macroset/en/clips/bones/common_voice_en_683057.opus,bones
./data/macroset/en/clips/bones/common_voice_en_18698336.opus,bones
./data/macroset/en/clips/bones/common_voice_en_15735135.opus,bones
./data/macroset/en/clips/butterflies/common_voice_en_517420.opus,butterflies
./data/macroset/en/clips/butterflies/common_voice_en_605714.opus,butterflies
./data/macroset/en/clips/butterflies/common_voice_en_19627508.opus,butterflies
./data/macroset/en/clips/butterflies/common_voice_en_20584771.opus,butterflies
./data/macroset/en/clips/butterflies/common_voice_en_620180.opus,butterflies
./data/macroset/en/clips/benefited/common_voice_en_21529104.opus,benefited
./data/macroset/en/clips/benefited/common_voice_en_21342529.opus,benefited
./data/macroset/en/clips/benefited/common_voice_en_18999615.opus,benefited
./data/macroset/en/clips/benefited/common_voice_en_19676927.opus,benefited
./data/macroset/en/clips/benefited/common_voice_en_19580165.opus,benefited
./data/macroset/en/clips/encounter/common_voice_en_22383916.opus,encounter
./data/macroset/en/clips/encounter/common_voice_en_20374583.opus,encounter
./data/macroset/en/clips/encounter/common_voice_en_19656074.opus,encounter
./data/macroset/en/clips/encounter/common_voice_en_21850517.opus,encounter
./data/macroset/en/clips/encounter/common_voice_en_20517358.opus,encounter
./data/macroset/en/clips/stays/common_voice_en_21690811.opus,stays
./data/macroset/en/clips/stays/common_voice_en_18989873.opus,stays
./data/macroset/en/clips/stays/common_voice_en_17805814.opus,stays
./data/macroset/en/clips/stays/common_voice_en_17283143.opus,stays
./data/macroset/en/clips/stays/common_voice_en_17354799.opus,stays
./data/macroset/en/clips/nominated/common_voice_en_19663942.opus,nominated
./data/macroset/en/clips/nominated/common_voice_en_21415426.opus,nominated
./data/macroset/en/clips/nominated/common_voice_en_20381410.opus,nominated
./data/macroset/en/clips/nominated/common_voice_en_21617890.opus,nominated
./data/macroset/en/clips/nominated/common_voice_en_605891.opus,nominated
./data/macroset/en/clips/makeup/common_voice_en_21375089.opus,makeup
./data/macroset/en/clips/makeup/common_voice_en_84589.opus,makeup
./data/macroset/en/clips/makeup/common_voice_en_480159.opus,makeup
./data/macroset/en/clips/makeup/common_voice_en_18618122.opus,makeup
./data/macroset/en/clips/makeup/common_voice_en_19231826.opus,makeup
./data/macroset/en/clips/unhappy/common_voice_en_18693049.opus,unhappy
./data/macroset/en/clips/unhappy/common_voice_en_20203627.opus,unhappy
./data/macroset/en/clips/unhappy/common_voice_en_22278066.opus,unhappy
./data/macroset/en/clips/unhappy/common_voice_en_663972.opus,unhappy
./data/macroset/en/clips/unhappy/common_voice_en_605998.opus,unhappy
./data/macroset/en/clips/thirteen/common_voice_en_20783888.opus,thirteen
./data/macroset/en/clips/thirteen/common_voice_en_19332634.opus,thirteen
./data/macroset/en/clips/thirteen/common_voice_en_3676207.opus,thirteen
./data/macroset/en/clips/thirteen/common_voice_en_18706374.opus,thirteen
./data/macroset/en/clips/thirteen/common_voice_en_20049829.opus,thirteen
./data/macroset/en/clips/confess/common_voice_en_18723345.opus,confess
./data/macroset/en/clips/confess/common_voice_en_17863641.opus,confess
./data/macroset/en/clips/confess/common_voice_en_17926482.opus,confess
./data/macroset/en/clips/confess/common_voice_en_682750.opus,confess
./data/macroset/en/clips/confess/common_voice_en_19965298.opus,confess
./data/macroset/en/clips/horace/common_voice_en_20028068.opus,horace
./data/macroset/en/clips/horace/common_voice_en_20621820.opus,horace
./data/macroset/en/clips/horace/common_voice_en_20466363.opus,horace
./data/macroset/en/clips/horace/common_voice_en_20921724.opus,horace
./data/macroset/en/clips/horace/common_voice_en_20052394.opus,horace
./data/macroset/en/clips/calling/common_voice_en_277012.opus,calling
./data/macroset/en/clips/calling/common_voice_en_179002.opus,calling
./data/macroset/en/clips/calling/common_voice_en_567605.opus,calling
./data/macroset/en/clips/calling/common_voice_en_212763.opus,calling
./data/macroset/en/clips/calling/common_voice_en_19982622.opus,calling
./data/macroset/en/clips/provincial/common_voice_en_19066573.opus,provincial
./data/macroset/en/clips/provincial/common_voice_en_19826580.opus,provincial
./data/macroset/en/clips/provincial/common_voice_en_19536889.opus,provincial
./data/macroset/en/clips/provincial/common_voice_en_19531675.opus,provincial
./data/macroset/en/clips/provincial/common_voice_en_20141639.opus,provincial
./data/macroset/en/clips/immigration/common_voice_en_20237256.opus,immigration
./data/macroset/en/clips/immigration/common_voice_en_20994942.opus,immigration
./data/macroset/en/clips/immigration/common_voice_en_20843642.opus,immigration
./data/macroset/en/clips/immigration/common_voice_en_21271822.opus,immigration
./data/macroset/en/clips/immigration/common_voice_en_22316232.opus,immigration
./data/macroset/en/clips/avoid/common_voice_en_477507.opus,avoid
./data/macroset/en/clips/avoid/common_voice_en_79973.opus,avoid
./data/macroset/en/clips/avoid/common_voice_en_183161.opus,avoid
./data/macroset/en/clips/avoid/common_voice_en_18642709.opus,avoid
./data/macroset/en/clips/avoid/common_voice_en_19671283.opus,avoid
./data/macroset/en/clips/leaving/common_voice_en_17916298.opus,leaving
./data/macroset/en/clips/leaving/common_voice_en_481220.opus,leaving
./data/macroset/en/clips/leaving/common_voice_en_588447.opus,leaving
./data/macroset/en/clips/leaving/common_voice_en_653580.opus,leaving
./data/macroset/en/clips/leaving/common_voice_en_560843.opus,leaving
./data/macroset/en/clips/investigations/common_voice_en_635025.opus,investigations
./data/macroset/en/clips/investigations/common_voice_en_26420.opus,investigations
./data/macroset/en/clips/investigations/common_voice_en_19613230.opus,investigations
./data/macroset/en/clips/investigations/common_voice_en_21314724.opus,investigations
./data/macroset/en/clips/investigations/common_voice_en_20882163.opus,investigations
./data/macroset/en/clips/transit/common_voice_en_22045042.opus,transit
./data/macroset/en/clips/transit/common_voice_en_21903970.opus,transit
./data/macroset/en/clips/transit/common_voice_en_19604639.opus,transit
./data/macroset/en/clips/transit/common_voice_en_21399037.opus,transit
./data/macroset/en/clips/transit/common_voice_en_18887112.opus,transit
./data/macroset/en/clips/insurance/common_voice_en_21941044.opus,insurance
./data/macroset/en/clips/insurance/common_voice_en_19618565.opus,insurance
./data/macroset/en/clips/insurance/common_voice_en_20947810.opus,insurance
./data/macroset/en/clips/insurance/common_voice_en_19762112.opus,insurance
./data/macroset/en/clips/insurance/common_voice_en_18876209.opus,insurance
./data/macroset/en/clips/assigned/common_voice_en_19603964.opus,assigned
./data/macroset/en/clips/assigned/common_voice_en_20380601.opus,assigned
./data/macroset/en/clips/assigned/common_voice_en_19426661.opus,assigned
./data/macroset/en/clips/assigned/common_voice_en_19428474.opus,assigned
./data/macroset/en/clips/assigned/common_voice_en_22045437.opus,assigned
./data/macroset/en/clips/bounce/common_voice_en_18994780.opus,bounce
./data/macroset/en/clips/bounce/common_voice_en_18061906.opus,bounce
./data/macroset/en/clips/bounce/common_voice_en_19029517.opus,bounce
./data/macroset/en/clips/bounce/common_voice_en_6635542.opus,bounce
./data/macroset/en/clips/bounce/common_voice_en_20016295.opus,bounce
./data/macroset/en/clips/king/common_voice_en_22130222.opus,king
./data/macroset/en/clips/king/common_voice_en_687991.opus,king
./data/macroset/en/clips/king/common_voice_en_18753008.opus,king
./data/macroset/en/clips/king/common_voice_en_648982.opus,king
./data/macroset/en/clips/king/common_voice_en_20339926.opus,king
./data/macroset/en/clips/zoological/common_voice_en_19111977.opus,zoological
./data/macroset/en/clips/zoological/common_voice_en_22282002.opus,zoological
./data/macroset/en/clips/zoological/common_voice_en_671696.opus,zoological
./data/macroset/en/clips/zoological/common_voice_en_555390.opus,zoological
./data/macroset/en/clips/zoological/common_voice_en_21645580.opus,zoological
./data/macroset/en/clips/florence/common_voice_en_21873300.opus,florence
./data/macroset/en/clips/florence/common_voice_en_19646119.opus,florence
./data/macroset/en/clips/florence/common_voice_en_20183258.opus,florence
./data/macroset/en/clips/florence/common_voice_en_20820987.opus,florence
./data/macroset/en/clips/florence/common_voice_en_21020973.opus,florence
./data/macroset/en/clips/quiet/common_voice_en_17321535.opus,quiet
./data/macroset/en/clips/quiet/common_voice_en_18667291.opus,quiet
./data/macroset/en/clips/quiet/common_voice_en_17392208.opus,quiet
./data/macroset/en/clips/quiet/common_voice_en_42053.opus,quiet
./data/macroset/en/clips/quiet/common_voice_en_18138052.opus,quiet
./data/macroset/en/clips/nervous/common_voice_en_18331473.opus,nervous
./data/macroset/en/clips/nervous/common_voice_en_679340.opus,nervous
./data/macroset/en/clips/nervous/common_voice_en_21456576.opus,nervous
./data/macroset/en/clips/nervous/common_voice_en_19476258.opus,nervous
./data/macroset/en/clips/nervous/common_voice_en_17261428.opus,nervous
./data/macroset/en/clips/employ/common_voice_en_20465364.opus,employ
./data/macroset/en/clips/employ/common_voice_en_18893508.opus,employ
./data/macroset/en/clips/employ/common_voice_en_18403926.opus,employ
./data/macroset/en/clips/employ/common_voice_en_19815494.opus,employ
./data/macroset/en/clips/employ/common_voice_en_21469900.opus,employ
./data/macroset/en/clips/incremental/common_voice_en_591879.opus,incremental
./data/macroset/en/clips/incremental/common_voice_en_612349.opus,incremental
./data/macroset/en/clips/incremental/common_voice_en_179508.opus,incremental
./data/macroset/en/clips/incremental/common_voice_en_209893.opus,incremental
./data/macroset/en/clips/incremental/common_voice_en_593068.opus,incremental
./data/macroset/en/clips/circles/common_voice_en_253682.opus,circles
./data/macroset/en/clips/circles/common_voice_en_19666223.opus,circles
./data/macroset/en/clips/circles/common_voice_en_19011990.opus,circles
./data/macroset/en/clips/circles/common_voice_en_538112.opus,circles
./data/macroset/en/clips/circles/common_voice_en_19700464.opus,circles
./data/macroset/en/clips/moisturising/common_voice_en_528881.opus,moisturising
./data/macroset/en/clips/moisturising/common_voice_en_93969.opus,moisturising
./data/macroset/en/clips/moisturising/common_voice_en_545729.opus,moisturising
./data/macroset/en/clips/moisturising/common_voice_en_597216.opus,moisturising
./data/macroset/en/clips/moisturising/common_voice_en_602027.opus,moisturising
./data/macroset/en/clips/strikes/common_voice_en_22325045.opus,strikes
./data/macroset/en/clips/strikes/common_voice_en_19002860.opus,strikes
./data/macroset/en/clips/strikes/common_voice_en_19383616.opus,strikes
./data/macroset/en/clips/strikes/common_voice_en_20736110.opus,strikes
./data/macroset/en/clips/strikes/common_voice_en_20249021.opus,strikes
./data/macroset/en/clips/rug/common_voice_en_575720.opus,rug
./data/macroset/en/clips/rug/common_voice_en_18130477.opus,rug
./data/macroset/en/clips/rug/common_voice_en_616828.opus,rug
./data/macroset/en/clips/rug/common_voice_en_17418078.opus,rug
./data/macroset/en/clips/rug/common_voice_en_16633430.opus,rug
./data/macroset/en/clips/nouns/common_voice_en_654258.opus,nouns
./data/macroset/en/clips/nouns/common_voice_en_17869262.opus,nouns
./data/macroset/en/clips/nouns/common_voice_en_19815149.opus,nouns
./data/macroset/en/clips/nouns/common_voice_en_18893732.opus,nouns
./data/macroset/en/clips/nouns/common_voice_en_20052087.opus,nouns
./data/macroset/en/clips/meditation/common_voice_en_552670.opus,meditation
./data/macroset/en/clips/meditation/common_voice_en_19024758.opus,meditation
./data/macroset/en/clips/meditation/common_voice_en_695655.opus,meditation
./data/macroset/en/clips/meditation/common_voice_en_94893.opus,meditation
./data/macroset/en/clips/meditation/common_voice_en_18821225.opus,meditation
./data/macroset/en/clips/nick/common_voice_en_20234726.opus,nick
./data/macroset/en/clips/nick/common_voice_en_20921899.opus,nick
./data/macroset/en/clips/nick/common_voice_en_684651.opus,nick
./data/macroset/en/clips/nick/common_voice_en_585766.opus,nick
./data/macroset/en/clips/nick/common_voice_en_540153.opus,nick
./data/macroset/en/clips/mondays/common_voice_en_38533.opus,mondays
./data/macroset/en/clips/mondays/common_voice_en_562645.opus,mondays
./data/macroset/en/clips/mondays/common_voice_en_573847.opus,mondays
./data/macroset/en/clips/mondays/common_voice_en_546661.opus,mondays
./data/macroset/en/clips/mondays/common_voice_en_19286722.opus,mondays
./data/macroset/en/clips/pixels/common_voice_en_19176465.opus,pixels
./data/macroset/en/clips/pixels/common_voice_en_600697.opus,pixels
./data/macroset/en/clips/pixels/common_voice_en_500865.opus,pixels
./data/macroset/en/clips/pixels/common_voice_en_19479393.opus,pixels
./data/macroset/en/clips/pixels/common_voice_en_646897.opus,pixels
./data/macroset/en/clips/layers/common_voice_en_21091581.opus,layers
./data/macroset/en/clips/layers/common_voice_en_19368730.opus,layers
./data/macroset/en/clips/layers/common_voice_en_193523.opus,layers
./data/macroset/en/clips/layers/common_voice_en_494750.opus,layers
./data/macroset/en/clips/layers/common_voice_en_19620567.opus,layers
./data/macroset/en/clips/goggles/common_voice_en_18234022.opus,goggles
./data/macroset/en/clips/goggles/common_voice_en_660249.opus,goggles
./data/macroset/en/clips/goggles/common_voice_en_519538.opus,goggles
./data/macroset/en/clips/goggles/common_voice_en_671884.opus,goggles
./data/macroset/en/clips/goggles/common_voice_en_18245110.opus,goggles
./data/macroset/en/clips/beige/common_voice_en_603969.opus,beige
./data/macroset/en/clips/beige/common_voice_en_682157.opus,beige
./data/macroset/en/clips/beige/common_voice_en_156350.opus,beige
./data/macroset/en/clips/beige/common_voice_en_694749.opus,beige
./data/macroset/en/clips/beige/common_voice_en_16491654.opus,beige
./data/macroset/en/clips/juan/common_voice_en_20313834.opus,juan
./data/macroset/en/clips/juan/common_voice_en_19344137.opus,juan
./data/macroset/en/clips/juan/common_voice_en_22357373.opus,juan
./data/macroset/en/clips/juan/common_voice_en_21268344.opus,juan
./data/macroset/en/clips/juan/common_voice_en_22197745.opus,juan
./data/macroset/en/clips/disappointment/common_voice_en_21505020.opus,disappointment
./data/macroset/en/clips/disappointment/common_voice_en_20305281.opus,disappointment
./data/macroset/en/clips/disappointment/common_voice_en_18634698.opus,disappointment
./data/macroset/en/clips/disappointment/common_voice_en_20989038.opus,disappointment
./data/macroset/en/clips/disappointment/common_voice_en_19808950.opus,disappointment
./data/macroset/en/clips/dealing/common_voice_en_18650223.opus,dealing
./data/macroset/en/clips/dealing/common_voice_en_21386225.opus,dealing
./data/macroset/en/clips/dealing/common_voice_en_18259239.opus,dealing
./data/macroset/en/clips/dealing/common_voice_en_81026.opus,dealing
./data/macroset/en/clips/dealing/common_voice_en_22471111.opus,dealing
./data/macroset/en/clips/threats/common_voice_en_21348714.opus,threats
./data/macroset/en/clips/threats/common_voice_en_19247245.opus,threats
./data/macroset/en/clips/threats/common_voice_en_18985336.opus,threats
./data/macroset/en/clips/threats/common_voice_en_20259995.opus,threats
./data/macroset/en/clips/threats/common_voice_en_18869261.opus,threats
./data/macroset/en/clips/immense/common_voice_en_487264.opus,immense
./data/macroset/en/clips/immense/common_voice_en_21106684.opus,immense
./data/macroset/en/clips/immense/common_voice_en_184894.opus,immense
./data/macroset/en/clips/immense/common_voice_en_187700.opus,immense
./data/macroset/en/clips/immense/common_voice_en_150351.opus,immense
./data/macroset/en/clips/grab/common_voice_en_18061529.opus,grab
./data/macroset/en/clips/grab/common_voice_en_51887.opus,grab
./data/macroset/en/clips/grab/common_voice_en_18270148.opus,grab
./data/macroset/en/clips/grab/common_voice_en_47246.opus,grab
./data/macroset/en/clips/grab/common_voice_en_17887720.opus,grab
./data/macroset/en/clips/berlin/common_voice_en_19641593.opus,berlin
./data/macroset/en/clips/berlin/common_voice_en_20262920.opus,berlin
./data/macroset/en/clips/berlin/common_voice_en_22184330.opus,berlin
./data/macroset/en/clips/berlin/common_voice_en_20260229.opus,berlin
./data/macroset/en/clips/berlin/common_voice_en_21940583.opus,berlin
./data/macroset/en/clips/floated/common_voice_en_5737046.opus,floated
./data/macroset/en/clips/floated/common_voice_en_18799529.opus,floated
./data/macroset/en/clips/floated/common_voice_en_576805.opus,floated
./data/macroset/en/clips/floated/common_voice_en_17735929.opus,floated
./data/macroset/en/clips/floated/common_voice_en_17259423.opus,floated
./data/macroset/en/clips/signified/common_voice_en_76841.opus,signified
./data/macroset/en/clips/signified/common_voice_en_23357.opus,signified
./data/macroset/en/clips/signified/common_voice_en_641123.opus,signified
./data/macroset/en/clips/signified/common_voice_en_679545.opus,signified
./data/macroset/en/clips/signified/common_voice_en_651629.opus,signified
./data/macroset/en/clips/eroded/common_voice_en_20761276.opus,eroded
./data/macroset/en/clips/eroded/common_voice_en_19711588.opus,eroded
./data/macroset/en/clips/eroded/common_voice_en_19687753.opus,eroded
./data/macroset/en/clips/eroded/common_voice_en_21450063.opus,eroded
./data/macroset/en/clips/eroded/common_voice_en_20761347.opus,eroded
./data/macroset/en/clips/ingredient/common_voice_en_18890582.opus,ingredient
./data/macroset/en/clips/ingredient/common_voice_en_19710040.opus,ingredient
./data/macroset/en/clips/ingredient/common_voice_en_18425970.opus,ingredient
./data/macroset/en/clips/ingredient/common_voice_en_19572866.opus,ingredient
./data/macroset/en/clips/ingredient/common_voice_en_21500754.opus,ingredient
./data/macroset/en/clips/limitations/common_voice_en_21932694.opus,limitations
./data/macroset/en/clips/limitations/common_voice_en_20064024.opus,limitations
./data/macroset/en/clips/limitations/common_voice_en_19591130.opus,limitations
./data/macroset/en/clips/limitations/common_voice_en_19651330.opus,limitations
./data/macroset/en/clips/limitations/common_voice_en_20114371.opus,limitations
./data/macroset/en/clips/engineers/common_voice_en_173755.opus,engineers
./data/macroset/en/clips/engineers/common_voice_en_18831859.opus,engineers
./data/macroset/en/clips/engineers/common_voice_en_21364846.opus,engineers
./data/macroset/en/clips/engineers/common_voice_en_190417.opus,engineers
./data/macroset/en/clips/engineers/common_voice_en_19788977.opus,engineers
./data/macroset/en/clips/horsemen/common_voice_en_634595.opus,horsemen
./data/macroset/en/clips/horsemen/common_voice_en_588925.opus,horsemen
./data/macroset/en/clips/horsemen/common_voice_en_51990.opus,horsemen
./data/macroset/en/clips/horsemen/common_voice_en_646480.opus,horsemen
./data/macroset/en/clips/horsemen/common_voice_en_73913.opus,horsemen
./data/macroset/en/clips/object/common_voice_en_61234.opus,object
./data/macroset/en/clips/object/common_voice_en_18648722.opus,object
./data/macroset/en/clips/object/common_voice_en_538777.opus,object
./data/macroset/en/clips/object/common_voice_en_500233.opus,object
./data/macroset/en/clips/object/common_voice_en_22139321.opus,object
./data/macroset/en/clips/nuremberg/common_voice_en_81684.opus,nuremberg
./data/macroset/en/clips/nuremberg/common_voice_en_18139401.opus,nuremberg
./data/macroset/en/clips/nuremberg/common_voice_en_544710.opus,nuremberg
./data/macroset/en/clips/nuremberg/common_voice_en_18924503.opus,nuremberg
./data/macroset/en/clips/nuremberg/common_voice_en_18117904.opus,nuremberg
./data/macroset/en/clips/suspicions/common_voice_en_18083707.opus,suspicions
./data/macroset/en/clips/suspicions/common_voice_en_17881583.opus,suspicions
./data/macroset/en/clips/suspicions/common_voice_en_17782177.opus,suspicions
./data/macroset/en/clips/suspicions/common_voice_en_18618109.opus,suspicions
./data/macroset/en/clips/suspicions/common_voice_en_17505350.opus,suspicions
./data/macroset/en/clips/becoming/common_voice_en_1743.opus,becoming
./data/macroset/en/clips/becoming/common_voice_en_291763.opus,becoming
./data/macroset/en/clips/becoming/common_voice_en_20321609.opus,becoming
./data/macroset/en/clips/becoming/common_voice_en_19381737.opus,becoming
./data/macroset/en/clips/becoming/common_voice_en_21871436.opus,becoming
./data/macroset/en/clips/unexpected/common_voice_en_18765393.opus,unexpected
./data/macroset/en/clips/unexpected/common_voice_en_18745488.opus,unexpected
./data/macroset/en/clips/unexpected/common_voice_en_18428778.opus,unexpected
./data/macroset/en/clips/unexpected/common_voice_en_19386730.opus,unexpected
./data/macroset/en/clips/unexpected/common_voice_en_18356052.opus,unexpected
./data/macroset/en/clips/finding/common_voice_en_17875238.opus,finding
./data/macroset/en/clips/finding/common_voice_en_187716.opus,finding
./data/macroset/en/clips/finding/common_voice_en_19468874.opus,finding
./data/macroset/en/clips/finding/common_voice_en_20160178.opus,finding
./data/macroset/en/clips/finding/common_voice_en_17891541.opus,finding
./data/macroset/en/clips/motel/common_voice_en_19361860.opus,motel
./data/macroset/en/clips/motel/common_voice_en_501777.opus,motel
./data/macroset/en/clips/motel/common_voice_en_419352.opus,motel
./data/macroset/en/clips/motel/common_voice_en_21798282.opus,motel
./data/macroset/en/clips/motel/common_voice_en_17765621.opus,motel
./data/macroset/en/clips/resembling/common_voice_en_18135290.opus,resembling
./data/macroset/en/clips/resembling/common_voice_en_21923591.opus,resembling
./data/macroset/en/clips/resembling/common_voice_en_22197691.opus,resembling
./data/macroset/en/clips/resembling/common_voice_en_425942.opus,resembling
./data/macroset/en/clips/resembling/common_voice_en_17700000.opus,resembling
./data/macroset/en/clips/replace/common_voice_en_22361045.opus,replace
./data/macroset/en/clips/replace/common_voice_en_90859.opus,replace
./data/macroset/en/clips/replace/common_voice_en_16688.opus,replace
./data/macroset/en/clips/replace/common_voice_en_18066570.opus,replace
./data/macroset/en/clips/replace/common_voice_en_18975151.opus,replace
./data/macroset/en/clips/pickle/common_voice_en_52446.opus,pickle
./data/macroset/en/clips/pickle/common_voice_en_18429011.opus,pickle
./data/macroset/en/clips/pickle/common_voice_en_579854.opus,pickle
./data/macroset/en/clips/pickle/common_voice_en_2354666.opus,pickle
./data/macroset/en/clips/pickle/common_voice_en_18060261.opus,pickle
./data/macroset/en/clips/circus/common_voice_en_18314459.opus,circus
./data/macroset/en/clips/circus/common_voice_en_21971736.opus,circus
./data/macroset/en/clips/circus/common_voice_en_18708999.opus,circus
./data/macroset/en/clips/circus/common_voice_en_584364.opus,circus
./data/macroset/en/clips/circus/common_voice_en_18121848.opus,circus
./data/macroset/en/clips/cooler/common_voice_en_20735740.opus,cooler
./data/macroset/en/clips/cooler/common_voice_en_19244723.opus,cooler
./data/macroset/en/clips/cooler/common_voice_en_20483338.opus,cooler
./data/macroset/en/clips/cooler/common_voice_en_18884244.opus,cooler
./data/macroset/en/clips/cooler/common_voice_en_20105422.opus,cooler
./data/macroset/en/clips/india/common_voice_en_21764495.opus,india
./data/macroset/en/clips/india/common_voice_en_19263534.opus,india
./data/macroset/en/clips/india/common_voice_en_22350040.opus,india
./data/macroset/en/clips/india/common_voice_en_21330816.opus,india
./data/macroset/en/clips/india/common_voice_en_450966.opus,india
./data/macroset/en/clips/routing/common_voice_en_20746183.opus,routing
./data/macroset/en/clips/routing/common_voice_en_572613.opus,routing
./data/macroset/en/clips/routing/common_voice_en_21082410.opus,routing
./data/macroset/en/clips/routing/common_voice_en_18765735.opus,routing
./data/macroset/en/clips/routing/common_voice_en_31023.opus,routing
./data/macroset/en/clips/sued/common_voice_en_20836975.opus,sued
./data/macroset/en/clips/sued/common_voice_en_18862454.opus,sued
./data/macroset/en/clips/sued/common_voice_en_21236476.opus,sued
./data/macroset/en/clips/sued/common_voice_en_20296130.opus,sued
./data/macroset/en/clips/sued/common_voice_en_19552307.opus,sued
./data/macroset/en/clips/quantum/common_voice_en_19736110.opus,quantum
./data/macroset/en/clips/quantum/common_voice_en_19982774.opus,quantum
./data/macroset/en/clips/quantum/common_voice_en_21764532.opus,quantum
./data/macroset/en/clips/quantum/common_voice_en_20393122.opus,quantum
./data/macroset/en/clips/quantum/common_voice_en_22422563.opus,quantum
./data/macroset/en/clips/acronym/common_voice_en_498912.opus,acronym
./data/macroset/en/clips/acronym/common_voice_en_17794095.opus,acronym
./data/macroset/en/clips/acronym/common_voice_en_72625.opus,acronym
./data/macroset/en/clips/acronym/common_voice_en_18144520.opus,acronym
./data/macroset/en/clips/acronym/common_voice_en_283406.opus,acronym
./data/macroset/en/clips/nudism/common_voice_en_17355956.opus,nudism
./data/macroset/en/clips/nudism/common_voice_en_17271459.opus,nudism
./data/macroset/en/clips/nudism/common_voice_en_17262970.opus,nudism
./data/macroset/en/clips/nudism/common_voice_en_17263108.opus,nudism
./data/macroset/en/clips/nudism/common_voice_en_18187939.opus,nudism
./data/macroset/en/clips/distinguish/common_voice_en_21377978.opus,distinguish
./data/macroset/en/clips/distinguish/common_voice_en_21588789.opus,distinguish
./data/macroset/en/clips/distinguish/common_voice_en_20636244.opus,distinguish
./data/macroset/en/clips/distinguish/common_voice_en_22225992.opus,distinguish
./data/macroset/en/clips/distinguish/common_voice_en_19789303.opus,distinguish
./data/macroset/en/clips/confirmed/common_voice_en_20307511.opus,confirmed
./data/macroset/en/clips/confirmed/common_voice_en_18698810.opus,confirmed
./data/macroset/en/clips/confirmed/common_voice_en_21300165.opus,confirmed
./data/macroset/en/clips/confirmed/common_voice_en_18822423.opus,confirmed
./data/macroset/en/clips/confirmed/common_voice_en_21125915.opus,confirmed
./data/macroset/en/clips/hoist/common_voice_en_17940861.opus,hoist
./data/macroset/en/clips/hoist/common_voice_en_471030.opus,hoist
./data/macroset/en/clips/hoist/common_voice_en_18179208.opus,hoist
./data/macroset/en/clips/hoist/common_voice_en_17917196.opus,hoist
./data/macroset/en/clips/hoist/common_voice_en_18342012.opus,hoist
./data/macroset/en/clips/batty/common_voice_en_624844.opus,batty
./data/macroset/en/clips/batty/common_voice_en_531977.opus,batty
./data/macroset/en/clips/batty/common_voice_en_697862.opus,batty
./data/macroset/en/clips/batty/common_voice_en_643802.opus,batty
./data/macroset/en/clips/batty/common_voice_en_585035.opus,batty
./data/macroset/en/clips/fore/common_voice_en_18131656__2.opus,fore
./data/macroset/en/clips/fore/common_voice_en_20027023.opus,fore
./data/macroset/en/clips/fore/common_voice_en_41318__2.opus,fore
./data/macroset/en/clips/fore/common_voice_en_41318.opus,fore
./data/macroset/en/clips/fore/common_voice_en_585852__2.opus,fore
./data/macroset/en/clips/anger/common_voice_en_17939519.opus,anger
./data/macroset/en/clips/anger/common_voice_en_499079.opus,anger
./data/macroset/en/clips/anger/common_voice_en_19239533.opus,anger
./data/macroset/en/clips/anger/common_voice_en_11351562.opus,anger
./data/macroset/en/clips/anger/common_voice_en_18550370.opus,anger
./data/macroset/en/clips/invested/common_voice_en_18946130.opus,invested
./data/macroset/en/clips/invested/common_voice_en_20919142.opus,invested
./data/macroset/en/clips/invested/common_voice_en_22095372.opus,invested
./data/macroset/en/clips/invested/common_voice_en_21419514.opus,invested
./data/macroset/en/clips/invested/common_voice_en_19029179.opus,invested
./data/macroset/en/clips/got/common_voice_en_18004091.opus,got
./data/macroset/en/clips/got/common_voice_en_580764.opus,got
./data/macroset/en/clips/got/common_voice_en_163564.opus,got
./data/macroset/en/clips/got/common_voice_en_504086.opus,got
./data/macroset/en/clips/got/common_voice_en_697311.opus,got
./data/macroset/en/clips/waterfront/common_voice_en_20037107.opus,waterfront
./data/macroset/en/clips/waterfront/common_voice_en_554155.opus,waterfront
./data/macroset/en/clips/waterfront/common_voice_en_47227.opus,waterfront
./data/macroset/en/clips/waterfront/common_voice_en_20505695.opus,waterfront
./data/macroset/en/clips/waterfront/common_voice_en_521406.opus,waterfront
./data/macroset/en/clips/malfunctioning/common_voice_en_34577.opus,malfunctioning
./data/macroset/en/clips/malfunctioning/common_voice_en_22100171.opus,malfunctioning
./data/macroset/en/clips/malfunctioning/common_voice_en_602013.opus,malfunctioning
./data/macroset/en/clips/malfunctioning/common_voice_en_576618.opus,malfunctioning
./data/macroset/en/clips/malfunctioning/common_voice_en_907182.opus,malfunctioning
./data/macroset/en/clips/yourself/common_voice_en_680581.opus,yourself
./data/macroset/en/clips/yourself/common_voice_en_20483793.opus,yourself
./data/macroset/en/clips/yourself/common_voice_en_17854194.opus,yourself
./data/macroset/en/clips/yourself/common_voice_en_18429039.opus,yourself
./data/macroset/en/clips/yourself/common_voice_en_21102518.opus,yourself
./data/macroset/en/clips/gps/common_voice_en_17270243.opus,gps
./data/macroset/en/clips/gps/common_voice_en_17340518.opus,gps
./data/macroset/en/clips/gps/common_voice_en_17292204.opus,gps
./data/macroset/en/clips/gps/common_voice_en_18162709.opus,gps
./data/macroset/en/clips/gps/common_voice_en_17292536.opus,gps
./data/macroset/en/clips/employer/common_voice_en_20352087.opus,employer
./data/macroset/en/clips/employer/common_voice_en_19721722.opus,employer
./data/macroset/en/clips/employer/common_voice_en_19989354.opus,employer
./data/macroset/en/clips/employer/common_voice_en_21843263.opus,employer
./data/macroset/en/clips/employer/common_voice_en_20183423.opus,employer
./data/macroset/en/clips/bedrooms/common_voice_en_18564711.opus,bedrooms
./data/macroset/en/clips/bedrooms/common_voice_en_18409605.opus,bedrooms
./data/macroset/en/clips/bedrooms/common_voice_en_21686789.opus,bedrooms
./data/macroset/en/clips/bedrooms/common_voice_en_17637555.opus,bedrooms
./data/macroset/en/clips/bedrooms/common_voice_en_17589390.opus,bedrooms
./data/macroset/en/clips/fiction/common_voice_en_20557670.opus,fiction
./data/macroset/en/clips/fiction/common_voice_en_20184577.opus,fiction
./data/macroset/en/clips/fiction/common_voice_en_43968.opus,fiction
./data/macroset/en/clips/fiction/common_voice_en_20870808.opus,fiction
./data/macroset/en/clips/fiction/common_voice_en_19547331__2.opus,fiction
./data/macroset/en/clips/company/common_voice_en_20316117.opus,company
./data/macroset/en/clips/company/common_voice_en_18680428.opus,company
./data/macroset/en/clips/company/common_voice_en_18999557.opus,company
./data/macroset/en/clips/company/common_voice_en_21319679.opus,company
./data/macroset/en/clips/company/common_voice_en_22015169.opus,company
./data/macroset/en/clips/staying/common_voice_en_18016227.opus,staying
./data/macroset/en/clips/staying/common_voice_en_18134680.opus,staying
./data/macroset/en/clips/staying/common_voice_en_20723608.opus,staying
./data/macroset/en/clips/staying/common_voice_en_17261841.opus,staying
./data/macroset/en/clips/staying/common_voice_en_17416383.opus,staying
./data/macroset/en/clips/diocese/common_voice_en_18697892.opus,diocese
./data/macroset/en/clips/diocese/common_voice_en_19868260.opus,diocese
./data/macroset/en/clips/diocese/common_voice_en_19596967.opus,diocese
./data/macroset/en/clips/diocese/common_voice_en_19744282.opus,diocese
./data/macroset/en/clips/diocese/common_voice_en_19214707.opus,diocese
./data/macroset/en/clips/marketing/common_voice_en_22375107.opus,marketing
./data/macroset/en/clips/marketing/common_voice_en_650636.opus,marketing
./data/macroset/en/clips/marketing/common_voice_en_19355443.opus,marketing
./data/macroset/en/clips/marketing/common_voice_en_19433654.opus,marketing
./data/macroset/en/clips/marketing/common_voice_en_20724019.opus,marketing
./data/macroset/en/clips/legitimate/common_voice_en_21378749.opus,legitimate
./data/macroset/en/clips/legitimate/common_voice_en_21013102.opus,legitimate
./data/macroset/en/clips/legitimate/common_voice_en_20132531.opus,legitimate
./data/macroset/en/clips/legitimate/common_voice_en_18851678.opus,legitimate
./data/macroset/en/clips/legitimate/common_voice_en_591660.opus,legitimate
./data/macroset/en/clips/prairie/common_voice_en_582581.opus,prairie
./data/macroset/en/clips/prairie/common_voice_en_21954428.opus,prairie
./data/macroset/en/clips/prairie/common_voice_en_19641839.opus,prairie
./data/macroset/en/clips/prairie/common_voice_en_489400.opus,prairie
./data/macroset/en/clips/prairie/common_voice_en_19582553.opus,prairie
./data/macroset/en/clips/cricket/common_voice_en_20768929.opus,cricket
./data/macroset/en/clips/cricket/common_voice_en_20481416.opus,cricket
./data/macroset/en/clips/cricket/common_voice_en_20025926.opus,cricket
./data/macroset/en/clips/cricket/common_voice_en_21914875.opus,cricket
./data/macroset/en/clips/cricket/common_voice_en_20938029.opus,cricket
./data/macroset/en/clips/fry/common_voice_en_19017804.opus,fry
./data/macroset/en/clips/fry/common_voice_en_22310285.opus,fry
./data/macroset/en/clips/fry/common_voice_en_17937299.opus,fry
./data/macroset/en/clips/fry/common_voice_en_18011756.opus,fry
./data/macroset/en/clips/fry/common_voice_en_18884320.opus,fry
./data/macroset/en/clips/buns/common_voice_en_17857014.opus,buns
./data/macroset/en/clips/buns/common_voice_en_73823.opus,buns
./data/macroset/en/clips/buns/common_voice_en_17789663.opus,buns
./data/macroset/en/clips/buns/common_voice_en_680942.opus,buns
./data/macroset/en/clips/buns/common_voice_en_17808648.opus,buns
./data/macroset/en/clips/characterized/common_voice_en_21208193.opus,characterized
./data/macroset/en/clips/characterized/common_voice_en_19028254.opus,characterized
./data/macroset/en/clips/characterized/common_voice_en_20816472.opus,characterized
./data/macroset/en/clips/characterized/common_voice_en_21764839.opus,characterized
./data/macroset/en/clips/characterized/common_voice_en_19617045.opus,characterized
./data/macroset/en/clips/fuse/common_voice_en_17268758.opus,fuse
./data/macroset/en/clips/fuse/common_voice_en_22327941.opus,fuse
./data/macroset/en/clips/fuse/common_voice_en_17386783.opus,fuse
./data/macroset/en/clips/fuse/common_voice_en_17881778.opus,fuse
./data/macroset/en/clips/fuse/common_voice_en_19547960.opus,fuse
./data/macroset/en/clips/anything/common_voice_en_631791.opus,anything
./data/macroset/en/clips/anything/common_voice_en_700544.opus,anything
./data/macroset/en/clips/anything/common_voice_en_79906.opus,anything
./data/macroset/en/clips/anything/common_voice_en_666986.opus,anything
./data/macroset/en/clips/anything/common_voice_en_21071.opus,anything
./data/macroset/en/clips/thunder/common_voice_en_602968.opus,thunder
./data/macroset/en/clips/thunder/common_voice_en_17450980.opus,thunder
./data/macroset/en/clips/thunder/common_voice_en_683413.opus,thunder
./data/macroset/en/clips/thunder/common_voice_en_17260918.opus,thunder
./data/macroset/en/clips/thunder/common_voice_en_21790898.opus,thunder
./data/macroset/en/clips/drivel/common_voice_en_17281373.opus,drivel
./data/macroset/en/clips/drivel/common_voice_en_17672475.opus,drivel
./data/macroset/en/clips/drivel/common_voice_en_17486651.opus,drivel
./data/macroset/en/clips/drivel/common_voice_en_18421669.opus,drivel
./data/macroset/en/clips/drivel/common_voice_en_508511.opus,drivel
./data/macroset/en/clips/dreams/common_voice_en_540367.opus,dreams
./data/macroset/en/clips/dreams/common_voice_en_150013.opus,dreams
./data/macroset/en/clips/dreams/common_voice_en_553869.opus,dreams
./data/macroset/en/clips/dreams/common_voice_en_655145.opus,dreams
./data/macroset/en/clips/dreams/common_voice_en_200174.opus,dreams
./data/macroset/en/clips/bakery/common_voice_en_57400.opus,bakery
./data/macroset/en/clips/bakery/common_voice_en_544547.opus,bakery
./data/macroset/en/clips/bakery/common_voice_en_503925.opus,bakery
./data/macroset/en/clips/bakery/common_voice_en_624825.opus,bakery
./data/macroset/en/clips/bakery/common_voice_en_7386933.opus,bakery
./data/macroset/en/clips/wrist/common_voice_en_18723661.opus,wrist
./data/macroset/en/clips/wrist/common_voice_en_19443670.opus,wrist
./data/macroset/en/clips/wrist/common_voice_en_18788844.opus,wrist
./data/macroset/en/clips/wrist/common_voice_en_566981.opus,wrist
./data/macroset/en/clips/wrist/common_voice_en_17957601.opus,wrist
./data/macroset/en/clips/dial/common_voice_en_18297018.opus,dial
./data/macroset/en/clips/dial/common_voice_en_20825706.opus,dial
./data/macroset/en/clips/dial/common_voice_en_20506853.opus,dial
./data/macroset/en/clips/dial/common_voice_en_21349017.opus,dial
./data/macroset/en/clips/dial/common_voice_en_18549014.opus,dial
./data/macroset/en/clips/homeboy/common_voice_en_18042574.opus,homeboy
./data/macroset/en/clips/homeboy/common_voice_en_17414051.opus,homeboy
./data/macroset/en/clips/homeboy/common_voice_en_17869292.opus,homeboy
./data/macroset/en/clips/homeboy/common_voice_en_17474911.opus,homeboy
./data/macroset/en/clips/homeboy/common_voice_en_17357591.opus,homeboy
./data/macroset/en/clips/omar/common_voice_en_19426024.opus,omar
./data/macroset/en/clips/omar/common_voice_en_20281887.opus,omar
./data/macroset/en/clips/omar/common_voice_en_17274091.opus,omar
./data/macroset/en/clips/omar/common_voice_en_91818.opus,omar
./data/macroset/en/clips/omar/common_voice_en_17251964.opus,omar
./data/macroset/en/clips/throwing/common_voice_en_509648.opus,throwing
./data/macroset/en/clips/throwing/common_voice_en_22184851.opus,throwing
./data/macroset/en/clips/throwing/common_voice_en_18787788.opus,throwing
./data/macroset/en/clips/throwing/common_voice_en_650839.opus,throwing
./data/macroset/en/clips/throwing/common_voice_en_589235.opus,throwing
./data/macroset/en/clips/uncontrolled/common_voice_en_18179371.opus,uncontrolled
./data/macroset/en/clips/uncontrolled/common_voice_en_73557.opus,uncontrolled
./data/macroset/en/clips/uncontrolled/common_voice_en_625654.opus,uncontrolled
./data/macroset/en/clips/uncontrolled/common_voice_en_17376241.opus,uncontrolled
./data/macroset/en/clips/uncontrolled/common_voice_en_19644895.opus,uncontrolled
./data/macroset/en/clips/listing/common_voice_en_19506092.opus,listing
./data/macroset/en/clips/listing/common_voice_en_20145621.opus,listing
./data/macroset/en/clips/listing/common_voice_en_19814171.opus,listing
./data/macroset/en/clips/listing/common_voice_en_19909032.opus,listing
./data/macroset/en/clips/listing/common_voice_en_20566258.opus,listing
./data/macroset/en/clips/allies/common_voice_en_22396138.opus,allies
./data/macroset/en/clips/allies/common_voice_en_19499183.opus,allies
./data/macroset/en/clips/allies/common_voice_en_598025.opus,allies
./data/macroset/en/clips/allies/common_voice_en_21333717.opus,allies
./data/macroset/en/clips/allies/common_voice_en_21024857.opus,allies
./data/macroset/en/clips/wider/common_voice_en_20887813.opus,wider
./data/macroset/en/clips/wider/common_voice_en_19726634.opus,wider
./data/macroset/en/clips/wider/common_voice_en_21764704.opus,wider
./data/macroset/en/clips/wider/common_voice_en_22149602.opus,wider
./data/macroset/en/clips/wider/common_voice_en_19359112.opus,wider
./data/macroset/en/clips/trap/common_voice_en_424272.opus,trap
./data/macroset/en/clips/trap/common_voice_en_21181366.opus,trap
./data/macroset/en/clips/trap/common_voice_en_18341145.opus,trap
./data/macroset/en/clips/trap/common_voice_en_3935539.opus,trap
./data/macroset/en/clips/trap/common_voice_en_18893589.opus,trap
./data/macroset/en/clips/sensed/common_voice_en_59940.opus,sensed
./data/macroset/en/clips/sensed/common_voice_en_196450.opus,sensed
./data/macroset/en/clips/sensed/common_voice_en_550508.opus,sensed
./data/macroset/en/clips/sensed/common_voice_en_187950.opus,sensed
./data/macroset/en/clips/sensed/common_voice_en_44484.opus,sensed
./data/macroset/en/clips/crews/common_voice_en_19750546.opus,crews
./data/macroset/en/clips/crews/common_voice_en_21428523.opus,crews
./data/macroset/en/clips/crews/common_voice_en_20776460.opus,crews
./data/macroset/en/clips/crews/common_voice_en_18994859.opus,crews
./data/macroset/en/clips/crews/common_voice_en_22434458.opus,crews
./data/macroset/en/clips/midnight/common_voice_en_19686833.opus,midnight
./data/macroset/en/clips/midnight/common_voice_en_130887.opus,midnight
./data/macroset/en/clips/midnight/common_voice_en_18525928.opus,midnight
./data/macroset/en/clips/midnight/common_voice_en_18626743.opus,midnight
./data/macroset/en/clips/midnight/common_voice_en_36576.opus,midnight
./data/macroset/en/clips/cracked/common_voice_en_624737.opus,cracked
./data/macroset/en/clips/cracked/common_voice_en_18222346.opus,cracked
./data/macroset/en/clips/cracked/common_voice_en_689625.opus,cracked
./data/macroset/en/clips/cracked/common_voice_en_18958398.opus,cracked
./data/macroset/en/clips/cracked/common_voice_en_15781943.opus,cracked
./data/macroset/en/clips/merchant/common_voice_en_601124.opus,merchant
./data/macroset/en/clips/merchant/common_voice_en_219548.opus,merchant
./data/macroset/en/clips/merchant/common_voice_en_20185858.opus,merchant
./data/macroset/en/clips/merchant/common_voice_en_589379.opus,merchant
./data/macroset/en/clips/merchant/common_voice_en_56356.opus,merchant
./data/macroset/en/clips/sprang/common_voice_en_17278697.opus,sprang
./data/macroset/en/clips/sprang/common_voice_en_18545776.opus,sprang
./data/macroset/en/clips/sprang/common_voice_en_15672664.opus,sprang
./data/macroset/en/clips/sprang/common_voice_en_52815.opus,sprang
./data/macroset/en/clips/sprang/common_voice_en_17270900.opus,sprang
./data/macroset/en/clips/breast/common_voice_en_18804478.opus,breast
./data/macroset/en/clips/breast/common_voice_en_21753332.opus,breast
./data/macroset/en/clips/breast/common_voice_en_22428153.opus,breast
./data/macroset/en/clips/breast/common_voice_en_18419204.opus,breast
./data/macroset/en/clips/breast/common_voice_en_18498755.opus,breast
./data/macroset/en/clips/lincoln/common_voice_en_19268351.opus,lincoln
./data/macroset/en/clips/lincoln/common_voice_en_19612534.opus,lincoln
./data/macroset/en/clips/lincoln/common_voice_en_651139.opus,lincoln
./data/macroset/en/clips/lincoln/common_voice_en_19515631.opus,lincoln
./data/macroset/en/clips/lincoln/common_voice_en_21151710.opus,lincoln
./data/macroset/en/clips/energetic/common_voice_en_20298183.opus,energetic
./data/macroset/en/clips/energetic/common_voice_en_20866808.opus,energetic
./data/macroset/en/clips/energetic/common_voice_en_20343284.opus,energetic
./data/macroset/en/clips/energetic/common_voice_en_21223682.opus,energetic
./data/macroset/en/clips/energetic/common_voice_en_20203897.opus,energetic
./data/macroset/en/clips/slices/common_voice_en_17276226.opus,slices
./data/macroset/en/clips/slices/common_voice_en_19957729.opus,slices
./data/macroset/en/clips/slices/common_voice_en_17260244.opus,slices
./data/macroset/en/clips/slices/common_voice_en_8965285.opus,slices
./data/macroset/en/clips/slices/common_voice_en_17265719.opus,slices
./data/macroset/en/clips/baron/common_voice_en_19449959.opus,baron
./data/macroset/en/clips/baron/common_voice_en_19853694.opus,baron
./data/macroset/en/clips/baron/common_voice_en_22358239.opus,baron
./data/macroset/en/clips/baron/common_voice_en_18890947.opus,baron
./data/macroset/en/clips/baron/common_voice_en_21929872.opus,baron
./data/macroset/en/clips/deadening/common_voice_en_17391332.opus,deadening
./data/macroset/en/clips/deadening/common_voice_en_17283976.opus,deadening
./data/macroset/en/clips/deadening/common_voice_en_17425561.opus,deadening
./data/macroset/en/clips/deadening/common_voice_en_17562394.opus,deadening
./data/macroset/en/clips/deadening/common_voice_en_18066778.opus,deadening
./data/macroset/en/clips/stems/common_voice_en_21183698.opus,stems
./data/macroset/en/clips/stems/common_voice_en_22150733.opus,stems
./data/macroset/en/clips/stems/common_voice_en_19364796.opus,stems
./data/macroset/en/clips/stems/common_voice_en_21693006.opus,stems
./data/macroset/en/clips/stems/common_voice_en_18117653.opus,stems
./data/macroset/en/clips/stir/common_voice_en_466072.opus,stir
./data/macroset/en/clips/stir/common_voice_en_17407029.opus,stir
./data/macroset/en/clips/stir/common_voice_en_17388050.opus,stir
./data/macroset/en/clips/stir/common_voice_en_18510710.opus,stir
./data/macroset/en/clips/stir/common_voice_en_17453705.opus,stir
./data/macroset/en/clips/whoever/common_voice_en_19456.opus,whoever
./data/macroset/en/clips/whoever/common_voice_en_657806.opus,whoever
./data/macroset/en/clips/whoever/common_voice_en_20235760.opus,whoever
./data/macroset/en/clips/whoever/common_voice_en_20872146.opus,whoever
./data/macroset/en/clips/whoever/common_voice_en_77639.opus,whoever
./data/macroset/en/clips/climate/common_voice_en_20803509.opus,climate
./data/macroset/en/clips/climate/common_voice_en_17957888.opus,climate
./data/macroset/en/clips/climate/common_voice_en_19474833.opus,climate
./data/macroset/en/clips/climate/common_voice_en_18608778.opus,climate
./data/macroset/en/clips/climate/common_voice_en_19519979.opus,climate
./data/macroset/en/clips/correctly/common_voice_en_9592.opus,correctly
./data/macroset/en/clips/correctly/common_voice_en_203062.opus,correctly
./data/macroset/en/clips/correctly/common_voice_en_18100976.opus,correctly
./data/macroset/en/clips/correctly/common_voice_en_21313133.opus,correctly
./data/macroset/en/clips/correctly/common_voice_en_42816.opus,correctly
./data/macroset/en/clips/figures/common_voice_en_21453237.opus,figures
./data/macroset/en/clips/figures/common_voice_en_19640848.opus,figures
./data/macroset/en/clips/figures/common_voice_en_19672123.opus,figures
./data/macroset/en/clips/figures/common_voice_en_659360.opus,figures
./data/macroset/en/clips/figures/common_voice_en_615389.opus,figures
./data/macroset/en/clips/display/common_voice_en_487723.opus,display
./data/macroset/en/clips/display/common_voice_en_21400437.opus,display
./data/macroset/en/clips/display/common_voice_en_660620.opus,display
./data/macroset/en/clips/display/common_voice_en_200106.opus,display
./data/macroset/en/clips/display/common_voice_en_20040096.opus,display
./data/macroset/en/clips/countries/common_voice_en_18754926.opus,countries
./data/macroset/en/clips/countries/common_voice_en_21969515.opus,countries
./data/macroset/en/clips/countries/common_voice_en_19476278.opus,countries
./data/macroset/en/clips/countries/common_voice_en_607941.opus,countries
./data/macroset/en/clips/countries/common_voice_en_18870638.opus,countries
./data/macroset/en/clips/overheated/common_voice_en_621174.opus,overheated
./data/macroset/en/clips/overheated/common_voice_en_525004.opus,overheated
./data/macroset/en/clips/overheated/common_voice_en_616921.opus,overheated
./data/macroset/en/clips/overheated/common_voice_en_2202717.opus,overheated
./data/macroset/en/clips/overheated/common_voice_en_79875.opus,overheated
./data/macroset/en/clips/recovered/common_voice_en_22127915.opus,recovered
./data/macroset/en/clips/recovered/common_voice_en_20067180.opus,recovered
./data/macroset/en/clips/recovered/common_voice_en_183402.opus,recovered
./data/macroset/en/clips/recovered/common_voice_en_622493.opus,recovered
./data/macroset/en/clips/recovered/common_voice_en_19689734.opus,recovered
./data/macroset/en/clips/historians/common_voice_en_19715498.opus,historians
./data/macroset/en/clips/historians/common_voice_en_21896784.opus,historians
./data/macroset/en/clips/historians/common_voice_en_22016164.opus,historians
./data/macroset/en/clips/historians/common_voice_en_20860118.opus,historians
./data/macroset/en/clips/historians/common_voice_en_21231165.opus,historians
./data/macroset/en/clips/ultimatum/common_voice_en_624609.opus,ultimatum
./data/macroset/en/clips/ultimatum/common_voice_en_18836259.opus,ultimatum
./data/macroset/en/clips/ultimatum/common_voice_en_668002.opus,ultimatum
./data/macroset/en/clips/ultimatum/common_voice_en_210047.opus,ultimatum
./data/macroset/en/clips/ultimatum/common_voice_en_502920.opus,ultimatum
./data/macroset/en/clips/recycling/common_voice_en_524603.opus,recycling
./data/macroset/en/clips/recycling/common_voice_en_22455091.opus,recycling
./data/macroset/en/clips/recycling/common_voice_en_19345685.opus,recycling
./data/macroset/en/clips/recycling/common_voice_en_487906.opus,recycling
./data/macroset/en/clips/recycling/common_voice_en_611278.opus,recycling
./data/macroset/en/clips/custody/common_voice_en_21242304.opus,custody
./data/macroset/en/clips/custody/common_voice_en_21024932.opus,custody
./data/macroset/en/clips/custody/common_voice_en_19954849.opus,custody
./data/macroset/en/clips/custody/common_voice_en_19777246.opus,custody
./data/macroset/en/clips/custody/common_voice_en_20049356.opus,custody
./data/macroset/en/clips/leonardo/common_voice_en_18124576.opus,leonardo
./data/macroset/en/clips/leonardo/common_voice_en_20976373.opus,leonardo
./data/macroset/en/clips/leonardo/common_voice_en_21428777.opus,leonardo
./data/macroset/en/clips/leonardo/common_voice_en_16665494.opus,leonardo
./data/macroset/en/clips/leonardo/common_voice_en_22179179.opus,leonardo
./data/macroset/en/clips/parts/common_voice_en_75730.opus,parts
./data/macroset/en/clips/parts/common_voice_en_20647735.opus,parts
./data/macroset/en/clips/parts/common_voice_en_20670645.opus,parts
./data/macroset/en/clips/parts/common_voice_en_20261017.opus,parts
./data/macroset/en/clips/parts/common_voice_en_20043330.opus,parts
./data/macroset/en/clips/exploration/common_voice_en_17265086.opus,exploration
./data/macroset/en/clips/exploration/common_voice_en_17693642.opus,exploration
./data/macroset/en/clips/exploration/common_voice_en_17891422.opus,exploration
./data/macroset/en/clips/exploration/common_voice_en_522535.opus,exploration
./data/macroset/en/clips/exploration/common_voice_en_22262011.opus,exploration
./data/macroset/en/clips/estates/common_voice_en_20235125.opus,estates
./data/macroset/en/clips/estates/common_voice_en_20380148.opus,estates
./data/macroset/en/clips/estates/common_voice_en_21250872__2.opus,estates
./data/macroset/en/clips/estates/common_voice_en_20866036.opus,estates
./data/macroset/en/clips/estates/common_voice_en_19288946.opus,estates
./data/macroset/en/clips/shaken/common_voice_en_675831.opus,shaken
./data/macroset/en/clips/shaken/common_voice_en_680910.opus,shaken
./data/macroset/en/clips/shaken/common_voice_en_606608.opus,shaken
./data/macroset/en/clips/shaken/common_voice_en_615010.opus,shaken
./data/macroset/en/clips/shaken/common_voice_en_21305.opus,shaken
./data/macroset/en/clips/tablet/common_voice_en_17327571.opus,tablet
./data/macroset/en/clips/tablet/common_voice_en_625575.opus,tablet
./data/macroset/en/clips/tablet/common_voice_en_9399.opus,tablet
./data/macroset/en/clips/tablet/common_voice_en_15903476.opus,tablet
./data/macroset/en/clips/tablet/common_voice_en_17412886.opus,tablet
./data/macroset/en/clips/cyndi/common_voice_en_634766.opus,cyndi
./data/macroset/en/clips/cyndi/common_voice_en_54757.opus,cyndi
./data/macroset/en/clips/cyndi/common_voice_en_476814.opus,cyndi
./data/macroset/en/clips/cyndi/common_voice_en_622869.opus,cyndi
./data/macroset/en/clips/cyndi/common_voice_en_626709.opus,cyndi
./data/macroset/en/clips/strictly/common_voice_en_20791565.opus,strictly
./data/macroset/en/clips/strictly/common_voice_en_20144278.opus,strictly
./data/macroset/en/clips/strictly/common_voice_en_20459818.opus,strictly
./data/macroset/en/clips/strictly/common_voice_en_21207782.opus,strictly
./data/macroset/en/clips/strictly/common_voice_en_21229649.opus,strictly
./data/macroset/en/clips/dreadful/common_voice_en_520199.opus,dreadful
./data/macroset/en/clips/dreadful/common_voice_en_580160.opus,dreadful
./data/macroset/en/clips/dreadful/common_voice_en_46133.opus,dreadful
./data/macroset/en/clips/dreadful/common_voice_en_43179.opus,dreadful
./data/macroset/en/clips/dreadful/common_voice_en_486701.opus,dreadful
./data/macroset/en/clips/repeatedly/common_voice_en_641595.opus,repeatedly
./data/macroset/en/clips/repeatedly/common_voice_en_9807.opus,repeatedly
./data/macroset/en/clips/repeatedly/common_voice_en_17427528.opus,repeatedly
./data/macroset/en/clips/repeatedly/common_voice_en_20379592.opus,repeatedly
./data/macroset/en/clips/repeatedly/common_voice_en_18673936.opus,repeatedly
./data/macroset/en/clips/driving/common_voice_en_18542374.opus,driving
./data/macroset/en/clips/driving/common_voice_en_19496062.opus,driving
./data/macroset/en/clips/driving/common_voice_en_18105073.opus,driving
./data/macroset/en/clips/driving/common_voice_en_21587539.opus,driving
./data/macroset/en/clips/driving/common_voice_en_525331.opus,driving
./data/macroset/en/clips/casts/common_voice_en_511599.opus,casts
./data/macroset/en/clips/casts/common_voice_en_22331757.opus,casts
./data/macroset/en/clips/casts/common_voice_en_17332765.opus,casts
./data/macroset/en/clips/casts/common_voice_en_17875976.opus,casts
./data/macroset/en/clips/casts/common_voice_en_17505506.opus,casts
./data/macroset/en/clips/dressed/common_voice_en_677267.opus,dressed
./data/macroset/en/clips/dressed/common_voice_en_179598.opus,dressed
./data/macroset/en/clips/dressed/common_voice_en_501330.opus,dressed
./data/macroset/en/clips/dressed/common_voice_en_670389.opus,dressed
./data/macroset/en/clips/dressed/common_voice_en_190098.opus,dressed
./data/macroset/en/clips/dentist/common_voice_en_17524713.opus,dentist
./data/macroset/en/clips/dentist/common_voice_en_30755.opus,dentist
./data/macroset/en/clips/dentist/common_voice_en_47733.opus,dentist
./data/macroset/en/clips/dentist/common_voice_en_21815635.opus,dentist
./data/macroset/en/clips/dentist/common_voice_en_18135229.opus,dentist
./data/macroset/en/clips/stocks/common_voice_en_18728031.opus,stocks
./data/macroset/en/clips/stocks/common_voice_en_35875.opus,stocks
./data/macroset/en/clips/stocks/common_voice_en_549289.opus,stocks
./data/macroset/en/clips/stocks/common_voice_en_22120474.opus,stocks
./data/macroset/en/clips/stocks/common_voice_en_19451314.opus,stocks
./data/macroset/en/clips/dubious/common_voice_en_28482.opus,dubious
./data/macroset/en/clips/dubious/common_voice_en_20600226.opus,dubious
./data/macroset/en/clips/dubious/common_voice_en_70305.opus,dubious
./data/macroset/en/clips/dubious/common_voice_en_18886562.opus,dubious
./data/macroset/en/clips/dubious/common_voice_en_18550150.opus,dubious
./data/macroset/en/clips/lighting/common_voice_en_576053.opus,lighting
./data/macroset/en/clips/lighting/common_voice_en_19677690.opus,lighting
./data/macroset/en/clips/lighting/common_voice_en_19648343.opus,lighting
./data/macroset/en/clips/lighting/common_voice_en_19947466.opus,lighting
./data/macroset/en/clips/lighting/common_voice_en_487266.opus,lighting
./data/macroset/en/clips/controls/common_voice_en_19855449.opus,controls
./data/macroset/en/clips/controls/common_voice_en_19664818.opus,controls
./data/macroset/en/clips/controls/common_voice_en_22445711.opus,controls
./data/macroset/en/clips/controls/common_voice_en_22251669.opus,controls
./data/macroset/en/clips/controls/common_voice_en_19356212.opus,controls
./data/macroset/en/clips/sense/common_voice_en_687590.opus,sense
./data/macroset/en/clips/sense/common_voice_en_18505591.opus,sense
./data/macroset/en/clips/sense/common_voice_en_602469.opus,sense
./data/macroset/en/clips/sense/common_voice_en_78075.opus,sense
./data/macroset/en/clips/sense/common_voice_en_31436.opus,sense
./data/macroset/en/clips/offering/common_voice_en_20869684.opus,offering
./data/macroset/en/clips/offering/common_voice_en_18878202.opus,offering
./data/macroset/en/clips/offering/common_voice_en_19091995.opus,offering
./data/macroset/en/clips/offering/common_voice_en_19475456.opus,offering
./data/macroset/en/clips/offering/common_voice_en_541483.opus,offering
./data/macroset/en/clips/conquer/common_voice_en_367927.opus,conquer
./data/macroset/en/clips/conquer/common_voice_en_47489.opus,conquer
./data/macroset/en/clips/conquer/common_voice_en_613441.opus,conquer
./data/macroset/en/clips/conquer/common_voice_en_620773.opus,conquer
./data/macroset/en/clips/conquer/common_voice_en_491404.opus,conquer
./data/macroset/en/clips/casino/common_voice_en_20857522.opus,casino
./data/macroset/en/clips/casino/common_voice_en_20817920.opus,casino
./data/macroset/en/clips/casino/common_voice_en_595419.opus,casino
./data/macroset/en/clips/casino/common_voice_en_19735374.opus,casino
./data/macroset/en/clips/casino/common_voice_en_608728.opus,casino
./data/macroset/en/clips/refuge/common_voice_en_84273.opus,refuge
./data/macroset/en/clips/refuge/common_voice_en_19651541.opus,refuge
./data/macroset/en/clips/refuge/common_voice_en_66963.opus,refuge
./data/macroset/en/clips/refuge/common_voice_en_699262.opus,refuge
./data/macroset/en/clips/refuge/common_voice_en_21345856.opus,refuge
./data/macroset/en/clips/doctorate/common_voice_en_20155765.opus,doctorate
./data/macroset/en/clips/doctorate/common_voice_en_20048543.opus,doctorate
./data/macroset/en/clips/doctorate/common_voice_en_22323566.opus,doctorate
./data/macroset/en/clips/doctorate/common_voice_en_21475327.opus,doctorate
./data/macroset/en/clips/doctorate/common_voice_en_22148609.opus,doctorate
./data/macroset/en/clips/diabetics/common_voice_en_700406.opus,diabetics
./data/macroset/en/clips/diabetics/common_voice_en_137267.opus,diabetics
./data/macroset/en/clips/diabetics/common_voice_en_585064.opus,diabetics
./data/macroset/en/clips/diabetics/common_voice_en_624842.opus,diabetics
./data/macroset/en/clips/diabetics/common_voice_en_591392.opus,diabetics
./data/macroset/en/clips/crowds/common_voice_en_18767006.opus,crowds
./data/macroset/en/clips/crowds/common_voice_en_18818891.opus,crowds
./data/macroset/en/clips/crowds/common_voice_en_22039827.opus,crowds
./data/macroset/en/clips/crowds/common_voice_en_21709615.opus,crowds
./data/macroset/en/clips/crowds/common_voice_en_22299986.opus,crowds
./data/macroset/en/clips/hunt/common_voice_en_19765635.opus,hunt
./data/macroset/en/clips/hunt/common_voice_en_17284191.opus,hunt
./data/macroset/en/clips/hunt/common_voice_en_27527.opus,hunt
./data/macroset/en/clips/hunt/common_voice_en_17282379.opus,hunt
./data/macroset/en/clips/hunt/common_voice_en_18166170.opus,hunt
./data/macroset/en/clips/prisoner/common_voice_en_19737067.opus,prisoner
./data/macroset/en/clips/prisoner/common_voice_en_17986230.opus,prisoner
./data/macroset/en/clips/prisoner/common_voice_en_19312803.opus,prisoner
./data/macroset/en/clips/prisoner/common_voice_en_18644906.opus,prisoner
./data/macroset/en/clips/prisoner/common_voice_en_18661239.opus,prisoner
./data/macroset/en/clips/something/common_voice_en_592806.opus,something
./data/macroset/en/clips/something/common_voice_en_188940.opus,something
./data/macroset/en/clips/something/common_voice_en_629979.opus,something
./data/macroset/en/clips/something/common_voice_en_627051.opus,something
./data/macroset/en/clips/something/common_voice_en_18402107.opus,something
./data/macroset/en/clips/atheist/common_voice_en_20860081.opus,atheist
./data/macroset/en/clips/atheist/common_voice_en_18499393.opus,atheist
./data/macroset/en/clips/atheist/common_voice_en_18699317.opus,atheist
./data/macroset/en/clips/atheist/common_voice_en_21946933.opus,atheist
./data/macroset/en/clips/atheist/common_voice_en_22159256.opus,atheist
./data/macroset/en/clips/peers/common_voice_en_19532335.opus,peers
./data/macroset/en/clips/peers/common_voice_en_19463352.opus,peers
./data/macroset/en/clips/peers/common_voice_en_20063298.opus,peers
./data/macroset/en/clips/peers/common_voice_en_20039616.opus,peers
./data/macroset/en/clips/peers/common_voice_en_20862762.opus,peers
./data/macroset/en/clips/dope/common_voice_en_45894.opus,dope
./data/macroset/en/clips/dope/common_voice_en_173064.opus,dope
./data/macroset/en/clips/dope/common_voice_en_621704.opus,dope
./data/macroset/en/clips/dope/common_voice_en_662583.opus,dope
./data/macroset/en/clips/dope/common_voice_en_198906.opus,dope
./data/macroset/en/clips/rapid/common_voice_en_20778802.opus,rapid
./data/macroset/en/clips/rapid/common_voice_en_20392245.opus,rapid
./data/macroset/en/clips/rapid/common_voice_en_21498478.opus,rapid
./data/macroset/en/clips/rapid/common_voice_en_19731546.opus,rapid
./data/macroset/en/clips/rapid/common_voice_en_20739269.opus,rapid
./data/macroset/en/clips/production/common_voice_en_18826588.opus,production
./data/macroset/en/clips/production/common_voice_en_20234058.opus,production
./data/macroset/en/clips/production/common_voice_en_21505105.opus,production
./data/macroset/en/clips/production/common_voice_en_20719893.opus,production
./data/macroset/en/clips/production/common_voice_en_21467701.opus,production
./data/macroset/en/clips/massachusetts/common_voice_en_20968659.opus,massachusetts
./data/macroset/en/clips/massachusetts/common_voice_en_22066037.opus,massachusetts
./data/macroset/en/clips/massachusetts/common_voice_en_20114508.opus,massachusetts
./data/macroset/en/clips/massachusetts/common_voice_en_20827302.opus,massachusetts
./data/macroset/en/clips/massachusetts/common_voice_en_20868877.opus,massachusetts
./data/macroset/en/clips/staircase/common_voice_en_18960672.opus,staircase
./data/macroset/en/clips/staircase/common_voice_en_507710.opus,staircase
./data/macroset/en/clips/staircase/common_voice_en_19521159.opus,staircase
./data/macroset/en/clips/staircase/common_voice_en_21915681.opus,staircase
./data/macroset/en/clips/staircase/common_voice_en_22095192.opus,staircase
./data/macroset/en/clips/winters/common_voice_en_21094399.opus,winters
./data/macroset/en/clips/winters/common_voice_en_18861781.opus,winters
./data/macroset/en/clips/winters/common_voice_en_18971297.opus,winters
./data/macroset/en/clips/winters/common_voice_en_19789273.opus,winters
./data/macroset/en/clips/winters/common_voice_en_18832045.opus,winters
./data/macroset/en/clips/travel/common_voice_en_488952.opus,travel
./data/macroset/en/clips/travel/common_voice_en_529559.opus,travel
./data/macroset/en/clips/travel/common_voice_en_678501.opus,travel
./data/macroset/en/clips/travel/common_voice_en_497182.opus,travel
./data/macroset/en/clips/travel/common_voice_en_21530180.opus,travel
./data/macroset/en/clips/water/common_voice_en_21656344.opus,water
./data/macroset/en/clips/water/common_voice_en_205024.opus,water
./data/macroset/en/clips/water/common_voice_en_639714.opus,water
./data/macroset/en/clips/water/common_voice_en_15734359.opus,water
./data/macroset/en/clips/water/common_voice_en_19193857.opus,water
./data/macroset/en/clips/differential/common_voice_en_19776702.opus,differential
./data/macroset/en/clips/differential/common_voice_en_20106607.opus,differential
./data/macroset/en/clips/differential/common_voice_en_19078478.opus,differential
./data/macroset/en/clips/differential/common_voice_en_47252.opus,differential
./data/macroset/en/clips/differential/common_voice_en_20068682.opus,differential
./data/macroset/en/clips/cobalt/common_voice_en_582494.opus,cobalt
./data/macroset/en/clips/cobalt/common_voice_en_21875887.opus,cobalt
./data/macroset/en/clips/cobalt/common_voice_en_27994.opus,cobalt
./data/macroset/en/clips/cobalt/common_voice_en_479778.opus,cobalt
./data/macroset/en/clips/cobalt/common_voice_en_94244.opus,cobalt
./data/macroset/en/clips/collection/common_voice_en_20022300.opus,collection
./data/macroset/en/clips/collection/common_voice_en_19693460.opus,collection
./data/macroset/en/clips/collection/common_voice_en_542927.opus,collection
./data/macroset/en/clips/collection/common_voice_en_19625868.opus,collection
./data/macroset/en/clips/collection/common_voice_en_137926.opus,collection
./data/macroset/en/clips/multivariate/common_voice_en_17251006.opus,multivariate
./data/macroset/en/clips/multivariate/common_voice_en_17263395.opus,multivariate
./data/macroset/en/clips/multivariate/common_voice_en_17436427.opus,multivariate
./data/macroset/en/clips/multivariate/common_voice_en_18169054.opus,multivariate
./data/macroset/en/clips/multivariate/common_voice_en_17841693.opus,multivariate
./data/macroset/en/clips/enlightened/common_voice_en_534953.opus,enlightened
./data/macroset/en/clips/enlightened/common_voice_en_17795200.opus,enlightened
./data/macroset/en/clips/enlightened/common_voice_en_20714398.opus,enlightened
./data/macroset/en/clips/enlightened/common_voice_en_8731564.opus,enlightened
./data/macroset/en/clips/enlightened/common_voice_en_22053128.opus,enlightened
./data/macroset/en/clips/ninth/common_voice_en_20297861.opus,ninth
./data/macroset/en/clips/ninth/common_voice_en_18797428.opus,ninth
./data/macroset/en/clips/ninth/common_voice_en_19944306.opus,ninth
./data/macroset/en/clips/ninth/common_voice_en_19523815.opus,ninth
./data/macroset/en/clips/ninth/common_voice_en_19776537.opus,ninth
./data/macroset/en/clips/psychologist/common_voice_en_17267767.opus,psychologist
./data/macroset/en/clips/psychologist/common_voice_en_17340748.opus,psychologist
./data/macroset/en/clips/psychologist/common_voice_en_17250073.opus,psychologist
./data/macroset/en/clips/psychologist/common_voice_en_17885083.opus,psychologist
./data/macroset/en/clips/psychologist/common_voice_en_652149.opus,psychologist
./data/macroset/en/clips/enzyme/common_voice_en_19451796.opus,enzyme
./data/macroset/en/clips/enzyme/common_voice_en_19805113.opus,enzyme
./data/macroset/en/clips/enzyme/common_voice_en_20677247.opus,enzyme
./data/macroset/en/clips/enzyme/common_voice_en_22321779.opus,enzyme
./data/macroset/en/clips/enzyme/common_voice_en_21448924.opus,enzyme
./data/macroset/en/clips/violet/common_voice_en_22292438.opus,violet
./data/macroset/en/clips/violet/common_voice_en_21723824.opus,violet
./data/macroset/en/clips/violet/common_voice_en_19281355.opus,violet
./data/macroset/en/clips/violet/common_voice_en_19176587.opus,violet
./data/macroset/en/clips/violet/common_voice_en_18454339.opus,violet
./data/macroset/en/clips/productions/common_voice_en_20069335.opus,productions
./data/macroset/en/clips/productions/common_voice_en_22103726.opus,productions
./data/macroset/en/clips/productions/common_voice_en_20304600.opus,productions
./data/macroset/en/clips/productions/common_voice_en_19767733.opus,productions
./data/macroset/en/clips/productions/common_voice_en_19113934.opus,productions
./data/macroset/en/clips/forums/common_voice_en_679654.opus,forums
./data/macroset/en/clips/forums/common_voice_en_20687630.opus,forums
./data/macroset/en/clips/forums/common_voice_en_18754659.opus,forums
./data/macroset/en/clips/forums/common_voice_en_21993660.opus,forums
./data/macroset/en/clips/forums/common_voice_en_21020905.opus,forums
./data/macroset/en/clips/seller/common_voice_en_21351661.opus,seller
./data/macroset/en/clips/seller/common_voice_en_643415.opus,seller
./data/macroset/en/clips/seller/common_voice_en_72290.opus,seller
./data/macroset/en/clips/seller/common_voice_en_19008017.opus,seller
./data/macroset/en/clips/seller/common_voice_en_19608884.opus,seller
./data/macroset/en/clips/fence/common_voice_en_528196.opus,fence
./data/macroset/en/clips/fence/common_voice_en_608055.opus,fence
./data/macroset/en/clips/fence/common_voice_en_32789.opus,fence
./data/macroset/en/clips/fence/common_voice_en_179609.opus,fence
./data/macroset/en/clips/fence/common_voice_en_620754.opus,fence
./data/macroset/en/clips/implies/common_voice_en_45130.opus,implies
./data/macroset/en/clips/implies/common_voice_en_22384483.opus,implies
./data/macroset/en/clips/implies/common_voice_en_20408039.opus,implies
./data/macroset/en/clips/implies/common_voice_en_19700631.opus,implies
./data/macroset/en/clips/implies/common_voice_en_21310906.opus,implies
./data/macroset/en/clips/skates/common_voice_en_621636__2.opus,skates
./data/macroset/en/clips/skates/common_voice_en_131402__2.opus,skates
./data/macroset/en/clips/skates/common_voice_en_508917.opus,skates
./data/macroset/en/clips/skates/common_voice_en_17776303.opus,skates
./data/macroset/en/clips/skates/common_voice_en_17394505.opus,skates
./data/macroset/en/clips/iris/common_voice_en_69095.opus,iris
./data/macroset/en/clips/iris/common_voice_en_20316424.opus,iris
./data/macroset/en/clips/iris/common_voice_en_18673603.opus,iris
./data/macroset/en/clips/iris/common_voice_en_20216260.opus,iris
./data/macroset/en/clips/iris/common_voice_en_19078575.opus,iris
./data/macroset/en/clips/queensland/common_voice_en_20600199.opus,queensland
./data/macroset/en/clips/queensland/common_voice_en_21269305.opus,queensland
./data/macroset/en/clips/queensland/common_voice_en_21926180.opus,queensland
./data/macroset/en/clips/queensland/common_voice_en_20909201.opus,queensland
./data/macroset/en/clips/queensland/common_voice_en_20890765__2.opus,queensland
./data/macroset/en/clips/gains/common_voice_en_20190315.opus,gains
./data/macroset/en/clips/gains/common_voice_en_480375.opus,gains
./data/macroset/en/clips/gains/common_voice_en_18710124.opus,gains
./data/macroset/en/clips/gains/common_voice_en_21595290.opus,gains
./data/macroset/en/clips/gains/common_voice_en_19165087.opus,gains
./data/macroset/en/clips/elite/common_voice_en_21419778.opus,elite
./data/macroset/en/clips/elite/common_voice_en_20573716.opus,elite
./data/macroset/en/clips/elite/common_voice_en_19617748.opus,elite
./data/macroset/en/clips/elite/common_voice_en_22368126.opus,elite
./data/macroset/en/clips/elite/common_voice_en_21975391.opus,elite
./data/macroset/en/clips/starter/common_voice_en_20735853.opus,starter
./data/macroset/en/clips/starter/common_voice_en_22224578.opus,starter
./data/macroset/en/clips/starter/common_voice_en_22248180.opus,starter
./data/macroset/en/clips/starter/common_voice_en_21821195.opus,starter
./data/macroset/en/clips/starter/common_voice_en_20390772.opus,starter
./data/macroset/en/clips/concrete/common_voice_en_18498633.opus,concrete
./data/macroset/en/clips/concrete/common_voice_en_19810251.opus,concrete
./data/macroset/en/clips/concrete/common_voice_en_20251207.opus,concrete
./data/macroset/en/clips/concrete/common_voice_en_19676892.opus,concrete
./data/macroset/en/clips/concrete/common_voice_en_20398191.opus,concrete
./data/macroset/en/clips/jose/common_voice_en_19600096.opus,jose
./data/macroset/en/clips/jose/common_voice_en_22265030.opus,jose
./data/macroset/en/clips/jose/common_voice_en_21284909.opus,jose
./data/macroset/en/clips/jose/common_voice_en_22018775.opus,jose
./data/macroset/en/clips/jose/common_voice_en_19152215.opus,jose
./data/macroset/en/clips/promises/common_voice_en_222031.opus,promises
./data/macroset/en/clips/promises/common_voice_en_33071.opus,promises
./data/macroset/en/clips/promises/common_voice_en_606953.opus,promises
./data/macroset/en/clips/promises/common_voice_en_552913.opus,promises
./data/macroset/en/clips/promises/common_voice_en_162987.opus,promises
./data/macroset/en/clips/nobility/common_voice_en_22310047.opus,nobility
./data/macroset/en/clips/nobility/common_voice_en_18884045.opus,nobility
./data/macroset/en/clips/nobility/common_voice_en_20029415.opus,nobility
./data/macroset/en/clips/nobility/common_voice_en_19643304.opus,nobility
./data/macroset/en/clips/nobility/common_voice_en_21957630.opus,nobility
./data/macroset/en/clips/reckless/common_voice_en_18121763.opus,reckless
./data/macroset/en/clips/reckless/common_voice_en_17451178.opus,reckless
./data/macroset/en/clips/reckless/common_voice_en_17262631.opus,reckless
./data/macroset/en/clips/reckless/common_voice_en_17388462.opus,reckless
./data/macroset/en/clips/reckless/common_voice_en_18043674.opus,reckless
./data/macroset/en/clips/settlement/common_voice_en_20842821.opus,settlement
./data/macroset/en/clips/settlement/common_voice_en_20924360.opus,settlement
./data/macroset/en/clips/settlement/common_voice_en_19943355.opus,settlement
./data/macroset/en/clips/settlement/common_voice_en_19852646.opus,settlement
./data/macroset/en/clips/settlement/common_voice_en_22320878.opus,settlement
./data/macroset/en/clips/scissors/common_voice_en_18428817.opus,scissors
./data/macroset/en/clips/scissors/common_voice_en_558112.opus,scissors
./data/macroset/en/clips/scissors/common_voice_en_18558240.opus,scissors
./data/macroset/en/clips/scissors/common_voice_en_21505244.opus,scissors
./data/macroset/en/clips/scissors/common_voice_en_19597383.opus,scissors
./data/macroset/en/clips/modifying/common_voice_en_124510.opus,modifying
./data/macroset/en/clips/modifying/common_voice_en_1344691.opus,modifying
./data/macroset/en/clips/modifying/common_voice_en_276759.opus,modifying
./data/macroset/en/clips/modifying/common_voice_en_95794.opus,modifying
./data/macroset/en/clips/modifying/common_voice_en_39432.opus,modifying
./data/macroset/en/clips/chuck/common_voice_en_20516557.opus,chuck
./data/macroset/en/clips/chuck/common_voice_en_22162915.opus,chuck
./data/macroset/en/clips/chuck/common_voice_en_21411122.opus,chuck
./data/macroset/en/clips/chuck/common_voice_en_19783864.opus,chuck
./data/macroset/en/clips/chuck/common_voice_en_22184246.opus,chuck
./data/macroset/en/clips/coins/common_voice_en_513036.opus,coins
./data/macroset/en/clips/coins/common_voice_en_580215.opus,coins
./data/macroset/en/clips/coins/common_voice_en_20794322.opus,coins
./data/macroset/en/clips/coins/common_voice_en_79842.opus,coins
./data/macroset/en/clips/coins/common_voice_en_554806.opus,coins
./data/macroset/en/clips/connecticut/common_voice_en_19471471.opus,connecticut
./data/macroset/en/clips/connecticut/common_voice_en_18679416.opus,connecticut
./data/macroset/en/clips/connecticut/common_voice_en_21294059.opus,connecticut
./data/macroset/en/clips/connecticut/common_voice_en_21627325.opus,connecticut
./data/macroset/en/clips/connecticut/common_voice_en_20922969.opus,connecticut
./data/macroset/en/clips/laugh/common_voice_en_559353.opus,laugh
./data/macroset/en/clips/laugh/common_voice_en_21916304.opus,laugh
./data/macroset/en/clips/laugh/common_voice_en_22329420.opus,laugh
./data/macroset/en/clips/laugh/common_voice_en_18085656.opus,laugh
./data/macroset/en/clips/laugh/common_voice_en_556455.opus,laugh
./data/macroset/en/clips/nightfall/common_voice_en_76619.opus,nightfall
./data/macroset/en/clips/nightfall/common_voice_en_209243.opus,nightfall
./data/macroset/en/clips/nightfall/common_voice_en_579383.opus,nightfall
./data/macroset/en/clips/nightfall/common_voice_en_21281899.opus,nightfall
./data/macroset/en/clips/nightfall/common_voice_en_145729.opus,nightfall
./data/macroset/en/clips/indonesia/common_voice_en_344939.opus,indonesia
./data/macroset/en/clips/indonesia/common_voice_en_17303582.opus,indonesia
./data/macroset/en/clips/indonesia/common_voice_en_20424873.opus,indonesia
./data/macroset/en/clips/indonesia/common_voice_en_20219907.opus,indonesia
./data/macroset/en/clips/indonesia/common_voice_en_22303930.opus,indonesia
./data/macroset/en/clips/respects/common_voice_en_19168736.opus,respects
./data/macroset/en/clips/respects/common_voice_en_19097360.opus,respects
./data/macroset/en/clips/respects/common_voice_en_19952860.opus,respects
./data/macroset/en/clips/respects/common_voice_en_19142099.opus,respects
./data/macroset/en/clips/respects/common_voice_en_21341583.opus,respects
./data/macroset/en/clips/didn’t/common_voice_en_32951.opus,didn’t
./data/macroset/en/clips/didn’t/common_voice_en_21385611.opus,didn’t
./data/macroset/en/clips/didn’t/common_voice_en_204966.opus,didn’t
./data/macroset/en/clips/didn’t/common_voice_en_18456639.opus,didn’t
./data/macroset/en/clips/didn’t/common_voice_en_164916.opus,didn’t
./data/macroset/en/clips/rituals/common_voice_en_18729587.opus,rituals
./data/macroset/en/clips/rituals/common_voice_en_21305959.opus,rituals
./data/macroset/en/clips/rituals/common_voice_en_19960674.opus,rituals
./data/macroset/en/clips/rituals/common_voice_en_19028314.opus,rituals
./data/macroset/en/clips/rituals/common_voice_en_19705955.opus,rituals
./data/macroset/en/clips/kirk/common_voice_en_20651993.opus,kirk
./data/macroset/en/clips/kirk/common_voice_en_20625085.opus,kirk
./data/macroset/en/clips/kirk/common_voice_en_19720472.opus,kirk
./data/macroset/en/clips/kirk/common_voice_en_19641028.opus,kirk
./data/macroset/en/clips/kirk/common_voice_en_19983172.opus,kirk
./data/macroset/en/clips/theories/common_voice_en_19172823.opus,theories
./data/macroset/en/clips/theories/common_voice_en_20503291.opus,theories
./data/macroset/en/clips/theories/common_voice_en_20828429.opus,theories
./data/macroset/en/clips/theories/common_voice_en_21685335.opus,theories
./data/macroset/en/clips/theories/common_voice_en_21411123.opus,theories
./data/macroset/en/clips/intervals/common_voice_en_21940181.opus,intervals
./data/macroset/en/clips/intervals/common_voice_en_20247523.opus,intervals
./data/macroset/en/clips/intervals/common_voice_en_20246347.opus,intervals
./data/macroset/en/clips/intervals/common_voice_en_19823371.opus,intervals
./data/macroset/en/clips/intervals/common_voice_en_20562679.opus,intervals
./data/macroset/en/clips/sincerely/common_voice_en_144697.opus,sincerely
./data/macroset/en/clips/sincerely/common_voice_en_135394.opus,sincerely
./data/macroset/en/clips/sincerely/common_voice_en_17263212.opus,sincerely
./data/macroset/en/clips/sincerely/common_voice_en_19514923.opus,sincerely
./data/macroset/en/clips/sincerely/common_voice_en_17259742.opus,sincerely
./data/macroset/en/clips/looking/common_voice_en_690271.opus,looking
./data/macroset/en/clips/looking/common_voice_en_520433.opus,looking
./data/macroset/en/clips/looking/common_voice_en_76888.opus,looking
./data/macroset/en/clips/looking/common_voice_en_603643.opus,looking
./data/macroset/en/clips/looking/common_voice_en_505778.opus,looking
./data/macroset/en/clips/cipher/common_voice_en_19267768.opus,cipher
./data/macroset/en/clips/cipher/common_voice_en_17732974.opus,cipher
./data/macroset/en/clips/cipher/common_voice_en_18404190.opus,cipher
./data/macroset/en/clips/cipher/common_voice_en_21504935.opus,cipher
./data/macroset/en/clips/cipher/common_voice_en_18474006.opus,cipher
./data/macroset/en/clips/relaxed/common_voice_en_488982.opus,relaxed
./data/macroset/en/clips/relaxed/common_voice_en_157616.opus,relaxed
./data/macroset/en/clips/relaxed/common_voice_en_558413.opus,relaxed
./data/macroset/en/clips/relaxed/common_voice_en_485593.opus,relaxed
./data/macroset/en/clips/relaxed/common_voice_en_639414.opus,relaxed
./data/macroset/en/clips/ash/common_voice_en_20647801.opus,ash
./data/macroset/en/clips/ash/common_voice_en_18030.opus,ash
./data/macroset/en/clips/ash/common_voice_en_54326.opus,ash
./data/macroset/en/clips/ash/common_voice_en_17257305.opus,ash
./data/macroset/en/clips/ash/common_voice_en_182635.opus,ash
./data/macroset/en/clips/portuguese/common_voice_en_18062225.opus,portuguese
./data/macroset/en/clips/portuguese/common_voice_en_19568384.opus,portuguese
./data/macroset/en/clips/portuguese/common_voice_en_20170723.opus,portuguese
./data/macroset/en/clips/portuguese/common_voice_en_18757882.opus,portuguese
./data/macroset/en/clips/portuguese/common_voice_en_21304790.opus,portuguese
./data/macroset/en/clips/menu/common_voice_en_510676.opus,menu
./data/macroset/en/clips/menu/common_voice_en_18011712.opus,menu
./data/macroset/en/clips/menu/common_voice_en_21932743.opus,menu
./data/macroset/en/clips/menu/common_voice_en_17291746.opus,menu
./data/macroset/en/clips/menu/common_voice_en_189323.opus,menu
./data/macroset/en/clips/afternoon/common_voice_en_487755.opus,afternoon
./data/macroset/en/clips/afternoon/common_voice_en_18429016.opus,afternoon
./data/macroset/en/clips/afternoon/common_voice_en_18962.opus,afternoon
./data/macroset/en/clips/afternoon/common_voice_en_611056.opus,afternoon
./data/macroset/en/clips/afternoon/common_voice_en_618894.opus,afternoon
./data/macroset/en/clips/enter/common_voice_en_586352.opus,enter
./data/macroset/en/clips/enter/common_voice_en_19719965.opus,enter
./data/macroset/en/clips/enter/common_voice_en_18078812.opus,enter
./data/macroset/en/clips/enter/common_voice_en_20754932.opus,enter
./data/macroset/en/clips/enter/common_voice_en_557443.opus,enter
./data/macroset/en/clips/march/common_voice_en_19651087.opus,march
./data/macroset/en/clips/march/common_voice_en_554791.opus,march
./data/macroset/en/clips/march/common_voice_en_18093907.opus,march
./data/macroset/en/clips/march/common_voice_en_19516291.opus,march
./data/macroset/en/clips/march/common_voice_en_21768449.opus,march
./data/macroset/en/clips/plodded/common_voice_en_80425.opus,plodded
./data/macroset/en/clips/plodded/common_voice_en_33514.opus,plodded
./data/macroset/en/clips/plodded/common_voice_en_632613.opus,plodded
./data/macroset/en/clips/plodded/common_voice_en_604703.opus,plodded
./data/macroset/en/clips/plodded/common_voice_en_25554.opus,plodded
./data/macroset/en/clips/aimed/common_voice_en_19841317.opus,aimed
./data/macroset/en/clips/aimed/common_voice_en_21411277.opus,aimed
./data/macroset/en/clips/aimed/common_voice_en_19289081.opus,aimed
./data/macroset/en/clips/aimed/common_voice_en_20407977.opus,aimed
./data/macroset/en/clips/aimed/common_voice_en_19251687.opus,aimed
./data/macroset/en/clips/valley/common_voice_en_219785.opus,valley
./data/macroset/en/clips/valley/common_voice_en_19643760.opus,valley
./data/macroset/en/clips/valley/common_voice_en_18708335.opus,valley
./data/macroset/en/clips/valley/common_voice_en_21596020.opus,valley
./data/macroset/en/clips/valley/common_voice_en_22284778.opus,valley
./data/macroset/en/clips/liking/common_voice_en_19676860.opus,liking
./data/macroset/en/clips/liking/common_voice_en_505311.opus,liking
./data/macroset/en/clips/liking/common_voice_en_2542.opus,liking
./data/macroset/en/clips/liking/common_voice_en_204267.opus,liking
./data/macroset/en/clips/liking/common_voice_en_19390027.opus,liking
./data/macroset/en/clips/ferret/common_voice_en_9971.opus,ferret
./data/macroset/en/clips/ferret/common_voice_en_698300.opus,ferret
./data/macroset/en/clips/ferret/common_voice_en_609983.opus,ferret
./data/macroset/en/clips/ferret/common_voice_en_166852.opus,ferret
./data/macroset/en/clips/ferret/common_voice_en_643874.opus,ferret
./data/macroset/en/clips/thirteenth/common_voice_en_17651578.opus,thirteenth
./data/macroset/en/clips/thirteenth/common_voice_en_177628.opus,thirteenth
./data/macroset/en/clips/thirteenth/common_voice_en_31976.opus,thirteenth
./data/macroset/en/clips/thirteenth/common_voice_en_18812604.opus,thirteenth
./data/macroset/en/clips/thirteenth/common_voice_en_17760564.opus,thirteenth
./data/macroset/en/clips/hull/common_voice_en_19723491.opus,hull
./data/macroset/en/clips/hull/common_voice_en_45816.opus,hull
./data/macroset/en/clips/hull/common_voice_en_20233792.opus,hull
./data/macroset/en/clips/hull/common_voice_en_604231.opus,hull
./data/macroset/en/clips/hull/common_voice_en_18877782.opus,hull
./data/macroset/en/clips/register/common_voice_en_18274660.opus,register
./data/macroset/en/clips/register/common_voice_en_19523368.opus,register
./data/macroset/en/clips/register/common_voice_en_18855280.opus,register
./data/macroset/en/clips/register/common_voice_en_20413996.opus,register
./data/macroset/en/clips/register/common_voice_en_21094004.opus,register
./data/macroset/en/clips/carpet/common_voice_en_17840397.opus,carpet
./data/macroset/en/clips/carpet/common_voice_en_18606862.opus,carpet
./data/macroset/en/clips/carpet/common_voice_en_18124604.opus,carpet
./data/macroset/en/clips/carpet/common_voice_en_17910443.opus,carpet
./data/macroset/en/clips/carpet/common_voice_en_630866.opus,carpet
./data/macroset/en/clips/solar/common_voice_en_18104762.opus,solar
./data/macroset/en/clips/solar/common_voice_en_20170130.opus,solar
./data/macroset/en/clips/solar/common_voice_en_19627404.opus,solar
./data/macroset/en/clips/solar/common_voice_en_22184861.opus,solar
./data/macroset/en/clips/solar/common_voice_en_21953452.opus,solar
./data/macroset/en/clips/measuring/common_voice_en_21386692.opus,measuring
./data/macroset/en/clips/measuring/common_voice_en_205057.opus,measuring
./data/macroset/en/clips/measuring/common_voice_en_537813.opus,measuring
./data/macroset/en/clips/measuring/common_voice_en_21269302.opus,measuring
./data/macroset/en/clips/measuring/common_voice_en_20675251.opus,measuring
./data/macroset/en/clips/visual/common_voice_en_19955110.opus,visual
./data/macroset/en/clips/visual/common_voice_en_20043715.opus,visual
./data/macroset/en/clips/visual/common_voice_en_21229563.opus,visual
./data/macroset/en/clips/visual/common_voice_en_21312319.opus,visual
./data/macroset/en/clips/visual/common_voice_en_20902079.opus,visual
./data/macroset/en/clips/lifeguards/common_voice_en_17278336.opus,lifeguards
./data/macroset/en/clips/lifeguards/common_voice_en_507837.opus,lifeguards
./data/macroset/en/clips/lifeguards/common_voice_en_685078.opus,lifeguards
./data/macroset/en/clips/lifeguards/common_voice_en_17248136.opus,lifeguards
./data/macroset/en/clips/lifeguards/common_voice_en_17880018.opus,lifeguards
./data/macroset/en/clips/iron/common_voice_en_20235660.opus,iron
./data/macroset/en/clips/iron/common_voice_en_504812.opus,iron
./data/macroset/en/clips/iron/common_voice_en_488301.opus,iron
./data/macroset/en/clips/iron/common_voice_en_18686766.opus,iron
./data/macroset/en/clips/iron/common_voice_en_18125770.opus,iron
./data/macroset/en/clips/presumably/common_voice_en_255649.opus,presumably
./data/macroset/en/clips/presumably/common_voice_en_22167595.opus,presumably
./data/macroset/en/clips/presumably/common_voice_en_19167484.opus,presumably
./data/macroset/en/clips/presumably/common_voice_en_20235935.opus,presumably
./data/macroset/en/clips/presumably/common_voice_en_18713689.opus,presumably
./data/macroset/en/clips/whenever/common_voice_en_663068.opus,whenever
./data/macroset/en/clips/whenever/common_voice_en_663923.opus,whenever
./data/macroset/en/clips/whenever/common_voice_en_661829.opus,whenever
./data/macroset/en/clips/whenever/common_voice_en_19908924.opus,whenever
./data/macroset/en/clips/whenever/common_voice_en_20858478.opus,whenever
./data/macroset/en/clips/shared/common_voice_en_7851064.opus,shared
./data/macroset/en/clips/shared/common_voice_en_21128076.opus,shared
./data/macroset/en/clips/shared/common_voice_en_19422839.opus,shared
./data/macroset/en/clips/shared/common_voice_en_19466938.opus,shared
./data/macroset/en/clips/shared/common_voice_en_20316663.opus,shared
./data/macroset/en/clips/infant/common_voice_en_20571538.opus,infant
./data/macroset/en/clips/infant/common_voice_en_19963499.opus,infant
./data/macroset/en/clips/infant/common_voice_en_18811916.opus,infant
./data/macroset/en/clips/infant/common_voice_en_18999370.opus,infant
./data/macroset/en/clips/infant/common_voice_en_22015812.opus,infant
./data/macroset/en/clips/controversial/common_voice_en_22048749.opus,controversial
./data/macroset/en/clips/controversial/common_voice_en_19947423.opus,controversial
./data/macroset/en/clips/controversial/common_voice_en_19534833.opus,controversial
./data/macroset/en/clips/controversial/common_voice_en_22296288.opus,controversial
./data/macroset/en/clips/controversial/common_voice_en_20019518.opus,controversial
./data/macroset/en/clips/dare/common_voice_en_18546974.opus,dare
./data/macroset/en/clips/dare/common_voice_en_656253.opus,dare
./data/macroset/en/clips/dare/common_voice_en_171609.opus,dare
./data/macroset/en/clips/dare/common_voice_en_18513674.opus,dare
./data/macroset/en/clips/dare/common_voice_en_510693.opus,dare
./data/macroset/en/clips/loop/common_voice_en_18943055.opus,loop
./data/macroset/en/clips/loop/common_voice_en_20952353.opus,loop
./data/macroset/en/clips/loop/common_voice_en_18725918.opus,loop
./data/macroset/en/clips/loop/common_voice_en_666255.opus,loop
./data/macroset/en/clips/loop/common_voice_en_540439.opus,loop
./data/macroset/en/clips/brolly/common_voice_en_17269449.opus,brolly
./data/macroset/en/clips/brolly/common_voice_en_17369656.opus,brolly
./data/macroset/en/clips/brolly/common_voice_en_617195.opus,brolly
./data/macroset/en/clips/brolly/common_voice_en_17278328.opus,brolly
./data/macroset/en/clips/brolly/common_voice_en_1677960.opus,brolly
./data/macroset/en/clips/broke/common_voice_en_404682.opus,broke
./data/macroset/en/clips/broke/common_voice_en_20912853.opus,broke
./data/macroset/en/clips/broke/common_voice_en_145880.opus,broke
./data/macroset/en/clips/broke/common_voice_en_194382.opus,broke
./data/macroset/en/clips/broke/common_voice_en_20003.opus,broke
./data/macroset/en/clips/report/common_voice_en_17322060.opus,report
./data/macroset/en/clips/report/common_voice_en_19198928.opus,report
./data/macroset/en/clips/report/common_voice_en_18150589.opus,report
./data/macroset/en/clips/report/common_voice_en_20562490.opus,report
./data/macroset/en/clips/report/common_voice_en_17256743.opus,report
./data/macroset/en/clips/phenomenon/common_voice_en_18751383.opus,phenomenon
./data/macroset/en/clips/phenomenon/common_voice_en_20351942.opus,phenomenon
./data/macroset/en/clips/phenomenon/common_voice_en_20286264.opus,phenomenon
./data/macroset/en/clips/phenomenon/common_voice_en_37263.opus,phenomenon
./data/macroset/en/clips/phenomenon/common_voice_en_19261830.opus,phenomenon
./data/macroset/en/clips/shines/common_voice_en_513721.opus,shines
./data/macroset/en/clips/shines/common_voice_en_535398.opus,shines
./data/macroset/en/clips/shines/common_voice_en_554456.opus,shines
./data/macroset/en/clips/shines/common_voice_en_692158.opus,shines
./data/macroset/en/clips/shines/common_voice_en_625622.opus,shines
./data/macroset/en/clips/servants/common_voice_en_19230930.opus,servants
./data/macroset/en/clips/servants/common_voice_en_44324.opus,servants
./data/macroset/en/clips/servants/common_voice_en_63569.opus,servants
./data/macroset/en/clips/servants/common_voice_en_79166.opus,servants
./data/macroset/en/clips/servants/common_voice_en_62808.opus,servants
./data/macroset/en/clips/appendix/common_voice_en_654115.opus,appendix
./data/macroset/en/clips/appendix/common_voice_en_78139.opus,appendix
./data/macroset/en/clips/appendix/common_voice_en_129270.opus,appendix
./data/macroset/en/clips/appendix/common_voice_en_647782.opus,appendix
./data/macroset/en/clips/appendix/common_voice_en_192029.opus,appendix
./data/macroset/en/clips/wives/common_voice_en_20049903.opus,wives
./data/macroset/en/clips/wives/common_voice_en_18802283.opus,wives
./data/macroset/en/clips/wives/common_voice_en_19546402.opus,wives
./data/macroset/en/clips/wives/common_voice_en_19637828.opus,wives
./data/macroset/en/clips/wives/common_voice_en_20921471.opus,wives
./data/macroset/en/clips/livestock/common_voice_en_21342665.opus,livestock
./data/macroset/en/clips/livestock/common_voice_en_19763327.opus,livestock
./data/macroset/en/clips/livestock/common_voice_en_22045425.opus,livestock
./data/macroset/en/clips/livestock/common_voice_en_22323998.opus,livestock
./data/macroset/en/clips/livestock/common_voice_en_21280079.opus,livestock
./data/macroset/en/clips/northern/common_voice_en_20141562.opus,northern
./data/macroset/en/clips/northern/common_voice_en_20220781.opus,northern
./data/macroset/en/clips/northern/common_voice_en_19770006.opus,northern
./data/macroset/en/clips/northern/common_voice_en_22287358.opus,northern
./data/macroset/en/clips/northern/common_voice_en_19038092.opus,northern
./data/macroset/en/clips/grasped/common_voice_en_221261.opus,grasped
./data/macroset/en/clips/grasped/common_voice_en_614433.opus,grasped
./data/macroset/en/clips/grasped/common_voice_en_40598.opus,grasped
./data/macroset/en/clips/grasped/common_voice_en_622188.opus,grasped
./data/macroset/en/clips/grasped/common_voice_en_690737.opus,grasped
./data/macroset/en/clips/counselor/common_voice_en_586387.opus,counselor
./data/macroset/en/clips/counselor/common_voice_en_20184138.opus,counselor
./data/macroset/en/clips/counselor/common_voice_en_211245.opus,counselor
./data/macroset/en/clips/counselor/common_voice_en_482116.opus,counselor
./data/macroset/en/clips/counselor/common_voice_en_20346837.opus,counselor
./data/macroset/en/clips/oral/common_voice_en_525631.opus,oral
./data/macroset/en/clips/oral/common_voice_en_20052077.opus,oral
./data/macroset/en/clips/oral/common_voice_en_20843619.opus,oral
./data/macroset/en/clips/oral/common_voice_en_21877253.opus,oral
./data/macroset/en/clips/oral/common_voice_en_19439528.opus,oral
./data/macroset/en/clips/tenth/common_voice_en_656714.opus,tenth
./data/macroset/en/clips/tenth/common_voice_en_20244926.opus,tenth
./data/macroset/en/clips/tenth/common_voice_en_654778.opus,tenth
./data/macroset/en/clips/tenth/common_voice_en_681452.opus,tenth
./data/macroset/en/clips/tenth/common_voice_en_643018.opus,tenth
./data/macroset/en/clips/jewelry/common_voice_en_20703174.opus,jewelry
./data/macroset/en/clips/jewelry/common_voice_en_19813125.opus,jewelry
./data/macroset/en/clips/jewelry/common_voice_en_22351755.opus,jewelry
./data/macroset/en/clips/jewelry/common_voice_en_21159994.opus,jewelry
./data/macroset/en/clips/jewelry/common_voice_en_21762378.opus,jewelry
./data/macroset/en/clips/killed/common_voice_en_19553699.opus,killed
./data/macroset/en/clips/killed/common_voice_en_565189.opus,killed
./data/macroset/en/clips/killed/common_voice_en_214912.opus,killed
./data/macroset/en/clips/killed/common_voice_en_647475.opus,killed
./data/macroset/en/clips/killed/common_voice_en_18897858.opus,killed
./data/macroset/en/clips/beagle/common_voice_en_689985.opus,beagle
./data/macroset/en/clips/beagle/common_voice_en_20728528.opus,beagle
./data/macroset/en/clips/beagle/common_voice_en_672851.opus,beagle
./data/macroset/en/clips/beagle/common_voice_en_527337.opus,beagle
./data/macroset/en/clips/beagle/common_voice_en_605964.opus,beagle
./data/macroset/en/clips/deficits/common_voice_en_17268210.opus,deficits
./data/macroset/en/clips/deficits/common_voice_en_15735452.opus,deficits
./data/macroset/en/clips/deficits/common_voice_en_17776254.opus,deficits
./data/macroset/en/clips/deficits/common_voice_en_17387056.opus,deficits
./data/macroset/en/clips/deficits/common_voice_en_17869313.opus,deficits
./data/macroset/en/clips/baseman/common_voice_en_21518784.opus,baseman
./data/macroset/en/clips/baseman/common_voice_en_18790790.opus,baseman
./data/macroset/en/clips/baseman/common_voice_en_533087.opus,baseman
./data/macroset/en/clips/baseman/common_voice_en_175091.opus,baseman
./data/macroset/en/clips/baseman/common_voice_en_658424.opus,baseman
./data/macroset/en/clips/optical/common_voice_en_20776564.opus,optical
./data/macroset/en/clips/optical/common_voice_en_20000024.opus,optical
./data/macroset/en/clips/optical/common_voice_en_21929788.opus,optical
./data/macroset/en/clips/optical/common_voice_en_19758255.opus,optical
./data/macroset/en/clips/optical/common_voice_en_19609742.opus,optical
./data/macroset/en/clips/cupboard/common_voice_en_18470351.opus,cupboard
./data/macroset/en/clips/cupboard/common_voice_en_18421896.opus,cupboard
./data/macroset/en/clips/cupboard/common_voice_en_18645227.opus,cupboard
./data/macroset/en/clips/cupboard/common_voice_en_16400396.opus,cupboard
./data/macroset/en/clips/cupboard/common_voice_en_18144693.opus,cupboard
./data/macroset/en/clips/treated/common_voice_en_21771589.opus,treated
./data/macroset/en/clips/treated/common_voice_en_19102789.opus,treated
./data/macroset/en/clips/treated/common_voice_en_19747779.opus,treated
./data/macroset/en/clips/treated/common_voice_en_19022672.opus,treated
./data/macroset/en/clips/treated/common_voice_en_21852584.opus,treated
./data/macroset/en/clips/smiles/common_voice_en_698986.opus,smiles
./data/macroset/en/clips/smiles/common_voice_en_62792.opus,smiles
./data/macroset/en/clips/smiles/common_voice_en_643324.opus,smiles
./data/macroset/en/clips/smiles/common_voice_en_218073.opus,smiles
./data/macroset/en/clips/smiles/common_voice_en_122770.opus,smiles
./data/macroset/en/clips/lifestyle/common_voice_en_21929928.opus,lifestyle
./data/macroset/en/clips/lifestyle/common_voice_en_20297422.opus,lifestyle
./data/macroset/en/clips/lifestyle/common_voice_en_19304639.opus,lifestyle
./data/macroset/en/clips/lifestyle/common_voice_en_18495881.opus,lifestyle
./data/macroset/en/clips/lifestyle/common_voice_en_20400271.opus,lifestyle
./data/macroset/en/clips/listeners/common_voice_en_19635409.opus,listeners
./data/macroset/en/clips/listeners/common_voice_en_21636350.opus,listeners
./data/macroset/en/clips/listeners/common_voice_en_20413720.opus,listeners
./data/macroset/en/clips/listeners/common_voice_en_20351935.opus,listeners
./data/macroset/en/clips/listeners/common_voice_en_17888657.opus,listeners
./data/macroset/en/clips/dealer/common_voice_en_19514145.opus,dealer
./data/macroset/en/clips/dealer/common_voice_en_21509939.opus,dealer
./data/macroset/en/clips/dealer/common_voice_en_19731340.opus,dealer
./data/macroset/en/clips/dealer/common_voice_en_21721574.opus,dealer
./data/macroset/en/clips/dealer/common_voice_en_22106719.opus,dealer
./data/macroset/en/clips/reacted/common_voice_en_18077565.opus,reacted
./data/macroset/en/clips/reacted/common_voice_en_17498671.opus,reacted
./data/macroset/en/clips/reacted/common_voice_en_17302075.opus,reacted
./data/macroset/en/clips/reacted/common_voice_en_60485.opus,reacted
./data/macroset/en/clips/reacted/common_voice_en_39218.opus,reacted
./data/macroset/en/clips/substitute/common_voice_en_19733735.opus,substitute
./data/macroset/en/clips/substitute/common_voice_en_20475100.opus,substitute
./data/macroset/en/clips/substitute/common_voice_en_19478514.opus,substitute
./data/macroset/en/clips/substitute/common_voice_en_19499634.opus,substitute
./data/macroset/en/clips/substitute/common_voice_en_19705809.opus,substitute
./data/macroset/en/clips/assure/common_voice_en_18433508.opus,assure
./data/macroset/en/clips/assure/common_voice_en_18604889.opus,assure
./data/macroset/en/clips/assure/common_voice_en_58376.opus,assure
./data/macroset/en/clips/assure/common_voice_en_17887865.opus,assure
./data/macroset/en/clips/assure/common_voice_en_18865056.opus,assure
./data/macroset/en/clips/custard/common_voice_en_551492.opus,custard
./data/macroset/en/clips/custard/common_voice_en_90029.opus,custard
./data/macroset/en/clips/custard/common_voice_en_418270.opus,custard
./data/macroset/en/clips/custard/common_voice_en_18004219.opus,custard
./data/macroset/en/clips/custard/common_voice_en_17662964.opus,custard
./data/macroset/en/clips/thoroughly/common_voice_en_206325.opus,thoroughly
./data/macroset/en/clips/thoroughly/common_voice_en_515358.opus,thoroughly
./data/macroset/en/clips/thoroughly/common_voice_en_17818580.opus,thoroughly
./data/macroset/en/clips/thoroughly/common_voice_en_17368799.opus,thoroughly
./data/macroset/en/clips/thoroughly/common_voice_en_662000.opus,thoroughly
./data/macroset/en/clips/illustrated/common_voice_en_19823610.opus,illustrated
./data/macroset/en/clips/illustrated/common_voice_en_22022022.opus,illustrated
./data/macroset/en/clips/illustrated/common_voice_en_19989834.opus,illustrated
./data/macroset/en/clips/illustrated/common_voice_en_20957750.opus,illustrated
./data/macroset/en/clips/illustrated/common_voice_en_19353553.opus,illustrated
./data/macroset/en/clips/verse/common_voice_en_22287165.opus,verse
./data/macroset/en/clips/verse/common_voice_en_20101665.opus,verse
./data/macroset/en/clips/verse/common_voice_en_19680967.opus,verse
./data/macroset/en/clips/verse/common_voice_en_20902180.opus,verse
./data/macroset/en/clips/verse/common_voice_en_20710856.opus,verse
./data/macroset/en/clips/critically/common_voice_en_19621648.opus,critically
./data/macroset/en/clips/critically/common_voice_en_20130784.opus,critically
./data/macroset/en/clips/critically/common_voice_en_19688146.opus,critically
./data/macroset/en/clips/critically/common_voice_en_22366158.opus,critically
./data/macroset/en/clips/critically/common_voice_en_21897114.opus,critically
./data/macroset/en/clips/accept/common_voice_en_17270564.opus,accept
./data/macroset/en/clips/accept/common_voice_en_22272511.opus,accept
./data/macroset/en/clips/accept/common_voice_en_18708459.opus,accept
./data/macroset/en/clips/accept/common_voice_en_289725.opus,accept
./data/macroset/en/clips/accept/common_voice_en_449948.opus,accept
./data/macroset/en/clips/trio/common_voice_en_20857199.opus,trio
./data/macroset/en/clips/trio/common_voice_en_17788816.opus,trio
./data/macroset/en/clips/trio/common_voice_en_20167543.opus,trio
./data/macroset/en/clips/trio/common_voice_en_18674499.opus,trio
./data/macroset/en/clips/trio/common_voice_en_17261175.opus,trio
./data/macroset/en/clips/dozens/common_voice_en_20041256.opus,dozens
./data/macroset/en/clips/dozens/common_voice_en_609292.opus,dozens
./data/macroset/en/clips/dozens/common_voice_en_20312808.opus,dozens
./data/macroset/en/clips/dozens/common_voice_en_21146534.opus,dozens
./data/macroset/en/clips/dozens/common_voice_en_20008868.opus,dozens
./data/macroset/en/clips/projectile/common_voice_en_203198.opus,projectile
./data/macroset/en/clips/projectile/common_voice_en_220142.opus,projectile
./data/macroset/en/clips/projectile/common_voice_en_136788.opus,projectile
./data/macroset/en/clips/projectile/common_voice_en_190071.opus,projectile
./data/macroset/en/clips/projectile/common_voice_en_208019.opus,projectile
./data/macroset/en/clips/coaching/common_voice_en_19783341.opus,coaching
./data/macroset/en/clips/coaching/common_voice_en_19106786.opus,coaching
./data/macroset/en/clips/coaching/common_voice_en_21344544.opus,coaching
./data/macroset/en/clips/coaching/common_voice_en_19163279.opus,coaching
./data/macroset/en/clips/coaching/common_voice_en_19578281.opus,coaching
./data/macroset/en/clips/holiday/common_voice_en_18883230.opus,holiday
./data/macroset/en/clips/holiday/common_voice_en_18342480.opus,holiday
./data/macroset/en/clips/holiday/common_voice_en_19249005.opus,holiday
./data/macroset/en/clips/holiday/common_voice_en_18429755.opus,holiday
./data/macroset/en/clips/holiday/common_voice_en_21724350.opus,holiday
./data/macroset/en/clips/green/common_voice_en_19708607.opus,green
./data/macroset/en/clips/green/common_voice_en_508629.opus,green
./data/macroset/en/clips/green/common_voice_en_46144.opus,green
./data/macroset/en/clips/green/common_voice_en_490506.opus,green
./data/macroset/en/clips/green/common_voice_en_607149.opus,green
./data/macroset/en/clips/marines/common_voice_en_477343.opus,marines
./data/macroset/en/clips/marines/common_voice_en_98159.opus,marines
./data/macroset/en/clips/marines/common_voice_en_556282.opus,marines
./data/macroset/en/clips/marines/common_voice_en_16388.opus,marines
./data/macroset/en/clips/marines/common_voice_en_19499653.opus,marines
./data/macroset/en/clips/gossip/common_voice_en_17551244.opus,gossip
./data/macroset/en/clips/gossip/common_voice_en_17269588.opus,gossip
./data/macroset/en/clips/gossip/common_voice_en_21852516.opus,gossip
./data/macroset/en/clips/gossip/common_voice_en_18627858.opus,gossip
./data/macroset/en/clips/gossip/common_voice_en_21102524.opus,gossip
./data/macroset/en/clips/mediterranean/common_voice_en_20245939.opus,mediterranean
./data/macroset/en/clips/mediterranean/common_voice_en_19622568.opus,mediterranean
./data/macroset/en/clips/mediterranean/common_voice_en_20424513.opus,mediterranean
./data/macroset/en/clips/mediterranean/common_voice_en_19534836.opus,mediterranean
./data/macroset/en/clips/mediterranean/common_voice_en_22219237.opus,mediterranean
./data/macroset/en/clips/cosine/common_voice_en_18109261.opus,cosine
./data/macroset/en/clips/cosine/common_voice_en_200654.opus,cosine
./data/macroset/en/clips/cosine/common_voice_en_186088.opus,cosine
./data/macroset/en/clips/cosine/common_voice_en_17441638.opus,cosine
./data/macroset/en/clips/cosine/common_voice_en_17262957.opus,cosine
./data/macroset/en/clips/frank/common_voice_en_20939215.opus,frank
./data/macroset/en/clips/frank/common_voice_en_22253187.opus,frank
./data/macroset/en/clips/frank/common_voice_en_502642.opus,frank
./data/macroset/en/clips/frank/common_voice_en_18496346.opus,frank
./data/macroset/en/clips/frank/common_voice_en_18760731.opus,frank
./data/macroset/en/clips/lawsuits/common_voice_en_17283615.opus,lawsuits
./data/macroset/en/clips/lawsuits/common_voice_en_20792906.opus,lawsuits
./data/macroset/en/clips/lawsuits/common_voice_en_17558506.opus,lawsuits
./data/macroset/en/clips/lawsuits/common_voice_en_18042614.opus,lawsuits
./data/macroset/en/clips/lawsuits/common_voice_en_40279.opus,lawsuits
./data/macroset/en/clips/breaching/common_voice_en_17331672.opus,breaching
./data/macroset/en/clips/breaching/common_voice_en_17297824.opus,breaching
./data/macroset/en/clips/breaching/common_voice_en_17357335.opus,breaching
./data/macroset/en/clips/breaching/common_voice_en_18080376.opus,breaching
./data/macroset/en/clips/breaching/common_voice_en_18136757.opus,breaching
./data/macroset/en/clips/successor/common_voice_en_19466114.opus,successor
./data/macroset/en/clips/successor/common_voice_en_20228398.opus,successor
./data/macroset/en/clips/successor/common_voice_en_19714131.opus,successor
./data/macroset/en/clips/successor/common_voice_en_19403694.opus,successor
./data/macroset/en/clips/successor/common_voice_en_20220865.opus,successor
./data/macroset/en/clips/gold/common_voice_en_33866.opus,gold
./data/macroset/en/clips/gold/common_voice_en_684133.opus,gold
./data/macroset/en/clips/gold/common_voice_en_623227.opus,gold
./data/macroset/en/clips/gold/common_voice_en_18890747.opus,gold
./data/macroset/en/clips/gold/common_voice_en_570974.opus,gold
./data/macroset/en/clips/reddish/common_voice_en_22251422.opus,reddish
./data/macroset/en/clips/reddish/common_voice_en_524868.opus,reddish
./data/macroset/en/clips/reddish/common_voice_en_19765923.opus,reddish
./data/macroset/en/clips/reddish/common_voice_en_584396.opus,reddish
./data/macroset/en/clips/reddish/common_voice_en_21605852.opus,reddish
./data/macroset/en/clips/brazil/common_voice_en_21803505.opus,brazil
./data/macroset/en/clips/brazil/common_voice_en_19867257.opus,brazil
./data/macroset/en/clips/brazil/common_voice_en_17986159.opus,brazil
./data/macroset/en/clips/brazil/common_voice_en_17254877.opus,brazil
./data/macroset/en/clips/brazil/common_voice_en_20290421.opus,brazil
./data/macroset/en/clips/clara/common_voice_en_18158868.opus,clara
./data/macroset/en/clips/clara/common_voice_en_19660140.opus,clara
./data/macroset/en/clips/clara/common_voice_en_19439358.opus,clara
./data/macroset/en/clips/clara/common_voice_en_21501294.opus,clara
./data/macroset/en/clips/clara/common_voice_en_17875184.opus,clara
./data/macroset/en/clips/accomplish/common_voice_en_169653.opus,accomplish
./data/macroset/en/clips/accomplish/common_voice_en_602619.opus,accomplish
./data/macroset/en/clips/accomplish/common_voice_en_633335.opus,accomplish
./data/macroset/en/clips/accomplish/common_voice_en_19214780.opus,accomplish
./data/macroset/en/clips/accomplish/common_voice_en_21555622.opus,accomplish
./data/macroset/en/clips/printing/common_voice_en_19595187__2.opus,printing
./data/macroset/en/clips/printing/common_voice_en_20427472.opus,printing
./data/macroset/en/clips/printing/common_voice_en_20392233.opus,printing
./data/macroset/en/clips/printing/common_voice_en_22304876.opus,printing
./data/macroset/en/clips/printing/common_voice_en_65827.opus,printing
./data/macroset/en/clips/renowned/common_voice_en_21106526.opus,renowned
./data/macroset/en/clips/renowned/common_voice_en_21851957.opus,renowned
./data/macroset/en/clips/renowned/common_voice_en_19620443.opus,renowned
./data/macroset/en/clips/renowned/common_voice_en_20964331.opus,renowned
./data/macroset/en/clips/renowned/common_voice_en_19566715.opus,renowned
./data/macroset/en/clips/delete/common_voice_en_697939.opus,delete
./data/macroset/en/clips/delete/common_voice_en_17926062.opus,delete
./data/macroset/en/clips/delete/common_voice_en_621378.opus,delete
./data/macroset/en/clips/delete/common_voice_en_20624907.opus,delete
./data/macroset/en/clips/delete/common_voice_en_16048089.opus,delete
./data/macroset/en/clips/betrayed/common_voice_en_631805.opus,betrayed
./data/macroset/en/clips/betrayed/common_voice_en_201478.opus,betrayed
./data/macroset/en/clips/betrayed/common_voice_en_183671.opus,betrayed
./data/macroset/en/clips/betrayed/common_voice_en_208990.opus,betrayed
./data/macroset/en/clips/betrayed/common_voice_en_22341443.opus,betrayed
./data/macroset/en/clips/confiscated/common_voice_en_22311887.opus,confiscated
./data/macroset/en/clips/confiscated/common_voice_en_598675.opus,confiscated
./data/macroset/en/clips/confiscated/common_voice_en_602475.opus,confiscated
./data/macroset/en/clips/confiscated/common_voice_en_21355943.opus,confiscated
./data/macroset/en/clips/confiscated/common_voice_en_209061.opus,confiscated
./data/macroset/en/clips/shook/common_voice_en_18181460.opus,shook
./data/macroset/en/clips/shook/common_voice_en_18316729.opus,shook
./data/macroset/en/clips/shook/common_voice_en_311788.opus,shook
./data/macroset/en/clips/shook/common_voice_en_18496725.opus,shook
./data/macroset/en/clips/shook/common_voice_en_18598399.opus,shook
./data/macroset/en/clips/sampled/common_voice_en_95427.opus,sampled
./data/macroset/en/clips/sampled/common_voice_en_663211.opus,sampled
./data/macroset/en/clips/sampled/common_voice_en_528292.opus,sampled
./data/macroset/en/clips/sampled/common_voice_en_20270601.opus,sampled
./data/macroset/en/clips/sampled/common_voice_en_15893.opus,sampled
./data/macroset/en/clips/watch/common_voice_en_93818.opus,watch
./data/macroset/en/clips/watch/common_voice_en_686548.opus,watch
./data/macroset/en/clips/watch/common_voice_en_699792.opus,watch
./data/macroset/en/clips/watch/common_voice_en_518563.opus,watch
./data/macroset/en/clips/watch/common_voice_en_17863640.opus,watch
./data/macroset/en/clips/experiments/common_voice_en_20995974.opus,experiments
./data/macroset/en/clips/experiments/common_voice_en_19640961.opus,experiments
./data/macroset/en/clips/experiments/common_voice_en_21884993.opus,experiments
./data/macroset/en/clips/experiments/common_voice_en_20445608.opus,experiments
./data/macroset/en/clips/experiments/common_voice_en_20400832.opus,experiments
./data/macroset/en/clips/guitarist/common_voice_en_21645900.opus,guitarist
./data/macroset/en/clips/guitarist/common_voice_en_19566735.opus,guitarist
./data/macroset/en/clips/guitarist/common_voice_en_21512159.opus,guitarist
./data/macroset/en/clips/guitarist/common_voice_en_20958726.opus,guitarist
./data/macroset/en/clips/guitarist/common_voice_en_20257767.opus,guitarist
./data/macroset/en/clips/toddler/common_voice_en_18526012.opus,toddler
./data/macroset/en/clips/toddler/common_voice_en_18986369.opus,toddler
./data/macroset/en/clips/toddler/common_voice_en_116669.opus,toddler
./data/macroset/en/clips/toddler/common_voice_en_616072.opus,toddler
./data/macroset/en/clips/toddler/common_voice_en_594391.opus,toddler
./data/macroset/en/clips/openstreetmap/common_voice_en_19618485.opus,openstreetmap
./data/macroset/en/clips/openstreetmap/common_voice_en_17303203.opus,openstreetmap
./data/macroset/en/clips/openstreetmap/common_voice_en_153250.opus,openstreetmap
./data/macroset/en/clips/openstreetmap/common_voice_en_17296726.opus,openstreetmap
./data/macroset/en/clips/openstreetmap/common_voice_en_503004.opus,openstreetmap
./data/macroset/en/clips/supper/common_voice_en_17561819.opus,supper
./data/macroset/en/clips/supper/common_voice_en_18341887.opus,supper
./data/macroset/en/clips/supper/common_voice_en_18441358.opus,supper
./data/macroset/en/clips/supper/common_voice_en_192603.opus,supper
./data/macroset/en/clips/supper/common_voice_en_18336193.opus,supper
./data/macroset/en/clips/ulcers/common_voice_en_19960788__2.opus,ulcers
./data/macroset/en/clips/ulcers/common_voice_en_582544.opus,ulcers
./data/macroset/en/clips/ulcers/common_voice_en_483440.opus,ulcers
./data/macroset/en/clips/ulcers/common_voice_en_605194.opus,ulcers
./data/macroset/en/clips/ulcers/common_voice_en_645772.opus,ulcers
./data/macroset/en/clips/liquor/common_voice_en_428045.opus,liquor
./data/macroset/en/clips/liquor/common_voice_en_19283541.opus,liquor
./data/macroset/en/clips/liquor/common_voice_en_18109840.opus,liquor
./data/macroset/en/clips/liquor/common_voice_en_18836288.opus,liquor
./data/macroset/en/clips/liquor/common_voice_en_20926392.opus,liquor
./data/macroset/en/clips/capitol/common_voice_en_21977484.opus,capitol
./data/macroset/en/clips/capitol/common_voice_en_19710357.opus,capitol
./data/macroset/en/clips/capitol/common_voice_en_20466179.opus,capitol
./data/macroset/en/clips/capitol/common_voice_en_21740998.opus,capitol
./data/macroset/en/clips/capitol/common_voice_en_22237169.opus,capitol
./data/macroset/en/clips/agrees/common_voice_en_20998878.opus,agrees
./data/macroset/en/clips/agrees/common_voice_en_21494167.opus,agrees
./data/macroset/en/clips/agrees/common_voice_en_17259468.opus,agrees
./data/macroset/en/clips/agrees/common_voice_en_18501171.opus,agrees
./data/macroset/en/clips/agrees/common_voice_en_559079.opus,agrees
./data/macroset/en/clips/commission/common_voice_en_19340443.opus,commission
./data/macroset/en/clips/commission/common_voice_en_20750401.opus,commission
./data/macroset/en/clips/commission/common_voice_en_20435297.opus,commission
./data/macroset/en/clips/commission/common_voice_en_21081728.opus,commission
./data/macroset/en/clips/commission/common_voice_en_19746029.opus,commission
./data/macroset/en/clips/destinations/common_voice_en_20116301.opus,destinations
./data/macroset/en/clips/destinations/common_voice_en_19719728.opus,destinations
./data/macroset/en/clips/destinations/common_voice_en_20830793.opus,destinations
./data/macroset/en/clips/destinations/common_voice_en_22321728.opus,destinations
./data/macroset/en/clips/destinations/common_voice_en_20628018.opus,destinations
./data/macroset/en/clips/instantly/common_voice_en_18155195.opus,instantly
./data/macroset/en/clips/instantly/common_voice_en_605153.opus,instantly
./data/macroset/en/clips/instantly/common_voice_en_644333.opus,instantly
./data/macroset/en/clips/instantly/common_voice_en_20602085.opus,instantly
./data/macroset/en/clips/instantly/common_voice_en_60354.opus,instantly
./data/macroset/en/clips/map/common_voice_en_21254647.opus,map
./data/macroset/en/clips/map/common_voice_en_21500839.opus,map
./data/macroset/en/clips/map/common_voice_en_20497410.opus,map
./data/macroset/en/clips/map/common_voice_en_19646079.opus,map
./data/macroset/en/clips/map/common_voice_en_20247648.opus,map
./data/macroset/en/clips/expressions/common_voice_en_21876233.opus,expressions
./data/macroset/en/clips/expressions/common_voice_en_19122765.opus,expressions
./data/macroset/en/clips/expressions/common_voice_en_19512311.opus,expressions
./data/macroset/en/clips/expressions/common_voice_en_20817966.opus,expressions
./data/macroset/en/clips/expressions/common_voice_en_22146171.opus,expressions
./data/macroset/en/clips/person/common_voice_en_46468.opus,person
./data/macroset/en/clips/person/common_voice_en_87513.opus,person
./data/macroset/en/clips/person/common_voice_en_596861.opus,person
./data/macroset/en/clips/person/common_voice_en_18909605.opus,person
./data/macroset/en/clips/person/common_voice_en_21593438.opus,person
./data/macroset/en/clips/bursting/common_voice_en_488335.opus,bursting
./data/macroset/en/clips/bursting/common_voice_en_45508.opus,bursting
./data/macroset/en/clips/bursting/common_voice_en_213889.opus,bursting
./data/macroset/en/clips/bursting/common_voice_en_498830.opus,bursting
./data/macroset/en/clips/bursting/common_voice_en_20462815.opus,bursting
./data/macroset/en/clips/joanna/common_voice_en_631264.opus,joanna
./data/macroset/en/clips/joanna/common_voice_en_21693012.opus,joanna
./data/macroset/en/clips/joanna/common_voice_en_22085093.opus,joanna
./data/macroset/en/clips/joanna/common_voice_en_21516115.opus,joanna
./data/macroset/en/clips/joanna/common_voice_en_72878.opus,joanna
./data/macroset/en/clips/limited/common_voice_en_19789134.opus,limited
./data/macroset/en/clips/limited/common_voice_en_19837395.opus,limited
./data/macroset/en/clips/limited/common_voice_en_20922923.opus,limited
./data/macroset/en/clips/limited/common_voice_en_20221007.opus,limited
./data/macroset/en/clips/limited/common_voice_en_20660998.opus,limited
./data/macroset/en/clips/fibre/common_voice_en_522523.opus,fibre
./data/macroset/en/clips/fibre/common_voice_en_18300552.opus,fibre
./data/macroset/en/clips/fibre/common_voice_en_22299858.opus,fibre
./data/macroset/en/clips/fibre/common_voice_en_686823.opus,fibre
./data/macroset/en/clips/fibre/common_voice_en_20133284.opus,fibre
./data/macroset/en/clips/scholars/common_voice_en_22446928.opus,scholars
./data/macroset/en/clips/scholars/common_voice_en_20531973.opus,scholars
./data/macroset/en/clips/scholars/common_voice_en_20293699.opus,scholars
./data/macroset/en/clips/scholars/common_voice_en_20721360.opus,scholars
./data/macroset/en/clips/scholars/common_voice_en_22432738.opus,scholars
./data/macroset/en/clips/went/common_voice_en_538325.opus,went
./data/macroset/en/clips/went/common_voice_en_181028.opus,went
./data/macroset/en/clips/went/common_voice_en_671603.opus,went
./data/macroset/en/clips/went/common_voice_en_20589607.opus,went
./data/macroset/en/clips/went/common_voice_en_21505234.opus,went
./data/macroset/en/clips/playground/common_voice_en_20474704.opus,playground
./data/macroset/en/clips/playground/common_voice_en_20524158.opus,playground
./data/macroset/en/clips/playground/common_voice_en_2322717.opus,playground
./data/macroset/en/clips/playground/common_voice_en_4989575.opus,playground
./data/macroset/en/clips/playground/common_voice_en_205242.opus,playground
./data/macroset/en/clips/sine/common_voice_en_17284366.opus,sine
./data/macroset/en/clips/sine/common_voice_en_17296104.opus,sine
./data/macroset/en/clips/sine/common_voice_en_17441638.opus,sine
./data/macroset/en/clips/sine/common_voice_en_17907145.opus,sine
./data/macroset/en/clips/sine/common_voice_en_21765881.opus,sine
./data/macroset/en/clips/estimated/common_voice_en_19640946.opus,estimated
./data/macroset/en/clips/estimated/common_voice_en_18434152.opus,estimated
./data/macroset/en/clips/estimated/common_voice_en_19172258.opus,estimated
./data/macroset/en/clips/estimated/common_voice_en_21186916.opus,estimated
./data/macroset/en/clips/estimated/common_voice_en_20798312.opus,estimated
./data/macroset/en/clips/ringing/common_voice_en_516943.opus,ringing
./data/macroset/en/clips/ringing/common_voice_en_671231.opus,ringing
./data/macroset/en/clips/ringing/common_voice_en_623853.opus,ringing
./data/macroset/en/clips/ringing/common_voice_en_639810.opus,ringing
./data/macroset/en/clips/ringing/common_voice_en_615961.opus,ringing
./data/macroset/en/clips/handled/common_voice_en_18307966.opus,handled
./data/macroset/en/clips/handled/common_voice_en_8698.opus,handled
./data/macroset/en/clips/handled/common_voice_en_22051054.opus,handled
./data/macroset/en/clips/handled/common_voice_en_19863498.opus,handled
./data/macroset/en/clips/handled/common_voice_en_18984668.opus,handled
./data/macroset/en/clips/pittsburgh/common_voice_en_22220267.opus,pittsburgh
./data/macroset/en/clips/pittsburgh/common_voice_en_22030062.opus,pittsburgh
./data/macroset/en/clips/pittsburgh/common_voice_en_20203455.opus,pittsburgh
./data/macroset/en/clips/pittsburgh/common_voice_en_19265418.opus,pittsburgh
./data/macroset/en/clips/pittsburgh/common_voice_en_21831920.opus,pittsburgh
./data/macroset/en/clips/determined/common_voice_en_591388.opus,determined
./data/macroset/en/clips/determined/common_voice_en_18618122.opus,determined
./data/macroset/en/clips/determined/common_voice_en_19981696.opus,determined
./data/macroset/en/clips/determined/common_voice_en_20505734.opus,determined
./data/macroset/en/clips/determined/common_voice_en_19389267.opus,determined
./data/macroset/en/clips/whitney/common_voice_en_20005320.opus,whitney
./data/macroset/en/clips/whitney/common_voice_en_20649669.opus,whitney
./data/macroset/en/clips/whitney/common_voice_en_22146603.opus,whitney
./data/macroset/en/clips/whitney/common_voice_en_78238.opus,whitney
./data/macroset/en/clips/whitney/common_voice_en_22237532.opus,whitney
./data/macroset/en/clips/infections/common_voice_en_19807254.opus,infections
./data/macroset/en/clips/infections/common_voice_en_20771404.opus,infections
./data/macroset/en/clips/infections/common_voice_en_20315667.opus,infections
./data/macroset/en/clips/infections/common_voice_en_22434492.opus,infections
./data/macroset/en/clips/infections/common_voice_en_19689309.opus,infections
./data/macroset/en/clips/venture/common_voice_en_447356.opus,venture
./data/macroset/en/clips/venture/common_voice_en_18400733.opus,venture
./data/macroset/en/clips/venture/common_voice_en_20905702.opus,venture
./data/macroset/en/clips/venture/common_voice_en_18939187.opus,venture
./data/macroset/en/clips/venture/common_voice_en_18796696.opus,venture
./data/macroset/en/clips/observe/common_voice_en_19740794.opus,observe
./data/macroset/en/clips/observe/common_voice_en_60079.opus,observe
./data/macroset/en/clips/observe/common_voice_en_561427.opus,observe
./data/macroset/en/clips/observe/common_voice_en_194771.opus,observe
./data/macroset/en/clips/observe/common_voice_en_561999.opus,observe
./data/macroset/en/clips/waterway/common_voice_en_18714339.opus,waterway
./data/macroset/en/clips/waterway/common_voice_en_486426.opus,waterway
./data/macroset/en/clips/waterway/common_voice_en_18715664.opus,waterway
./data/macroset/en/clips/waterway/common_voice_en_18725703.opus,waterway
./data/macroset/en/clips/waterway/common_voice_en_19016091.opus,waterway
./data/macroset/en/clips/escort/common_voice_en_19858641.opus,escort
./data/macroset/en/clips/escort/common_voice_en_17263586.opus,escort
./data/macroset/en/clips/escort/common_voice_en_17282928.opus,escort
./data/macroset/en/clips/escort/common_voice_en_20273037.opus,escort
./data/macroset/en/clips/escort/common_voice_en_18981461.opus,escort
./data/macroset/en/clips/expected/common_voice_en_19528133.opus,expected
./data/macroset/en/clips/expected/common_voice_en_21019723.opus,expected
./data/macroset/en/clips/expected/common_voice_en_690924.opus,expected
./data/macroset/en/clips/expected/common_voice_en_19727192.opus,expected
./data/macroset/en/clips/expected/common_voice_en_19702034.opus,expected
./data/macroset/en/clips/walnut/common_voice_en_20169999.opus,walnut
./data/macroset/en/clips/walnut/common_voice_en_18489246.opus,walnut
./data/macroset/en/clips/walnut/common_voice_en_543559.opus,walnut
./data/macroset/en/clips/walnut/common_voice_en_557490.opus,walnut
./data/macroset/en/clips/walnut/common_voice_en_19710867.opus,walnut
./data/macroset/en/clips/autonomous/common_voice_en_19647538.opus,autonomous
./data/macroset/en/clips/autonomous/common_voice_en_18974856.opus,autonomous
./data/macroset/en/clips/autonomous/common_voice_en_18666353.opus,autonomous
./data/macroset/en/clips/autonomous/common_voice_en_20342992.opus,autonomous
./data/macroset/en/clips/autonomous/common_voice_en_22332961.opus,autonomous
./data/macroset/en/clips/spell/common_voice_en_18502981.opus,spell
./data/macroset/en/clips/spell/common_voice_en_606003.opus,spell
./data/macroset/en/clips/spell/common_voice_en_21205692.opus,spell
./data/macroset/en/clips/spell/common_voice_en_623196.opus,spell
./data/macroset/en/clips/spell/common_voice_en_511426.opus,spell
./data/macroset/en/clips/edges/common_voice_en_17263321.opus,edges
./data/macroset/en/clips/edges/common_voice_en_20918482.opus,edges
./data/macroset/en/clips/edges/common_voice_en_17940988.opus,edges
./data/macroset/en/clips/edges/common_voice_en_20846863.opus,edges
./data/macroset/en/clips/edges/common_voice_en_18320337.opus,edges
./data/macroset/en/clips/vienna/common_voice_en_20637037.opus,vienna
./data/macroset/en/clips/vienna/common_voice_en_19815974.opus,vienna
./data/macroset/en/clips/vienna/common_voice_en_19410689.opus,vienna
./data/macroset/en/clips/vienna/common_voice_en_20817528.opus,vienna
./data/macroset/en/clips/vienna/common_voice_en_19772072.opus,vienna
./data/macroset/en/clips/flammable/common_voice_en_19944528.opus,flammable
./data/macroset/en/clips/flammable/common_voice_en_419365.opus,flammable
./data/macroset/en/clips/flammable/common_voice_en_18117953.opus,flammable
./data/macroset/en/clips/flammable/common_voice_en_19968378.opus,flammable
./data/macroset/en/clips/flammable/common_voice_en_18065871.opus,flammable
./data/macroset/en/clips/cheek/common_voice_en_680278.opus,cheek
./data/macroset/en/clips/cheek/common_voice_en_17877347.opus,cheek
./data/macroset/en/clips/cheek/common_voice_en_635357.opus,cheek
./data/macroset/en/clips/cheek/common_voice_en_17394491.opus,cheek
./data/macroset/en/clips/cheek/common_voice_en_20653652.opus,cheek
./data/macroset/en/clips/hospitality/common_voice_en_568486.opus,hospitality
./data/macroset/en/clips/hospitality/common_voice_en_20040891.opus,hospitality
./data/macroset/en/clips/hospitality/common_voice_en_478253.opus,hospitality
./data/macroset/en/clips/hospitality/common_voice_en_19466202.opus,hospitality
./data/macroset/en/clips/hospitality/common_voice_en_487021.opus,hospitality
./data/macroset/en/clips/circular/common_voice_en_20305889.opus,circular
./data/macroset/en/clips/circular/common_voice_en_683119.opus,circular
./data/macroset/en/clips/circular/common_voice_en_21081886.opus,circular
./data/macroset/en/clips/circular/common_voice_en_68581.opus,circular
./data/macroset/en/clips/circular/common_voice_en_633284.opus,circular
./data/macroset/en/clips/commons/common_voice_en_20291335.opus,commons
./data/macroset/en/clips/commons/common_voice_en_18115576.opus,commons
./data/macroset/en/clips/commons/common_voice_en_19957544.opus,commons
./data/macroset/en/clips/commons/common_voice_en_19035502.opus,commons
./data/macroset/en/clips/commons/common_voice_en_21752994.opus,commons
./data/macroset/en/clips/introducing/common_voice_en_17965958.opus,introducing
./data/macroset/en/clips/introducing/common_voice_en_19704065.opus,introducing
./data/macroset/en/clips/introducing/common_voice_en_20920614.opus,introducing
./data/macroset/en/clips/introducing/common_voice_en_17945521.opus,introducing
./data/macroset/en/clips/introducing/common_voice_en_17380609.opus,introducing
./data/macroset/en/clips/graduation/common_voice_en_21678033.opus,graduation
./data/macroset/en/clips/graduation/common_voice_en_19865015.opus,graduation
./data/macroset/en/clips/graduation/common_voice_en_19700693.opus,graduation
./data/macroset/en/clips/graduation/common_voice_en_21277318.opus,graduation
./data/macroset/en/clips/graduation/common_voice_en_19599976.opus,graduation
./data/macroset/en/clips/servant/common_voice_en_19164679.opus,servant
./data/macroset/en/clips/servant/common_voice_en_622099.opus,servant
./data/macroset/en/clips/servant/common_voice_en_18967073.opus,servant
./data/macroset/en/clips/servant/common_voice_en_22364876.opus,servant
./data/macroset/en/clips/servant/common_voice_en_20031228.opus,servant
./data/macroset/en/clips/decollete/common_voice_en_17264922.opus,decollete
./data/macroset/en/clips/decollete/common_voice_en_17254705.opus,decollete
./data/macroset/en/clips/decollete/common_voice_en_526545.opus,decollete
./data/macroset/en/clips/decollete/common_voice_en_17267403.opus,decollete
./data/macroset/en/clips/decollete/common_voice_en_17264159.opus,decollete
./data/macroset/en/clips/learnt/common_voice_en_19131391.opus,learnt
./data/macroset/en/clips/learnt/common_voice_en_19043370.opus,learnt
./data/macroset/en/clips/learnt/common_voice_en_18484071.opus,learnt
./data/macroset/en/clips/learnt/common_voice_en_19713267.opus,learnt
./data/macroset/en/clips/learnt/common_voice_en_20178833.opus,learnt
./data/macroset/en/clips/stopping/common_voice_en_19602182.opus,stopping
./data/macroset/en/clips/stopping/common_voice_en_19717482.opus,stopping
./data/macroset/en/clips/stopping/common_voice_en_20713138.opus,stopping
./data/macroset/en/clips/stopping/common_voice_en_17247758.opus,stopping
./data/macroset/en/clips/stopping/common_voice_en_522597.opus,stopping
./data/macroset/en/clips/buddhist/common_voice_en_19814547.opus,buddhist
./data/macroset/en/clips/buddhist/common_voice_en_19693712.opus,buddhist
./data/macroset/en/clips/buddhist/common_voice_en_19867733.opus,buddhist
./data/macroset/en/clips/buddhist/common_voice_en_20415914.opus,buddhist
./data/macroset/en/clips/buddhist/common_voice_en_21450370.opus,buddhist
./data/macroset/en/clips/felt/common_voice_en_132009.opus,felt
./data/macroset/en/clips/felt/common_voice_en_155650.opus,felt
./data/macroset/en/clips/felt/common_voice_en_18731859.opus,felt
./data/macroset/en/clips/felt/common_voice_en_20043672.opus,felt
./data/macroset/en/clips/felt/common_voice_en_98986.opus,felt
./data/macroset/en/clips/whale/common_voice_en_73365.opus,whale
./data/macroset/en/clips/whale/common_voice_en_19871818.opus,whale
./data/macroset/en/clips/whale/common_voice_en_8536362.opus,whale
./data/macroset/en/clips/whale/common_voice_en_139122.opus,whale
./data/macroset/en/clips/whale/common_voice_en_564978.opus,whale
./data/macroset/en/clips/rather/common_voice_en_18982801.opus,rather
./data/macroset/en/clips/rather/common_voice_en_18429058.opus,rather
./data/macroset/en/clips/rather/common_voice_en_19869906.opus,rather
./data/macroset/en/clips/rather/common_voice_en_18480762.opus,rather
./data/macroset/en/clips/rather/common_voice_en_19671549.opus,rather
./data/macroset/en/clips/germans/common_voice_en_20661027.opus,germans
./data/macroset/en/clips/germans/common_voice_en_19754582.opus,germans
./data/macroset/en/clips/germans/common_voice_en_20519225.opus,germans
./data/macroset/en/clips/germans/common_voice_en_19150899.opus,germans
./data/macroset/en/clips/germans/common_voice_en_20215518.opus,germans
./data/macroset/en/clips/nutrition/common_voice_en_20113023.opus,nutrition
./data/macroset/en/clips/nutrition/common_voice_en_317329.opus,nutrition
./data/macroset/en/clips/nutrition/common_voice_en_19047336.opus,nutrition
./data/macroset/en/clips/nutrition/common_voice_en_18238979.opus,nutrition
./data/macroset/en/clips/nutrition/common_voice_en_209898.opus,nutrition
./data/macroset/en/clips/contented/common_voice_en_17391706.opus,contented
./data/macroset/en/clips/contented/common_voice_en_18132065.opus,contented
./data/macroset/en/clips/contented/common_voice_en_25705.opus,contented
./data/macroset/en/clips/contented/common_voice_en_18530360.opus,contented
./data/macroset/en/clips/contented/common_voice_en_17355287.opus,contented
./data/macroset/en/clips/brilliantly/common_voice_en_528274.opus,brilliantly
./data/macroset/en/clips/brilliantly/common_voice_en_188692.opus,brilliantly
./data/macroset/en/clips/brilliantly/common_voice_en_19491175.opus,brilliantly
./data/macroset/en/clips/brilliantly/common_voice_en_80773.opus,brilliantly
./data/macroset/en/clips/brilliantly/common_voice_en_194687.opus,brilliantly
./data/macroset/en/clips/outrageous/common_voice_en_18074509.opus,outrageous
./data/macroset/en/clips/outrageous/common_voice_en_18491163.opus,outrageous
./data/macroset/en/clips/outrageous/common_voice_en_20393239.opus,outrageous
./data/macroset/en/clips/outrageous/common_voice_en_324694.opus,outrageous
./data/macroset/en/clips/outrageous/common_voice_en_20178463.opus,outrageous
