link,word
./data/macroset/en/clips/bottle/common_voice_en_21724427.opus,bottle
./data/macroset/en/clips/bottle/common_voice_en_18994746.opus,bottle
./data/macroset/en/clips/bottle/common_voice_en_24473.opus,bottle
./data/macroset/en/clips/bottle/common_voice_en_699147.opus,bottle
./data/macroset/en/clips/bottle/common_voice_en_32386.opus,bottle
./data/macroset/en/clips/bounced/common_voice_en_481412.opus,bounced
./data/macroset/en/clips/bounced/common_voice_en_32285.opus,bounced
./data/macroset/en/clips/bounced/common_voice_en_506929.opus,bounced
./data/macroset/en/clips/bounced/common_voice_en_639687.opus,bounced
./data/macroset/en/clips/bounced/common_voice_en_20621722.opus,bounced
./data/macroset/en/clips/command/common_voice_en_22361403.opus,command
./data/macroset/en/clips/command/common_voice_en_629765.opus,command
./data/macroset/en/clips/command/common_voice_en_22317032.opus,command
./data/macroset/en/clips/command/common_voice_en_546678.opus,command
./data/macroset/en/clips/command/common_voice_en_18158777.opus,command
./data/macroset/en/clips/glasses/common_voice_en_17831875.opus,glasses
./data/macroset/en/clips/glasses/common_voice_en_18405555.opus,glasses
./data/macroset/en/clips/glasses/common_voice_en_54638.opus,glasses
./data/macroset/en/clips/glasses/common_voice_en_578782.opus,glasses
./data/macroset/en/clips/glasses/common_voice_en_582065.opus,glasses
./data/macroset/en/clips/engage/common_voice_en_20249994.opus,engage
./data/macroset/en/clips/engage/common_voice_en_19844029.opus,engage
./data/macroset/en/clips/engage/common_voice_en_20325473.opus,engage
./data/macroset/en/clips/engage/common_voice_en_20958147.opus,engage
./data/macroset/en/clips/engage/common_voice_en_20871532.opus,engage
./data/macroset/en/clips/trigonometric/common_voice_en_17441638.opus,trigonometric
./data/macroset/en/clips/trigonometric/common_voice_en_18152517.opus,trigonometric
./data/macroset/en/clips/trigonometric/common_voice_en_17673813.opus,trigonometric
./data/macroset/en/clips/trigonometric/common_voice_en_17264286.opus,trigonometric
./data/macroset/en/clips/trigonometric/common_voice_en_19672720.opus,trigonometric
./data/macroset/en/clips/showed/common_voice_en_17556400.opus,showed
./data/macroset/en/clips/showed/common_voice_en_18016311.opus,showed
./data/macroset/en/clips/showed/common_voice_en_19249295.opus,showed
./data/macroset/en/clips/showed/common_voice_en_18597648.opus,showed
./data/macroset/en/clips/showed/common_voice_en_19013226.opus,showed
./data/macroset/en/clips/genial/common_voice_en_17260860.opus,genial
./data/macroset/en/clips/genial/common_voice_en_17296541.opus,genial
./data/macroset/en/clips/genial/common_voice_en_20630931.opus,genial
./data/macroset/en/clips/genial/common_voice_en_18612145.opus,genial
./data/macroset/en/clips/genial/common_voice_en_18091093.opus,genial
./data/macroset/en/clips/irving/common_voice_en_21505203.opus,irving
./data/macroset/en/clips/irving/common_voice_en_20231640.opus,irving
./data/macroset/en/clips/irving/common_voice_en_19469912.opus,irving
./data/macroset/en/clips/irving/common_voice_en_21239787.opus,irving
./data/macroset/en/clips/irving/common_voice_en_20528113.opus,irving
./data/macroset/en/clips/comeback/common_voice_en_20709500.opus,comeback
./data/macroset/en/clips/comeback/common_voice_en_20515477.opus,comeback
./data/macroset/en/clips/comeback/common_voice_en_20090186.opus,comeback
./data/macroset/en/clips/comeback/common_voice_en_22054344.opus,comeback
./data/macroset/en/clips/comeback/common_voice_en_20894797.opus,comeback
./data/macroset/en/clips/sincerely/common_voice_en_484923.opus,sincerely
./data/macroset/en/clips/sincerely/common_voice_en_17272394.opus,sincerely
./data/macroset/en/clips/sincerely/common_voice_en_52673.opus,sincerely
./data/macroset/en/clips/sincerely/common_voice_en_157470.opus,sincerely
./data/macroset/en/clips/sincerely/common_voice_en_18042636.opus,sincerely
./data/macroset/en/clips/roses/common_voice_en_17276070.opus,roses
./data/macroset/en/clips/roses/common_voice_en_18135034.opus,roses
./data/macroset/en/clips/roses/common_voice_en_18515669.opus,roses
./data/macroset/en/clips/roses/common_voice_en_17302731.opus,roses
./data/macroset/en/clips/roses/common_voice_en_21269609.opus,roses
./data/macroset/en/clips/airplane/common_voice_en_34164.opus,airplane
./data/macroset/en/clips/airplane/common_voice_en_77269.opus,airplane
./data/macroset/en/clips/airplane/common_voice_en_488675.opus,airplane
./data/macroset/en/clips/airplane/common_voice_en_18503142.opus,airplane
./data/macroset/en/clips/airplane/common_voice_en_20287483.opus,airplane
./data/macroset/en/clips/palms/common_voice_en_593339.opus,palms
./data/macroset/en/clips/palms/common_voice_en_595583.opus,palms
./data/macroset/en/clips/palms/common_voice_en_357844.opus,palms
./data/macroset/en/clips/palms/common_voice_en_531962.opus,palms
./data/macroset/en/clips/palms/common_voice_en_639282.opus,palms
./data/macroset/en/clips/algebra/common_voice_en_20726446.opus,algebra
./data/macroset/en/clips/algebra/common_voice_en_19293755.opus,algebra
./data/macroset/en/clips/algebra/common_voice_en_19195574.opus,algebra
./data/macroset/en/clips/algebra/common_voice_en_18510340.opus,algebra
./data/macroset/en/clips/algebra/common_voice_en_20205104.opus,algebra
./data/macroset/en/clips/issue/common_voice_en_19866965.opus,issue
./data/macroset/en/clips/issue/common_voice_en_20309337.opus,issue
./data/macroset/en/clips/issue/common_voice_en_21311555.opus,issue
./data/macroset/en/clips/issue/common_voice_en_481720.opus,issue
./data/macroset/en/clips/issue/common_voice_en_21312013.opus,issue
./data/macroset/en/clips/stolen/common_voice_en_21803562.opus,stolen
./data/macroset/en/clips/stolen/common_voice_en_655648.opus,stolen
./data/macroset/en/clips/stolen/common_voice_en_565678.opus,stolen
./data/macroset/en/clips/stolen/common_voice_en_20831555.opus,stolen
./data/macroset/en/clips/stolen/common_voice_en_18726268.opus,stolen
./data/macroset/en/clips/famed/common_voice_en_21955848.opus,famed
./data/macroset/en/clips/famed/common_voice_en_20116018.opus,famed
./data/macroset/en/clips/famed/common_voice_en_21551948.opus,famed
./data/macroset/en/clips/famed/common_voice_en_20219486.opus,famed
./data/macroset/en/clips/famed/common_voice_en_21829015.opus,famed
./data/macroset/en/clips/tortoises/common_voice_en_20329011.opus,tortoises
./data/macroset/en/clips/tortoises/common_voice_en_17307440.opus,tortoises
./data/macroset/en/clips/tortoises/common_voice_en_207779.opus,tortoises
./data/macroset/en/clips/tortoises/common_voice_en_613772.opus,tortoises
./data/macroset/en/clips/tortoises/common_voice_en_17255151.opus,tortoises
./data/macroset/en/clips/curtain/common_voice_en_18740465.opus,curtain
./data/macroset/en/clips/curtain/common_voice_en_8546794.opus,curtain
./data/macroset/en/clips/curtain/common_voice_en_610227.opus,curtain
./data/macroset/en/clips/curtain/common_voice_en_18149934.opus,curtain
./data/macroset/en/clips/curtain/common_voice_en_609689.opus,curtain
./data/macroset/en/clips/kiss/common_voice_en_19733736.opus,kiss
./data/macroset/en/clips/kiss/common_voice_en_594981.opus,kiss
./data/macroset/en/clips/kiss/common_voice_en_48887.opus,kiss
./data/macroset/en/clips/kiss/common_voice_en_20274779.opus,kiss
./data/macroset/en/clips/kiss/common_voice_en_17969388.opus,kiss
./data/macroset/en/clips/overwhelmed/common_voice_en_390714.opus,overwhelmed
./data/macroset/en/clips/overwhelmed/common_voice_en_18809370.opus,overwhelmed
./data/macroset/en/clips/overwhelmed/common_voice_en_18036954.opus,overwhelmed
./data/macroset/en/clips/overwhelmed/common_voice_en_39878.opus,overwhelmed
./data/macroset/en/clips/overwhelmed/common_voice_en_677875.opus,overwhelmed
./data/macroset/en/clips/which/common_voice_en_22220608.opus,which
./data/macroset/en/clips/which/common_voice_en_19214676.opus,which
./data/macroset/en/clips/which/common_voice_en_509699.opus,which
./data/macroset/en/clips/which/common_voice_en_18498663.opus,which
./data/macroset/en/clips/which/common_voice_en_19877463.opus,which
./data/macroset/en/clips/tip/common_voice_en_21380019.opus,tip
./data/macroset/en/clips/tip/common_voice_en_21619668.opus,tip
./data/macroset/en/clips/tip/common_voice_en_588028.opus,tip
./data/macroset/en/clips/tip/common_voice_en_19466515.opus,tip
./data/macroset/en/clips/tip/common_voice_en_19727568.opus,tip
./data/macroset/en/clips/subjects/common_voice_en_20255810.opus,subjects
./data/macroset/en/clips/subjects/common_voice_en_20907100.opus,subjects
./data/macroset/en/clips/subjects/common_voice_en_21692210.opus,subjects
./data/macroset/en/clips/subjects/common_voice_en_20339996.opus,subjects
./data/macroset/en/clips/subjects/common_voice_en_19803799.opus,subjects
./data/macroset/en/clips/headphones/common_voice_en_307607.opus,headphones
./data/macroset/en/clips/headphones/common_voice_en_554246.opus,headphones
./data/macroset/en/clips/headphones/common_voice_en_699747.opus,headphones
./data/macroset/en/clips/headphones/common_voice_en_404681.opus,headphones
./data/macroset/en/clips/headphones/common_voice_en_193075.opus,headphones
./data/macroset/en/clips/minimum/common_voice_en_20464780.opus,minimum
./data/macroset/en/clips/minimum/common_voice_en_21138284.opus,minimum
./data/macroset/en/clips/minimum/common_voice_en_22318179.opus,minimum
./data/macroset/en/clips/minimum/common_voice_en_21853214.opus,minimum
./data/macroset/en/clips/minimum/common_voice_en_20876325.opus,minimum
./data/macroset/en/clips/slot/common_voice_en_20357031.opus,slot
./data/macroset/en/clips/slot/common_voice_en_19310963.opus,slot
./data/macroset/en/clips/slot/common_voice_en_22325634.opus,slot
./data/macroset/en/clips/slot/common_voice_en_20403395.opus,slot
./data/macroset/en/clips/slot/common_voice_en_20673560.opus,slot
./data/macroset/en/clips/bothered/common_voice_en_18453807.opus,bothered
./data/macroset/en/clips/bothered/common_voice_en_48001.opus,bothered
./data/macroset/en/clips/bothered/common_voice_en_689121.opus,bothered
./data/macroset/en/clips/bothered/common_voice_en_18682536.opus,bothered
./data/macroset/en/clips/bothered/common_voice_en_81737.opus,bothered
./data/macroset/en/clips/legislature/common_voice_en_19062653.opus,legislature
./data/macroset/en/clips/legislature/common_voice_en_19648217.opus,legislature
./data/macroset/en/clips/legislature/common_voice_en_20346570.opus,legislature
./data/macroset/en/clips/legislature/common_voice_en_22124399.opus,legislature
./data/macroset/en/clips/legislature/common_voice_en_21182433.opus,legislature
./data/macroset/en/clips/texts/common_voice_en_21386119.opus,texts
./data/macroset/en/clips/texts/common_voice_en_20218074.opus,texts
./data/macroset/en/clips/texts/common_voice_en_72148.opus,texts
./data/macroset/en/clips/texts/common_voice_en_566865.opus,texts
./data/macroset/en/clips/texts/common_voice_en_19878582.opus,texts
./data/macroset/en/clips/revived/common_voice_en_20303949.opus,revived
./data/macroset/en/clips/revived/common_voice_en_18979033.opus,revived
./data/macroset/en/clips/revived/common_voice_en_19739615.opus,revived
./data/macroset/en/clips/revived/common_voice_en_20093405.opus,revived
./data/macroset/en/clips/revived/common_voice_en_568527.opus,revived
./data/macroset/en/clips/chili/common_voice_en_20325364.opus,chili
./data/macroset/en/clips/chili/common_voice_en_19422754.opus,chili
./data/macroset/en/clips/chili/common_voice_en_17994848.opus,chili
./data/macroset/en/clips/chili/common_voice_en_17844142.opus,chili
./data/macroset/en/clips/chili/common_voice_en_18703839.opus,chili
./data/macroset/en/clips/appointment/common_voice_en_19571363.opus,appointment
./data/macroset/en/clips/appointment/common_voice_en_21851837.opus,appointment
./data/macroset/en/clips/appointment/common_voice_en_626992.opus,appointment
./data/macroset/en/clips/appointment/common_voice_en_20254387.opus,appointment
./data/macroset/en/clips/appointment/common_voice_en_21128850.opus,appointment
./data/macroset/en/clips/blog/common_voice_en_20404218.opus,blog
./data/macroset/en/clips/blog/common_voice_en_22317599.opus,blog
./data/macroset/en/clips/blog/common_voice_en_19864749.opus,blog
./data/macroset/en/clips/blog/common_voice_en_58488.opus,blog
./data/macroset/en/clips/blog/common_voice_en_19697197.opus,blog
./data/macroset/en/clips/neil/common_voice_en_44756.opus,neil
./data/macroset/en/clips/neil/common_voice_en_50019.opus,neil
./data/macroset/en/clips/neil/common_voice_en_18974620.opus,neil
./data/macroset/en/clips/neil/common_voice_en_21280306.opus,neil
./data/macroset/en/clips/neil/common_voice_en_607976.opus,neil
./data/macroset/en/clips/straightforward/common_voice_en_17444586.opus,straightforward
./data/macroset/en/clips/straightforward/common_voice_en_18851985.opus,straightforward
./data/macroset/en/clips/straightforward/common_voice_en_17385959.opus,straightforward
./data/macroset/en/clips/straightforward/common_voice_en_17321602.opus,straightforward
./data/macroset/en/clips/straightforward/common_voice_en_17297537.opus,straightforward
./data/macroset/en/clips/inconvenience/common_voice_en_589486.opus,inconvenience
./data/macroset/en/clips/inconvenience/common_voice_en_500382.opus,inconvenience
./data/macroset/en/clips/inconvenience/common_voice_en_570832.opus,inconvenience
./data/macroset/en/clips/inconvenience/common_voice_en_558928.opus,inconvenience
./data/macroset/en/clips/inconvenience/common_voice_en_16302.opus,inconvenience
./data/macroset/en/clips/las/common_voice_en_20661008.opus,las
./data/macroset/en/clips/las/common_voice_en_20249725.opus,las
./data/macroset/en/clips/las/common_voice_en_545103.opus,las
./data/macroset/en/clips/las/common_voice_en_19765067.opus,las
./data/macroset/en/clips/las/common_voice_en_19187182.opus,las
./data/macroset/en/clips/savouring/common_voice_en_17262157.opus,savouring
./data/macroset/en/clips/savouring/common_voice_en_17656219.opus,savouring
./data/macroset/en/clips/savouring/common_voice_en_17387205.opus,savouring
./data/macroset/en/clips/savouring/common_voice_en_17293566.opus,savouring
./data/macroset/en/clips/savouring/common_voice_en_222042.opus,savouring
./data/macroset/en/clips/playgrounds/common_voice_en_560168.opus,playgrounds
./data/macroset/en/clips/playgrounds/common_voice_en_22096351.opus,playgrounds
./data/macroset/en/clips/playgrounds/common_voice_en_518120.opus,playgrounds
./data/macroset/en/clips/playgrounds/common_voice_en_19533038.opus,playgrounds
./data/macroset/en/clips/playgrounds/common_voice_en_18155174.opus,playgrounds
./data/macroset/en/clips/expectations/common_voice_en_592818.opus,expectations
./data/macroset/en/clips/expectations/common_voice_en_579508.opus,expectations
./data/macroset/en/clips/expectations/common_voice_en_20005312.opus,expectations
./data/macroset/en/clips/expectations/common_voice_en_21364050.opus,expectations
./data/macroset/en/clips/expectations/common_voice_en_524252.opus,expectations
./data/macroset/en/clips/herman/common_voice_en_21832141.opus,herman
./data/macroset/en/clips/herman/common_voice_en_554584.opus,herman
./data/macroset/en/clips/herman/common_voice_en_19601171.opus,herman
./data/macroset/en/clips/herman/common_voice_en_21709779.opus,herman
./data/macroset/en/clips/herman/common_voice_en_697103.opus,herman
./data/macroset/en/clips/begins/common_voice_en_18751820.opus,begins
./data/macroset/en/clips/begins/common_voice_en_22029943.opus,begins
./data/macroset/en/clips/begins/common_voice_en_22400377.opus,begins
./data/macroset/en/clips/begins/common_voice_en_19721625.opus,begins
./data/macroset/en/clips/begins/common_voice_en_21386488.opus,begins
./data/macroset/en/clips/flip/common_voice_en_18994732.opus,flip
./data/macroset/en/clips/flip/common_voice_en_18748793.opus,flip
./data/macroset/en/clips/flip/common_voice_en_18893958.opus,flip
./data/macroset/en/clips/flip/common_voice_en_21332540.opus,flip
./data/macroset/en/clips/flip/common_voice_en_19037957.opus,flip
./data/macroset/en/clips/establish/common_voice_en_19862303.opus,establish
./data/macroset/en/clips/establish/common_voice_en_35960.opus,establish
./data/macroset/en/clips/establish/common_voice_en_213910.opus,establish
./data/macroset/en/clips/establish/common_voice_en_20715909.opus,establish
./data/macroset/en/clips/establish/common_voice_en_19596368.opus,establish
./data/macroset/en/clips/inhabitants/common_voice_en_220503.opus,inhabitants
./data/macroset/en/clips/inhabitants/common_voice_en_19580125.opus,inhabitants
./data/macroset/en/clips/inhabitants/common_voice_en_18840221.opus,inhabitants
./data/macroset/en/clips/inhabitants/common_voice_en_18587780.opus,inhabitants
./data/macroset/en/clips/inhabitants/common_voice_en_20505807.opus,inhabitants
./data/macroset/en/clips/scholars/common_voice_en_19646473.opus,scholars
./data/macroset/en/clips/scholars/common_voice_en_22316721.opus,scholars
./data/macroset/en/clips/scholars/common_voice_en_20339933.opus,scholars
./data/macroset/en/clips/scholars/common_voice_en_19187169.opus,scholars
./data/macroset/en/clips/scholars/common_voice_en_22446928.opus,scholars
./data/macroset/en/clips/sequence/common_voice_en_22081645.opus,sequence
./data/macroset/en/clips/sequence/common_voice_en_20736497.opus,sequence
./data/macroset/en/clips/sequence/common_voice_en_21510845.opus,sequence
./data/macroset/en/clips/sequence/common_voice_en_20005272.opus,sequence
./data/macroset/en/clips/sequence/common_voice_en_20517650.opus,sequence
./data/macroset/en/clips/capricorn/common_voice_en_589742.opus,capricorn
./data/macroset/en/clips/capricorn/common_voice_en_18107896.opus,capricorn
./data/macroset/en/clips/capricorn/common_voice_en_91803.opus,capricorn
./data/macroset/en/clips/capricorn/common_voice_en_18015926.opus,capricorn
./data/macroset/en/clips/capricorn/common_voice_en_18227837.opus,capricorn
./data/macroset/en/clips/observe/common_voice_en_682855.opus,observe
./data/macroset/en/clips/observe/common_voice_en_671320.opus,observe
./data/macroset/en/clips/observe/common_voice_en_628207.opus,observe
./data/macroset/en/clips/observe/common_voice_en_80136.opus,observe
./data/macroset/en/clips/observe/common_voice_en_18019042.opus,observe
./data/macroset/en/clips/nationalist/common_voice_en_20154131.opus,nationalist
./data/macroset/en/clips/nationalist/common_voice_en_19658590.opus,nationalist
./data/macroset/en/clips/nationalist/common_voice_en_18872362.opus,nationalist
./data/macroset/en/clips/nationalist/common_voice_en_18728014.opus,nationalist
./data/macroset/en/clips/nationalist/common_voice_en_21079134.opus,nationalist
./data/macroset/en/clips/comfort/common_voice_en_17273423.opus,comfort
./data/macroset/en/clips/comfort/common_voice_en_18409628.opus,comfort
./data/macroset/en/clips/comfort/common_voice_en_19333739.opus,comfort
./data/macroset/en/clips/comfort/common_voice_en_19245400.opus,comfort
./data/macroset/en/clips/comfort/common_voice_en_21069478.opus,comfort
./data/macroset/en/clips/nourish/common_voice_en_21136.opus,nourish
./data/macroset/en/clips/nourish/common_voice_en_39459.opus,nourish
./data/macroset/en/clips/nourish/common_voice_en_615527.opus,nourish
./data/macroset/en/clips/nourish/common_voice_en_20599.opus,nourish
./data/macroset/en/clips/nourish/common_voice_en_586293.opus,nourish
./data/macroset/en/clips/commune/common_voice_en_19996096.opus,commune
./data/macroset/en/clips/commune/common_voice_en_22379592.opus,commune
./data/macroset/en/clips/commune/common_voice_en_18935630.opus,commune
./data/macroset/en/clips/commune/common_voice_en_20141415.opus,commune
./data/macroset/en/clips/commune/common_voice_en_19172830.opus,commune
./data/macroset/en/clips/trunk/common_voice_en_17274098.opus,trunk
./data/macroset/en/clips/trunk/common_voice_en_17259764.opus,trunk
./data/macroset/en/clips/trunk/common_voice_en_17983401.opus,trunk
./data/macroset/en/clips/trunk/common_voice_en_298467.opus,trunk
./data/macroset/en/clips/trunk/common_voice_en_22282079.opus,trunk
./data/macroset/en/clips/hollered/common_voice_en_84173.opus,hollered
./data/macroset/en/clips/hollered/common_voice_en_17817409.opus,hollered
./data/macroset/en/clips/hollered/common_voice_en_17256887.opus,hollered
./data/macroset/en/clips/hollered/common_voice_en_17266406.opus,hollered
./data/macroset/en/clips/hollered/common_voice_en_17380934.opus,hollered
./data/macroset/en/clips/commerce/common_voice_en_19246358.opus,commerce
./data/macroset/en/clips/commerce/common_voice_en_20891923.opus,commerce
./data/macroset/en/clips/commerce/common_voice_en_19691609.opus,commerce
./data/macroset/en/clips/commerce/common_voice_en_19344284.opus,commerce
./data/macroset/en/clips/commerce/common_voice_en_19286757.opus,commerce
./data/macroset/en/clips/lectures/common_voice_en_21926991.opus,lectures
./data/macroset/en/clips/lectures/common_voice_en_21014055.opus,lectures
./data/macroset/en/clips/lectures/common_voice_en_19629850.opus,lectures
./data/macroset/en/clips/lectures/common_voice_en_19636859.opus,lectures
./data/macroset/en/clips/lectures/common_voice_en_20221161.opus,lectures
./data/macroset/en/clips/astonishing/common_voice_en_17871351.opus,astonishing
./data/macroset/en/clips/astonishing/common_voice_en_17246177.opus,astonishing
./data/macroset/en/clips/astonishing/common_voice_en_19685139.opus,astonishing
./data/macroset/en/clips/astonishing/common_voice_en_18298174.opus,astonishing
./data/macroset/en/clips/astonishing/common_voice_en_605182.opus,astonishing
./data/macroset/en/clips/immigration/common_voice_en_21521611.opus,immigration
./data/macroset/en/clips/immigration/common_voice_en_21101510.opus,immigration
./data/macroset/en/clips/immigration/common_voice_en_18931211.opus,immigration
./data/macroset/en/clips/immigration/common_voice_en_20976223.opus,immigration
./data/macroset/en/clips/immigration/common_voice_en_18816338.opus,immigration
./data/macroset/en/clips/escorts/common_voice_en_57766.opus,escorts
./data/macroset/en/clips/escorts/common_voice_en_68868.opus,escorts
./data/macroset/en/clips/escorts/common_voice_en_511287.opus,escorts
./data/macroset/en/clips/escorts/common_voice_en_23318.opus,escorts
./data/macroset/en/clips/escorts/common_voice_en_96496.opus,escorts
./data/macroset/en/clips/spilt/common_voice_en_18133421.opus,spilt
./data/macroset/en/clips/spilt/common_voice_en_17849008.opus,spilt
./data/macroset/en/clips/spilt/common_voice_en_5170473.opus,spilt
./data/macroset/en/clips/spilt/common_voice_en_17991011.opus,spilt
./data/macroset/en/clips/spilt/common_voice_en_571266.opus,spilt
./data/macroset/en/clips/induced/common_voice_en_18483719.opus,induced
./data/macroset/en/clips/induced/common_voice_en_21868857.opus,induced
./data/macroset/en/clips/induced/common_voice_en_20069191.opus,induced
./data/macroset/en/clips/induced/common_voice_en_22325012.opus,induced
./data/macroset/en/clips/induced/common_voice_en_18434120.opus,induced
./data/macroset/en/clips/nearly/common_voice_en_193978.opus,nearly
./data/macroset/en/clips/nearly/common_voice_en_620637.opus,nearly
./data/macroset/en/clips/nearly/common_voice_en_22299779.opus,nearly
./data/macroset/en/clips/nearly/common_voice_en_20321661.opus,nearly
./data/macroset/en/clips/nearly/common_voice_en_19826117.opus,nearly
./data/macroset/en/clips/closest/common_voice_en_29912.opus,closest
./data/macroset/en/clips/closest/common_voice_en_34191.opus,closest
./data/macroset/en/clips/closest/common_voice_en_19236863.opus,closest
./data/macroset/en/clips/closest/common_voice_en_20878812.opus,closest
./data/macroset/en/clips/closest/common_voice_en_18767371.opus,closest
./data/macroset/en/clips/merging/common_voice_en_17288188.opus,merging
./data/macroset/en/clips/merging/common_voice_en_22218299.opus,merging
./data/macroset/en/clips/merging/common_voice_en_5737037.opus,merging
./data/macroset/en/clips/merging/common_voice_en_20456303.opus,merging
./data/macroset/en/clips/merging/common_voice_en_17816564.opus,merging
./data/macroset/en/clips/don/common_voice_en_19716776.opus,don
./data/macroset/en/clips/don/common_voice_en_19601262.opus,don
./data/macroset/en/clips/don/common_voice_en_18828030.opus,don
./data/macroset/en/clips/don/common_voice_en_19100274.opus,don
./data/macroset/en/clips/don/common_voice_en_21286234.opus,don
./data/macroset/en/clips/crouch/common_voice_en_19782986.opus,crouch
./data/macroset/en/clips/crouch/common_voice_en_19006647.opus,crouch
./data/macroset/en/clips/crouch/common_voice_en_20389266.opus,crouch
./data/macroset/en/clips/crouch/common_voice_en_17842308.opus,crouch
./data/macroset/en/clips/crouch/common_voice_en_17983281.opus,crouch
./data/macroset/en/clips/analogue/common_voice_en_19981587.opus,analogue
./data/macroset/en/clips/analogue/common_voice_en_20199015.opus,analogue
./data/macroset/en/clips/analogue/common_voice_en_21294007.opus,analogue
./data/macroset/en/clips/analogue/common_voice_en_21342482.opus,analogue
./data/macroset/en/clips/analogue/common_voice_en_20974687.opus,analogue
./data/macroset/en/clips/considering/common_voice_en_21831265.opus,considering
./data/macroset/en/clips/considering/common_voice_en_17556346.opus,considering
./data/macroset/en/clips/considering/common_voice_en_19438531.opus,considering
./data/macroset/en/clips/considering/common_voice_en_17294281.opus,considering
./data/macroset/en/clips/considering/common_voice_en_18061766.opus,considering
./data/macroset/en/clips/stuart/common_voice_en_21858081.opus,stuart
./data/macroset/en/clips/stuart/common_voice_en_21351923.opus,stuart
./data/macroset/en/clips/stuart/common_voice_en_21160122.opus,stuart
./data/macroset/en/clips/stuart/common_voice_en_22193227.opus,stuart
./data/macroset/en/clips/stuart/common_voice_en_18948246.opus,stuart
./data/macroset/en/clips/urdu/common_voice_en_19726435.opus,urdu
./data/macroset/en/clips/urdu/common_voice_en_22068286.opus,urdu
./data/macroset/en/clips/urdu/common_voice_en_21128224.opus,urdu
./data/macroset/en/clips/urdu/common_voice_en_19698855.opus,urdu
./data/macroset/en/clips/urdu/common_voice_en_22105540.opus,urdu
./data/macroset/en/clips/rocket/common_voice_en_17329000.opus,rocket
./data/macroset/en/clips/rocket/common_voice_en_18061617.opus,rocket
./data/macroset/en/clips/rocket/common_voice_en_588144.opus,rocket
./data/macroset/en/clips/rocket/common_voice_en_481013.opus,rocket
./data/macroset/en/clips/rocket/common_voice_en_19231499.opus,rocket
./data/macroset/en/clips/teammate/common_voice_en_18981515.opus,teammate
./data/macroset/en/clips/teammate/common_voice_en_19960027.opus,teammate
./data/macroset/en/clips/teammate/common_voice_en_20442099.opus,teammate
./data/macroset/en/clips/teammate/common_voice_en_21692362.opus,teammate
./data/macroset/en/clips/teammate/common_voice_en_19150039.opus,teammate
./data/macroset/en/clips/equality/common_voice_en_19344252.opus,equality
./data/macroset/en/clips/equality/common_voice_en_19639117.opus,equality
./data/macroset/en/clips/equality/common_voice_en_21686832.opus,equality
./data/macroset/en/clips/equality/common_voice_en_19959459.opus,equality
./data/macroset/en/clips/equality/common_voice_en_19515605.opus,equality
./data/macroset/en/clips/aligned/common_voice_en_221591.opus,aligned
./data/macroset/en/clips/aligned/common_voice_en_20048209.opus,aligned
./data/macroset/en/clips/aligned/common_voice_en_29579.opus,aligned
./data/macroset/en/clips/aligned/common_voice_en_32244.opus,aligned
./data/macroset/en/clips/aligned/common_voice_en_2020974.opus,aligned
./data/macroset/en/clips/hobby/common_voice_en_21366917.opus,hobby
./data/macroset/en/clips/hobby/common_voice_en_19061393.opus,hobby
./data/macroset/en/clips/hobby/common_voice_en_22323486.opus,hobby
./data/macroset/en/clips/hobby/common_voice_en_20313856.opus,hobby
./data/macroset/en/clips/hobby/common_voice_en_18455180.opus,hobby
./data/macroset/en/clips/monte/common_voice_en_21454116.opus,monte
./data/macroset/en/clips/monte/common_voice_en_21845765.opus,monte
./data/macroset/en/clips/monte/common_voice_en_20186166.opus,monte
./data/macroset/en/clips/monte/common_voice_en_22459535.opus,monte
./data/macroset/en/clips/monte/common_voice_en_18673017.opus,monte
./data/macroset/en/clips/humans/common_voice_en_19827698.opus,humans
./data/macroset/en/clips/humans/common_voice_en_515174.opus,humans
./data/macroset/en/clips/humans/common_voice_en_22231935.opus,humans
./data/macroset/en/clips/humans/common_voice_en_21851836.opus,humans
./data/macroset/en/clips/humans/common_voice_en_21158417.opus,humans
./data/macroset/en/clips/sirens/common_voice_en_18083703.opus,sirens
./data/macroset/en/clips/sirens/common_voice_en_18125282.opus,sirens
./data/macroset/en/clips/sirens/common_voice_en_255662.opus,sirens
./data/macroset/en/clips/sirens/common_voice_en_18034258.opus,sirens
./data/macroset/en/clips/sirens/common_voice_en_571445.opus,sirens
./data/macroset/en/clips/helene/common_voice_en_18539342.opus,helene
./data/macroset/en/clips/helene/common_voice_en_18634830.opus,helene
./data/macroset/en/clips/helene/common_voice_en_40830.opus,helene
./data/macroset/en/clips/helene/common_voice_en_18524740.opus,helene
./data/macroset/en/clips/helene/common_voice_en_18657463.opus,helene
./data/macroset/en/clips/counties/common_voice_en_20380150.opus,counties
./data/macroset/en/clips/counties/common_voice_en_21692038.opus,counties
./data/macroset/en/clips/counties/common_voice_en_22457713.opus,counties
./data/macroset/en/clips/counties/common_voice_en_20261020.opus,counties
./data/macroset/en/clips/counties/common_voice_en_19801246.opus,counties
./data/macroset/en/clips/benchmark/common_voice_en_701.opus,benchmark
./data/macroset/en/clips/benchmark/common_voice_en_667128.opus,benchmark
./data/macroset/en/clips/benchmark/common_voice_en_212092.opus,benchmark
./data/macroset/en/clips/benchmark/common_voice_en_20182923.opus,benchmark
./data/macroset/en/clips/benchmark/common_voice_en_699589.opus,benchmark
./data/macroset/en/clips/knock/common_voice_en_17308246.opus,knock
./data/macroset/en/clips/knock/common_voice_en_17416020.opus,knock
./data/macroset/en/clips/knock/common_voice_en_17717141.opus,knock
./data/macroset/en/clips/knock/common_voice_en_18509139.opus,knock
./data/macroset/en/clips/knock/common_voice_en_62742.opus,knock
./data/macroset/en/clips/snow/common_voice_en_19763837.opus,snow
./data/macroset/en/clips/snow/common_voice_en_608688.opus,snow
./data/macroset/en/clips/snow/common_voice_en_547295.opus,snow
./data/macroset/en/clips/snow/common_voice_en_11820443.opus,snow
./data/macroset/en/clips/snow/common_voice_en_21774317.opus,snow
./data/macroset/en/clips/voices/common_voice_en_19695422.opus,voices
./data/macroset/en/clips/voices/common_voice_en_17624611.opus,voices
./data/macroset/en/clips/voices/common_voice_en_482588.opus,voices
./data/macroset/en/clips/voices/common_voice_en_20946955.opus,voices
./data/macroset/en/clips/voices/common_voice_en_18744726.opus,voices
./data/macroset/en/clips/excitement/common_voice_en_511061.opus,excitement
./data/macroset/en/clips/excitement/common_voice_en_19056453.opus,excitement
./data/macroset/en/clips/excitement/common_voice_en_660325.opus,excitement
./data/macroset/en/clips/excitement/common_voice_en_20218946.opus,excitement
./data/macroset/en/clips/excitement/common_voice_en_20305435.opus,excitement
./data/macroset/en/clips/nancy/common_voice_en_20051940.opus,nancy
./data/macroset/en/clips/nancy/common_voice_en_18917332.opus,nancy
./data/macroset/en/clips/nancy/common_voice_en_19158277.opus,nancy
./data/macroset/en/clips/nancy/common_voice_en_20976220.opus,nancy
./data/macroset/en/clips/nancy/common_voice_en_22219239__2.opus,nancy
./data/macroset/en/clips/eastward/common_voice_en_43135.opus,eastward
./data/macroset/en/clips/eastward/common_voice_en_74632.opus,eastward
./data/macroset/en/clips/eastward/common_voice_en_670079.opus,eastward
./data/macroset/en/clips/eastward/common_voice_en_608819.opus,eastward
./data/macroset/en/clips/eastward/common_voice_en_505369.opus,eastward
./data/macroset/en/clips/gardner/common_voice_en_21005078.opus,gardner
./data/macroset/en/clips/gardner/common_voice_en_20882158.opus,gardner
./data/macroset/en/clips/gardner/common_voice_en_20938762.opus,gardner
./data/macroset/en/clips/gardner/common_voice_en_19820364.opus,gardner
./data/macroset/en/clips/gardner/common_voice_en_21620413.opus,gardner
./data/macroset/en/clips/winters/common_voice_en_20883234.opus,winters
./data/macroset/en/clips/winters/common_voice_en_19979078.opus,winters
./data/macroset/en/clips/winters/common_voice_en_20290223.opus,winters
./data/macroset/en/clips/winters/common_voice_en_21053309.opus,winters
./data/macroset/en/clips/winters/common_voice_en_19623432.opus,winters
./data/macroset/en/clips/colombia/common_voice_en_21656275.opus,colombia
./data/macroset/en/clips/colombia/common_voice_en_22225725.opus,colombia
./data/macroset/en/clips/colombia/common_voice_en_22329738.opus,colombia
./data/macroset/en/clips/colombia/common_voice_en_17270408.opus,colombia
./data/macroset/en/clips/colombia/common_voice_en_19518793.opus,colombia
./data/macroset/en/clips/processed/common_voice_en_18676726.opus,processed
./data/macroset/en/clips/processed/common_voice_en_19439411.opus,processed
./data/macroset/en/clips/processed/common_voice_en_18628405.opus,processed
./data/macroset/en/clips/processed/common_voice_en_18975610.opus,processed
./data/macroset/en/clips/processed/common_voice_en_19067062.opus,processed
./data/macroset/en/clips/fearless/common_voice_en_137204.opus,fearless
./data/macroset/en/clips/fearless/common_voice_en_66491.opus,fearless
./data/macroset/en/clips/fearless/common_voice_en_532348.opus,fearless
./data/macroset/en/clips/fearless/common_voice_en_671619.opus,fearless
./data/macroset/en/clips/fearless/common_voice_en_21522109.opus,fearless
./data/macroset/en/clips/farce/common_voice_en_99334.opus,farce
./data/macroset/en/clips/farce/common_voice_en_638403.opus,farce
./data/macroset/en/clips/farce/common_voice_en_15904111.opus,farce
./data/macroset/en/clips/farce/common_voice_en_86487.opus,farce
./data/macroset/en/clips/farce/common_voice_en_190898.opus,farce
./data/macroset/en/clips/scarlet/common_voice_en_21312918.opus,scarlet
./data/macroset/en/clips/scarlet/common_voice_en_18667294.opus,scarlet
./data/macroset/en/clips/scarlet/common_voice_en_18355415.opus,scarlet
./data/macroset/en/clips/scarlet/common_voice_en_18451531.opus,scarlet
./data/macroset/en/clips/scarlet/common_voice_en_20451838.opus,scarlet
./data/macroset/en/clips/composed/common_voice_en_19259717.opus,composed
./data/macroset/en/clips/composed/common_voice_en_19410641.opus,composed
./data/macroset/en/clips/composed/common_voice_en_530907.opus,composed
./data/macroset/en/clips/composed/common_voice_en_19113587.opus,composed
./data/macroset/en/clips/composed/common_voice_en_21713259.opus,composed
./data/macroset/en/clips/poured/common_voice_en_541329.opus,poured
./data/macroset/en/clips/poured/common_voice_en_681948.opus,poured
./data/macroset/en/clips/poured/common_voice_en_16048231.opus,poured
./data/macroset/en/clips/poured/common_voice_en_18105140.opus,poured
./data/macroset/en/clips/poured/common_voice_en_20283.opus,poured
./data/macroset/en/clips/objective/common_voice_en_59037.opus,objective
./data/macroset/en/clips/objective/common_voice_en_38623.opus,objective
./data/macroset/en/clips/objective/common_voice_en_590432.opus,objective
./data/macroset/en/clips/objective/common_voice_en_202418.opus,objective
./data/macroset/en/clips/objective/common_voice_en_21102222.opus,objective
./data/macroset/en/clips/het/common_voice_en_638659.opus,het
./data/macroset/en/clips/het/common_voice_en_21586.opus,het
./data/macroset/en/clips/het/common_voice_en_596567.opus,het
./data/macroset/en/clips/het/common_voice_en_522981.opus,het
./data/macroset/en/clips/het/common_voice_en_586139.opus,het
./data/macroset/en/clips/difficulties/common_voice_en_18707056.opus,difficulties
./data/macroset/en/clips/difficulties/common_voice_en_88132.opus,difficulties
./data/macroset/en/clips/difficulties/common_voice_en_18711534.opus,difficulties
./data/macroset/en/clips/difficulties/common_voice_en_20919280.opus,difficulties
./data/macroset/en/clips/difficulties/common_voice_en_18817965.opus,difficulties
./data/macroset/en/clips/escort/common_voice_en_17271200.opus,escort
./data/macroset/en/clips/escort/common_voice_en_22156335.opus,escort
./data/macroset/en/clips/escort/common_voice_en_19660258.opus,escort
./data/macroset/en/clips/escort/common_voice_en_20382013.opus,escort
./data/macroset/en/clips/escort/common_voice_en_20273037.opus,escort
./data/macroset/en/clips/applied/common_voice_en_21307633.opus,applied
./data/macroset/en/clips/applied/common_voice_en_673765.opus,applied
./data/macroset/en/clips/applied/common_voice_en_19079812.opus,applied
./data/macroset/en/clips/applied/common_voice_en_19579227.opus,applied
./data/macroset/en/clips/applied/common_voice_en_20379071.opus,applied
./data/macroset/en/clips/birch/common_voice_en_19336450.opus,birch
./data/macroset/en/clips/birch/common_voice_en_695083.opus,birch
./data/macroset/en/clips/birch/common_voice_en_21518221.opus,birch
./data/macroset/en/clips/birch/common_voice_en_578653.opus,birch
./data/macroset/en/clips/birch/common_voice_en_487495.opus,birch
./data/macroset/en/clips/pulled/common_voice_en_647525.opus,pulled
./data/macroset/en/clips/pulled/common_voice_en_17468602.opus,pulled
./data/macroset/en/clips/pulled/common_voice_en_589432.opus,pulled
./data/macroset/en/clips/pulled/common_voice_en_175753.opus,pulled
./data/macroset/en/clips/pulled/common_voice_en_17321950.opus,pulled
./data/macroset/en/clips/furiously/common_voice_en_661970.opus,furiously
./data/macroset/en/clips/furiously/common_voice_en_18474101.opus,furiously
./data/macroset/en/clips/furiously/common_voice_en_456584.opus,furiously
./data/macroset/en/clips/furiously/common_voice_en_683373.opus,furiously
./data/macroset/en/clips/furiously/common_voice_en_96882.opus,furiously
./data/macroset/en/clips/midland/common_voice_en_20553335.opus,midland
./data/macroset/en/clips/midland/common_voice_en_18908800.opus,midland
./data/macroset/en/clips/midland/common_voice_en_19521482.opus,midland
./data/macroset/en/clips/midland/common_voice_en_19742871.opus,midland
./data/macroset/en/clips/midland/common_voice_en_20329439.opus,midland
./data/macroset/en/clips/jena/common_voice_en_544686.opus,jena
./data/macroset/en/clips/jena/common_voice_en_21386528.opus,jena
./data/macroset/en/clips/jena/common_voice_en_597960.opus,jena
./data/macroset/en/clips/jena/common_voice_en_88518.opus,jena
./data/macroset/en/clips/jena/common_voice_en_626279.opus,jena
./data/macroset/en/clips/fission/common_voice_en_19965550.opus,fission
./data/macroset/en/clips/fission/common_voice_en_19637501__2.opus,fission
./data/macroset/en/clips/fission/common_voice_en_17841702.opus,fission
./data/macroset/en/clips/fission/common_voice_en_17391380.opus,fission
./data/macroset/en/clips/fission/common_voice_en_19164442.opus,fission
./data/macroset/en/clips/denver/common_voice_en_20289515.opus,denver
./data/macroset/en/clips/denver/common_voice_en_21510878.opus,denver
./data/macroset/en/clips/denver/common_voice_en_21160516.opus,denver
./data/macroset/en/clips/denver/common_voice_en_19614238.opus,denver
./data/macroset/en/clips/denver/common_voice_en_19953509.opus,denver
./data/macroset/en/clips/diapers/common_voice_en_621846.opus,diapers
./data/macroset/en/clips/diapers/common_voice_en_40760.opus,diapers
./data/macroset/en/clips/diapers/common_voice_en_521390.opus,diapers
./data/macroset/en/clips/diapers/common_voice_en_616545.opus,diapers
./data/macroset/en/clips/diapers/common_voice_en_62098.opus,diapers
./data/macroset/en/clips/forks/common_voice_en_20837212.opus,forks
./data/macroset/en/clips/forks/common_voice_en_22185672.opus,forks
./data/macroset/en/clips/forks/common_voice_en_19263254.opus,forks
./data/macroset/en/clips/forks/common_voice_en_22268460.opus,forks
./data/macroset/en/clips/forks/common_voice_en_20428499.opus,forks
./data/macroset/en/clips/schools/common_voice_en_22359001.opus,schools
./data/macroset/en/clips/schools/common_voice_en_22314351.opus,schools
./data/macroset/en/clips/schools/common_voice_en_22165901.opus,schools
./data/macroset/en/clips/schools/common_voice_en_20251293.opus,schools
./data/macroset/en/clips/schools/common_voice_en_21518250.opus,schools
./data/macroset/en/clips/ascertain/common_voice_en_654315.opus,ascertain
./data/macroset/en/clips/ascertain/common_voice_en_78151.opus,ascertain
./data/macroset/en/clips/ascertain/common_voice_en_146713.opus,ascertain
./data/macroset/en/clips/ascertain/common_voice_en_480710.opus,ascertain
./data/macroset/en/clips/ascertain/common_voice_en_525070.opus,ascertain
./data/macroset/en/clips/established/common_voice_en_21304214.opus,established
./data/macroset/en/clips/established/common_voice_en_20442722.opus,established
./data/macroset/en/clips/established/common_voice_en_20266434.opus,established
./data/macroset/en/clips/established/common_voice_en_19010464.opus,established
./data/macroset/en/clips/established/common_voice_en_20306999.opus,established
./data/macroset/en/clips/diabetics/common_voice_en_606647.opus,diabetics
./data/macroset/en/clips/diabetics/common_voice_en_22456613.opus,diabetics
./data/macroset/en/clips/diabetics/common_voice_en_19837789.opus,diabetics
./data/macroset/en/clips/diabetics/common_voice_en_613238.opus,diabetics
./data/macroset/en/clips/diabetics/common_voice_en_522372.opus,diabetics
./data/macroset/en/clips/served/common_voice_en_22165834.opus,served
./data/macroset/en/clips/served/common_voice_en_21378053.opus,served
./data/macroset/en/clips/served/common_voice_en_19784227.opus,served
./data/macroset/en/clips/served/common_voice_en_21737922.opus,served
./data/macroset/en/clips/served/common_voice_en_20498651.opus,served
./data/macroset/en/clips/tavern/common_voice_en_20592362.opus,tavern
./data/macroset/en/clips/tavern/common_voice_en_3126.opus,tavern
./data/macroset/en/clips/tavern/common_voice_en_21251939.opus,tavern
./data/macroset/en/clips/tavern/common_voice_en_20263003.opus,tavern
./data/macroset/en/clips/tavern/common_voice_en_19741152.opus,tavern
./data/macroset/en/clips/queensland/common_voice_en_22062823.opus,queensland
./data/macroset/en/clips/queensland/common_voice_en_20402516__2.opus,queensland
./data/macroset/en/clips/queensland/common_voice_en_20077102.opus,queensland
./data/macroset/en/clips/queensland/common_voice_en_20894703.opus,queensland
./data/macroset/en/clips/queensland/common_voice_en_19912749.opus,queensland
./data/macroset/en/clips/tonight/common_voice_en_79438.opus,tonight
./data/macroset/en/clips/tonight/common_voice_en_18415703.opus,tonight
./data/macroset/en/clips/tonight/common_voice_en_625113.opus,tonight
./data/macroset/en/clips/tonight/common_voice_en_663406.opus,tonight
./data/macroset/en/clips/tonight/common_voice_en_623245.opus,tonight
./data/macroset/en/clips/sniff/common_voice_en_17881444.opus,sniff
./data/macroset/en/clips/sniff/common_voice_en_17257889.opus,sniff
./data/macroset/en/clips/sniff/common_voice_en_18083690.opus,sniff
./data/macroset/en/clips/sniff/common_voice_en_18125335.opus,sniff
./data/macroset/en/clips/sniff/common_voice_en_469301.opus,sniff
./data/macroset/en/clips/occurred/common_voice_en_19365458.opus,occurred
./data/macroset/en/clips/occurred/common_voice_en_19489622.opus,occurred
./data/macroset/en/clips/occurred/common_voice_en_20919390.opus,occurred
./data/macroset/en/clips/occurred/common_voice_en_20273218.opus,occurred
./data/macroset/en/clips/occurred/common_voice_en_18897756.opus,occurred
./data/macroset/en/clips/tempt/common_voice_en_18163025.opus,tempt
./data/macroset/en/clips/tempt/common_voice_en_18016828.opus,tempt
./data/macroset/en/clips/tempt/common_voice_en_18057136.opus,tempt
./data/macroset/en/clips/tempt/common_voice_en_18131681.opus,tempt
./data/macroset/en/clips/tempt/common_voice_en_17275042.opus,tempt
./data/macroset/en/clips/random/common_voice_en_675393.opus,random
./data/macroset/en/clips/random/common_voice_en_19244480.opus,random
./data/macroset/en/clips/random/common_voice_en_96090.opus,random
./data/macroset/en/clips/random/common_voice_en_17283764.opus,random
./data/macroset/en/clips/random/common_voice_en_18075687.opus,random
./data/macroset/en/clips/intervals/common_voice_en_20105426.opus,intervals
./data/macroset/en/clips/intervals/common_voice_en_20247523.opus,intervals
./data/macroset/en/clips/intervals/common_voice_en_22371584.opus,intervals
./data/macroset/en/clips/intervals/common_voice_en_21523018.opus,intervals
./data/macroset/en/clips/intervals/common_voice_en_21940181.opus,intervals
./data/macroset/en/clips/blown/common_voice_en_634900.opus,blown
./data/macroset/en/clips/blown/common_voice_en_79011.opus,blown
./data/macroset/en/clips/blown/common_voice_en_18144416.opus,blown
./data/macroset/en/clips/blown/common_voice_en_500800.opus,blown
./data/macroset/en/clips/blown/common_voice_en_678196.opus,blown
./data/macroset/en/clips/progressed/common_voice_en_19205747.opus,progressed
./data/macroset/en/clips/progressed/common_voice_en_19331351.opus,progressed
./data/macroset/en/clips/progressed/common_voice_en_18978784.opus,progressed
./data/macroset/en/clips/progressed/common_voice_en_21790294.opus,progressed
./data/macroset/en/clips/progressed/common_voice_en_18880276.opus,progressed
./data/macroset/en/clips/preservation/common_voice_en_20093312.opus,preservation
./data/macroset/en/clips/preservation/common_voice_en_22248793.opus,preservation
./data/macroset/en/clips/preservation/common_voice_en_21246409__2.opus,preservation
./data/macroset/en/clips/preservation/common_voice_en_19467577.opus,preservation
./data/macroset/en/clips/preservation/common_voice_en_21279740.opus,preservation
./data/macroset/en/clips/terminated/common_voice_en_20170498.opus,terminated
./data/macroset/en/clips/terminated/common_voice_en_22353522.opus,terminated
./data/macroset/en/clips/terminated/common_voice_en_19024857.opus,terminated
./data/macroset/en/clips/terminated/common_voice_en_19260407.opus,terminated
./data/macroset/en/clips/terminated/common_voice_en_19415495.opus,terminated
./data/macroset/en/clips/bye/common_voice_en_45155.opus,bye
./data/macroset/en/clips/bye/common_voice_en_194834.opus,bye
./data/macroset/en/clips/bye/common_voice_en_515660.opus,bye
./data/macroset/en/clips/bye/common_voice_en_21344668.opus,bye
./data/macroset/en/clips/bye/common_voice_en_21821336.opus,bye
./data/macroset/en/clips/conclusive/common_voice_en_591003.opus,conclusive
./data/macroset/en/clips/conclusive/common_voice_en_18757109.opus,conclusive
./data/macroset/en/clips/conclusive/common_voice_en_502184.opus,conclusive
./data/macroset/en/clips/conclusive/common_voice_en_687589.opus,conclusive
./data/macroset/en/clips/conclusive/common_voice_en_217660.opus,conclusive
./data/macroset/en/clips/immerse/common_voice_en_538951.opus,immerse
./data/macroset/en/clips/immerse/common_voice_en_503365.opus,immerse
./data/macroset/en/clips/immerse/common_voice_en_18641.opus,immerse
./data/macroset/en/clips/immerse/common_voice_en_20044951.opus,immerse
./data/macroset/en/clips/immerse/common_voice_en_534835.opus,immerse
./data/macroset/en/clips/elite/common_voice_en_22368126.opus,elite
./data/macroset/en/clips/elite/common_voice_en_21619681.opus,elite
./data/macroset/en/clips/elite/common_voice_en_19776453.opus,elite
./data/macroset/en/clips/elite/common_voice_en_21138309.opus,elite
./data/macroset/en/clips/elite/common_voice_en_20219269.opus,elite
./data/macroset/en/clips/lasting/common_voice_en_17777200.opus,lasting
./data/macroset/en/clips/lasting/common_voice_en_18862221.opus,lasting
./data/macroset/en/clips/lasting/common_voice_en_18166174.opus,lasting
./data/macroset/en/clips/lasting/common_voice_en_22304252.opus,lasting
./data/macroset/en/clips/lasting/common_voice_en_19149180.opus,lasting
./data/macroset/en/clips/adult/common_voice_en_19731774.opus,adult
./data/macroset/en/clips/adult/common_voice_en_21929760.opus,adult
./data/macroset/en/clips/adult/common_voice_en_551837.opus,adult
./data/macroset/en/clips/adult/common_voice_en_20527698.opus,adult
./data/macroset/en/clips/adult/common_voice_en_22046719.opus,adult
./data/macroset/en/clips/acquisition/common_voice_en_21507249.opus,acquisition
./data/macroset/en/clips/acquisition/common_voice_en_22431548.opus,acquisition
./data/macroset/en/clips/acquisition/common_voice_en_18300063.opus,acquisition
./data/macroset/en/clips/acquisition/common_voice_en_19646712.opus,acquisition
./data/macroset/en/clips/acquisition/common_voice_en_18540913.opus,acquisition
./data/macroset/en/clips/unequal/common_voice_en_133838.opus,unequal
./data/macroset/en/clips/unequal/common_voice_en_186931.opus,unequal
./data/macroset/en/clips/unequal/common_voice_en_213549.opus,unequal
./data/macroset/en/clips/unequal/common_voice_en_66455.opus,unequal
./data/macroset/en/clips/unequal/common_voice_en_75961.opus,unequal
./data/macroset/en/clips/nutrition/common_voice_en_19428023.opus,nutrition
./data/macroset/en/clips/nutrition/common_voice_en_18238979.opus,nutrition
./data/macroset/en/clips/nutrition/common_voice_en_19813514.opus,nutrition
./data/macroset/en/clips/nutrition/common_voice_en_18031345.opus,nutrition
./data/macroset/en/clips/nutrition/common_voice_en_20777739.opus,nutrition
./data/macroset/en/clips/countryside/common_voice_en_22168554.opus,countryside
./data/macroset/en/clips/countryside/common_voice_en_20825789.opus,countryside
./data/macroset/en/clips/countryside/common_voice_en_594993.opus,countryside
./data/macroset/en/clips/countryside/common_voice_en_19579079.opus,countryside
./data/macroset/en/clips/countryside/common_voice_en_20506491__2.opus,countryside
./data/macroset/en/clips/recreational/common_voice_en_20801375.opus,recreational
./data/macroset/en/clips/recreational/common_voice_en_19995932.opus,recreational
./data/macroset/en/clips/recreational/common_voice_en_20217906.opus,recreational
./data/macroset/en/clips/recreational/common_voice_en_21304757.opus,recreational
./data/macroset/en/clips/recreational/common_voice_en_20637971.opus,recreational
./data/macroset/en/clips/cheating/common_voice_en_570058.opus,cheating
./data/macroset/en/clips/cheating/common_voice_en_580628.opus,cheating
./data/macroset/en/clips/cheating/common_voice_en_268525.opus,cheating
./data/macroset/en/clips/cheating/common_voice_en_20583217.opus,cheating
./data/macroset/en/clips/cheating/common_voice_en_17387975.opus,cheating
./data/macroset/en/clips/birthplace/common_voice_en_18946221.opus,birthplace
./data/macroset/en/clips/birthplace/common_voice_en_18935618.opus,birthplace
./data/macroset/en/clips/birthplace/common_voice_en_22233026.opus,birthplace
./data/macroset/en/clips/birthplace/common_voice_en_21454689.opus,birthplace
./data/macroset/en/clips/birthplace/common_voice_en_20050823.opus,birthplace
./data/macroset/en/clips/browser/common_voice_en_545644.opus,browser
./data/macroset/en/clips/browser/common_voice_en_17411079.opus,browser
./data/macroset/en/clips/browser/common_voice_en_208766.opus,browser
./data/macroset/en/clips/browser/common_voice_en_515366.opus,browser
./data/macroset/en/clips/browser/common_voice_en_420716.opus,browser
./data/macroset/en/clips/deliberate/common_voice_en_18052052.opus,deliberate
./data/macroset/en/clips/deliberate/common_voice_en_17287938.opus,deliberate
./data/macroset/en/clips/deliberate/common_voice_en_18765964.opus,deliberate
./data/macroset/en/clips/deliberate/common_voice_en_17281888.opus,deliberate
./data/macroset/en/clips/deliberate/common_voice_en_18116693.opus,deliberate
./data/macroset/en/clips/promised/common_voice_en_573430.opus,promised
./data/macroset/en/clips/promised/common_voice_en_555225.opus,promised
./data/macroset/en/clips/promised/common_voice_en_506428.opus,promised
./data/macroset/en/clips/promised/common_voice_en_20858.opus,promised
./data/macroset/en/clips/promised/common_voice_en_59095.opus,promised
./data/macroset/en/clips/strangeness/common_voice_en_59135.opus,strangeness
./data/macroset/en/clips/strangeness/common_voice_en_87879.opus,strangeness
./data/macroset/en/clips/strangeness/common_voice_en_595332.opus,strangeness
./data/macroset/en/clips/strangeness/common_voice_en_692039.opus,strangeness
./data/macroset/en/clips/strangeness/common_voice_en_676402.opus,strangeness
./data/macroset/en/clips/inlet/common_voice_en_20183230.opus,inlet
./data/macroset/en/clips/inlet/common_voice_en_22160990.opus,inlet
./data/macroset/en/clips/inlet/common_voice_en_20163140.opus,inlet
./data/macroset/en/clips/inlet/common_voice_en_18862197.opus,inlet
./data/macroset/en/clips/inlet/common_voice_en_19463413.opus,inlet
./data/macroset/en/clips/falcon/common_voice_en_678599.opus,falcon
./data/macroset/en/clips/falcon/common_voice_en_170353.opus,falcon
./data/macroset/en/clips/falcon/common_voice_en_55154.opus,falcon
./data/macroset/en/clips/falcon/common_voice_en_671394.opus,falcon
./data/macroset/en/clips/falcon/common_voice_en_653572.opus,falcon
./data/macroset/en/clips/spray/common_voice_en_486443.opus,spray
./data/macroset/en/clips/spray/common_voice_en_196568.opus,spray
./data/macroset/en/clips/spray/common_voice_en_19747494.opus,spray
./data/macroset/en/clips/spray/common_voice_en_22295713.opus,spray
./data/macroset/en/clips/spray/common_voice_en_624322.opus,spray
./data/macroset/en/clips/tribesmen/common_voice_en_180264.opus,tribesmen
./data/macroset/en/clips/tribesmen/common_voice_en_537518.opus,tribesmen
./data/macroset/en/clips/tribesmen/common_voice_en_150802.opus,tribesmen
./data/macroset/en/clips/tribesmen/common_voice_en_506163.opus,tribesmen
./data/macroset/en/clips/tribesmen/common_voice_en_22467081.opus,tribesmen
./data/macroset/en/clips/chris/common_voice_en_510117.opus,chris
./data/macroset/en/clips/chris/common_voice_en_21790900.opus,chris
./data/macroset/en/clips/chris/common_voice_en_21993610.opus,chris
./data/macroset/en/clips/chris/common_voice_en_20179184.opus,chris
./data/macroset/en/clips/chris/common_voice_en_19713260.opus,chris
./data/macroset/en/clips/wharf/common_voice_en_18164127.opus,wharf
./data/macroset/en/clips/wharf/common_voice_en_18891803__2.opus,wharf
./data/macroset/en/clips/wharf/common_voice_en_510535.opus,wharf
./data/macroset/en/clips/wharf/common_voice_en_20636607.opus,wharf
./data/macroset/en/clips/wharf/common_voice_en_19671331.opus,wharf
./data/macroset/en/clips/texture/common_voice_en_18039543.opus,texture
./data/macroset/en/clips/texture/common_voice_en_17255483.opus,texture
./data/macroset/en/clips/texture/common_voice_en_21609186.opus,texture
./data/macroset/en/clips/texture/common_voice_en_17328867.opus,texture
./data/macroset/en/clips/texture/common_voice_en_20882165.opus,texture
./data/macroset/en/clips/convenient/common_voice_en_559897.opus,convenient
./data/macroset/en/clips/convenient/common_voice_en_20182715.opus,convenient
./data/macroset/en/clips/convenient/common_voice_en_642659.opus,convenient
./data/macroset/en/clips/convenient/common_voice_en_19583877.opus,convenient
./data/macroset/en/clips/convenient/common_voice_en_650131.opus,convenient
./data/macroset/en/clips/crescendo/common_voice_en_692703.opus,crescendo
./data/macroset/en/clips/crescendo/common_voice_en_529894.opus,crescendo
./data/macroset/en/clips/crescendo/common_voice_en_16047621.opus,crescendo
./data/macroset/en/clips/crescendo/common_voice_en_656256.opus,crescendo
./data/macroset/en/clips/crescendo/common_voice_en_20246838.opus,crescendo
./data/macroset/en/clips/depends/common_voice_en_18152661.opus,depends
./data/macroset/en/clips/depends/common_voice_en_17885219.opus,depends
./data/macroset/en/clips/depends/common_voice_en_20463337.opus,depends
./data/macroset/en/clips/depends/common_voice_en_19331337.opus,depends
./data/macroset/en/clips/depends/common_voice_en_19758979.opus,depends
./data/macroset/en/clips/simplifying/common_voice_en_511025.opus,simplifying
./data/macroset/en/clips/simplifying/common_voice_en_206726.opus,simplifying
./data/macroset/en/clips/simplifying/common_voice_en_165572.opus,simplifying
./data/macroset/en/clips/simplifying/common_voice_en_18729109.opus,simplifying
./data/macroset/en/clips/simplifying/common_voice_en_24355.opus,simplifying
./data/macroset/en/clips/remixes/common_voice_en_576987.opus,remixes
./data/macroset/en/clips/remixes/common_voice_en_21623910.opus,remixes
./data/macroset/en/clips/remixes/common_voice_en_18782032.opus,remixes
./data/macroset/en/clips/remixes/common_voice_en_21292059.opus,remixes
./data/macroset/en/clips/remixes/common_voice_en_450782.opus,remixes
./data/macroset/en/clips/voyaged/common_voice_en_18308052.opus,voyaged
./data/macroset/en/clips/voyaged/common_voice_en_602799.opus,voyaged
./data/macroset/en/clips/voyaged/common_voice_en_421624.opus,voyaged
./data/macroset/en/clips/voyaged/common_voice_en_18057250.opus,voyaged
./data/macroset/en/clips/voyaged/common_voice_en_18095451.opus,voyaged
./data/macroset/en/clips/romance/common_voice_en_22408199.opus,romance
./data/macroset/en/clips/romance/common_voice_en_20067390.opus,romance
./data/macroset/en/clips/romance/common_voice_en_18999241.opus,romance
./data/macroset/en/clips/romance/common_voice_en_21648005.opus,romance
./data/macroset/en/clips/romance/common_voice_en_20635514.opus,romance
./data/macroset/en/clips/charter/common_voice_en_20249171.opus,charter
./data/macroset/en/clips/charter/common_voice_en_22010452__2.opus,charter
./data/macroset/en/clips/charter/common_voice_en_22164891.opus,charter
./data/macroset/en/clips/charter/common_voice_en_19710880.opus,charter
./data/macroset/en/clips/charter/common_voice_en_20358529.opus,charter
./data/macroset/en/clips/alexandra/common_voice_en_21753599.opus,alexandra
./data/macroset/en/clips/alexandra/common_voice_en_20101521.opus,alexandra
./data/macroset/en/clips/alexandra/common_voice_en_19748796.opus,alexandra
./data/macroset/en/clips/alexandra/common_voice_en_22433996.opus,alexandra
./data/macroset/en/clips/alexandra/common_voice_en_19783024.opus,alexandra
./data/macroset/en/clips/ordered/common_voice_en_20130523.opus,ordered
./data/macroset/en/clips/ordered/common_voice_en_21877342.opus,ordered
./data/macroset/en/clips/ordered/common_voice_en_3362.opus,ordered
./data/macroset/en/clips/ordered/common_voice_en_45542.opus,ordered
./data/macroset/en/clips/ordered/common_voice_en_19340632.opus,ordered
./data/macroset/en/clips/substances/common_voice_en_22354897.opus,substances
./data/macroset/en/clips/substances/common_voice_en_20609393.opus,substances
./data/macroset/en/clips/substances/common_voice_en_19783157.opus,substances
./data/macroset/en/clips/substances/common_voice_en_21518139.opus,substances
./data/macroset/en/clips/substances/common_voice_en_21692185.opus,substances
./data/macroset/en/clips/bound/common_voice_en_20875665.opus,bound
./data/macroset/en/clips/bound/common_voice_en_19978558.opus,bound
./data/macroset/en/clips/bound/common_voice_en_66919.opus,bound
./data/macroset/en/clips/bound/common_voice_en_11820787.opus,bound
./data/macroset/en/clips/bound/common_voice_en_19947219.opus,bound
./data/macroset/en/clips/anxiously/common_voice_en_18492161.opus,anxiously
./data/macroset/en/clips/anxiously/common_voice_en_550178.opus,anxiously
./data/macroset/en/clips/anxiously/common_voice_en_191690.opus,anxiously
./data/macroset/en/clips/anxiously/common_voice_en_18626764.opus,anxiously
./data/macroset/en/clips/anxiously/common_voice_en_218529.opus,anxiously
./data/macroset/en/clips/gorge/common_voice_en_20030228.opus,gorge
./data/macroset/en/clips/gorge/common_voice_en_21240336.opus,gorge
./data/macroset/en/clips/gorge/common_voice_en_19289216.opus,gorge
./data/macroset/en/clips/gorge/common_voice_en_18752397.opus,gorge
./data/macroset/en/clips/gorge/common_voice_en_18793716.opus,gorge
./data/macroset/en/clips/tiffany/common_voice_en_17279741.opus,tiffany
./data/macroset/en/clips/tiffany/common_voice_en_17390123.opus,tiffany
./data/macroset/en/clips/tiffany/common_voice_en_21702178.opus,tiffany
./data/macroset/en/clips/tiffany/common_voice_en_523167.opus,tiffany
./data/macroset/en/clips/tiffany/common_voice_en_18125066.opus,tiffany
./data/macroset/en/clips/staple/common_voice_en_20920837.opus,staple
./data/macroset/en/clips/staple/common_voice_en_21046195.opus,staple
./data/macroset/en/clips/staple/common_voice_en_20297497.opus,staple
./data/macroset/en/clips/staple/common_voice_en_19813946.opus,staple
./data/macroset/en/clips/staple/common_voice_en_20028067.opus,staple
./data/macroset/en/clips/universal/common_voice_en_90424.opus,universal
./data/macroset/en/clips/universal/common_voice_en_523857.opus,universal
./data/macroset/en/clips/universal/common_voice_en_4168645.opus,universal
./data/macroset/en/clips/universal/common_voice_en_618856.opus,universal
./data/macroset/en/clips/universal/common_voice_en_696669.opus,universal
./data/macroset/en/clips/potatoes/common_voice_en_671267.opus,potatoes
./data/macroset/en/clips/potatoes/common_voice_en_620495.opus,potatoes
./data/macroset/en/clips/potatoes/common_voice_en_20513383.opus,potatoes
./data/macroset/en/clips/potatoes/common_voice_en_2679416.opus,potatoes
./data/macroset/en/clips/potatoes/common_voice_en_17822318.opus,potatoes
./data/macroset/en/clips/divided/common_voice_en_21686905.opus,divided
./data/macroset/en/clips/divided/common_voice_en_20897473.opus,divided
./data/macroset/en/clips/divided/common_voice_en_19707834.opus,divided
./data/macroset/en/clips/divided/common_voice_en_19381608.opus,divided
./data/macroset/en/clips/divided/common_voice_en_19980978.opus,divided
./data/macroset/en/clips/investigate/common_voice_en_19613509.opus,investigate
./data/macroset/en/clips/investigate/common_voice_en_19908563.opus,investigate
./data/macroset/en/clips/investigate/common_voice_en_20699142.opus,investigate
./data/macroset/en/clips/investigate/common_voice_en_18990004.opus,investigate
./data/macroset/en/clips/investigate/common_voice_en_20160300.opus,investigate
./data/macroset/en/clips/esteem/common_voice_en_19577362.opus,esteem
./data/macroset/en/clips/esteem/common_voice_en_18703663.opus,esteem
./data/macroset/en/clips/esteem/common_voice_en_21914626.opus,esteem
./data/macroset/en/clips/esteem/common_voice_en_662024.opus,esteem
./data/macroset/en/clips/esteem/common_voice_en_18758015.opus,esteem
./data/macroset/en/clips/concern/common_voice_en_19774188.opus,concern
./data/macroset/en/clips/concern/common_voice_en_18318975.opus,concern
./data/macroset/en/clips/concern/common_voice_en_644256.opus,concern
./data/macroset/en/clips/concern/common_voice_en_19324279.opus,concern
./data/macroset/en/clips/concern/common_voice_en_20857863.opus,concern
./data/macroset/en/clips/randall/common_voice_en_18677563.opus,randall
./data/macroset/en/clips/randall/common_voice_en_18491630.opus,randall
./data/macroset/en/clips/randall/common_voice_en_18748756.opus,randall
./data/macroset/en/clips/randall/common_voice_en_19351160.opus,randall
./data/macroset/en/clips/randall/common_voice_en_19772190.opus,randall
./data/macroset/en/clips/robust/common_voice_en_19874967.opus,robust
./data/macroset/en/clips/robust/common_voice_en_37244.opus,robust
./data/macroset/en/clips/robust/common_voice_en_18967682.opus,robust
./data/macroset/en/clips/robust/common_voice_en_19695106.opus,robust
./data/macroset/en/clips/robust/common_voice_en_34048.opus,robust
./data/macroset/en/clips/wires/common_voice_en_9373.opus,wires
./data/macroset/en/clips/wires/common_voice_en_481937.opus,wires
./data/macroset/en/clips/wires/common_voice_en_92690.opus,wires
./data/macroset/en/clips/wires/common_voice_en_21968080.opus,wires
./data/macroset/en/clips/wires/common_voice_en_18479561.opus,wires
./data/macroset/en/clips/towards/common_voice_en_630814.opus,towards
./data/macroset/en/clips/towards/common_voice_en_20286.opus,towards
./data/macroset/en/clips/towards/common_voice_en_193356.opus,towards
./data/macroset/en/clips/towards/common_voice_en_691157.opus,towards
./data/macroset/en/clips/towards/common_voice_en_20222327.opus,towards
./data/macroset/en/clips/humid/common_voice_en_25832.opus,humid
./data/macroset/en/clips/humid/common_voice_en_20971421.opus,humid
./data/macroset/en/clips/humid/common_voice_en_483111.opus,humid
./data/macroset/en/clips/humid/common_voice_en_18852666.opus,humid
./data/macroset/en/clips/humid/common_voice_en_18732049.opus,humid
./data/macroset/en/clips/that’s/common_voice_en_87601.opus,that’s
./data/macroset/en/clips/that’s/common_voice_en_17725729.opus,that’s
./data/macroset/en/clips/that’s/common_voice_en_610072.opus,that’s
./data/macroset/en/clips/that’s/common_voice_en_77479.opus,that’s
./data/macroset/en/clips/that’s/common_voice_en_18403758.opus,that’s
./data/macroset/en/clips/footnotes/common_voice_en_18482700.opus,footnotes
./data/macroset/en/clips/footnotes/common_voice_en_17725530.opus,footnotes
./data/macroset/en/clips/footnotes/common_voice_en_17538089.opus,footnotes
./data/macroset/en/clips/footnotes/common_voice_en_18487925.opus,footnotes
./data/macroset/en/clips/footnotes/common_voice_en_18870799.opus,footnotes
./data/macroset/en/clips/hatred/common_voice_en_19544022.opus,hatred
./data/macroset/en/clips/hatred/common_voice_en_18323087.opus,hatred
./data/macroset/en/clips/hatred/common_voice_en_18419466.opus,hatred
./data/macroset/en/clips/hatred/common_voice_en_21138325.opus,hatred
./data/macroset/en/clips/hatred/common_voice_en_18336235.opus,hatred
./data/macroset/en/clips/lifeguards/common_voice_en_17387813.opus,lifeguards
./data/macroset/en/clips/lifeguards/common_voice_en_17869475.opus,lifeguards
./data/macroset/en/clips/lifeguards/common_voice_en_546767.opus,lifeguards
./data/macroset/en/clips/lifeguards/common_voice_en_18004010.opus,lifeguards
./data/macroset/en/clips/lifeguards/common_voice_en_17873482.opus,lifeguards
./data/macroset/en/clips/willow/common_voice_en_19709187.opus,willow
./data/macroset/en/clips/willow/common_voice_en_19646215.opus,willow
./data/macroset/en/clips/willow/common_voice_en_18861614.opus,willow
./data/macroset/en/clips/willow/common_voice_en_19402275.opus,willow
./data/macroset/en/clips/willow/common_voice_en_20081125.opus,willow
./data/macroset/en/clips/infrared/common_voice_en_19887433.opus,infrared
./data/macroset/en/clips/infrared/common_voice_en_20291614.opus,infrared
./data/macroset/en/clips/infrared/common_voice_en_22299260.opus,infrared
./data/macroset/en/clips/infrared/common_voice_en_19865605.opus,infrared
./data/macroset/en/clips/infrared/common_voice_en_602438.opus,infrared
./data/macroset/en/clips/paragraph/common_voice_en_454821.opus,paragraph
./data/macroset/en/clips/paragraph/common_voice_en_17286177.opus,paragraph
./data/macroset/en/clips/paragraph/common_voice_en_669062.opus,paragraph
./data/macroset/en/clips/paragraph/common_voice_en_484542.opus,paragraph
./data/macroset/en/clips/paragraph/common_voice_en_649339.opus,paragraph
./data/macroset/en/clips/substitute/common_voice_en_19541394.opus,substitute
./data/macroset/en/clips/substitute/common_voice_en_21419371.opus,substitute
./data/macroset/en/clips/substitute/common_voice_en_19478514.opus,substitute
./data/macroset/en/clips/substitute/common_voice_en_20284986.opus,substitute
./data/macroset/en/clips/substitute/common_voice_en_20189027.opus,substitute
./data/macroset/en/clips/certified/common_voice_en_21100201.opus,certified
./data/macroset/en/clips/certified/common_voice_en_20636182.opus,certified
./data/macroset/en/clips/certified/common_voice_en_481730.opus,certified
./data/macroset/en/clips/certified/common_voice_en_19711134.opus,certified
./data/macroset/en/clips/certified/common_voice_en_19705036.opus,certified
./data/macroset/en/clips/amy/common_voice_en_18708478.opus,amy
./data/macroset/en/clips/amy/common_voice_en_20025733.opus,amy
./data/macroset/en/clips/amy/common_voice_en_20640054.opus,amy
./data/macroset/en/clips/amy/common_voice_en_21853776.opus,amy
./data/macroset/en/clips/amy/common_voice_en_19695529.opus,amy
./data/macroset/en/clips/fallen/common_voice_en_573370.opus,fallen
./data/macroset/en/clips/fallen/common_voice_en_484813.opus,fallen
./data/macroset/en/clips/fallen/common_voice_en_500790.opus,fallen
./data/macroset/en/clips/fallen/common_voice_en_642770.opus,fallen
./data/macroset/en/clips/fallen/common_voice_en_40217.opus,fallen
./data/macroset/en/clips/norfolk/common_voice_en_22184189.opus,norfolk
./data/macroset/en/clips/norfolk/common_voice_en_21429477.opus,norfolk
./data/macroset/en/clips/norfolk/common_voice_en_20302445.opus,norfolk
./data/macroset/en/clips/norfolk/common_voice_en_18924170.opus,norfolk
./data/macroset/en/clips/norfolk/common_voice_en_19820380.opus,norfolk
./data/macroset/en/clips/secular/common_voice_en_20520427.opus,secular
./data/macroset/en/clips/secular/common_voice_en_18963315.opus,secular
./data/macroset/en/clips/secular/common_voice_en_20245237.opus,secular
./data/macroset/en/clips/secular/common_voice_en_21811966.opus,secular
./data/macroset/en/clips/secular/common_voice_en_21777362.opus,secular
./data/macroset/en/clips/attached/common_voice_en_19483528.opus,attached
./data/macroset/en/clips/attached/common_voice_en_22347383.opus,attached
./data/macroset/en/clips/attached/common_voice_en_18767154.opus,attached
./data/macroset/en/clips/attached/common_voice_en_501367.opus,attached
./data/macroset/en/clips/attached/common_voice_en_21303440.opus,attached
./data/macroset/en/clips/sharon/common_voice_en_19594455.opus,sharon
./data/macroset/en/clips/sharon/common_voice_en_17994930.opus,sharon
./data/macroset/en/clips/sharon/common_voice_en_20990330.opus,sharon
./data/macroset/en/clips/sharon/common_voice_en_17847133.opus,sharon
./data/macroset/en/clips/sharon/common_voice_en_262280.opus,sharon
./data/macroset/en/clips/bees/common_voice_en_215874.opus,bees
./data/macroset/en/clips/bees/common_voice_en_17955011.opus,bees
./data/macroset/en/clips/bees/common_voice_en_576613.opus,bees
./data/macroset/en/clips/bees/common_voice_en_20974158__2.opus,bees
./data/macroset/en/clips/bees/common_voice_en_18154388.opus,bees
./data/macroset/en/clips/app/common_voice_en_18757989.opus,app
./data/macroset/en/clips/app/common_voice_en_18136187.opus,app
./data/macroset/en/clips/app/common_voice_en_278845.opus,app
./data/macroset/en/clips/app/common_voice_en_20026866.opus,app
./data/macroset/en/clips/app/common_voice_en_18493051.opus,app
./data/macroset/en/clips/visual/common_voice_en_19514255.opus,visual
./data/macroset/en/clips/visual/common_voice_en_72758.opus,visual
./data/macroset/en/clips/visual/common_voice_en_18813179.opus,visual
./data/macroset/en/clips/visual/common_voice_en_21363889.opus,visual
./data/macroset/en/clips/visual/common_voice_en_22105467.opus,visual
./data/macroset/en/clips/consolidated/common_voice_en_21763778.opus,consolidated
./data/macroset/en/clips/consolidated/common_voice_en_18994886.opus,consolidated
./data/macroset/en/clips/consolidated/common_voice_en_19629626.opus,consolidated
./data/macroset/en/clips/consolidated/common_voice_en_21440548.opus,consolidated
./data/macroset/en/clips/consolidated/common_voice_en_19553684.opus,consolidated
./data/macroset/en/clips/gigabytes/common_voice_en_690004.opus,gigabytes
./data/macroset/en/clips/gigabytes/common_voice_en_494262.opus,gigabytes
./data/macroset/en/clips/gigabytes/common_voice_en_597382.opus,gigabytes
./data/macroset/en/clips/gigabytes/common_voice_en_2834197.opus,gigabytes
./data/macroset/en/clips/gigabytes/common_voice_en_61892.opus,gigabytes
./data/macroset/en/clips/shutters/common_voice_en_592265.opus,shutters
./data/macroset/en/clips/shutters/common_voice_en_20276749.opus,shutters
./data/macroset/en/clips/shutters/common_voice_en_670588.opus,shutters
./data/macroset/en/clips/shutters/common_voice_en_86235.opus,shutters
./data/macroset/en/clips/shutters/common_voice_en_508098.opus,shutters
./data/macroset/en/clips/miriam/common_voice_en_21518372.opus,miriam
./data/macroset/en/clips/miriam/common_voice_en_19872255.opus,miriam
./data/macroset/en/clips/miriam/common_voice_en_21787977.opus,miriam
./data/macroset/en/clips/miriam/common_voice_en_21619853.opus,miriam
./data/macroset/en/clips/miriam/common_voice_en_19267067.opus,miriam
./data/macroset/en/clips/forums/common_voice_en_20687630.opus,forums
./data/macroset/en/clips/forums/common_voice_en_20456280.opus,forums
./data/macroset/en/clips/forums/common_voice_en_562204.opus,forums
./data/macroset/en/clips/forums/common_voice_en_135192.opus,forums
./data/macroset/en/clips/forums/common_voice_en_21993660.opus,forums
./data/macroset/en/clips/synonymous/common_voice_en_20870823.opus,synonymous
./data/macroset/en/clips/synonymous/common_voice_en_20869623.opus,synonymous
./data/macroset/en/clips/synonymous/common_voice_en_19942932.opus,synonymous
./data/macroset/en/clips/synonymous/common_voice_en_20484405.opus,synonymous
./data/macroset/en/clips/synonymous/common_voice_en_22294474.opus,synonymous
./data/macroset/en/clips/february/common_voice_en_564758.opus,february
./data/macroset/en/clips/february/common_voice_en_522252.opus,february
./data/macroset/en/clips/february/common_voice_en_18708796.opus,february
./data/macroset/en/clips/february/common_voice_en_25634.opus,february
./data/macroset/en/clips/february/common_voice_en_19113931.opus,february
./data/macroset/en/clips/biology/common_voice_en_19536988.opus,biology
./data/macroset/en/clips/biology/common_voice_en_587016.opus,biology
./data/macroset/en/clips/biology/common_voice_en_18502520.opus,biology
./data/macroset/en/clips/biology/common_voice_en_534149.opus,biology
./data/macroset/en/clips/biology/common_voice_en_19382940.opus,biology
./data/macroset/en/clips/andreas/common_voice_en_21160393.opus,andreas
./data/macroset/en/clips/andreas/common_voice_en_18845574.opus,andreas
./data/macroset/en/clips/andreas/common_voice_en_19195911.opus,andreas
./data/macroset/en/clips/andreas/common_voice_en_686578.opus,andreas
./data/macroset/en/clips/andreas/common_voice_en_18729621.opus,andreas
./data/macroset/en/clips/examiner/common_voice_en_15789612.opus,examiner
./data/macroset/en/clips/examiner/common_voice_en_18713619.opus,examiner
./data/macroset/en/clips/examiner/common_voice_en_426099.opus,examiner
./data/macroset/en/clips/examiner/common_voice_en_18154412.opus,examiner
./data/macroset/en/clips/examiner/common_voice_en_19631095.opus,examiner
./data/macroset/en/clips/harm/common_voice_en_489819.opus,harm
./data/macroset/en/clips/harm/common_voice_en_20833873.opus,harm
./data/macroset/en/clips/harm/common_voice_en_29311.opus,harm
./data/macroset/en/clips/harm/common_voice_en_20794025.opus,harm
./data/macroset/en/clips/harm/common_voice_en_18649948.opus,harm
./data/macroset/en/clips/flickered/common_voice_en_18236773.opus,flickered
./data/macroset/en/clips/flickered/common_voice_en_17837877.opus,flickered
./data/macroset/en/clips/flickered/common_voice_en_17917111.opus,flickered
./data/macroset/en/clips/flickered/common_voice_en_68507.opus,flickered
./data/macroset/en/clips/flickered/common_voice_en_17793958.opus,flickered
./data/macroset/en/clips/housed/common_voice_en_21679740.opus,housed
./data/macroset/en/clips/housed/common_voice_en_22248386.opus,housed
./data/macroset/en/clips/housed/common_voice_en_22405990.opus,housed
./data/macroset/en/clips/housed/common_voice_en_19959130.opus,housed
./data/macroset/en/clips/housed/common_voice_en_21702558.opus,housed
./data/macroset/en/clips/del/common_voice_en_22083960.opus,del
./data/macroset/en/clips/del/common_voice_en_20079227.opus,del
./data/macroset/en/clips/del/common_voice_en_19591025.opus,del
./data/macroset/en/clips/del/common_voice_en_18831313.opus,del
./data/macroset/en/clips/del/common_voice_en_19968625.opus,del
./data/macroset/en/clips/constable/common_voice_en_20009175.opus,constable
./data/macroset/en/clips/constable/common_voice_en_17863667.opus,constable
./data/macroset/en/clips/constable/common_voice_en_21638203.opus,constable
./data/macroset/en/clips/constable/common_voice_en_18139435.opus,constable
./data/macroset/en/clips/constable/common_voice_en_18071486.opus,constable
./data/macroset/en/clips/craters/common_voice_en_22024016.opus,craters
./data/macroset/en/clips/craters/common_voice_en_20310061.opus,craters
./data/macroset/en/clips/craters/common_voice_en_20288217.opus,craters
./data/macroset/en/clips/craters/common_voice_en_20503146.opus,craters
./data/macroset/en/clips/craters/common_voice_en_21914141.opus,craters
./data/macroset/en/clips/involvement/common_voice_en_20371695.opus,involvement
./data/macroset/en/clips/involvement/common_voice_en_20561594.opus,involvement
./data/macroset/en/clips/involvement/common_voice_en_22071114.opus,involvement
./data/macroset/en/clips/involvement/common_voice_en_20939312.opus,involvement
./data/macroset/en/clips/involvement/common_voice_en_20285572.opus,involvement
./data/macroset/en/clips/dignity/common_voice_en_19948626.opus,dignity
./data/macroset/en/clips/dignity/common_voice_en_653402.opus,dignity
./data/macroset/en/clips/dignity/common_voice_en_521226.opus,dignity
./data/macroset/en/clips/dignity/common_voice_en_682796.opus,dignity
./data/macroset/en/clips/dignity/common_voice_en_20506403.opus,dignity
./data/macroset/en/clips/remembered/common_voice_en_519091.opus,remembered
./data/macroset/en/clips/remembered/common_voice_en_86512.opus,remembered
./data/macroset/en/clips/remembered/common_voice_en_669254.opus,remembered
./data/macroset/en/clips/remembered/common_voice_en_18342462.opus,remembered
./data/macroset/en/clips/remembered/common_voice_en_88368.opus,remembered
./data/macroset/en/clips/cardboard/common_voice_en_18145016.opus,cardboard
./data/macroset/en/clips/cardboard/common_voice_en_17999006.opus,cardboard
./data/macroset/en/clips/cardboard/common_voice_en_18096854.opus,cardboard
./data/macroset/en/clips/cardboard/common_voice_en_20478218.opus,cardboard
./data/macroset/en/clips/cardboard/common_voice_en_479621.opus,cardboard
./data/macroset/en/clips/catherine/common_voice_en_40384.opus,catherine
./data/macroset/en/clips/catherine/common_voice_en_20383321.opus,catherine
./data/macroset/en/clips/catherine/common_voice_en_21665318.opus,catherine
./data/macroset/en/clips/catherine/common_voice_en_382892.opus,catherine
./data/macroset/en/clips/catherine/common_voice_en_21166294.opus,catherine
./data/macroset/en/clips/surveyor/common_voice_en_20410567.opus,surveyor
./data/macroset/en/clips/surveyor/common_voice_en_22275553.opus,surveyor
./data/macroset/en/clips/surveyor/common_voice_en_22257758.opus,surveyor
./data/macroset/en/clips/surveyor/common_voice_en_18591467.opus,surveyor
./data/macroset/en/clips/surveyor/common_voice_en_21048606.opus,surveyor
./data/macroset/en/clips/frontier/common_voice_en_22182887.opus,frontier
./data/macroset/en/clips/frontier/common_voice_en_18861546.opus,frontier
./data/macroset/en/clips/frontier/common_voice_en_20315365.opus,frontier
./data/macroset/en/clips/frontier/common_voice_en_18573103.opus,frontier
./data/macroset/en/clips/frontier/common_voice_en_20375662.opus,frontier
./data/macroset/en/clips/releasing/common_voice_en_20513267.opus,releasing
./data/macroset/en/clips/releasing/common_voice_en_21463788.opus,releasing
./data/macroset/en/clips/releasing/common_voice_en_19982456.opus,releasing
./data/macroset/en/clips/releasing/common_voice_en_19497792.opus,releasing
./data/macroset/en/clips/releasing/common_voice_en_19649768.opus,releasing
./data/macroset/en/clips/advise/common_voice_en_17261060.opus,advise
./data/macroset/en/clips/advise/common_voice_en_17259658.opus,advise
./data/macroset/en/clips/advise/common_voice_en_17269057.opus,advise
./data/macroset/en/clips/advise/common_voice_en_1858016.opus,advise
./data/macroset/en/clips/advise/common_voice_en_638808.opus,advise
./data/macroset/en/clips/frightening/common_voice_en_190686.opus,frightening
./data/macroset/en/clips/frightening/common_voice_en_18090682.opus,frightening
./data/macroset/en/clips/frightening/common_voice_en_573619.opus,frightening
./data/macroset/en/clips/frightening/common_voice_en_207631.opus,frightening
./data/macroset/en/clips/frightening/common_voice_en_553543.opus,frightening
./data/macroset/en/clips/lavender/common_voice_en_26664.opus,lavender
./data/macroset/en/clips/lavender/common_voice_en_204209.opus,lavender
./data/macroset/en/clips/lavender/common_voice_en_218924.opus,lavender
./data/macroset/en/clips/lavender/common_voice_en_676679.opus,lavender
./data/macroset/en/clips/lavender/common_voice_en_146601.opus,lavender
./data/macroset/en/clips/admission/common_voice_en_20152137.opus,admission
./data/macroset/en/clips/admission/common_voice_en_19359039.opus,admission
./data/macroset/en/clips/admission/common_voice_en_19708813.opus,admission
./data/macroset/en/clips/admission/common_voice_en_20886514.opus,admission
./data/macroset/en/clips/admission/common_voice_en_19898694.opus,admission
./data/macroset/en/clips/finally/common_voice_en_17808753.opus,finally
./data/macroset/en/clips/finally/common_voice_en_3737.opus,finally
./data/macroset/en/clips/finally/common_voice_en_602192.opus,finally
./data/macroset/en/clips/finally/common_voice_en_669535.opus,finally
./data/macroset/en/clips/finally/common_voice_en_19944466.opus,finally
./data/macroset/en/clips/pittsburgh/common_voice_en_19402588.opus,pittsburgh
./data/macroset/en/clips/pittsburgh/common_voice_en_20105151.opus,pittsburgh
./data/macroset/en/clips/pittsburgh/common_voice_en_21170245.opus,pittsburgh
./data/macroset/en/clips/pittsburgh/common_voice_en_19709911.opus,pittsburgh
./data/macroset/en/clips/pittsburgh/common_voice_en_20048210.opus,pittsburgh
./data/macroset/en/clips/expired/common_voice_en_19651923.opus,expired
./data/macroset/en/clips/expired/common_voice_en_19449730.opus,expired
./data/macroset/en/clips/expired/common_voice_en_632694.opus,expired
./data/macroset/en/clips/expired/common_voice_en_18671589.opus,expired
./data/macroset/en/clips/expired/common_voice_en_17345703.opus,expired
./data/macroset/en/clips/refinery/common_voice_en_555062.opus,refinery
./data/macroset/en/clips/refinery/common_voice_en_169117.opus,refinery
./data/macroset/en/clips/refinery/common_voice_en_19657041.opus,refinery
./data/macroset/en/clips/refinery/common_voice_en_499347.opus,refinery
./data/macroset/en/clips/refinery/common_voice_en_20178122.opus,refinery
./data/macroset/en/clips/girl/common_voice_en_26824.opus,girl
./data/macroset/en/clips/girl/common_voice_en_486016.opus,girl
./data/macroset/en/clips/girl/common_voice_en_606829.opus,girl
./data/macroset/en/clips/girl/common_voice_en_56974.opus,girl
./data/macroset/en/clips/girl/common_voice_en_69166.opus,girl
./data/macroset/en/clips/complimented/common_voice_en_16048685.opus,complimented
./data/macroset/en/clips/complimented/common_voice_en_17250483.opus,complimented
./data/macroset/en/clips/complimented/common_voice_en_17269358.opus,complimented
./data/macroset/en/clips/complimented/common_voice_en_17725909.opus,complimented
./data/macroset/en/clips/complimented/common_voice_en_17276973.opus,complimented
./data/macroset/en/clips/givers/common_voice_en_17875028.opus,givers
./data/macroset/en/clips/givers/common_voice_en_18090806.opus,givers
./data/macroset/en/clips/givers/common_voice_en_22008843.opus,givers
./data/macroset/en/clips/givers/common_voice_en_17524648.opus,givers
./data/macroset/en/clips/givers/common_voice_en_17890327.opus,givers
./data/macroset/en/clips/regime/common_voice_en_26772.opus,regime
./data/macroset/en/clips/regime/common_voice_en_20791488.opus,regime
./data/macroset/en/clips/regime/common_voice_en_10208773.opus,regime
./data/macroset/en/clips/regime/common_voice_en_19343533.opus,regime
./data/macroset/en/clips/regime/common_voice_en_20335762.opus,regime
./data/macroset/en/clips/during/common_voice_en_19840955.opus,during
./data/macroset/en/clips/during/common_voice_en_18765727.opus,during
./data/macroset/en/clips/during/common_voice_en_21384987.opus,during
./data/macroset/en/clips/during/common_voice_en_19952138.opus,during
./data/macroset/en/clips/during/common_voice_en_680914.opus,during
./data/macroset/en/clips/crescent/common_voice_en_22469341.opus,crescent
./data/macroset/en/clips/crescent/common_voice_en_22143300.opus,crescent
./data/macroset/en/clips/crescent/common_voice_en_21328671.opus,crescent
./data/macroset/en/clips/crescent/common_voice_en_22045696.opus,crescent
./data/macroset/en/clips/crescent/common_voice_en_22250546.opus,crescent
./data/macroset/en/clips/houston/common_voice_en_19967759.opus,houston
./data/macroset/en/clips/houston/common_voice_en_22131590.opus,houston
./data/macroset/en/clips/houston/common_voice_en_21082587.opus,houston
./data/macroset/en/clips/houston/common_voice_en_20441993.opus,houston
./data/macroset/en/clips/houston/common_voice_en_21321842.opus,houston
./data/macroset/en/clips/livestock/common_voice_en_22130324.opus,livestock
./data/macroset/en/clips/livestock/common_voice_en_19890337.opus,livestock
./data/macroset/en/clips/livestock/common_voice_en_19734783.opus,livestock
./data/macroset/en/clips/livestock/common_voice_en_19848745.opus,livestock
./data/macroset/en/clips/livestock/common_voice_en_19733741.opus,livestock
./data/macroset/en/clips/experience/common_voice_en_21759816.opus,experience
./data/macroset/en/clips/experience/common_voice_en_18155262.opus,experience
./data/macroset/en/clips/experience/common_voice_en_18483769.opus,experience
./data/macroset/en/clips/experience/common_voice_en_20819339.opus,experience
./data/macroset/en/clips/experience/common_voice_en_671686.opus,experience
./data/macroset/en/clips/barricades/common_voice_en_534938.opus,barricades
./data/macroset/en/clips/barricades/common_voice_en_613957.opus,barricades
./data/macroset/en/clips/barricades/common_voice_en_615162.opus,barricades
./data/macroset/en/clips/barricades/common_voice_en_599903.opus,barricades
./data/macroset/en/clips/barricades/common_voice_en_616926.opus,barricades
./data/macroset/en/clips/sunk/common_voice_en_19687491.opus,sunk
./data/macroset/en/clips/sunk/common_voice_en_19995758.opus,sunk
./data/macroset/en/clips/sunk/common_voice_en_22341805.opus,sunk
./data/macroset/en/clips/sunk/common_voice_en_20044149.opus,sunk
./data/macroset/en/clips/sunk/common_voice_en_21993791.opus,sunk
./data/macroset/en/clips/descriptions/common_voice_en_20296787.opus,descriptions
./data/macroset/en/clips/descriptions/common_voice_en_22177880.opus,descriptions
./data/macroset/en/clips/descriptions/common_voice_en_20169929.opus,descriptions
./data/macroset/en/clips/descriptions/common_voice_en_21593806.opus,descriptions
./data/macroset/en/clips/descriptions/common_voice_en_20280833.opus,descriptions
./data/macroset/en/clips/prisoner/common_voice_en_18094000.opus,prisoner
./data/macroset/en/clips/prisoner/common_voice_en_20757563.opus,prisoner
./data/macroset/en/clips/prisoner/common_voice_en_20410860.opus,prisoner
./data/macroset/en/clips/prisoner/common_voice_en_18646892.opus,prisoner
./data/macroset/en/clips/prisoner/common_voice_en_21552121.opus,prisoner
./data/macroset/en/clips/dataset/common_voice_en_591803.opus,dataset
./data/macroset/en/clips/dataset/common_voice_en_183070.opus,dataset
./data/macroset/en/clips/dataset/common_voice_en_661171.opus,dataset
./data/macroset/en/clips/dataset/common_voice_en_91786.opus,dataset
./data/macroset/en/clips/dataset/common_voice_en_649826.opus,dataset
./data/macroset/en/clips/million/common_voice_en_20918455.opus,million
./data/macroset/en/clips/million/common_voice_en_629702.opus,million
./data/macroset/en/clips/million/common_voice_en_18871456.opus,million
./data/macroset/en/clips/million/common_voice_en_20473780.opus,million
./data/macroset/en/clips/million/common_voice_en_90832.opus,million
./data/macroset/en/clips/satisfaction/common_voice_en_19195818.opus,satisfaction
./data/macroset/en/clips/satisfaction/common_voice_en_18519398.opus,satisfaction
./data/macroset/en/clips/satisfaction/common_voice_en_689815.opus,satisfaction
./data/macroset/en/clips/satisfaction/common_voice_en_17290973.opus,satisfaction
./data/macroset/en/clips/satisfaction/common_voice_en_18489851.opus,satisfaction
./data/macroset/en/clips/fascinating/common_voice_en_59635.opus,fascinating
./data/macroset/en/clips/fascinating/common_voice_en_18501118.opus,fascinating
./data/macroset/en/clips/fascinating/common_voice_en_193974.opus,fascinating
./data/macroset/en/clips/fascinating/common_voice_en_173589.opus,fascinating
./data/macroset/en/clips/fascinating/common_voice_en_15733505.opus,fascinating
./data/macroset/en/clips/squid/common_voice_en_525461.opus,squid
./data/macroset/en/clips/squid/common_voice_en_19638482.opus,squid
./data/macroset/en/clips/squid/common_voice_en_56925.opus,squid
./data/macroset/en/clips/squid/common_voice_en_20633273.opus,squid
./data/macroset/en/clips/squid/common_voice_en_645766.opus,squid
./data/macroset/en/clips/wrench/common_voice_en_21729208.opus,wrench
./data/macroset/en/clips/wrench/common_voice_en_30766.opus,wrench
./data/macroset/en/clips/wrench/common_voice_en_558657.opus,wrench
./data/macroset/en/clips/wrench/common_voice_en_18431492.opus,wrench
./data/macroset/en/clips/wrench/common_voice_en_317300.opus,wrench
./data/macroset/en/clips/workflow/common_voice_en_18526918.opus,workflow
./data/macroset/en/clips/workflow/common_voice_en_503932.opus,workflow
./data/macroset/en/clips/workflow/common_voice_en_17401327.opus,workflow
./data/macroset/en/clips/workflow/common_voice_en_464591.opus,workflow
./data/macroset/en/clips/workflow/common_voice_en_17899160.opus,workflow
./data/macroset/en/clips/service/common_voice_en_22179589.opus,service
./data/macroset/en/clips/service/common_voice_en_21445903.opus,service
./data/macroset/en/clips/service/common_voice_en_21820222.opus,service
./data/macroset/en/clips/service/common_voice_en_19895325.opus,service
./data/macroset/en/clips/service/common_voice_en_19020391.opus,service
./data/macroset/en/clips/weakly/common_voice_en_17971265.opus,weakly
./data/macroset/en/clips/weakly/common_voice_en_20543495.opus,weakly
./data/macroset/en/clips/weakly/common_voice_en_19841335.opus,weakly
./data/macroset/en/clips/weakly/common_voice_en_20557929.opus,weakly
./data/macroset/en/clips/weakly/common_voice_en_22377788.opus,weakly
./data/macroset/en/clips/fooling/common_voice_en_643675.opus,fooling
./data/macroset/en/clips/fooling/common_voice_en_647568.opus,fooling
./data/macroset/en/clips/fooling/common_voice_en_18564748.opus,fooling
./data/macroset/en/clips/fooling/common_voice_en_18662675.opus,fooling
./data/macroset/en/clips/fooling/common_voice_en_489174.opus,fooling
./data/macroset/en/clips/floated/common_voice_en_21181315.opus,floated
./data/macroset/en/clips/floated/common_voice_en_537980.opus,floated
./data/macroset/en/clips/floated/common_voice_en_17256714.opus,floated
./data/macroset/en/clips/floated/common_voice_en_17259423.opus,floated
./data/macroset/en/clips/floated/common_voice_en_17263099.opus,floated
./data/macroset/en/clips/typing/common_voice_en_569768.opus,typing
./data/macroset/en/clips/typing/common_voice_en_17287430.opus,typing
./data/macroset/en/clips/typing/common_voice_en_17271354.opus,typing
./data/macroset/en/clips/typing/common_voice_en_17265095.opus,typing
./data/macroset/en/clips/typing/common_voice_en_17261042.opus,typing
./data/macroset/en/clips/santa/common_voice_en_19841193__2.opus,santa
./data/macroset/en/clips/santa/common_voice_en_21440329.opus,santa
./data/macroset/en/clips/santa/common_voice_en_20989229.opus,santa
./data/macroset/en/clips/santa/common_voice_en_20966554.opus,santa
./data/macroset/en/clips/santa/common_voice_en_20505802.opus,santa
./data/macroset/en/clips/main/common_voice_en_19758190.opus,main
./data/macroset/en/clips/main/common_voice_en_21340427.opus,main
./data/macroset/en/clips/main/common_voice_en_19944864.opus,main
./data/macroset/en/clips/main/common_voice_en_20186535.opus,main
./data/macroset/en/clips/main/common_voice_en_19217443.opus,main
./data/macroset/en/clips/enlightened/common_voice_en_17403970.opus,enlightened
./data/macroset/en/clips/enlightened/common_voice_en_17278148.opus,enlightened
./data/macroset/en/clips/enlightened/common_voice_en_626759.opus,enlightened
./data/macroset/en/clips/enlightened/common_voice_en_17278343.opus,enlightened
./data/macroset/en/clips/enlightened/common_voice_en_19568224.opus,enlightened
./data/macroset/en/clips/followers/common_voice_en_575822.opus,followers
./data/macroset/en/clips/followers/common_voice_en_19443361.opus,followers
./data/macroset/en/clips/followers/common_voice_en_213828.opus,followers
./data/macroset/en/clips/followers/common_voice_en_9606127.opus,followers
./data/macroset/en/clips/followers/common_voice_en_18010563.opus,followers
./data/macroset/en/clips/palestine/common_voice_en_20896057__2.opus,palestine
./data/macroset/en/clips/palestine/common_voice_en_22060524.opus,palestine
./data/macroset/en/clips/palestine/common_voice_en_18861701.opus,palestine
./data/macroset/en/clips/palestine/common_voice_en_19827447.opus,palestine
./data/macroset/en/clips/palestine/common_voice_en_527000.opus,palestine
./data/macroset/en/clips/spending/common_voice_en_22336487.opus,spending
./data/macroset/en/clips/spending/common_voice_en_20273023.opus,spending
./data/macroset/en/clips/spending/common_voice_en_20027930.opus,spending
./data/macroset/en/clips/spending/common_voice_en_20239973.opus,spending
./data/macroset/en/clips/spending/common_voice_en_617705.opus,spending
./data/macroset/en/clips/varied/common_voice_en_19719295.opus,varied
./data/macroset/en/clips/varied/common_voice_en_21297243.opus,varied
./data/macroset/en/clips/varied/common_voice_en_21430278.opus,varied
./data/macroset/en/clips/varied/common_voice_en_19518355.opus,varied
./data/macroset/en/clips/varied/common_voice_en_20881167.opus,varied
./data/macroset/en/clips/ronnie/common_voice_en_166025.opus,ronnie
./data/macroset/en/clips/ronnie/common_voice_en_19362332.opus,ronnie
./data/macroset/en/clips/ronnie/common_voice_en_21497798.opus,ronnie
./data/macroset/en/clips/ronnie/common_voice_en_97099.opus,ronnie
./data/macroset/en/clips/ronnie/common_voice_en_159798.opus,ronnie
./data/macroset/en/clips/autonomous/common_voice_en_20514490.opus,autonomous
./data/macroset/en/clips/autonomous/common_voice_en_21016100.opus,autonomous
./data/macroset/en/clips/autonomous/common_voice_en_22173228__2.opus,autonomous
./data/macroset/en/clips/autonomous/common_voice_en_21081524.opus,autonomous
./data/macroset/en/clips/autonomous/common_voice_en_18787644.opus,autonomous
./data/macroset/en/clips/slices/common_voice_en_529727.opus,slices
./data/macroset/en/clips/slices/common_voice_en_18062285.opus,slices
./data/macroset/en/clips/slices/common_voice_en_17746423.opus,slices
./data/macroset/en/clips/slices/common_voice_en_15904109.opus,slices
./data/macroset/en/clips/slices/common_voice_en_17256552.opus,slices
./data/macroset/en/clips/august/common_voice_en_18851859.opus,august
./data/macroset/en/clips/august/common_voice_en_19555034.opus,august
./data/macroset/en/clips/august/common_voice_en_18751935.opus,august
./data/macroset/en/clips/august/common_voice_en_633108.opus,august
./data/macroset/en/clips/august/common_voice_en_22019848.opus,august
./data/macroset/en/clips/annoy/common_voice_en_19260760.opus,annoy
./data/macroset/en/clips/annoy/common_voice_en_18335842.opus,annoy
./data/macroset/en/clips/annoy/common_voice_en_18510717.opus,annoy
./data/macroset/en/clips/annoy/common_voice_en_18032205.opus,annoy
./data/macroset/en/clips/annoy/common_voice_en_383270.opus,annoy
./data/macroset/en/clips/essential/common_voice_en_21978950.opus,essential
./data/macroset/en/clips/essential/common_voice_en_20600883.opus,essential
./data/macroset/en/clips/essential/common_voice_en_22036740.opus,essential
./data/macroset/en/clips/essential/common_voice_en_20410409.opus,essential
./data/macroset/en/clips/essential/common_voice_en_561225.opus,essential
./data/macroset/en/clips/whisked/common_voice_en_136074.opus,whisked
./data/macroset/en/clips/whisked/common_voice_en_529340.opus,whisked
./data/macroset/en/clips/whisked/common_voice_en_548059.opus,whisked
./data/macroset/en/clips/whisked/common_voice_en_673976.opus,whisked
./data/macroset/en/clips/whisked/common_voice_en_537243.opus,whisked
./data/macroset/en/clips/abandons/common_voice_en_602622.opus,abandons
./data/macroset/en/clips/abandons/common_voice_en_87583.opus,abandons
./data/macroset/en/clips/abandons/common_voice_en_687489.opus,abandons
./data/macroset/en/clips/abandons/common_voice_en_506259.opus,abandons
./data/macroset/en/clips/abandons/common_voice_en_25300.opus,abandons
./data/macroset/en/clips/propagated/common_voice_en_20185903.opus,propagated
./data/macroset/en/clips/propagated/common_voice_en_639755.opus,propagated
./data/macroset/en/clips/propagated/common_voice_en_530247.opus,propagated
./data/macroset/en/clips/propagated/common_voice_en_20792189.opus,propagated
./data/macroset/en/clips/propagated/common_voice_en_520357.opus,propagated
./data/macroset/en/clips/nightfall/common_voice_en_693623.opus,nightfall
./data/macroset/en/clips/nightfall/common_voice_en_638108.opus,nightfall
./data/macroset/en/clips/nightfall/common_voice_en_579383.opus,nightfall
./data/macroset/en/clips/nightfall/common_voice_en_52275.opus,nightfall
./data/macroset/en/clips/nightfall/common_voice_en_19701402.opus,nightfall
./data/macroset/en/clips/sol/common_voice_en_18672359.opus,sol
./data/macroset/en/clips/sol/common_voice_en_19684190.opus,sol
./data/macroset/en/clips/sol/common_voice_en_21692926.opus,sol
./data/macroset/en/clips/sol/common_voice_en_17802045.opus,sol
./data/macroset/en/clips/sol/common_voice_en_20994945.opus,sol
./data/macroset/en/clips/brush/common_voice_en_96905.opus,brush
./data/macroset/en/clips/brush/common_voice_en_19792084.opus,brush
./data/macroset/en/clips/brush/common_voice_en_20900159.opus,brush
./data/macroset/en/clips/brush/common_voice_en_19740046.opus,brush
./data/macroset/en/clips/brush/common_voice_en_566285.opus,brush
./data/macroset/en/clips/bored/common_voice_en_18521396.opus,bored
./data/macroset/en/clips/bored/common_voice_en_17252750.opus,bored
./data/macroset/en/clips/bored/common_voice_en_2202895.opus,bored
./data/macroset/en/clips/bored/common_voice_en_18172239.opus,bored
./data/macroset/en/clips/bored/common_voice_en_18314474.opus,bored
./data/macroset/en/clips/exodus/common_voice_en_21859142.opus,exodus
./data/macroset/en/clips/exodus/common_voice_en_19072392.opus,exodus
./data/macroset/en/clips/exodus/common_voice_en_18099084.opus,exodus
./data/macroset/en/clips/exodus/common_voice_en_17684179.opus,exodus
./data/macroset/en/clips/exodus/common_voice_en_17946140.opus,exodus
./data/macroset/en/clips/senator/common_voice_en_19561430.opus,senator
./data/macroset/en/clips/senator/common_voice_en_21063071.opus,senator
./data/macroset/en/clips/senator/common_voice_en_21329143.opus,senator
./data/macroset/en/clips/senator/common_voice_en_20259074.opus,senator
./data/macroset/en/clips/senator/common_voice_en_19786204.opus,senator
./data/macroset/en/clips/arrows/common_voice_en_21903298.opus,arrows
./data/macroset/en/clips/arrows/common_voice_en_18712155.opus,arrows
./data/macroset/en/clips/arrows/common_voice_en_19606769.opus,arrows
./data/macroset/en/clips/arrows/common_voice_en_18475913.opus,arrows
./data/macroset/en/clips/arrows/common_voice_en_21175390.opus,arrows
./data/macroset/en/clips/jetting/common_voice_en_561729.opus,jetting
./data/macroset/en/clips/jetting/common_voice_en_665284.opus,jetting
./data/macroset/en/clips/jetting/common_voice_en_504032.opus,jetting
./data/macroset/en/clips/jetting/common_voice_en_519217.opus,jetting
./data/macroset/en/clips/jetting/common_voice_en_675229.opus,jetting
./data/macroset/en/clips/spoke/common_voice_en_168425.opus,spoke
./data/macroset/en/clips/spoke/common_voice_en_579147.opus,spoke
./data/macroset/en/clips/spoke/common_voice_en_650363.opus,spoke
./data/macroset/en/clips/spoke/common_voice_en_43416.opus,spoke
./data/macroset/en/clips/spoke/common_voice_en_55423.opus,spoke
./data/macroset/en/clips/flow/common_voice_en_22335250.opus,flow
./data/macroset/en/clips/flow/common_voice_en_19409281.opus,flow
./data/macroset/en/clips/flow/common_voice_en_20851407.opus,flow
./data/macroset/en/clips/flow/common_voice_en_21928112.opus,flow
./data/macroset/en/clips/flow/common_voice_en_20877635.opus,flow
./data/macroset/en/clips/astronomer/common_voice_en_18881434.opus,astronomer
./data/macroset/en/clips/astronomer/common_voice_en_20189319.opus,astronomer
./data/macroset/en/clips/astronomer/common_voice_en_20536497.opus,astronomer
./data/macroset/en/clips/astronomer/common_voice_en_22116928.opus,astronomer
./data/macroset/en/clips/astronomer/common_voice_en_20102629.opus,astronomer
./data/macroset/en/clips/speedway/common_voice_en_20964572.opus,speedway
./data/macroset/en/clips/speedway/common_voice_en_22305625.opus,speedway
./data/macroset/en/clips/speedway/common_voice_en_20894735.opus,speedway
./data/macroset/en/clips/speedway/common_voice_en_20370952.opus,speedway
./data/macroset/en/clips/speedway/common_voice_en_18951940.opus,speedway
./data/macroset/en/clips/contributor/common_voice_en_20850800.opus,contributor
./data/macroset/en/clips/contributor/common_voice_en_19466851.opus,contributor
./data/macroset/en/clips/contributor/common_voice_en_18748963.opus,contributor
./data/macroset/en/clips/contributor/common_voice_en_20321749.opus,contributor
./data/macroset/en/clips/contributor/common_voice_en_19704799.opus,contributor
./data/macroset/en/clips/lloyd/common_voice_en_20003197.opus,lloyd
./data/macroset/en/clips/lloyd/common_voice_en_20026870.opus,lloyd
./data/macroset/en/clips/lloyd/common_voice_en_20132811.opus,lloyd
./data/macroset/en/clips/lloyd/common_voice_en_21504476.opus,lloyd
./data/macroset/en/clips/lloyd/common_voice_en_18814771.opus,lloyd
./data/macroset/en/clips/accusations/common_voice_en_652197.opus,accusations
./data/macroset/en/clips/accusations/common_voice_en_21554967.opus,accusations
./data/macroset/en/clips/accusations/common_voice_en_21181208.opus,accusations
./data/macroset/en/clips/accusations/common_voice_en_19709866.opus,accusations
./data/macroset/en/clips/accusations/common_voice_en_21740920.opus,accusations
./data/macroset/en/clips/lineage/common_voice_en_20581555.opus,lineage
./data/macroset/en/clips/lineage/common_voice_en_20001365.opus,lineage
./data/macroset/en/clips/lineage/common_voice_en_19686322.opus,lineage
./data/macroset/en/clips/lineage/common_voice_en_22238291.opus,lineage
./data/macroset/en/clips/lineage/common_voice_en_19749940.opus,lineage
./data/macroset/en/clips/therapy/common_voice_en_20392739.opus,therapy
./data/macroset/en/clips/therapy/common_voice_en_22292272.opus,therapy
./data/macroset/en/clips/therapy/common_voice_en_19857685.opus,therapy
./data/macroset/en/clips/therapy/common_voice_en_20988435.opus,therapy
./data/macroset/en/clips/therapy/common_voice_en_20696191.opus,therapy
./data/macroset/en/clips/cards/common_voice_en_18846806.opus,cards
./data/macroset/en/clips/cards/common_voice_en_22346339.opus,cards
./data/macroset/en/clips/cards/common_voice_en_21511076.opus,cards
./data/macroset/en/clips/cards/common_voice_en_22131351.opus,cards
./data/macroset/en/clips/cards/common_voice_en_20454361.opus,cards
./data/macroset/en/clips/asleep/common_voice_en_18507125.opus,asleep
./data/macroset/en/clips/asleep/common_voice_en_662912.opus,asleep
./data/macroset/en/clips/asleep/common_voice_en_27941.opus,asleep
./data/macroset/en/clips/asleep/common_voice_en_33486.opus,asleep
./data/macroset/en/clips/asleep/common_voice_en_20243285.opus,asleep
./data/macroset/en/clips/warned/common_voice_en_19964600.opus,warned
./data/macroset/en/clips/warned/common_voice_en_285842.opus,warned
./data/macroset/en/clips/warned/common_voice_en_22433984.opus,warned
./data/macroset/en/clips/warned/common_voice_en_479941.opus,warned
./data/macroset/en/clips/warned/common_voice_en_41318.opus,warned
./data/macroset/en/clips/braid/common_voice_en_20462387.opus,braid
./data/macroset/en/clips/braid/common_voice_en_551926.opus,braid
./data/macroset/en/clips/braid/common_voice_en_19747424.opus,braid
./data/macroset/en/clips/braid/common_voice_en_21102601.opus,braid
./data/macroset/en/clips/braid/common_voice_en_22028831__2.opus,braid
./data/macroset/en/clips/handle/common_voice_en_495410.opus,handle
./data/macroset/en/clips/handle/common_voice_en_612994.opus,handle
./data/macroset/en/clips/handle/common_voice_en_461014.opus,handle
./data/macroset/en/clips/handle/common_voice_en_203213.opus,handle
./data/macroset/en/clips/handle/common_voice_en_164071.opus,handle
./data/macroset/en/clips/jason/common_voice_en_19762336.opus,jason
./data/macroset/en/clips/jason/common_voice_en_20149500.opus,jason
./data/macroset/en/clips/jason/common_voice_en_20827100.opus,jason
./data/macroset/en/clips/jason/common_voice_en_17388626.opus,jason
./data/macroset/en/clips/jason/common_voice_en_17551951.opus,jason
./data/macroset/en/clips/depending/common_voice_en_20276341.opus,depending
./data/macroset/en/clips/depending/common_voice_en_22381534.opus,depending
./data/macroset/en/clips/depending/common_voice_en_19685438.opus,depending
./data/macroset/en/clips/depending/common_voice_en_20469553.opus,depending
./data/macroset/en/clips/depending/common_voice_en_20683395.opus,depending
./data/macroset/en/clips/institution/common_voice_en_20895487.opus,institution
./data/macroset/en/clips/institution/common_voice_en_18882463.opus,institution
./data/macroset/en/clips/institution/common_voice_en_18971290.opus,institution
./data/macroset/en/clips/institution/common_voice_en_21243271.opus,institution
./data/macroset/en/clips/institution/common_voice_en_20391269.opus,institution
./data/macroset/en/clips/rose/common_voice_en_18803248.opus,rose
./data/macroset/en/clips/rose/common_voice_en_19574563.opus,rose
./data/macroset/en/clips/rose/common_voice_en_520901.opus,rose
./data/macroset/en/clips/rose/common_voice_en_87291.opus,rose
./data/macroset/en/clips/rose/common_voice_en_21370873.opus,rose
./data/macroset/en/clips/moaning/common_voice_en_17282585.opus,moaning
./data/macroset/en/clips/moaning/common_voice_en_519777.opus,moaning
./data/macroset/en/clips/moaning/common_voice_en_575956.opus,moaning
./data/macroset/en/clips/moaning/common_voice_en_17271540.opus,moaning
./data/macroset/en/clips/moaning/common_voice_en_240928.opus,moaning
./data/macroset/en/clips/sense/common_voice_en_635995.opus,sense
./data/macroset/en/clips/sense/common_voice_en_20189391.opus,sense
./data/macroset/en/clips/sense/common_voice_en_18414282.opus,sense
./data/macroset/en/clips/sense/common_voice_en_20276598.opus,sense
./data/macroset/en/clips/sense/common_voice_en_583569.opus,sense
./data/macroset/en/clips/welfare/common_voice_en_20497965.opus,welfare
./data/macroset/en/clips/welfare/common_voice_en_20695753.opus,welfare
./data/macroset/en/clips/welfare/common_voice_en_18349133.opus,welfare
./data/macroset/en/clips/welfare/common_voice_en_19989655.opus,welfare
./data/macroset/en/clips/welfare/common_voice_en_186979.opus,welfare
./data/macroset/en/clips/period/common_voice_en_20280831.opus,period
./data/macroset/en/clips/period/common_voice_en_21282051.opus,period
./data/macroset/en/clips/period/common_voice_en_20387482.opus,period
./data/macroset/en/clips/period/common_voice_en_21868672.opus,period
./data/macroset/en/clips/period/common_voice_en_19961969.opus,period
./data/macroset/en/clips/aerial/common_voice_en_21965112.opus,aerial
./data/macroset/en/clips/aerial/common_voice_en_21518108.opus,aerial
./data/macroset/en/clips/aerial/common_voice_en_21135306.opus,aerial
./data/macroset/en/clips/aerial/common_voice_en_19037041.opus,aerial
./data/macroset/en/clips/aerial/common_voice_en_21019982.opus,aerial
./data/macroset/en/clips/baptism/common_voice_en_17869215.opus,baptism
./data/macroset/en/clips/baptism/common_voice_en_20778778.opus,baptism
./data/macroset/en/clips/baptism/common_voice_en_17301304.opus,baptism
./data/macroset/en/clips/baptism/common_voice_en_17388702.opus,baptism
./data/macroset/en/clips/baptism/common_voice_en_17384256.opus,baptism
./data/macroset/en/clips/paw/common_voice_en_650689.opus,paw
./data/macroset/en/clips/paw/common_voice_en_21574137.opus,paw
./data/macroset/en/clips/paw/common_voice_en_20234885.opus,paw
./data/macroset/en/clips/paw/common_voice_en_19943110.opus,paw
./data/macroset/en/clips/paw/common_voice_en_18349023.opus,paw
./data/macroset/en/clips/map/common_voice_en_22166662.opus,map
./data/macroset/en/clips/map/common_voice_en_674977.opus,map
./data/macroset/en/clips/map/common_voice_en_18598550.opus,map
./data/macroset/en/clips/map/common_voice_en_21785357.opus,map
./data/macroset/en/clips/map/common_voice_en_21766214.opus,map
./data/macroset/en/clips/april/common_voice_en_522078.opus,april
./data/macroset/en/clips/april/common_voice_en_20952876.opus,april
./data/macroset/en/clips/april/common_voice_en_19793125.opus,april
./data/macroset/en/clips/april/common_voice_en_19651087.opus,april
./data/macroset/en/clips/april/common_voice_en_7386963.opus,april
./data/macroset/en/clips/bureau/common_voice_en_20850058.opus,bureau
./data/macroset/en/clips/bureau/common_voice_en_22274768.opus,bureau
./data/macroset/en/clips/bureau/common_voice_en_20177200.opus,bureau
./data/macroset/en/clips/bureau/common_voice_en_18893942.opus,bureau
./data/macroset/en/clips/bureau/common_voice_en_19765478.opus,bureau
./data/macroset/en/clips/pup/common_voice_en_19467077.opus,pup
./data/macroset/en/clips/pup/common_voice_en_17899221.opus,pup
./data/macroset/en/clips/pup/common_voice_en_15186.opus,pup
./data/macroset/en/clips/pup/common_voice_en_18079295.opus,pup
./data/macroset/en/clips/pup/common_voice_en_17880387.opus,pup
./data/macroset/en/clips/aurora/common_voice_en_18877805.opus,aurora
./data/macroset/en/clips/aurora/common_voice_en_20969407.opus,aurora
./data/macroset/en/clips/aurora/common_voice_en_22207819.opus,aurora
./data/macroset/en/clips/aurora/common_voice_en_20050369.opus,aurora
./data/macroset/en/clips/aurora/common_voice_en_21312177.opus,aurora
./data/macroset/en/clips/swallowing/common_voice_en_20636484.opus,swallowing
./data/macroset/en/clips/swallowing/common_voice_en_575947.opus,swallowing
./data/macroset/en/clips/swallowing/common_voice_en_18166030.opus,swallowing
./data/macroset/en/clips/swallowing/common_voice_en_17917108.opus,swallowing
./data/macroset/en/clips/swallowing/common_voice_en_260627.opus,swallowing
./data/macroset/en/clips/sixty/common_voice_en_526544.opus,sixty
./data/macroset/en/clips/sixty/common_voice_en_18052550.opus,sixty
./data/macroset/en/clips/sixty/common_voice_en_14223.opus,sixty
./data/macroset/en/clips/sixty/common_voice_en_17717102.opus,sixty
./data/macroset/en/clips/sixty/common_voice_en_18012847.opus,sixty
./data/macroset/en/clips/links/common_voice_en_19769478.opus,links
./data/macroset/en/clips/links/common_voice_en_20130807.opus,links
./data/macroset/en/clips/links/common_voice_en_20040984.opus,links
./data/macroset/en/clips/links/common_voice_en_511989.opus,links
./data/macroset/en/clips/links/common_voice_en_21877298.opus,links
./data/macroset/en/clips/traces/common_voice_en_21355920.opus,traces
./data/macroset/en/clips/traces/common_voice_en_21766284.opus,traces
./data/macroset/en/clips/traces/common_voice_en_18981312.opus,traces
./data/macroset/en/clips/traces/common_voice_en_19770037.opus,traces
./data/macroset/en/clips/traces/common_voice_en_21690716.opus,traces
./data/macroset/en/clips/coastline/common_voice_en_18253417.opus,coastline
./data/macroset/en/clips/coastline/common_voice_en_21358711.opus,coastline
./data/macroset/en/clips/coastline/common_voice_en_21091864.opus,coastline
./data/macroset/en/clips/coastline/common_voice_en_18974878.opus,coastline
./data/macroset/en/clips/coastline/common_voice_en_20189020.opus,coastline
./data/macroset/en/clips/microscope/common_voice_en_40478.opus,microscope
./data/macroset/en/clips/microscope/common_voice_en_66321.opus,microscope
./data/macroset/en/clips/microscope/common_voice_en_51831.opus,microscope
./data/macroset/en/clips/microscope/common_voice_en_15904052.opus,microscope
./data/macroset/en/clips/microscope/common_voice_en_21842607.opus,microscope
./data/macroset/en/clips/benefited/common_voice_en_18999615.opus,benefited
./data/macroset/en/clips/benefited/common_voice_en_20160321.opus,benefited
./data/macroset/en/clips/benefited/common_voice_en_20069106.opus,benefited
./data/macroset/en/clips/benefited/common_voice_en_20025895.opus,benefited
./data/macroset/en/clips/benefited/common_voice_en_19416977.opus,benefited
./data/macroset/en/clips/bump/common_voice_en_94259.opus,bump
./data/macroset/en/clips/bump/common_voice_en_18154187.opus,bump
./data/macroset/en/clips/bump/common_voice_en_18453288.opus,bump
./data/macroset/en/clips/bump/common_voice_en_647763.opus,bump
./data/macroset/en/clips/bump/common_voice_en_18418196.opus,bump
./data/macroset/en/clips/forget/common_voice_en_507186.opus,forget
./data/macroset/en/clips/forget/common_voice_en_18850841.opus,forget
./data/macroset/en/clips/forget/common_voice_en_424057.opus,forget
./data/macroset/en/clips/forget/common_voice_en_677627.opus,forget
./data/macroset/en/clips/forget/common_voice_en_629401.opus,forget
./data/macroset/en/clips/presumably/common_voice_en_21807685.opus,presumably
./data/macroset/en/clips/presumably/common_voice_en_20366095.opus,presumably
./data/macroset/en/clips/presumably/common_voice_en_68127.opus,presumably
./data/macroset/en/clips/presumably/common_voice_en_22043791.opus,presumably
./data/macroset/en/clips/presumably/common_voice_en_21943853.opus,presumably
./data/macroset/en/clips/chain/common_voice_en_19539581.opus,chain
./data/macroset/en/clips/chain/common_voice_en_19875025.opus,chain
./data/macroset/en/clips/chain/common_voice_en_20102657.opus,chain
./data/macroset/en/clips/chain/common_voice_en_18878681.opus,chain
./data/macroset/en/clips/chain/common_voice_en_18577164.opus,chain
./data/macroset/en/clips/fit/common_voice_en_18765626.opus,fit
./data/macroset/en/clips/fit/common_voice_en_214058.opus,fit
./data/macroset/en/clips/fit/common_voice_en_20472176.opus,fit
./data/macroset/en/clips/fit/common_voice_en_17979187.opus,fit
./data/macroset/en/clips/fit/common_voice_en_18100016.opus,fit
./data/macroset/en/clips/monkey/common_voice_en_19667065.opus,monkey
./data/macroset/en/clips/monkey/common_voice_en_21766309.opus,monkey
./data/macroset/en/clips/monkey/common_voice_en_19552213__2.opus,monkey
./data/macroset/en/clips/monkey/common_voice_en_19268214.opus,monkey
./data/macroset/en/clips/monkey/common_voice_en_18557259.opus,monkey
./data/macroset/en/clips/novel/common_voice_en_20771914__2.opus,novel
./data/macroset/en/clips/novel/common_voice_en_19533687.opus,novel
./data/macroset/en/clips/novel/common_voice_en_21103121.opus,novel
./data/macroset/en/clips/novel/common_voice_en_20110368.opus,novel
./data/macroset/en/clips/novel/common_voice_en_22099875.opus,novel
./data/macroset/en/clips/nineties/common_voice_en_17264400.opus,nineties
./data/macroset/en/clips/nineties/common_voice_en_25706.opus,nineties
./data/macroset/en/clips/nineties/common_voice_en_20961778.opus,nineties
./data/macroset/en/clips/nineties/common_voice_en_532244.opus,nineties
./data/macroset/en/clips/nineties/common_voice_en_17715600.opus,nineties
./data/macroset/en/clips/regardless/common_voice_en_19944545.opus,regardless
./data/macroset/en/clips/regardless/common_voice_en_21353434.opus,regardless
./data/macroset/en/clips/regardless/common_voice_en_22160205.opus,regardless
./data/macroset/en/clips/regardless/common_voice_en_21317175.opus,regardless
./data/macroset/en/clips/regardless/common_voice_en_18745998.opus,regardless
./data/macroset/en/clips/lullaby/common_voice_en_17262383.opus,lullaby
./data/macroset/en/clips/lullaby/common_voice_en_17277892.opus,lullaby
./data/macroset/en/clips/lullaby/common_voice_en_18169015.opus,lullaby
./data/macroset/en/clips/lullaby/common_voice_en_20045142.opus,lullaby
./data/macroset/en/clips/lullaby/common_voice_en_17810267.opus,lullaby
./data/macroset/en/clips/mistake/common_voice_en_21929716.opus,mistake
./data/macroset/en/clips/mistake/common_voice_en_17390540.opus,mistake
./data/macroset/en/clips/mistake/common_voice_en_534896.opus,mistake
./data/macroset/en/clips/mistake/common_voice_en_17926598.opus,mistake
./data/macroset/en/clips/mistake/common_voice_en_218983.opus,mistake
./data/macroset/en/clips/and/common_voice_en_17249773.opus,and
./data/macroset/en/clips/and/common_voice_en_18339777.opus,and
./data/macroset/en/clips/and/common_voice_en_20240271.opus,and
./data/macroset/en/clips/and/common_voice_en_574409.opus,and
./data/macroset/en/clips/and/common_voice_en_17274809.opus,and
./data/macroset/en/clips/boy/common_voice_en_503638.opus,boy
./data/macroset/en/clips/boy/common_voice_en_84741.opus,boy
./data/macroset/en/clips/boy/common_voice_en_510373.opus,boy
./data/macroset/en/clips/boy/common_voice_en_192506.opus,boy
./data/macroset/en/clips/boy/common_voice_en_182910.opus,boy
./data/macroset/en/clips/victories/common_voice_en_18986372.opus,victories
./data/macroset/en/clips/victories/common_voice_en_19514995.opus,victories
./data/macroset/en/clips/victories/common_voice_en_20880170.opus,victories
./data/macroset/en/clips/victories/common_voice_en_19664232.opus,victories
./data/macroset/en/clips/victories/common_voice_en_19607095.opus,victories
./data/macroset/en/clips/architecture/common_voice_en_22118331.opus,architecture
./data/macroset/en/clips/architecture/common_voice_en_21670592.opus,architecture
./data/macroset/en/clips/architecture/common_voice_en_21929879.opus,architecture
./data/macroset/en/clips/architecture/common_voice_en_22160430.opus,architecture
./data/macroset/en/clips/architecture/common_voice_en_19822227.opus,architecture
./data/macroset/en/clips/epilepsy/common_voice_en_477021.opus,epilepsy
./data/macroset/en/clips/epilepsy/common_voice_en_87016.opus,epilepsy
./data/macroset/en/clips/epilepsy/common_voice_en_639846.opus,epilepsy
./data/macroset/en/clips/epilepsy/common_voice_en_22423788.opus,epilepsy
./data/macroset/en/clips/epilepsy/common_voice_en_22355584.opus,epilepsy
./data/macroset/en/clips/steroids/common_voice_en_675938.opus,steroids
./data/macroset/en/clips/steroids/common_voice_en_17422776.opus,steroids
./data/macroset/en/clips/steroids/common_voice_en_17428708.opus,steroids
./data/macroset/en/clips/steroids/common_voice_en_17296932.opus,steroids
./data/macroset/en/clips/steroids/common_voice_en_608851.opus,steroids
./data/macroset/en/clips/pecan/common_voice_en_8556751.opus,pecan
./data/macroset/en/clips/pecan/common_voice_en_18114928.opus,pecan
./data/macroset/en/clips/pecan/common_voice_en_59428.opus,pecan
./data/macroset/en/clips/pecan/common_voice_en_551085.opus,pecan
./data/macroset/en/clips/pecan/common_voice_en_17849967.opus,pecan
./data/macroset/en/clips/abruptly/common_voice_en_520963.opus,abruptly
./data/macroset/en/clips/abruptly/common_voice_en_584517.opus,abruptly
./data/macroset/en/clips/abruptly/common_voice_en_2223591.opus,abruptly
./data/macroset/en/clips/abruptly/common_voice_en_20254382.opus,abruptly
./data/macroset/en/clips/abruptly/common_voice_en_22384947.opus,abruptly
./data/macroset/en/clips/collapsed/common_voice_en_19842784.opus,collapsed
./data/macroset/en/clips/collapsed/common_voice_en_17885201.opus,collapsed
./data/macroset/en/clips/collapsed/common_voice_en_617354.opus,collapsed
./data/macroset/en/clips/collapsed/common_voice_en_176772.opus,collapsed
./data/macroset/en/clips/collapsed/common_voice_en_192584.opus,collapsed
./data/macroset/en/clips/risks/common_voice_en_17280036.opus,risks
./data/macroset/en/clips/risks/common_voice_en_665549.opus,risks
./data/macroset/en/clips/risks/common_voice_en_17391892.opus,risks
./data/macroset/en/clips/risks/common_voice_en_510450.opus,risks
./data/macroset/en/clips/risks/common_voice_en_97630.opus,risks
./data/macroset/en/clips/inquisition/common_voice_en_17936160.opus,inquisition
./data/macroset/en/clips/inquisition/common_voice_en_17643306.opus,inquisition
./data/macroset/en/clips/inquisition/common_voice_en_18693047.opus,inquisition
./data/macroset/en/clips/inquisition/common_voice_en_17843871.opus,inquisition
./data/macroset/en/clips/inquisition/common_voice_en_617533.opus,inquisition
./data/macroset/en/clips/torches/common_voice_en_32904.opus,torches
./data/macroset/en/clips/torches/common_voice_en_20064180.opus,torches
./data/macroset/en/clips/torches/common_voice_en_219807.opus,torches
./data/macroset/en/clips/torches/common_voice_en_18956973.opus,torches
./data/macroset/en/clips/torches/common_voice_en_18628062.opus,torches
./data/macroset/en/clips/herself/common_voice_en_20784830.opus,herself
./data/macroset/en/clips/herself/common_voice_en_18962352.opus,herself
./data/macroset/en/clips/herself/common_voice_en_18428482.opus,herself
./data/macroset/en/clips/herself/common_voice_en_19244765.opus,herself
./data/macroset/en/clips/herself/common_voice_en_17296382.opus,herself
./data/macroset/en/clips/rarely/common_voice_en_20801102.opus,rarely
./data/macroset/en/clips/rarely/common_voice_en_19043757.opus,rarely
./data/macroset/en/clips/rarely/common_voice_en_20006343.opus,rarely
./data/macroset/en/clips/rarely/common_voice_en_18679414.opus,rarely
./data/macroset/en/clips/rarely/common_voice_en_20301869.opus,rarely
./data/macroset/en/clips/apart/common_voice_en_18653958.opus,apart
./data/macroset/en/clips/apart/common_voice_en_20055322.opus,apart
./data/macroset/en/clips/apart/common_voice_en_18056444.opus,apart
./data/macroset/en/clips/apart/common_voice_en_21333752.opus,apart
./data/macroset/en/clips/apart/common_voice_en_64324.opus,apart
./data/macroset/en/clips/beck/common_voice_en_21703033.opus,beck
./data/macroset/en/clips/beck/common_voice_en_21929792.opus,beck
./data/macroset/en/clips/beck/common_voice_en_20767780.opus,beck
./data/macroset/en/clips/beck/common_voice_en_22272390.opus,beck
./data/macroset/en/clips/beck/common_voice_en_21483871.opus,beck
./data/macroset/en/clips/unruly/common_voice_en_18020971.opus,unruly
./data/macroset/en/clips/unruly/common_voice_en_222047.opus,unruly
./data/macroset/en/clips/unruly/common_voice_en_18161987.opus,unruly
./data/macroset/en/clips/unruly/common_voice_en_510521.opus,unruly
./data/macroset/en/clips/unruly/common_voice_en_18096879.opus,unruly
./data/macroset/en/clips/greenwich/common_voice_en_18804132.opus,greenwich
./data/macroset/en/clips/greenwich/common_voice_en_22317089.opus,greenwich
./data/macroset/en/clips/greenwich/common_voice_en_20961818__2.opus,greenwich
./data/macroset/en/clips/greenwich/common_voice_en_22088106.opus,greenwich
./data/macroset/en/clips/greenwich/common_voice_en_21376484.opus,greenwich
./data/macroset/en/clips/parishes/common_voice_en_21042008.opus,parishes
./data/macroset/en/clips/parishes/common_voice_en_20457759.opus,parishes
./data/macroset/en/clips/parishes/common_voice_en_19826974.opus,parishes
./data/macroset/en/clips/parishes/common_voice_en_21293432.opus,parishes
./data/macroset/en/clips/parishes/common_voice_en_19982042.opus,parishes
./data/macroset/en/clips/traveller/common_voice_en_61754.opus,traveller
./data/macroset/en/clips/traveller/common_voice_en_19677125.opus,traveller
./data/macroset/en/clips/traveller/common_voice_en_17666475.opus,traveller
./data/macroset/en/clips/traveller/common_voice_en_22196553.opus,traveller
./data/macroset/en/clips/traveller/common_voice_en_196153.opus,traveller
./data/macroset/en/clips/pondered/common_voice_en_270658.opus,pondered
./data/macroset/en/clips/pondered/common_voice_en_627186.opus,pondered
./data/macroset/en/clips/pondered/common_voice_en_4699094.opus,pondered
./data/macroset/en/clips/pondered/common_voice_en_18131725.opus,pondered
./data/macroset/en/clips/pondered/common_voice_en_570678.opus,pondered
./data/macroset/en/clips/burning/common_voice_en_19303862.opus,burning
./data/macroset/en/clips/burning/common_voice_en_201007.opus,burning
./data/macroset/en/clips/burning/common_voice_en_68823.opus,burning
./data/macroset/en/clips/burning/common_voice_en_209788.opus,burning
./data/macroset/en/clips/burning/common_voice_en_72331.opus,burning
./data/macroset/en/clips/encounter/common_voice_en_21312165.opus,encounter
./data/macroset/en/clips/encounter/common_voice_en_19599333.opus,encounter
./data/macroset/en/clips/encounter/common_voice_en_20309576.opus,encounter
./data/macroset/en/clips/encounter/common_voice_en_19656074.opus,encounter
./data/macroset/en/clips/encounter/common_voice_en_20902184.opus,encounter
./data/macroset/en/clips/beats/common_voice_en_21334100.opus,beats
./data/macroset/en/clips/beats/common_voice_en_36035.opus,beats
./data/macroset/en/clips/beats/common_voice_en_19627391.opus,beats
./data/macroset/en/clips/beats/common_voice_en_20556361.opus,beats
./data/macroset/en/clips/beats/common_voice_en_580868.opus,beats
./data/macroset/en/clips/travel/common_voice_en_186610.opus,travel
./data/macroset/en/clips/travel/common_voice_en_18513654.opus,travel
./data/macroset/en/clips/travel/common_voice_en_19711516.opus,travel
./data/macroset/en/clips/travel/common_voice_en_20581213.opus,travel
./data/macroset/en/clips/travel/common_voice_en_520951.opus,travel
./data/macroset/en/clips/collectively/common_voice_en_19650016.opus,collectively
./data/macroset/en/clips/collectively/common_voice_en_20025857.opus,collectively
./data/macroset/en/clips/collectively/common_voice_en_18746693.opus,collectively
./data/macroset/en/clips/collectively/common_voice_en_20188988.opus,collectively
./data/macroset/en/clips/collectively/common_voice_en_21975023.opus,collectively
./data/macroset/en/clips/pictures/common_voice_en_18549833.opus,pictures
./data/macroset/en/clips/pictures/common_voice_en_486556.opus,pictures
./data/macroset/en/clips/pictures/common_voice_en_22000991.opus,pictures
./data/macroset/en/clips/pictures/common_voice_en_19498241.opus,pictures
./data/macroset/en/clips/pictures/common_voice_en_609065.opus,pictures
./data/macroset/en/clips/challenged/common_voice_en_19313576.opus,challenged
./data/macroset/en/clips/challenged/common_voice_en_18754903.opus,challenged
./data/macroset/en/clips/challenged/common_voice_en_18729482.opus,challenged
./data/macroset/en/clips/challenged/common_voice_en_19205740.opus,challenged
./data/macroset/en/clips/challenged/common_voice_en_22403509.opus,challenged
./data/macroset/en/clips/ways/common_voice_en_19024886.opus,ways
./data/macroset/en/clips/ways/common_voice_en_19731810.opus,ways
./data/macroset/en/clips/ways/common_voice_en_46500.opus,ways
./data/macroset/en/clips/ways/common_voice_en_20577903.opus,ways
./data/macroset/en/clips/ways/common_voice_en_580520.opus,ways
./data/macroset/en/clips/treated/common_voice_en_18684894.opus,treated
./data/macroset/en/clips/treated/common_voice_en_20757570.opus,treated
./data/macroset/en/clips/treated/common_voice_en_20308519.opus,treated
./data/macroset/en/clips/treated/common_voice_en_19669781.opus,treated
./data/macroset/en/clips/treated/common_voice_en_20367388__2.opus,treated
./data/macroset/en/clips/protestant/common_voice_en_20250691.opus,protestant
./data/macroset/en/clips/protestant/common_voice_en_19750079.opus,protestant
./data/macroset/en/clips/protestant/common_voice_en_19689201.opus,protestant
./data/macroset/en/clips/protestant/common_voice_en_20891675.opus,protestant
./data/macroset/en/clips/protestant/common_voice_en_22180963.opus,protestant
./data/macroset/en/clips/duncan/common_voice_en_18832077.opus,duncan
./data/macroset/en/clips/duncan/common_voice_en_22354816.opus,duncan
./data/macroset/en/clips/duncan/common_voice_en_19089317.opus,duncan
./data/macroset/en/clips/duncan/common_voice_en_19171552.opus,duncan
./data/macroset/en/clips/duncan/common_voice_en_22327866.opus,duncan
./data/macroset/en/clips/mailed/common_voice_en_54165.opus,mailed
./data/macroset/en/clips/mailed/common_voice_en_525180.opus,mailed
./data/macroset/en/clips/mailed/common_voice_en_18131671.opus,mailed
./data/macroset/en/clips/mailed/common_voice_en_17844344.opus,mailed
./data/macroset/en/clips/mailed/common_voice_en_17874966.opus,mailed
./data/macroset/en/clips/documentary/common_voice_en_19364599.opus,documentary
./data/macroset/en/clips/documentary/common_voice_en_19978505.opus,documentary
./data/macroset/en/clips/documentary/common_voice_en_20884126.opus,documentary
./data/macroset/en/clips/documentary/common_voice_en_18415693.opus,documentary
./data/macroset/en/clips/documentary/common_voice_en_19400470.opus,documentary
./data/macroset/en/clips/diana/common_voice_en_19815891.opus,diana
./data/macroset/en/clips/diana/common_voice_en_18831339.opus,diana
./data/macroset/en/clips/diana/common_voice_en_219901.opus,diana
./data/macroset/en/clips/diana/common_voice_en_17806262.opus,diana
./data/macroset/en/clips/diana/common_voice_en_219649.opus,diana
./data/macroset/en/clips/oral/common_voice_en_20792943.opus,oral
./data/macroset/en/clips/oral/common_voice_en_20670941__2.opus,oral
./data/macroset/en/clips/oral/common_voice_en_19111283.opus,oral
./data/macroset/en/clips/oral/common_voice_en_21282377.opus,oral
./data/macroset/en/clips/oral/common_voice_en_19410652.opus,oral
./data/macroset/en/clips/soup/common_voice_en_18474575.opus,soup
./data/macroset/en/clips/soup/common_voice_en_18654042.opus,soup
./data/macroset/en/clips/soup/common_voice_en_635685.opus,soup
./data/macroset/en/clips/soup/common_voice_en_21665362.opus,soup
./data/macroset/en/clips/soup/common_voice_en_19823636.opus,soup
./data/macroset/en/clips/boris/common_voice_en_22334166.opus,boris
./data/macroset/en/clips/boris/common_voice_en_630245.opus,boris
./data/macroset/en/clips/boris/common_voice_en_18714257.opus,boris
./data/macroset/en/clips/boris/common_voice_en_91617.opus,boris
./data/macroset/en/clips/boris/common_voice_en_19685270.opus,boris
./data/macroset/en/clips/slam/common_voice_en_20122650.opus,slam
./data/macroset/en/clips/slam/common_voice_en_20026174.opus,slam
./data/macroset/en/clips/slam/common_voice_en_18982366.opus,slam
./data/macroset/en/clips/slam/common_voice_en_19032036.opus,slam
./data/macroset/en/clips/slam/common_voice_en_18857818.opus,slam
./data/macroset/en/clips/catalogue/common_voice_en_21302956.opus,catalogue
./data/macroset/en/clips/catalogue/common_voice_en_20696107.opus,catalogue
./data/macroset/en/clips/catalogue/common_voice_en_19690908.opus,catalogue
./data/macroset/en/clips/catalogue/common_voice_en_21160206.opus,catalogue
./data/macroset/en/clips/catalogue/common_voice_en_19712408.opus,catalogue
./data/macroset/en/clips/berries/common_voice_en_20320251.opus,berries
./data/macroset/en/clips/berries/common_voice_en_21703539.opus,berries
./data/macroset/en/clips/berries/common_voice_en_19746378.opus,berries
./data/macroset/en/clips/berries/common_voice_en_19619082.opus,berries
./data/macroset/en/clips/berries/common_voice_en_22175729.opus,berries
./data/macroset/en/clips/racket/common_voice_en_560170.opus,racket
./data/macroset/en/clips/racket/common_voice_en_17991979.opus,racket
./data/macroset/en/clips/racket/common_voice_en_178728.opus,racket
./data/macroset/en/clips/racket/common_voice_en_18465294__2.opus,racket
./data/macroset/en/clips/racket/common_voice_en_17279973.opus,racket
./data/macroset/en/clips/exits/common_voice_en_22432592.opus,exits
./data/macroset/en/clips/exits/common_voice_en_18712968.opus,exits
./data/macroset/en/clips/exits/common_voice_en_501275.opus,exits
./data/macroset/en/clips/exits/common_voice_en_18818586.opus,exits
./data/macroset/en/clips/exits/common_voice_en_21389171.opus,exits
./data/macroset/en/clips/skid/common_voice_en_18104743.opus,skid
./data/macroset/en/clips/skid/common_voice_en_18073460.opus,skid
./data/macroset/en/clips/skid/common_voice_en_18893753.opus,skid
./data/macroset/en/clips/skid/common_voice_en_19026353.opus,skid
./data/macroset/en/clips/skid/common_voice_en_17888662.opus,skid
./data/macroset/en/clips/socks/common_voice_en_569587.opus,socks
./data/macroset/en/clips/socks/common_voice_en_18999610.opus,socks
./data/macroset/en/clips/socks/common_voice_en_19630244.opus,socks
./data/macroset/en/clips/socks/common_voice_en_134046.opus,socks
./data/macroset/en/clips/socks/common_voice_en_689360.opus,socks
./data/macroset/en/clips/relies/common_voice_en_18109136.opus,relies
./data/macroset/en/clips/relies/common_voice_en_22377173.opus,relies
./data/macroset/en/clips/relies/common_voice_en_18087397.opus,relies
./data/macroset/en/clips/relies/common_voice_en_20600284.opus,relies
./data/macroset/en/clips/relies/common_voice_en_21873157.opus,relies
./data/macroset/en/clips/directed/common_voice_en_22211648.opus,directed
./data/macroset/en/clips/directed/common_voice_en_21102595.opus,directed
./data/macroset/en/clips/directed/common_voice_en_18869751.opus,directed
./data/macroset/en/clips/directed/common_voice_en_20489088.opus,directed
./data/macroset/en/clips/directed/common_voice_en_19724047.opus,directed
./data/macroset/en/clips/wishes/common_voice_en_478466.opus,wishes
./data/macroset/en/clips/wishes/common_voice_en_19567190.opus,wishes
./data/macroset/en/clips/wishes/common_voice_en_495432.opus,wishes
./data/macroset/en/clips/wishes/common_voice_en_19784105.opus,wishes
./data/macroset/en/clips/wishes/common_voice_en_18975064.opus,wishes
./data/macroset/en/clips/hardest/common_voice_en_2409835.opus,hardest
./data/macroset/en/clips/hardest/common_voice_en_652012.opus,hardest
./data/macroset/en/clips/hardest/common_voice_en_19497662.opus,hardest
./data/macroset/en/clips/hardest/common_voice_en_18486833.opus,hardest
./data/macroset/en/clips/hardest/common_voice_en_18421811.opus,hardest
./data/macroset/en/clips/greeks/common_voice_en_19444433.opus,greeks
./data/macroset/en/clips/greeks/common_voice_en_20445967.opus,greeks
./data/macroset/en/clips/greeks/common_voice_en_21854200.opus,greeks
./data/macroset/en/clips/greeks/common_voice_en_22052794.opus,greeks
./data/macroset/en/clips/greeks/common_voice_en_19091286.opus,greeks
./data/macroset/en/clips/sacking/common_voice_en_19017809.opus,sacking
./data/macroset/en/clips/sacking/common_voice_en_41429.opus,sacking
./data/macroset/en/clips/sacking/common_voice_en_18662571.opus,sacking
./data/macroset/en/clips/sacking/common_voice_en_25699.opus,sacking
./data/macroset/en/clips/sacking/common_voice_en_18134828.opus,sacking
./data/macroset/en/clips/snowed/common_voice_en_17852265.opus,snowed
./data/macroset/en/clips/snowed/common_voice_en_18548858.opus,snowed
./data/macroset/en/clips/snowed/common_voice_en_17709983.opus,snowed
./data/macroset/en/clips/snowed/common_voice_en_17268217.opus,snowed
./data/macroset/en/clips/snowed/common_voice_en_641265.opus,snowed
./data/macroset/en/clips/blackness/common_voice_en_485072.opus,blackness
./data/macroset/en/clips/blackness/common_voice_en_678152.opus,blackness
./data/macroset/en/clips/blackness/common_voice_en_636742.opus,blackness
./data/macroset/en/clips/blackness/common_voice_en_558276.opus,blackness
./data/macroset/en/clips/blackness/common_voice_en_193277.opus,blackness
./data/macroset/en/clips/australia/common_voice_en_20894927.opus,australia
./data/macroset/en/clips/australia/common_voice_en_19808638.opus,australia
./data/macroset/en/clips/australia/common_voice_en_21381697.opus,australia
./data/macroset/en/clips/australia/common_voice_en_20067792.opus,australia
./data/macroset/en/clips/australia/common_voice_en_19131302.opus,australia
./data/macroset/en/clips/boomerang/common_voice_en_17390830.opus,boomerang
./data/macroset/en/clips/boomerang/common_voice_en_17267107.opus,boomerang
./data/macroset/en/clips/boomerang/common_voice_en_17292057.opus,boomerang
./data/macroset/en/clips/boomerang/common_voice_en_17727995.opus,boomerang
./data/macroset/en/clips/boomerang/common_voice_en_17412734.opus,boomerang
./data/macroset/en/clips/cruz/common_voice_en_19817392.opus,cruz
./data/macroset/en/clips/cruz/common_voice_en_21702685.opus,cruz
./data/macroset/en/clips/cruz/common_voice_en_19433754.opus,cruz
./data/macroset/en/clips/cruz/common_voice_en_20071138.opus,cruz
./data/macroset/en/clips/cruz/common_voice_en_19844595.opus,cruz
./data/macroset/en/clips/marie/common_voice_en_20367133.opus,marie
./data/macroset/en/clips/marie/common_voice_en_20511344.opus,marie
./data/macroset/en/clips/marie/common_voice_en_22164291.opus,marie
./data/macroset/en/clips/marie/common_voice_en_21100832.opus,marie
./data/macroset/en/clips/marie/common_voice_en_20074573.opus,marie
./data/macroset/en/clips/governors/common_voice_en_18744470.opus,governors
./data/macroset/en/clips/governors/common_voice_en_21239222.opus,governors
./data/macroset/en/clips/governors/common_voice_en_19805673.opus,governors
./data/macroset/en/clips/governors/common_voice_en_19640081.opus,governors
./data/macroset/en/clips/governors/common_voice_en_21705571.opus,governors
./data/macroset/en/clips/restores/common_voice_en_18164018.opus,restores
./data/macroset/en/clips/restores/common_voice_en_17918117.opus,restores
./data/macroset/en/clips/restores/common_voice_en_20599387.opus,restores
./data/macroset/en/clips/restores/common_voice_en_19973948.opus,restores
./data/macroset/en/clips/restores/common_voice_en_18021111.opus,restores
./data/macroset/en/clips/held/common_voice_en_22443831.opus,held
./data/macroset/en/clips/held/common_voice_en_17843840.opus,held
./data/macroset/en/clips/held/common_voice_en_18637764.opus,held
./data/macroset/en/clips/held/common_voice_en_18665080.opus,held
./data/macroset/en/clips/held/common_voice_en_20519834.opus,held
./data/macroset/en/clips/waterfront/common_voice_en_618624.opus,waterfront
./data/macroset/en/clips/waterfront/common_voice_en_21976353.opus,waterfront
./data/macroset/en/clips/waterfront/common_voice_en_153078.opus,waterfront
./data/macroset/en/clips/waterfront/common_voice_en_19721640.opus,waterfront
./data/macroset/en/clips/waterfront/common_voice_en_20249815.opus,waterfront
./data/macroset/en/clips/rewrite/common_voice_en_626737.opus,rewrite
./data/macroset/en/clips/rewrite/common_voice_en_682810.opus,rewrite
./data/macroset/en/clips/rewrite/common_voice_en_18433532.opus,rewrite
./data/macroset/en/clips/rewrite/common_voice_en_664963.opus,rewrite
./data/macroset/en/clips/rewrite/common_voice_en_116151.opus,rewrite
./data/macroset/en/clips/clock/common_voice_en_18113851.opus,clock
./data/macroset/en/clips/clock/common_voice_en_499235.opus,clock
./data/macroset/en/clips/clock/common_voice_en_532531.opus,clock
./data/macroset/en/clips/clock/common_voice_en_20284534.opus,clock
./data/macroset/en/clips/clock/common_voice_en_675297.opus,clock
./data/macroset/en/clips/out/common_voice_en_17276670.opus,out
./data/macroset/en/clips/out/common_voice_en_18773096.opus,out
./data/macroset/en/clips/out/common_voice_en_19314009.opus,out
./data/macroset/en/clips/out/common_voice_en_17344808.opus,out
./data/macroset/en/clips/out/common_voice_en_619354.opus,out
./data/macroset/en/clips/commonly/common_voice_en_19463526.opus,commonly
./data/macroset/en/clips/commonly/common_voice_en_20049769.opus,commonly
./data/macroset/en/clips/commonly/common_voice_en_21081810.opus,commonly
./data/macroset/en/clips/commonly/common_voice_en_20987165.opus,commonly
./data/macroset/en/clips/commonly/common_voice_en_18756720.opus,commonly
./data/macroset/en/clips/unfortunately/common_voice_en_21440698.opus,unfortunately
./data/macroset/en/clips/unfortunately/common_voice_en_20818505.opus,unfortunately
./data/macroset/en/clips/unfortunately/common_voice_en_19796405.opus,unfortunately
./data/macroset/en/clips/unfortunately/common_voice_en_19841686.opus,unfortunately
./data/macroset/en/clips/unfortunately/common_voice_en_17700941.opus,unfortunately
./data/macroset/en/clips/abuse/common_voice_en_618348.opus,abuse
./data/macroset/en/clips/abuse/common_voice_en_20849408.opus,abuse
./data/macroset/en/clips/abuse/common_voice_en_19668357.opus,abuse
./data/macroset/en/clips/abuse/common_voice_en_20325814.opus,abuse
./data/macroset/en/clips/abuse/common_voice_en_19471390.opus,abuse
./data/macroset/en/clips/meditation/common_voice_en_20183763.opus,meditation
./data/macroset/en/clips/meditation/common_voice_en_20132068.opus,meditation
./data/macroset/en/clips/meditation/common_voice_en_592137.opus,meditation
./data/macroset/en/clips/meditation/common_voice_en_19953920.opus,meditation
./data/macroset/en/clips/meditation/common_voice_en_541921.opus,meditation
./data/macroset/en/clips/platforms/common_voice_en_19170951.opus,platforms
./data/macroset/en/clips/platforms/common_voice_en_21269638.opus,platforms
./data/macroset/en/clips/platforms/common_voice_en_19185244__2.opus,platforms
./data/macroset/en/clips/platforms/common_voice_en_19658250.opus,platforms
./data/macroset/en/clips/platforms/common_voice_en_21276897.opus,platforms
./data/macroset/en/clips/eldest/common_voice_en_18985361.opus,eldest
./data/macroset/en/clips/eldest/common_voice_en_19681470.opus,eldest
./data/macroset/en/clips/eldest/common_voice_en_20000780.opus,eldest
./data/macroset/en/clips/eldest/common_voice_en_22289782.opus,eldest
./data/macroset/en/clips/eldest/common_voice_en_22095109.opus,eldest
./data/macroset/en/clips/sunburns/common_voice_en_91919.opus,sunburns
./data/macroset/en/clips/sunburns/common_voice_en_206654.opus,sunburns
./data/macroset/en/clips/sunburns/common_voice_en_584947.opus,sunburns
./data/macroset/en/clips/sunburns/common_voice_en_159671.opus,sunburns
./data/macroset/en/clips/sunburns/common_voice_en_84224.opus,sunburns
./data/macroset/en/clips/payment/common_voice_en_18489042.opus,payment
./data/macroset/en/clips/payment/common_voice_en_22310420.opus,payment
./data/macroset/en/clips/payment/common_voice_en_425920.opus,payment
./data/macroset/en/clips/payment/common_voice_en_614829.opus,payment
./data/macroset/en/clips/payment/common_voice_en_18594037.opus,payment
./data/macroset/en/clips/shining/common_voice_en_646022.opus,shining
./data/macroset/en/clips/shining/common_voice_en_284601.opus,shining
./data/macroset/en/clips/shining/common_voice_en_213621.opus,shining
./data/macroset/en/clips/shining/common_voice_en_53464.opus,shining
./data/macroset/en/clips/shining/common_voice_en_20437285.opus,shining
./data/macroset/en/clips/cheek/common_voice_en_17275699.opus,cheek
./data/macroset/en/clips/cheek/common_voice_en_17372138.opus,cheek
./data/macroset/en/clips/cheek/common_voice_en_18812626.opus,cheek
./data/macroset/en/clips/cheek/common_voice_en_17261388.opus,cheek
./data/macroset/en/clips/cheek/common_voice_en_189911.opus,cheek
./data/macroset/en/clips/lazy/common_voice_en_20936007.opus,lazy
./data/macroset/en/clips/lazy/common_voice_en_18001094.opus,lazy
./data/macroset/en/clips/lazy/common_voice_en_589882.opus,lazy
./data/macroset/en/clips/lazy/common_voice_en_133558.opus,lazy
./data/macroset/en/clips/lazy/common_voice_en_606931.opus,lazy
./data/macroset/en/clips/tolerance/common_voice_en_19106767.opus,tolerance
./data/macroset/en/clips/tolerance/common_voice_en_21504373.opus,tolerance
./data/macroset/en/clips/tolerance/common_voice_en_22054992.opus,tolerance
./data/macroset/en/clips/tolerance/common_voice_en_21946908.opus,tolerance
./data/macroset/en/clips/tolerance/common_voice_en_20928737.opus,tolerance
./data/macroset/en/clips/daughters/common_voice_en_20592555.opus,daughters
./data/macroset/en/clips/daughters/common_voice_en_21182029.opus,daughters
./data/macroset/en/clips/daughters/common_voice_en_19573697.opus,daughters
./data/macroset/en/clips/daughters/common_voice_en_20940977.opus,daughters
./data/macroset/en/clips/daughters/common_voice_en_19389516.opus,daughters
./data/macroset/en/clips/laboratory/common_voice_en_18673664.opus,laboratory
./data/macroset/en/clips/laboratory/common_voice_en_197441.opus,laboratory
./data/macroset/en/clips/laboratory/common_voice_en_18514819.opus,laboratory
./data/macroset/en/clips/laboratory/common_voice_en_670969.opus,laboratory
./data/macroset/en/clips/laboratory/common_voice_en_18851421.opus,laboratory
./data/macroset/en/clips/nobility/common_voice_en_18751992.opus,nobility
./data/macroset/en/clips/nobility/common_voice_en_17658796.opus,nobility
./data/macroset/en/clips/nobility/common_voice_en_22310047.opus,nobility
./data/macroset/en/clips/nobility/common_voice_en_17873085.opus,nobility
./data/macroset/en/clips/nobility/common_voice_en_95422.opus,nobility
./data/macroset/en/clips/piercing/common_voice_en_21144079.opus,piercing
./data/macroset/en/clips/piercing/common_voice_en_19952032.opus,piercing
./data/macroset/en/clips/piercing/common_voice_en_22430954.opus,piercing
./data/macroset/en/clips/piercing/common_voice_en_18472304.opus,piercing
./data/macroset/en/clips/piercing/common_voice_en_20940942.opus,piercing
./data/macroset/en/clips/ambulance/common_voice_en_18446992.opus,ambulance
./data/macroset/en/clips/ambulance/common_voice_en_20080934.opus,ambulance
./data/macroset/en/clips/ambulance/common_voice_en_19960718.opus,ambulance
./data/macroset/en/clips/ambulance/common_voice_en_19766478.opus,ambulance
./data/macroset/en/clips/ambulance/common_voice_en_20834933.opus,ambulance
./data/macroset/en/clips/meteorites/common_voice_en_568725.opus,meteorites
./data/macroset/en/clips/meteorites/common_voice_en_631060.opus,meteorites
./data/macroset/en/clips/meteorites/common_voice_en_566185.opus,meteorites
./data/macroset/en/clips/meteorites/common_voice_en_52196.opus,meteorites
./data/macroset/en/clips/meteorites/common_voice_en_48522.opus,meteorites
./data/macroset/en/clips/integrate/common_voice_en_663371.opus,integrate
./data/macroset/en/clips/integrate/common_voice_en_21159507.opus,integrate
./data/macroset/en/clips/integrate/common_voice_en_215907.opus,integrate
./data/macroset/en/clips/integrate/common_voice_en_21725364.opus,integrate
./data/macroset/en/clips/integrate/common_voice_en_20159994.opus,integrate
./data/macroset/en/clips/peoples/common_voice_en_19649168.opus,peoples
./data/macroset/en/clips/peoples/common_voice_en_20451668.opus,peoples
./data/macroset/en/clips/peoples/common_voice_en_19846613.opus,peoples
./data/macroset/en/clips/peoples/common_voice_en_21089960.opus,peoples
./data/macroset/en/clips/peoples/common_voice_en_21964480.opus,peoples
./data/macroset/en/clips/key/common_voice_en_21936.opus,key
./data/macroset/en/clips/key/common_voice_en_18540895.opus,key
./data/macroset/en/clips/key/common_voice_en_18988406.opus,key
./data/macroset/en/clips/key/common_voice_en_18089352.opus,key
./data/macroset/en/clips/key/common_voice_en_18066629.opus,key
./data/macroset/en/clips/specialty/common_voice_en_22287063.opus,specialty
./data/macroset/en/clips/specialty/common_voice_en_18995155.opus,specialty
./data/macroset/en/clips/specialty/common_voice_en_20583217.opus,specialty
./data/macroset/en/clips/specialty/common_voice_en_19841207.opus,specialty
./data/macroset/en/clips/specialty/common_voice_en_22291679.opus,specialty
./data/macroset/en/clips/hunting/common_voice_en_916.opus,hunting
./data/macroset/en/clips/hunting/common_voice_en_20114358.opus,hunting
./data/macroset/en/clips/hunting/common_voice_en_505332.opus,hunting
./data/macroset/en/clips/hunting/common_voice_en_18453720.opus,hunting
./data/macroset/en/clips/hunting/common_voice_en_511137.opus,hunting
./data/macroset/en/clips/gussie/common_voice_en_18446561.opus,gussie
./data/macroset/en/clips/gussie/common_voice_en_18498695.opus,gussie
./data/macroset/en/clips/gussie/common_voice_en_18412731.opus,gussie
./data/macroset/en/clips/gussie/common_voice_en_18472229.opus,gussie
./data/macroset/en/clips/gussie/common_voice_en_18561586.opus,gussie
./data/macroset/en/clips/concord/common_voice_en_19132448.opus,concord
./data/macroset/en/clips/concord/common_voice_en_19588730.opus,concord
./data/macroset/en/clips/concord/common_voice_en_22287245.opus,concord
./data/macroset/en/clips/concord/common_voice_en_20052602.opus,concord
./data/macroset/en/clips/concord/common_voice_en_21996151.opus,concord
./data/macroset/en/clips/newsworthy/common_voice_en_17270806.opus,newsworthy
./data/macroset/en/clips/newsworthy/common_voice_en_464593.opus,newsworthy
./data/macroset/en/clips/newsworthy/common_voice_en_18162813.opus,newsworthy
./data/macroset/en/clips/newsworthy/common_voice_en_17267337.opus,newsworthy
./data/macroset/en/clips/newsworthy/common_voice_en_467569.opus,newsworthy
./data/macroset/en/clips/nodes/common_voice_en_21642180.opus,nodes
./data/macroset/en/clips/nodes/common_voice_en_19841000.opus,nodes
./data/macroset/en/clips/nodes/common_voice_en_19702280__2.opus,nodes
./data/macroset/en/clips/nodes/common_voice_en_20793138.opus,nodes
./data/macroset/en/clips/nodes/common_voice_en_19300972.opus,nodes
./data/macroset/en/clips/basis/common_voice_en_19969138.opus,basis
./data/macroset/en/clips/basis/common_voice_en_18765392.opus,basis
./data/macroset/en/clips/basis/common_voice_en_19289411.opus,basis
./data/macroset/en/clips/basis/common_voice_en_21975490.opus,basis
./data/macroset/en/clips/basis/common_voice_en_18966872.opus,basis
./data/macroset/en/clips/his/common_voice_en_697949.opus,his
./data/macroset/en/clips/his/common_voice_en_17727463.opus,his
./data/macroset/en/clips/his/common_voice_en_18723750__2.opus,his
./data/macroset/en/clips/his/common_voice_en_664184.opus,his
./data/macroset/en/clips/his/common_voice_en_17867788.opus,his
./data/macroset/en/clips/cameron/common_voice_en_22225787.opus,cameron
./data/macroset/en/clips/cameron/common_voice_en_20429802.opus,cameron
./data/macroset/en/clips/cameron/common_voice_en_19750439.opus,cameron
./data/macroset/en/clips/cameron/common_voice_en_18853669.opus,cameron
./data/macroset/en/clips/cameron/common_voice_en_21341913.opus,cameron
./data/macroset/en/clips/apology/common_voice_en_19355313.opus,apology
./data/macroset/en/clips/apology/common_voice_en_20835777.opus,apology
./data/macroset/en/clips/apology/common_voice_en_22351740.opus,apology
./data/macroset/en/clips/apology/common_voice_en_22327232.opus,apology
./data/macroset/en/clips/apology/common_voice_en_20880794.opus,apology
./data/macroset/en/clips/fruitful/common_voice_en_17729054.opus,fruitful
./data/macroset/en/clips/fruitful/common_voice_en_20996112.opus,fruitful
./data/macroset/en/clips/fruitful/common_voice_en_17787375.opus,fruitful
./data/macroset/en/clips/fruitful/common_voice_en_17280827.opus,fruitful
./data/macroset/en/clips/fruitful/common_voice_en_17897759.opus,fruitful
./data/macroset/en/clips/tolerable/common_voice_en_666566.opus,tolerable
./data/macroset/en/clips/tolerable/common_voice_en_694000.opus,tolerable
./data/macroset/en/clips/tolerable/common_voice_en_618228.opus,tolerable
./data/macroset/en/clips/tolerable/common_voice_en_55398.opus,tolerable
./data/macroset/en/clips/tolerable/common_voice_en_47339.opus,tolerable
./data/macroset/en/clips/doves/common_voice_en_17265773.opus,doves
./data/macroset/en/clips/doves/common_voice_en_17269352.opus,doves
./data/macroset/en/clips/doves/common_voice_en_17902135.opus,doves
./data/macroset/en/clips/doves/common_voice_en_17289050.opus,doves
./data/macroset/en/clips/doves/common_voice_en_17685011.opus,doves
./data/macroset/en/clips/but/common_voice_en_492972.opus,but
./data/macroset/en/clips/but/common_voice_en_18666934.opus,but
./data/macroset/en/clips/but/common_voice_en_544319.opus,but
./data/macroset/en/clips/but/common_voice_en_669550.opus,but
./data/macroset/en/clips/but/common_voice_en_640447.opus,but
./data/macroset/en/clips/keeper/common_voice_en_20523293.opus,keeper
./data/macroset/en/clips/keeper/common_voice_en_20203150.opus,keeper
./data/macroset/en/clips/keeper/common_voice_en_20323646.opus,keeper
./data/macroset/en/clips/keeper/common_voice_en_22173949.opus,keeper
./data/macroset/en/clips/keeper/common_voice_en_20278158.opus,keeper
./data/macroset/en/clips/centuries/common_voice_en_21499931.opus,centuries
./data/macroset/en/clips/centuries/common_voice_en_22204340.opus,centuries
./data/macroset/en/clips/centuries/common_voice_en_20988190.opus,centuries
./data/macroset/en/clips/centuries/common_voice_en_17688987.opus,centuries
./data/macroset/en/clips/centuries/common_voice_en_56001.opus,centuries
./data/macroset/en/clips/chemist/common_voice_en_19552415.opus,chemist
./data/macroset/en/clips/chemist/common_voice_en_38149.opus,chemist
./data/macroset/en/clips/chemist/common_voice_en_19359077.opus,chemist
./data/macroset/en/clips/chemist/common_voice_en_692224.opus,chemist
./data/macroset/en/clips/chemist/common_voice_en_511982.opus,chemist
./data/macroset/en/clips/henderson/common_voice_en_603289.opus,henderson
./data/macroset/en/clips/henderson/common_voice_en_528196.opus,henderson
./data/macroset/en/clips/henderson/common_voice_en_22386.opus,henderson
./data/macroset/en/clips/henderson/common_voice_en_619419.opus,henderson
./data/macroset/en/clips/henderson/common_voice_en_657361.opus,henderson
./data/macroset/en/clips/jessie/common_voice_en_632485.opus,jessie
./data/macroset/en/clips/jessie/common_voice_en_548509.opus,jessie
./data/macroset/en/clips/jessie/common_voice_en_696171.opus,jessie
./data/macroset/en/clips/jessie/common_voice_en_54183.opus,jessie
./data/macroset/en/clips/jessie/common_voice_en_207798.opus,jessie
./data/macroset/en/clips/significant/common_voice_en_20665122.opus,significant
./data/macroset/en/clips/significant/common_voice_en_21929870.opus,significant
./data/macroset/en/clips/significant/common_voice_en_19185063.opus,significant
./data/macroset/en/clips/significant/common_voice_en_19864838.opus,significant
./data/macroset/en/clips/significant/common_voice_en_21338203.opus,significant
./data/macroset/en/clips/participating/common_voice_en_20818788.opus,participating
./data/macroset/en/clips/participating/common_voice_en_499848.opus,participating
./data/macroset/en/clips/participating/common_voice_en_20525003.opus,participating
./data/macroset/en/clips/participating/common_voice_en_22340781.opus,participating
./data/macroset/en/clips/participating/common_voice_en_18899828.opus,participating
./data/macroset/en/clips/makes/common_voice_en_18415974.opus,makes
./data/macroset/en/clips/makes/common_voice_en_687048.opus,makes
./data/macroset/en/clips/makes/common_voice_en_18966857.opus,makes
./data/macroset/en/clips/makes/common_voice_en_18765980.opus,makes
./data/macroset/en/clips/makes/common_voice_en_4140479.opus,makes
./data/macroset/en/clips/headcloth/common_voice_en_561607.opus,headcloth
./data/macroset/en/clips/headcloth/common_voice_en_660109.opus,headcloth
./data/macroset/en/clips/headcloth/common_voice_en_575617.opus,headcloth
./data/macroset/en/clips/headcloth/common_voice_en_655839.opus,headcloth
./data/macroset/en/clips/headcloth/common_voice_en_668567.opus,headcloth
./data/macroset/en/clips/jerk/common_voice_en_18596127.opus,jerk
./data/macroset/en/clips/jerk/common_voice_en_17267818.opus,jerk
./data/macroset/en/clips/jerk/common_voice_en_17920424.opus,jerk
./data/macroset/en/clips/jerk/common_voice_en_35292.opus,jerk
./data/macroset/en/clips/jerk/common_voice_en_517354.opus,jerk
./data/macroset/en/clips/cells/common_voice_en_20414808__2.opus,cells
./data/macroset/en/clips/cells/common_voice_en_21328662.opus,cells
./data/macroset/en/clips/cells/common_voice_en_18692834.opus,cells
./data/macroset/en/clips/cells/common_voice_en_18754604__2.opus,cells
./data/macroset/en/clips/cells/common_voice_en_19966113.opus,cells
./data/macroset/en/clips/contest/common_voice_en_19671186.opus,contest
./data/macroset/en/clips/contest/common_voice_en_22151150.opus,contest
./data/macroset/en/clips/contest/common_voice_en_20475094.opus,contest
./data/macroset/en/clips/contest/common_voice_en_20602315.opus,contest
./data/macroset/en/clips/contest/common_voice_en_605323.opus,contest
./data/macroset/en/clips/taxes/common_voice_en_519357.opus,taxes
./data/macroset/en/clips/taxes/common_voice_en_18003699.opus,taxes
./data/macroset/en/clips/taxes/common_voice_en_221324.opus,taxes
./data/macroset/en/clips/taxes/common_voice_en_198319.opus,taxes
./data/macroset/en/clips/taxes/common_voice_en_22365705.opus,taxes
./data/macroset/en/clips/lords/common_voice_en_21317174.opus,lords
./data/macroset/en/clips/lords/common_voice_en_18692259.opus,lords
./data/macroset/en/clips/lords/common_voice_en_19659929.opus,lords
./data/macroset/en/clips/lords/common_voice_en_374036.opus,lords
./data/macroset/en/clips/lords/common_voice_en_21370182.opus,lords
./data/macroset/en/clips/quarterback/common_voice_en_20597593.opus,quarterback
./data/macroset/en/clips/quarterback/common_voice_en_19804316.opus,quarterback
./data/macroset/en/clips/quarterback/common_voice_en_562803.opus,quarterback
./data/macroset/en/clips/quarterback/common_voice_en_19212709.opus,quarterback
./data/macroset/en/clips/quarterback/common_voice_en_18840648.opus,quarterback
./data/macroset/en/clips/illogical/common_voice_en_86193.opus,illogical
./data/macroset/en/clips/illogical/common_voice_en_36449.opus,illogical
./data/macroset/en/clips/illogical/common_voice_en_631545.opus,illogical
./data/macroset/en/clips/illogical/common_voice_en_573893.opus,illogical
./data/macroset/en/clips/illogical/common_voice_en_46780.opus,illogical
./data/macroset/en/clips/even/common_voice_en_21988888.opus,even
./data/macroset/en/clips/even/common_voice_en_19520146.opus,even
./data/macroset/en/clips/even/common_voice_en_30208.opus,even
./data/macroset/en/clips/even/common_voice_en_63240.opus,even
./data/macroset/en/clips/even/common_voice_en_20255425.opus,even
./data/macroset/en/clips/tow/common_voice_en_20472878.opus,tow
./data/macroset/en/clips/tow/common_voice_en_19012119.opus,tow
./data/macroset/en/clips/tow/common_voice_en_492067.opus,tow
./data/macroset/en/clips/tow/common_voice_en_676794.opus,tow
./data/macroset/en/clips/tow/common_voice_en_2679407.opus,tow
./data/macroset/en/clips/liquor/common_voice_en_19815565.opus,liquor
./data/macroset/en/clips/liquor/common_voice_en_623949.opus,liquor
./data/macroset/en/clips/liquor/common_voice_en_659846.opus,liquor
./data/macroset/en/clips/liquor/common_voice_en_18001042.opus,liquor
./data/macroset/en/clips/liquor/common_voice_en_20527764.opus,liquor
./data/macroset/en/clips/momentum/common_voice_en_18780262.opus,momentum
./data/macroset/en/clips/momentum/common_voice_en_21265778.opus,momentum
./data/macroset/en/clips/momentum/common_voice_en_19345381.opus,momentum
./data/macroset/en/clips/momentum/common_voice_en_22328405.opus,momentum
./data/macroset/en/clips/momentum/common_voice_en_18355937.opus,momentum
./data/macroset/en/clips/thompson/common_voice_en_20434027.opus,thompson
./data/macroset/en/clips/thompson/common_voice_en_19809323.opus,thompson
./data/macroset/en/clips/thompson/common_voice_en_22311414.opus,thompson
./data/macroset/en/clips/thompson/common_voice_en_20178706.opus,thompson
./data/macroset/en/clips/thompson/common_voice_en_20703001.opus,thompson
./data/macroset/en/clips/politics/common_voice_en_106647.opus,politics
./data/macroset/en/clips/politics/common_voice_en_19725274.opus,politics
./data/macroset/en/clips/politics/common_voice_en_21146603.opus,politics
./data/macroset/en/clips/politics/common_voice_en_20705058.opus,politics
./data/macroset/en/clips/politics/common_voice_en_21832177.opus,politics
./data/macroset/en/clips/textbook/common_voice_en_28191.opus,textbook
./data/macroset/en/clips/textbook/common_voice_en_19647357.opus,textbook
./data/macroset/en/clips/textbook/common_voice_en_489305.opus,textbook
./data/macroset/en/clips/textbook/common_voice_en_87811.opus,textbook
./data/macroset/en/clips/textbook/common_voice_en_20526410.opus,textbook
./data/macroset/en/clips/maple/common_voice_en_18776202.opus,maple
./data/macroset/en/clips/maple/common_voice_en_561161.opus,maple
./data/macroset/en/clips/maple/common_voice_en_583700.opus,maple
./data/macroset/en/clips/maple/common_voice_en_17884950.opus,maple
./data/macroset/en/clips/maple/common_voice_en_17283101.opus,maple
./data/macroset/en/clips/represents/common_voice_en_19647896.opus,represents
./data/macroset/en/clips/represents/common_voice_en_19559710.opus,represents
./data/macroset/en/clips/represents/common_voice_en_20048572.opus,represents
./data/macroset/en/clips/represents/common_voice_en_19808644.opus,represents
./data/macroset/en/clips/represents/common_voice_en_19705051.opus,represents
./data/macroset/en/clips/pedal/common_voice_en_18146293.opus,pedal
./data/macroset/en/clips/pedal/common_voice_en_535529.opus,pedal
./data/macroset/en/clips/pedal/common_voice_en_502059.opus,pedal
./data/macroset/en/clips/pedal/common_voice_en_444297.opus,pedal
./data/macroset/en/clips/pedal/common_voice_en_18526088.opus,pedal
./data/macroset/en/clips/randolph/common_voice_en_19591518.opus,randolph
./data/macroset/en/clips/randolph/common_voice_en_19656902.opus,randolph
./data/macroset/en/clips/randolph/common_voice_en_22324432.opus,randolph
./data/macroset/en/clips/randolph/common_voice_en_20934914.opus,randolph
./data/macroset/en/clips/randolph/common_voice_en_20685906.opus,randolph
./data/macroset/en/clips/beasts/common_voice_en_17673900.opus,beasts
./data/macroset/en/clips/beasts/common_voice_en_18116849.opus,beasts
./data/macroset/en/clips/beasts/common_voice_en_18042731.opus,beasts
./data/macroset/en/clips/beasts/common_voice_en_15903616.opus,beasts
./data/macroset/en/clips/beasts/common_voice_en_180948.opus,beasts
./data/macroset/en/clips/implications/common_voice_en_461043.opus,implications
./data/macroset/en/clips/implications/common_voice_en_19650921.opus,implications
./data/macroset/en/clips/implications/common_voice_en_19025859.opus,implications
./data/macroset/en/clips/implications/common_voice_en_135532.opus,implications
./data/macroset/en/clips/implications/common_voice_en_3129256.opus,implications
./data/macroset/en/clips/see/common_voice_en_179402.opus,see
./data/macroset/en/clips/see/common_voice_en_79000.opus,see
./data/macroset/en/clips/see/common_voice_en_55201.opus,see
./data/macroset/en/clips/see/common_voice_en_74971.opus,see
./data/macroset/en/clips/see/common_voice_en_55072.opus,see
./data/macroset/en/clips/executed/common_voice_en_19796304.opus,executed
./data/macroset/en/clips/executed/common_voice_en_19025893.opus,executed
./data/macroset/en/clips/executed/common_voice_en_22019118.opus,executed
./data/macroset/en/clips/executed/common_voice_en_22307890.opus,executed
./data/macroset/en/clips/executed/common_voice_en_21420431.opus,executed
./data/macroset/en/clips/grab/common_voice_en_18061435.opus,grab
./data/macroset/en/clips/grab/common_voice_en_17270491.opus,grab
./data/macroset/en/clips/grab/common_voice_en_524582.opus,grab
./data/macroset/en/clips/grab/common_voice_en_2322912.opus,grab
./data/macroset/en/clips/grab/common_voice_en_591591.opus,grab
./data/macroset/en/clips/left/common_voice_en_668801.opus,left
./data/macroset/en/clips/left/common_voice_en_22347389.opus,left
./data/macroset/en/clips/left/common_voice_en_200022.opus,left
./data/macroset/en/clips/left/common_voice_en_18455652.opus,left
./data/macroset/en/clips/left/common_voice_en_18486919.opus,left
./data/macroset/en/clips/jack/common_voice_en_555075.opus,jack
./data/macroset/en/clips/jack/common_voice_en_17248714.opus,jack
./data/macroset/en/clips/jack/common_voice_en_542677.opus,jack
./data/macroset/en/clips/jack/common_voice_en_19150354.opus,jack
./data/macroset/en/clips/jack/common_voice_en_21452765.opus,jack
./data/macroset/en/clips/shortly/common_voice_en_19312576.opus,shortly
./data/macroset/en/clips/shortly/common_voice_en_19466030.opus,shortly
./data/macroset/en/clips/shortly/common_voice_en_19622169.opus,shortly
./data/macroset/en/clips/shortly/common_voice_en_19990404.opus,shortly
./data/macroset/en/clips/shortly/common_voice_en_19997234.opus,shortly
./data/macroset/en/clips/actor/common_voice_en_21335996.opus,actor
./data/macroset/en/clips/actor/common_voice_en_20585757.opus,actor
./data/macroset/en/clips/actor/common_voice_en_19536597.opus,actor
./data/macroset/en/clips/actor/common_voice_en_20269687.opus,actor
./data/macroset/en/clips/actor/common_voice_en_19646416.opus,actor
./data/macroset/en/clips/matt/common_voice_en_19846944.opus,matt
./data/macroset/en/clips/matt/common_voice_en_18799792.opus,matt
./data/macroset/en/clips/matt/common_voice_en_19893278.opus,matt
./data/macroset/en/clips/matt/common_voice_en_19659994.opus,matt
./data/macroset/en/clips/matt/common_voice_en_20878425.opus,matt
./data/macroset/en/clips/plant/common_voice_en_18708615.opus,plant
./data/macroset/en/clips/plant/common_voice_en_18994853.opus,plant
./data/macroset/en/clips/plant/common_voice_en_18817696.opus,plant
./data/macroset/en/clips/plant/common_voice_en_20219930.opus,plant
./data/macroset/en/clips/plant/common_voice_en_633911.opus,plant
./data/macroset/en/clips/rugby/common_voice_en_20715784.opus,rugby
./data/macroset/en/clips/rugby/common_voice_en_20298516.opus,rugby
./data/macroset/en/clips/rugby/common_voice_en_21636819.opus,rugby
./data/macroset/en/clips/rugby/common_voice_en_21740775.opus,rugby
./data/macroset/en/clips/rugby/common_voice_en_22291389.opus,rugby
./data/macroset/en/clips/jagged/common_voice_en_17844215.opus,jagged
./data/macroset/en/clips/jagged/common_voice_en_480836.opus,jagged
./data/macroset/en/clips/jagged/common_voice_en_428094.opus,jagged
./data/macroset/en/clips/jagged/common_voice_en_18163244.opus,jagged
./data/macroset/en/clips/jagged/common_voice_en_17371651.opus,jagged
./data/macroset/en/clips/sight/common_voice_en_18428965.opus,sight
./data/macroset/en/clips/sight/common_voice_en_19748521.opus,sight
./data/macroset/en/clips/sight/common_voice_en_564577.opus,sight
./data/macroset/en/clips/sight/common_voice_en_19195779.opus,sight
./data/macroset/en/clips/sight/common_voice_en_18412033.opus,sight
./data/macroset/en/clips/bankruptcy/common_voice_en_188349.opus,bankruptcy
./data/macroset/en/clips/bankruptcy/common_voice_en_22042854.opus,bankruptcy
./data/macroset/en/clips/bankruptcy/common_voice_en_20053275.opus,bankruptcy
./data/macroset/en/clips/bankruptcy/common_voice_en_19260508.opus,bankruptcy
./data/macroset/en/clips/bankruptcy/common_voice_en_20883896.opus,bankruptcy
./data/macroset/en/clips/kicking/common_voice_en_20601502.opus,kicking
./data/macroset/en/clips/kicking/common_voice_en_215140.opus,kicking
./data/macroset/en/clips/kicking/common_voice_en_18161502.opus,kicking
./data/macroset/en/clips/kicking/common_voice_en_481782.opus,kicking
./data/macroset/en/clips/kicking/common_voice_en_513915.opus,kicking
./data/macroset/en/clips/suffused/common_voice_en_483448.opus,suffused
./data/macroset/en/clips/suffused/common_voice_en_212249.opus,suffused
./data/macroset/en/clips/suffused/common_voice_en_220453.opus,suffused
./data/macroset/en/clips/suffused/common_voice_en_586237.opus,suffused
./data/macroset/en/clips/suffused/common_voice_en_676934.opus,suffused
./data/macroset/en/clips/consecutive/common_voice_en_22469353.opus,consecutive
./data/macroset/en/clips/consecutive/common_voice_en_22307891.opus,consecutive
./data/macroset/en/clips/consecutive/common_voice_en_20317013.opus,consecutive
./data/macroset/en/clips/consecutive/common_voice_en_20261447.opus,consecutive
./data/macroset/en/clips/consecutive/common_voice_en_20381141.opus,consecutive
./data/macroset/en/clips/sussex/common_voice_en_21329224.opus,sussex
./data/macroset/en/clips/sussex/common_voice_en_21713922.opus,sussex
./data/macroset/en/clips/sussex/common_voice_en_19995534.opus,sussex
./data/macroset/en/clips/sussex/common_voice_en_18946964.opus,sussex
./data/macroset/en/clips/sussex/common_voice_en_19951322.opus,sussex
./data/macroset/en/clips/motorway/common_voice_en_91623.opus,motorway
./data/macroset/en/clips/motorway/common_voice_en_18467299.opus,motorway
./data/macroset/en/clips/motorway/common_voice_en_18316727.opus,motorway
./data/macroset/en/clips/motorway/common_voice_en_18300223.opus,motorway
./data/macroset/en/clips/motorway/common_voice_en_21229732.opus,motorway
./data/macroset/en/clips/wyoming/common_voice_en_18757952.opus,wyoming
./data/macroset/en/clips/wyoming/common_voice_en_21851536.opus,wyoming
./data/macroset/en/clips/wyoming/common_voice_en_22040929.opus,wyoming
./data/macroset/en/clips/wyoming/common_voice_en_19443395.opus,wyoming
./data/macroset/en/clips/wyoming/common_voice_en_20471956.opus,wyoming
./data/macroset/en/clips/overturned/common_voice_en_656761.opus,overturned
./data/macroset/en/clips/overturned/common_voice_en_644770.opus,overturned
./data/macroset/en/clips/overturned/common_voice_en_600439.opus,overturned
./data/macroset/en/clips/overturned/common_voice_en_186796.opus,overturned
./data/macroset/en/clips/overturned/common_voice_en_96416.opus,overturned
./data/macroset/en/clips/wither/common_voice_en_666606.opus,wither
./data/macroset/en/clips/wither/common_voice_en_40164.opus,wither
./data/macroset/en/clips/wither/common_voice_en_19578723.opus,wither
./data/macroset/en/clips/wither/common_voice_en_665182.opus,wither
./data/macroset/en/clips/wither/common_voice_en_18647559.opus,wither
./data/macroset/en/clips/hostile/common_voice_en_17386319.opus,hostile
./data/macroset/en/clips/hostile/common_voice_en_18850292.opus,hostile
./data/macroset/en/clips/hostile/common_voice_en_17985411.opus,hostile
./data/macroset/en/clips/hostile/common_voice_en_17278165.opus,hostile
./data/macroset/en/clips/hostile/common_voice_en_19246331.opus,hostile
./data/macroset/en/clips/solar/common_voice_en_19719770.opus,solar
./data/macroset/en/clips/solar/common_voice_en_559304.opus,solar
./data/macroset/en/clips/solar/common_voice_en_21440584.opus,solar
./data/macroset/en/clips/solar/common_voice_en_18945612.opus,solar
./data/macroset/en/clips/solar/common_voice_en_18295116.opus,solar
./data/macroset/en/clips/eighteen/common_voice_en_18401509.opus,eighteen
./data/macroset/en/clips/eighteen/common_voice_en_46562.opus,eighteen
./data/macroset/en/clips/eighteen/common_voice_en_18435423.opus,eighteen
./data/macroset/en/clips/eighteen/common_voice_en_18519099.opus,eighteen
./data/macroset/en/clips/eighteen/common_voice_en_20739630.opus,eighteen
./data/macroset/en/clips/monoxide/common_voice_en_22435621.opus,monoxide
./data/macroset/en/clips/monoxide/common_voice_en_165237.opus,monoxide
./data/macroset/en/clips/monoxide/common_voice_en_548926.opus,monoxide
./data/macroset/en/clips/monoxide/common_voice_en_247483.opus,monoxide
./data/macroset/en/clips/monoxide/common_voice_en_576657.opus,monoxide
./data/macroset/en/clips/specimens/common_voice_en_18949110.opus,specimens
./data/macroset/en/clips/specimens/common_voice_en_19804549.opus,specimens
./data/macroset/en/clips/specimens/common_voice_en_20704264.opus,specimens
./data/macroset/en/clips/specimens/common_voice_en_20027419.opus,specimens
./data/macroset/en/clips/specimens/common_voice_en_21364776.opus,specimens
./data/macroset/en/clips/mules/common_voice_en_17887761.opus,mules
./data/macroset/en/clips/mules/common_voice_en_18075499.opus,mules
./data/macroset/en/clips/mules/common_voice_en_21962531.opus,mules
./data/macroset/en/clips/mules/common_voice_en_19067039.opus,mules
./data/macroset/en/clips/mules/common_voice_en_2409832.opus,mules
./data/macroset/en/clips/mostly/common_voice_en_20169999.opus,mostly
./data/macroset/en/clips/mostly/common_voice_en_22321510.opus,mostly
./data/macroset/en/clips/mostly/common_voice_en_59909.opus,mostly
./data/macroset/en/clips/mostly/common_voice_en_19710900.opus,mostly
./data/macroset/en/clips/mostly/common_voice_en_19536687.opus,mostly
./data/macroset/en/clips/whom/common_voice_en_20092674.opus,whom
./data/macroset/en/clips/whom/common_voice_en_18302793.opus,whom
./data/macroset/en/clips/whom/common_voice_en_18413063.opus,whom
./data/macroset/en/clips/whom/common_voice_en_20960089.opus,whom
./data/macroset/en/clips/whom/common_voice_en_18978755.opus,whom
./data/macroset/en/clips/wedding/common_voice_en_19780103.opus,wedding
./data/macroset/en/clips/wedding/common_voice_en_22311140.opus,wedding
./data/macroset/en/clips/wedding/common_voice_en_19668810.opus,wedding
./data/macroset/en/clips/wedding/common_voice_en_20326138.opus,wedding
./data/macroset/en/clips/wedding/common_voice_en_19316777.opus,wedding
./data/macroset/en/clips/spangled/common_voice_en_21454193.opus,spangled
./data/macroset/en/clips/spangled/common_voice_en_501033.opus,spangled
./data/macroset/en/clips/spangled/common_voice_en_9588.opus,spangled
./data/macroset/en/clips/spangled/common_voice_en_77710.opus,spangled
./data/macroset/en/clips/spangled/common_voice_en_564934.opus,spangled
./data/macroset/en/clips/doctorate/common_voice_en_22106587.opus,doctorate
./data/macroset/en/clips/doctorate/common_voice_en_18793652.opus,doctorate
./data/macroset/en/clips/doctorate/common_voice_en_22325149.opus,doctorate
./data/macroset/en/clips/doctorate/common_voice_en_20048543.opus,doctorate
./data/macroset/en/clips/doctorate/common_voice_en_20173000.opus,doctorate
./data/macroset/en/clips/tawdry/common_voice_en_17915761.opus,tawdry
./data/macroset/en/clips/tawdry/common_voice_en_17818587.opus,tawdry
./data/macroset/en/clips/tawdry/common_voice_en_17391162.opus,tawdry
./data/macroset/en/clips/tawdry/common_voice_en_17297173.opus,tawdry
./data/macroset/en/clips/tawdry/common_voice_en_499476.opus,tawdry
./data/macroset/en/clips/terry/common_voice_en_19350493.opus,terry
./data/macroset/en/clips/terry/common_voice_en_20650489.opus,terry
./data/macroset/en/clips/terry/common_voice_en_19776405.opus,terry
./data/macroset/en/clips/terry/common_voice_en_21263185.opus,terry
./data/macroset/en/clips/terry/common_voice_en_19157124.opus,terry
./data/macroset/en/clips/paraguay/common_voice_en_17811897.opus,paraguay
./data/macroset/en/clips/paraguay/common_voice_en_19730226.opus,paraguay
./data/macroset/en/clips/paraguay/common_voice_en_20135083.opus,paraguay
./data/macroset/en/clips/paraguay/common_voice_en_20602328.opus,paraguay
./data/macroset/en/clips/paraguay/common_voice_en_17927138.opus,paraguay
./data/macroset/en/clips/vimeo/common_voice_en_483024.opus,vimeo
./data/macroset/en/clips/vimeo/common_voice_en_85135.opus,vimeo
./data/macroset/en/clips/vimeo/common_voice_en_503995.opus,vimeo
./data/macroset/en/clips/vimeo/common_voice_en_174434.opus,vimeo
./data/macroset/en/clips/vimeo/common_voice_en_79209.opus,vimeo
./data/macroset/en/clips/accuracy/common_voice_en_19967316.opus,accuracy
./data/macroset/en/clips/accuracy/common_voice_en_699566.opus,accuracy
./data/macroset/en/clips/accuracy/common_voice_en_564144.opus,accuracy
./data/macroset/en/clips/accuracy/common_voice_en_22042369.opus,accuracy
./data/macroset/en/clips/accuracy/common_voice_en_19572019.opus,accuracy
./data/macroset/en/clips/clay/common_voice_en_18104796.opus,clay
./data/macroset/en/clips/clay/common_voice_en_43098.opus,clay
./data/macroset/en/clips/clay/common_voice_en_18065990.opus,clay
./data/macroset/en/clips/clay/common_voice_en_2490754.opus,clay
./data/macroset/en/clips/clay/common_voice_en_20234240.opus,clay
./data/macroset/en/clips/hinted/common_voice_en_488045.opus,hinted
./data/macroset/en/clips/hinted/common_voice_en_683950.opus,hinted
./data/macroset/en/clips/hinted/common_voice_en_614220.opus,hinted
./data/macroset/en/clips/hinted/common_voice_en_21508351.opus,hinted
./data/macroset/en/clips/hinted/common_voice_en_40373.opus,hinted
./data/macroset/en/clips/coaches/common_voice_en_19942352.opus,coaches
./data/macroset/en/clips/coaches/common_voice_en_21613355.opus,coaches
./data/macroset/en/clips/coaches/common_voice_en_21678011.opus,coaches
./data/macroset/en/clips/coaches/common_voice_en_22371878.opus,coaches
./data/macroset/en/clips/coaches/common_voice_en_21160259.opus,coaches
./data/macroset/en/clips/sets/common_voice_en_22266990.opus,sets
./data/macroset/en/clips/sets/common_voice_en_22070932.opus,sets
./data/macroset/en/clips/sets/common_voice_en_598504.opus,sets
./data/macroset/en/clips/sets/common_voice_en_19576037.opus,sets
./data/macroset/en/clips/sets/common_voice_en_22134532.opus,sets
./data/macroset/en/clips/required/common_voice_en_680844.opus,required
./data/macroset/en/clips/required/common_voice_en_22071942.opus,required
./data/macroset/en/clips/required/common_voice_en_20866819.opus,required
./data/macroset/en/clips/required/common_voice_en_19230734.opus,required
./data/macroset/en/clips/required/common_voice_en_21710406.opus,required
./data/macroset/en/clips/study/common_voice_en_19821919.opus,study
./data/macroset/en/clips/study/common_voice_en_19263805.opus,study
./data/macroset/en/clips/study/common_voice_en_19159656.opus,study
./data/macroset/en/clips/study/common_voice_en_573758.opus,study
./data/macroset/en/clips/study/common_voice_en_5158582.opus,study
./data/macroset/en/clips/recognized/common_voice_en_20233999.opus,recognized
./data/macroset/en/clips/recognized/common_voice_en_20726223.opus,recognized
./data/macroset/en/clips/recognized/common_voice_en_33806.opus,recognized
./data/macroset/en/clips/recognized/common_voice_en_21322370.opus,recognized
./data/macroset/en/clips/recognized/common_voice_en_20921930.opus,recognized
./data/macroset/en/clips/somewhere/common_voice_en_58807.opus,somewhere
./data/macroset/en/clips/somewhere/common_voice_en_648581.opus,somewhere
./data/macroset/en/clips/somewhere/common_voice_en_619465.opus,somewhere
./data/macroset/en/clips/somewhere/common_voice_en_62952.opus,somewhere
./data/macroset/en/clips/somewhere/common_voice_en_72125.opus,somewhere
./data/macroset/en/clips/gentle/common_voice_en_537414.opus,gentle
./data/macroset/en/clips/gentle/common_voice_en_22056107.opus,gentle
./data/macroset/en/clips/gentle/common_voice_en_487667.opus,gentle
./data/macroset/en/clips/gentle/common_voice_en_530032.opus,gentle
./data/macroset/en/clips/gentle/common_voice_en_18427591.opus,gentle
./data/macroset/en/clips/hassan/common_voice_en_206420.opus,hassan
./data/macroset/en/clips/hassan/common_voice_en_641118.opus,hassan
./data/macroset/en/clips/hassan/common_voice_en_569341.opus,hassan
./data/macroset/en/clips/hassan/common_voice_en_19099929.opus,hassan
./data/macroset/en/clips/hassan/common_voice_en_19604770.opus,hassan
./data/macroset/en/clips/really/common_voice_en_95067.opus,really
./data/macroset/en/clips/really/common_voice_en_589778.opus,really
./data/macroset/en/clips/really/common_voice_en_538650.opus,really
./data/macroset/en/clips/really/common_voice_en_29294.opus,really
./data/macroset/en/clips/really/common_voice_en_17371927.opus,really
./data/macroset/en/clips/result/common_voice_en_20735756.opus,result
./data/macroset/en/clips/result/common_voice_en_20118687.opus,result
./data/macroset/en/clips/result/common_voice_en_21926259.opus,result
./data/macroset/en/clips/result/common_voice_en_20172740.opus,result
./data/macroset/en/clips/result/common_voice_en_20467165.opus,result
./data/macroset/en/clips/learnt/common_voice_en_20285654.opus,learnt
./data/macroset/en/clips/learnt/common_voice_en_18435057.opus,learnt
./data/macroset/en/clips/learnt/common_voice_en_20178833.opus,learnt
./data/macroset/en/clips/learnt/common_voice_en_19122495.opus,learnt
./data/macroset/en/clips/learnt/common_voice_en_19091203.opus,learnt
./data/macroset/en/clips/plot/common_voice_en_20834058.opus,plot
./data/macroset/en/clips/plot/common_voice_en_19223146.opus,plot
./data/macroset/en/clips/plot/common_voice_en_20746912.opus,plot
./data/macroset/en/clips/plot/common_voice_en_20309278.opus,plot
./data/macroset/en/clips/plot/common_voice_en_20647735.opus,plot
./data/macroset/en/clips/litigation/common_voice_en_20069419.opus,litigation
./data/macroset/en/clips/litigation/common_voice_en_20113704.opus,litigation
./data/macroset/en/clips/litigation/common_voice_en_19758088.opus,litigation
./data/macroset/en/clips/litigation/common_voice_en_18861603.opus,litigation
./data/macroset/en/clips/litigation/common_voice_en_19764817.opus,litigation
./data/macroset/en/clips/pierre/common_voice_en_559880.opus,pierre
./data/macroset/en/clips/pierre/common_voice_en_219092.opus,pierre
./data/macroset/en/clips/pierre/common_voice_en_18506222.opus,pierre
./data/macroset/en/clips/pierre/common_voice_en_19049986.opus,pierre
./data/macroset/en/clips/pierre/common_voice_en_18342179.opus,pierre
./data/macroset/en/clips/skill/common_voice_en_20975270.opus,skill
./data/macroset/en/clips/skill/common_voice_en_18513328.opus,skill
./data/macroset/en/clips/skill/common_voice_en_20358459.opus,skill
./data/macroset/en/clips/skill/common_voice_en_19724857.opus,skill
./data/macroset/en/clips/skill/common_voice_en_18486675.opus,skill
./data/macroset/en/clips/bobbing/common_voice_en_596414.opus,bobbing
./data/macroset/en/clips/bobbing/common_voice_en_521451.opus,bobbing
./data/macroset/en/clips/bobbing/common_voice_en_565632.opus,bobbing
./data/macroset/en/clips/bobbing/common_voice_en_664382.opus,bobbing
./data/macroset/en/clips/bobbing/common_voice_en_61489.opus,bobbing
./data/macroset/en/clips/rest/common_voice_en_17275750.opus,rest
./data/macroset/en/clips/rest/common_voice_en_22421876.opus,rest
./data/macroset/en/clips/rest/common_voice_en_21636586.opus,rest
./data/macroset/en/clips/rest/common_voice_en_20674906.opus,rest
./data/macroset/en/clips/rest/common_voice_en_18872734.opus,rest
./data/macroset/en/clips/underwater/common_voice_en_510982.opus,underwater
./data/macroset/en/clips/underwater/common_voice_en_22260562.opus,underwater
./data/macroset/en/clips/underwater/common_voice_en_611535.opus,underwater
./data/macroset/en/clips/underwater/common_voice_en_218229.opus,underwater
./data/macroset/en/clips/underwater/common_voice_en_22255744.opus,underwater
./data/macroset/en/clips/bathing/common_voice_en_21020651.opus,bathing
./data/macroset/en/clips/bathing/common_voice_en_572145.opus,bathing
./data/macroset/en/clips/bathing/common_voice_en_192376.opus,bathing
./data/macroset/en/clips/bathing/common_voice_en_84579.opus,bathing
./data/macroset/en/clips/bathing/common_voice_en_19636649.opus,bathing
./data/macroset/en/clips/flickering/common_voice_en_9313.opus,flickering
./data/macroset/en/clips/flickering/common_voice_en_17276035.opus,flickering
./data/macroset/en/clips/flickering/common_voice_en_17301475.opus,flickering
./data/macroset/en/clips/flickering/common_voice_en_207718.opus,flickering
./data/macroset/en/clips/flickering/common_voice_en_18003646.opus,flickering
./data/macroset/en/clips/transforms/common_voice_en_99527.opus,transforms
./data/macroset/en/clips/transforms/common_voice_en_515652.opus,transforms
./data/macroset/en/clips/transforms/common_voice_en_61144.opus,transforms
./data/macroset/en/clips/transforms/common_voice_en_19106808.opus,transforms
./data/macroset/en/clips/transforms/common_voice_en_19326463.opus,transforms
./data/macroset/en/clips/gases/common_voice_en_604220.opus,gases
./data/macroset/en/clips/gases/common_voice_en_19025928.opus,gases
./data/macroset/en/clips/gases/common_voice_en_480319.opus,gases
./data/macroset/en/clips/gases/common_voice_en_529427.opus,gases
./data/macroset/en/clips/gases/common_voice_en_19321748.opus,gases
./data/macroset/en/clips/squished/common_voice_en_17268602.opus,squished
./data/macroset/en/clips/squished/common_voice_en_17517004.opus,squished
./data/macroset/en/clips/squished/common_voice_en_17264059.opus,squished
./data/macroset/en/clips/squished/common_voice_en_17259023.opus,squished
./data/macroset/en/clips/squished/common_voice_en_316876.opus,squished
./data/macroset/en/clips/ducks/common_voice_en_18126316.opus,ducks
./data/macroset/en/clips/ducks/common_voice_en_20990006.opus,ducks
./data/macroset/en/clips/ducks/common_voice_en_17372514.opus,ducks
./data/macroset/en/clips/ducks/common_voice_en_21020035.opus,ducks
./data/macroset/en/clips/ducks/common_voice_en_17985701.opus,ducks
./data/macroset/en/clips/scams/common_voice_en_17895322.opus,scams
./data/macroset/en/clips/scams/common_voice_en_17293576.opus,scams
./data/macroset/en/clips/scams/common_voice_en_17281420.opus,scams
./data/macroset/en/clips/scams/common_voice_en_17982286.opus,scams
./data/macroset/en/clips/scams/common_voice_en_17435440.opus,scams
./data/macroset/en/clips/intelligence/common_voice_en_22156412.opus,intelligence
./data/macroset/en/clips/intelligence/common_voice_en_18765684.opus,intelligence
./data/macroset/en/clips/intelligence/common_voice_en_18693135.opus,intelligence
./data/macroset/en/clips/intelligence/common_voice_en_20981902.opus,intelligence
./data/macroset/en/clips/intelligence/common_voice_en_17782047.opus,intelligence
./data/macroset/en/clips/insolvent/common_voice_en_18094875.opus,insolvent
./data/macroset/en/clips/insolvent/common_voice_en_17887963.opus,insolvent
./data/macroset/en/clips/insolvent/common_voice_en_17718560.opus,insolvent
./data/macroset/en/clips/insolvent/common_voice_en_525697.opus,insolvent
./data/macroset/en/clips/insolvent/common_voice_en_174384.opus,insolvent
./data/macroset/en/clips/spa/common_voice_en_40811.opus,spa
./data/macroset/en/clips/spa/common_voice_en_525962.opus,spa
./data/macroset/en/clips/spa/common_voice_en_21399670.opus,spa
./data/macroset/en/clips/spa/common_voice_en_22087613.opus,spa
./data/macroset/en/clips/spa/common_voice_en_19966084.opus,spa
./data/macroset/en/clips/apple/common_voice_en_19422896.opus,apple
./data/macroset/en/clips/apple/common_voice_en_507382.opus,apple
./data/macroset/en/clips/apple/common_voice_en_46777.opus,apple
./data/macroset/en/clips/apple/common_voice_en_17959100.opus,apple
./data/macroset/en/clips/apple/common_voice_en_18433517.opus,apple
./data/macroset/en/clips/around/common_voice_en_558458.opus,around
./data/macroset/en/clips/around/common_voice_en_17844086.opus,around
./data/macroset/en/clips/around/common_voice_en_17280701.opus,around
./data/macroset/en/clips/around/common_voice_en_166166.opus,around
./data/macroset/en/clips/around/common_voice_en_21475482.opus,around
./data/macroset/en/clips/parody/common_voice_en_21763821.opus,parody
./data/macroset/en/clips/parody/common_voice_en_19393103.opus,parody
./data/macroset/en/clips/parody/common_voice_en_21795210.opus,parody
./data/macroset/en/clips/parody/common_voice_en_18840361.opus,parody
./data/macroset/en/clips/parody/common_voice_en_20935357.opus,parody
./data/macroset/en/clips/licorice/common_voice_en_699638.opus,licorice
./data/macroset/en/clips/licorice/common_voice_en_164563.opus,licorice
./data/macroset/en/clips/licorice/common_voice_en_564164.opus,licorice
./data/macroset/en/clips/licorice/common_voice_en_343906.opus,licorice
./data/macroset/en/clips/licorice/common_voice_en_611519.opus,licorice
./data/macroset/en/clips/domestic/common_voice_en_19949793.opus,domestic
./data/macroset/en/clips/domestic/common_voice_en_19396587.opus,domestic
./data/macroset/en/clips/domestic/common_voice_en_20710914.opus,domestic
./data/macroset/en/clips/domestic/common_voice_en_19506214.opus,domestic
./data/macroset/en/clips/domestic/common_voice_en_19456044.opus,domestic
./data/macroset/en/clips/kerry/common_voice_en_21764622.opus,kerry
./data/macroset/en/clips/kerry/common_voice_en_21340934.opus,kerry
./data/macroset/en/clips/kerry/common_voice_en_21094665.opus,kerry
./data/macroset/en/clips/kerry/common_voice_en_19966660.opus,kerry
./data/macroset/en/clips/kerry/common_voice_en_20895224.opus,kerry
./data/macroset/en/clips/friedrich/common_voice_en_20771346.opus,friedrich
./data/macroset/en/clips/friedrich/common_voice_en_21505439.opus,friedrich
./data/macroset/en/clips/friedrich/common_voice_en_21019637.opus,friedrich
./data/macroset/en/clips/friedrich/common_voice_en_19129548.opus,friedrich
./data/macroset/en/clips/friedrich/common_voice_en_20092184.opus,friedrich
./data/macroset/en/clips/enjoy/common_voice_en_3033.opus,enjoy
./data/macroset/en/clips/enjoy/common_voice_en_489603.opus,enjoy
./data/macroset/en/clips/enjoy/common_voice_en_683607.opus,enjoy
./data/macroset/en/clips/enjoy/common_voice_en_477574.opus,enjoy
./data/macroset/en/clips/enjoy/common_voice_en_600479.opus,enjoy
./data/macroset/en/clips/helped/common_voice_en_21703014.opus,helped
./data/macroset/en/clips/helped/common_voice_en_655038.opus,helped
./data/macroset/en/clips/helped/common_voice_en_18748942.opus,helped
./data/macroset/en/clips/helped/common_voice_en_515085.opus,helped
./data/macroset/en/clips/helped/common_voice_en_512163.opus,helped
./data/macroset/en/clips/jim/common_voice_en_20472054.opus,jim
./data/macroset/en/clips/jim/common_voice_en_20006279.opus,jim
./data/macroset/en/clips/jim/common_voice_en_95008.opus,jim
./data/macroset/en/clips/jim/common_voice_en_18717779.opus,jim
./data/macroset/en/clips/jim/common_voice_en_19452855.opus,jim
./data/macroset/en/clips/refreshments/common_voice_en_694344.opus,refreshments
./data/macroset/en/clips/refreshments/common_voice_en_183018.opus,refreshments
./data/macroset/en/clips/refreshments/common_voice_en_617003.opus,refreshments
./data/macroset/en/clips/refreshments/common_voice_en_195090.opus,refreshments
./data/macroset/en/clips/refreshments/common_voice_en_19853111.opus,refreshments
./data/macroset/en/clips/adds/common_voice_en_21307739.opus,adds
./data/macroset/en/clips/adds/common_voice_en_20880791.opus,adds
./data/macroset/en/clips/adds/common_voice_en_21595158.opus,adds
./data/macroset/en/clips/adds/common_voice_en_20004510.opus,adds
./data/macroset/en/clips/adds/common_voice_en_19013046.opus,adds
./data/macroset/en/clips/python/common_voice_en_17869552.opus,python
./data/macroset/en/clips/python/common_voice_en_37844.opus,python
./data/macroset/en/clips/python/common_voice_en_77455.opus,python
./data/macroset/en/clips/python/common_voice_en_585501.opus,python
./data/macroset/en/clips/python/common_voice_en_21594230.opus,python
./data/macroset/en/clips/receipt/common_voice_en_557506.opus,receipt
./data/macroset/en/clips/receipt/common_voice_en_544229.opus,receipt
./data/macroset/en/clips/receipt/common_voice_en_624414.opus,receipt
./data/macroset/en/clips/receipt/common_voice_en_18120527.opus,receipt
./data/macroset/en/clips/receipt/common_voice_en_544065.opus,receipt
./data/macroset/en/clips/vendors/common_voice_en_20591194.opus,vendors
./data/macroset/en/clips/vendors/common_voice_en_20644342.opus,vendors
./data/macroset/en/clips/vendors/common_voice_en_19709826.opus,vendors
./data/macroset/en/clips/vendors/common_voice_en_181384.opus,vendors
./data/macroset/en/clips/vendors/common_voice_en_484370.opus,vendors
./data/macroset/en/clips/dorset/common_voice_en_21518225.opus,dorset
./data/macroset/en/clips/dorset/common_voice_en_22291194.opus,dorset
./data/macroset/en/clips/dorset/common_voice_en_20687567.opus,dorset
./data/macroset/en/clips/dorset/common_voice_en_20396870.opus,dorset
./data/macroset/en/clips/dorset/common_voice_en_21313150.opus,dorset
./data/macroset/en/clips/cylinder/common_voice_en_507243.opus,cylinder
./data/macroset/en/clips/cylinder/common_voice_en_536460.opus,cylinder
./data/macroset/en/clips/cylinder/common_voice_en_121593.opus,cylinder
./data/macroset/en/clips/cylinder/common_voice_en_19773.opus,cylinder
./data/macroset/en/clips/cylinder/common_voice_en_79801.opus,cylinder
./data/macroset/en/clips/include/common_voice_en_20670269.opus,include
./data/macroset/en/clips/include/common_voice_en_20974832.opus,include
./data/macroset/en/clips/include/common_voice_en_22279146.opus,include
./data/macroset/en/clips/include/common_voice_en_19296545.opus,include
./data/macroset/en/clips/include/common_voice_en_22099875.opus,include
./data/macroset/en/clips/mafia/common_voice_en_285824.opus,mafia
./data/macroset/en/clips/mafia/common_voice_en_19306828.opus,mafia
./data/macroset/en/clips/mafia/common_voice_en_562112.opus,mafia
./data/macroset/en/clips/mafia/common_voice_en_612481.opus,mafia
./data/macroset/en/clips/mafia/common_voice_en_469443.opus,mafia
./data/macroset/en/clips/fins/common_voice_en_18866989.opus,fins
./data/macroset/en/clips/fins/common_voice_en_18755029.opus,fins
./data/macroset/en/clips/fins/common_voice_en_20302464.opus,fins
./data/macroset/en/clips/fins/common_voice_en_22377667.opus,fins
./data/macroset/en/clips/fins/common_voice_en_20093237.opus,fins
./data/macroset/en/clips/solids/common_voice_en_18748936.opus,solids
./data/macroset/en/clips/solids/common_voice_en_19721856.opus,solids
./data/macroset/en/clips/solids/common_voice_en_17877188.opus,solids
./data/macroset/en/clips/solids/common_voice_en_18127596.opus,solids
./data/macroset/en/clips/solids/common_voice_en_17733498.opus,solids
./data/macroset/en/clips/toppled/common_voice_en_543392.opus,toppled
./data/macroset/en/clips/toppled/common_voice_en_517276.opus,toppled
./data/macroset/en/clips/toppled/common_voice_en_665677.opus,toppled
./data/macroset/en/clips/toppled/common_voice_en_482554.opus,toppled
./data/macroset/en/clips/toppled/common_voice_en_61254.opus,toppled
./data/macroset/en/clips/warfare/common_voice_en_19843619.opus,warfare
./data/macroset/en/clips/warfare/common_voice_en_19607258.opus,warfare
./data/macroset/en/clips/warfare/common_voice_en_21775820.opus,warfare
./data/macroset/en/clips/warfare/common_voice_en_21378815.opus,warfare
./data/macroset/en/clips/warfare/common_voice_en_19774194.opus,warfare
./data/macroset/en/clips/crackers/common_voice_en_17957943.opus,crackers
./data/macroset/en/clips/crackers/common_voice_en_654947.opus,crackers
./data/macroset/en/clips/crackers/common_voice_en_17252276.opus,crackers
./data/macroset/en/clips/crackers/common_voice_en_18962954.opus,crackers
./data/macroset/en/clips/crackers/common_voice_en_18634860.opus,crackers
./data/macroset/en/clips/bristol/common_voice_en_21386491.opus,bristol
./data/macroset/en/clips/bristol/common_voice_en_22306653.opus,bristol
./data/macroset/en/clips/bristol/common_voice_en_20754534.opus,bristol
./data/macroset/en/clips/bristol/common_voice_en_19846281.opus,bristol
./data/macroset/en/clips/bristol/common_voice_en_22238301.opus,bristol
./data/macroset/en/clips/ideal/common_voice_en_20691519.opus,ideal
./data/macroset/en/clips/ideal/common_voice_en_20346974.opus,ideal
./data/macroset/en/clips/ideal/common_voice_en_21342989.opus,ideal
./data/macroset/en/clips/ideal/common_voice_en_18276271.opus,ideal
./data/macroset/en/clips/ideal/common_voice_en_21328859.opus,ideal
./data/macroset/en/clips/fur/common_voice_en_18342634.opus,fur
./data/macroset/en/clips/fur/common_voice_en_16048255.opus,fur
./data/macroset/en/clips/fur/common_voice_en_18939419.opus,fur
./data/macroset/en/clips/fur/common_voice_en_483367.opus,fur
./data/macroset/en/clips/fur/common_voice_en_20106108.opus,fur
./data/macroset/en/clips/tutor/common_voice_en_18728001.opus,tutor
./data/macroset/en/clips/tutor/common_voice_en_19883927.opus,tutor
./data/macroset/en/clips/tutor/common_voice_en_21840743.opus,tutor
./data/macroset/en/clips/tutor/common_voice_en_19636244.opus,tutor
./data/macroset/en/clips/tutor/common_voice_en_19468898.opus,tutor
./data/macroset/en/clips/barkeeper/common_voice_en_18127933.opus,barkeeper
./data/macroset/en/clips/barkeeper/common_voice_en_17342350.opus,barkeeper
./data/macroset/en/clips/barkeeper/common_voice_en_17270117.opus,barkeeper
./data/macroset/en/clips/barkeeper/common_voice_en_420660.opus,barkeeper
./data/macroset/en/clips/barkeeper/common_voice_en_17389163.opus,barkeeper
./data/macroset/en/clips/internet/common_voice_en_17919532.opus,internet
./data/macroset/en/clips/internet/common_voice_en_16047608.opus,internet
./data/macroset/en/clips/internet/common_voice_en_21776973.opus,internet
./data/macroset/en/clips/internet/common_voice_en_426181.opus,internet
./data/macroset/en/clips/internet/common_voice_en_524967.opus,internet
./data/macroset/en/clips/chewy/common_voice_en_2873385.opus,chewy
./data/macroset/en/clips/chewy/common_voice_en_700573.opus,chewy
./data/macroset/en/clips/chewy/common_voice_en_15903671.opus,chewy
./data/macroset/en/clips/chewy/common_voice_en_481493.opus,chewy
./data/macroset/en/clips/chewy/common_voice_en_525340.opus,chewy
./data/macroset/en/clips/outrageous/common_voice_en_20393239.opus,outrageous
./data/macroset/en/clips/outrageous/common_voice_en_18074509.opus,outrageous
./data/macroset/en/clips/outrageous/common_voice_en_17871764.opus,outrageous
./data/macroset/en/clips/outrageous/common_voice_en_324694.opus,outrageous
./data/macroset/en/clips/outrageous/common_voice_en_683599.opus,outrageous
./data/macroset/en/clips/ottoman/common_voice_en_20103862.opus,ottoman
./data/macroset/en/clips/ottoman/common_voice_en_21111370.opus,ottoman
./data/macroset/en/clips/ottoman/common_voice_en_20346663.opus,ottoman
./data/macroset/en/clips/ottoman/common_voice_en_19468274.opus,ottoman
./data/macroset/en/clips/ottoman/common_voice_en_22093373.opus,ottoman
./data/macroset/en/clips/examined/common_voice_en_19022680.opus,examined
./data/macroset/en/clips/examined/common_voice_en_20173409.opus,examined
./data/macroset/en/clips/examined/common_voice_en_19021009.opus,examined
./data/macroset/en/clips/examined/common_voice_en_20064240.opus,examined
./data/macroset/en/clips/examined/common_voice_en_304925.opus,examined
./data/macroset/en/clips/trumpets/common_voice_en_17288508.opus,trumpets
./data/macroset/en/clips/trumpets/common_voice_en_17283775.opus,trumpets
./data/macroset/en/clips/trumpets/common_voice_en_186054.opus,trumpets
./data/macroset/en/clips/trumpets/common_voice_en_480834.opus,trumpets
./data/macroset/en/clips/trumpets/common_voice_en_50613.opus,trumpets
./data/macroset/en/clips/segments/common_voice_en_19637664.opus,segments
./data/macroset/en/clips/segments/common_voice_en_21516887.opus,segments
./data/macroset/en/clips/segments/common_voice_en_19054645.opus,segments
./data/macroset/en/clips/segments/common_voice_en_20729055.opus,segments
./data/macroset/en/clips/segments/common_voice_en_20012652.opus,segments
./data/macroset/en/clips/soundtrack/common_voice_en_543512.opus,soundtrack
./data/macroset/en/clips/soundtrack/common_voice_en_187659.opus,soundtrack
./data/macroset/en/clips/soundtrack/common_voice_en_19672215.opus,soundtrack
./data/macroset/en/clips/soundtrack/common_voice_en_20309186.opus,soundtrack
./data/macroset/en/clips/soundtrack/common_voice_en_19878477.opus,soundtrack
./data/macroset/en/clips/worcester/common_voice_en_21724407.opus,worcester
./data/macroset/en/clips/worcester/common_voice_en_22285276__2.opus,worcester
./data/macroset/en/clips/worcester/common_voice_en_20027565.opus,worcester
./data/macroset/en/clips/worcester/common_voice_en_22111350.opus,worcester
./data/macroset/en/clips/worcester/common_voice_en_21366797.opus,worcester
./data/macroset/en/clips/nick/common_voice_en_20872902.opus,nick
./data/macroset/en/clips/nick/common_voice_en_21478289.opus,nick
./data/macroset/en/clips/nick/common_voice_en_610493.opus,nick
./data/macroset/en/clips/nick/common_voice_en_20160445.opus,nick
./data/macroset/en/clips/nick/common_voice_en_21729708.opus,nick
./data/macroset/en/clips/powell/common_voice_en_21639083.opus,powell
./data/macroset/en/clips/powell/common_voice_en_21137966.opus,powell
./data/macroset/en/clips/powell/common_voice_en_20869697.opus,powell
./data/macroset/en/clips/powell/common_voice_en_22059147.opus,powell
./data/macroset/en/clips/powell/common_voice_en_20111877.opus,powell
./data/macroset/en/clips/far/common_voice_en_71176.opus,far
./data/macroset/en/clips/far/common_voice_en_19869982.opus,far
./data/macroset/en/clips/far/common_voice_en_612595.opus,far
./data/macroset/en/clips/far/common_voice_en_603850.opus,far
./data/macroset/en/clips/far/common_voice_en_496001.opus,far
./data/macroset/en/clips/puddle/common_voice_en_4607453.opus,puddle
./data/macroset/en/clips/puddle/common_voice_en_538849.opus,puddle
./data/macroset/en/clips/puddle/common_voice_en_682764.opus,puddle
./data/macroset/en/clips/puddle/common_voice_en_18060268.opus,puddle
./data/macroset/en/clips/puddle/common_voice_en_39049.opus,puddle
./data/macroset/en/clips/like/common_voice_en_17562091.opus,like
./data/macroset/en/clips/like/common_voice_en_461014.opus,like
./data/macroset/en/clips/like/common_voice_en_18680491.opus,like
./data/macroset/en/clips/like/common_voice_en_104118.opus,like
./data/macroset/en/clips/like/common_voice_en_636582.opus,like
./data/macroset/en/clips/collapse/common_voice_en_19796305.opus,collapse
./data/macroset/en/clips/collapse/common_voice_en_18832176.opus,collapse
./data/macroset/en/clips/collapse/common_voice_en_18470445.opus,collapse
./data/macroset/en/clips/collapse/common_voice_en_19519348.opus,collapse
./data/macroset/en/clips/collapse/common_voice_en_20091075.opus,collapse
./data/macroset/en/clips/sheared/common_voice_en_558304.opus,sheared
./data/macroset/en/clips/sheared/common_voice_en_155702.opus,sheared
./data/macroset/en/clips/sheared/common_voice_en_549754.opus,sheared
./data/macroset/en/clips/sheared/common_voice_en_130051.opus,sheared
./data/macroset/en/clips/sheared/common_voice_en_628403.opus,sheared
./data/macroset/en/clips/gram/common_voice_en_19533676.opus,gram
./data/macroset/en/clips/gram/common_voice_en_19961416.opus,gram
./data/macroset/en/clips/gram/common_voice_en_20250630.opus,gram
./data/macroset/en/clips/gram/common_voice_en_19171383.opus,gram
./data/macroset/en/clips/gram/common_voice_en_21975996.opus,gram
./data/macroset/en/clips/activity/common_voice_en_18854392.opus,activity
./data/macroset/en/clips/activity/common_voice_en_20528998.opus,activity
./data/macroset/en/clips/activity/common_voice_en_571882.opus,activity
./data/macroset/en/clips/activity/common_voice_en_20443714.opus,activity
./data/macroset/en/clips/activity/common_voice_en_177371.opus,activity
./data/macroset/en/clips/destination/common_voice_en_20887521.opus,destination
./data/macroset/en/clips/destination/common_voice_en_20754836.opus,destination
./data/macroset/en/clips/destination/common_voice_en_21529450.opus,destination
./data/macroset/en/clips/destination/common_voice_en_19416915.opus,destination
./data/macroset/en/clips/destination/common_voice_en_21220351.opus,destination
./data/macroset/en/clips/eugene/common_voice_en_22428966.opus,eugene
./data/macroset/en/clips/eugene/common_voice_en_19683710.opus,eugene
./data/macroset/en/clips/eugene/common_voice_en_19798230.opus,eugene
./data/macroset/en/clips/eugene/common_voice_en_20919406.opus,eugene
./data/macroset/en/clips/eugene/common_voice_en_21832174.opus,eugene
./data/macroset/en/clips/runway/common_voice_en_21051197.opus,runway
./data/macroset/en/clips/runway/common_voice_en_19771993.opus,runway
./data/macroset/en/clips/runway/common_voice_en_487076.opus,runway
./data/macroset/en/clips/runway/common_voice_en_21340359.opus,runway
./data/macroset/en/clips/runway/common_voice_en_21292839.opus,runway
./data/macroset/en/clips/interesting/common_voice_en_447361.opus,interesting
./data/macroset/en/clips/interesting/common_voice_en_691663.opus,interesting
./data/macroset/en/clips/interesting/common_voice_en_18870127.opus,interesting
./data/macroset/en/clips/interesting/common_voice_en_52377.opus,interesting
./data/macroset/en/clips/interesting/common_voice_en_18604982.opus,interesting
./data/macroset/en/clips/quantities/common_voice_en_21408331.opus,quantities
./data/macroset/en/clips/quantities/common_voice_en_20286349.opus,quantities
./data/macroset/en/clips/quantities/common_voice_en_19965034.opus,quantities
./data/macroset/en/clips/quantities/common_voice_en_19762522.opus,quantities
./data/macroset/en/clips/quantities/common_voice_en_21934552.opus,quantities
./data/macroset/en/clips/graves/common_voice_en_21703862.opus,graves
./data/macroset/en/clips/graves/common_voice_en_19310680.opus,graves
./data/macroset/en/clips/graves/common_voice_en_19693767.opus,graves
./data/macroset/en/clips/graves/common_voice_en_20241882.opus,graves
./data/macroset/en/clips/graves/common_voice_en_19079945.opus,graves
./data/macroset/en/clips/queen/common_voice_en_18757870.opus,queen
./data/macroset/en/clips/queen/common_voice_en_20287207.opus,queen
./data/macroset/en/clips/queen/common_voice_en_20052379.opus,queen
./data/macroset/en/clips/queen/common_voice_en_21624655.opus,queen
./data/macroset/en/clips/queen/common_voice_en_17276578.opus,queen
./data/macroset/en/clips/prototype/common_voice_en_19185304.opus,prototype
./data/macroset/en/clips/prototype/common_voice_en_18751984.opus,prototype
./data/macroset/en/clips/prototype/common_voice_en_19754418.opus,prototype
./data/macroset/en/clips/prototype/common_voice_en_21690595.opus,prototype
./data/macroset/en/clips/prototype/common_voice_en_21341480.opus,prototype
./data/macroset/en/clips/movies/common_voice_en_690430.opus,movies
./data/macroset/en/clips/movies/common_voice_en_19185520.opus,movies
./data/macroset/en/clips/movies/common_voice_en_19026788.opus,movies
./data/macroset/en/clips/movies/common_voice_en_189425.opus,movies
./data/macroset/en/clips/movies/common_voice_en_20671637.opus,movies
./data/macroset/en/clips/uncovered/common_voice_en_539822.opus,uncovered
./data/macroset/en/clips/uncovered/common_voice_en_553401.opus,uncovered
./data/macroset/en/clips/uncovered/common_voice_en_480254.opus,uncovered
./data/macroset/en/clips/uncovered/common_voice_en_152157.opus,uncovered
./data/macroset/en/clips/uncovered/common_voice_en_66440.opus,uncovered
./data/macroset/en/clips/feet/common_voice_en_523836.opus,feet
./data/macroset/en/clips/feet/common_voice_en_544663.opus,feet
./data/macroset/en/clips/feet/common_voice_en_21811968.opus,feet
./data/macroset/en/clips/feet/common_voice_en_494598.opus,feet
./data/macroset/en/clips/feet/common_voice_en_95047.opus,feet
./data/macroset/en/clips/perchance/common_voice_en_17910453.opus,perchance
./data/macroset/en/clips/perchance/common_voice_en_17556313.opus,perchance
./data/macroset/en/clips/perchance/common_voice_en_18034026.opus,perchance
./data/macroset/en/clips/perchance/common_voice_en_17993530.opus,perchance
./data/macroset/en/clips/perchance/common_voice_en_17585874.opus,perchance
./data/macroset/en/clips/meant/common_voice_en_18708158.opus,meant
./data/macroset/en/clips/meant/common_voice_en_577768.opus,meant
./data/macroset/en/clips/meant/common_voice_en_21020842.opus,meant
./data/macroset/en/clips/meant/common_voice_en_601769.opus,meant
./data/macroset/en/clips/meant/common_voice_en_19111355.opus,meant
./data/macroset/en/clips/teenage/common_voice_en_20753036.opus,teenage
./data/macroset/en/clips/teenage/common_voice_en_18852419.opus,teenage
./data/macroset/en/clips/teenage/common_voice_en_19185555.opus,teenage
./data/macroset/en/clips/teenage/common_voice_en_21626115.opus,teenage
./data/macroset/en/clips/teenage/common_voice_en_97572.opus,teenage
./data/macroset/en/clips/exceptional/common_voice_en_20141641.opus,exceptional
./data/macroset/en/clips/exceptional/common_voice_en_21257070.opus,exceptional
./data/macroset/en/clips/exceptional/common_voice_en_20934883.opus,exceptional
./data/macroset/en/clips/exceptional/common_voice_en_20261055.opus,exceptional
./data/macroset/en/clips/exceptional/common_voice_en_22121303.opus,exceptional
./data/macroset/en/clips/continually/common_voice_en_22264876.opus,continually
./data/macroset/en/clips/continually/common_voice_en_20796195.opus,continually
./data/macroset/en/clips/continually/common_voice_en_19982244.opus,continually
./data/macroset/en/clips/continually/common_voice_en_22269437.opus,continually
./data/macroset/en/clips/continually/common_voice_en_20288714.opus,continually
./data/macroset/en/clips/theory/common_voice_en_21541143.opus,theory
./data/macroset/en/clips/theory/common_voice_en_21700909.opus,theory
./data/macroset/en/clips/theory/common_voice_en_18510320.opus,theory
./data/macroset/en/clips/theory/common_voice_en_22185844.opus,theory
./data/macroset/en/clips/theory/common_voice_en_22216003.opus,theory
./data/macroset/en/clips/feelings/common_voice_en_19700619.opus,feelings
./data/macroset/en/clips/feelings/common_voice_en_22167843.opus,feelings
./data/macroset/en/clips/feelings/common_voice_en_18247186.opus,feelings
./data/macroset/en/clips/feelings/common_voice_en_56917.opus,feelings
./data/macroset/en/clips/feelings/common_voice_en_19632457.opus,feelings
./data/macroset/en/clips/outward/common_voice_en_672886.opus,outward
./data/macroset/en/clips/outward/common_voice_en_198818.opus,outward
./data/macroset/en/clips/outward/common_voice_en_85196.opus,outward
./data/macroset/en/clips/outward/common_voice_en_19441.opus,outward
./data/macroset/en/clips/outward/common_voice_en_70304.opus,outward
./data/macroset/en/clips/ramps/common_voice_en_22358698.opus,ramps
./data/macroset/en/clips/ramps/common_voice_en_18829637.opus,ramps
./data/macroset/en/clips/ramps/common_voice_en_20248945.opus,ramps
./data/macroset/en/clips/ramps/common_voice_en_21013822.opus,ramps
./data/macroset/en/clips/ramps/common_voice_en_19366721.opus,ramps
./data/macroset/en/clips/thriving/common_voice_en_20888089.opus,thriving
./data/macroset/en/clips/thriving/common_voice_en_20974104.opus,thriving
./data/macroset/en/clips/thriving/common_voice_en_20729648.opus,thriving
./data/macroset/en/clips/thriving/common_voice_en_20245341.opus,thriving
./data/macroset/en/clips/thriving/common_voice_en_22445534.opus,thriving
./data/macroset/en/clips/lending/common_voice_en_17488337.opus,lending
./data/macroset/en/clips/lending/common_voice_en_94216.opus,lending
./data/macroset/en/clips/lending/common_voice_en_19169.opus,lending
./data/macroset/en/clips/lending/common_voice_en_17562379.opus,lending
./data/macroset/en/clips/lending/common_voice_en_668995.opus,lending
./data/macroset/en/clips/polls/common_voice_en_17283282.opus,polls
./data/macroset/en/clips/polls/common_voice_en_653915.opus,polls
./data/macroset/en/clips/polls/common_voice_en_17551174.opus,polls
./data/macroset/en/clips/polls/common_voice_en_20203454.opus,polls
./data/macroset/en/clips/polls/common_voice_en_20586861.opus,polls
./data/macroset/en/clips/motel/common_voice_en_18130761.opus,motel
./data/macroset/en/clips/motel/common_voice_en_18100850.opus,motel
./data/macroset/en/clips/motel/common_voice_en_19870306.opus,motel
./data/macroset/en/clips/motel/common_voice_en_356951.opus,motel
./data/macroset/en/clips/motel/common_voice_en_79171.opus,motel
./data/macroset/en/clips/bleak/common_voice_en_17910629.opus,bleak
./data/macroset/en/clips/bleak/common_voice_en_18122372.opus,bleak
./data/macroset/en/clips/bleak/common_voice_en_18528989.opus,bleak
./data/macroset/en/clips/bleak/common_voice_en_18542937.opus,bleak
./data/macroset/en/clips/bleak/common_voice_en_529681.opus,bleak
./data/macroset/en/clips/green/common_voice_en_218372.opus,green
./data/macroset/en/clips/green/common_voice_en_20540487.opus,green
./data/macroset/en/clips/green/common_voice_en_19760426.opus,green
./data/macroset/en/clips/green/common_voice_en_22394.opus,green
./data/macroset/en/clips/green/common_voice_en_156428.opus,green
./data/macroset/en/clips/dinosaur/common_voice_en_349099.opus,dinosaur
./data/macroset/en/clips/dinosaur/common_voice_en_661089.opus,dinosaur
./data/macroset/en/clips/dinosaur/common_voice_en_564261.opus,dinosaur
./data/macroset/en/clips/dinosaur/common_voice_en_487155.opus,dinosaur
./data/macroset/en/clips/dinosaur/common_voice_en_627318.opus,dinosaur
./data/macroset/en/clips/reserves/common_voice_en_18745897.opus,reserves
./data/macroset/en/clips/reserves/common_voice_en_19581290.opus,reserves
./data/macroset/en/clips/reserves/common_voice_en_19602912.opus,reserves
./data/macroset/en/clips/reserves/common_voice_en_22329178.opus,reserves
./data/macroset/en/clips/reserves/common_voice_en_21216957.opus,reserves
./data/macroset/en/clips/panda/common_voice_en_495056.opus,panda
./data/macroset/en/clips/panda/common_voice_en_17887444.opus,panda
./data/macroset/en/clips/panda/common_voice_en_601972.opus,panda
./data/macroset/en/clips/panda/common_voice_en_20577512.opus,panda
./data/macroset/en/clips/panda/common_voice_en_17840332.opus,panda
./data/macroset/en/clips/ebb/common_voice_en_17798847.opus,ebb
./data/macroset/en/clips/ebb/common_voice_en_17936315.opus,ebb
./data/macroset/en/clips/ebb/common_voice_en_18237142.opus,ebb
./data/macroset/en/clips/ebb/common_voice_en_17808689.opus,ebb
./data/macroset/en/clips/ebb/common_voice_en_18049287.opus,ebb
./data/macroset/en/clips/spell/common_voice_en_20478388.opus,spell
./data/macroset/en/clips/spell/common_voice_en_632983.opus,spell
./data/macroset/en/clips/spell/common_voice_en_18143877.opus,spell
./data/macroset/en/clips/spell/common_voice_en_58151.opus,spell
./data/macroset/en/clips/spell/common_voice_en_21209834.opus,spell
./data/macroset/en/clips/kappa/common_voice_en_21969615.opus,kappa
./data/macroset/en/clips/kappa/common_voice_en_22137058.opus,kappa
./data/macroset/en/clips/kappa/common_voice_en_18890632.opus,kappa
./data/macroset/en/clips/kappa/common_voice_en_20434174.opus,kappa
./data/macroset/en/clips/kappa/common_voice_en_18780017.opus,kappa
./data/macroset/en/clips/foremost/common_voice_en_21753936.opus,foremost
./data/macroset/en/clips/foremost/common_voice_en_22102001.opus,foremost
./data/macroset/en/clips/foremost/common_voice_en_18331781.opus,foremost
./data/macroset/en/clips/foremost/common_voice_en_21624398.opus,foremost
./data/macroset/en/clips/foremost/common_voice_en_19002219.opus,foremost
./data/macroset/en/clips/turned/common_voice_en_21713202.opus,turned
./data/macroset/en/clips/turned/common_voice_en_59445.opus,turned
./data/macroset/en/clips/turned/common_voice_en_18568327.opus,turned
./data/macroset/en/clips/turned/common_voice_en_193181.opus,turned
./data/macroset/en/clips/turned/common_voice_en_18598662.opus,turned
./data/macroset/en/clips/tribes/common_voice_en_534976.opus,tribes
./data/macroset/en/clips/tribes/common_voice_en_20919249.opus,tribes
./data/macroset/en/clips/tribes/common_voice_en_565102.opus,tribes
./data/macroset/en/clips/tribes/common_voice_en_677345.opus,tribes
./data/macroset/en/clips/tribes/common_voice_en_491605.opus,tribes
./data/macroset/en/clips/roots/common_voice_en_18856450.opus,roots
./data/macroset/en/clips/roots/common_voice_en_19184982.opus,roots
./data/macroset/en/clips/roots/common_voice_en_22468698.opus,roots
./data/macroset/en/clips/roots/common_voice_en_20068805.opus,roots
./data/macroset/en/clips/roots/common_voice_en_22295767.opus,roots
./data/macroset/en/clips/confirmed/common_voice_en_20235947.opus,confirmed
./data/macroset/en/clips/confirmed/common_voice_en_22133405.opus,confirmed
./data/macroset/en/clips/confirmed/common_voice_en_20670850.opus,confirmed
./data/macroset/en/clips/confirmed/common_voice_en_20159869.opus,confirmed
./data/macroset/en/clips/confirmed/common_voice_en_22095812.opus,confirmed
./data/macroset/en/clips/bursting/common_voice_en_18596149.opus,bursting
./data/macroset/en/clips/bursting/common_voice_en_49827.opus,bursting
./data/macroset/en/clips/bursting/common_voice_en_619716.opus,bursting
./data/macroset/en/clips/bursting/common_voice_en_484109.opus,bursting
./data/macroset/en/clips/bursting/common_voice_en_610630.opus,bursting
./data/macroset/en/clips/jose/common_voice_en_19600096.opus,jose
./data/macroset/en/clips/jose/common_voice_en_22018775.opus,jose
./data/macroset/en/clips/jose/common_voice_en_18931691.opus,jose
./data/macroset/en/clips/jose/common_voice_en_22303407.opus,jose
./data/macroset/en/clips/jose/common_voice_en_21056253.opus,jose
./data/macroset/en/clips/freed/common_voice_en_18506202.opus,freed
./data/macroset/en/clips/freed/common_voice_en_20549367.opus,freed
./data/macroset/en/clips/freed/common_voice_en_20178704.opus,freed
./data/macroset/en/clips/freed/common_voice_en_18773503.opus,freed
./data/macroset/en/clips/freed/common_voice_en_19823741.opus,freed
./data/macroset/en/clips/caravans/common_voice_en_635846.opus,caravans
./data/macroset/en/clips/caravans/common_voice_en_160969.opus,caravans
./data/macroset/en/clips/caravans/common_voice_en_19311700.opus,caravans
./data/macroset/en/clips/caravans/common_voice_en_154015.opus,caravans
./data/macroset/en/clips/caravans/common_voice_en_648659.opus,caravans
./data/macroset/en/clips/scare/common_voice_en_17957430.opus,scare
./data/macroset/en/clips/scare/common_voice_en_18129419.opus,scare
./data/macroset/en/clips/scare/common_voice_en_436931.opus,scare
./data/macroset/en/clips/scare/common_voice_en_426193.opus,scare
./data/macroset/en/clips/scare/common_voice_en_19520617.opus,scare
./data/macroset/en/clips/adding/common_voice_en_19875311.opus,adding
./data/macroset/en/clips/adding/common_voice_en_19315787.opus,adding
./data/macroset/en/clips/adding/common_voice_en_632716.opus,adding
./data/macroset/en/clips/adding/common_voice_en_19786471.opus,adding
./data/macroset/en/clips/adding/common_voice_en_487982.opus,adding
./data/macroset/en/clips/ought/common_voice_en_612118.opus,ought
./data/macroset/en/clips/ought/common_voice_en_583396.opus,ought
./data/macroset/en/clips/ought/common_voice_en_613386.opus,ought
./data/macroset/en/clips/ought/common_voice_en_20018314.opus,ought
./data/macroset/en/clips/ought/common_voice_en_515849.opus,ought
./data/macroset/en/clips/gold/common_voice_en_18985463.opus,gold
./data/macroset/en/clips/gold/common_voice_en_66360.opus,gold
./data/macroset/en/clips/gold/common_voice_en_617402.opus,gold
./data/macroset/en/clips/gold/common_voice_en_155597.opus,gold
./data/macroset/en/clips/gold/common_voice_en_564382.opus,gold
./data/macroset/en/clips/claim/common_voice_en_20347961.opus,claim
./data/macroset/en/clips/claim/common_voice_en_19010936.opus,claim
./data/macroset/en/clips/claim/common_voice_en_19619105.opus,claim
./data/macroset/en/clips/claim/common_voice_en_19567166.opus,claim
./data/macroset/en/clips/claim/common_voice_en_21980875.opus,claim
./data/macroset/en/clips/positioning/common_voice_en_656670.opus,positioning
./data/macroset/en/clips/positioning/common_voice_en_20183027.opus,positioning
./data/macroset/en/clips/positioning/common_voice_en_18982776.opus,positioning
./data/macroset/en/clips/positioning/common_voice_en_647813.opus,positioning
./data/macroset/en/clips/positioning/common_voice_en_23787.opus,positioning
./data/macroset/en/clips/woke/common_voice_en_614995.opus,woke
./data/macroset/en/clips/woke/common_voice_en_18124926.opus,woke
./data/macroset/en/clips/woke/common_voice_en_18095020.opus,woke
./data/macroset/en/clips/woke/common_voice_en_17398202.opus,woke
./data/macroset/en/clips/woke/common_voice_en_481965.opus,woke
./data/macroset/en/clips/dangerous/common_voice_en_9725.opus,dangerous
./data/macroset/en/clips/dangerous/common_voice_en_696199.opus,dangerous
./data/macroset/en/clips/dangerous/common_voice_en_22298577.opus,dangerous
./data/macroset/en/clips/dangerous/common_voice_en_24981.opus,dangerous
./data/macroset/en/clips/dangerous/common_voice_en_18747180.opus,dangerous
./data/macroset/en/clips/secrets/common_voice_en_523860.opus,secrets
./data/macroset/en/clips/secrets/common_voice_en_668145.opus,secrets
./data/macroset/en/clips/secrets/common_voice_en_692759.opus,secrets
./data/macroset/en/clips/secrets/common_voice_en_625865.opus,secrets
./data/macroset/en/clips/secrets/common_voice_en_18679050__2.opus,secrets
./data/macroset/en/clips/object/common_voice_en_19637730.opus,object
./data/macroset/en/clips/object/common_voice_en_20330368.opus,object
./data/macroset/en/clips/object/common_voice_en_21345865.opus,object
./data/macroset/en/clips/object/common_voice_en_565632.opus,object
./data/macroset/en/clips/object/common_voice_en_21185568.opus,object
./data/macroset/en/clips/driven/common_voice_en_22146037.opus,driven
./data/macroset/en/clips/driven/common_voice_en_20724207.opus,driven
./data/macroset/en/clips/driven/common_voice_en_20309401.opus,driven
./data/macroset/en/clips/driven/common_voice_en_20663259.opus,driven
./data/macroset/en/clips/driven/common_voice_en_21394244.opus,driven
./data/macroset/en/clips/compact/common_voice_en_19537018.opus,compact
./data/macroset/en/clips/compact/common_voice_en_19741716.opus,compact
./data/macroset/en/clips/compact/common_voice_en_20298561.opus,compact
./data/macroset/en/clips/compact/common_voice_en_19152308.opus,compact
./data/macroset/en/clips/compact/common_voice_en_21114683.opus,compact
./data/macroset/en/clips/quite/common_voice_en_18414230__2.opus,quite
./data/macroset/en/clips/quite/common_voice_en_19639008.opus,quite
./data/macroset/en/clips/quite/common_voice_en_477904.opus,quite
./data/macroset/en/clips/quite/common_voice_en_521336.opus,quite
./data/macroset/en/clips/quite/common_voice_en_108083.opus,quite
./data/macroset/en/clips/controversial/common_voice_en_22322163.opus,controversial
./data/macroset/en/clips/controversial/common_voice_en_21090449.opus,controversial
./data/macroset/en/clips/controversial/common_voice_en_21329574.opus,controversial
./data/macroset/en/clips/controversial/common_voice_en_19726318.opus,controversial
./data/macroset/en/clips/controversial/common_voice_en_19402052.opus,controversial
./data/macroset/en/clips/brian/common_voice_en_629413.opus,brian
./data/macroset/en/clips/brian/common_voice_en_19345585.opus,brian
./data/macroset/en/clips/brian/common_voice_en_18846686.opus,brian
./data/macroset/en/clips/brian/common_voice_en_20526998__2.opus,brian
./data/macroset/en/clips/brian/common_voice_en_19289533.opus,brian
./data/macroset/en/clips/employ/common_voice_en_18880140.opus,employ
./data/macroset/en/clips/employ/common_voice_en_18673723.opus,employ
./data/macroset/en/clips/employ/common_voice_en_22287202.opus,employ
./data/macroset/en/clips/employ/common_voice_en_20183797.opus,employ
./data/macroset/en/clips/employ/common_voice_en_18835202.opus,employ
./data/macroset/en/clips/battery/common_voice_en_22164105.opus,battery
./data/macroset/en/clips/battery/common_voice_en_20129027.opus,battery
./data/macroset/en/clips/battery/common_voice_en_19081510.opus,battery
./data/macroset/en/clips/battery/common_voice_en_19984127.opus,battery
./data/macroset/en/clips/battery/common_voice_en_20754564.opus,battery
./data/macroset/en/clips/tightening/common_voice_en_91875.opus,tightening
./data/macroset/en/clips/tightening/common_voice_en_17263844.opus,tightening
./data/macroset/en/clips/tightening/common_voice_en_17263341.opus,tightening
./data/macroset/en/clips/tightening/common_voice_en_8946350.opus,tightening
./data/macroset/en/clips/tightening/common_voice_en_17262090.opus,tightening
./data/macroset/en/clips/whenever/common_voice_en_71486.opus,whenever
./data/macroset/en/clips/whenever/common_voice_en_666660.opus,whenever
./data/macroset/en/clips/whenever/common_voice_en_20562679.opus,whenever
./data/macroset/en/clips/whenever/common_voice_en_19510858.opus,whenever
./data/macroset/en/clips/whenever/common_voice_en_504248.opus,whenever
./data/macroset/en/clips/harrow/common_voice_en_22361411.opus,harrow
./data/macroset/en/clips/harrow/common_voice_en_20776973.opus,harrow
./data/macroset/en/clips/harrow/common_voice_en_21990157.opus,harrow
./data/macroset/en/clips/harrow/common_voice_en_19570865.opus,harrow
./data/macroset/en/clips/harrow/common_voice_en_18725835.opus,harrow
./data/macroset/en/clips/chapters/common_voice_en_20367257.opus,chapters
./data/macroset/en/clips/chapters/common_voice_en_19577370.opus,chapters
./data/macroset/en/clips/chapters/common_voice_en_19389169.opus,chapters
./data/macroset/en/clips/chapters/common_voice_en_18453255.opus,chapters
./data/macroset/en/clips/chapters/common_voice_en_22029673.opus,chapters
./data/macroset/en/clips/uterine/common_voice_en_17887686.opus,uterine
./data/macroset/en/clips/uterine/common_voice_en_7851209.opus,uterine
./data/macroset/en/clips/uterine/common_voice_en_17961310.opus,uterine
./data/macroset/en/clips/uterine/common_voice_en_19775535.opus,uterine
./data/macroset/en/clips/uterine/common_voice_en_17860910.opus,uterine
./data/macroset/en/clips/drifted/common_voice_en_596578.opus,drifted
./data/macroset/en/clips/drifted/common_voice_en_556124.opus,drifted
./data/macroset/en/clips/drifted/common_voice_en_532840.opus,drifted
./data/macroset/en/clips/drifted/common_voice_en_541404.opus,drifted
./data/macroset/en/clips/drifted/common_voice_en_634732.opus,drifted
./data/macroset/en/clips/construction/common_voice_en_20712833.opus,construction
./data/macroset/en/clips/construction/common_voice_en_20750398.opus,construction
./data/macroset/en/clips/construction/common_voice_en_538740.opus,construction
./data/macroset/en/clips/construction/common_voice_en_18796864.opus,construction
./data/macroset/en/clips/construction/common_voice_en_19755028.opus,construction
./data/macroset/en/clips/learned/common_voice_en_498757.opus,learned
./data/macroset/en/clips/learned/common_voice_en_43890.opus,learned
./data/macroset/en/clips/learned/common_voice_en_579548.opus,learned
./data/macroset/en/clips/learned/common_voice_en_634294.opus,learned
./data/macroset/en/clips/learned/common_voice_en_68345.opus,learned
./data/macroset/en/clips/daunting/common_voice_en_517897.opus,daunting
./data/macroset/en/clips/daunting/common_voice_en_19159227.opus,daunting
./data/macroset/en/clips/daunting/common_voice_en_157616.opus,daunting
./data/macroset/en/clips/daunting/common_voice_en_554213.opus,daunting
./data/macroset/en/clips/daunting/common_voice_en_95862.opus,daunting
./data/macroset/en/clips/warsaw/common_voice_en_20696633.opus,warsaw
./data/macroset/en/clips/warsaw/common_voice_en_20415857.opus,warsaw
./data/macroset/en/clips/warsaw/common_voice_en_19654075.opus,warsaw
./data/macroset/en/clips/warsaw/common_voice_en_20778824.opus,warsaw
./data/macroset/en/clips/warsaw/common_voice_en_21025089.opus,warsaw
./data/macroset/en/clips/smoke/common_voice_en_180329.opus,smoke
./data/macroset/en/clips/smoke/common_voice_en_189.opus,smoke
./data/macroset/en/clips/smoke/common_voice_en_54050.opus,smoke
./data/macroset/en/clips/smoke/common_voice_en_479845.opus,smoke
./data/macroset/en/clips/smoke/common_voice_en_645220.opus,smoke
./data/macroset/en/clips/liberation/common_voice_en_20016392.opus,liberation
./data/macroset/en/clips/liberation/common_voice_en_22127460.opus,liberation
./data/macroset/en/clips/liberation/common_voice_en_21815468.opus,liberation
./data/macroset/en/clips/liberation/common_voice_en_19449076.opus,liberation
./data/macroset/en/clips/liberation/common_voice_en_20001421.opus,liberation
./data/macroset/en/clips/arch/common_voice_en_19852700.opus,arch
./data/macroset/en/clips/arch/common_voice_en_571024.opus,arch
./data/macroset/en/clips/arch/common_voice_en_21349968.opus,arch
./data/macroset/en/clips/arch/common_voice_en_664071.opus,arch
./data/macroset/en/clips/arch/common_voice_en_20322658.opus,arch
./data/macroset/en/clips/persuasion/common_voice_en_18459732.opus,persuasion
./data/macroset/en/clips/persuasion/common_voice_en_17484510.opus,persuasion
./data/macroset/en/clips/persuasion/common_voice_en_18561652.opus,persuasion
./data/macroset/en/clips/persuasion/common_voice_en_18482703.opus,persuasion
./data/macroset/en/clips/persuasion/common_voice_en_18093987.opus,persuasion
./data/macroset/en/clips/insulin/common_voice_en_585433.opus,insulin
./data/macroset/en/clips/insulin/common_voice_en_19474954.opus,insulin
./data/macroset/en/clips/insulin/common_voice_en_692278.opus,insulin
./data/macroset/en/clips/insulin/common_voice_en_19475397.opus,insulin
./data/macroset/en/clips/insulin/common_voice_en_606647.opus,insulin
./data/macroset/en/clips/mashed/common_voice_en_18417594__2.opus,mashed
./data/macroset/en/clips/mashed/common_voice_en_514666.opus,mashed
./data/macroset/en/clips/mashed/common_voice_en_19089323.opus,mashed
./data/macroset/en/clips/mashed/common_voice_en_18410983__2.opus,mashed
./data/macroset/en/clips/mashed/common_voice_en_32273.opus,mashed
./data/macroset/en/clips/protecting/common_voice_en_19966808.opus,protecting
./data/macroset/en/clips/protecting/common_voice_en_19699073.opus,protecting
./data/macroset/en/clips/protecting/common_voice_en_20755276.opus,protecting
./data/macroset/en/clips/protecting/common_voice_en_19655186.opus,protecting
./data/macroset/en/clips/protecting/common_voice_en_19570633.opus,protecting
./data/macroset/en/clips/probability/common_voice_en_21991221.opus,probability
./data/macroset/en/clips/probability/common_voice_en_19893060.opus,probability
./data/macroset/en/clips/probability/common_voice_en_19950838.opus,probability
./data/macroset/en/clips/probability/common_voice_en_20590456.opus,probability
./data/macroset/en/clips/probability/common_voice_en_19704357.opus,probability
./data/macroset/en/clips/caesar/common_voice_en_22052766.opus,caesar
./data/macroset/en/clips/caesar/common_voice_en_22151207.opus,caesar
./data/macroset/en/clips/caesar/common_voice_en_20448029.opus,caesar
./data/macroset/en/clips/caesar/common_voice_en_22253407.opus,caesar
./data/macroset/en/clips/caesar/common_voice_en_19356813.opus,caesar
./data/macroset/en/clips/minister/common_voice_en_20220318.opus,minister
./data/macroset/en/clips/minister/common_voice_en_19630907.opus,minister
./data/macroset/en/clips/minister/common_voice_en_19815492.opus,minister
./data/macroset/en/clips/minister/common_voice_en_19948665.opus,minister
./data/macroset/en/clips/minister/common_voice_en_21877838.opus,minister
./data/macroset/en/clips/swayed/common_voice_en_196315.opus,swayed
./data/macroset/en/clips/swayed/common_voice_en_70737.opus,swayed
./data/macroset/en/clips/swayed/common_voice_en_5486852.opus,swayed
./data/macroset/en/clips/swayed/common_voice_en_592262.opus,swayed
./data/macroset/en/clips/swayed/common_voice_en_79245.opus,swayed
./data/macroset/en/clips/qualities/common_voice_en_21892433.opus,qualities
./data/macroset/en/clips/qualities/common_voice_en_21817767.opus,qualities
./data/macroset/en/clips/qualities/common_voice_en_18681034.opus,qualities
./data/macroset/en/clips/qualities/common_voice_en_21615500.opus,qualities
./data/macroset/en/clips/qualities/common_voice_en_19344232.opus,qualities
./data/macroset/en/clips/thirteenth/common_voice_en_491279.opus,thirteenth
./data/macroset/en/clips/thirteenth/common_voice_en_483856.opus,thirteenth
./data/macroset/en/clips/thirteenth/common_voice_en_699661.opus,thirteenth
./data/macroset/en/clips/thirteenth/common_voice_en_571142.opus,thirteenth
./data/macroset/en/clips/thirteenth/common_voice_en_94079.opus,thirteenth
./data/macroset/en/clips/olympic/common_voice_en_19514982.opus,olympic
./data/macroset/en/clips/olympic/common_voice_en_21500443.opus,olympic
./data/macroset/en/clips/olympic/common_voice_en_18696469.opus,olympic
./data/macroset/en/clips/olympic/common_voice_en_20834227.opus,olympic
./data/macroset/en/clips/olympic/common_voice_en_19953845.opus,olympic
./data/macroset/en/clips/gluten/common_voice_en_18513297.opus,gluten
./data/macroset/en/clips/gluten/common_voice_en_22467062.opus,gluten
./data/macroset/en/clips/gluten/common_voice_en_22193186.opus,gluten
./data/macroset/en/clips/gluten/common_voice_en_21604584.opus,gluten
./data/macroset/en/clips/gluten/common_voice_en_18491909.opus,gluten
./data/macroset/en/clips/whispering/common_voice_en_521550.opus,whispering
./data/macroset/en/clips/whispering/common_voice_en_17255328.opus,whispering
./data/macroset/en/clips/whispering/common_voice_en_22011169.opus,whispering
./data/macroset/en/clips/whispering/common_voice_en_17839799.opus,whispering
./data/macroset/en/clips/whispering/common_voice_en_18066522.opus,whispering
./data/macroset/en/clips/rows/common_voice_en_17260923.opus,rows
./data/macroset/en/clips/rows/common_voice_en_17877205.opus,rows
./data/macroset/en/clips/rows/common_voice_en_17561856.opus,rows
./data/macroset/en/clips/rows/common_voice_en_499581.opus,rows
./data/macroset/en/clips/rows/common_voice_en_559103.opus,rows
./data/macroset/en/clips/fought/common_voice_en_19323387.opus,fought
./data/macroset/en/clips/fought/common_voice_en_632767.opus,fought
./data/macroset/en/clips/fought/common_voice_en_28815.opus,fought
./data/macroset/en/clips/fought/common_voice_en_19506082.opus,fought
./data/macroset/en/clips/fought/common_voice_en_21367104.opus,fought
./data/macroset/en/clips/voters/common_voice_en_19845041.opus,voters
./data/macroset/en/clips/voters/common_voice_en_22452827.opus,voters
./data/macroset/en/clips/voters/common_voice_en_19358678.opus,voters
./data/macroset/en/clips/voters/common_voice_en_19817219.opus,voters
./data/macroset/en/clips/voters/common_voice_en_18901916.opus,voters
./data/macroset/en/clips/hermann/common_voice_en_20001780.opus,hermann
./data/macroset/en/clips/hermann/common_voice_en_21797328.opus,hermann
./data/macroset/en/clips/hermann/common_voice_en_19055315.opus,hermann
./data/macroset/en/clips/hermann/common_voice_en_20235958.opus,hermann
./data/macroset/en/clips/hermann/common_voice_en_19200921.opus,hermann
./data/macroset/en/clips/badminton/common_voice_en_18159571.opus,badminton
./data/macroset/en/clips/badminton/common_voice_en_19742109.opus,badminton
./data/macroset/en/clips/badminton/common_voice_en_17811925.opus,badminton
./data/macroset/en/clips/badminton/common_voice_en_17534773.opus,badminton
./data/macroset/en/clips/badminton/common_voice_en_572710.opus,badminton
./data/macroset/en/clips/timber/common_voice_en_18981768.opus,timber
./data/macroset/en/clips/timber/common_voice_en_19909234.opus,timber
./data/macroset/en/clips/timber/common_voice_en_20536686.opus,timber
./data/macroset/en/clips/timber/common_voice_en_20992376.opus,timber
./data/macroset/en/clips/timber/common_voice_en_19079415.opus,timber
./data/macroset/en/clips/frederick/common_voice_en_21936348.opus,frederick
./data/macroset/en/clips/frederick/common_voice_en_21275227.opus,frederick
./data/macroset/en/clips/frederick/common_voice_en_19623433.opus,frederick
./data/macroset/en/clips/frederick/common_voice_en_20534118.opus,frederick
./data/macroset/en/clips/frederick/common_voice_en_19823681.opus,frederick
./data/macroset/en/clips/method/common_voice_en_20840874.opus,method
./data/macroset/en/clips/method/common_voice_en_22035104.opus,method
./data/macroset/en/clips/method/common_voice_en_87138.opus,method
./data/macroset/en/clips/method/common_voice_en_50903.opus,method
./data/macroset/en/clips/method/common_voice_en_19700742.opus,method
./data/macroset/en/clips/namely/common_voice_en_19665523.opus,namely
./data/macroset/en/clips/namely/common_voice_en_21341555.opus,namely
./data/macroset/en/clips/namely/common_voice_en_21351905.opus,namely
./data/macroset/en/clips/namely/common_voice_en_20219986.opus,namely
./data/macroset/en/clips/namely/common_voice_en_20532937.opus,namely
./data/macroset/en/clips/morphine/common_voice_en_18011916.opus,morphine
./data/macroset/en/clips/morphine/common_voice_en_17725325.opus,morphine
./data/macroset/en/clips/morphine/common_voice_en_17525531.opus,morphine
./data/macroset/en/clips/morphine/common_voice_en_2202909.opus,morphine
./data/macroset/en/clips/morphine/common_voice_en_19071311.opus,morphine
./data/macroset/en/clips/success/common_voice_en_21943381.opus,success
./data/macroset/en/clips/success/common_voice_en_20370880.opus,success
./data/macroset/en/clips/success/common_voice_en_20536835.opus,success
./data/macroset/en/clips/success/common_voice_en_644660.opus,success
./data/macroset/en/clips/success/common_voice_en_22151690.opus,success
./data/macroset/en/clips/seasonal/common_voice_en_22127773.opus,seasonal
./data/macroset/en/clips/seasonal/common_voice_en_20505696.opus,seasonal
./data/macroset/en/clips/seasonal/common_voice_en_20841799.opus,seasonal
./data/macroset/en/clips/seasonal/common_voice_en_22350547.opus,seasonal
./data/macroset/en/clips/seasonal/common_voice_en_20160347.opus,seasonal
./data/macroset/en/clips/pavilion/common_voice_en_22466993.opus,pavilion
./data/macroset/en/clips/pavilion/common_voice_en_635705.opus,pavilion
./data/macroset/en/clips/pavilion/common_voice_en_19168733.opus,pavilion
./data/macroset/en/clips/pavilion/common_voice_en_21159969.opus,pavilion
./data/macroset/en/clips/pavilion/common_voice_en_21966205.opus,pavilion
./data/macroset/en/clips/laura/common_voice_en_645839.opus,laura
./data/macroset/en/clips/laura/common_voice_en_652066.opus,laura
./data/macroset/en/clips/laura/common_voice_en_213632.opus,laura
./data/macroset/en/clips/laura/common_voice_en_19149619.opus,laura
./data/macroset/en/clips/laura/common_voice_en_20402944.opus,laura
./data/macroset/en/clips/trap/common_voice_en_46471.opus,trap
./data/macroset/en/clips/trap/common_voice_en_20364057.opus,trap
./data/macroset/en/clips/trap/common_voice_en_674332.opus,trap
./data/macroset/en/clips/trap/common_voice_en_20314270.opus,trap
./data/macroset/en/clips/trap/common_voice_en_20268059.opus,trap
./data/macroset/en/clips/stephen/common_voice_en_22075569.opus,stephen
./data/macroset/en/clips/stephen/common_voice_en_20457226.opus,stephen
./data/macroset/en/clips/stephen/common_voice_en_21372701.opus,stephen
./data/macroset/en/clips/stephen/common_voice_en_652155.opus,stephen
./data/macroset/en/clips/stephen/common_voice_en_18865487.opus,stephen
./data/macroset/en/clips/corpus/common_voice_en_19886673.opus,corpus
./data/macroset/en/clips/corpus/common_voice_en_19759276.opus,corpus
./data/macroset/en/clips/corpus/common_voice_en_19960426.opus,corpus
./data/macroset/en/clips/corpus/common_voice_en_19766465.opus,corpus
./data/macroset/en/clips/corpus/common_voice_en_18718750.opus,corpus
./data/macroset/en/clips/intensive/common_voice_en_21818427.opus,intensive
./data/macroset/en/clips/intensive/common_voice_en_580904.opus,intensive
./data/macroset/en/clips/intensive/common_voice_en_191578.opus,intensive
./data/macroset/en/clips/intensive/common_voice_en_18954975.opus,intensive
./data/macroset/en/clips/intensive/common_voice_en_19747414.opus,intensive
./data/macroset/en/clips/aloft/common_voice_en_17673918.opus,aloft
./data/macroset/en/clips/aloft/common_voice_en_17965884.opus,aloft
./data/macroset/en/clips/aloft/common_voice_en_9850394.opus,aloft
./data/macroset/en/clips/aloft/common_voice_en_562203.opus,aloft
./data/macroset/en/clips/aloft/common_voice_en_17441535.opus,aloft
./data/macroset/en/clips/lodge/common_voice_en_21929971.opus,lodge
./data/macroset/en/clips/lodge/common_voice_en_22298386.opus,lodge
./data/macroset/en/clips/lodge/common_voice_en_21213580.opus,lodge
./data/macroset/en/clips/lodge/common_voice_en_20908040.opus,lodge
./data/macroset/en/clips/lodge/common_voice_en_22035295.opus,lodge
./data/macroset/en/clips/drifts/common_voice_en_17875973.opus,drifts
./data/macroset/en/clips/drifts/common_voice_en_17902181.opus,drifts
./data/macroset/en/clips/drifts/common_voice_en_247016.opus,drifts
./data/macroset/en/clips/drifts/common_voice_en_18161500.opus,drifts
./data/macroset/en/clips/drifts/common_voice_en_17276768.opus,drifts
./data/macroset/en/clips/charm/common_voice_en_699679.opus,charm
./data/macroset/en/clips/charm/common_voice_en_18939063.opus,charm
./data/macroset/en/clips/charm/common_voice_en_89586.opus,charm
./data/macroset/en/clips/charm/common_voice_en_20715976.opus,charm
./data/macroset/en/clips/charm/common_voice_en_17926445.opus,charm
./data/macroset/en/clips/row/common_voice_en_78368.opus,row
./data/macroset/en/clips/row/common_voice_en_33576.opus,row
./data/macroset/en/clips/row/common_voice_en_18516776.opus,row
./data/macroset/en/clips/row/common_voice_en_18303370.opus,row
./data/macroset/en/clips/row/common_voice_en_19520191.opus,row
./data/macroset/en/clips/removal/common_voice_en_18897973.opus,removal
./data/macroset/en/clips/removal/common_voice_en_20050135.opus,removal
./data/macroset/en/clips/removal/common_voice_en_19140305.opus,removal
./data/macroset/en/clips/removal/common_voice_en_20274396.opus,removal
./data/macroset/en/clips/removal/common_voice_en_19647291.opus,removal
./data/macroset/en/clips/invested/common_voice_en_20272880.opus,invested
./data/macroset/en/clips/invested/common_voice_en_20919142.opus,invested
./data/macroset/en/clips/invested/common_voice_en_20583268.opus,invested
./data/macroset/en/clips/invested/common_voice_en_19285034.opus,invested
./data/macroset/en/clips/invested/common_voice_en_20545041.opus,invested
./data/macroset/en/clips/rulers/common_voice_en_20442096.opus,rulers
./data/macroset/en/clips/rulers/common_voice_en_20696564.opus,rulers
./data/macroset/en/clips/rulers/common_voice_en_20021982.opus,rulers
./data/macroset/en/clips/rulers/common_voice_en_675385.opus,rulers
./data/macroset/en/clips/rulers/common_voice_en_20802180.opus,rulers
./data/macroset/en/clips/dalton/common_voice_en_20922418.opus,dalton
./data/macroset/en/clips/dalton/common_voice_en_20043673.opus,dalton
./data/macroset/en/clips/dalton/common_voice_en_22149367.opus,dalton
./data/macroset/en/clips/dalton/common_voice_en_21292832.opus,dalton
./data/macroset/en/clips/dalton/common_voice_en_20276307.opus,dalton
./data/macroset/en/clips/blade/common_voice_en_20767586.opus,blade
./data/macroset/en/clips/blade/common_voice_en_19571517.opus,blade
./data/macroset/en/clips/blade/common_voice_en_565640.opus,blade
./data/macroset/en/clips/blade/common_voice_en_20343148.opus,blade
./data/macroset/en/clips/blade/common_voice_en_21137067.opus,blade
./data/macroset/en/clips/lamps/common_voice_en_17863896.opus,lamps
./data/macroset/en/clips/lamps/common_voice_en_22312714.opus,lamps
./data/macroset/en/clips/lamps/common_voice_en_17940441.opus,lamps
./data/macroset/en/clips/lamps/common_voice_en_19102406.opus,lamps
./data/macroset/en/clips/lamps/common_voice_en_17400337.opus,lamps
./data/macroset/en/clips/valley/common_voice_en_19845476.opus,valley
./data/macroset/en/clips/valley/common_voice_en_22168533.opus,valley
./data/macroset/en/clips/valley/common_voice_en_20235786.opus,valley
./data/macroset/en/clips/valley/common_voice_en_625537.opus,valley
./data/macroset/en/clips/valley/common_voice_en_19471458.opus,valley
./data/macroset/en/clips/reacted/common_voice_en_21844280.opus,reacted
./data/macroset/en/clips/reacted/common_voice_en_206906.opus,reacted
./data/macroset/en/clips/reacted/common_voice_en_17428708.opus,reacted
./data/macroset/en/clips/reacted/common_voice_en_15294.opus,reacted
./data/macroset/en/clips/reacted/common_voice_en_39218.opus,reacted
./data/macroset/en/clips/marilyn/common_voice_en_18128556.opus,marilyn
./data/macroset/en/clips/marilyn/common_voice_en_19869677.opus,marilyn
./data/macroset/en/clips/marilyn/common_voice_en_19708360.opus,marilyn
./data/macroset/en/clips/marilyn/common_voice_en_21771088.opus,marilyn
./data/macroset/en/clips/marilyn/common_voice_en_17702998.opus,marilyn
./data/macroset/en/clips/lanterns/common_voice_en_21663728.opus,lanterns
./data/macroset/en/clips/lanterns/common_voice_en_17851509.opus,lanterns
./data/macroset/en/clips/lanterns/common_voice_en_18967289.opus,lanterns
./data/macroset/en/clips/lanterns/common_voice_en_692515.opus,lanterns
./data/macroset/en/clips/lanterns/common_voice_en_17822599.opus,lanterns
./data/macroset/en/clips/definitions/common_voice_en_20660689.opus,definitions
./data/macroset/en/clips/definitions/common_voice_en_20417090.opus,definitions
./data/macroset/en/clips/definitions/common_voice_en_18872700.opus,definitions
./data/macroset/en/clips/definitions/common_voice_en_19490861.opus,definitions
./data/macroset/en/clips/definitions/common_voice_en_21020426.opus,definitions
./data/macroset/en/clips/satan/common_voice_en_609531.opus,satan
./data/macroset/en/clips/satan/common_voice_en_18033967.opus,satan
./data/macroset/en/clips/satan/common_voice_en_19887875.opus,satan
./data/macroset/en/clips/satan/common_voice_en_631384.opus,satan
./data/macroset/en/clips/satan/common_voice_en_17428707.opus,satan
./data/macroset/en/clips/soviet/common_voice_en_19468442.opus,soviet
./data/macroset/en/clips/soviet/common_voice_en_19231856.opus,soviet
./data/macroset/en/clips/soviet/common_voice_en_21706297.opus,soviet
./data/macroset/en/clips/soviet/common_voice_en_19675425.opus,soviet
./data/macroset/en/clips/soviet/common_voice_en_21766409.opus,soviet
./data/macroset/en/clips/enemies/common_voice_en_215646.opus,enemies
./data/macroset/en/clips/enemies/common_voice_en_20323538.opus,enemies
./data/macroset/en/clips/enemies/common_voice_en_502129.opus,enemies
./data/macroset/en/clips/enemies/common_voice_en_21677911.opus,enemies
./data/macroset/en/clips/enemies/common_voice_en_490401.opus,enemies
./data/macroset/en/clips/rat/common_voice_en_21345720.opus,rat
./data/macroset/en/clips/rat/common_voice_en_497823.opus,rat
./data/macroset/en/clips/rat/common_voice_en_19131674.opus,rat
./data/macroset/en/clips/rat/common_voice_en_551157.opus,rat
./data/macroset/en/clips/rat/common_voice_en_21771891.opus,rat
./data/macroset/en/clips/arriving/common_voice_en_640478.opus,arriving
./data/macroset/en/clips/arriving/common_voice_en_685897.opus,arriving
./data/macroset/en/clips/arriving/common_voice_en_197459.opus,arriving
./data/macroset/en/clips/arriving/common_voice_en_19363076.opus,arriving
./data/macroset/en/clips/arriving/common_voice_en_20100540.opus,arriving
./data/macroset/en/clips/lima/common_voice_en_19149286.opus,lima
./data/macroset/en/clips/lima/common_voice_en_20989986.opus,lima
./data/macroset/en/clips/lima/common_voice_en_21773773.opus,lima
./data/macroset/en/clips/lima/common_voice_en_19597686__2.opus,lima
./data/macroset/en/clips/lima/common_voice_en_694517.opus,lima
./data/macroset/en/clips/colony/common_voice_en_21868283.opus,colony
./data/macroset/en/clips/colony/common_voice_en_86975.opus,colony
./data/macroset/en/clips/colony/common_voice_en_42892.opus,colony
./data/macroset/en/clips/colony/common_voice_en_21740945.opus,colony
./data/macroset/en/clips/colony/common_voice_en_19725284.opus,colony
./data/macroset/en/clips/obligation/common_voice_en_678514.opus,obligation
./data/macroset/en/clips/obligation/common_voice_en_581621.opus,obligation
./data/macroset/en/clips/obligation/common_voice_en_146212.opus,obligation
./data/macroset/en/clips/obligation/common_voice_en_536472.opus,obligation
./data/macroset/en/clips/obligation/common_voice_en_87422.opus,obligation
./data/macroset/en/clips/logic/common_voice_en_22090646.opus,logic
./data/macroset/en/clips/logic/common_voice_en_19381536.opus,logic
./data/macroset/en/clips/logic/common_voice_en_22052244.opus,logic
./data/macroset/en/clips/logic/common_voice_en_20268027.opus,logic
./data/macroset/en/clips/logic/common_voice_en_6923140.opus,logic
./data/macroset/en/clips/transfer/common_voice_en_19180705.opus,transfer
./data/macroset/en/clips/transfer/common_voice_en_19172794.opus,transfer
./data/macroset/en/clips/transfer/common_voice_en_19497522.opus,transfer
./data/macroset/en/clips/transfer/common_voice_en_22143453.opus,transfer
./data/macroset/en/clips/transfer/common_voice_en_18985550.opus,transfer
./data/macroset/en/clips/bones/common_voice_en_50091.opus,bones
./data/macroset/en/clips/bones/common_voice_en_18993518.opus,bones
./data/macroset/en/clips/bones/common_voice_en_631726.opus,bones
./data/macroset/en/clips/bones/common_voice_en_17556764.opus,bones
./data/macroset/en/clips/bones/common_voice_en_2328800.opus,bones
./data/macroset/en/clips/philadelphia/common_voice_en_18908664.opus,philadelphia
./data/macroset/en/clips/philadelphia/common_voice_en_20178112.opus,philadelphia
./data/macroset/en/clips/philadelphia/common_voice_en_21367740.opus,philadelphia
./data/macroset/en/clips/philadelphia/common_voice_en_19418918.opus,philadelphia
./data/macroset/en/clips/philadelphia/common_voice_en_22335258.opus,philadelphia
./data/macroset/en/clips/rum/common_voice_en_21281296.opus,rum
./data/macroset/en/clips/rum/common_voice_en_17926071.opus,rum
./data/macroset/en/clips/rum/common_voice_en_486253.opus,rum
./data/macroset/en/clips/rum/common_voice_en_17841212.opus,rum
./data/macroset/en/clips/rum/common_voice_en_2354443.opus,rum
./data/macroset/en/clips/africa/common_voice_en_22050327.opus,africa
./data/macroset/en/clips/africa/common_voice_en_20955315.opus,africa
./data/macroset/en/clips/africa/common_voice_en_686925.opus,africa
./data/macroset/en/clips/africa/common_voice_en_19003182.opus,africa
./data/macroset/en/clips/africa/common_voice_en_191904.opus,africa
./data/macroset/en/clips/freak/common_voice_en_21512982.opus,freak
./data/macroset/en/clips/freak/common_voice_en_26594.opus,freak
./data/macroset/en/clips/freak/common_voice_en_617448.opus,freak
./data/macroset/en/clips/freak/common_voice_en_526896.opus,freak
./data/macroset/en/clips/freak/common_voice_en_420713.opus,freak
./data/macroset/en/clips/substantial/common_voice_en_22406007.opus,substantial
./data/macroset/en/clips/substantial/common_voice_en_504592.opus,substantial
./data/macroset/en/clips/substantial/common_voice_en_44263.opus,substantial
./data/macroset/en/clips/substantial/common_voice_en_20173366.opus,substantial
./data/macroset/en/clips/substantial/common_voice_en_19676667.opus,substantial
./data/macroset/en/clips/peg/common_voice_en_18129557.opus,peg
./data/macroset/en/clips/peg/common_voice_en_17840408.opus,peg
./data/macroset/en/clips/peg/common_voice_en_18308545.opus,peg
./data/macroset/en/clips/peg/common_voice_en_18130764.opus,peg
./data/macroset/en/clips/peg/common_voice_en_559048.opus,peg
./data/macroset/en/clips/booth/common_voice_en_317586.opus,booth
./data/macroset/en/clips/booth/common_voice_en_92529.opus,booth
./data/macroset/en/clips/booth/common_voice_en_616080.opus,booth
./data/macroset/en/clips/booth/common_voice_en_21773412.opus,booth
./data/macroset/en/clips/booth/common_voice_en_21656156.opus,booth
./data/macroset/en/clips/slovakia/common_voice_en_17264987.opus,slovakia
./data/macroset/en/clips/slovakia/common_voice_en_17383708.opus,slovakia
./data/macroset/en/clips/slovakia/common_voice_en_17272017.opus,slovakia
./data/macroset/en/clips/slovakia/common_voice_en_18984179.opus,slovakia
./data/macroset/en/clips/slovakia/common_voice_en_21180469.opus,slovakia
./data/macroset/en/clips/labelled/common_voice_en_20735702.opus,labelled
./data/macroset/en/clips/labelled/common_voice_en_22177250.opus,labelled
./data/macroset/en/clips/labelled/common_voice_en_22328530.opus,labelled
./data/macroset/en/clips/labelled/common_voice_en_20428055.opus,labelled
./data/macroset/en/clips/labelled/common_voice_en_19600382.opus,labelled
./data/macroset/en/clips/telling/common_voice_en_506957.opus,telling
./data/macroset/en/clips/telling/common_voice_en_200446.opus,telling
./data/macroset/en/clips/telling/common_voice_en_667302.opus,telling
./data/macroset/en/clips/telling/common_voice_en_19805155.opus,telling
./data/macroset/en/clips/telling/common_voice_en_77098.opus,telling
./data/macroset/en/clips/sadly/common_voice_en_43120.opus,sadly
./data/macroset/en/clips/sadly/common_voice_en_502881.opus,sadly
./data/macroset/en/clips/sadly/common_voice_en_514535.opus,sadly
./data/macroset/en/clips/sadly/common_voice_en_18541013.opus,sadly
./data/macroset/en/clips/sadly/common_voice_en_573033.opus,sadly
./data/macroset/en/clips/genera/common_voice_en_19419012.opus,genera
./data/macroset/en/clips/genera/common_voice_en_19867234.opus,genera
./data/macroset/en/clips/genera/common_voice_en_19540786.opus,genera
./data/macroset/en/clips/genera/common_voice_en_19701778.opus,genera
./data/macroset/en/clips/genera/common_voice_en_20960160.opus,genera
./data/macroset/en/clips/kangaroos/common_voice_en_17420201.opus,kangaroos
./data/macroset/en/clips/kangaroos/common_voice_en_17286180.opus,kangaroos
./data/macroset/en/clips/kangaroos/common_voice_en_17387797.opus,kangaroos
./data/macroset/en/clips/kangaroos/common_voice_en_17657340.opus,kangaroos
./data/macroset/en/clips/kangaroos/common_voice_en_18512191.opus,kangaroos
./data/macroset/en/clips/flagship/common_voice_en_21106088.opus,flagship
./data/macroset/en/clips/flagship/common_voice_en_18725796.opus,flagship
./data/macroset/en/clips/flagship/common_voice_en_20842827.opus,flagship
./data/macroset/en/clips/flagship/common_voice_en_22368043.opus,flagship
./data/macroset/en/clips/flagship/common_voice_en_21740762.opus,flagship
./data/macroset/en/clips/aloud/common_voice_en_18662579.opus,aloud
./data/macroset/en/clips/aloud/common_voice_en_498696.opus,aloud
./data/macroset/en/clips/aloud/common_voice_en_676087.opus,aloud
./data/macroset/en/clips/aloud/common_voice_en_18515129.opus,aloud
./data/macroset/en/clips/aloud/common_voice_en_18618039.opus,aloud
./data/macroset/en/clips/looking/common_voice_en_18071498.opus,looking
./data/macroset/en/clips/looking/common_voice_en_18411343.opus,looking
./data/macroset/en/clips/looking/common_voice_en_650408.opus,looking
./data/macroset/en/clips/looking/common_voice_en_598052.opus,looking
./data/macroset/en/clips/looking/common_voice_en_687510.opus,looking
./data/macroset/en/clips/buffy/common_voice_en_18843980.opus,buffy
./data/macroset/en/clips/buffy/common_voice_en_21378931.opus,buffy
./data/macroset/en/clips/buffy/common_voice_en_20583874.opus,buffy
./data/macroset/en/clips/buffy/common_voice_en_21777443.opus,buffy
./data/macroset/en/clips/buffy/common_voice_en_19019972.opus,buffy
./data/macroset/en/clips/assassinated/common_voice_en_687234.opus,assassinated
./data/macroset/en/clips/assassinated/common_voice_en_20990444.opus,assassinated
./data/macroset/en/clips/assassinated/common_voice_en_21593655.opus,assassinated
./data/macroset/en/clips/assassinated/common_voice_en_18935106.opus,assassinated
./data/macroset/en/clips/assassinated/common_voice_en_687387.opus,assassinated
./data/macroset/en/clips/march/common_voice_en_194665.opus,march
./data/macroset/en/clips/march/common_voice_en_214710.opus,march
./data/macroset/en/clips/march/common_voice_en_20268235.opus,march
./data/macroset/en/clips/march/common_voice_en_544839.opus,march
./data/macroset/en/clips/march/common_voice_en_20758911.opus,march
./data/macroset/en/clips/unhealthy/common_voice_en_698173.opus,unhealthy
./data/macroset/en/clips/unhealthy/common_voice_en_32051.opus,unhealthy
./data/macroset/en/clips/unhealthy/common_voice_en_590951.opus,unhealthy
./data/macroset/en/clips/unhealthy/common_voice_en_63960.opus,unhealthy
./data/macroset/en/clips/unhealthy/common_voice_en_669517.opus,unhealthy
./data/macroset/en/clips/joy/common_voice_en_625450.opus,joy
./data/macroset/en/clips/joy/common_voice_en_18510367.opus,joy
./data/macroset/en/clips/joy/common_voice_en_17727519.opus,joy
./data/macroset/en/clips/joy/common_voice_en_18857447.opus,joy
./data/macroset/en/clips/joy/common_voice_en_17910595.opus,joy
./data/macroset/en/clips/upcoming/common_voice_en_19796644.opus,upcoming
./data/macroset/en/clips/upcoming/common_voice_en_19838250.opus,upcoming
./data/macroset/en/clips/upcoming/common_voice_en_19711340.opus,upcoming
./data/macroset/en/clips/upcoming/common_voice_en_20008024.opus,upcoming
./data/macroset/en/clips/upcoming/common_voice_en_18306178.opus,upcoming
./data/macroset/en/clips/cellphone/common_voice_en_529928.opus,cellphone
./data/macroset/en/clips/cellphone/common_voice_en_39045.opus,cellphone
./data/macroset/en/clips/cellphone/common_voice_en_508654.opus,cellphone
./data/macroset/en/clips/cellphone/common_voice_en_217802.opus,cellphone
./data/macroset/en/clips/cellphone/common_voice_en_217863.opus,cellphone
./data/macroset/en/clips/sprang/common_voice_en_15672664.opus,sprang
./data/macroset/en/clips/sprang/common_voice_en_17965628.opus,sprang
./data/macroset/en/clips/sprang/common_voice_en_18548649.opus,sprang
./data/macroset/en/clips/sprang/common_voice_en_17334250.opus,sprang
./data/macroset/en/clips/sprang/common_voice_en_18602209.opus,sprang
./data/macroset/en/clips/default/common_voice_en_22344158.opus,default
./data/macroset/en/clips/default/common_voice_en_18840310.opus,default
./data/macroset/en/clips/default/common_voice_en_20080845.opus,default
./data/macroset/en/clips/default/common_voice_en_18897291.opus,default
./data/macroset/en/clips/default/common_voice_en_75731.opus,default
./data/macroset/en/clips/listeners/common_voice_en_21764971.opus,listeners
./data/macroset/en/clips/listeners/common_voice_en_20974164.opus,listeners
./data/macroset/en/clips/listeners/common_voice_en_20221095.opus,listeners
./data/macroset/en/clips/listeners/common_voice_en_16639296.opus,listeners
./data/macroset/en/clips/listeners/common_voice_en_6932938.opus,listeners
./data/macroset/en/clips/lived/common_voice_en_22261717.opus,lived
./data/macroset/en/clips/lived/common_voice_en_604785.opus,lived
./data/macroset/en/clips/lived/common_voice_en_19606950.opus,lived
./data/macroset/en/clips/lived/common_voice_en_20304710.opus,lived
./data/macroset/en/clips/lived/common_voice_en_19726905.opus,lived
./data/macroset/en/clips/professionally/common_voice_en_20103250.opus,professionally
./data/macroset/en/clips/professionally/common_voice_en_21372747.opus,professionally
./data/macroset/en/clips/professionally/common_voice_en_21785356.opus,professionally
./data/macroset/en/clips/professionally/common_voice_en_204271.opus,professionally
./data/macroset/en/clips/professionally/common_voice_en_20131064.opus,professionally
./data/macroset/en/clips/gossip/common_voice_en_20183344.opus,gossip
./data/macroset/en/clips/gossip/common_voice_en_17277569.opus,gossip
./data/macroset/en/clips/gossip/common_voice_en_20739642.opus,gossip
./data/macroset/en/clips/gossip/common_voice_en_21102524.opus,gossip
./data/macroset/en/clips/gossip/common_voice_en_17405327.opus,gossip
./data/macroset/en/clips/counselor/common_voice_en_21113.opus,counselor
./data/macroset/en/clips/counselor/common_voice_en_662639.opus,counselor
./data/macroset/en/clips/counselor/common_voice_en_46250.opus,counselor
./data/macroset/en/clips/counselor/common_voice_en_86619.opus,counselor
./data/macroset/en/clips/counselor/common_voice_en_26301.opus,counselor
./data/macroset/en/clips/solve/common_voice_en_19847567.opus,solve
./data/macroset/en/clips/solve/common_voice_en_18751589.opus,solve
./data/macroset/en/clips/solve/common_voice_en_20104977.opus,solve
./data/macroset/en/clips/solve/common_voice_en_18522352.opus,solve
./data/macroset/en/clips/solve/common_voice_en_18672714.opus,solve
./data/macroset/en/clips/distracted/common_voice_en_40734.opus,distracted
./data/macroset/en/clips/distracted/common_voice_en_55793.opus,distracted
./data/macroset/en/clips/distracted/common_voice_en_54331.opus,distracted
./data/macroset/en/clips/distracted/common_voice_en_95705.opus,distracted
./data/macroset/en/clips/distracted/common_voice_en_517995.opus,distracted
./data/macroset/en/clips/signified/common_voice_en_518403.opus,signified
./data/macroset/en/clips/signified/common_voice_en_695758.opus,signified
./data/macroset/en/clips/signified/common_voice_en_76494.opus,signified
./data/macroset/en/clips/signified/common_voice_en_22445695.opus,signified
./data/macroset/en/clips/signified/common_voice_en_179832.opus,signified
./data/macroset/en/clips/gorilla/common_voice_en_18451176.opus,gorilla
./data/macroset/en/clips/gorilla/common_voice_en_20315243.opus,gorilla
./data/macroset/en/clips/gorilla/common_voice_en_681028.opus,gorilla
./data/macroset/en/clips/gorilla/common_voice_en_18492696.opus,gorilla
./data/macroset/en/clips/gorilla/common_voice_en_21341939.opus,gorilla
./data/macroset/en/clips/putin/common_voice_en_21877531.opus,putin
./data/macroset/en/clips/putin/common_voice_en_17704436.opus,putin
./data/macroset/en/clips/putin/common_voice_en_17985690.opus,putin
./data/macroset/en/clips/putin/common_voice_en_21766263.opus,putin
./data/macroset/en/clips/putin/common_voice_en_18052097.opus,putin
./data/macroset/en/clips/waist/common_voice_en_22191716.opus,waist
./data/macroset/en/clips/waist/common_voice_en_20052116.opus,waist
./data/macroset/en/clips/waist/common_voice_en_19689465.opus,waist
./data/macroset/en/clips/waist/common_voice_en_293808.opus,waist
./data/macroset/en/clips/waist/common_voice_en_5666062.opus,waist
./data/macroset/en/clips/baseball/common_voice_en_640639.opus,baseball
./data/macroset/en/clips/baseball/common_voice_en_21305703.opus,baseball
./data/macroset/en/clips/baseball/common_voice_en_21350948.opus,baseball
./data/macroset/en/clips/baseball/common_voice_en_20824276.opus,baseball
./data/macroset/en/clips/baseball/common_voice_en_18819596.opus,baseball
./data/macroset/en/clips/pregnancy/common_voice_en_22275219.opus,pregnancy
./data/macroset/en/clips/pregnancy/common_voice_en_18618219.opus,pregnancy
./data/macroset/en/clips/pregnancy/common_voice_en_18662652.opus,pregnancy
./data/macroset/en/clips/pregnancy/common_voice_en_20132102.opus,pregnancy
./data/macroset/en/clips/pregnancy/common_voice_en_18951901.opus,pregnancy
./data/macroset/en/clips/firewood/common_voice_en_539906.opus,firewood
./data/macroset/en/clips/firewood/common_voice_en_650539.opus,firewood
./data/macroset/en/clips/firewood/common_voice_en_44357.opus,firewood
./data/macroset/en/clips/firewood/common_voice_en_615031.opus,firewood
./data/macroset/en/clips/firewood/common_voice_en_624175.opus,firewood
./data/macroset/en/clips/obviously/common_voice_en_691475.opus,obviously
./data/macroset/en/clips/obviously/common_voice_en_530190.opus,obviously
./data/macroset/en/clips/obviously/common_voice_en_509792.opus,obviously
./data/macroset/en/clips/obviously/common_voice_en_45407.opus,obviously
./data/macroset/en/clips/obviously/common_voice_en_51729.opus,obviously
./data/macroset/en/clips/fibers/common_voice_en_19966113.opus,fibers
./data/macroset/en/clips/fibers/common_voice_en_19595125.opus,fibers
./data/macroset/en/clips/fibers/common_voice_en_19887786.opus,fibers
./data/macroset/en/clips/fibers/common_voice_en_19848290.opus,fibers
./data/macroset/en/clips/fibers/common_voice_en_20346954.opus,fibers
./data/macroset/en/clips/horror/common_voice_en_18652843.opus,horror
./data/macroset/en/clips/horror/common_voice_en_19483478.opus,horror
./data/macroset/en/clips/horror/common_voice_en_177273.opus,horror
./data/macroset/en/clips/horror/common_voice_en_19718731.opus,horror
./data/macroset/en/clips/horror/common_voice_en_553066.opus,horror
./data/macroset/en/clips/transition/common_voice_en_22328392.opus,transition
./data/macroset/en/clips/transition/common_voice_en_19081513.opus,transition
./data/macroset/en/clips/transition/common_voice_en_20683800.opus,transition
./data/macroset/en/clips/transition/common_voice_en_20285213.opus,transition
./data/macroset/en/clips/transition/common_voice_en_20696743.opus,transition
./data/macroset/en/clips/grammar/common_voice_en_623647.opus,grammar
./data/macroset/en/clips/grammar/common_voice_en_20030377.opus,grammar
./data/macroset/en/clips/grammar/common_voice_en_461051.opus,grammar
./data/macroset/en/clips/grammar/common_voice_en_18796940.opus,grammar
./data/macroset/en/clips/grammar/common_voice_en_71086.opus,grammar
./data/macroset/en/clips/lobes/common_voice_en_19848575.opus,lobes
./data/macroset/en/clips/lobes/common_voice_en_20339724.opus,lobes
./data/macroset/en/clips/lobes/common_voice_en_18840792.opus,lobes
./data/macroset/en/clips/lobes/common_voice_en_17995257.opus,lobes
./data/macroset/en/clips/lobes/common_voice_en_18115298.opus,lobes
./data/macroset/en/clips/preparatory/common_voice_en_19367284.opus,preparatory
./data/macroset/en/clips/preparatory/common_voice_en_20189952.opus,preparatory
./data/macroset/en/clips/preparatory/common_voice_en_21873016.opus,preparatory
./data/macroset/en/clips/preparatory/common_voice_en_19736522.opus,preparatory
./data/macroset/en/clips/preparatory/common_voice_en_21944779.opus,preparatory
./data/macroset/en/clips/attacking/common_voice_en_18752197.opus,attacking
./data/macroset/en/clips/attacking/common_voice_en_21293258.opus,attacking
./data/macroset/en/clips/attacking/common_voice_en_19174966.opus,attacking
./data/macroset/en/clips/attacking/common_voice_en_676147.opus,attacking
./data/macroset/en/clips/attacking/common_voice_en_20001548.opus,attacking
./data/macroset/en/clips/translate/common_voice_en_18717692.opus,translate
./data/macroset/en/clips/translate/common_voice_en_613498.opus,translate
./data/macroset/en/clips/translate/common_voice_en_20009083.opus,translate
./data/macroset/en/clips/translate/common_voice_en_51023.opus,translate
./data/macroset/en/clips/translate/common_voice_en_18649052.opus,translate
./data/macroset/en/clips/powerful/common_voice_en_17964187.opus,powerful
./data/macroset/en/clips/powerful/common_voice_en_48477.opus,powerful
./data/macroset/en/clips/powerful/common_voice_en_196156.opus,powerful
./data/macroset/en/clips/powerful/common_voice_en_21183016.opus,powerful
./data/macroset/en/clips/powerful/common_voice_en_673020.opus,powerful
./data/macroset/en/clips/belgian/common_voice_en_19765653.opus,belgian
./data/macroset/en/clips/belgian/common_voice_en_22398028.opus,belgian
./data/macroset/en/clips/belgian/common_voice_en_18767537.opus,belgian
./data/macroset/en/clips/belgian/common_voice_en_20106070.opus,belgian
./data/macroset/en/clips/belgian/common_voice_en_20670432.opus,belgian
./data/macroset/en/clips/elephant/common_voice_en_20403734.opus,elephant
./data/macroset/en/clips/elephant/common_voice_en_21341006.opus,elephant
./data/macroset/en/clips/elephant/common_voice_en_18697756.opus,elephant
./data/macroset/en/clips/elephant/common_voice_en_17954363.opus,elephant
./data/macroset/en/clips/elephant/common_voice_en_19511658.opus,elephant
./data/macroset/en/clips/things/common_voice_en_611023.opus,things
./data/macroset/en/clips/things/common_voice_en_482417.opus,things
./data/macroset/en/clips/things/common_voice_en_522051.opus,things
./data/macroset/en/clips/things/common_voice_en_508101.opus,things
./data/macroset/en/clips/things/common_voice_en_546143.opus,things
./data/macroset/en/clips/vertex/common_voice_en_41019.opus,vertex
./data/macroset/en/clips/vertex/common_voice_en_98896.opus,vertex
./data/macroset/en/clips/vertex/common_voice_en_19568219.opus,vertex
./data/macroset/en/clips/vertex/common_voice_en_19799404.opus,vertex
./data/macroset/en/clips/vertex/common_voice_en_188029.opus,vertex
./data/macroset/en/clips/germans/common_voice_en_19741831.opus,germans
./data/macroset/en/clips/germans/common_voice_en_19164676.opus,germans
./data/macroset/en/clips/germans/common_voice_en_22432657.opus,germans
./data/macroset/en/clips/germans/common_voice_en_20030172.opus,germans
./data/macroset/en/clips/germans/common_voice_en_21176372.opus,germans
./data/macroset/en/clips/submit/common_voice_en_18971620.opus,submit
./data/macroset/en/clips/submit/common_voice_en_31359.opus,submit
./data/macroset/en/clips/submit/common_voice_en_19409106.opus,submit
./data/macroset/en/clips/submit/common_voice_en_509107.opus,submit
./data/macroset/en/clips/submit/common_voice_en_19438958.opus,submit
./data/macroset/en/clips/dropped/common_voice_en_18250922.opus,dropped
./data/macroset/en/clips/dropped/common_voice_en_22229376.opus,dropped
./data/macroset/en/clips/dropped/common_voice_en_18130341.opus,dropped
./data/macroset/en/clips/dropped/common_voice_en_362734.opus,dropped
./data/macroset/en/clips/dropped/common_voice_en_510738.opus,dropped
./data/macroset/en/clips/tyre/common_voice_en_17365657.opus,tyre
./data/macroset/en/clips/tyre/common_voice_en_17455008.opus,tyre
./data/macroset/en/clips/tyre/common_voice_en_17826002.opus,tyre
./data/macroset/en/clips/tyre/common_voice_en_17561912.opus,tyre
./data/macroset/en/clips/tyre/common_voice_en_18340067.opus,tyre
./data/macroset/en/clips/bookkeeper/common_voice_en_216617.opus,bookkeeper
./data/macroset/en/clips/bookkeeper/common_voice_en_484654.opus,bookkeeper
./data/macroset/en/clips/bookkeeper/common_voice_en_20782696.opus,bookkeeper
./data/macroset/en/clips/bookkeeper/common_voice_en_677598.opus,bookkeeper
./data/macroset/en/clips/bookkeeper/common_voice_en_599376.opus,bookkeeper
./data/macroset/en/clips/unincorporated/common_voice_en_19519346.opus,unincorporated
./data/macroset/en/clips/unincorporated/common_voice_en_20598040.opus,unincorporated
./data/macroset/en/clips/unincorporated/common_voice_en_21657088.opus,unincorporated
./data/macroset/en/clips/unincorporated/common_voice_en_18800237.opus,unincorporated
./data/macroset/en/clips/unincorporated/common_voice_en_20366622.opus,unincorporated
./data/macroset/en/clips/lately/common_voice_en_28911.opus,lately
./data/macroset/en/clips/lately/common_voice_en_600869.opus,lately
./data/macroset/en/clips/lately/common_voice_en_519998.opus,lately
./data/macroset/en/clips/lately/common_voice_en_18649808.opus,lately
./data/macroset/en/clips/lately/common_voice_en_20472023.opus,lately
./data/macroset/en/clips/gradually/common_voice_en_18739389.opus,gradually
./data/macroset/en/clips/gradually/common_voice_en_21263991.opus,gradually
./data/macroset/en/clips/gradually/common_voice_en_19568027.opus,gradually
./data/macroset/en/clips/gradually/common_voice_en_22135059.opus,gradually
./data/macroset/en/clips/gradually/common_voice_en_22317463.opus,gradually
./data/macroset/en/clips/dying/common_voice_en_589880.opus,dying
./data/macroset/en/clips/dying/common_voice_en_633137.opus,dying
./data/macroset/en/clips/dying/common_voice_en_490909.opus,dying
./data/macroset/en/clips/dying/common_voice_en_19651669.opus,dying
./data/macroset/en/clips/dying/common_voice_en_591009.opus,dying
./data/macroset/en/clips/space/common_voice_en_18936998.opus,space
./data/macroset/en/clips/space/common_voice_en_563331.opus,space
./data/macroset/en/clips/space/common_voice_en_18152088.opus,space
./data/macroset/en/clips/space/common_voice_en_18819054.opus,space
./data/macroset/en/clips/space/common_voice_en_20315230.opus,space
./data/macroset/en/clips/prairie/common_voice_en_20587336.opus,prairie
./data/macroset/en/clips/prairie/common_voice_en_21926289.opus,prairie
./data/macroset/en/clips/prairie/common_voice_en_20373536.opus,prairie
./data/macroset/en/clips/prairie/common_voice_en_22180870.opus,prairie
./data/macroset/en/clips/prairie/common_voice_en_19786196.opus,prairie
./data/macroset/en/clips/monroe/common_voice_en_18751656.opus,monroe
./data/macroset/en/clips/monroe/common_voice_en_19809254.opus,monroe
./data/macroset/en/clips/monroe/common_voice_en_22307904.opus,monroe
./data/macroset/en/clips/monroe/common_voice_en_18109063.opus,monroe
./data/macroset/en/clips/monroe/common_voice_en_20177400.opus,monroe
./data/macroset/en/clips/cometh/common_voice_en_18120694.opus,cometh
./data/macroset/en/clips/cometh/common_voice_en_18191337.opus,cometh
./data/macroset/en/clips/cometh/common_voice_en_18183180.opus,cometh
./data/macroset/en/clips/cometh/common_voice_en_17866068.opus,cometh
./data/macroset/en/clips/cometh/common_voice_en_18081935.opus,cometh
./data/macroset/en/clips/sharp/common_voice_en_672817.opus,sharp
./data/macroset/en/clips/sharp/common_voice_en_528098.opus,sharp
./data/macroset/en/clips/sharp/common_voice_en_50777.opus,sharp
./data/macroset/en/clips/sharp/common_voice_en_18352920.opus,sharp
./data/macroset/en/clips/sharp/common_voice_en_56200.opus,sharp
./data/macroset/en/clips/excited/common_voice_en_195893.opus,excited
./data/macroset/en/clips/excited/common_voice_en_232.opus,excited
./data/macroset/en/clips/excited/common_voice_en_36710.opus,excited
./data/macroset/en/clips/excited/common_voice_en_629135.opus,excited
./data/macroset/en/clips/excited/common_voice_en_551066.opus,excited
./data/macroset/en/clips/phoenix/common_voice_en_18949204.opus,phoenix
./data/macroset/en/clips/phoenix/common_voice_en_20552708.opus,phoenix
./data/macroset/en/clips/phoenix/common_voice_en_22344432.opus,phoenix
./data/macroset/en/clips/phoenix/common_voice_en_21055450.opus,phoenix
./data/macroset/en/clips/phoenix/common_voice_en_20341584.opus,phoenix
./data/macroset/en/clips/episode/common_voice_en_20730960.opus,episode
./data/macroset/en/clips/episode/common_voice_en_20924278.opus,episode
./data/macroset/en/clips/episode/common_voice_en_464601.opus,episode
./data/macroset/en/clips/episode/common_voice_en_19789267.opus,episode
./data/macroset/en/clips/episode/common_voice_en_19113798.opus,episode
./data/macroset/en/clips/kitty/common_voice_en_20230295.opus,kitty
./data/macroset/en/clips/kitty/common_voice_en_18608427.opus,kitty
./data/macroset/en/clips/kitty/common_voice_en_18534368.opus,kitty
./data/macroset/en/clips/kitty/common_voice_en_18620285.opus,kitty
./data/macroset/en/clips/kitty/common_voice_en_21846367.opus,kitty
./data/macroset/en/clips/exploration/common_voice_en_20436686.opus,exploration
./data/macroset/en/clips/exploration/common_voice_en_545465.opus,exploration
./data/macroset/en/clips/exploration/common_voice_en_487787.opus,exploration
./data/macroset/en/clips/exploration/common_voice_en_216259.opus,exploration
./data/macroset/en/clips/exploration/common_voice_en_689906.opus,exploration
./data/macroset/en/clips/finding/common_voice_en_207460.opus,finding
./data/macroset/en/clips/finding/common_voice_en_18561599.opus,finding
./data/macroset/en/clips/finding/common_voice_en_18062162.opus,finding
./data/macroset/en/clips/finding/common_voice_en_18975064.opus,finding
./data/macroset/en/clips/finding/common_voice_en_69218.opus,finding
./data/macroset/en/clips/evolution/common_voice_en_19533671.opus,evolution
./data/macroset/en/clips/evolution/common_voice_en_19645153.opus,evolution
./data/macroset/en/clips/evolution/common_voice_en_19201037.opus,evolution
./data/macroset/en/clips/evolution/common_voice_en_18409449.opus,evolution
./data/macroset/en/clips/evolution/common_voice_en_19845202.opus,evolution
./data/macroset/en/clips/edged/common_voice_en_20702819.opus,edged
./data/macroset/en/clips/edged/common_voice_en_20357941.opus,edged
./data/macroset/en/clips/edged/common_voice_en_18315221.opus,edged
./data/macroset/en/clips/edged/common_voice_en_21512924.opus,edged
./data/macroset/en/clips/edged/common_voice_en_21387930.opus,edged
./data/macroset/en/clips/hut/common_voice_en_19439453.opus,hut
./data/macroset/en/clips/hut/common_voice_en_21348710__2.opus,hut
./data/macroset/en/clips/hut/common_voice_en_19683583.opus,hut
./data/macroset/en/clips/hut/common_voice_en_21273170.opus,hut
./data/macroset/en/clips/hut/common_voice_en_21269362.opus,hut
./data/macroset/en/clips/tangled/common_voice_en_26665.opus,tangled
./data/macroset/en/clips/tangled/common_voice_en_198044.opus,tangled
./data/macroset/en/clips/tangled/common_voice_en_18792711.opus,tangled
./data/macroset/en/clips/tangled/common_voice_en_446521.opus,tangled
./data/macroset/en/clips/tangled/common_voice_en_213407.opus,tangled
./data/macroset/en/clips/agency/common_voice_en_18121629.opus,agency
./data/macroset/en/clips/agency/common_voice_en_21045740.opus,agency
./data/macroset/en/clips/agency/common_voice_en_19350622.opus,agency
./data/macroset/en/clips/agency/common_voice_en_18767450.opus,agency
./data/macroset/en/clips/agency/common_voice_en_20963057.opus,agency
./data/macroset/en/clips/boundaries/common_voice_en_22456561.opus,boundaries
./data/macroset/en/clips/boundaries/common_voice_en_21803897.opus,boundaries
./data/macroset/en/clips/boundaries/common_voice_en_20027139.opus,boundaries
./data/macroset/en/clips/boundaries/common_voice_en_21854607.opus,boundaries
./data/macroset/en/clips/boundaries/common_voice_en_18792558.opus,boundaries
./data/macroset/en/clips/jackie/common_voice_en_41887.opus,jackie
./data/macroset/en/clips/jackie/common_voice_en_19608187.opus,jackie
./data/macroset/en/clips/jackie/common_voice_en_560141.opus,jackie
./data/macroset/en/clips/jackie/common_voice_en_20314223.opus,jackie
./data/macroset/en/clips/jackie/common_voice_en_75986.opus,jackie
./data/macroset/en/clips/corey/common_voice_en_179361.opus,corey
./data/macroset/en/clips/corey/common_voice_en_180918.opus,corey
./data/macroset/en/clips/corey/common_voice_en_19184964.opus,corey
./data/macroset/en/clips/corey/common_voice_en_690076.opus,corey
./data/macroset/en/clips/corey/common_voice_en_531824.opus,corey
./data/macroset/en/clips/war/common_voice_en_20987699__2.opus,war
./data/macroset/en/clips/war/common_voice_en_95666.opus,war
./data/macroset/en/clips/war/common_voice_en_576585.opus,war
./data/macroset/en/clips/war/common_voice_en_19203076.opus,war
./data/macroset/en/clips/war/common_voice_en_19816588.opus,war
./data/macroset/en/clips/resigned/common_voice_en_18473497.opus,resigned
./data/macroset/en/clips/resigned/common_voice_en_455305.opus,resigned
./data/macroset/en/clips/resigned/common_voice_en_22174959.opus,resigned
./data/macroset/en/clips/resigned/common_voice_en_18907623.opus,resigned
./data/macroset/en/clips/resigned/common_voice_en_20049357.opus,resigned
./data/macroset/en/clips/hardly/common_voice_en_18607809.opus,hardly
./data/macroset/en/clips/hardly/common_voice_en_9161.opus,hardly
./data/macroset/en/clips/hardly/common_voice_en_489386.opus,hardly
./data/macroset/en/clips/hardly/common_voice_en_651197.opus,hardly
./data/macroset/en/clips/hardly/common_voice_en_206459.opus,hardly
./data/macroset/en/clips/hospital/common_voice_en_22236670.opus,hospital
./data/macroset/en/clips/hospital/common_voice_en_22094685.opus,hospital
./data/macroset/en/clips/hospital/common_voice_en_21082106.opus,hospital
./data/macroset/en/clips/hospital/common_voice_en_20132456.opus,hospital
./data/macroset/en/clips/hospital/common_voice_en_489783.opus,hospital
./data/macroset/en/clips/pop/common_voice_en_19976846.opus,pop
./data/macroset/en/clips/pop/common_voice_en_21507405.opus,pop
./data/macroset/en/clips/pop/common_voice_en_19725736.opus,pop
./data/macroset/en/clips/pop/common_voice_en_633718.opus,pop
./data/macroset/en/clips/pop/common_voice_en_3434731.opus,pop
./data/macroset/en/clips/illustrations/common_voice_en_20242527.opus,illustrations
./data/macroset/en/clips/illustrations/common_voice_en_20238481.opus,illustrations
./data/macroset/en/clips/illustrations/common_voice_en_20748314.opus,illustrations
./data/macroset/en/clips/illustrations/common_voice_en_19018860.opus,illustrations
./data/macroset/en/clips/illustrations/common_voice_en_22365363.opus,illustrations
./data/macroset/en/clips/ensemble/common_voice_en_20317289.opus,ensemble
./data/macroset/en/clips/ensemble/common_voice_en_19960631.opus,ensemble
./data/macroset/en/clips/ensemble/common_voice_en_20294831.opus,ensemble
./data/macroset/en/clips/ensemble/common_voice_en_18846751.opus,ensemble
./data/macroset/en/clips/ensemble/common_voice_en_21250681.opus,ensemble
./data/macroset/en/clips/pixels/common_voice_en_371075.opus,pixels
./data/macroset/en/clips/pixels/common_voice_en_571442.opus,pixels
./data/macroset/en/clips/pixels/common_voice_en_20186083.opus,pixels
./data/macroset/en/clips/pixels/common_voice_en_674942.opus,pixels
./data/macroset/en/clips/pixels/common_voice_en_18187958.opus,pixels
./data/macroset/en/clips/driver/common_voice_en_17505613.opus,driver
./data/macroset/en/clips/driver/common_voice_en_160927.opus,driver
./data/macroset/en/clips/driver/common_voice_en_516583.opus,driver
./data/macroset/en/clips/driver/common_voice_en_585854.opus,driver
./data/macroset/en/clips/driver/common_voice_en_141589.opus,driver
./data/macroset/en/clips/submarines/common_voice_en_21371299.opus,submarines
./data/macroset/en/clips/submarines/common_voice_en_22236418.opus,submarines
./data/macroset/en/clips/submarines/common_voice_en_22156191.opus,submarines
./data/macroset/en/clips/submarines/common_voice_en_21351831.opus,submarines
./data/macroset/en/clips/submarines/common_voice_en_20532046.opus,submarines
./data/macroset/en/clips/teaching/common_voice_en_21021518.opus,teaching
./data/macroset/en/clips/teaching/common_voice_en_19677293.opus,teaching
./data/macroset/en/clips/teaching/common_voice_en_18757833.opus,teaching
./data/macroset/en/clips/teaching/common_voice_en_20261320.opus,teaching
./data/macroset/en/clips/teaching/common_voice_en_19676062.opus,teaching
./data/macroset/en/clips/championships/common_voice_en_20793007.opus,championships
./data/macroset/en/clips/championships/common_voice_en_19868469.opus,championships
./data/macroset/en/clips/championships/common_voice_en_19628922.opus,championships
./data/macroset/en/clips/championships/common_voice_en_20006497.opus,championships
./data/macroset/en/clips/championships/common_voice_en_20595491.opus,championships
./data/macroset/en/clips/decorative/common_voice_en_18999879.opus,decorative
./data/macroset/en/clips/decorative/common_voice_en_20794026.opus,decorative
./data/macroset/en/clips/decorative/common_voice_en_18784977.opus,decorative
./data/macroset/en/clips/decorative/common_voice_en_19055309.opus,decorative
./data/macroset/en/clips/decorative/common_voice_en_19973885.opus,decorative
./data/macroset/en/clips/torn/common_voice_en_18121588.opus,torn
./data/macroset/en/clips/torn/common_voice_en_670146.opus,torn
./data/macroset/en/clips/torn/common_voice_en_179384.opus,torn
./data/macroset/en/clips/torn/common_voice_en_18986661.opus,torn
./data/macroset/en/clips/torn/common_voice_en_17875710.opus,torn
./data/macroset/en/clips/rage/common_voice_en_18666346.opus,rage
./data/macroset/en/clips/rage/common_voice_en_21923576.opus,rage
./data/macroset/en/clips/rage/common_voice_en_18590818.opus,rage
./data/macroset/en/clips/rage/common_voice_en_22123899.opus,rage
./data/macroset/en/clips/rage/common_voice_en_18322849.opus,rage
./data/macroset/en/clips/pre/common_voice_en_21371897.opus,pre
./data/macroset/en/clips/pre/common_voice_en_19476308.opus,pre
./data/macroset/en/clips/pre/common_voice_en_19540841.opus,pre
./data/macroset/en/clips/pre/common_voice_en_21342722.opus,pre
./data/macroset/en/clips/pre/common_voice_en_20908471.opus,pre
./data/macroset/en/clips/logan/common_voice_en_20974254.opus,logan
./data/macroset/en/clips/logan/common_voice_en_21821532.opus,logan
./data/macroset/en/clips/logan/common_voice_en_19855151.opus,logan
./data/macroset/en/clips/logan/common_voice_en_19568608.opus,logan
./data/macroset/en/clips/logan/common_voice_en_20260855.opus,logan
./data/macroset/en/clips/terminus/common_voice_en_19972058.opus,terminus
./data/macroset/en/clips/terminus/common_voice_en_21875742.opus,terminus
./data/macroset/en/clips/terminus/common_voice_en_19463228.opus,terminus
./data/macroset/en/clips/terminus/common_voice_en_20906747.opus,terminus
./data/macroset/en/clips/terminus/common_voice_en_19822252.opus,terminus
./data/macroset/en/clips/policies/common_voice_en_20318584.opus,policies
./data/macroset/en/clips/policies/common_voice_en_22256075.opus,policies
./data/macroset/en/clips/policies/common_voice_en_19062624.opus,policies
./data/macroset/en/clips/policies/common_voice_en_21797351.opus,policies
./data/macroset/en/clips/policies/common_voice_en_21563073.opus,policies
./data/macroset/en/clips/voluntary/common_voice_en_20495759.opus,voluntary
./data/macroset/en/clips/voluntary/common_voice_en_20176629.opus,voluntary
./data/macroset/en/clips/voluntary/common_voice_en_21753997.opus,voluntary
./data/macroset/en/clips/voluntary/common_voice_en_19256068.opus,voluntary
./data/macroset/en/clips/voluntary/common_voice_en_18796717.opus,voluntary
./data/macroset/en/clips/sacrificed/common_voice_en_84731.opus,sacrificed
./data/macroset/en/clips/sacrificed/common_voice_en_500701.opus,sacrificed
./data/macroset/en/clips/sacrificed/common_voice_en_521529.opus,sacrificed
./data/macroset/en/clips/sacrificed/common_voice_en_675405.opus,sacrificed
./data/macroset/en/clips/sacrificed/common_voice_en_18747168.opus,sacrificed
./data/macroset/en/clips/throwing/common_voice_en_506415.opus,throwing
./data/macroset/en/clips/throwing/common_voice_en_18697998.opus,throwing
./data/macroset/en/clips/throwing/common_voice_en_589235.opus,throwing
./data/macroset/en/clips/throwing/common_voice_en_572719.opus,throwing
./data/macroset/en/clips/throwing/common_voice_en_20731299.opus,throwing
./data/macroset/en/clips/generally/common_voice_en_20233751.opus,generally
./data/macroset/en/clips/generally/common_voice_en_21229742.opus,generally
./data/macroset/en/clips/generally/common_voice_en_22164991.opus,generally
./data/macroset/en/clips/generally/common_voice_en_22350080.opus,generally
./data/macroset/en/clips/generally/common_voice_en_22463986.opus,generally
./data/macroset/en/clips/manipulate/common_voice_en_20046848.opus,manipulate
./data/macroset/en/clips/manipulate/common_voice_en_669027.opus,manipulate
./data/macroset/en/clips/manipulate/common_voice_en_19676063.opus,manipulate
./data/macroset/en/clips/manipulate/common_voice_en_135195.opus,manipulate
./data/macroset/en/clips/manipulate/common_voice_en_1857965.opus,manipulate
./data/macroset/en/clips/maritime/common_voice_en_21996399.opus,maritime
./data/macroset/en/clips/maritime/common_voice_en_18816485.opus,maritime
./data/macroset/en/clips/maritime/common_voice_en_21543567.opus,maritime
./data/macroset/en/clips/maritime/common_voice_en_20374274.opus,maritime
./data/macroset/en/clips/maritime/common_voice_en_20589218.opus,maritime
./data/macroset/en/clips/telephone/common_voice_en_19718810.opus,telephone
./data/macroset/en/clips/telephone/common_voice_en_94818.opus,telephone
./data/macroset/en/clips/telephone/common_voice_en_577744.opus,telephone
./data/macroset/en/clips/telephone/common_voice_en_20380422.opus,telephone
./data/macroset/en/clips/telephone/common_voice_en_19689826.opus,telephone
./data/macroset/en/clips/factory/common_voice_en_19867621.opus,factory
./data/macroset/en/clips/factory/common_voice_en_20868806.opus,factory
./data/macroset/en/clips/factory/common_voice_en_21821344.opus,factory
./data/macroset/en/clips/factory/common_voice_en_18738282.opus,factory
./data/macroset/en/clips/factory/common_voice_en_19876592.opus,factory
./data/macroset/en/clips/wealth/common_voice_en_54425.opus,wealth
./data/macroset/en/clips/wealth/common_voice_en_19513920.opus,wealth
./data/macroset/en/clips/wealth/common_voice_en_20400005.opus,wealth
./data/macroset/en/clips/wealth/common_voice_en_611103.opus,wealth
./data/macroset/en/clips/wealth/common_voice_en_21351957.opus,wealth
./data/macroset/en/clips/participants/common_voice_en_18870653.opus,participants
./data/macroset/en/clips/participants/common_voice_en_17844166.opus,participants
./data/macroset/en/clips/participants/common_voice_en_18796897.opus,participants
./data/macroset/en/clips/participants/common_voice_en_21528774.opus,participants
./data/macroset/en/clips/participants/common_voice_en_553801.opus,participants
./data/macroset/en/clips/grasped/common_voice_en_44684.opus,grasped
./data/macroset/en/clips/grasped/common_voice_en_42755.opus,grasped
./data/macroset/en/clips/grasped/common_voice_en_184585.opus,grasped
./data/macroset/en/clips/grasped/common_voice_en_544323.opus,grasped
./data/macroset/en/clips/grasped/common_voice_en_613235.opus,grasped
./data/macroset/en/clips/fear/common_voice_en_191210.opus,fear
./data/macroset/en/clips/fear/common_voice_en_21928166.opus,fear
./data/macroset/en/clips/fear/common_voice_en_21764847.opus,fear
./data/macroset/en/clips/fear/common_voice_en_602296.opus,fear
./data/macroset/en/clips/fear/common_voice_en_21060914.opus,fear
./data/macroset/en/clips/change/common_voice_en_577748.opus,change
./data/macroset/en/clips/change/common_voice_en_20008997.opus,change
./data/macroset/en/clips/change/common_voice_en_492191.opus,change
./data/macroset/en/clips/change/common_voice_en_19562329.opus,change
./data/macroset/en/clips/change/common_voice_en_613230.opus,change
./data/macroset/en/clips/patiently/common_voice_en_184004.opus,patiently
./data/macroset/en/clips/patiently/common_voice_en_215015.opus,patiently
./data/macroset/en/clips/patiently/common_voice_en_541063.opus,patiently
./data/macroset/en/clips/patiently/common_voice_en_19789280.opus,patiently
./data/macroset/en/clips/patiently/common_voice_en_18324642.opus,patiently
./data/macroset/en/clips/goodman/common_voice_en_20693324.opus,goodman
./data/macroset/en/clips/goodman/common_voice_en_189865.opus,goodman
./data/macroset/en/clips/goodman/common_voice_en_543641.opus,goodman
./data/macroset/en/clips/goodman/common_voice_en_84896.opus,goodman
./data/macroset/en/clips/goodman/common_voice_en_674589.opus,goodman
./data/macroset/en/clips/neural/common_voice_en_184838.opus,neural
./data/macroset/en/clips/neural/common_voice_en_136122.opus,neural
./data/macroset/en/clips/neural/common_voice_en_694042.opus,neural
./data/macroset/en/clips/neural/common_voice_en_665592.opus,neural
./data/macroset/en/clips/neural/common_voice_en_20430555.opus,neural
./data/macroset/en/clips/any/common_voice_en_553717.opus,any
./data/macroset/en/clips/any/common_voice_en_177889.opus,any
./data/macroset/en/clips/any/common_voice_en_17662011.opus,any
./data/macroset/en/clips/any/common_voice_en_19609885.opus,any
./data/macroset/en/clips/any/common_voice_en_479514.opus,any
./data/macroset/en/clips/geoffrey/common_voice_en_19795323.opus,geoffrey
./data/macroset/en/clips/geoffrey/common_voice_en_20726358.opus,geoffrey
./data/macroset/en/clips/geoffrey/common_voice_en_18910228.opus,geoffrey
./data/macroset/en/clips/geoffrey/common_voice_en_21968057.opus,geoffrey
./data/macroset/en/clips/geoffrey/common_voice_en_20726426.opus,geoffrey
./data/macroset/en/clips/potter/common_voice_en_20513543.opus,potter
./data/macroset/en/clips/potter/common_voice_en_21334579.opus,potter
./data/macroset/en/clips/potter/common_voice_en_19060135.opus,potter
./data/macroset/en/clips/potter/common_voice_en_20265735.opus,potter
./data/macroset/en/clips/potter/common_voice_en_19011866.opus,potter
./data/macroset/en/clips/ethnic/common_voice_en_19674562.opus,ethnic
./data/macroset/en/clips/ethnic/common_voice_en_21796372.opus,ethnic
./data/macroset/en/clips/ethnic/common_voice_en_19561205.opus,ethnic
./data/macroset/en/clips/ethnic/common_voice_en_18679413.opus,ethnic
./data/macroset/en/clips/ethnic/common_voice_en_19410650.opus,ethnic
./data/macroset/en/clips/demanded/common_voice_en_558003.opus,demanded
./data/macroset/en/clips/demanded/common_voice_en_604052.opus,demanded
./data/macroset/en/clips/demanded/common_voice_en_21925730.opus,demanded
./data/macroset/en/clips/demanded/common_voice_en_187933.opus,demanded
./data/macroset/en/clips/demanded/common_voice_en_22377758.opus,demanded
./data/macroset/en/clips/mutual/common_voice_en_628661.opus,mutual
./data/macroset/en/clips/mutual/common_voice_en_385314.opus,mutual
./data/macroset/en/clips/mutual/common_voice_en_20162075.opus,mutual
./data/macroset/en/clips/mutual/common_voice_en_22400093.opus,mutual
./data/macroset/en/clips/mutual/common_voice_en_19461187.opus,mutual
./data/macroset/en/clips/cocaine/common_voice_en_19577389.opus,cocaine
./data/macroset/en/clips/cocaine/common_voice_en_17283288.opus,cocaine
./data/macroset/en/clips/cocaine/common_voice_en_18822339.opus,cocaine
./data/macroset/en/clips/cocaine/common_voice_en_17369009.opus,cocaine
./data/macroset/en/clips/cocaine/common_voice_en_256335.opus,cocaine
./data/macroset/en/clips/privileges/common_voice_en_19613170.opus,privileges
./data/macroset/en/clips/privileges/common_voice_en_18837408.opus,privileges
./data/macroset/en/clips/privileges/common_voice_en_20315972.opus,privileges
./data/macroset/en/clips/privileges/common_voice_en_22347241.opus,privileges
./data/macroset/en/clips/privileges/common_voice_en_19345740.opus,privileges
./data/macroset/en/clips/thing/common_voice_en_46545.opus,thing
./data/macroset/en/clips/thing/common_voice_en_21185596.opus,thing
./data/macroset/en/clips/thing/common_voice_en_555296.opus,thing
./data/macroset/en/clips/thing/common_voice_en_62938.opus,thing
./data/macroset/en/clips/thing/common_voice_en_667200__2.opus,thing
./data/macroset/en/clips/ballad/common_voice_en_17573069.opus,ballad
./data/macroset/en/clips/ballad/common_voice_en_17270884.opus,ballad
./data/macroset/en/clips/ballad/common_voice_en_17332659.opus,ballad
./data/macroset/en/clips/ballad/common_voice_en_17892920.opus,ballad
./data/macroset/en/clips/ballad/common_voice_en_488167.opus,ballad
./data/macroset/en/clips/expected/common_voice_en_20715892.opus,expected
./data/macroset/en/clips/expected/common_voice_en_18894597.opus,expected
./data/macroset/en/clips/expected/common_voice_en_19350888.opus,expected
./data/macroset/en/clips/expected/common_voice_en_22323678.opus,expected
./data/macroset/en/clips/expected/common_voice_en_20143810.opus,expected
./data/macroset/en/clips/drivers/common_voice_en_637158.opus,drivers
./data/macroset/en/clips/drivers/common_voice_en_20007603.opus,drivers
./data/macroset/en/clips/drivers/common_voice_en_21383801.opus,drivers
./data/macroset/en/clips/drivers/common_voice_en_523738.opus,drivers
./data/macroset/en/clips/drivers/common_voice_en_198755.opus,drivers
./data/macroset/en/clips/there/common_voice_en_12314.opus,there
./data/macroset/en/clips/there/common_voice_en_19188227.opus,there
./data/macroset/en/clips/there/common_voice_en_21777416.opus,there
./data/macroset/en/clips/there/common_voice_en_15904859.opus,there
./data/macroset/en/clips/there/common_voice_en_19953490.opus,there
./data/macroset/en/clips/distributor/common_voice_en_19013245.opus,distributor
./data/macroset/en/clips/distributor/common_voice_en_20673596.opus,distributor
./data/macroset/en/clips/distributor/common_voice_en_19062004.opus,distributor
./data/macroset/en/clips/distributor/common_voice_en_20545132.opus,distributor
./data/macroset/en/clips/distributor/common_voice_en_19845712.opus,distributor
./data/macroset/en/clips/rambling/common_voice_en_21698605.opus,rambling
./data/macroset/en/clips/rambling/common_voice_en_17261989.opus,rambling
./data/macroset/en/clips/rambling/common_voice_en_17268881.opus,rambling
./data/macroset/en/clips/rambling/common_voice_en_17698867.opus,rambling
./data/macroset/en/clips/rambling/common_voice_en_17292086.opus,rambling
./data/macroset/en/clips/attend/common_voice_en_20969467.opus,attend
./data/macroset/en/clips/attend/common_voice_en_17287822.opus,attend
./data/macroset/en/clips/attend/common_voice_en_17331117.opus,attend
./data/macroset/en/clips/attend/common_voice_en_18679878.opus,attend
./data/macroset/en/clips/attend/common_voice_en_19381528.opus,attend
./data/macroset/en/clips/generators/common_voice_en_19579608.opus,generators
./data/macroset/en/clips/generators/common_voice_en_18762090.opus,generators
./data/macroset/en/clips/generators/common_voice_en_21102072.opus,generators
./data/macroset/en/clips/generators/common_voice_en_20882087.opus,generators
./data/macroset/en/clips/generators/common_voice_en_17983434.opus,generators
./data/macroset/en/clips/join/common_voice_en_68925.opus,join
./data/macroset/en/clips/join/common_voice_en_18455741.opus,join
./data/macroset/en/clips/join/common_voice_en_17386526.opus,join
./data/macroset/en/clips/join/common_voice_en_17875192.opus,join
./data/macroset/en/clips/join/common_voice_en_19289477.opus,join
./data/macroset/en/clips/undergoing/common_voice_en_21210095.opus,undergoing
./data/macroset/en/clips/undergoing/common_voice_en_22027439.opus,undergoing
./data/macroset/en/clips/undergoing/common_voice_en_22368027.opus,undergoing
./data/macroset/en/clips/undergoing/common_voice_en_19076562.opus,undergoing
./data/macroset/en/clips/undergoing/common_voice_en_21345827.opus,undergoing
./data/macroset/en/clips/max/common_voice_en_20879714.opus,max
./data/macroset/en/clips/max/common_voice_en_21024849.opus,max
./data/macroset/en/clips/max/common_voice_en_20245429.opus,max
./data/macroset/en/clips/max/common_voice_en_20572169.opus,max
./data/macroset/en/clips/max/common_voice_en_20050168.opus,max
./data/macroset/en/clips/awarded/common_voice_en_20449656.opus,awarded
./data/macroset/en/clips/awarded/common_voice_en_21528469.opus,awarded
./data/macroset/en/clips/awarded/common_voice_en_19774390.opus,awarded
./data/macroset/en/clips/awarded/common_voice_en_20183992.opus,awarded
./data/macroset/en/clips/awarded/common_voice_en_20080404.opus,awarded
./data/macroset/en/clips/walls/common_voice_en_676077.opus,walls
./data/macroset/en/clips/walls/common_voice_en_22255200.opus,walls
./data/macroset/en/clips/walls/common_voice_en_591253.opus,walls
./data/macroset/en/clips/walls/common_voice_en_18666586.opus,walls
./data/macroset/en/clips/walls/common_voice_en_22198792.opus,walls
./data/macroset/en/clips/cans/common_voice_en_19106678.opus,cans
./data/macroset/en/clips/cans/common_voice_en_19741332.opus,cans
./data/macroset/en/clips/cans/common_voice_en_20294676.opus,cans
./data/macroset/en/clips/cans/common_voice_en_504422.opus,cans
./data/macroset/en/clips/cans/common_voice_en_633761.opus,cans
./data/macroset/en/clips/basket/common_voice_en_19326953.opus,basket
./data/macroset/en/clips/basket/common_voice_en_218274.opus,basket
./data/macroset/en/clips/basket/common_voice_en_77549.opus,basket
./data/macroset/en/clips/basket/common_voice_en_18409825.opus,basket
./data/macroset/en/clips/basket/common_voice_en_591872.opus,basket
./data/macroset/en/clips/jug/common_voice_en_393317.opus,jug
./data/macroset/en/clips/jug/common_voice_en_18539257.opus,jug
./data/macroset/en/clips/jug/common_voice_en_45866.opus,jug
./data/macroset/en/clips/jug/common_voice_en_567747.opus,jug
./data/macroset/en/clips/jug/common_voice_en_18515773.opus,jug
./data/macroset/en/clips/requests/common_voice_en_17899316.opus,requests
./data/macroset/en/clips/requests/common_voice_en_17844084.opus,requests
./data/macroset/en/clips/requests/common_voice_en_521211.opus,requests
./data/macroset/en/clips/requests/common_voice_en_19519198.opus,requests
./data/macroset/en/clips/requests/common_voice_en_18748769.opus,requests
./data/macroset/en/clips/dale/common_voice_en_21292137.opus,dale
./data/macroset/en/clips/dale/common_voice_en_20311541.opus,dale
./data/macroset/en/clips/dale/common_voice_en_19698356.opus,dale
./data/macroset/en/clips/dale/common_voice_en_22213522.opus,dale
./data/macroset/en/clips/dale/common_voice_en_20103868.opus,dale
./data/macroset/en/clips/monster/common_voice_en_522929.opus,monster
./data/macroset/en/clips/monster/common_voice_en_17857777.opus,monster
./data/macroset/en/clips/monster/common_voice_en_614238.opus,monster
./data/macroset/en/clips/monster/common_voice_en_20582044.opus,monster
./data/macroset/en/clips/monster/common_voice_en_529922.opus,monster
./data/macroset/en/clips/strings/common_voice_en_20535660.opus,strings
./data/macroset/en/clips/strings/common_voice_en_20005451.opus,strings
./data/macroset/en/clips/strings/common_voice_en_21792138.opus,strings
./data/macroset/en/clips/strings/common_voice_en_21733242.opus,strings
./data/macroset/en/clips/strings/common_voice_en_20992920.opus,strings
./data/macroset/en/clips/shoelace/common_voice_en_18306280.opus,shoelace
./data/macroset/en/clips/shoelace/common_voice_en_18255867.opus,shoelace
./data/macroset/en/clips/shoelace/common_voice_en_18296851.opus,shoelace
./data/macroset/en/clips/shoelace/common_voice_en_18315846.opus,shoelace
./data/macroset/en/clips/shoelace/common_voice_en_15734928.opus,shoelace
./data/macroset/en/clips/swamp/common_voice_en_19945252.opus,swamp
./data/macroset/en/clips/swamp/common_voice_en_20121991.opus,swamp
./data/macroset/en/clips/swamp/common_voice_en_20989063.opus,swamp
./data/macroset/en/clips/swamp/common_voice_en_19449469.opus,swamp
./data/macroset/en/clips/swamp/common_voice_en_21817699.opus,swamp
./data/macroset/en/clips/legendary/common_voice_en_19569919.opus,legendary
./data/macroset/en/clips/legendary/common_voice_en_19666399.opus,legendary
./data/macroset/en/clips/legendary/common_voice_en_21730661.opus,legendary
./data/macroset/en/clips/legendary/common_voice_en_20387480.opus,legendary
./data/macroset/en/clips/legendary/common_voice_en_18433510.opus,legendary
./data/macroset/en/clips/altogether/common_voice_en_20860219.opus,altogether
./data/macroset/en/clips/altogether/common_voice_en_19971466.opus,altogether
./data/macroset/en/clips/altogether/common_voice_en_18539270.opus,altogether
./data/macroset/en/clips/altogether/common_voice_en_21343011.opus,altogether
./data/macroset/en/clips/altogether/common_voice_en_20290361.opus,altogether
./data/macroset/en/clips/storm/common_voice_en_17331685.opus,storm
./data/macroset/en/clips/storm/common_voice_en_19796488.opus,storm
./data/macroset/en/clips/storm/common_voice_en_597989.opus,storm
./data/macroset/en/clips/storm/common_voice_en_20075824.opus,storm
./data/macroset/en/clips/storm/common_voice_en_18133576.opus,storm
./data/macroset/en/clips/atlanta/common_voice_en_19913614.opus,atlanta
./data/macroset/en/clips/atlanta/common_voice_en_21803937.opus,atlanta
./data/macroset/en/clips/atlanta/common_voice_en_21920654.opus,atlanta
./data/macroset/en/clips/atlanta/common_voice_en_22325067.opus,atlanta
./data/macroset/en/clips/atlanta/common_voice_en_21050301.opus,atlanta
./data/macroset/en/clips/anglican/common_voice_en_21838525.opus,anglican
./data/macroset/en/clips/anglican/common_voice_en_19131989.opus,anglican
./data/macroset/en/clips/anglican/common_voice_en_19788729.opus,anglican
./data/macroset/en/clips/anglican/common_voice_en_19561902.opus,anglican
./data/macroset/en/clips/anglican/common_voice_en_20313079.opus,anglican
./data/macroset/en/clips/vacant/common_voice_en_20797390.opus,vacant
./data/macroset/en/clips/vacant/common_voice_en_20843349.opus,vacant
./data/macroset/en/clips/vacant/common_voice_en_20182727.opus,vacant
./data/macroset/en/clips/vacant/common_voice_en_486406.opus,vacant
./data/macroset/en/clips/vacant/common_voice_en_19769786.opus,vacant
./data/macroset/en/clips/bathtub/common_voice_en_19557411.opus,bathtub
./data/macroset/en/clips/bathtub/common_voice_en_617774.opus,bathtub
./data/macroset/en/clips/bathtub/common_voice_en_18728004.opus,bathtub
./data/macroset/en/clips/bathtub/common_voice_en_564921.opus,bathtub
./data/macroset/en/clips/bathtub/common_voice_en_437978.opus,bathtub
./data/macroset/en/clips/nonetheless/common_voice_en_20242431.opus,nonetheless
./data/macroset/en/clips/nonetheless/common_voice_en_20947044.opus,nonetheless
./data/macroset/en/clips/nonetheless/common_voice_en_20423896.opus,nonetheless
./data/macroset/en/clips/nonetheless/common_voice_en_20074699.opus,nonetheless
./data/macroset/en/clips/nonetheless/common_voice_en_19026846.opus,nonetheless
./data/macroset/en/clips/vegetable/common_voice_en_19136038.opus,vegetable
./data/macroset/en/clips/vegetable/common_voice_en_18283851.opus,vegetable
./data/macroset/en/clips/vegetable/common_voice_en_19026510.opus,vegetable
./data/macroset/en/clips/vegetable/common_voice_en_18886973.opus,vegetable
./data/macroset/en/clips/vegetable/common_voice_en_20752932.opus,vegetable
./data/macroset/en/clips/grammars/common_voice_en_61890.opus,grammars
./data/macroset/en/clips/grammars/common_voice_en_94600.opus,grammars
./data/macroset/en/clips/grammars/common_voice_en_19675231.opus,grammars
./data/macroset/en/clips/grammars/common_voice_en_40385.opus,grammars
./data/macroset/en/clips/grammars/common_voice_en_64056.opus,grammars
./data/macroset/en/clips/wetlands/common_voice_en_19566014.opus,wetlands
./data/macroset/en/clips/wetlands/common_voice_en_19975265.opus,wetlands
./data/macroset/en/clips/wetlands/common_voice_en_19476285.opus,wetlands
./data/macroset/en/clips/wetlands/common_voice_en_19760300.opus,wetlands
./data/macroset/en/clips/wetlands/common_voice_en_19181270.opus,wetlands
./data/macroset/en/clips/cups/common_voice_en_20316455.opus,cups
./data/macroset/en/clips/cups/common_voice_en_79090.opus,cups
./data/macroset/en/clips/cups/common_voice_en_19796351.opus,cups
./data/macroset/en/clips/cups/common_voice_en_617470.opus,cups
./data/macroset/en/clips/cups/common_voice_en_95881.opus,cups
./data/macroset/en/clips/gather/common_voice_en_21316116.opus,gather
./data/macroset/en/clips/gather/common_voice_en_33772.opus,gather
./data/macroset/en/clips/gather/common_voice_en_572158.opus,gather
./data/macroset/en/clips/gather/common_voice_en_588016.opus,gather
./data/macroset/en/clips/gather/common_voice_en_19552481.opus,gather
./data/macroset/en/clips/kitten/common_voice_en_17582131.opus,kitten
./data/macroset/en/clips/kitten/common_voice_en_17369645.opus,kitten
./data/macroset/en/clips/kitten/common_voice_en_19137285.opus,kitten
./data/macroset/en/clips/kitten/common_voice_en_35907.opus,kitten
./data/macroset/en/clips/kitten/common_voice_en_17844457.opus,kitten
./data/macroset/en/clips/oversized/common_voice_en_311761.opus,oversized
./data/macroset/en/clips/oversized/common_voice_en_21508548.opus,oversized
./data/macroset/en/clips/oversized/common_voice_en_17393498.opus,oversized
./data/macroset/en/clips/oversized/common_voice_en_18144199.opus,oversized
./data/macroset/en/clips/oversized/common_voice_en_20274608.opus,oversized
./data/macroset/en/clips/seals/common_voice_en_19959150.opus,seals
./data/macroset/en/clips/seals/common_voice_en_19312669.opus,seals
./data/macroset/en/clips/seals/common_voice_en_19118099.opus,seals
./data/macroset/en/clips/seals/common_voice_en_3167.opus,seals
./data/macroset/en/clips/seals/common_voice_en_495228.opus,seals
./data/macroset/en/clips/discouraged/common_voice_en_18583196.opus,discouraged
./data/macroset/en/clips/discouraged/common_voice_en_22130206.opus,discouraged
./data/macroset/en/clips/discouraged/common_voice_en_22355772.opus,discouraged
./data/macroset/en/clips/discouraged/common_voice_en_19061664.opus,discouraged
./data/macroset/en/clips/discouraged/common_voice_en_20879603.opus,discouraged
./data/macroset/en/clips/streamer/common_voice_en_683202.opus,streamer
./data/macroset/en/clips/streamer/common_voice_en_203448.opus,streamer
./data/macroset/en/clips/streamer/common_voice_en_581689.opus,streamer
./data/macroset/en/clips/streamer/common_voice_en_585565.opus,streamer
./data/macroset/en/clips/streamer/common_voice_en_518431.opus,streamer
./data/macroset/en/clips/frank/common_voice_en_18549935.opus,frank
./data/macroset/en/clips/frank/common_voice_en_20279941.opus,frank
./data/macroset/en/clips/frank/common_voice_en_21999406.opus,frank
./data/macroset/en/clips/frank/common_voice_en_672242.opus,frank
./data/macroset/en/clips/frank/common_voice_en_21709896.opus,frank
./data/macroset/en/clips/phobia/common_voice_en_81540.opus,phobia
./data/macroset/en/clips/phobia/common_voice_en_17251180.opus,phobia
./data/macroset/en/clips/phobia/common_voice_en_17249751.opus,phobia
./data/macroset/en/clips/phobia/common_voice_en_484411.opus,phobia
./data/macroset/en/clips/phobia/common_voice_en_199137.opus,phobia
./data/macroset/en/clips/relays/common_voice_en_19267656.opus,relays
./data/macroset/en/clips/relays/common_voice_en_633935.opus,relays
./data/macroset/en/clips/relays/common_voice_en_407279.opus,relays
./data/macroset/en/clips/relays/common_voice_en_600062.opus,relays
./data/macroset/en/clips/relays/common_voice_en_167219.opus,relays
./data/macroset/en/clips/spaced/common_voice_en_17896657.opus,spaced
./data/macroset/en/clips/spaced/common_voice_en_17881809.opus,spaced
./data/macroset/en/clips/spaced/common_voice_en_17271579.opus,spaced
./data/macroset/en/clips/spaced/common_voice_en_17972831.opus,spaced
./data/macroset/en/clips/spaced/common_voice_en_1569815.opus,spaced
./data/macroset/en/clips/inexhaustible/common_voice_en_627085.opus,inexhaustible
./data/macroset/en/clips/inexhaustible/common_voice_en_18066475.opus,inexhaustible
./data/macroset/en/clips/inexhaustible/common_voice_en_20400901.opus,inexhaustible
./data/macroset/en/clips/inexhaustible/common_voice_en_40288.opus,inexhaustible
./data/macroset/en/clips/inexhaustible/common_voice_en_17881558.opus,inexhaustible
./data/macroset/en/clips/tropics/common_voice_en_17850807.opus,tropics
./data/macroset/en/clips/tropics/common_voice_en_17740648.opus,tropics
./data/macroset/en/clips/tropics/common_voice_en_17279334.opus,tropics
./data/macroset/en/clips/tropics/common_voice_en_20766198.opus,tropics
./data/macroset/en/clips/tropics/common_voice_en_17938012.opus,tropics
./data/macroset/en/clips/quality/common_voice_en_19430757.opus,quality
./data/macroset/en/clips/quality/common_voice_en_21329337.opus,quality
./data/macroset/en/clips/quality/common_voice_en_21352816.opus,quality
./data/macroset/en/clips/quality/common_voice_en_22404754.opus,quality
./data/macroset/en/clips/quality/common_voice_en_19433643.opus,quality
./data/macroset/en/clips/psychiatric/common_voice_en_22435559.opus,psychiatric
./data/macroset/en/clips/psychiatric/common_voice_en_21663743.opus,psychiatric
./data/macroset/en/clips/psychiatric/common_voice_en_20984320.opus,psychiatric
./data/macroset/en/clips/psychiatric/common_voice_en_19010955.opus,psychiatric
./data/macroset/en/clips/psychiatric/common_voice_en_20221808.opus,psychiatric
./data/macroset/en/clips/waters/common_voice_en_20870742.opus,waters
./data/macroset/en/clips/waters/common_voice_en_20238267.opus,waters
./data/macroset/en/clips/waters/common_voice_en_20513774.opus,waters
./data/macroset/en/clips/waters/common_voice_en_18717392.opus,waters
./data/macroset/en/clips/waters/common_voice_en_21646291.opus,waters
./data/macroset/en/clips/legitimate/common_voice_en_596251.opus,legitimate
./data/macroset/en/clips/legitimate/common_voice_en_597318.opus,legitimate
./data/macroset/en/clips/legitimate/common_voice_en_18851678.opus,legitimate
./data/macroset/en/clips/legitimate/common_voice_en_555309.opus,legitimate
./data/macroset/en/clips/legitimate/common_voice_en_18721455.opus,legitimate
./data/macroset/en/clips/makers/common_voice_en_21529085.opus,makers
./data/macroset/en/clips/makers/common_voice_en_20359580.opus,makers
./data/macroset/en/clips/makers/common_voice_en_21998575.opus,makers
./data/macroset/en/clips/makers/common_voice_en_21467596.opus,makers
./data/macroset/en/clips/makers/common_voice_en_18745860.opus,makers
./data/macroset/en/clips/authentication/common_voice_en_18633194.opus,authentication
./data/macroset/en/clips/authentication/common_voice_en_681141.opus,authentication
./data/macroset/en/clips/authentication/common_voice_en_513880.opus,authentication
./data/macroset/en/clips/authentication/common_voice_en_653857.opus,authentication
./data/macroset/en/clips/authentication/common_voice_en_18519903.opus,authentication
./data/macroset/en/clips/conversely/common_voice_en_17386502.opus,conversely
./data/macroset/en/clips/conversely/common_voice_en_17286155.opus,conversely
./data/macroset/en/clips/conversely/common_voice_en_18682447.opus,conversely
./data/macroset/en/clips/conversely/common_voice_en_19532567.opus,conversely
./data/macroset/en/clips/conversely/common_voice_en_17290105.opus,conversely
./data/macroset/en/clips/combining/common_voice_en_3096.opus,combining
./data/macroset/en/clips/combining/common_voice_en_21637943.opus,combining
./data/macroset/en/clips/combining/common_voice_en_20294279.opus,combining
./data/macroset/en/clips/combining/common_voice_en_19451761.opus,combining
./data/macroset/en/clips/combining/common_voice_en_20782225.opus,combining
./data/macroset/en/clips/haunted/common_voice_en_20588264.opus,haunted
./data/macroset/en/clips/haunted/common_voice_en_175201.opus,haunted
./data/macroset/en/clips/haunted/common_voice_en_590755.opus,haunted
./data/macroset/en/clips/haunted/common_voice_en_19362334.opus,haunted
./data/macroset/en/clips/haunted/common_voice_en_21518440.opus,haunted
./data/macroset/en/clips/implies/common_voice_en_623041.opus,implies
./data/macroset/en/clips/implies/common_voice_en_19709075.opus,implies
./data/macroset/en/clips/implies/common_voice_en_20187712.opus,implies
./data/macroset/en/clips/implies/common_voice_en_19345584.opus,implies
./data/macroset/en/clips/implies/common_voice_en_21268290.opus,implies
./data/macroset/en/clips/mitchell/common_voice_en_164643.opus,mitchell
./data/macroset/en/clips/mitchell/common_voice_en_21522004.opus,mitchell
./data/macroset/en/clips/mitchell/common_voice_en_19246663__2.opus,mitchell
./data/macroset/en/clips/mitchell/common_voice_en_577988.opus,mitchell
./data/macroset/en/clips/mitchell/common_voice_en_20314545.opus,mitchell
./data/macroset/en/clips/despicable/common_voice_en_520676.opus,despicable
./data/macroset/en/clips/despicable/common_voice_en_193729.opus,despicable
./data/macroset/en/clips/despicable/common_voice_en_510817.opus,despicable
./data/macroset/en/clips/despicable/common_voice_en_630783.opus,despicable
./data/macroset/en/clips/despicable/common_voice_en_638908.opus,despicable
./data/macroset/en/clips/club/common_voice_en_19236833.opus,club
./data/macroset/en/clips/club/common_voice_en_20315677.opus,club
./data/macroset/en/clips/club/common_voice_en_21457701.opus,club
./data/macroset/en/clips/club/common_voice_en_19410814.opus,club
./data/macroset/en/clips/club/common_voice_en_20266157.opus,club
./data/macroset/en/clips/proverb/common_voice_en_62966.opus,proverb
./data/macroset/en/clips/proverb/common_voice_en_566941.opus,proverb
./data/macroset/en/clips/proverb/common_voice_en_540007.opus,proverb
./data/macroset/en/clips/proverb/common_voice_en_658507.opus,proverb
./data/macroset/en/clips/proverb/common_voice_en_638168.opus,proverb
./data/macroset/en/clips/marines/common_voice_en_21094096.opus,marines
./data/macroset/en/clips/marines/common_voice_en_20145506.opus,marines
./data/macroset/en/clips/marines/common_voice_en_565745.opus,marines
./data/macroset/en/clips/marines/common_voice_en_98159.opus,marines
./data/macroset/en/clips/marines/common_voice_en_167088.opus,marines
./data/macroset/en/clips/swing/common_voice_en_594350.opus,swing
./data/macroset/en/clips/swing/common_voice_en_8893.opus,swing
./data/macroset/en/clips/swing/common_voice_en_566303.opus,swing
./data/macroset/en/clips/swing/common_voice_en_246958.opus,swing
./data/macroset/en/clips/swing/common_voice_en_562433.opus,swing
./data/macroset/en/clips/syndrome/common_voice_en_21330955.opus,syndrome
./data/macroset/en/clips/syndrome/common_voice_en_19802679.opus,syndrome
./data/macroset/en/clips/syndrome/common_voice_en_18827695.opus,syndrome
./data/macroset/en/clips/syndrome/common_voice_en_21934863.opus,syndrome
./data/macroset/en/clips/syndrome/common_voice_en_20016733.opus,syndrome
./data/macroset/en/clips/heels/common_voice_en_687412.opus,heels
./data/macroset/en/clips/heels/common_voice_en_18105187.opus,heels
./data/macroset/en/clips/heels/common_voice_en_357308.opus,heels
./data/macroset/en/clips/heels/common_voice_en_18164153.opus,heels
./data/macroset/en/clips/heels/common_voice_en_647530.opus,heels
./data/macroset/en/clips/maiden/common_voice_en_19388593.opus,maiden
./data/macroset/en/clips/maiden/common_voice_en_21815598.opus,maiden
./data/macroset/en/clips/maiden/common_voice_en_20225049.opus,maiden
./data/macroset/en/clips/maiden/common_voice_en_21906701.opus,maiden
./data/macroset/en/clips/maiden/common_voice_en_19372122.opus,maiden
./data/macroset/en/clips/diagnosis/common_voice_en_22203932.opus,diagnosis
./data/macroset/en/clips/diagnosis/common_voice_en_21340687.opus,diagnosis
./data/macroset/en/clips/diagnosis/common_voice_en_22398514.opus,diagnosis
./data/macroset/en/clips/diagnosis/common_voice_en_20076777.opus,diagnosis
./data/macroset/en/clips/diagnosis/common_voice_en_22273045.opus,diagnosis
./data/macroset/en/clips/socialize/common_voice_en_17940748.opus,socialize
./data/macroset/en/clips/socialize/common_voice_en_18061427.opus,socialize
./data/macroset/en/clips/socialize/common_voice_en_485657.opus,socialize
./data/macroset/en/clips/socialize/common_voice_en_17485893.opus,socialize
./data/macroset/en/clips/socialize/common_voice_en_529374.opus,socialize
./data/macroset/en/clips/forgive/common_voice_en_18657276.opus,forgive
./data/macroset/en/clips/forgive/common_voice_en_18578952.opus,forgive
./data/macroset/en/clips/forgive/common_voice_en_20438424.opus,forgive
./data/macroset/en/clips/forgive/common_voice_en_18408387.opus,forgive
./data/macroset/en/clips/forgive/common_voice_en_18662531.opus,forgive
./data/macroset/en/clips/wants/common_voice_en_46926.opus,wants
./data/macroset/en/clips/wants/common_voice_en_598193.opus,wants
./data/macroset/en/clips/wants/common_voice_en_204008.opus,wants
./data/macroset/en/clips/wants/common_voice_en_9724.opus,wants
./data/macroset/en/clips/wants/common_voice_en_689588.opus,wants
./data/macroset/en/clips/utah/common_voice_en_19540741.opus,utah
./data/macroset/en/clips/utah/common_voice_en_22135986.opus,utah
./data/macroset/en/clips/utah/common_voice_en_19977100__2.opus,utah
./data/macroset/en/clips/utah/common_voice_en_19983357.opus,utah
./data/macroset/en/clips/utah/common_voice_en_207299.opus,utah
./data/macroset/en/clips/accomplice/common_voice_en_17799201.opus,accomplice
./data/macroset/en/clips/accomplice/common_voice_en_18632214.opus,accomplice
./data/macroset/en/clips/accomplice/common_voice_en_337437.opus,accomplice
./data/macroset/en/clips/accomplice/common_voice_en_18023385.opus,accomplice
./data/macroset/en/clips/accomplice/common_voice_en_17877611.opus,accomplice
./data/macroset/en/clips/reason/common_voice_en_536977.opus,reason
./data/macroset/en/clips/reason/common_voice_en_20738778.opus,reason
./data/macroset/en/clips/reason/common_voice_en_490078.opus,reason
./data/macroset/en/clips/reason/common_voice_en_589495.opus,reason
./data/macroset/en/clips/reason/common_voice_en_690566.opus,reason
./data/macroset/en/clips/ruby/common_voice_en_19844594.opus,ruby
./data/macroset/en/clips/ruby/common_voice_en_18788942.opus,ruby
./data/macroset/en/clips/ruby/common_voice_en_20162899.opus,ruby
./data/macroset/en/clips/ruby/common_voice_en_19637482.opus,ruby
./data/macroset/en/clips/ruby/common_voice_en_20900223.opus,ruby
./data/macroset/en/clips/insignia/common_voice_en_19983377.opus,insignia
./data/macroset/en/clips/insignia/common_voice_en_20783771.opus,insignia
./data/macroset/en/clips/insignia/common_voice_en_22126664.opus,insignia
./data/macroset/en/clips/insignia/common_voice_en_20354826.opus,insignia
./data/macroset/en/clips/insignia/common_voice_en_19439351.opus,insignia
./data/macroset/en/clips/loop/common_voice_en_19616868.opus,loop
./data/macroset/en/clips/loop/common_voice_en_20498823.opus,loop
./data/macroset/en/clips/loop/common_voice_en_18673577.opus,loop
./data/macroset/en/clips/loop/common_voice_en_21258789.opus,loop
./data/macroset/en/clips/loop/common_voice_en_19148369.opus,loop
./data/macroset/en/clips/rims/common_voice_en_480342.opus,rims
./data/macroset/en/clips/rims/common_voice_en_598277.opus,rims
./data/macroset/en/clips/rims/common_voice_en_499375.opus,rims
./data/macroset/en/clips/rims/common_voice_en_479811.opus,rims
./data/macroset/en/clips/rims/common_voice_en_506943.opus,rims
./data/macroset/en/clips/renewed/common_voice_en_19994966.opus,renewed
./data/macroset/en/clips/renewed/common_voice_en_19630442.opus,renewed
./data/macroset/en/clips/renewed/common_voice_en_18841995.opus,renewed
./data/macroset/en/clips/renewed/common_voice_en_20553161.opus,renewed
./data/macroset/en/clips/renewed/common_voice_en_19909101.opus,renewed
./data/macroset/en/clips/increased/common_voice_en_5559142.opus,increased
./data/macroset/en/clips/increased/common_voice_en_18743595.opus,increased
./data/macroset/en/clips/increased/common_voice_en_21683823.opus,increased
./data/macroset/en/clips/increased/common_voice_en_22361023.opus,increased
./data/macroset/en/clips/increased/common_voice_en_22404564.opus,increased
./data/macroset/en/clips/aperture/common_voice_en_481556.opus,aperture
./data/macroset/en/clips/aperture/common_voice_en_499830.opus,aperture
./data/macroset/en/clips/aperture/common_voice_en_502058.opus,aperture
./data/macroset/en/clips/aperture/common_voice_en_559417.opus,aperture
./data/macroset/en/clips/aperture/common_voice_en_2202927.opus,aperture
./data/macroset/en/clips/soprano/common_voice_en_20969054.opus,soprano
./data/macroset/en/clips/soprano/common_voice_en_22448659.opus,soprano
./data/macroset/en/clips/soprano/common_voice_en_19196718.opus,soprano
./data/macroset/en/clips/soprano/common_voice_en_20049649.opus,soprano
./data/macroset/en/clips/soprano/common_voice_en_18836261.opus,soprano
./data/macroset/en/clips/tells/common_voice_en_20785175.opus,tells
./data/macroset/en/clips/tells/common_voice_en_560582.opus,tells
./data/macroset/en/clips/tells/common_voice_en_20284705.opus,tells
./data/macroset/en/clips/tells/common_voice_en_19966615.opus,tells
./data/macroset/en/clips/tells/common_voice_en_19472042.opus,tells
./data/macroset/en/clips/bushes/common_voice_en_1858112.opus,bushes
./data/macroset/en/clips/bushes/common_voice_en_317584.opus,bushes
./data/macroset/en/clips/bushes/common_voice_en_677254.opus,bushes
./data/macroset/en/clips/bushes/common_voice_en_663983.opus,bushes
./data/macroset/en/clips/bushes/common_voice_en_19515592.opus,bushes
./data/macroset/en/clips/settlement/common_voice_en_20228969.opus,settlement
./data/macroset/en/clips/settlement/common_voice_en_20883848.opus,settlement
./data/macroset/en/clips/settlement/common_voice_en_20994955.opus,settlement
./data/macroset/en/clips/settlement/common_voice_en_19868322.opus,settlement
./data/macroset/en/clips/settlement/common_voice_en_20101534.opus,settlement
./data/macroset/en/clips/upright/common_voice_en_92030.opus,upright
./data/macroset/en/clips/upright/common_voice_en_316911.opus,upright
./data/macroset/en/clips/upright/common_voice_en_19644785.opus,upright
./data/macroset/en/clips/upright/common_voice_en_18130792.opus,upright
./data/macroset/en/clips/upright/common_voice_en_21129382.opus,upright
./data/macroset/en/clips/feed/common_voice_en_17994400.opus,feed
./data/macroset/en/clips/feed/common_voice_en_46822.opus,feed
./data/macroset/en/clips/feed/common_voice_en_17910641.opus,feed
./data/macroset/en/clips/feed/common_voice_en_18142627.opus,feed
./data/macroset/en/clips/feed/common_voice_en_19615260.opus,feed
./data/macroset/en/clips/gas/common_voice_en_19185247.opus,gas
./data/macroset/en/clips/gas/common_voice_en_191592.opus,gas
./data/macroset/en/clips/gas/common_voice_en_47340.opus,gas
./data/macroset/en/clips/gas/common_voice_en_178431.opus,gas
./data/macroset/en/clips/gas/common_voice_en_506067.opus,gas
./data/macroset/en/clips/revised/common_voice_en_20565154.opus,revised
./data/macroset/en/clips/revised/common_voice_en_270658.opus,revised
./data/macroset/en/clips/revised/common_voice_en_19239656.opus,revised
./data/macroset/en/clips/revised/common_voice_en_22273304.opus,revised
./data/macroset/en/clips/revised/common_voice_en_19552266.opus,revised
./data/macroset/en/clips/courthouse/common_voice_en_19611084.opus,courthouse
./data/macroset/en/clips/courthouse/common_voice_en_21405040.opus,courthouse
./data/macroset/en/clips/courthouse/common_voice_en_21340962.opus,courthouse
./data/macroset/en/clips/courthouse/common_voice_en_20767385__2.opus,courthouse
./data/macroset/en/clips/courthouse/common_voice_en_18948213.opus,courthouse
./data/macroset/en/clips/pits/common_voice_en_173707.opus,pits
./data/macroset/en/clips/pits/common_voice_en_567154.opus,pits
./data/macroset/en/clips/pits/common_voice_en_654864.opus,pits
./data/macroset/en/clips/pits/common_voice_en_596646.opus,pits
./data/macroset/en/clips/pits/common_voice_en_203315.opus,pits
./data/macroset/en/clips/turtles/common_voice_en_20933695.opus,turtles
./data/macroset/en/clips/turtles/common_voice_en_19748729.opus,turtles
./data/macroset/en/clips/turtles/common_voice_en_22259297.opus,turtles
./data/macroset/en/clips/turtles/common_voice_en_20307626.opus,turtles
./data/macroset/en/clips/turtles/common_voice_en_18654369.opus,turtles
./data/macroset/en/clips/andrea/common_voice_en_19552236.opus,andrea
./data/macroset/en/clips/andrea/common_voice_en_21070328.opus,andrea
./data/macroset/en/clips/andrea/common_voice_en_19259676.opus,andrea
./data/macroset/en/clips/andrea/common_voice_en_21456241.opus,andrea
./data/macroset/en/clips/andrea/common_voice_en_18938991.opus,andrea
./data/macroset/en/clips/pros/common_voice_en_18005762.opus,pros
./data/macroset/en/clips/pros/common_voice_en_19728080.opus,pros
./data/macroset/en/clips/pros/common_voice_en_17917033.opus,pros
./data/macroset/en/clips/pros/common_voice_en_18255952.opus,pros
./data/macroset/en/clips/pros/common_voice_en_18075350.opus,pros
./data/macroset/en/clips/stalking/common_voice_en_518463.opus,stalking
./data/macroset/en/clips/stalking/common_voice_en_18144627.opus,stalking
./data/macroset/en/clips/stalking/common_voice_en_648698.opus,stalking
./data/macroset/en/clips/stalking/common_voice_en_18098301.opus,stalking
./data/macroset/en/clips/stalking/common_voice_en_94300.opus,stalking
./data/macroset/en/clips/brolly/common_voice_en_17321428.opus,brolly
./data/macroset/en/clips/brolly/common_voice_en_17441683.opus,brolly
./data/macroset/en/clips/brolly/common_voice_en_17268903.opus,brolly
./data/macroset/en/clips/brolly/common_voice_en_17440993.opus,brolly
./data/macroset/en/clips/brolly/common_voice_en_17278644.opus,brolly
./data/macroset/en/clips/isle/common_voice_en_22377211.opus,isle
./data/macroset/en/clips/isle/common_voice_en_20978413.opus,isle
./data/macroset/en/clips/isle/common_voice_en_21828556.opus,isle
./data/macroset/en/clips/isle/common_voice_en_19841028.opus,isle
./data/macroset/en/clips/isle/common_voice_en_19410583.opus,isle
./data/macroset/en/clips/alongside/common_voice_en_21752694.opus,alongside
./data/macroset/en/clips/alongside/common_voice_en_20449342.opus,alongside
./data/macroset/en/clips/alongside/common_voice_en_688615.opus,alongside
./data/macroset/en/clips/alongside/common_voice_en_20255826.opus,alongside
./data/macroset/en/clips/alongside/common_voice_en_488594.opus,alongside
./data/macroset/en/clips/mosque/common_voice_en_20270835.opus,mosque
./data/macroset/en/clips/mosque/common_voice_en_20344631__2.opus,mosque
./data/macroset/en/clips/mosque/common_voice_en_21764777.opus,mosque
./data/macroset/en/clips/mosque/common_voice_en_20344631.opus,mosque
./data/macroset/en/clips/mosque/common_voice_en_20746902.opus,mosque
./data/macroset/en/clips/theories/common_voice_en_18915324.opus,theories
./data/macroset/en/clips/theories/common_voice_en_20631408.opus,theories
./data/macroset/en/clips/theories/common_voice_en_21721565.opus,theories
./data/macroset/en/clips/theories/common_voice_en_20289332.opus,theories
./data/macroset/en/clips/theories/common_voice_en_20729013.opus,theories
./data/macroset/en/clips/documentation/common_voice_en_22275221.opus,documentation
./data/macroset/en/clips/documentation/common_voice_en_22234593.opus,documentation
./data/macroset/en/clips/documentation/common_voice_en_20837176.opus,documentation
./data/macroset/en/clips/documentation/common_voice_en_21721815.opus,documentation
./data/macroset/en/clips/documentation/common_voice_en_21319389.opus,documentation
./data/macroset/en/clips/interview/common_voice_en_18673706.opus,interview
./data/macroset/en/clips/interview/common_voice_en_19941999.opus,interview
./data/macroset/en/clips/interview/common_voice_en_20746084.opus,interview
./data/macroset/en/clips/interview/common_voice_en_19562065.opus,interview
./data/macroset/en/clips/interview/common_voice_en_576500.opus,interview
./data/macroset/en/clips/hung/common_voice_en_18156595.opus,hung
./data/macroset/en/clips/hung/common_voice_en_18486843.opus,hung
./data/macroset/en/clips/hung/common_voice_en_18513327.opus,hung
./data/macroset/en/clips/hung/common_voice_en_18419634.opus,hung
./data/macroset/en/clips/hung/common_voice_en_17376424.opus,hung
./data/macroset/en/clips/controls/common_voice_en_19249267.opus,controls
./data/macroset/en/clips/controls/common_voice_en_18600099.opus,controls
./data/macroset/en/clips/controls/common_voice_en_19533821.opus,controls
./data/macroset/en/clips/controls/common_voice_en_20234313.opus,controls
./data/macroset/en/clips/controls/common_voice_en_19944920.opus,controls
./data/macroset/en/clips/wanna/common_voice_en_583152.opus,wanna
./data/macroset/en/clips/wanna/common_voice_en_55449.opus,wanna
./data/macroset/en/clips/wanna/common_voice_en_524131.opus,wanna
./data/macroset/en/clips/wanna/common_voice_en_671219.opus,wanna
./data/macroset/en/clips/wanna/common_voice_en_651904.opus,wanna
./data/macroset/en/clips/flooded/common_voice_en_21381508.opus,flooded
./data/macroset/en/clips/flooded/common_voice_en_20179401.opus,flooded
./data/macroset/en/clips/flooded/common_voice_en_21367728.opus,flooded
./data/macroset/en/clips/flooded/common_voice_en_21827510.opus,flooded
./data/macroset/en/clips/flooded/common_voice_en_21111258.opus,flooded
./data/macroset/en/clips/platform/common_voice_en_19371992.opus,platform
./data/macroset/en/clips/platform/common_voice_en_18348539.opus,platform
./data/macroset/en/clips/platform/common_voice_en_20877933.opus,platform
./data/macroset/en/clips/platform/common_voice_en_21333900.opus,platform
./data/macroset/en/clips/platform/common_voice_en_22471059.opus,platform
./data/macroset/en/clips/formal/common_voice_en_20833988.opus,formal
./data/macroset/en/clips/formal/common_voice_en_20965536.opus,formal
./data/macroset/en/clips/formal/common_voice_en_20043348.opus,formal
./data/macroset/en/clips/formal/common_voice_en_20589217.opus,formal
./data/macroset/en/clips/formal/common_voice_en_20006191.opus,formal
./data/macroset/en/clips/chart/common_voice_en_20438420.opus,chart
./data/macroset/en/clips/chart/common_voice_en_19148682.opus,chart
./data/macroset/en/clips/chart/common_voice_en_19196833.opus,chart
./data/macroset/en/clips/chart/common_voice_en_20424850.opus,chart
./data/macroset/en/clips/chart/common_voice_en_11820810.opus,chart
./data/macroset/en/clips/declined/common_voice_en_22312829.opus,declined
./data/macroset/en/clips/declined/common_voice_en_19504761.opus,declined
./data/macroset/en/clips/declined/common_voice_en_22294345.opus,declined
./data/macroset/en/clips/declined/common_voice_en_19981658.opus,declined
./data/macroset/en/clips/declined/common_voice_en_18814897.opus,declined
./data/macroset/en/clips/owls/common_voice_en_19777735.opus,owls
./data/macroset/en/clips/owls/common_voice_en_19468415.opus,owls
./data/macroset/en/clips/owls/common_voice_en_629992.opus,owls
./data/macroset/en/clips/owls/common_voice_en_18409405.opus,owls
./data/macroset/en/clips/owls/common_voice_en_18491308.opus,owls
./data/macroset/en/clips/kept/common_voice_en_18004345.opus,kept
./data/macroset/en/clips/kept/common_voice_en_18554733.opus,kept
./data/macroset/en/clips/kept/common_voice_en_595364.opus,kept
./data/macroset/en/clips/kept/common_voice_en_17810298.opus,kept
./data/macroset/en/clips/kept/common_voice_en_99758.opus,kept
./data/macroset/en/clips/garfield/common_voice_en_19840347.opus,garfield
./data/macroset/en/clips/garfield/common_voice_en_21629462.opus,garfield
./data/macroset/en/clips/garfield/common_voice_en_19672213.opus,garfield
./data/macroset/en/clips/garfield/common_voice_en_19716394.opus,garfield
./data/macroset/en/clips/garfield/common_voice_en_20120564.opus,garfield
./data/macroset/en/clips/emblem/common_voice_en_21091868.opus,emblem
./data/macroset/en/clips/emblem/common_voice_en_19521181.opus,emblem
./data/macroset/en/clips/emblem/common_voice_en_21704886.opus,emblem
./data/macroset/en/clips/emblem/common_voice_en_22349745.opus,emblem
./data/macroset/en/clips/emblem/common_voice_en_20031563.opus,emblem
./data/macroset/en/clips/tablet/common_voice_en_672675.opus,tablet
./data/macroset/en/clips/tablet/common_voice_en_65050.opus,tablet
./data/macroset/en/clips/tablet/common_voice_en_37953.opus,tablet
./data/macroset/en/clips/tablet/common_voice_en_17266055.opus,tablet
./data/macroset/en/clips/tablet/common_voice_en_174334.opus,tablet
./data/macroset/en/clips/consequently/common_voice_en_20661390.opus,consequently
./data/macroset/en/clips/consequently/common_voice_en_21764867.opus,consequently
./data/macroset/en/clips/consequently/common_voice_en_19013103.opus,consequently
./data/macroset/en/clips/consequently/common_voice_en_18770515.opus,consequently
./data/macroset/en/clips/consequently/common_voice_en_20360768.opus,consequently
./data/macroset/en/clips/denied/common_voice_en_22324318.opus,denied
./data/macroset/en/clips/denied/common_voice_en_21915653.opus,denied
./data/macroset/en/clips/denied/common_voice_en_544637.opus,denied
./data/macroset/en/clips/denied/common_voice_en_494960.opus,denied
./data/macroset/en/clips/denied/common_voice_en_18429761.opus,denied
./data/macroset/en/clips/emeritus/common_voice_en_20215447.opus,emeritus
./data/macroset/en/clips/emeritus/common_voice_en_20005713.opus,emeritus
./data/macroset/en/clips/emeritus/common_voice_en_20931411.opus,emeritus
./data/macroset/en/clips/emeritus/common_voice_en_19579163.opus,emeritus
./data/macroset/en/clips/emeritus/common_voice_en_22420575.opus,emeritus
./data/macroset/en/clips/ports/common_voice_en_19570198.opus,ports
./data/macroset/en/clips/ports/common_voice_en_19580167.opus,ports
./data/macroset/en/clips/ports/common_voice_en_19056241.opus,ports
./data/macroset/en/clips/ports/common_voice_en_21832994.opus,ports
./data/macroset/en/clips/ports/common_voice_en_20968435.opus,ports
./data/macroset/en/clips/hustle/common_voice_en_167339.opus,hustle
./data/macroset/en/clips/hustle/common_voice_en_71373.opus,hustle
./data/macroset/en/clips/hustle/common_voice_en_32151.opus,hustle
./data/macroset/en/clips/hustle/common_voice_en_589220.opus,hustle
./data/macroset/en/clips/hustle/common_voice_en_487979.opus,hustle
./data/macroset/en/clips/diversion/common_voice_en_20807949.opus,diversion
./data/macroset/en/clips/diversion/common_voice_en_18453641.opus,diversion
./data/macroset/en/clips/diversion/common_voice_en_18349185.opus,diversion
./data/macroset/en/clips/diversion/common_voice_en_20961201.opus,diversion
./data/macroset/en/clips/diversion/common_voice_en_18342513.opus,diversion
./data/macroset/en/clips/attempted/common_voice_en_20234285.opus,attempted
./data/macroset/en/clips/attempted/common_voice_en_19831499.opus,attempted
./data/macroset/en/clips/attempted/common_voice_en_21164033.opus,attempted
./data/macroset/en/clips/attempted/common_voice_en_19046560.opus,attempted
./data/macroset/en/clips/attempted/common_voice_en_18738712.opus,attempted
./data/macroset/en/clips/closely/common_voice_en_19267502.opus,closely
./data/macroset/en/clips/closely/common_voice_en_18746145.opus,closely
./data/macroset/en/clips/closely/common_voice_en_19543810.opus,closely
./data/macroset/en/clips/closely/common_voice_en_22398284.opus,closely
./data/macroset/en/clips/closely/common_voice_en_19705771.opus,closely
./data/macroset/en/clips/encampment/common_voice_en_552480.opus,encampment
./data/macroset/en/clips/encampment/common_voice_en_22096618.opus,encampment
./data/macroset/en/clips/encampment/common_voice_en_548175.opus,encampment
./data/macroset/en/clips/encampment/common_voice_en_65316.opus,encampment
./data/macroset/en/clips/encampment/common_voice_en_614729.opus,encampment
./data/macroset/en/clips/kilo/common_voice_en_73869.opus,kilo
./data/macroset/en/clips/kilo/common_voice_en_15735523.opus,kilo
./data/macroset/en/clips/kilo/common_voice_en_17344910.opus,kilo
./data/macroset/en/clips/kilo/common_voice_en_571803.opus,kilo
./data/macroset/en/clips/kilo/common_voice_en_21467398.opus,kilo
./data/macroset/en/clips/fresh/common_voice_en_21575797.opus,fresh
./data/macroset/en/clips/fresh/common_voice_en_18350279.opus,fresh
./data/macroset/en/clips/fresh/common_voice_en_17433393.opus,fresh
./data/macroset/en/clips/fresh/common_voice_en_20860911.opus,fresh
./data/macroset/en/clips/fresh/common_voice_en_16047447.opus,fresh
./data/macroset/en/clips/angeles/common_voice_en_22199433.opus,angeles
./data/macroset/en/clips/angeles/common_voice_en_19254156.opus,angeles
./data/macroset/en/clips/angeles/common_voice_en_19869819.opus,angeles
./data/macroset/en/clips/angeles/common_voice_en_22168451.opus,angeles
./data/macroset/en/clips/angeles/common_voice_en_22031.opus,angeles
./data/macroset/en/clips/quench/common_voice_en_17538862.opus,quench
./data/macroset/en/clips/quench/common_voice_en_17802055.opus,quench
./data/macroset/en/clips/quench/common_voice_en_17286456.opus,quench
./data/macroset/en/clips/quench/common_voice_en_17276059.opus,quench
./data/macroset/en/clips/quench/common_voice_en_17715598.opus,quench
./data/macroset/en/clips/finely/common_voice_en_21798324.opus,finely
./data/macroset/en/clips/finely/common_voice_en_19827717.opus,finely
./data/macroset/en/clips/finely/common_voice_en_17981916.opus,finely
./data/macroset/en/clips/finely/common_voice_en_18117888.opus,finely
./data/macroset/en/clips/finely/common_voice_en_20928649.opus,finely
./data/macroset/en/clips/illustrated/common_voice_en_22093377.opus,illustrated
./data/macroset/en/clips/illustrated/common_voice_en_22448600.opus,illustrated
./data/macroset/en/clips/illustrated/common_voice_en_20297631.opus,illustrated
./data/macroset/en/clips/illustrated/common_voice_en_22194570.opus,illustrated
./data/macroset/en/clips/illustrated/common_voice_en_20748326.opus,illustrated
./data/macroset/en/clips/architectural/common_voice_en_19559710.opus,architectural
./data/macroset/en/clips/architectural/common_voice_en_18757780.opus,architectural
./data/macroset/en/clips/architectural/common_voice_en_20220606.opus,architectural
./data/macroset/en/clips/architectural/common_voice_en_22018248.opus,architectural
./data/macroset/en/clips/architectural/common_voice_en_19665382.opus,architectural
./data/macroset/en/clips/debra/common_voice_en_19650172.opus,debra
./data/macroset/en/clips/debra/common_voice_en_62560.opus,debra
./data/macroset/en/clips/debra/common_voice_en_675721.opus,debra
./data/macroset/en/clips/debra/common_voice_en_17911307.opus,debra
./data/macroset/en/clips/debra/common_voice_en_525258.opus,debra
./data/macroset/en/clips/invaded/common_voice_en_21454254.opus,invaded
./data/macroset/en/clips/invaded/common_voice_en_19909464.opus,invaded
./data/macroset/en/clips/invaded/common_voice_en_18677735.opus,invaded
./data/macroset/en/clips/invaded/common_voice_en_18750325.opus,invaded
./data/macroset/en/clips/invaded/common_voice_en_19142245.opus,invaded
./data/macroset/en/clips/eight/common_voice_en_20256110.opus,eight
./data/macroset/en/clips/eight/common_voice_en_22125892.opus,eight
./data/macroset/en/clips/eight/common_voice_en_17755029.opus,eight
./data/macroset/en/clips/eight/common_voice_en_18336237.opus,eight
./data/macroset/en/clips/eight/common_voice_en_38826.opus,eight
./data/macroset/en/clips/clubs/common_voice_en_3013.opus,clubs
./data/macroset/en/clips/clubs/common_voice_en_21981138.opus,clubs
./data/macroset/en/clips/clubs/common_voice_en_25944.opus,clubs
./data/macroset/en/clips/clubs/common_voice_en_629622.opus,clubs
./data/macroset/en/clips/clubs/common_voice_en_21736460.opus,clubs
./data/macroset/en/clips/addicted/common_voice_en_20781175.opus,addicted
./data/macroset/en/clips/addicted/common_voice_en_339549.opus,addicted
./data/macroset/en/clips/addicted/common_voice_en_487991.opus,addicted
./data/macroset/en/clips/addicted/common_voice_en_1492876.opus,addicted
./data/macroset/en/clips/addicted/common_voice_en_604321.opus,addicted
./data/macroset/en/clips/comings/common_voice_en_549829.opus,comings
./data/macroset/en/clips/comings/common_voice_en_9144.opus,comings
./data/macroset/en/clips/comings/common_voice_en_79687.opus,comings
./data/macroset/en/clips/comings/common_voice_en_667553.opus,comings
./data/macroset/en/clips/comings/common_voice_en_68236.opus,comings
./data/macroset/en/clips/sandra/common_voice_en_17798759.opus,sandra
./data/macroset/en/clips/sandra/common_voice_en_17294190.opus,sandra
./data/macroset/en/clips/sandra/common_voice_en_17256819.opus,sandra
./data/macroset/en/clips/sandra/common_voice_en_214183.opus,sandra
./data/macroset/en/clips/sandra/common_voice_en_176339.opus,sandra
./data/macroset/en/clips/collins/common_voice_en_19032725.opus,collins
./data/macroset/en/clips/collins/common_voice_en_19718970.opus,collins
./data/macroset/en/clips/collins/common_voice_en_19798436.opus,collins
./data/macroset/en/clips/collins/common_voice_en_22365733.opus,collins
./data/macroset/en/clips/collins/common_voice_en_19513071.opus,collins
./data/macroset/en/clips/colonial/common_voice_en_19827868.opus,colonial
./data/macroset/en/clips/colonial/common_voice_en_22471062.opus,colonial
./data/macroset/en/clips/colonial/common_voice_en_20104952.opus,colonial
./data/macroset/en/clips/colonial/common_voice_en_19694498.opus,colonial
./data/macroset/en/clips/colonial/common_voice_en_22085924.opus,colonial
./data/macroset/en/clips/famous/common_voice_en_696478.opus,famous
./data/macroset/en/clips/famous/common_voice_en_20965517.opus,famous
./data/macroset/en/clips/famous/common_voice_en_19249001.opus,famous
./data/macroset/en/clips/famous/common_voice_en_627657.opus,famous
./data/macroset/en/clips/famous/common_voice_en_16048254.opus,famous
./data/macroset/en/clips/married/common_voice_en_22081591.opus,married
./data/macroset/en/clips/married/common_voice_en_20387095.opus,married
./data/macroset/en/clips/married/common_voice_en_20074572.opus,married
./data/macroset/en/clips/married/common_voice_en_19260305.opus,married
./data/macroset/en/clips/married/common_voice_en_20183339.opus,married
./data/macroset/en/clips/cyndi/common_voice_en_18086.opus,cyndi
./data/macroset/en/clips/cyndi/common_voice_en_682737.opus,cyndi
./data/macroset/en/clips/cyndi/common_voice_en_591082.opus,cyndi
./data/macroset/en/clips/cyndi/common_voice_en_632698.opus,cyndi
./data/macroset/en/clips/cyndi/common_voice_en_94351.opus,cyndi
./data/macroset/en/clips/butter/common_voice_en_87919.opus,butter
./data/macroset/en/clips/butter/common_voice_en_520407.opus,butter
./data/macroset/en/clips/butter/common_voice_en_18638242.opus,butter
./data/macroset/en/clips/butter/common_voice_en_17724313.opus,butter
./data/macroset/en/clips/butter/common_voice_en_18142525.opus,butter
./data/macroset/en/clips/specialized/common_voice_en_18509012.opus,specialized
./data/macroset/en/clips/specialized/common_voice_en_18073417.opus,specialized
./data/macroset/en/clips/specialized/common_voice_en_21086635.opus,specialized
./data/macroset/en/clips/specialized/common_voice_en_22355227.opus,specialized
./data/macroset/en/clips/specialized/common_voice_en_18488994.opus,specialized
./data/macroset/en/clips/nudism/common_voice_en_17792485.opus,nudism
./data/macroset/en/clips/nudism/common_voice_en_611772.opus,nudism
./data/macroset/en/clips/nudism/common_voice_en_174624.opus,nudism
./data/macroset/en/clips/nudism/common_voice_en_18127239.opus,nudism
./data/macroset/en/clips/nudism/common_voice_en_17452888.opus,nudism
./data/macroset/en/clips/smuggling/common_voice_en_21252990.opus,smuggling
./data/macroset/en/clips/smuggling/common_voice_en_17910447.opus,smuggling
./data/macroset/en/clips/smuggling/common_voice_en_17654324.opus,smuggling
./data/macroset/en/clips/smuggling/common_voice_en_219075.opus,smuggling
./data/macroset/en/clips/smuggling/common_voice_en_18124951.opus,smuggling
./data/macroset/en/clips/fictional/common_voice_en_18679492.opus,fictional
./data/macroset/en/clips/fictional/common_voice_en_21877196.opus,fictional
./data/macroset/en/clips/fictional/common_voice_en_22185226.opus,fictional
./data/macroset/en/clips/fictional/common_voice_en_19843835.opus,fictional
./data/macroset/en/clips/fictional/common_voice_en_20732019.opus,fictional
./data/macroset/en/clips/chains/common_voice_en_19742685.opus,chains
./data/macroset/en/clips/chains/common_voice_en_19475545.opus,chains
./data/macroset/en/clips/chains/common_voice_en_22288641.opus,chains
./data/macroset/en/clips/chains/common_voice_en_19983213.opus,chains
./data/macroset/en/clips/chains/common_voice_en_19501975.opus,chains
./data/macroset/en/clips/digging/common_voice_en_594712.opus,digging
./data/macroset/en/clips/digging/common_voice_en_595664.opus,digging
./data/macroset/en/clips/digging/common_voice_en_18647635.opus,digging
./data/macroset/en/clips/digging/common_voice_en_2123.opus,digging
./data/macroset/en/clips/digging/common_voice_en_18276078.opus,digging
./data/macroset/en/clips/friends/common_voice_en_652278.opus,friends
./data/macroset/en/clips/friends/common_voice_en_17663017.opus,friends
./data/macroset/en/clips/friends/common_voice_en_18062144.opus,friends
./data/macroset/en/clips/friends/common_voice_en_19762753.opus,friends
./data/macroset/en/clips/friends/common_voice_en_215526.opus,friends
./data/macroset/en/clips/apprentice/common_voice_en_631157.opus,apprentice
./data/macroset/en/clips/apprentice/common_voice_en_616461.opus,apprentice
./data/macroset/en/clips/apprentice/common_voice_en_541402.opus,apprentice
./data/macroset/en/clips/apprentice/common_voice_en_81493.opus,apprentice
./data/macroset/en/clips/apprentice/common_voice_en_20274.opus,apprentice
./data/macroset/en/clips/mediterranean/common_voice_en_20133336.opus,mediterranean
./data/macroset/en/clips/mediterranean/common_voice_en_19534836.opus,mediterranean
./data/macroset/en/clips/mediterranean/common_voice_en_20253048.opus,mediterranean
./data/macroset/en/clips/mediterranean/common_voice_en_19980580.opus,mediterranean
./data/macroset/en/clips/mediterranean/common_voice_en_20279430.opus,mediterranean
./data/macroset/en/clips/chester/common_voice_en_19592421.opus,chester
./data/macroset/en/clips/chester/common_voice_en_19627043.opus,chester
./data/macroset/en/clips/chester/common_voice_en_20572320.opus,chester
./data/macroset/en/clips/chester/common_voice_en_20836227.opus,chester
./data/macroset/en/clips/chester/common_voice_en_21283004.opus,chester
./data/macroset/en/clips/graduate/common_voice_en_21874245.opus,graduate
./data/macroset/en/clips/graduate/common_voice_en_18748576.opus,graduate
./data/macroset/en/clips/graduate/common_voice_en_19363221.opus,graduate
./data/macroset/en/clips/graduate/common_voice_en_19526592.opus,graduate
./data/macroset/en/clips/graduate/common_voice_en_19664398.opus,graduate
./data/macroset/en/clips/fuss/common_voice_en_542400.opus,fuss
./data/macroset/en/clips/fuss/common_voice_en_535987.opus,fuss
./data/macroset/en/clips/fuss/common_voice_en_551105.opus,fuss
./data/macroset/en/clips/fuss/common_voice_en_45712.opus,fuss
./data/macroset/en/clips/fuss/common_voice_en_21768921.opus,fuss
./data/macroset/en/clips/theology/common_voice_en_572353.opus,theology
./data/macroset/en/clips/theology/common_voice_en_19581259.opus,theology
./data/macroset/en/clips/theology/common_voice_en_205177.opus,theology
./data/macroset/en/clips/theology/common_voice_en_659039.opus,theology
./data/macroset/en/clips/theology/common_voice_en_563046.opus,theology
./data/macroset/en/clips/chores/common_voice_en_571369.opus,chores
./data/macroset/en/clips/chores/common_voice_en_76144.opus,chores
./data/macroset/en/clips/chores/common_voice_en_556287.opus,chores
./data/macroset/en/clips/chores/common_voice_en_603714.opus,chores
./data/macroset/en/clips/chores/common_voice_en_220811.opus,chores
./data/macroset/en/clips/occurs/common_voice_en_22065870.opus,occurs
./data/macroset/en/clips/occurs/common_voice_en_19093357.opus,occurs
./data/macroset/en/clips/occurs/common_voice_en_20234505.opus,occurs
./data/macroset/en/clips/occurs/common_voice_en_18743487.opus,occurs
./data/macroset/en/clips/occurs/common_voice_en_20039413.opus,occurs
./data/macroset/en/clips/relay/common_voice_en_17406998.opus,relay
./data/macroset/en/clips/relay/common_voice_en_17746336.opus,relay
./data/macroset/en/clips/relay/common_voice_en_18861196.opus,relay
./data/macroset/en/clips/relay/common_voice_en_20190773.opus,relay
./data/macroset/en/clips/relay/common_voice_en_17843960.opus,relay
./data/macroset/en/clips/televisions/common_voice_en_627317.opus,televisions
./data/macroset/en/clips/televisions/common_voice_en_184817.opus,televisions
./data/macroset/en/clips/televisions/common_voice_en_17733786.opus,televisions
./data/macroset/en/clips/televisions/common_voice_en_47996.opus,televisions
./data/macroset/en/clips/televisions/common_voice_en_390747.opus,televisions
./data/macroset/en/clips/sleeping/common_voice_en_496061.opus,sleeping
./data/macroset/en/clips/sleeping/common_voice_en_80255.opus,sleeping
./data/macroset/en/clips/sleeping/common_voice_en_20287067.opus,sleeping
./data/macroset/en/clips/sleeping/common_voice_en_99758.opus,sleeping
./data/macroset/en/clips/sleeping/common_voice_en_674980.opus,sleeping
./data/macroset/en/clips/mirrors/common_voice_en_19704421.opus,mirrors
./data/macroset/en/clips/mirrors/common_voice_en_21575797.opus,mirrors
./data/macroset/en/clips/mirrors/common_voice_en_20270717.opus,mirrors
./data/macroset/en/clips/mirrors/common_voice_en_18518344.opus,mirrors
./data/macroset/en/clips/mirrors/common_voice_en_20346801.opus,mirrors
./data/macroset/en/clips/fall/common_voice_en_20101773.opus,fall
./data/macroset/en/clips/fall/common_voice_en_20952673.opus,fall
./data/macroset/en/clips/fall/common_voice_en_19691947.opus,fall
./data/macroset/en/clips/fall/common_voice_en_17727880.opus,fall
./data/macroset/en/clips/fall/common_voice_en_17888204.opus,fall
./data/macroset/en/clips/extraction/common_voice_en_17893781.opus,extraction
./data/macroset/en/clips/extraction/common_voice_en_20313063.opus,extraction
./data/macroset/en/clips/extraction/common_voice_en_17923898.opus,extraction
./data/macroset/en/clips/extraction/common_voice_en_21760497.opus,extraction
./data/macroset/en/clips/extraction/common_voice_en_18016738.opus,extraction
./data/macroset/en/clips/cameo/common_voice_en_19672681.opus,cameo
./data/macroset/en/clips/cameo/common_voice_en_19659078.opus,cameo
./data/macroset/en/clips/cameo/common_voice_en_19025842.opus,cameo
./data/macroset/en/clips/cameo/common_voice_en_21867039.opus,cameo
./data/macroset/en/clips/cameo/common_voice_en_20460679.opus,cameo
./data/macroset/en/clips/troops/common_voice_en_496772.opus,troops
./data/macroset/en/clips/troops/common_voice_en_21862092.opus,troops
./data/macroset/en/clips/troops/common_voice_en_22007428.opus,troops
./data/macroset/en/clips/troops/common_voice_en_582052.opus,troops
./data/macroset/en/clips/troops/common_voice_en_19622706.opus,troops
./data/macroset/en/clips/killed/common_voice_en_21821347.opus,killed
./data/macroset/en/clips/killed/common_voice_en_19748151.opus,killed
./data/macroset/en/clips/killed/common_voice_en_18506377.opus,killed
./data/macroset/en/clips/killed/common_voice_en_19589988.opus,killed
./data/macroset/en/clips/killed/common_voice_en_20785453.opus,killed
./data/macroset/en/clips/relax/common_voice_en_95931.opus,relax
./data/macroset/en/clips/relax/common_voice_en_308485.opus,relax
./data/macroset/en/clips/relax/common_voice_en_74761.opus,relax
./data/macroset/en/clips/relax/common_voice_en_17844172.opus,relax
./data/macroset/en/clips/relax/common_voice_en_467585.opus,relax
./data/macroset/en/clips/assume/common_voice_en_17777404.opus,assume
./data/macroset/en/clips/assume/common_voice_en_20659209.opus,assume
./data/macroset/en/clips/assume/common_voice_en_35012.opus,assume
./data/macroset/en/clips/assume/common_voice_en_17473491.opus,assume
./data/macroset/en/clips/assume/common_voice_en_84701.opus,assume
./data/macroset/en/clips/indigestion/common_voice_en_37872.opus,indigestion
./data/macroset/en/clips/indigestion/common_voice_en_670361.opus,indigestion
./data/macroset/en/clips/indigestion/common_voice_en_18319870.opus,indigestion
./data/macroset/en/clips/indigestion/common_voice_en_624867.opus,indigestion
./data/macroset/en/clips/indigestion/common_voice_en_497329.opus,indigestion
./data/macroset/en/clips/nesting/common_voice_en_19511635.opus,nesting
./data/macroset/en/clips/nesting/common_voice_en_19772056.opus,nesting
./data/macroset/en/clips/nesting/common_voice_en_19466179.opus,nesting
./data/macroset/en/clips/nesting/common_voice_en_21345856.opus,nesting
./data/macroset/en/clips/nesting/common_voice_en_18837571.opus,nesting
./data/macroset/en/clips/maternity/common_voice_en_17303187.opus,maternity
./data/macroset/en/clips/maternity/common_voice_en_20316172.opus,maternity
./data/macroset/en/clips/maternity/common_voice_en_17257747.opus,maternity
./data/macroset/en/clips/maternity/common_voice_en_18105579.opus,maternity
./data/macroset/en/clips/maternity/common_voice_en_17321372.opus,maternity
./data/macroset/en/clips/water/common_voice_en_76494.opus,water
./data/macroset/en/clips/water/common_voice_en_19010643.opus,water
./data/macroset/en/clips/water/common_voice_en_19509236.opus,water
./data/macroset/en/clips/water/common_voice_en_88212.opus,water
./data/macroset/en/clips/water/common_voice_en_18867751.opus,water
./data/macroset/en/clips/nelson/common_voice_en_20049645.opus,nelson
./data/macroset/en/clips/nelson/common_voice_en_22361278.opus,nelson
./data/macroset/en/clips/nelson/common_voice_en_582267.opus,nelson
./data/macroset/en/clips/nelson/common_voice_en_21098360.opus,nelson
./data/macroset/en/clips/nelson/common_voice_en_512855.opus,nelson
./data/macroset/en/clips/improved/common_voice_en_17957458.opus,improved
./data/macroset/en/clips/improved/common_voice_en_20255792.opus,improved
./data/macroset/en/clips/improved/common_voice_en_19056569.opus,improved
./data/macroset/en/clips/improved/common_voice_en_22457739.opus,improved
./data/macroset/en/clips/improved/common_voice_en_19451860.opus,improved
./data/macroset/en/clips/whinnying/common_voice_en_640946__2.opus,whinnying
./data/macroset/en/clips/whinnying/common_voice_en_530421__2.opus,whinnying
./data/macroset/en/clips/whinnying/common_voice_en_522021.opus,whinnying
./data/macroset/en/clips/whinnying/common_voice_en_673414.opus,whinnying
./data/macroset/en/clips/whinnying/common_voice_en_61348__2.opus,whinnying
./data/macroset/en/clips/inspiration/common_voice_en_21375183.opus,inspiration
./data/macroset/en/clips/inspiration/common_voice_en_20688766.opus,inspiration
./data/macroset/en/clips/inspiration/common_voice_en_19562602.opus,inspiration
./data/macroset/en/clips/inspiration/common_voice_en_19547451.opus,inspiration
./data/macroset/en/clips/inspiration/common_voice_en_19402543.opus,inspiration
