link,word
./data/macroset/en/clips/advise/common_voice_en_19388050.opus,advise
./data/macroset/en/clips/advise/common_voice_en_17742736.opus,advise
./data/macroset/en/clips/advise/common_voice_en_673237.opus,advise
./data/macroset/en/clips/advise/common_voice_en_17283732.opus,advise
./data/macroset/en/clips/advise/common_voice_en_17851787.opus,advise
./data/macroset/en/clips/neighbors/common_voice_en_20817968.opus,neighbors
./data/macroset/en/clips/neighbors/common_voice_en_653503.opus,neighbors
./data/macroset/en/clips/neighbors/common_voice_en_19963172.opus,neighbors
./data/macroset/en/clips/neighbors/common_voice_en_615691.opus,neighbors
./data/macroset/en/clips/neighbors/common_voice_en_21897950.opus,neighbors
./data/macroset/en/clips/summit/common_voice_en_19774187.opus,summit
./data/macroset/en/clips/summit/common_voice_en_19947123.opus,summit
./data/macroset/en/clips/summit/common_voice_en_21094805.opus,summit
./data/macroset/en/clips/summit/common_voice_en_21125048.opus,summit
./data/macroset/en/clips/summit/common_voice_en_19647341.opus,summit
./data/macroset/en/clips/awaits/common_voice_en_20831034.opus,awaits
./data/macroset/en/clips/awaits/common_voice_en_630796.opus,awaits
./data/macroset/en/clips/awaits/common_voice_en_625250.opus,awaits
./data/macroset/en/clips/awaits/common_voice_en_20600204.opus,awaits
./data/macroset/en/clips/awaits/common_voice_en_518360.opus,awaits
./data/macroset/en/clips/fascinating/common_voice_en_565543.opus,fascinating
./data/macroset/en/clips/fascinating/common_voice_en_18352518.opus,fascinating
./data/macroset/en/clips/fascinating/common_voice_en_694676.opus,fascinating
./data/macroset/en/clips/fascinating/common_voice_en_500390.opus,fascinating
./data/macroset/en/clips/fascinating/common_voice_en_157819.opus,fascinating
./data/macroset/en/clips/lover/common_voice_en_20783451.opus,lover
./data/macroset/en/clips/lover/common_voice_en_19599276.opus,lover
./data/macroset/en/clips/lover/common_voice_en_19957928.opus,lover
./data/macroset/en/clips/lover/common_voice_en_19742620.opus,lover
./data/macroset/en/clips/lover/common_voice_en_19417004.opus,lover
./data/macroset/en/clips/diagnosed/common_voice_en_19672035.opus,diagnosed
./data/macroset/en/clips/diagnosed/common_voice_en_17961310.opus,diagnosed
./data/macroset/en/clips/diagnosed/common_voice_en_20006578.opus,diagnosed
./data/macroset/en/clips/diagnosed/common_voice_en_20689784.opus,diagnosed
./data/macroset/en/clips/diagnosed/common_voice_en_21128516.opus,diagnosed
./data/macroset/en/clips/scanning/common_voice_en_89597.opus,scanning
./data/macroset/en/clips/scanning/common_voice_en_19701804.opus,scanning
./data/macroset/en/clips/scanning/common_voice_en_69838.opus,scanning
./data/macroset/en/clips/scanning/common_voice_en_20327992.opus,scanning
./data/macroset/en/clips/scanning/common_voice_en_21759981.opus,scanning
./data/macroset/en/clips/traditional/common_voice_en_22277449.opus,traditional
./data/macroset/en/clips/traditional/common_voice_en_22405512.opus,traditional
./data/macroset/en/clips/traditional/common_voice_en_21304906.opus,traditional
./data/macroset/en/clips/traditional/common_voice_en_20952591.opus,traditional
./data/macroset/en/clips/traditional/common_voice_en_21764738.opus,traditional
./data/macroset/en/clips/sounded/common_voice_en_676910.opus,sounded
./data/macroset/en/clips/sounded/common_voice_en_18478284.opus,sounded
./data/macroset/en/clips/sounded/common_voice_en_660246.opus,sounded
./data/macroset/en/clips/sounded/common_voice_en_658678.opus,sounded
./data/macroset/en/clips/sounded/common_voice_en_645900.opus,sounded
./data/macroset/en/clips/showing/common_voice_en_209414.opus,showing
./data/macroset/en/clips/showing/common_voice_en_21378918.opus,showing
./data/macroset/en/clips/showing/common_voice_en_19111821.opus,showing
./data/macroset/en/clips/showing/common_voice_en_206644.opus,showing
./data/macroset/en/clips/showing/common_voice_en_664200.opus,showing
./data/macroset/en/clips/sensed/common_voice_en_560844.opus,sensed
./data/macroset/en/clips/sensed/common_voice_en_668423.opus,sensed
./data/macroset/en/clips/sensed/common_voice_en_681026.opus,sensed
./data/macroset/en/clips/sensed/common_voice_en_185699.opus,sensed
./data/macroset/en/clips/sensed/common_voice_en_684117.opus,sensed
./data/macroset/en/clips/weaken/common_voice_en_570652.opus,weaken
./data/macroset/en/clips/weaken/common_voice_en_23857.opus,weaken
./data/macroset/en/clips/weaken/common_voice_en_171478.opus,weaken
./data/macroset/en/clips/weaken/common_voice_en_41511.opus,weaken
./data/macroset/en/clips/weaken/common_voice_en_482689.opus,weaken
./data/macroset/en/clips/galaxy/common_voice_en_20996166.opus,galaxy
./data/macroset/en/clips/galaxy/common_voice_en_19635642.opus,galaxy
./data/macroset/en/clips/galaxy/common_voice_en_482581.opus,galaxy
./data/macroset/en/clips/galaxy/common_voice_en_18060419.opus,galaxy
./data/macroset/en/clips/galaxy/common_voice_en_19401222.opus,galaxy
./data/macroset/en/clips/photographed/common_voice_en_21374428.opus,photographed
./data/macroset/en/clips/photographed/common_voice_en_18835781.opus,photographed
./data/macroset/en/clips/photographed/common_voice_en_21469546.opus,photographed
./data/macroset/en/clips/photographed/common_voice_en_21389178.opus,photographed
./data/macroset/en/clips/photographed/common_voice_en_21777098.opus,photographed
./data/macroset/en/clips/flowing/common_voice_en_19698421.opus,flowing
./data/macroset/en/clips/flowing/common_voice_en_19291133.opus,flowing
./data/macroset/en/clips/flowing/common_voice_en_19946494.opus,flowing
./data/macroset/en/clips/flowing/common_voice_en_19744285.opus,flowing
./data/macroset/en/clips/flowing/common_voice_en_21144918.opus,flowing
./data/macroset/en/clips/failure/common_voice_en_164995.opus,failure
./data/macroset/en/clips/failure/common_voice_en_221143.opus,failure
./data/macroset/en/clips/failure/common_voice_en_71349.opus,failure
./data/macroset/en/clips/failure/common_voice_en_20247017.opus,failure
./data/macroset/en/clips/failure/common_voice_en_600388.opus,failure
./data/macroset/en/clips/debian/common_voice_en_19185180.opus,debian
./data/macroset/en/clips/debian/common_voice_en_196645.opus,debian
./data/macroset/en/clips/debian/common_voice_en_606015.opus,debian
./data/macroset/en/clips/debian/common_voice_en_19318398.opus,debian
./data/macroset/en/clips/debian/common_voice_en_3654489.opus,debian
./data/macroset/en/clips/coptic/common_voice_en_202237.opus,coptic
./data/macroset/en/clips/coptic/common_voice_en_635799.opus,coptic
./data/macroset/en/clips/coptic/common_voice_en_191083.opus,coptic
./data/macroset/en/clips/coptic/common_voice_en_22212732.opus,coptic
./data/macroset/en/clips/coptic/common_voice_en_665833.opus,coptic
./data/macroset/en/clips/swing/common_voice_en_21384263.opus,swing
./data/macroset/en/clips/swing/common_voice_en_19032696.opus,swing
./data/macroset/en/clips/swing/common_voice_en_20415995.opus,swing
./data/macroset/en/clips/swing/common_voice_en_20326136.opus,swing
./data/macroset/en/clips/swing/common_voice_en_559498.opus,swing
./data/macroset/en/clips/addictive/common_voice_en_17280810.opus,addictive
./data/macroset/en/clips/addictive/common_voice_en_17650741.opus,addictive
./data/macroset/en/clips/addictive/common_voice_en_19635992.opus,addictive
./data/macroset/en/clips/addictive/common_voice_en_18065469.opus,addictive
./data/macroset/en/clips/addictive/common_voice_en_590808.opus,addictive
./data/macroset/en/clips/tragedy/common_voice_en_20054872.opus,tragedy
./data/macroset/en/clips/tragedy/common_voice_en_21206213.opus,tragedy
./data/macroset/en/clips/tragedy/common_voice_en_20058585.opus,tragedy
./data/macroset/en/clips/tragedy/common_voice_en_18917149.opus,tragedy
./data/macroset/en/clips/tragedy/common_voice_en_20101532.opus,tragedy
./data/macroset/en/clips/uterine/common_voice_en_18847977.opus,uterine
./data/macroset/en/clips/uterine/common_voice_en_17860910.opus,uterine
./data/macroset/en/clips/uterine/common_voice_en_17332725.opus,uterine
./data/macroset/en/clips/uterine/common_voice_en_337464.opus,uterine
./data/macroset/en/clips/uterine/common_voice_en_18134260.opus,uterine
./data/macroset/en/clips/jerk/common_voice_en_96606.opus,jerk
./data/macroset/en/clips/jerk/common_voice_en_9789425.opus,jerk
./data/macroset/en/clips/jerk/common_voice_en_18414252.opus,jerk
./data/macroset/en/clips/jerk/common_voice_en_579534.opus,jerk
./data/macroset/en/clips/jerk/common_voice_en_622160.opus,jerk
./data/macroset/en/clips/cost/common_voice_en_21796695.opus,cost
./data/macroset/en/clips/cost/common_voice_en_17959342.opus,cost
./data/macroset/en/clips/cost/common_voice_en_461643.opus,cost
./data/macroset/en/clips/cost/common_voice_en_18983327.opus,cost
./data/macroset/en/clips/cost/common_voice_en_21371015.opus,cost
./data/macroset/en/clips/lasting/common_voice_en_84009.opus,lasting
./data/macroset/en/clips/lasting/common_voice_en_18770582.opus,lasting
./data/macroset/en/clips/lasting/common_voice_en_20960451.opus,lasting
./data/macroset/en/clips/lasting/common_voice_en_8214.opus,lasting
./data/macroset/en/clips/lasting/common_voice_en_17619764.opus,lasting
./data/macroset/en/clips/pregnant/common_voice_en_529458.opus,pregnant
./data/macroset/en/clips/pregnant/common_voice_en_17296635.opus,pregnant
./data/macroset/en/clips/pregnant/common_voice_en_183403.opus,pregnant
./data/macroset/en/clips/pregnant/common_voice_en_555591.opus,pregnant
./data/macroset/en/clips/pregnant/common_voice_en_18571337.opus,pregnant
./data/macroset/en/clips/accepting/common_voice_en_17561944.opus,accepting
./data/macroset/en/clips/accepting/common_voice_en_17383696.opus,accepting
./data/macroset/en/clips/accepting/common_voice_en_17993618.opus,accepting
./data/macroset/en/clips/accepting/common_voice_en_18678039.opus,accepting
./data/macroset/en/clips/accepting/common_voice_en_17289128.opus,accepting
./data/macroset/en/clips/detritus/common_voice_en_18747182.opus,detritus
./data/macroset/en/clips/detritus/common_voice_en_569030.opus,detritus
./data/macroset/en/clips/detritus/common_voice_en_94379.opus,detritus
./data/macroset/en/clips/detritus/common_voice_en_70320.opus,detritus
./data/macroset/en/clips/detritus/common_voice_en_624849.opus,detritus
./data/macroset/en/clips/comfort/common_voice_en_20205488.opus,comfort
./data/macroset/en/clips/comfort/common_voice_en_17291777.opus,comfort
./data/macroset/en/clips/comfort/common_voice_en_20781243.opus,comfort
./data/macroset/en/clips/comfort/common_voice_en_38169.opus,comfort
./data/macroset/en/clips/comfort/common_voice_en_21307219.opus,comfort
./data/macroset/en/clips/highlands/common_voice_en_20971240.opus,highlands
./data/macroset/en/clips/highlands/common_voice_en_20033297.opus,highlands
./data/macroset/en/clips/highlands/common_voice_en_22350594.opus,highlands
./data/macroset/en/clips/highlands/common_voice_en_21389691.opus,highlands
./data/macroset/en/clips/highlands/common_voice_en_22276338.opus,highlands
./data/macroset/en/clips/bristol/common_voice_en_22173671.opus,bristol
./data/macroset/en/clips/bristol/common_voice_en_21749022.opus,bristol
./data/macroset/en/clips/bristol/common_voice_en_22173665.opus,bristol
./data/macroset/en/clips/bristol/common_voice_en_20674147.opus,bristol
./data/macroset/en/clips/bristol/common_voice_en_18725347.opus,bristol
./data/macroset/en/clips/wounded/common_voice_en_19911073.opus,wounded
./data/macroset/en/clips/wounded/common_voice_en_19498219.opus,wounded
./data/macroset/en/clips/wounded/common_voice_en_20242549.opus,wounded
./data/macroset/en/clips/wounded/common_voice_en_19426367.opus,wounded
./data/macroset/en/clips/wounded/common_voice_en_588481.opus,wounded
./data/macroset/en/clips/buried/common_voice_en_18870787.opus,buried
./data/macroset/en/clips/buried/common_voice_en_20522799.opus,buried
./data/macroset/en/clips/buried/common_voice_en_20387500.opus,buried
./data/macroset/en/clips/buried/common_voice_en_20202804.opus,buried
./data/macroset/en/clips/buried/common_voice_en_679810.opus,buried
./data/macroset/en/clips/hometown/common_voice_en_19788241.opus,hometown
./data/macroset/en/clips/hometown/common_voice_en_20877591.opus,hometown
./data/macroset/en/clips/hometown/common_voice_en_20239317.opus,hometown
./data/macroset/en/clips/hometown/common_voice_en_21104109.opus,hometown
./data/macroset/en/clips/hometown/common_voice_en_20143811.opus,hometown
./data/macroset/en/clips/novels/common_voice_en_19764427.opus,novels
./data/macroset/en/clips/novels/common_voice_en_19249484.opus,novels
./data/macroset/en/clips/novels/common_voice_en_20650447.opus,novels
./data/macroset/en/clips/novels/common_voice_en_20325398.opus,novels
./data/macroset/en/clips/novels/common_voice_en_19945334.opus,novels
./data/macroset/en/clips/truest/common_voice_en_17663447.opus,truest
./data/macroset/en/clips/truest/common_voice_en_17416264.opus,truest
./data/macroset/en/clips/truest/common_voice_en_17777401.opus,truest
./data/macroset/en/clips/truest/common_voice_en_17966083.opus,truest
./data/macroset/en/clips/truest/common_voice_en_17292135.opus,truest
./data/macroset/en/clips/improves/common_voice_en_148653.opus,improves
./data/macroset/en/clips/improves/common_voice_en_65873.opus,improves
./data/macroset/en/clips/improves/common_voice_en_157374.opus,improves
./data/macroset/en/clips/improves/common_voice_en_17851926.opus,improves
./data/macroset/en/clips/improves/common_voice_en_514070.opus,improves
./data/macroset/en/clips/valley/common_voice_en_22350289.opus,valley
./data/macroset/en/clips/valley/common_voice_en_19804971.opus,valley
./data/macroset/en/clips/valley/common_voice_en_20314580.opus,valley
./data/macroset/en/clips/valley/common_voice_en_22139408.opus,valley
./data/macroset/en/clips/valley/common_voice_en_19513258.opus,valley
./data/macroset/en/clips/evolution/common_voice_en_18698078.opus,evolution
./data/macroset/en/clips/evolution/common_voice_en_19735775.opus,evolution
./data/macroset/en/clips/evolution/common_voice_en_20315511.opus,evolution
./data/macroset/en/clips/evolution/common_voice_en_18735836.opus,evolution
./data/macroset/en/clips/evolution/common_voice_en_18833344.opus,evolution
./data/macroset/en/clips/birch/common_voice_en_19747878.opus,birch
./data/macroset/en/clips/birch/common_voice_en_19627764.opus,birch
./data/macroset/en/clips/birch/common_voice_en_696338.opus,birch
./data/macroset/en/clips/birch/common_voice_en_617184.opus,birch
./data/macroset/en/clips/birch/common_voice_en_21518221.opus,birch
./data/macroset/en/clips/soluble/common_voice_en_19827752.opus,soluble
./data/macroset/en/clips/soluble/common_voice_en_20872619.opus,soluble
./data/macroset/en/clips/soluble/common_voice_en_20922160.opus,soluble
./data/macroset/en/clips/soluble/common_voice_en_19908636.opus,soluble
./data/macroset/en/clips/soluble/common_voice_en_19106637.opus,soluble
./data/macroset/en/clips/honest/common_voice_en_17420237.opus,honest
./data/macroset/en/clips/honest/common_voice_en_593098.opus,honest
./data/macroset/en/clips/honest/common_voice_en_608158.opus,honest
./data/macroset/en/clips/honest/common_voice_en_537714.opus,honest
./data/macroset/en/clips/honest/common_voice_en_18792709.opus,honest
./data/macroset/en/clips/battlefield/common_voice_en_199002.opus,battlefield
./data/macroset/en/clips/battlefield/common_voice_en_22396473.opus,battlefield
./data/macroset/en/clips/battlefield/common_voice_en_627517.opus,battlefield
./data/macroset/en/clips/battlefield/common_voice_en_19194766.opus,battlefield
./data/macroset/en/clips/battlefield/common_voice_en_46259.opus,battlefield
./data/macroset/en/clips/loosened/common_voice_en_70685.opus,loosened
./data/macroset/en/clips/loosened/common_voice_en_208661.opus,loosened
./data/macroset/en/clips/loosened/common_voice_en_589088.opus,loosened
./data/macroset/en/clips/loosened/common_voice_en_19621830.opus,loosened
./data/macroset/en/clips/loosened/common_voice_en_586372.opus,loosened
./data/macroset/en/clips/sufferer/common_voice_en_685022.opus,sufferer
./data/macroset/en/clips/sufferer/common_voice_en_523330.opus,sufferer
./data/macroset/en/clips/sufferer/common_voice_en_34392.opus,sufferer
./data/macroset/en/clips/sufferer/common_voice_en_173614.opus,sufferer
./data/macroset/en/clips/sufferer/common_voice_en_164260.opus,sufferer
./data/macroset/en/clips/conclusive/common_voice_en_153368.opus,conclusive
./data/macroset/en/clips/conclusive/common_voice_en_111754.opus,conclusive
./data/macroset/en/clips/conclusive/common_voice_en_19410167.opus,conclusive
./data/macroset/en/clips/conclusive/common_voice_en_683632.opus,conclusive
./data/macroset/en/clips/conclusive/common_voice_en_19313970.opus,conclusive
./data/macroset/en/clips/cooper/common_voice_en_19679495.opus,cooper
./data/macroset/en/clips/cooper/common_voice_en_20400195.opus,cooper
./data/macroset/en/clips/cooper/common_voice_en_19200269.opus,cooper
./data/macroset/en/clips/cooper/common_voice_en_20984172.opus,cooper
./data/macroset/en/clips/cooper/common_voice_en_21272891.opus,cooper
./data/macroset/en/clips/groove/common_voice_en_22407920.opus,groove
./data/macroset/en/clips/groove/common_voice_en_592055.opus,groove
./data/macroset/en/clips/groove/common_voice_en_40868.opus,groove
./data/macroset/en/clips/groove/common_voice_en_20039616.opus,groove
./data/macroset/en/clips/groove/common_voice_en_19105380.opus,groove
./data/macroset/en/clips/ornate/common_voice_en_19730659.opus,ornate
./data/macroset/en/clips/ornate/common_voice_en_17304108.opus,ornate
./data/macroset/en/clips/ornate/common_voice_en_238850.opus,ornate
./data/macroset/en/clips/ornate/common_voice_en_17266138.opus,ornate
./data/macroset/en/clips/ornate/common_voice_en_19198471.opus,ornate
./data/macroset/en/clips/keyboards/common_voice_en_20348783.opus,keyboards
./data/macroset/en/clips/keyboards/common_voice_en_19192609.opus,keyboards
./data/macroset/en/clips/keyboards/common_voice_en_19347863.opus,keyboards
./data/macroset/en/clips/keyboards/common_voice_en_19709129.opus,keyboards
./data/macroset/en/clips/keyboards/common_voice_en_19646068.opus,keyboards
./data/macroset/en/clips/commissions/common_voice_en_19655368.opus,commissions
./data/macroset/en/clips/commissions/common_voice_en_19960382.opus,commissions
./data/macroset/en/clips/commissions/common_voice_en_20971156.opus,commissions
./data/macroset/en/clips/commissions/common_voice_en_20287817.opus,commissions
./data/macroset/en/clips/commissions/common_voice_en_19807346.opus,commissions
./data/macroset/en/clips/medieval/common_voice_en_22069286.opus,medieval
./data/macroset/en/clips/medieval/common_voice_en_19720644.opus,medieval
./data/macroset/en/clips/medieval/common_voice_en_19442170.opus,medieval
./data/macroset/en/clips/medieval/common_voice_en_19651607.opus,medieval
./data/macroset/en/clips/medieval/common_voice_en_22325061.opus,medieval
./data/macroset/en/clips/console/common_voice_en_21714908.opus,console
./data/macroset/en/clips/console/common_voice_en_21447229.opus,console
./data/macroset/en/clips/console/common_voice_en_19310802.opus,console
./data/macroset/en/clips/console/common_voice_en_18163273.opus,console
./data/macroset/en/clips/console/common_voice_en_18656288.opus,console
./data/macroset/en/clips/beasts/common_voice_en_17687385.opus,beasts
./data/macroset/en/clips/beasts/common_voice_en_21213.opus,beasts
./data/macroset/en/clips/beasts/common_voice_en_17851747.opus,beasts
./data/macroset/en/clips/beasts/common_voice_en_24952.opus,beasts
./data/macroset/en/clips/beasts/common_voice_en_535004.opus,beasts
./data/macroset/en/clips/caribbean/common_voice_en_21836286.opus,caribbean
./data/macroset/en/clips/caribbean/common_voice_en_21181752.opus,caribbean
./data/macroset/en/clips/caribbean/common_voice_en_20965617.opus,caribbean
./data/macroset/en/clips/caribbean/common_voice_en_20522396.opus,caribbean
./data/macroset/en/clips/caribbean/common_voice_en_21940787.opus,caribbean
./data/macroset/en/clips/controversial/common_voice_en_19185109.opus,controversial
./data/macroset/en/clips/controversial/common_voice_en_22243796.opus,controversial
./data/macroset/en/clips/controversial/common_voice_en_20446143.opus,controversial
./data/macroset/en/clips/controversial/common_voice_en_21161823.opus,controversial
./data/macroset/en/clips/controversial/common_voice_en_19650550.opus,controversial
./data/macroset/en/clips/ridiculous/common_voice_en_499198.opus,ridiculous
./data/macroset/en/clips/ridiculous/common_voice_en_18152375.opus,ridiculous
./data/macroset/en/clips/ridiculous/common_voice_en_18253128.opus,ridiculous
./data/macroset/en/clips/ridiculous/common_voice_en_19366650.opus,ridiculous
./data/macroset/en/clips/ridiculous/common_voice_en_18602917.opus,ridiculous
./data/macroset/en/clips/edge/common_voice_en_20189928.opus,edge
./data/macroset/en/clips/edge/common_voice_en_18992641.opus,edge
./data/macroset/en/clips/edge/common_voice_en_33670.opus,edge
./data/macroset/en/clips/edge/common_voice_en_246871.opus,edge
./data/macroset/en/clips/edge/common_voice_en_17844447.opus,edge
./data/macroset/en/clips/rink/common_voice_en_540407.opus,rink
./data/macroset/en/clips/rink/common_voice_en_20498496.opus,rink
./data/macroset/en/clips/rink/common_voice_en_89679.opus,rink
./data/macroset/en/clips/rink/common_voice_en_19081511__2.opus,rink
./data/macroset/en/clips/rink/common_voice_en_210930.opus,rink
./data/macroset/en/clips/infections/common_voice_en_20383015.opus,infections
./data/macroset/en/clips/infections/common_voice_en_20878824.opus,infections
./data/macroset/en/clips/infections/common_voice_en_20880372.opus,infections
./data/macroset/en/clips/infections/common_voice_en_20877447.opus,infections
./data/macroset/en/clips/infections/common_voice_en_21595087.opus,infections
./data/macroset/en/clips/loading/common_voice_en_501537.opus,loading
./data/macroset/en/clips/loading/common_voice_en_21440488.opus,loading
./data/macroset/en/clips/loading/common_voice_en_19733100.opus,loading
./data/macroset/en/clips/loading/common_voice_en_21627376.opus,loading
./data/macroset/en/clips/loading/common_voice_en_20624813.opus,loading
./data/macroset/en/clips/miriam/common_voice_en_20507626.opus,miriam
./data/macroset/en/clips/miriam/common_voice_en_18994905.opus,miriam
./data/macroset/en/clips/miriam/common_voice_en_19519799.opus,miriam
./data/macroset/en/clips/miriam/common_voice_en_19575797.opus,miriam
./data/macroset/en/clips/miriam/common_voice_en_18994802.opus,miriam
./data/macroset/en/clips/tapes/common_voice_en_19637429.opus,tapes
./data/macroset/en/clips/tapes/common_voice_en_21288496.opus,tapes
./data/macroset/en/clips/tapes/common_voice_en_22117955.opus,tapes
./data/macroset/en/clips/tapes/common_voice_en_22411383.opus,tapes
./data/macroset/en/clips/tapes/common_voice_en_22362126.opus,tapes
./data/macroset/en/clips/remote/common_voice_en_20423999.opus,remote
./data/macroset/en/clips/remote/common_voice_en_22155894.opus,remote
./data/macroset/en/clips/remote/common_voice_en_17756253.opus,remote
./data/macroset/en/clips/remote/common_voice_en_74890.opus,remote
./data/macroset/en/clips/remote/common_voice_en_688820.opus,remote
./data/macroset/en/clips/arm/common_voice_en_21384967.opus,arm
./data/macroset/en/clips/arm/common_voice_en_19865500.opus,arm
./data/macroset/en/clips/arm/common_voice_en_18003778.opus,arm
./data/macroset/en/clips/arm/common_voice_en_20451957.opus,arm
./data/macroset/en/clips/arm/common_voice_en_19730503.opus,arm
./data/macroset/en/clips/hats/common_voice_en_668939.opus,hats
./data/macroset/en/clips/hats/common_voice_en_594199.opus,hats
./data/macroset/en/clips/hats/common_voice_en_545160.opus,hats
./data/macroset/en/clips/hats/common_voice_en_480150.opus,hats
./data/macroset/en/clips/hats/common_voice_en_171234.opus,hats
./data/macroset/en/clips/romance/common_voice_en_19411732.opus,romance
./data/macroset/en/clips/romance/common_voice_en_22398231.opus,romance
./data/macroset/en/clips/romance/common_voice_en_20288523.opus,romance
./data/macroset/en/clips/romance/common_voice_en_21135209.opus,romance
./data/macroset/en/clips/romance/common_voice_en_21735422.opus,romance
./data/macroset/en/clips/marty/common_voice_en_22207818.opus,marty
./data/macroset/en/clips/marty/common_voice_en_199718.opus,marty
./data/macroset/en/clips/marty/common_voice_en_214355.opus,marty
./data/macroset/en/clips/marty/common_voice_en_599210.opus,marty
./data/macroset/en/clips/marty/common_voice_en_531968.opus,marty
./data/macroset/en/clips/brandon/common_voice_en_20391864.opus,brandon
./data/macroset/en/clips/brandon/common_voice_en_18797842.opus,brandon
./data/macroset/en/clips/brandon/common_voice_en_18797842__2.opus,brandon
./data/macroset/en/clips/brandon/common_voice_en_19199316.opus,brandon
./data/macroset/en/clips/brandon/common_voice_en_20248550.opus,brandon
./data/macroset/en/clips/carpet/common_voice_en_18004285.opus,carpet
./data/macroset/en/clips/carpet/common_voice_en_18400460.opus,carpet
./data/macroset/en/clips/carpet/common_voice_en_21757461.opus,carpet
./data/macroset/en/clips/carpet/common_voice_en_18498164.opus,carpet
./data/macroset/en/clips/carpet/common_voice_en_17777972.opus,carpet
./data/macroset/en/clips/licorice/common_voice_en_446600.opus,licorice
./data/macroset/en/clips/licorice/common_voice_en_700573.opus,licorice
./data/macroset/en/clips/licorice/common_voice_en_15733925.opus,licorice
./data/macroset/en/clips/licorice/common_voice_en_213635.opus,licorice
./data/macroset/en/clips/licorice/common_voice_en_90534.opus,licorice
./data/macroset/en/clips/bride/common_voice_en_211844.opus,bride
./data/macroset/en/clips/bride/common_voice_en_20218704.opus,bride
./data/macroset/en/clips/bride/common_voice_en_73285.opus,bride
./data/macroset/en/clips/bride/common_voice_en_546976.opus,bride
./data/macroset/en/clips/bride/common_voice_en_600516.opus,bride
./data/macroset/en/clips/isolated/common_voice_en_20945484.opus,isolated
./data/macroset/en/clips/isolated/common_voice_en_19795626.opus,isolated
./data/macroset/en/clips/isolated/common_voice_en_20068568.opus,isolated
./data/macroset/en/clips/isolated/common_voice_en_21867263.opus,isolated
./data/macroset/en/clips/isolated/common_voice_en_21359223.opus,isolated
./data/macroset/en/clips/tapped/common_voice_en_18575124.opus,tapped
./data/macroset/en/clips/tapped/common_voice_en_57077.opus,tapped
./data/macroset/en/clips/tapped/common_voice_en_30207.opus,tapped
./data/macroset/en/clips/tapped/common_voice_en_216869.opus,tapped
./data/macroset/en/clips/tapped/common_voice_en_68180.opus,tapped
./data/macroset/en/clips/resigned/common_voice_en_19476381.opus,resigned
./data/macroset/en/clips/resigned/common_voice_en_20971016.opus,resigned
./data/macroset/en/clips/resigned/common_voice_en_18974620.opus,resigned
./data/macroset/en/clips/resigned/common_voice_en_21867859.opus,resigned
./data/macroset/en/clips/resigned/common_voice_en_20077017.opus,resigned
./data/macroset/en/clips/out/common_voice_en_160471.opus,out
./data/macroset/en/clips/out/common_voice_en_20908163.opus,out
./data/macroset/en/clips/out/common_voice_en_161078.opus,out
./data/macroset/en/clips/out/common_voice_en_536797.opus,out
./data/macroset/en/clips/out/common_voice_en_481382.opus,out
./data/macroset/en/clips/fibers/common_voice_en_21764843.opus,fibers
./data/macroset/en/clips/fibers/common_voice_en_18723509.opus,fibers
./data/macroset/en/clips/fibers/common_voice_en_21884353.opus,fibers
./data/macroset/en/clips/fibers/common_voice_en_19799798.opus,fibers
./data/macroset/en/clips/fibers/common_voice_en_19665967.opus,fibers
./data/macroset/en/clips/diversity/common_voice_en_20301045.opus,diversity
./data/macroset/en/clips/diversity/common_voice_en_19725319.opus,diversity
./data/macroset/en/clips/diversity/common_voice_en_20087583.opus,diversity
./data/macroset/en/clips/diversity/common_voice_en_20505670.opus,diversity
./data/macroset/en/clips/diversity/common_voice_en_22253847.opus,diversity
./data/macroset/en/clips/worms/common_voice_en_20020748.opus,worms
./data/macroset/en/clips/worms/common_voice_en_17268838.opus,worms
./data/macroset/en/clips/worms/common_voice_en_489450.opus,worms
./data/macroset/en/clips/worms/common_voice_en_22318357.opus,worms
./data/macroset/en/clips/worms/common_voice_en_415854.opus,worms
./data/macroset/en/clips/haircut/common_voice_en_8987.opus,haircut
./data/macroset/en/clips/haircut/common_voice_en_656633.opus,haircut
./data/macroset/en/clips/haircut/common_voice_en_18166008.opus,haircut
./data/macroset/en/clips/haircut/common_voice_en_18161577.opus,haircut
./data/macroset/en/clips/haircut/common_voice_en_17859681.opus,haircut
./data/macroset/en/clips/coaching/common_voice_en_20280034.opus,coaching
./data/macroset/en/clips/coaching/common_voice_en_19962342.opus,coaching
./data/macroset/en/clips/coaching/common_voice_en_21264122.opus,coaching
./data/macroset/en/clips/coaching/common_voice_en_20389692.opus,coaching
./data/macroset/en/clips/coaching/common_voice_en_19975105.opus,coaching
./data/macroset/en/clips/lima/common_voice_en_19565854.opus,lima
./data/macroset/en/clips/lima/common_voice_en_20325734.opus,lima
./data/macroset/en/clips/lima/common_voice_en_547956.opus,lima
./data/macroset/en/clips/lima/common_voice_en_648043.opus,lima
./data/macroset/en/clips/lima/common_voice_en_22312245.opus,lima
./data/macroset/en/clips/awfully/common_voice_en_548498.opus,awfully
./data/macroset/en/clips/awfully/common_voice_en_215645.opus,awfully
./data/macroset/en/clips/awfully/common_voice_en_20524005.opus,awfully
./data/macroset/en/clips/awfully/common_voice_en_478695.opus,awfully
./data/macroset/en/clips/awfully/common_voice_en_546895.opus,awfully
./data/macroset/en/clips/progressed/common_voice_en_18986369.opus,progressed
./data/macroset/en/clips/progressed/common_voice_en_20174277.opus,progressed
./data/macroset/en/clips/progressed/common_voice_en_20879070.opus,progressed
./data/macroset/en/clips/progressed/common_voice_en_21740743.opus,progressed
./data/macroset/en/clips/progressed/common_voice_en_22264773.opus,progressed
./data/macroset/en/clips/blots/common_voice_en_184537.opus,blots
./data/macroset/en/clips/blots/common_voice_en_167745.opus,blots
./data/macroset/en/clips/blots/common_voice_en_50767.opus,blots
./data/macroset/en/clips/blots/common_voice_en_157612.opus,blots
./data/macroset/en/clips/blots/common_voice_en_520950.opus,blots
./data/macroset/en/clips/spoiled/common_voice_en_20105395.opus,spoiled
./data/macroset/en/clips/spoiled/common_voice_en_161828.opus,spoiled
./data/macroset/en/clips/spoiled/common_voice_en_513354.opus,spoiled
./data/macroset/en/clips/spoiled/common_voice_en_573245.opus,spoiled
./data/macroset/en/clips/spoiled/common_voice_en_202953.opus,spoiled
./data/macroset/en/clips/nobel/common_voice_en_18781934.opus,nobel
./data/macroset/en/clips/nobel/common_voice_en_19874963.opus,nobel
./data/macroset/en/clips/nobel/common_voice_en_21366227.opus,nobel
./data/macroset/en/clips/nobel/common_voice_en_18441251.opus,nobel
./data/macroset/en/clips/nobel/common_voice_en_21797307.opus,nobel
./data/macroset/en/clips/furthest/common_voice_en_688109.opus,furthest
./data/macroset/en/clips/furthest/common_voice_en_73923.opus,furthest
./data/macroset/en/clips/furthest/common_voice_en_541052.opus,furthest
./data/macroset/en/clips/furthest/common_voice_en_181475.opus,furthest
./data/macroset/en/clips/furthest/common_voice_en_520247.opus,furthest
./data/macroset/en/clips/seemed/common_voice_en_201440.opus,seemed
./data/macroset/en/clips/seemed/common_voice_en_644434.opus,seemed
./data/macroset/en/clips/seemed/common_voice_en_667624.opus,seemed
./data/macroset/en/clips/seemed/common_voice_en_613924.opus,seemed
./data/macroset/en/clips/seemed/common_voice_en_220126.opus,seemed
./data/macroset/en/clips/queensland/common_voice_en_19855246.opus,queensland
./data/macroset/en/clips/queensland/common_voice_en_21269305.opus,queensland
./data/macroset/en/clips/queensland/common_voice_en_20890765__2.opus,queensland
./data/macroset/en/clips/queensland/common_voice_en_19761961.opus,queensland
./data/macroset/en/clips/queensland/common_voice_en_19630863.opus,queensland
./data/macroset/en/clips/likewise/common_voice_en_20322742.opus,likewise
./data/macroset/en/clips/likewise/common_voice_en_19814083.opus,likewise
./data/macroset/en/clips/likewise/common_voice_en_20163110.opus,likewise
./data/macroset/en/clips/likewise/common_voice_en_19532484.opus,likewise
./data/macroset/en/clips/likewise/common_voice_en_20297097.opus,likewise
./data/macroset/en/clips/theology/common_voice_en_20670399.opus,theology
./data/macroset/en/clips/theology/common_voice_en_21803832.opus,theology
./data/macroset/en/clips/theology/common_voice_en_602482.opus,theology
./data/macroset/en/clips/theology/common_voice_en_20301803.opus,theology
./data/macroset/en/clips/theology/common_voice_en_19561334.opus,theology
./data/macroset/en/clips/assumptions/common_voice_en_22049358.opus,assumptions
./data/macroset/en/clips/assumptions/common_voice_en_18257525.opus,assumptions
./data/macroset/en/clips/assumptions/common_voice_en_18607839.opus,assumptions
./data/macroset/en/clips/assumptions/common_voice_en_22361667.opus,assumptions
./data/macroset/en/clips/assumptions/common_voice_en_20247104.opus,assumptions
./data/macroset/en/clips/praised/common_voice_en_20516113.opus,praised
./data/macroset/en/clips/praised/common_voice_en_22049046.opus,praised
./data/macroset/en/clips/praised/common_voice_en_19504043.opus,praised
./data/macroset/en/clips/praised/common_voice_en_19795813.opus,praised
./data/macroset/en/clips/praised/common_voice_en_21335566.opus,praised
./data/macroset/en/clips/terminology/common_voice_en_19475419.opus,terminology
./data/macroset/en/clips/terminology/common_voice_en_20428380.opus,terminology
./data/macroset/en/clips/terminology/common_voice_en_20289318.opus,terminology
./data/macroset/en/clips/terminology/common_voice_en_19820119.opus,terminology
./data/macroset/en/clips/terminology/common_voice_en_21669938.opus,terminology
./data/macroset/en/clips/teddy/common_voice_en_21129191.opus,teddy
./data/macroset/en/clips/teddy/common_voice_en_18606367.opus,teddy
./data/macroset/en/clips/teddy/common_voice_en_539804.opus,teddy
./data/macroset/en/clips/teddy/common_voice_en_495991.opus,teddy
./data/macroset/en/clips/teddy/common_voice_en_539565.opus,teddy
./data/macroset/en/clips/colombia/common_voice_en_19265224.opus,colombia
./data/macroset/en/clips/colombia/common_voice_en_17616722.opus,colombia
./data/macroset/en/clips/colombia/common_voice_en_481305.opus,colombia
./data/macroset/en/clips/colombia/common_voice_en_21736791.opus,colombia
./data/macroset/en/clips/colombia/common_voice_en_17869212.opus,colombia
./data/macroset/en/clips/resume/common_voice_en_186929.opus,resume
./data/macroset/en/clips/resume/common_voice_en_21736324.opus,resume
./data/macroset/en/clips/resume/common_voice_en_127492.opus,resume
./data/macroset/en/clips/resume/common_voice_en_20189.opus,resume
./data/macroset/en/clips/resume/common_voice_en_190659.opus,resume
./data/macroset/en/clips/ensued/common_voice_en_19640307.opus,ensued
./data/macroset/en/clips/ensued/common_voice_en_19232631.opus,ensued
./data/macroset/en/clips/ensued/common_voice_en_19979872.opus,ensued
./data/macroset/en/clips/ensued/common_voice_en_20176487.opus,ensued
./data/macroset/en/clips/ensued/common_voice_en_20390823.opus,ensued
./data/macroset/en/clips/rival/common_voice_en_19983198.opus,rival
./data/macroset/en/clips/rival/common_voice_en_20383228.opus,rival
./data/macroset/en/clips/rival/common_voice_en_22070408.opus,rival
./data/macroset/en/clips/rival/common_voice_en_21354916.opus,rival
./data/macroset/en/clips/rival/common_voice_en_20325909.opus,rival
./data/macroset/en/clips/specialized/common_voice_en_21353381.opus,specialized
./data/macroset/en/clips/specialized/common_voice_en_18838237.opus,specialized
./data/macroset/en/clips/specialized/common_voice_en_22303360.opus,specialized
./data/macroset/en/clips/specialized/common_voice_en_20187467.opus,specialized
./data/macroset/en/clips/specialized/common_voice_en_480665.opus,specialized
./data/macroset/en/clips/pulse/common_voice_en_18135449.opus,pulse
./data/macroset/en/clips/pulse/common_voice_en_21320525.opus,pulse
./data/macroset/en/clips/pulse/common_voice_en_21396929.opus,pulse
./data/macroset/en/clips/pulse/common_voice_en_491148.opus,pulse
./data/macroset/en/clips/pulse/common_voice_en_203710.opus,pulse
./data/macroset/en/clips/ideal/common_voice_en_18721439.opus,ideal
./data/macroset/en/clips/ideal/common_voice_en_22293281.opus,ideal
./data/macroset/en/clips/ideal/common_voice_en_20965401.opus,ideal
./data/macroset/en/clips/ideal/common_voice_en_22214838.opus,ideal
./data/macroset/en/clips/ideal/common_voice_en_18875808.opus,ideal
./data/macroset/en/clips/cats/common_voice_en_18607955.opus,cats
./data/macroset/en/clips/cats/common_voice_en_17867527.opus,cats
./data/macroset/en/clips/cats/common_voice_en_18065049.opus,cats
./data/macroset/en/clips/cats/common_voice_en_669477.opus,cats
./data/macroset/en/clips/cats/common_voice_en_22404882.opus,cats
./data/macroset/en/clips/warming/common_voice_en_47758.opus,warming
./data/macroset/en/clips/warming/common_voice_en_512064.opus,warming
./data/macroset/en/clips/warming/common_voice_en_566138.opus,warming
./data/macroset/en/clips/warming/common_voice_en_18986235.opus,warming
./data/macroset/en/clips/warming/common_voice_en_548998.opus,warming
./data/macroset/en/clips/digging/common_voice_en_549773.opus,digging
./data/macroset/en/clips/digging/common_voice_en_170204.opus,digging
./data/macroset/en/clips/digging/common_voice_en_217123.opus,digging
./data/macroset/en/clips/digging/common_voice_en_522014.opus,digging
./data/macroset/en/clips/digging/common_voice_en_610215.opus,digging
./data/macroset/en/clips/production/common_voice_en_22307067.opus,production
./data/macroset/en/clips/production/common_voice_en_20712862.opus,production
./data/macroset/en/clips/production/common_voice_en_21371066.opus,production
./data/macroset/en/clips/production/common_voice_en_20297875.opus,production
./data/macroset/en/clips/production/common_voice_en_20471896.opus,production
./data/macroset/en/clips/asleep/common_voice_en_99506.opus,asleep
./data/macroset/en/clips/asleep/common_voice_en_64648.opus,asleep
./data/macroset/en/clips/asleep/common_voice_en_75038.opus,asleep
./data/macroset/en/clips/asleep/common_voice_en_52140.opus,asleep
./data/macroset/en/clips/asleep/common_voice_en_29457.opus,asleep
./data/macroset/en/clips/sussex/common_voice_en_20006614.opus,sussex
./data/macroset/en/clips/sussex/common_voice_en_20457378.opus,sussex
./data/macroset/en/clips/sussex/common_voice_en_20494577.opus,sussex
./data/macroset/en/clips/sussex/common_voice_en_21862614.opus,sussex
./data/macroset/en/clips/sussex/common_voice_en_22311131.opus,sussex
./data/macroset/en/clips/shaded/common_voice_en_622416.opus,shaded
./data/macroset/en/clips/shaded/common_voice_en_611607.opus,shaded
./data/macroset/en/clips/shaded/common_voice_en_604865.opus,shaded
./data/macroset/en/clips/shaded/common_voice_en_18729588.opus,shaded
./data/macroset/en/clips/shaded/common_voice_en_626256.opus,shaded
./data/macroset/en/clips/glasses/common_voice_en_600189.opus,glasses
./data/macroset/en/clips/glasses/common_voice_en_619050.opus,glasses
./data/macroset/en/clips/glasses/common_voice_en_672556.opus,glasses
./data/macroset/en/clips/glasses/common_voice_en_517086.opus,glasses
./data/macroset/en/clips/glasses/common_voice_en_614598.opus,glasses
./data/macroset/en/clips/patronage/common_voice_en_21554943.opus,patronage
./data/macroset/en/clips/patronage/common_voice_en_20116011.opus,patronage
./data/macroset/en/clips/patronage/common_voice_en_20111645.opus,patronage
./data/macroset/en/clips/patronage/common_voice_en_20234112.opus,patronage
./data/macroset/en/clips/patronage/common_voice_en_18732875.opus,patronage
./data/macroset/en/clips/scholarly/common_voice_en_20212163.opus,scholarly
./data/macroset/en/clips/scholarly/common_voice_en_21690859.opus,scholarly
./data/macroset/en/clips/scholarly/common_voice_en_19573672.opus,scholarly
./data/macroset/en/clips/scholarly/common_voice_en_19666345.opus,scholarly
./data/macroset/en/clips/scholarly/common_voice_en_22173230.opus,scholarly
./data/macroset/en/clips/scott/common_voice_en_19410834.opus,scott
./data/macroset/en/clips/scott/common_voice_en_19678676.opus,scott
./data/macroset/en/clips/scott/common_voice_en_20989036.opus,scott
./data/macroset/en/clips/scott/common_voice_en_22299488.opus,scott
./data/macroset/en/clips/scott/common_voice_en_19476626.opus,scott
./data/macroset/en/clips/pours/common_voice_en_18133502.opus,pours
./data/macroset/en/clips/pours/common_voice_en_673249.opus,pours
./data/macroset/en/clips/pours/common_voice_en_474100.opus,pours
./data/macroset/en/clips/pours/common_voice_en_17868965.opus,pours
./data/macroset/en/clips/pours/common_voice_en_19010360.opus,pours
./data/macroset/en/clips/gonna/common_voice_en_556916.opus,gonna
./data/macroset/en/clips/gonna/common_voice_en_698562.opus,gonna
./data/macroset/en/clips/gonna/common_voice_en_498896.opus,gonna
./data/macroset/en/clips/gonna/common_voice_en_680860.opus,gonna
./data/macroset/en/clips/gonna/common_voice_en_576639.opus,gonna
./data/macroset/en/clips/spirited/common_voice_en_19185104.opus,spirited
./data/macroset/en/clips/spirited/common_voice_en_18560601.opus,spirited
./data/macroset/en/clips/spirited/common_voice_en_640416.opus,spirited
./data/macroset/en/clips/spirited/common_voice_en_17763015.opus,spirited
./data/macroset/en/clips/spirited/common_voice_en_426202.opus,spirited
./data/macroset/en/clips/seizing/common_voice_en_516161.opus,seizing
./data/macroset/en/clips/seizing/common_voice_en_57383.opus,seizing
./data/macroset/en/clips/seizing/common_voice_en_214139.opus,seizing
./data/macroset/en/clips/seizing/common_voice_en_690211.opus,seizing
./data/macroset/en/clips/seizing/common_voice_en_508023.opus,seizing
./data/macroset/en/clips/cure/common_voice_en_18722251.opus,cure
./data/macroset/en/clips/cure/common_voice_en_17944611.opus,cure
./data/macroset/en/clips/cure/common_voice_en_515684.opus,cure
./data/macroset/en/clips/cure/common_voice_en_682298.opus,cure
./data/macroset/en/clips/cure/common_voice_en_17387448.opus,cure
./data/macroset/en/clips/provision/common_voice_en_19963424.opus,provision
./data/macroset/en/clips/provision/common_voice_en_22425890.opus,provision
./data/macroset/en/clips/provision/common_voice_en_19681823.opus,provision
./data/macroset/en/clips/provision/common_voice_en_19981529.opus,provision
./data/macroset/en/clips/provision/common_voice_en_19634189.opus,provision
./data/macroset/en/clips/pictures/common_voice_en_19709078.opus,pictures
./data/macroset/en/clips/pictures/common_voice_en_699470.opus,pictures
./data/macroset/en/clips/pictures/common_voice_en_19498241.opus,pictures
./data/macroset/en/clips/pictures/common_voice_en_515572.opus,pictures
./data/macroset/en/clips/pictures/common_voice_en_640036.opus,pictures
./data/macroset/en/clips/rafting/common_voice_en_532984.opus,rafting
./data/macroset/en/clips/rafting/common_voice_en_21679293.opus,rafting
./data/macroset/en/clips/rafting/common_voice_en_20231639.opus,rafting
./data/macroset/en/clips/rafting/common_voice_en_472657.opus,rafting
./data/macroset/en/clips/rafting/common_voice_en_215329.opus,rafting
./data/macroset/en/clips/barkeeper/common_voice_en_17371799.opus,barkeeper
./data/macroset/en/clips/barkeeper/common_voice_en_361681.opus,barkeeper
./data/macroset/en/clips/barkeeper/common_voice_en_17267830.opus,barkeeper
./data/macroset/en/clips/barkeeper/common_voice_en_17389163.opus,barkeeper
./data/macroset/en/clips/barkeeper/common_voice_en_18101489.opus,barkeeper
./data/macroset/en/clips/commanded/common_voice_en_19766483.opus,commanded
./data/macroset/en/clips/commanded/common_voice_en_19909372.opus,commanded
./data/macroset/en/clips/commanded/common_voice_en_18757838.opus,commanded
./data/macroset/en/clips/commanded/common_voice_en_20704229.opus,commanded
./data/macroset/en/clips/commanded/common_voice_en_20372352.opus,commanded
./data/macroset/en/clips/assist/common_voice_en_18676743.opus,assist
./data/macroset/en/clips/assist/common_voice_en_18917829.opus,assist
./data/macroset/en/clips/assist/common_voice_en_18530406.opus,assist
./data/macroset/en/clips/assist/common_voice_en_18931103.opus,assist
./data/macroset/en/clips/assist/common_voice_en_21532210.opus,assist
./data/macroset/en/clips/coal/common_voice_en_19122499.opus,coal
./data/macroset/en/clips/coal/common_voice_en_17514097.opus,coal
./data/macroset/en/clips/coal/common_voice_en_19823899.opus,coal
./data/macroset/en/clips/coal/common_voice_en_648154.opus,coal
./data/macroset/en/clips/coal/common_voice_en_20255998.opus,coal
./data/macroset/en/clips/clay/common_voice_en_19067039.opus,clay
./data/macroset/en/clips/clay/common_voice_en_32856.opus,clay
./data/macroset/en/clips/clay/common_voice_en_20009991.opus,clay
./data/macroset/en/clips/clay/common_voice_en_19410709.opus,clay
./data/macroset/en/clips/clay/common_voice_en_623182.opus,clay
./data/macroset/en/clips/stare/common_voice_en_18113900.opus,stare
./data/macroset/en/clips/stare/common_voice_en_604658.opus,stare
./data/macroset/en/clips/stare/common_voice_en_18128732.opus,stare
./data/macroset/en/clips/stare/common_voice_en_17372207.opus,stare
./data/macroset/en/clips/stare/common_voice_en_17898474.opus,stare
./data/macroset/en/clips/trade/common_voice_en_17253233.opus,trade
./data/macroset/en/clips/trade/common_voice_en_21775887.opus,trade
./data/macroset/en/clips/trade/common_voice_en_548340.opus,trade
./data/macroset/en/clips/trade/common_voice_en_661054.opus,trade
./data/macroset/en/clips/trade/common_voice_en_20050739.opus,trade
./data/macroset/en/clips/played/common_voice_en_22207516.opus,played
./data/macroset/en/clips/played/common_voice_en_19740828.opus,played
./data/macroset/en/clips/played/common_voice_en_18809862.opus,played
./data/macroset/en/clips/played/common_voice_en_21139176.opus,played
./data/macroset/en/clips/played/common_voice_en_19422833.opus,played
./data/macroset/en/clips/cooler/common_voice_en_20222508.opus,cooler
./data/macroset/en/clips/cooler/common_voice_en_19467342.opus,cooler
./data/macroset/en/clips/cooler/common_voice_en_18542998.opus,cooler
./data/macroset/en/clips/cooler/common_voice_en_19244991.opus,cooler
./data/macroset/en/clips/cooler/common_voice_en_201570.opus,cooler
./data/macroset/en/clips/missionaries/common_voice_en_20846777.opus,missionaries
./data/macroset/en/clips/missionaries/common_voice_en_19281925.opus,missionaries
./data/macroset/en/clips/missionaries/common_voice_en_22239012.opus,missionaries
./data/macroset/en/clips/missionaries/common_voice_en_21867632.opus,missionaries
./data/macroset/en/clips/missionaries/common_voice_en_22335300.opus,missionaries
./data/macroset/en/clips/substitute/common_voice_en_20284986.opus,substitute
./data/macroset/en/clips/substitute/common_voice_en_20692742.opus,substitute
./data/macroset/en/clips/substitute/common_voice_en_21445946.opus,substitute
./data/macroset/en/clips/substitute/common_voice_en_18819257.opus,substitute
./data/macroset/en/clips/substitute/common_voice_en_19557769.opus,substitute
./data/macroset/en/clips/soundtrack/common_voice_en_20312382.opus,soundtrack
./data/macroset/en/clips/soundtrack/common_voice_en_25725.opus,soundtrack
./data/macroset/en/clips/soundtrack/common_voice_en_19845056.opus,soundtrack
./data/macroset/en/clips/soundtrack/common_voice_en_679867.opus,soundtrack
./data/macroset/en/clips/soundtrack/common_voice_en_21692983.opus,soundtrack
./data/macroset/en/clips/del/common_voice_en_21251776.opus,del
./data/macroset/en/clips/del/common_voice_en_18896584.opus,del
./data/macroset/en/clips/del/common_voice_en_19321766.opus,del
./data/macroset/en/clips/del/common_voice_en_20079227.opus,del
./data/macroset/en/clips/del/common_voice_en_18423862.opus,del
./data/macroset/en/clips/meteorites/common_voice_en_56231.opus,meteorites
./data/macroset/en/clips/meteorites/common_voice_en_512637.opus,meteorites
./data/macroset/en/clips/meteorites/common_voice_en_574666.opus,meteorites
./data/macroset/en/clips/meteorites/common_voice_en_533267.opus,meteorites
./data/macroset/en/clips/meteorites/common_voice_en_24370.opus,meteorites
./data/macroset/en/clips/flat/common_voice_en_19253719.opus,flat
./data/macroset/en/clips/flat/common_voice_en_18642630.opus,flat
./data/macroset/en/clips/flat/common_voice_en_20330369.opus,flat
./data/macroset/en/clips/flat/common_voice_en_22304943.opus,flat
./data/macroset/en/clips/flat/common_voice_en_22032516.opus,flat
./data/macroset/en/clips/ceremony/common_voice_en_22006491.opus,ceremony
./data/macroset/en/clips/ceremony/common_voice_en_19751359.opus,ceremony
./data/macroset/en/clips/ceremony/common_voice_en_22118859.opus,ceremony
./data/macroset/en/clips/ceremony/common_voice_en_22022053.opus,ceremony
./data/macroset/en/clips/ceremony/common_voice_en_18084720.opus,ceremony
./data/macroset/en/clips/governors/common_voice_en_20883194.opus,governors
./data/macroset/en/clips/governors/common_voice_en_18745048__2.opus,governors
./data/macroset/en/clips/governors/common_voice_en_19908739.opus,governors
./data/macroset/en/clips/governors/common_voice_en_19981191.opus,governors
./data/macroset/en/clips/governors/common_voice_en_22043035.opus,governors
./data/macroset/en/clips/august/common_voice_en_20911489.opus,august
./data/macroset/en/clips/august/common_voice_en_21566365.opus,august
./data/macroset/en/clips/august/common_voice_en_18994374.opus,august
./data/macroset/en/clips/august/common_voice_en_547879.opus,august
./data/macroset/en/clips/august/common_voice_en_21429401.opus,august
./data/macroset/en/clips/crews/common_voice_en_21528872.opus,crews
./data/macroset/en/clips/crews/common_voice_en_20153315.opus,crews
./data/macroset/en/clips/crews/common_voice_en_20004388.opus,crews
./data/macroset/en/clips/crews/common_voice_en_20114671.opus,crews
./data/macroset/en/clips/crews/common_voice_en_19786403.opus,crews
./data/macroset/en/clips/hospitals/common_voice_en_21089617.opus,hospitals
./data/macroset/en/clips/hospitals/common_voice_en_20278613.opus,hospitals
./data/macroset/en/clips/hospitals/common_voice_en_20846338.opus,hospitals
./data/macroset/en/clips/hospitals/common_voice_en_19791200.opus,hospitals
./data/macroset/en/clips/hospitals/common_voice_en_19956738.opus,hospitals
./data/macroset/en/clips/particular/common_voice_en_515010.opus,particular
./data/macroset/en/clips/particular/common_voice_en_542200.opus,particular
./data/macroset/en/clips/particular/common_voice_en_18812607.opus,particular
./data/macroset/en/clips/particular/common_voice_en_21291184.opus,particular
./data/macroset/en/clips/particular/common_voice_en_20141184.opus,particular
./data/macroset/en/clips/former/common_voice_en_21566363.opus,former
./data/macroset/en/clips/former/common_voice_en_19084186.opus,former
./data/macroset/en/clips/former/common_voice_en_19852819.opus,former
./data/macroset/en/clips/former/common_voice_en_21815580.opus,former
./data/macroset/en/clips/former/common_voice_en_18725954.opus,former
./data/macroset/en/clips/tap/common_voice_en_18409463__2.opus,tap
./data/macroset/en/clips/tap/common_voice_en_18404134.opus,tap
./data/macroset/en/clips/tap/common_voice_en_21855567.opus,tap
./data/macroset/en/clips/tap/common_voice_en_18313305.opus,tap
./data/macroset/en/clips/tap/common_voice_en_21354907.opus,tap
./data/macroset/en/clips/plaza/common_voice_en_133340.opus,plaza
./data/macroset/en/clips/plaza/common_voice_en_213153.opus,plaza
./data/macroset/en/clips/plaza/common_voice_en_19320280.opus,plaza
./data/macroset/en/clips/plaza/common_voice_en_657498.opus,plaza
./data/macroset/en/clips/plaza/common_voice_en_570945.opus,plaza
./data/macroset/en/clips/allen/common_voice_en_19100269.opus,allen
./data/macroset/en/clips/allen/common_voice_en_19344707.opus,allen
./data/macroset/en/clips/allen/common_voice_en_20050355.opus,allen
./data/macroset/en/clips/allen/common_voice_en_19479599.opus,allen
./data/macroset/en/clips/allen/common_voice_en_19967264.opus,allen
./data/macroset/en/clips/hawks/common_voice_en_588988.opus,hawks
./data/macroset/en/clips/hawks/common_voice_en_506332.opus,hawks
./data/macroset/en/clips/hawks/common_voice_en_20546049.opus,hawks
./data/macroset/en/clips/hawks/common_voice_en_626215.opus,hawks
./data/macroset/en/clips/hawks/common_voice_en_489007.opus,hawks
./data/macroset/en/clips/headcloth/common_voice_en_60642.opus,headcloth
./data/macroset/en/clips/headcloth/common_voice_en_596814.opus,headcloth
./data/macroset/en/clips/headcloth/common_voice_en_561607.opus,headcloth
./data/macroset/en/clips/headcloth/common_voice_en_19038.opus,headcloth
./data/macroset/en/clips/headcloth/common_voice_en_594105.opus,headcloth
./data/macroset/en/clips/fall/common_voice_en_20647801.opus,fall
./data/macroset/en/clips/fall/common_voice_en_647652.opus,fall
./data/macroset/en/clips/fall/common_voice_en_17857852.opus,fall
./data/macroset/en/clips/fall/common_voice_en_602106.opus,fall
./data/macroset/en/clips/fall/common_voice_en_675051.opus,fall
./data/macroset/en/clips/quarrelling/common_voice_en_18032471.opus,quarrelling
./data/macroset/en/clips/quarrelling/common_voice_en_4261971.opus,quarrelling
./data/macroset/en/clips/quarrelling/common_voice_en_2409837.opus,quarrelling
./data/macroset/en/clips/quarrelling/common_voice_en_17808749.opus,quarrelling
./data/macroset/en/clips/quarrelling/common_voice_en_18163606.opus,quarrelling
./data/macroset/en/clips/india/common_voice_en_21269515.opus,india
./data/macroset/en/clips/india/common_voice_en_21312165.opus,india
./data/macroset/en/clips/india/common_voice_en_18870358.opus,india
./data/macroset/en/clips/india/common_voice_en_21704813__2.opus,india
./data/macroset/en/clips/india/common_voice_en_22471058.opus,india
./data/macroset/en/clips/escort/common_voice_en_17270652.opus,escort
./data/macroset/en/clips/escort/common_voice_en_19762745.opus,escort
./data/macroset/en/clips/escort/common_voice_en_17263586.opus,escort
./data/macroset/en/clips/escort/common_voice_en_21328531.opus,escort
./data/macroset/en/clips/escort/common_voice_en_18548455.opus,escort
./data/macroset/en/clips/foolish/common_voice_en_18466171.opus,foolish
./data/macroset/en/clips/foolish/common_voice_en_18409773.opus,foolish
./data/macroset/en/clips/foolish/common_voice_en_17285534.opus,foolish
./data/macroset/en/clips/foolish/common_voice_en_18139079.opus,foolish
./data/macroset/en/clips/foolish/common_voice_en_17869198.opus,foolish
./data/macroset/en/clips/preparatory/common_voice_en_20323602.opus,preparatory
./data/macroset/en/clips/preparatory/common_voice_en_21873016.opus,preparatory
./data/macroset/en/clips/preparatory/common_voice_en_21497781.opus,preparatory
./data/macroset/en/clips/preparatory/common_voice_en_20304645.opus,preparatory
./data/macroset/en/clips/preparatory/common_voice_en_19964591.opus,preparatory
./data/macroset/en/clips/dropped/common_voice_en_213590.opus,dropped
./data/macroset/en/clips/dropped/common_voice_en_515852.opus,dropped
./data/macroset/en/clips/dropped/common_voice_en_21938443.opus,dropped
./data/macroset/en/clips/dropped/common_voice_en_19714774.opus,dropped
./data/macroset/en/clips/dropped/common_voice_en_59443.opus,dropped
./data/macroset/en/clips/famed/common_voice_en_21981304.opus,famed
./data/macroset/en/clips/famed/common_voice_en_20939319.opus,famed
./data/macroset/en/clips/famed/common_voice_en_19942252.opus,famed
./data/macroset/en/clips/famed/common_voice_en_19770228.opus,famed
./data/macroset/en/clips/famed/common_voice_en_20675223.opus,famed
./data/macroset/en/clips/maktub/common_voice_en_540477.opus,maktub
./data/macroset/en/clips/maktub/common_voice_en_556404.opus,maktub
./data/macroset/en/clips/maktub/common_voice_en_53286.opus,maktub
./data/macroset/en/clips/maktub/common_voice_en_638081.opus,maktub
./data/macroset/en/clips/maktub/common_voice_en_602556.opus,maktub
./data/macroset/en/clips/abstract/common_voice_en_19416979.opus,abstract
./data/macroset/en/clips/abstract/common_voice_en_19755319.opus,abstract
./data/macroset/en/clips/abstract/common_voice_en_21681499.opus,abstract
./data/macroset/en/clips/abstract/common_voice_en_21330732__2.opus,abstract
./data/macroset/en/clips/abstract/common_voice_en_21854123.opus,abstract
./data/macroset/en/clips/average/common_voice_en_533534.opus,average
./data/macroset/en/clips/average/common_voice_en_19743918.opus,average
./data/macroset/en/clips/average/common_voice_en_20009006.opus,average
./data/macroset/en/clips/average/common_voice_en_18458936.opus,average
./data/macroset/en/clips/average/common_voice_en_19579165.opus,average
./data/macroset/en/clips/kindness/common_voice_en_18618429.opus,kindness
./data/macroset/en/clips/kindness/common_voice_en_99579.opus,kindness
./data/macroset/en/clips/kindness/common_voice_en_574349.opus,kindness
./data/macroset/en/clips/kindness/common_voice_en_95416.opus,kindness
./data/macroset/en/clips/kindness/common_voice_en_194783.opus,kindness
./data/macroset/en/clips/tech/common_voice_en_19756239.opus,tech
./data/macroset/en/clips/tech/common_voice_en_21340725.opus,tech
./data/macroset/en/clips/tech/common_voice_en_19589210.opus,tech
./data/macroset/en/clips/tech/common_voice_en_19562059.opus,tech
./data/macroset/en/clips/tech/common_voice_en_21447177.opus,tech
./data/macroset/en/clips/transcripts/common_voice_en_46808.opus,transcripts
./data/macroset/en/clips/transcripts/common_voice_en_78747.opus,transcripts
./data/macroset/en/clips/transcripts/common_voice_en_20883379.opus,transcripts
./data/macroset/en/clips/transcripts/common_voice_en_84142.opus,transcripts
./data/macroset/en/clips/transcripts/common_voice_en_641773.opus,transcripts
./data/macroset/en/clips/couple/common_voice_en_183756.opus,couple
./data/macroset/en/clips/couple/common_voice_en_19306095.opus,couple
./data/macroset/en/clips/couple/common_voice_en_22071425.opus,couple
./data/macroset/en/clips/couple/common_voice_en_20380199.opus,couple
./data/macroset/en/clips/couple/common_voice_en_217847.opus,couple
./data/macroset/en/clips/vimeo/common_voice_en_614230.opus,vimeo
./data/macroset/en/clips/vimeo/common_voice_en_519966.opus,vimeo
./data/macroset/en/clips/vimeo/common_voice_en_652119.opus,vimeo
./data/macroset/en/clips/vimeo/common_voice_en_575178.opus,vimeo
./data/macroset/en/clips/vimeo/common_voice_en_662270.opus,vimeo
./data/macroset/en/clips/dealing/common_voice_en_19567194.opus,dealing
./data/macroset/en/clips/dealing/common_voice_en_18256504.opus,dealing
./data/macroset/en/clips/dealing/common_voice_en_18939190.opus,dealing
./data/macroset/en/clips/dealing/common_voice_en_532103.opus,dealing
./data/macroset/en/clips/dealing/common_voice_en_547059.opus,dealing
./data/macroset/en/clips/refuses/common_voice_en_483901.opus,refuses
./data/macroset/en/clips/refuses/common_voice_en_540227.opus,refuses
./data/macroset/en/clips/refuses/common_voice_en_20112827.opus,refuses
./data/macroset/en/clips/refuses/common_voice_en_21370523.opus,refuses
./data/macroset/en/clips/refuses/common_voice_en_19671356.opus,refuses
./data/macroset/en/clips/combining/common_voice_en_21264053.opus,combining
./data/macroset/en/clips/combining/common_voice_en_21939349.opus,combining
./data/macroset/en/clips/combining/common_voice_en_20027693.opus,combining
./data/macroset/en/clips/combining/common_voice_en_20782225.opus,combining
./data/macroset/en/clips/combining/common_voice_en_20173569.opus,combining
./data/macroset/en/clips/contradict/common_voice_en_18065908.opus,contradict
./data/macroset/en/clips/contradict/common_voice_en_17256205.opus,contradict
./data/macroset/en/clips/contradict/common_voice_en_19493203.opus,contradict
./data/macroset/en/clips/contradict/common_voice_en_17247339.opus,contradict
./data/macroset/en/clips/contradict/common_voice_en_19768873.opus,contradict
./data/macroset/en/clips/formed/common_voice_en_516430.opus,formed
./data/macroset/en/clips/formed/common_voice_en_20890551.opus,formed
./data/macroset/en/clips/formed/common_voice_en_18703718.opus,formed
./data/macroset/en/clips/formed/common_voice_en_20136214.opus,formed
./data/macroset/en/clips/formed/common_voice_en_19743955.opus,formed
./data/macroset/en/clips/slopes/common_voice_en_19649134.opus,slopes
./data/macroset/en/clips/slopes/common_voice_en_20091007.opus,slopes
./data/macroset/en/clips/slopes/common_voice_en_20975274.opus,slopes
./data/macroset/en/clips/slopes/common_voice_en_19856636.opus,slopes
./data/macroset/en/clips/slopes/common_voice_en_20233286.opus,slopes
./data/macroset/en/clips/convenient/common_voice_en_636373.opus,convenient
./data/macroset/en/clips/convenient/common_voice_en_19761578.opus,convenient
./data/macroset/en/clips/convenient/common_voice_en_682453.opus,convenient
./data/macroset/en/clips/convenient/common_voice_en_214550.opus,convenient
./data/macroset/en/clips/convenient/common_voice_en_32432.opus,convenient
./data/macroset/en/clips/environments/common_voice_en_19267123.opus,environments
./data/macroset/en/clips/environments/common_voice_en_20024404.opus,environments
./data/macroset/en/clips/environments/common_voice_en_21081554.opus,environments
./data/macroset/en/clips/environments/common_voice_en_20273233.opus,environments
./data/macroset/en/clips/environments/common_voice_en_19796296.opus,environments
./data/macroset/en/clips/receipt/common_voice_en_610429.opus,receipt
./data/macroset/en/clips/receipt/common_voice_en_24864.opus,receipt
./data/macroset/en/clips/receipt/common_voice_en_488327.opus,receipt
./data/macroset/en/clips/receipt/common_voice_en_17899400.opus,receipt
./data/macroset/en/clips/receipt/common_voice_en_188028.opus,receipt
./data/macroset/en/clips/vancouver/common_voice_en_19500531.opus,vancouver
./data/macroset/en/clips/vancouver/common_voice_en_22347694.opus,vancouver
./data/macroset/en/clips/vancouver/common_voice_en_22290895.opus,vancouver
./data/macroset/en/clips/vancouver/common_voice_en_20052408.opus,vancouver
./data/macroset/en/clips/vancouver/common_voice_en_22413788.opus,vancouver
./data/macroset/en/clips/plead/common_voice_en_4607473.opus,plead
./data/macroset/en/clips/plead/common_voice_en_17843268.opus,plead
./data/macroset/en/clips/plead/common_voice_en_18164152.opus,plead
./data/macroset/en/clips/plead/common_voice_en_19467574.opus,plead
./data/macroset/en/clips/plead/common_voice_en_17980839.opus,plead
./data/macroset/en/clips/biker/common_voice_en_677759.opus,biker
./data/macroset/en/clips/biker/common_voice_en_18144264.opus,biker
./data/macroset/en/clips/biker/common_voice_en_604484.opus,biker
./data/macroset/en/clips/biker/common_voice_en_46973.opus,biker
./data/macroset/en/clips/biker/common_voice_en_331011.opus,biker
./data/macroset/en/clips/delegates/common_voice_en_19956497.opus,delegates
./data/macroset/en/clips/delegates/common_voice_en_21377378.opus,delegates
./data/macroset/en/clips/delegates/common_voice_en_21753025.opus,delegates
./data/macroset/en/clips/delegates/common_voice_en_19709497.opus,delegates
./data/macroset/en/clips/delegates/common_voice_en_20584321.opus,delegates
./data/macroset/en/clips/raised/common_voice_en_634715.opus,raised
./data/macroset/en/clips/raised/common_voice_en_19418928.opus,raised
./data/macroset/en/clips/raised/common_voice_en_19769166.opus,raised
./data/macroset/en/clips/raised/common_voice_en_22248926.opus,raised
./data/macroset/en/clips/raised/common_voice_en_18446475.opus,raised
./data/macroset/en/clips/representing/common_voice_en_20709260.opus,representing
./data/macroset/en/clips/representing/common_voice_en_19708501.opus,representing
./data/macroset/en/clips/representing/common_voice_en_19354105.opus,representing
./data/macroset/en/clips/representing/common_voice_en_19603240.opus,representing
./data/macroset/en/clips/representing/common_voice_en_19347208.opus,representing
./data/macroset/en/clips/management/common_voice_en_20049235.opus,management
./data/macroset/en/clips/management/common_voice_en_18945671.opus,management
./data/macroset/en/clips/management/common_voice_en_22205371.opus,management
./data/macroset/en/clips/management/common_voice_en_20442708.opus,management
./data/macroset/en/clips/management/common_voice_en_19598284.opus,management
./data/macroset/en/clips/neon/common_voice_en_17390163.opus,neon
./data/macroset/en/clips/neon/common_voice_en_22268343.opus,neon
./data/macroset/en/clips/neon/common_voice_en_22218276.opus,neon
./data/macroset/en/clips/neon/common_voice_en_17329352.opus,neon
./data/macroset/en/clips/neon/common_voice_en_532626.opus,neon
./data/macroset/en/clips/haunted/common_voice_en_661820.opus,haunted
./data/macroset/en/clips/haunted/common_voice_en_175201.opus,haunted
./data/macroset/en/clips/haunted/common_voice_en_20027693.opus,haunted
./data/macroset/en/clips/haunted/common_voice_en_18994066.opus,haunted
./data/macroset/en/clips/haunted/common_voice_en_20371680.opus,haunted
./data/macroset/en/clips/reaches/common_voice_en_20256274.opus,reaches
./data/macroset/en/clips/reaches/common_voice_en_18062227.opus,reaches
./data/macroset/en/clips/reaches/common_voice_en_20038172.opus,reaches
./data/macroset/en/clips/reaches/common_voice_en_57618.opus,reaches
./data/macroset/en/clips/reaches/common_voice_en_19312731.opus,reaches
./data/macroset/en/clips/bounced/common_voice_en_481412.opus,bounced
./data/macroset/en/clips/bounced/common_voice_en_682222.opus,bounced
./data/macroset/en/clips/bounced/common_voice_en_4290214.opus,bounced
./data/macroset/en/clips/bounced/common_voice_en_18144538.opus,bounced
./data/macroset/en/clips/bounced/common_voice_en_17433442.opus,bounced
./data/macroset/en/clips/recursion/common_voice_en_17474884.opus,recursion
./data/macroset/en/clips/recursion/common_voice_en_603157.opus,recursion
./data/macroset/en/clips/recursion/common_voice_en_17717145.opus,recursion
./data/macroset/en/clips/recursion/common_voice_en_17265209__2.opus,recursion
./data/macroset/en/clips/recursion/common_voice_en_540037__2.opus,recursion
./data/macroset/en/clips/unbearable/common_voice_en_615577.opus,unbearable
./data/macroset/en/clips/unbearable/common_voice_en_203495.opus,unbearable
./data/macroset/en/clips/unbearable/common_voice_en_183025.opus,unbearable
./data/macroset/en/clips/unbearable/common_voice_en_521326.opus,unbearable
./data/macroset/en/clips/unbearable/common_voice_en_201171.opus,unbearable
./data/macroset/en/clips/rug/common_voice_en_505036.opus,rug
./data/macroset/en/clips/rug/common_voice_en_16633430.opus,rug
./data/macroset/en/clips/rug/common_voice_en_17418078.opus,rug
./data/macroset/en/clips/rug/common_voice_en_293787.opus,rug
./data/macroset/en/clips/rug/common_voice_en_91010.opus,rug
./data/macroset/en/clips/date/common_voice_en_20185621.opus,date
./data/macroset/en/clips/date/common_voice_en_91457.opus,date
./data/macroset/en/clips/date/common_voice_en_18496758.opus,date
./data/macroset/en/clips/date/common_voice_en_558801.opus,date
./data/macroset/en/clips/date/common_voice_en_18817707.opus,date
./data/macroset/en/clips/graduation/common_voice_en_19374598.opus,graduation
./data/macroset/en/clips/graduation/common_voice_en_19700202.opus,graduation
./data/macroset/en/clips/graduation/common_voice_en_20870606.opus,graduation
./data/macroset/en/clips/graduation/common_voice_en_21115343.opus,graduation
./data/macroset/en/clips/graduation/common_voice_en_20101304.opus,graduation
./data/macroset/en/clips/trent/common_voice_en_21243256.opus,trent
./data/macroset/en/clips/trent/common_voice_en_20286531.opus,trent
./data/macroset/en/clips/trent/common_voice_en_19523385.opus,trent
./data/macroset/en/clips/trent/common_voice_en_21895277.opus,trent
./data/macroset/en/clips/trent/common_voice_en_19547005.opus,trent
./data/macroset/en/clips/steroids/common_voice_en_5631971.opus,steroids
./data/macroset/en/clips/steroids/common_voice_en_17301511.opus,steroids
./data/macroset/en/clips/steroids/common_voice_en_19093361.opus,steroids
./data/macroset/en/clips/steroids/common_voice_en_70396.opus,steroids
./data/macroset/en/clips/steroids/common_voice_en_572083.opus,steroids
./data/macroset/en/clips/estates/common_voice_en_20380148.opus,estates
./data/macroset/en/clips/estates/common_voice_en_21050685.opus,estates
./data/macroset/en/clips/estates/common_voice_en_20171901.opus,estates
./data/macroset/en/clips/estates/common_voice_en_20381661.opus,estates
./data/macroset/en/clips/estates/common_voice_en_20057431.opus,estates
./data/macroset/en/clips/plastic/common_voice_en_476631.opus,plastic
./data/macroset/en/clips/plastic/common_voice_en_677396.opus,plastic
./data/macroset/en/clips/plastic/common_voice_en_47219.opus,plastic
./data/macroset/en/clips/plastic/common_voice_en_548096.opus,plastic
./data/macroset/en/clips/plastic/common_voice_en_18456669.opus,plastic
./data/macroset/en/clips/chess/common_voice_en_20189075.opus,chess
./data/macroset/en/clips/chess/common_voice_en_18780001.opus,chess
./data/macroset/en/clips/chess/common_voice_en_84214.opus,chess
./data/macroset/en/clips/chess/common_voice_en_629829.opus,chess
./data/macroset/en/clips/chess/common_voice_en_17990929.opus,chess
./data/macroset/en/clips/differ/common_voice_en_19419446.opus,differ
./data/macroset/en/clips/differ/common_voice_en_22386987.opus,differ
./data/macroset/en/clips/differ/common_voice_en_22146142.opus,differ
./data/macroset/en/clips/differ/common_voice_en_21840713.opus,differ
./data/macroset/en/clips/differ/common_voice_en_21394304.opus,differ
./data/macroset/en/clips/tales/common_voice_en_20312893.opus,tales
./data/macroset/en/clips/tales/common_voice_en_21348908.opus,tales
./data/macroset/en/clips/tales/common_voice_en_19588598.opus,tales
./data/macroset/en/clips/tales/common_voice_en_523197.opus,tales
./data/macroset/en/clips/tales/common_voice_en_8607993.opus,tales
./data/macroset/en/clips/sensual/common_voice_en_17386424.opus,sensual
./data/macroset/en/clips/sensual/common_voice_en_19244767.opus,sensual
./data/macroset/en/clips/sensual/common_voice_en_17255755.opus,sensual
./data/macroset/en/clips/sensual/common_voice_en_17966220.opus,sensual
./data/macroset/en/clips/sensual/common_voice_en_18984153.opus,sensual
./data/macroset/en/clips/indonesia/common_voice_en_19388013.opus,indonesia
./data/macroset/en/clips/indonesia/common_voice_en_316963.opus,indonesia
./data/macroset/en/clips/indonesia/common_voice_en_421604.opus,indonesia
./data/macroset/en/clips/indonesia/common_voice_en_20219907.opus,indonesia
./data/macroset/en/clips/indonesia/common_voice_en_19078480.opus,indonesia
./data/macroset/en/clips/specimens/common_voice_en_20114826.opus,specimens
./data/macroset/en/clips/specimens/common_voice_en_19960109.opus,specimens
./data/macroset/en/clips/specimens/common_voice_en_21180821.opus,specimens
./data/macroset/en/clips/specimens/common_voice_en_21305506.opus,specimens
./data/macroset/en/clips/specimens/common_voice_en_19622103.opus,specimens
./data/macroset/en/clips/drivel/common_voice_en_18492344.opus,drivel
./data/macroset/en/clips/drivel/common_voice_en_18125196.opus,drivel
./data/macroset/en/clips/drivel/common_voice_en_197772.opus,drivel
./data/macroset/en/clips/drivel/common_voice_en_569051.opus,drivel
./data/macroset/en/clips/drivel/common_voice_en_17551872.opus,drivel
./data/macroset/en/clips/stretch/common_voice_en_135085.opus,stretch
./data/macroset/en/clips/stretch/common_voice_en_21327147.opus,stretch
./data/macroset/en/clips/stretch/common_voice_en_586749.opus,stretch
./data/macroset/en/clips/stretch/common_voice_en_21462399.opus,stretch
./data/macroset/en/clips/stretch/common_voice_en_20080743.opus,stretch
./data/macroset/en/clips/irrational/common_voice_en_22447990.opus,irrational
./data/macroset/en/clips/irrational/common_voice_en_20376820.opus,irrational
./data/macroset/en/clips/irrational/common_voice_en_17886232.opus,irrational
./data/macroset/en/clips/irrational/common_voice_en_17359550.opus,irrational
./data/macroset/en/clips/irrational/common_voice_en_17991705.opus,irrational
./data/macroset/en/clips/mile/common_voice_en_18167626.opus,mile
./data/macroset/en/clips/mile/common_voice_en_658376.opus,mile
./data/macroset/en/clips/mile/common_voice_en_18073274.opus,mile
./data/macroset/en/clips/mile/common_voice_en_17932368.opus,mile
./data/macroset/en/clips/mile/common_voice_en_18104905.opus,mile
./data/macroset/en/clips/estimated/common_voice_en_20798312.opus,estimated
./data/macroset/en/clips/estimated/common_voice_en_19787462.opus,estimated
./data/macroset/en/clips/estimated/common_voice_en_18993325.opus,estimated
./data/macroset/en/clips/estimated/common_voice_en_18668385.opus,estimated
./data/macroset/en/clips/estimated/common_voice_en_20583416.opus,estimated
./data/macroset/en/clips/referenced/common_voice_en_20466186.opus,referenced
./data/macroset/en/clips/referenced/common_voice_en_21535134.opus,referenced
./data/macroset/en/clips/referenced/common_voice_en_21269669.opus,referenced
./data/macroset/en/clips/referenced/common_voice_en_22196512.opus,referenced
./data/macroset/en/clips/referenced/common_voice_en_18962335.opus,referenced
./data/macroset/en/clips/television/common_voice_en_20836714.opus,television
./data/macroset/en/clips/television/common_voice_en_19678145.opus,television
./data/macroset/en/clips/television/common_voice_en_20220612.opus,television
./data/macroset/en/clips/television/common_voice_en_685208.opus,television
./data/macroset/en/clips/television/common_voice_en_21879779.opus,television
./data/macroset/en/clips/convent/common_voice_en_22316301.opus,convent
./data/macroset/en/clips/convent/common_voice_en_21724257.opus,convent
./data/macroset/en/clips/convent/common_voice_en_20218038.opus,convent
./data/macroset/en/clips/convent/common_voice_en_20696654.opus,convent
./data/macroset/en/clips/convent/common_voice_en_19743387.opus,convent
./data/macroset/en/clips/jason/common_voice_en_21656946.opus,jason
./data/macroset/en/clips/jason/common_voice_en_20586126.opus,jason
./data/macroset/en/clips/jason/common_voice_en_633946.opus,jason
./data/macroset/en/clips/jason/common_voice_en_4917645.opus,jason
./data/macroset/en/clips/jason/common_voice_en_646871.opus,jason
./data/macroset/en/clips/victim/common_voice_en_19946550.opus,victim
./data/macroset/en/clips/victim/common_voice_en_19140338.opus,victim
./data/macroset/en/clips/victim/common_voice_en_19964501.opus,victim
./data/macroset/en/clips/victim/common_voice_en_15733555.opus,victim
./data/macroset/en/clips/victim/common_voice_en_19497502.opus,victim
./data/macroset/en/clips/consensus/common_voice_en_22066389.opus,consensus
./data/macroset/en/clips/consensus/common_voice_en_20425491.opus,consensus
./data/macroset/en/clips/consensus/common_voice_en_18724434.opus,consensus
./data/macroset/en/clips/consensus/common_voice_en_22431018.opus,consensus
./data/macroset/en/clips/consensus/common_voice_en_20960742.opus,consensus
./data/macroset/en/clips/conversely/common_voice_en_20995650.opus,conversely
./data/macroset/en/clips/conversely/common_voice_en_17735763.opus,conversely
./data/macroset/en/clips/conversely/common_voice_en_18682447.opus,conversely
./data/macroset/en/clips/conversely/common_voice_en_17389487.opus,conversely
./data/macroset/en/clips/conversely/common_voice_en_17292181.opus,conversely
./data/macroset/en/clips/like/common_voice_en_17297659.opus,like
./data/macroset/en/clips/like/common_voice_en_15904980.opus,like
./data/macroset/en/clips/like/common_voice_en_617515.opus,like
./data/macroset/en/clips/like/common_voice_en_18277514.opus,like
./data/macroset/en/clips/like/common_voice_en_162437.opus,like
./data/macroset/en/clips/andreas/common_voice_en_20391462.opus,andreas
./data/macroset/en/clips/andreas/common_voice_en_19723906.opus,andreas
./data/macroset/en/clips/andreas/common_voice_en_19752300.opus,andreas
./data/macroset/en/clips/andreas/common_voice_en_317116.opus,andreas
./data/macroset/en/clips/andreas/common_voice_en_404711.opus,andreas
./data/macroset/en/clips/subjects/common_voice_en_22377754.opus,subjects
./data/macroset/en/clips/subjects/common_voice_en_20389254.opus,subjects
./data/macroset/en/clips/subjects/common_voice_en_20160574.opus,subjects
./data/macroset/en/clips/subjects/common_voice_en_20907100.opus,subjects
./data/macroset/en/clips/subjects/common_voice_en_22071496.opus,subjects
./data/macroset/en/clips/surveyor/common_voice_en_20410567.opus,surveyor
./data/macroset/en/clips/surveyor/common_voice_en_18543035.opus,surveyor
./data/macroset/en/clips/surveyor/common_voice_en_22257758.opus,surveyor
./data/macroset/en/clips/surveyor/common_voice_en_19711097.opus,surveyor
./data/macroset/en/clips/surveyor/common_voice_en_20148054.opus,surveyor
./data/macroset/en/clips/custard/common_voice_en_92130.opus,custard
./data/macroset/en/clips/custard/common_voice_en_22404612.opus,custard
./data/macroset/en/clips/custard/common_voice_en_532561.opus,custard
./data/macroset/en/clips/custard/common_voice_en_176770.opus,custard
./data/macroset/en/clips/custard/common_voice_en_17843506.opus,custard
./data/macroset/en/clips/fighting/common_voice_en_600943.opus,fighting
./data/macroset/en/clips/fighting/common_voice_en_546080.opus,fighting
./data/macroset/en/clips/fighting/common_voice_en_666968.opus,fighting
./data/macroset/en/clips/fighting/common_voice_en_660334.opus,fighting
./data/macroset/en/clips/fighting/common_voice_en_19631498.opus,fighting
./data/macroset/en/clips/bones/common_voice_en_20661185.opus,bones
./data/macroset/en/clips/bones/common_voice_en_19117916.opus,bones
./data/macroset/en/clips/bones/common_voice_en_17411314.opus,bones
./data/macroset/en/clips/bones/common_voice_en_19453661.opus,bones
./data/macroset/en/clips/bones/common_voice_en_490865.opus,bones
./data/macroset/en/clips/dare/common_voice_en_559156.opus,dare
./data/macroset/en/clips/dare/common_voice_en_17394828.opus,dare
./data/macroset/en/clips/dare/common_voice_en_425951.opus,dare
./data/macroset/en/clips/dare/common_voice_en_498602.opus,dare
./data/macroset/en/clips/dare/common_voice_en_610488.opus,dare
./data/macroset/en/clips/alberta/common_voice_en_20068591.opus,alberta
./data/macroset/en/clips/alberta/common_voice_en_21876378.opus,alberta
./data/macroset/en/clips/alberta/common_voice_en_20316284.opus,alberta
./data/macroset/en/clips/alberta/common_voice_en_20851878.opus,alberta
./data/macroset/en/clips/alberta/common_voice_en_19206502.opus,alberta
./data/macroset/en/clips/palms/common_voice_en_17271841.opus,palms
./data/macroset/en/clips/palms/common_voice_en_17390978.opus,palms
./data/macroset/en/clips/palms/common_voice_en_556373.opus,palms
./data/macroset/en/clips/palms/common_voice_en_19410582.opus,palms
./data/macroset/en/clips/palms/common_voice_en_194255.opus,palms
./data/macroset/en/clips/consecutive/common_voice_en_20322265.opus,consecutive
./data/macroset/en/clips/consecutive/common_voice_en_19886990.opus,consecutive
./data/macroset/en/clips/consecutive/common_voice_en_19422799.opus,consecutive
./data/macroset/en/clips/consecutive/common_voice_en_22049758.opus,consecutive
./data/macroset/en/clips/consecutive/common_voice_en_19430854.opus,consecutive
./data/macroset/en/clips/uncontrollably/common_voice_en_682260.opus,uncontrollably
./data/macroset/en/clips/uncontrollably/common_voice_en_581993.opus,uncontrollably
./data/macroset/en/clips/uncontrollably/common_voice_en_5737024.opus,uncontrollably
./data/macroset/en/clips/uncontrollably/common_voice_en_49728.opus,uncontrollably
./data/macroset/en/clips/uncontrollably/common_voice_en_202701.opus,uncontrollably
./data/macroset/en/clips/legend/common_voice_en_481517.opus,legend
./data/macroset/en/clips/legend/common_voice_en_18968691.opus,legend
./data/macroset/en/clips/legend/common_voice_en_19613240.opus,legend
./data/macroset/en/clips/legend/common_voice_en_22164381.opus,legend
./data/macroset/en/clips/legend/common_voice_en_19061074.opus,legend
./data/macroset/en/clips/questioned/common_voice_en_18415706.opus,questioned
./data/macroset/en/clips/questioned/common_voice_en_494983.opus,questioned
./data/macroset/en/clips/questioned/common_voice_en_20583415.opus,questioned
./data/macroset/en/clips/questioned/common_voice_en_21293676.opus,questioned
./data/macroset/en/clips/questioned/common_voice_en_20763090.opus,questioned
./data/macroset/en/clips/funeral/common_voice_en_19029196.opus,funeral
./data/macroset/en/clips/funeral/common_voice_en_19430800.opus,funeral
./data/macroset/en/clips/funeral/common_voice_en_18885784.opus,funeral
./data/macroset/en/clips/funeral/common_voice_en_527135.opus,funeral
./data/macroset/en/clips/funeral/common_voice_en_19813506.opus,funeral
./data/macroset/en/clips/fearless/common_voice_en_696068.opus,fearless
./data/macroset/en/clips/fearless/common_voice_en_654336.opus,fearless
./data/macroset/en/clips/fearless/common_voice_en_532348.opus,fearless
./data/macroset/en/clips/fearless/common_voice_en_671619.opus,fearless
./data/macroset/en/clips/fearless/common_voice_en_629984.opus,fearless
./data/macroset/en/clips/advertisements/common_voice_en_17294393.opus,advertisements
./data/macroset/en/clips/advertisements/common_voice_en_20228913.opus,advertisements
./data/macroset/en/clips/advertisements/common_voice_en_20238475.opus,advertisements
./data/macroset/en/clips/advertisements/common_voice_en_20239924.opus,advertisements
./data/macroset/en/clips/advertisements/common_voice_en_19531130.opus,advertisements
./data/macroset/en/clips/motion/common_voice_en_19876170.opus,motion
./data/macroset/en/clips/motion/common_voice_en_19007137.opus,motion
./data/macroset/en/clips/motion/common_voice_en_18969458.opus,motion
./data/macroset/en/clips/motion/common_voice_en_7556790.opus,motion
./data/macroset/en/clips/motion/common_voice_en_673240.opus,motion
./data/macroset/en/clips/resign/common_voice_en_20875698.opus,resign
./data/macroset/en/clips/resign/common_voice_en_19407915.opus,resign
./data/macroset/en/clips/resign/common_voice_en_22091213.opus,resign
./data/macroset/en/clips/resign/common_voice_en_21220639.opus,resign
./data/macroset/en/clips/resign/common_voice_en_18713686.opus,resign
./data/macroset/en/clips/accept/common_voice_en_20043327.opus,accept
./data/macroset/en/clips/accept/common_voice_en_20522573.opus,accept
./data/macroset/en/clips/accept/common_voice_en_20778796.opus,accept
./data/macroset/en/clips/accept/common_voice_en_550790.opus,accept
./data/macroset/en/clips/accept/common_voice_en_147503.opus,accept
./data/macroset/en/clips/confounded/common_voice_en_647357.opus,confounded
./data/macroset/en/clips/confounded/common_voice_en_642120.opus,confounded
./data/macroset/en/clips/confounded/common_voice_en_83156.opus,confounded
./data/macroset/en/clips/confounded/common_voice_en_687969.opus,confounded
./data/macroset/en/clips/confounded/common_voice_en_672879.opus,confounded
./data/macroset/en/clips/browser/common_voice_en_5781102.opus,browser
./data/macroset/en/clips/browser/common_voice_en_52420.opus,browser
./data/macroset/en/clips/browser/common_voice_en_677906.opus,browser
./data/macroset/en/clips/browser/common_voice_en_17556756.opus,browser
./data/macroset/en/clips/browser/common_voice_en_21352341.opus,browser
./data/macroset/en/clips/trash/common_voice_en_583001.opus,trash
./data/macroset/en/clips/trash/common_voice_en_7779.opus,trash
./data/macroset/en/clips/trash/common_voice_en_17858146.opus,trash
./data/macroset/en/clips/trash/common_voice_en_639952.opus,trash
./data/macroset/en/clips/trash/common_voice_en_17888215.opus,trash
./data/macroset/en/clips/rare/common_voice_en_20148476.opus,rare
./data/macroset/en/clips/rare/common_voice_en_18350791.opus,rare
./data/macroset/en/clips/rare/common_voice_en_19762684.opus,rare
./data/macroset/en/clips/rare/common_voice_en_19817623.opus,rare
./data/macroset/en/clips/rare/common_voice_en_20651290.opus,rare
./data/macroset/en/clips/shaken/common_voice_en_487176.opus,shaken
./data/macroset/en/clips/shaken/common_voice_en_193209.opus,shaken
./data/macroset/en/clips/shaken/common_voice_en_533943.opus,shaken
./data/macroset/en/clips/shaken/common_voice_en_681642.opus,shaken
./data/macroset/en/clips/shaken/common_voice_en_184653.opus,shaken
./data/macroset/en/clips/offset/common_voice_en_21640884.opus,offset
./data/macroset/en/clips/offset/common_voice_en_19249207.opus,offset
./data/macroset/en/clips/offset/common_voice_en_22408037.opus,offset
./data/macroset/en/clips/offset/common_voice_en_19763487.opus,offset
./data/macroset/en/clips/offset/common_voice_en_18506624.opus,offset
./data/macroset/en/clips/cartoon/common_voice_en_19982485.opus,cartoon
./data/macroset/en/clips/cartoon/common_voice_en_22331877.opus,cartoon
./data/macroset/en/clips/cartoon/common_voice_en_19672131.opus,cartoon
./data/macroset/en/clips/cartoon/common_voice_en_20298256.opus,cartoon
./data/macroset/en/clips/cartoon/common_voice_en_18982622.opus,cartoon
./data/macroset/en/clips/exports/common_voice_en_21229673.opus,exports
./data/macroset/en/clips/exports/common_voice_en_22047531.opus,exports
./data/macroset/en/clips/exports/common_voice_en_19562674.opus,exports
./data/macroset/en/clips/exports/common_voice_en_19954719.opus,exports
./data/macroset/en/clips/exports/common_voice_en_20844446.opus,exports
./data/macroset/en/clips/individual/common_voice_en_19783645.opus,individual
./data/macroset/en/clips/individual/common_voice_en_20877886.opus,individual
./data/macroset/en/clips/individual/common_voice_en_20000257.opus,individual
./data/macroset/en/clips/individual/common_voice_en_19080684.opus,individual
./data/macroset/en/clips/individual/common_voice_en_19193533.opus,individual
./data/macroset/en/clips/leaving/common_voice_en_20132342.opus,leaving
./data/macroset/en/clips/leaving/common_voice_en_19853602.opus,leaving
./data/macroset/en/clips/leaving/common_voice_en_20989557.opus,leaving
./data/macroset/en/clips/leaving/common_voice_en_21692051.opus,leaving
./data/macroset/en/clips/leaving/common_voice_en_90045.opus,leaving
./data/macroset/en/clips/patio/common_voice_en_480707.opus,patio
./data/macroset/en/clips/patio/common_voice_en_21281882.opus,patio
./data/macroset/en/clips/patio/common_voice_en_17394987.opus,patio
./data/macroset/en/clips/patio/common_voice_en_57276.opus,patio
./data/macroset/en/clips/patio/common_voice_en_19690150.opus,patio
./data/macroset/en/clips/gill/common_voice_en_20583261.opus,gill
./data/macroset/en/clips/gill/common_voice_en_20975056.opus,gill
./data/macroset/en/clips/gill/common_voice_en_19883402.opus,gill
./data/macroset/en/clips/gill/common_voice_en_20720572.opus,gill
./data/macroset/en/clips/gill/common_voice_en_19631100.opus,gill
./data/macroset/en/clips/demolition/common_voice_en_19415497.opus,demolition
./data/macroset/en/clips/demolition/common_voice_en_20387502.opus,demolition
./data/macroset/en/clips/demolition/common_voice_en_19843434.opus,demolition
./data/macroset/en/clips/demolition/common_voice_en_219531.opus,demolition
./data/macroset/en/clips/demolition/common_voice_en_18760789.opus,demolition
./data/macroset/en/clips/figures/common_voice_en_634916.opus,figures
./data/macroset/en/clips/figures/common_voice_en_19125824.opus,figures
./data/macroset/en/clips/figures/common_voice_en_20386778.opus,figures
./data/macroset/en/clips/figures/common_voice_en_195970.opus,figures
./data/macroset/en/clips/figures/common_voice_en_62633.opus,figures
./data/macroset/en/clips/handed/common_voice_en_20857375__2.opus,handed
./data/macroset/en/clips/handed/common_voice_en_634839.opus,handed
./data/macroset/en/clips/handed/common_voice_en_680306.opus,handed
./data/macroset/en/clips/handed/common_voice_en_569485.opus,handed
./data/macroset/en/clips/handed/common_voice_en_20418219.opus,handed
./data/macroset/en/clips/abuse/common_voice_en_19877471.opus,abuse
./data/macroset/en/clips/abuse/common_voice_en_20921571.opus,abuse
./data/macroset/en/clips/abuse/common_voice_en_18854388.opus,abuse
./data/macroset/en/clips/abuse/common_voice_en_19419413.opus,abuse
./data/macroset/en/clips/abuse/common_voice_en_20088196.opus,abuse
./data/macroset/en/clips/track/common_voice_en_19214294.opus,track
./data/macroset/en/clips/track/common_voice_en_21776891.opus,track
./data/macroset/en/clips/track/common_voice_en_21268725.opus,track
./data/macroset/en/clips/track/common_voice_en_570733.opus,track
./data/macroset/en/clips/track/common_voice_en_22251713.opus,track
./data/macroset/en/clips/judges/common_voice_en_19980022.opus,judges
./data/macroset/en/clips/judges/common_voice_en_20002555.opus,judges
./data/macroset/en/clips/judges/common_voice_en_20381956.opus,judges
./data/macroset/en/clips/judges/common_voice_en_20960964.opus,judges
./data/macroset/en/clips/judges/common_voice_en_18752403.opus,judges
./data/macroset/en/clips/cameron/common_voice_en_20466194.opus,cameron
./data/macroset/en/clips/cameron/common_voice_en_22175722.opus,cameron
./data/macroset/en/clips/cameron/common_voice_en_21775681.opus,cameron
./data/macroset/en/clips/cameron/common_voice_en_18843198.opus,cameron
./data/macroset/en/clips/cameron/common_voice_en_21668638.opus,cameron
./data/macroset/en/clips/representation/common_voice_en_19293755.opus,representation
./data/macroset/en/clips/representation/common_voice_en_19353513.opus,representation
./data/macroset/en/clips/representation/common_voice_en_2202737.opus,representation
./data/macroset/en/clips/representation/common_voice_en_19410890.opus,representation
./data/macroset/en/clips/representation/common_voice_en_22211699.opus,representation
./data/macroset/en/clips/lights/common_voice_en_33012.opus,lights
./data/macroset/en/clips/lights/common_voice_en_687904.opus,lights
./data/macroset/en/clips/lights/common_voice_en_618877.opus,lights
./data/macroset/en/clips/lights/common_voice_en_614392.opus,lights
./data/macroset/en/clips/lights/common_voice_en_542493.opus,lights
./data/macroset/en/clips/continue/common_voice_en_98395.opus,continue
./data/macroset/en/clips/continue/common_voice_en_21591718.opus,continue
./data/macroset/en/clips/continue/common_voice_en_34023.opus,continue
./data/macroset/en/clips/continue/common_voice_en_19671160.opus,continue
./data/macroset/en/clips/continue/common_voice_en_20297851.opus,continue
./data/macroset/en/clips/scan/common_voice_en_19878125.opus,scan
./data/macroset/en/clips/scan/common_voice_en_647912.opus,scan
./data/macroset/en/clips/scan/common_voice_en_18167680.opus,scan
./data/macroset/en/clips/scan/common_voice_en_72685.opus,scan
./data/macroset/en/clips/scan/common_voice_en_20947708.opus,scan
./data/macroset/en/clips/democrat/common_voice_en_19962418.opus,democrat
./data/macroset/en/clips/democrat/common_voice_en_20400325.opus,democrat
./data/macroset/en/clips/democrat/common_voice_en_20927440.opus,democrat
./data/macroset/en/clips/democrat/common_voice_en_19212816.opus,democrat
./data/macroset/en/clips/democrat/common_voice_en_18895829.opus,democrat
./data/macroset/en/clips/timber/common_voice_en_20530131.opus,timber
./data/macroset/en/clips/timber/common_voice_en_19630928.opus,timber
./data/macroset/en/clips/timber/common_voice_en_19680679.opus,timber
./data/macroset/en/clips/timber/common_voice_en_19717976.opus,timber
./data/macroset/en/clips/timber/common_voice_en_20038732.opus,timber
./data/macroset/en/clips/individually/common_voice_en_669719.opus,individually
./data/macroset/en/clips/individually/common_voice_en_607265.opus,individually
./data/macroset/en/clips/individually/common_voice_en_559084.opus,individually
./data/macroset/en/clips/individually/common_voice_en_19573595.opus,individually
./data/macroset/en/clips/individually/common_voice_en_698186.opus,individually
./data/macroset/en/clips/bart/common_voice_en_19730744.opus,bart
./data/macroset/en/clips/bart/common_voice_en_21313239.opus,bart
./data/macroset/en/clips/bart/common_voice_en_20006451.opus,bart
./data/macroset/en/clips/bart/common_voice_en_21144131.opus,bart
./data/macroset/en/clips/bart/common_voice_en_21850320.opus,bart
./data/macroset/en/clips/sprained/common_voice_en_215887.opus,sprained
./data/macroset/en/clips/sprained/common_voice_en_616561.opus,sprained
./data/macroset/en/clips/sprained/common_voice_en_535884.opus,sprained
./data/macroset/en/clips/sprained/common_voice_en_93986.opus,sprained
./data/macroset/en/clips/sprained/common_voice_en_556044.opus,sprained
./data/macroset/en/clips/germans/common_voice_en_18752020.opus,germans
./data/macroset/en/clips/germans/common_voice_en_20043711.opus,germans
./data/macroset/en/clips/germans/common_voice_en_19083137.opus,germans
./data/macroset/en/clips/germans/common_voice_en_21736415.opus,germans
./data/macroset/en/clips/germans/common_voice_en_22421835.opus,germans
./data/macroset/en/clips/england/common_voice_en_20247320.opus,england
./data/macroset/en/clips/england/common_voice_en_22322227.opus,england
./data/macroset/en/clips/england/common_voice_en_18409624.opus,england
./data/macroset/en/clips/england/common_voice_en_21425924.opus,england
./data/macroset/en/clips/england/common_voice_en_19951885.opus,england
./data/macroset/en/clips/ancestors/common_voice_en_20526612.opus,ancestors
./data/macroset/en/clips/ancestors/common_voice_en_22344487.opus,ancestors
./data/macroset/en/clips/ancestors/common_voice_en_22152799.opus,ancestors
./data/macroset/en/clips/ancestors/common_voice_en_19693767.opus,ancestors
./data/macroset/en/clips/ancestors/common_voice_en_19526573.opus,ancestors
./data/macroset/en/clips/chap/common_voice_en_18563087.opus,chap
./data/macroset/en/clips/chap/common_voice_en_280978.opus,chap
./data/macroset/en/clips/chap/common_voice_en_18590746.opus,chap
./data/macroset/en/clips/chap/common_voice_en_481337.opus,chap
./data/macroset/en/clips/chap/common_voice_en_18349112.opus,chap
./data/macroset/en/clips/fisherman/common_voice_en_20400242.opus,fisherman
./data/macroset/en/clips/fisherman/common_voice_en_20351821.opus,fisherman
./data/macroset/en/clips/fisherman/common_voice_en_22420108.opus,fisherman
./data/macroset/en/clips/fisherman/common_voice_en_660606.opus,fisherman
./data/macroset/en/clips/fisherman/common_voice_en_545691.opus,fisherman
./data/macroset/en/clips/hypothesis/common_voice_en_18349245.opus,hypothesis
./data/macroset/en/clips/hypothesis/common_voice_en_19766195.opus,hypothesis
./data/macroset/en/clips/hypothesis/common_voice_en_19973440.opus,hypothesis
./data/macroset/en/clips/hypothesis/common_voice_en_19818772.opus,hypothesis
./data/macroset/en/clips/hypothesis/common_voice_en_22363563.opus,hypothesis
./data/macroset/en/clips/fortress/common_voice_en_20925655.opus,fortress
./data/macroset/en/clips/fortress/common_voice_en_21307054.opus,fortress
./data/macroset/en/clips/fortress/common_voice_en_19948147.opus,fortress
./data/macroset/en/clips/fortress/common_voice_en_19953250.opus,fortress
./data/macroset/en/clips/fortress/common_voice_en_20590626.opus,fortress
./data/macroset/en/clips/breaks/common_voice_en_18750828.opus,breaks
./data/macroset/en/clips/breaks/common_voice_en_19760366.opus,breaks
./data/macroset/en/clips/breaks/common_voice_en_658141.opus,breaks
./data/macroset/en/clips/breaks/common_voice_en_18453310.opus,breaks
./data/macroset/en/clips/breaks/common_voice_en_20475295.opus,breaks
./data/macroset/en/clips/increased/common_voice_en_19647004.opus,increased
./data/macroset/en/clips/increased/common_voice_en_19959839.opus,increased
./data/macroset/en/clips/increased/common_voice_en_604951.opus,increased
./data/macroset/en/clips/increased/common_voice_en_22237305.opus,increased
./data/macroset/en/clips/increased/common_voice_en_19174957.opus,increased
./data/macroset/en/clips/translated/common_voice_en_21897971.opus,translated
./data/macroset/en/clips/translated/common_voice_en_19537029.opus,translated
./data/macroset/en/clips/translated/common_voice_en_21112544.opus,translated
./data/macroset/en/clips/translated/common_voice_en_9376090.opus,translated
./data/macroset/en/clips/translated/common_voice_en_19374900.opus,translated
./data/macroset/en/clips/illogical/common_voice_en_179221.opus,illogical
./data/macroset/en/clips/illogical/common_voice_en_542142.opus,illogical
./data/macroset/en/clips/illogical/common_voice_en_86193.opus,illogical
./data/macroset/en/clips/illogical/common_voice_en_37742.opus,illogical
./data/macroset/en/clips/illogical/common_voice_en_147814.opus,illogical
./data/macroset/en/clips/ventilation/common_voice_en_17489299.opus,ventilation
./data/macroset/en/clips/ventilation/common_voice_en_18066449.opus,ventilation
./data/macroset/en/clips/ventilation/common_voice_en_17844041.opus,ventilation
./data/macroset/en/clips/ventilation/common_voice_en_656641.opus,ventilation
./data/macroset/en/clips/ventilation/common_voice_en_18125063.opus,ventilation
./data/macroset/en/clips/trigonometric/common_voice_en_18109261.opus,trigonometric
./data/macroset/en/clips/trigonometric/common_voice_en_17265170.opus,trigonometric
./data/macroset/en/clips/trigonometric/common_voice_en_17334212.opus,trigonometric
./data/macroset/en/clips/trigonometric/common_voice_en_17391725.opus,trigonometric
./data/macroset/en/clips/trigonometric/common_voice_en_17286684.opus,trigonometric
./data/macroset/en/clips/electronic/common_voice_en_20027693.opus,electronic
./data/macroset/en/clips/electronic/common_voice_en_20163111.opus,electronic
./data/macroset/en/clips/electronic/common_voice_en_21692169.opus,electronic
./data/macroset/en/clips/electronic/common_voice_en_21782495.opus,electronic
./data/macroset/en/clips/electronic/common_voice_en_19724972.opus,electronic
./data/macroset/en/clips/replace/common_voice_en_19691272.opus,replace
./data/macroset/en/clips/replace/common_voice_en_18772694.opus,replace
./data/macroset/en/clips/replace/common_voice_en_18881441.opus,replace
./data/macroset/en/clips/replace/common_voice_en_18134257.opus,replace
./data/macroset/en/clips/replace/common_voice_en_18419422.opus,replace
./data/macroset/en/clips/swayed/common_voice_en_60270.opus,swayed
./data/macroset/en/clips/swayed/common_voice_en_575823.opus,swayed
./data/macroset/en/clips/swayed/common_voice_en_462.opus,swayed
./data/macroset/en/clips/swayed/common_voice_en_494251.opus,swayed
./data/macroset/en/clips/swayed/common_voice_en_613164.opus,swayed
./data/macroset/en/clips/goal/common_voice_en_686271.opus,goal
./data/macroset/en/clips/goal/common_voice_en_183431.opus,goal
./data/macroset/en/clips/goal/common_voice_en_20583229.opus,goal
./data/macroset/en/clips/goal/common_voice_en_19172817.opus,goal
./data/macroset/en/clips/goal/common_voice_en_21712061.opus,goal
./data/macroset/en/clips/shift/common_voice_en_20189200.opus,shift
./data/macroset/en/clips/shift/common_voice_en_633031.opus,shift
./data/macroset/en/clips/shift/common_voice_en_697917.opus,shift
./data/macroset/en/clips/shift/common_voice_en_677759.opus,shift
./data/macroset/en/clips/shift/common_voice_en_692209.opus,shift
./data/macroset/en/clips/powerful/common_voice_en_17910593.opus,powerful
./data/macroset/en/clips/powerful/common_voice_en_17704348.opus,powerful
./data/macroset/en/clips/powerful/common_voice_en_211622.opus,powerful
./data/macroset/en/clips/powerful/common_voice_en_220691.opus,powerful
./data/macroset/en/clips/powerful/common_voice_en_687801.opus,powerful
./data/macroset/en/clips/scenarios/common_voice_en_544178.opus,scenarios
./data/macroset/en/clips/scenarios/common_voice_en_520848.opus,scenarios
./data/macroset/en/clips/scenarios/common_voice_en_612720.opus,scenarios
./data/macroset/en/clips/scenarios/common_voice_en_572800.opus,scenarios
./data/macroset/en/clips/scenarios/common_voice_en_20677288__2.opus,scenarios
./data/macroset/en/clips/reporting/common_voice_en_22321023.opus,reporting
./data/macroset/en/clips/reporting/common_voice_en_20661660.opus,reporting
./data/macroset/en/clips/reporting/common_voice_en_20825916.opus,reporting
./data/macroset/en/clips/reporting/common_voice_en_20121990.opus,reporting
./data/macroset/en/clips/reporting/common_voice_en_20266434.opus,reporting
./data/macroset/en/clips/cheek/common_voice_en_17263913.opus,cheek
./data/macroset/en/clips/cheek/common_voice_en_17257302.opus,cheek
./data/macroset/en/clips/cheek/common_voice_en_17286148.opus,cheek
./data/macroset/en/clips/cheek/common_voice_en_17943034.opus,cheek
./data/macroset/en/clips/cheek/common_voice_en_18526354.opus,cheek
./data/macroset/en/clips/persuaded/common_voice_en_20101752.opus,persuaded
./data/macroset/en/clips/persuaded/common_voice_en_578372.opus,persuaded
./data/macroset/en/clips/persuaded/common_voice_en_17478279.opus,persuaded
./data/macroset/en/clips/persuaded/common_voice_en_619098.opus,persuaded
./data/macroset/en/clips/persuaded/common_voice_en_603568.opus,persuaded
./data/macroset/en/clips/arrows/common_voice_en_19782457__2.opus,arrows
./data/macroset/en/clips/arrows/common_voice_en_22233827.opus,arrows
./data/macroset/en/clips/arrows/common_voice_en_660382.opus,arrows
./data/macroset/en/clips/arrows/common_voice_en_19557124.opus,arrows
./data/macroset/en/clips/arrows/common_voice_en_18712155.opus,arrows
./data/macroset/en/clips/keller/common_voice_en_624782.opus,keller
./data/macroset/en/clips/keller/common_voice_en_559565.opus,keller
./data/macroset/en/clips/keller/common_voice_en_538256.opus,keller
./data/macroset/en/clips/keller/common_voice_en_64144.opus,keller
./data/macroset/en/clips/keller/common_voice_en_683908.opus,keller
./data/macroset/en/clips/intended/common_voice_en_19982289.opus,intended
./data/macroset/en/clips/intended/common_voice_en_19502013.opus,intended
./data/macroset/en/clips/intended/common_voice_en_19613537.opus,intended
./data/macroset/en/clips/intended/common_voice_en_19091324.opus,intended
./data/macroset/en/clips/intended/common_voice_en_22307406.opus,intended
./data/macroset/en/clips/rolled/common_voice_en_20024955.opus,rolled
./data/macroset/en/clips/rolled/common_voice_en_21574132.opus,rolled
./data/macroset/en/clips/rolled/common_voice_en_621777.opus,rolled
./data/macroset/en/clips/rolled/common_voice_en_487892.opus,rolled
./data/macroset/en/clips/rolled/common_voice_en_20019682.opus,rolled
./data/macroset/en/clips/positive/common_voice_en_18917292.opus,positive
./data/macroset/en/clips/positive/common_voice_en_21320691.opus,positive
./data/macroset/en/clips/positive/common_voice_en_20870815.opus,positive
./data/macroset/en/clips/positive/common_voice_en_20068594.opus,positive
./data/macroset/en/clips/positive/common_voice_en_19824720.opus,positive
./data/macroset/en/clips/goodman/common_voice_en_22080231.opus,goodman
./data/macroset/en/clips/goodman/common_voice_en_663829.opus,goodman
./data/macroset/en/clips/goodman/common_voice_en_19341291.opus,goodman
./data/macroset/en/clips/goodman/common_voice_en_18995380.opus,goodman
./data/macroset/en/clips/goodman/common_voice_en_559921.opus,goodman
./data/macroset/en/clips/turbine/common_voice_en_17684197.opus,turbine
./data/macroset/en/clips/turbine/common_voice_en_17269758.opus,turbine
./data/macroset/en/clips/turbine/common_voice_en_22191742.opus,turbine
./data/macroset/en/clips/turbine/common_voice_en_20744382.opus,turbine
./data/macroset/en/clips/turbine/common_voice_en_18967027.opus,turbine
./data/macroset/en/clips/playgrounds/common_voice_en_585013.opus,playgrounds
./data/macroset/en/clips/playgrounds/common_voice_en_6237759.opus,playgrounds
./data/macroset/en/clips/playgrounds/common_voice_en_20315984.opus,playgrounds
./data/macroset/en/clips/playgrounds/common_voice_en_668742.opus,playgrounds
./data/macroset/en/clips/playgrounds/common_voice_en_276746.opus,playgrounds
./data/macroset/en/clips/refuge/common_voice_en_43806.opus,refuge
./data/macroset/en/clips/refuge/common_voice_en_21969515.opus,refuge
./data/macroset/en/clips/refuge/common_voice_en_509044.opus,refuge
./data/macroset/en/clips/refuge/common_voice_en_59567.opus,refuge
./data/macroset/en/clips/refuge/common_voice_en_21753850.opus,refuge
./data/macroset/en/clips/panama/common_voice_en_20755053.opus,panama
./data/macroset/en/clips/panama/common_voice_en_19490301.opus,panama
./data/macroset/en/clips/panama/common_voice_en_18144945.opus,panama
./data/macroset/en/clips/panama/common_voice_en_18939170.opus,panama
./data/macroset/en/clips/panama/common_voice_en_21764937.opus,panama
./data/macroset/en/clips/lined/common_voice_en_18836984.opus,lined
./data/macroset/en/clips/lined/common_voice_en_19651433.opus,lined
./data/macroset/en/clips/lined/common_voice_en_648255.opus,lined
./data/macroset/en/clips/lined/common_voice_en_21815188.opus,lined
./data/macroset/en/clips/lined/common_voice_en_19878248.opus,lined
./data/macroset/en/clips/slaughter/common_voice_en_477528.opus,slaughter
./data/macroset/en/clips/slaughter/common_voice_en_575059.opus,slaughter
./data/macroset/en/clips/slaughter/common_voice_en_22094220.opus,slaughter
./data/macroset/en/clips/slaughter/common_voice_en_22304855.opus,slaughter
./data/macroset/en/clips/slaughter/common_voice_en_514062.opus,slaughter
./data/macroset/en/clips/broadway/common_voice_en_22320077.opus,broadway
./data/macroset/en/clips/broadway/common_voice_en_20262153.opus,broadway
./data/macroset/en/clips/broadway/common_voice_en_19326972.opus,broadway
./data/macroset/en/clips/broadway/common_voice_en_18518684.opus,broadway
./data/macroset/en/clips/broadway/common_voice_en_19727529.opus,broadway
./data/macroset/en/clips/fruitful/common_voice_en_17546099.opus,fruitful
./data/macroset/en/clips/fruitful/common_voice_en_17897759.opus,fruitful
./data/macroset/en/clips/fruitful/common_voice_en_698798.opus,fruitful
./data/macroset/en/clips/fruitful/common_voice_en_17288485.opus,fruitful
./data/macroset/en/clips/fruitful/common_voice_en_17284472.opus,fruitful
./data/macroset/en/clips/blew/common_voice_en_217094.opus,blew
./data/macroset/en/clips/blew/common_voice_en_18352081.opus,blew
./data/macroset/en/clips/blew/common_voice_en_98026.opus,blew
./data/macroset/en/clips/blew/common_voice_en_21026.opus,blew
./data/macroset/en/clips/blew/common_voice_en_634892.opus,blew
./data/macroset/en/clips/flights/common_voice_en_19043708.opus,flights
./data/macroset/en/clips/flights/common_voice_en_18910229.opus,flights
./data/macroset/en/clips/flights/common_voice_en_20358529.opus,flights
./data/macroset/en/clips/flights/common_voice_en_21376432.opus,flights
./data/macroset/en/clips/flights/common_voice_en_19800894.opus,flights
./data/macroset/en/clips/rotting/common_voice_en_21264028.opus,rotting
./data/macroset/en/clips/rotting/common_voice_en_7396800.opus,rotting
./data/macroset/en/clips/rotting/common_voice_en_17261862.opus,rotting
./data/macroset/en/clips/rotting/common_voice_en_270812.opus,rotting
./data/macroset/en/clips/rotting/common_voice_en_17561873.opus,rotting
./data/macroset/en/clips/benson/common_voice_en_20526554.opus,benson
./data/macroset/en/clips/benson/common_voice_en_20699142.opus,benson
./data/macroset/en/clips/benson/common_voice_en_19685643.opus,benson
./data/macroset/en/clips/benson/common_voice_en_20237170.opus,benson
./data/macroset/en/clips/benson/common_voice_en_19319928.opus,benson
./data/macroset/en/clips/countryside/common_voice_en_19579079.opus,countryside
./data/macroset/en/clips/countryside/common_voice_en_20883202.opus,countryside
./data/macroset/en/clips/countryside/common_voice_en_21799619.opus,countryside
./data/macroset/en/clips/countryside/common_voice_en_20783323.opus,countryside
./data/macroset/en/clips/countryside/common_voice_en_19454156.opus,countryside
./data/macroset/en/clips/italy/common_voice_en_19649915.opus,italy
./data/macroset/en/clips/italy/common_voice_en_19990557.opus,italy
./data/macroset/en/clips/italy/common_voice_en_19196160.opus,italy
./data/macroset/en/clips/italy/common_voice_en_20936575.opus,italy
./data/macroset/en/clips/italy/common_voice_en_20313914.opus,italy
./data/macroset/en/clips/poet/common_voice_en_19604016.opus,poet
./data/macroset/en/clips/poet/common_voice_en_19417550.opus,poet
./data/macroset/en/clips/poet/common_voice_en_651475.opus,poet
./data/macroset/en/clips/poet/common_voice_en_21105825.opus,poet
./data/macroset/en/clips/poet/common_voice_en_19776904.opus,poet
./data/macroset/en/clips/methodist/common_voice_en_20627664.opus,methodist
./data/macroset/en/clips/methodist/common_voice_en_19853451.opus,methodist
./data/macroset/en/clips/methodist/common_voice_en_19557427.opus,methodist
./data/macroset/en/clips/methodist/common_voice_en_22023653.opus,methodist
./data/macroset/en/clips/methodist/common_voice_en_22435685.opus,methodist
./data/macroset/en/clips/finely/common_voice_en_18117888.opus,finely
./data/macroset/en/clips/finely/common_voice_en_19724562.opus,finely
./data/macroset/en/clips/finely/common_voice_en_17839786.opus,finely
./data/macroset/en/clips/finely/common_voice_en_17981916.opus,finely
./data/macroset/en/clips/finely/common_voice_en_17917069.opus,finely
./data/macroset/en/clips/lifestyle/common_voice_en_18851709.opus,lifestyle
./data/macroset/en/clips/lifestyle/common_voice_en_19545068.opus,lifestyle
./data/macroset/en/clips/lifestyle/common_voice_en_18495881.opus,lifestyle
./data/macroset/en/clips/lifestyle/common_voice_en_20807999.opus,lifestyle
./data/macroset/en/clips/lifestyle/common_voice_en_21645768.opus,lifestyle
./data/macroset/en/clips/metaphor/common_voice_en_20933459.opus,metaphor
./data/macroset/en/clips/metaphor/common_voice_en_21824380.opus,metaphor
./data/macroset/en/clips/metaphor/common_voice_en_20843967.opus,metaphor
./data/macroset/en/clips/metaphor/common_voice_en_21693034.opus,metaphor
./data/macroset/en/clips/metaphor/common_voice_en_19137840__2.opus,metaphor
./data/macroset/en/clips/nursery/common_voice_en_19673046.opus,nursery
./data/macroset/en/clips/nursery/common_voice_en_18492611.opus,nursery
./data/macroset/en/clips/nursery/common_voice_en_19821930.opus,nursery
./data/macroset/en/clips/nursery/common_voice_en_20045008__2.opus,nursery
./data/macroset/en/clips/nursery/common_voice_en_20872706.opus,nursery
./data/macroset/en/clips/gain/common_voice_en_20256052.opus,gain
./data/macroset/en/clips/gain/common_voice_en_418358.opus,gain
./data/macroset/en/clips/gain/common_voice_en_450786.opus,gain
./data/macroset/en/clips/gain/common_voice_en_20747038.opus,gain
./data/macroset/en/clips/gain/common_voice_en_20498461.opus,gain
./data/macroset/en/clips/kicked/common_voice_en_19865493.opus,kicked
./data/macroset/en/clips/kicked/common_voice_en_17822360.opus,kicked
./data/macroset/en/clips/kicked/common_voice_en_17869044.opus,kicked
./data/macroset/en/clips/kicked/common_voice_en_19528685.opus,kicked
./data/macroset/en/clips/kicked/common_voice_en_4713439.opus,kicked
./data/macroset/en/clips/posters/common_voice_en_19541346.opus,posters
./data/macroset/en/clips/posters/common_voice_en_19199411.opus,posters
./data/macroset/en/clips/posters/common_voice_en_21146686.opus,posters
./data/macroset/en/clips/posters/common_voice_en_97559.opus,posters
./data/macroset/en/clips/posters/common_voice_en_18873301.opus,posters
./data/macroset/en/clips/vertex/common_voice_en_146235.opus,vertex
./data/macroset/en/clips/vertex/common_voice_en_204313.opus,vertex
./data/macroset/en/clips/vertex/common_voice_en_504204.opus,vertex
./data/macroset/en/clips/vertex/common_voice_en_172148.opus,vertex
./data/macroset/en/clips/vertex/common_voice_en_164579.opus,vertex
./data/macroset/en/clips/intelligence/common_voice_en_591800.opus,intelligence
./data/macroset/en/clips/intelligence/common_voice_en_21596177.opus,intelligence
./data/macroset/en/clips/intelligence/common_voice_en_21888106.opus,intelligence
./data/macroset/en/clips/intelligence/common_voice_en_21261333.opus,intelligence
./data/macroset/en/clips/intelligence/common_voice_en_21768972.opus,intelligence
./data/macroset/en/clips/viral/common_voice_en_60370.opus,viral
./data/macroset/en/clips/viral/common_voice_en_580776.opus,viral
./data/macroset/en/clips/viral/common_voice_en_431582.opus,viral
./data/macroset/en/clips/viral/common_voice_en_20391541.opus,viral
./data/macroset/en/clips/viral/common_voice_en_19676443.opus,viral
./data/macroset/en/clips/patrick/common_voice_en_2322816.opus,patrick
./data/macroset/en/clips/patrick/common_voice_en_19006857.opus,patrick
./data/macroset/en/clips/patrick/common_voice_en_22325164.opus,patrick
./data/macroset/en/clips/patrick/common_voice_en_20646113.opus,patrick
./data/macroset/en/clips/patrick/common_voice_en_20418.opus,patrick
./data/macroset/en/clips/balance/common_voice_en_22385781.opus,balance
./data/macroset/en/clips/balance/common_voice_en_540233.opus,balance
./data/macroset/en/clips/balance/common_voice_en_362732.opus,balance
./data/macroset/en/clips/balance/common_voice_en_18667930.opus,balance
./data/macroset/en/clips/balance/common_voice_en_21125977.opus,balance
./data/macroset/en/clips/legislature/common_voice_en_20256017.opus,legislature
./data/macroset/en/clips/legislature/common_voice_en_19267103.opus,legislature
./data/macroset/en/clips/legislature/common_voice_en_18754940.opus,legislature
./data/macroset/en/clips/legislature/common_voice_en_20022725.opus,legislature
./data/macroset/en/clips/legislature/common_voice_en_21497667.opus,legislature
./data/macroset/en/clips/gymnasium/common_voice_en_20220453.opus,gymnasium
./data/macroset/en/clips/gymnasium/common_voice_en_21389176.opus,gymnasium
./data/macroset/en/clips/gymnasium/common_voice_en_19695573.opus,gymnasium
./data/macroset/en/clips/gymnasium/common_voice_en_501102.opus,gymnasium
./data/macroset/en/clips/gymnasium/common_voice_en_20556391.opus,gymnasium
./data/macroset/en/clips/confused/common_voice_en_595054.opus,confused
./data/macroset/en/clips/confused/common_voice_en_18348539.opus,confused
./data/macroset/en/clips/confused/common_voice_en_20510692.opus,confused
./data/macroset/en/clips/confused/common_voice_en_19239695.opus,confused
./data/macroset/en/clips/confused/common_voice_en_19463531.opus,confused
./data/macroset/en/clips/earlier/common_voice_en_19962745.opus,earlier
./data/macroset/en/clips/earlier/common_voice_en_21386250.opus,earlier
./data/macroset/en/clips/earlier/common_voice_en_48468.opus,earlier
./data/macroset/en/clips/earlier/common_voice_en_19009569.opus,earlier
./data/macroset/en/clips/earlier/common_voice_en_530572.opus,earlier
./data/macroset/en/clips/jelly/common_voice_en_17269503.opus,jelly
./data/macroset/en/clips/jelly/common_voice_en_17391457.opus,jelly
./data/macroset/en/clips/jelly/common_voice_en_17441481.opus,jelly
./data/macroset/en/clips/jelly/common_voice_en_22144487.opus,jelly
./data/macroset/en/clips/jelly/common_voice_en_207341.opus,jelly
./data/macroset/en/clips/intervals/common_voice_en_20105426.opus,intervals
./data/macroset/en/clips/intervals/common_voice_en_18675303.opus,intervals
./data/macroset/en/clips/intervals/common_voice_en_20598127.opus,intervals
./data/macroset/en/clips/intervals/common_voice_en_20248311.opus,intervals
./data/macroset/en/clips/intervals/common_voice_en_19983637.opus,intervals
./data/macroset/en/clips/crossover/common_voice_en_17311324.opus,crossover
./data/macroset/en/clips/crossover/common_voice_en_17651603.opus,crossover
./data/macroset/en/clips/crossover/common_voice_en_18130324.opus,crossover
./data/macroset/en/clips/crossover/common_voice_en_17344902.opus,crossover
./data/macroset/en/clips/crossover/common_voice_en_17994962.opus,crossover
./data/macroset/en/clips/insolvent/common_voice_en_17249697.opus,insolvent
./data/macroset/en/clips/insolvent/common_voice_en_11820200.opus,insolvent
./data/macroset/en/clips/insolvent/common_voice_en_509827.opus,insolvent
./data/macroset/en/clips/insolvent/common_voice_en_178004.opus,insolvent
./data/macroset/en/clips/insolvent/common_voice_en_17296825.opus,insolvent
./data/macroset/en/clips/salty/common_voice_en_17843671.opus,salty
./data/macroset/en/clips/salty/common_voice_en_21364993.opus,salty
./data/macroset/en/clips/salty/common_voice_en_692398.opus,salty
./data/macroset/en/clips/salty/common_voice_en_611690.opus,salty
./data/macroset/en/clips/salty/common_voice_en_19062073.opus,salty
./data/macroset/en/clips/realized/common_voice_en_24620.opus,realized
./data/macroset/en/clips/realized/common_voice_en_18536785.opus,realized
./data/macroset/en/clips/realized/common_voice_en_20947105.opus,realized
./data/macroset/en/clips/realized/common_voice_en_517995.opus,realized
./data/macroset/en/clips/realized/common_voice_en_542875.opus,realized
./data/macroset/en/clips/linear/common_voice_en_19852816.opus,linear
./data/macroset/en/clips/linear/common_voice_en_21692186.opus,linear
./data/macroset/en/clips/linear/common_voice_en_21878674.opus,linear
./data/macroset/en/clips/linear/common_voice_en_18686558.opus,linear
./data/macroset/en/clips/linear/common_voice_en_21957999.opus,linear
./data/macroset/en/clips/water/common_voice_en_17400857.opus,water
./data/macroset/en/clips/water/common_voice_en_536091.opus,water
./data/macroset/en/clips/water/common_voice_en_84233.opus,water
./data/macroset/en/clips/water/common_voice_en_662769.opus,water
./data/macroset/en/clips/water/common_voice_en_17489279.opus,water
./data/macroset/en/clips/rhymes/common_voice_en_17416417.opus,rhymes
./data/macroset/en/clips/rhymes/common_voice_en_17390499.opus,rhymes
./data/macroset/en/clips/rhymes/common_voice_en_17412417.opus,rhymes
./data/macroset/en/clips/rhymes/common_voice_en_256514.opus,rhymes
./data/macroset/en/clips/rhymes/common_voice_en_17529258.opus,rhymes
./data/macroset/en/clips/celia/common_voice_en_18632061.opus,celia
./data/macroset/en/clips/celia/common_voice_en_18541738.opus,celia
./data/macroset/en/clips/celia/common_voice_en_18650224.opus,celia
./data/macroset/en/clips/celia/common_voice_en_18542891.opus,celia
./data/macroset/en/clips/celia/common_voice_en_18648565.opus,celia
./data/macroset/en/clips/dog/common_voice_en_545081.opus,dog
./data/macroset/en/clips/dog/common_voice_en_659685.opus,dog
./data/macroset/en/clips/dog/common_voice_en_17355452.opus,dog
./data/macroset/en/clips/dog/common_voice_en_501113.opus,dog
./data/macroset/en/clips/dog/common_voice_en_594900.opus,dog
./data/macroset/en/clips/mysterious/common_voice_en_19630520.opus,mysterious
./data/macroset/en/clips/mysterious/common_voice_en_18114242.opus,mysterious
./data/macroset/en/clips/mysterious/common_voice_en_18324649.opus,mysterious
./data/macroset/en/clips/mysterious/common_voice_en_21111201.opus,mysterious
./data/macroset/en/clips/mysterious/common_voice_en_20829719.opus,mysterious
./data/macroset/en/clips/pickled/common_voice_en_19561639.opus,pickled
./data/macroset/en/clips/pickled/common_voice_en_17394728.opus,pickled
./data/macroset/en/clips/pickled/common_voice_en_617323.opus,pickled
./data/macroset/en/clips/pickled/common_voice_en_18126303.opus,pickled
./data/macroset/en/clips/pickled/common_voice_en_311779.opus,pickled
./data/macroset/en/clips/bestselling/common_voice_en_18473433.opus,bestselling
./data/macroset/en/clips/bestselling/common_voice_en_472623.opus,bestselling
./data/macroset/en/clips/bestselling/common_voice_en_21277266.opus,bestselling
./data/macroset/en/clips/bestselling/common_voice_en_361692.opus,bestselling
./data/macroset/en/clips/bestselling/common_voice_en_9376054.opus,bestselling
./data/macroset/en/clips/travel/common_voice_en_21140.opus,travel
./data/macroset/en/clips/travel/common_voice_en_495154.opus,travel
./data/macroset/en/clips/travel/common_voice_en_22248405.opus,travel
./data/macroset/en/clips/travel/common_voice_en_18703682.opus,travel
./data/macroset/en/clips/travel/common_voice_en_220975.opus,travel
./data/macroset/en/clips/testing/common_voice_en_572515.opus,testing
./data/macroset/en/clips/testing/common_voice_en_17972581.opus,testing
./data/macroset/en/clips/testing/common_voice_en_22351936.opus,testing
./data/macroset/en/clips/testing/common_voice_en_20196822.opus,testing
./data/macroset/en/clips/testing/common_voice_en_19853549.opus,testing
./data/macroset/en/clips/correspond/common_voice_en_22201720.opus,correspond
./data/macroset/en/clips/correspond/common_voice_en_22067666.opus,correspond
./data/macroset/en/clips/correspond/common_voice_en_20876960.opus,correspond
./data/macroset/en/clips/correspond/common_voice_en_21819244.opus,correspond
./data/macroset/en/clips/correspond/common_voice_en_19518410.opus,correspond
./data/macroset/en/clips/bordered/common_voice_en_22405018.opus,bordered
./data/macroset/en/clips/bordered/common_voice_en_20295144.opus,bordered
./data/macroset/en/clips/bordered/common_voice_en_20162576.opus,bordered
./data/macroset/en/clips/bordered/common_voice_en_20704864.opus,bordered
./data/macroset/en/clips/bordered/common_voice_en_20115323.opus,bordered
./data/macroset/en/clips/vendors/common_voice_en_19641158.opus,vendors
./data/macroset/en/clips/vendors/common_voice_en_206286.opus,vendors
./data/macroset/en/clips/vendors/common_voice_en_589935.opus,vendors
./data/macroset/en/clips/vendors/common_voice_en_17910623.opus,vendors
./data/macroset/en/clips/vendors/common_voice_en_17278380.opus,vendors
./data/macroset/en/clips/directed/common_voice_en_20474563.opus,directed
./data/macroset/en/clips/directed/common_voice_en_19038045.opus,directed
./data/macroset/en/clips/directed/common_voice_en_21237544.opus,directed
./data/macroset/en/clips/directed/common_voice_en_18745220.opus,directed
./data/macroset/en/clips/directed/common_voice_en_20947598.opus,directed
./data/macroset/en/clips/solitary/common_voice_en_17290440.opus,solitary
./data/macroset/en/clips/solitary/common_voice_en_20170293.opus,solitary
./data/macroset/en/clips/solitary/common_voice_en_17848047.opus,solitary
./data/macroset/en/clips/solitary/common_voice_en_19667088.opus,solitary
./data/macroset/en/clips/solitary/common_voice_en_20295222.opus,solitary
./data/macroset/en/clips/historic/common_voice_en_20738354.opus,historic
./data/macroset/en/clips/historic/common_voice_en_21705195.opus,historic
./data/macroset/en/clips/historic/common_voice_en_19463373.opus,historic
./data/macroset/en/clips/historic/common_voice_en_21798258.opus,historic
./data/macroset/en/clips/historic/common_voice_en_22185793.opus,historic
./data/macroset/en/clips/hurts/common_voice_en_17390812.opus,hurts
./data/macroset/en/clips/hurts/common_voice_en_564867.opus,hurts
./data/macroset/en/clips/hurts/common_voice_en_17286103.opus,hurts
./data/macroset/en/clips/hurts/common_voice_en_17295957.opus,hurts
./data/macroset/en/clips/hurts/common_voice_en_18125206.opus,hurts
./data/macroset/en/clips/mobility/common_voice_en_20015493.opus,mobility
./data/macroset/en/clips/mobility/common_voice_en_18767592.opus,mobility
./data/macroset/en/clips/mobility/common_voice_en_19000411.opus,mobility
./data/macroset/en/clips/mobility/common_voice_en_18783398.opus,mobility
./data/macroset/en/clips/mobility/common_voice_en_19944488.opus,mobility
./data/macroset/en/clips/buffy/common_voice_en_20905543.opus,buffy
./data/macroset/en/clips/buffy/common_voice_en_21690826.opus,buffy
./data/macroset/en/clips/buffy/common_voice_en_18810025.opus,buffy
./data/macroset/en/clips/buffy/common_voice_en_21867496.opus,buffy
./data/macroset/en/clips/buffy/common_voice_en_21071733.opus,buffy
./data/macroset/en/clips/embarrassing/common_voice_en_17411213.opus,embarrassing
./data/macroset/en/clips/embarrassing/common_voice_en_648932.opus,embarrassing
./data/macroset/en/clips/embarrassing/common_voice_en_17255961.opus,embarrassing
./data/macroset/en/clips/embarrassing/common_voice_en_17884959.opus,embarrassing
./data/macroset/en/clips/embarrassing/common_voice_en_20517601.opus,embarrassing
./data/macroset/en/clips/purely/common_voice_en_19637910.opus,purely
./data/macroset/en/clips/purely/common_voice_en_21936937.opus,purely
./data/macroset/en/clips/purely/common_voice_en_20253399.opus,purely
./data/macroset/en/clips/purely/common_voice_en_18765975.opus,purely
./data/macroset/en/clips/purely/common_voice_en_21543123.opus,purely
./data/macroset/en/clips/accomplish/common_voice_en_147522.opus,accomplish
./data/macroset/en/clips/accomplish/common_voice_en_21109518.opus,accomplish
./data/macroset/en/clips/accomplish/common_voice_en_94455.opus,accomplish
./data/macroset/en/clips/accomplish/common_voice_en_622151.opus,accomplish
./data/macroset/en/clips/accomplish/common_voice_en_49661.opus,accomplish
./data/macroset/en/clips/hookahs/common_voice_en_86105.opus,hookahs
./data/macroset/en/clips/hookahs/common_voice_en_573733.opus,hookahs
./data/macroset/en/clips/hookahs/common_voice_en_76895.opus,hookahs
./data/macroset/en/clips/hookahs/common_voice_en_199002.opus,hookahs
./data/macroset/en/clips/hookahs/common_voice_en_171793.opus,hookahs
./data/macroset/en/clips/desk/common_voice_en_72970.opus,desk
./data/macroset/en/clips/desk/common_voice_en_555954.opus,desk
./data/macroset/en/clips/desk/common_voice_en_537014.opus,desk
./data/macroset/en/clips/desk/common_voice_en_179388.opus,desk
./data/macroset/en/clips/desk/common_voice_en_604899.opus,desk
./data/macroset/en/clips/publications/common_voice_en_20965537.opus,publications
./data/macroset/en/clips/publications/common_voice_en_21284019.opus,publications
./data/macroset/en/clips/publications/common_voice_en_19359164.opus,publications
./data/macroset/en/clips/publications/common_voice_en_20015814.opus,publications
./data/macroset/en/clips/publications/common_voice_en_21724253.opus,publications
./data/macroset/en/clips/cappuccino/common_voice_en_26903.opus,cappuccino
./data/macroset/en/clips/cappuccino/common_voice_en_17885128.opus,cappuccino
./data/macroset/en/clips/cappuccino/common_voice_en_215064.opus,cappuccino
./data/macroset/en/clips/cappuccino/common_voice_en_18066612.opus,cappuccino
./data/macroset/en/clips/cappuccino/common_voice_en_495464.opus,cappuccino
./data/macroset/en/clips/convincing/common_voice_en_18811388.opus,convincing
./data/macroset/en/clips/convincing/common_voice_en_18510268.opus,convincing
./data/macroset/en/clips/convincing/common_voice_en_53923.opus,convincing
./data/macroset/en/clips/convincing/common_voice_en_18344097.opus,convincing
./data/macroset/en/clips/convincing/common_voice_en_18163320.opus,convincing
./data/macroset/en/clips/cosmic/common_voice_en_81020.opus,cosmic
./data/macroset/en/clips/cosmic/common_voice_en_664430.opus,cosmic
./data/macroset/en/clips/cosmic/common_voice_en_636867.opus,cosmic
./data/macroset/en/clips/cosmic/common_voice_en_183821.opus,cosmic
./data/macroset/en/clips/cosmic/common_voice_en_88291.opus,cosmic
./data/macroset/en/clips/peters/common_voice_en_135413.opus,peters
./data/macroset/en/clips/peters/common_voice_en_18844658.opus,peters
./data/macroset/en/clips/peters/common_voice_en_198862.opus,peters
./data/macroset/en/clips/peters/common_voice_en_69821.opus,peters
./data/macroset/en/clips/peters/common_voice_en_20265630.opus,peters
./data/macroset/en/clips/boris/common_voice_en_20735434.opus,boris
./data/macroset/en/clips/boris/common_voice_en_21680296.opus,boris
./data/macroset/en/clips/boris/common_voice_en_19826118.opus,boris
./data/macroset/en/clips/boris/common_voice_en_542309.opus,boris
./data/macroset/en/clips/boris/common_voice_en_19188122.opus,boris
./data/macroset/en/clips/acknowledged/common_voice_en_20532023.opus,acknowledged
./data/macroset/en/clips/acknowledged/common_voice_en_19312645.opus,acknowledged
./data/macroset/en/clips/acknowledged/common_voice_en_19006885.opus,acknowledged
./data/macroset/en/clips/acknowledged/common_voice_en_19977958.opus,acknowledged
./data/macroset/en/clips/acknowledged/common_voice_en_20360599.opus,acknowledged
./data/macroset/en/clips/feels/common_voice_en_697535.opus,feels
./data/macroset/en/clips/feels/common_voice_en_373241.opus,feels
./data/macroset/en/clips/feels/common_voice_en_20436902.opus,feels
./data/macroset/en/clips/feels/common_voice_en_586838.opus,feels
./data/macroset/en/clips/feels/common_voice_en_632406.opus,feels
./data/macroset/en/clips/coffee/common_voice_en_17461354.opus,coffee
./data/macroset/en/clips/coffee/common_voice_en_490949.opus,coffee
./data/macroset/en/clips/coffee/common_voice_en_674515.opus,coffee
./data/macroset/en/clips/coffee/common_voice_en_18488461.opus,coffee
./data/macroset/en/clips/coffee/common_voice_en_22395934.opus,coffee
./data/macroset/en/clips/dams/common_voice_en_18730022.opus,dams
./data/macroset/en/clips/dams/common_voice_en_21387067.opus,dams
./data/macroset/en/clips/dams/common_voice_en_22055165.opus,dams
./data/macroset/en/clips/dams/common_voice_en_20179585.opus,dams
./data/macroset/en/clips/dams/common_voice_en_20449408.opus,dams
./data/macroset/en/clips/palm/common_voice_en_644909.opus,palm
./data/macroset/en/clips/palm/common_voice_en_589467.opus,palm
./data/macroset/en/clips/palm/common_voice_en_53281.opus,palm
./data/macroset/en/clips/palm/common_voice_en_19707252.opus,palm
./data/macroset/en/clips/palm/common_voice_en_540489.opus,palm
./data/macroset/en/clips/aircraft/common_voice_en_19557757.opus,aircraft
./data/macroset/en/clips/aircraft/common_voice_en_22274469.opus,aircraft
./data/macroset/en/clips/aircraft/common_voice_en_20403282.opus,aircraft
./data/macroset/en/clips/aircraft/common_voice_en_22175263.opus,aircraft
./data/macroset/en/clips/aircraft/common_voice_en_19941916.opus,aircraft
./data/macroset/en/clips/michelle/common_voice_en_20802986.opus,michelle
./data/macroset/en/clips/michelle/common_voice_en_461677.opus,michelle
./data/macroset/en/clips/michelle/common_voice_en_17390337.opus,michelle
./data/macroset/en/clips/michelle/common_voice_en_19715329.opus,michelle
./data/macroset/en/clips/michelle/common_voice_en_19294710.opus,michelle
./data/macroset/en/clips/maternity/common_voice_en_17325128.opus,maternity
./data/macroset/en/clips/maternity/common_voice_en_18105579.opus,maternity
./data/macroset/en/clips/maternity/common_voice_en_17941028.opus,maternity
./data/macroset/en/clips/maternity/common_voice_en_18308113.opus,maternity
./data/macroset/en/clips/maternity/common_voice_en_17258226.opus,maternity
./data/macroset/en/clips/amongst/common_voice_en_22103357.opus,amongst
./data/macroset/en/clips/amongst/common_voice_en_21423321.opus,amongst
./data/macroset/en/clips/amongst/common_voice_en_19480475.opus,amongst
./data/macroset/en/clips/amongst/common_voice_en_19917954.opus,amongst
./data/macroset/en/clips/amongst/common_voice_en_19671723.opus,amongst
./data/macroset/en/clips/admit/common_voice_en_17988040.opus,admit
./data/macroset/en/clips/admit/common_voice_en_49737.opus,admit
./data/macroset/en/clips/admit/common_voice_en_18662457.opus,admit
./data/macroset/en/clips/admit/common_voice_en_20828392.opus,admit
./data/macroset/en/clips/admit/common_voice_en_18417580.opus,admit
./data/macroset/en/clips/menacing/common_voice_en_25742.opus,menacing
./data/macroset/en/clips/menacing/common_voice_en_547671.opus,menacing
./data/macroset/en/clips/menacing/common_voice_en_20489806.opus,menacing
./data/macroset/en/clips/menacing/common_voice_en_268072.opus,menacing
./data/macroset/en/clips/menacing/common_voice_en_481050.opus,menacing
./data/macroset/en/clips/advice/common_voice_en_19687744.opus,advice
./data/macroset/en/clips/advice/common_voice_en_19855966.opus,advice
./data/macroset/en/clips/advice/common_voice_en_201158.opus,advice
./data/macroset/en/clips/advice/common_voice_en_21294227.opus,advice
./data/macroset/en/clips/advice/common_voice_en_18048691.opus,advice
./data/macroset/en/clips/sherman/common_voice_en_19772942.opus,sherman
./data/macroset/en/clips/sherman/common_voice_en_22298252.opus,sherman
./data/macroset/en/clips/sherman/common_voice_en_21275227.opus,sherman
./data/macroset/en/clips/sherman/common_voice_en_22031815.opus,sherman
./data/macroset/en/clips/sherman/common_voice_en_19863385.opus,sherman
./data/macroset/en/clips/such/common_voice_en_17386698.opus,such
./data/macroset/en/clips/such/common_voice_en_20776851.opus,such
./data/macroset/en/clips/such/common_voice_en_20825747.opus,such
./data/macroset/en/clips/such/common_voice_en_18577057.opus,such
./data/macroset/en/clips/such/common_voice_en_571663.opus,such
./data/macroset/en/clips/withdrew/common_voice_en_68077.opus,withdrew
./data/macroset/en/clips/withdrew/common_voice_en_550464.opus,withdrew
./data/macroset/en/clips/withdrew/common_voice_en_566930.opus,withdrew
./data/macroset/en/clips/withdrew/common_voice_en_494624.opus,withdrew
./data/macroset/en/clips/withdrew/common_voice_en_21367101.opus,withdrew
./data/macroset/en/clips/concise/common_voice_en_696991.opus,concise
./data/macroset/en/clips/concise/common_voice_en_199682.opus,concise
./data/macroset/en/clips/concise/common_voice_en_597019.opus,concise
./data/macroset/en/clips/concise/common_voice_en_578717.opus,concise
./data/macroset/en/clips/concise/common_voice_en_612371.opus,concise
./data/macroset/en/clips/lovelace/common_voice_en_662027.opus,lovelace
./data/macroset/en/clips/lovelace/common_voice_en_522880.opus,lovelace
./data/macroset/en/clips/lovelace/common_voice_en_25682.opus,lovelace
./data/macroset/en/clips/lovelace/common_voice_en_586901.opus,lovelace
./data/macroset/en/clips/lovelace/common_voice_en_39291.opus,lovelace
./data/macroset/en/clips/restrictions/common_voice_en_20113559.opus,restrictions
./data/macroset/en/clips/restrictions/common_voice_en_21838258.opus,restrictions
./data/macroset/en/clips/restrictions/common_voice_en_21047255.opus,restrictions
./data/macroset/en/clips/restrictions/common_voice_en_20993607.opus,restrictions
./data/macroset/en/clips/restrictions/common_voice_en_21079130.opus,restrictions
./data/macroset/en/clips/chi/common_voice_en_20761380.opus,chi
./data/macroset/en/clips/chi/common_voice_en_20425243.opus,chi
./data/macroset/en/clips/chi/common_voice_en_20978446.opus,chi
./data/macroset/en/clips/chi/common_voice_en_20920360.opus,chi
./data/macroset/en/clips/chi/common_voice_en_20289478.opus,chi
./data/macroset/en/clips/adult/common_voice_en_22046719.opus,adult
./data/macroset/en/clips/adult/common_voice_en_19827877.opus,adult
./data/macroset/en/clips/adult/common_voice_en_22285555.opus,adult
./data/macroset/en/clips/adult/common_voice_en_209271.opus,adult
./data/macroset/en/clips/adult/common_voice_en_18404418.opus,adult
./data/macroset/en/clips/revenge/common_voice_en_213524.opus,revenge
./data/macroset/en/clips/revenge/common_voice_en_697789.opus,revenge
./data/macroset/en/clips/revenge/common_voice_en_55322.opus,revenge
./data/macroset/en/clips/revenge/common_voice_en_690784.opus,revenge
./data/macroset/en/clips/revenge/common_voice_en_19637898__2.opus,revenge
./data/macroset/en/clips/frightening/common_voice_en_632404.opus,frightening
./data/macroset/en/clips/frightening/common_voice_en_682971.opus,frightening
./data/macroset/en/clips/frightening/common_voice_en_635192.opus,frightening
./data/macroset/en/clips/frightening/common_voice_en_555939.opus,frightening
./data/macroset/en/clips/frightening/common_voice_en_197935.opus,frightening
./data/macroset/en/clips/just/common_voice_en_20495739.opus,just
./data/macroset/en/clips/just/common_voice_en_107849.opus,just
./data/macroset/en/clips/just/common_voice_en_46652.opus,just
./data/macroset/en/clips/just/common_voice_en_681650.opus,just
./data/macroset/en/clips/just/common_voice_en_19318389.opus,just
./data/macroset/en/clips/spot/common_voice_en_19724741.opus,spot
./data/macroset/en/clips/spot/common_voice_en_555770.opus,spot
./data/macroset/en/clips/spot/common_voice_en_21888108.opus,spot
./data/macroset/en/clips/spot/common_voice_en_88627.opus,spot
./data/macroset/en/clips/spot/common_voice_en_92605.opus,spot
./data/macroset/en/clips/baby/common_voice_en_481126.opus,baby
./data/macroset/en/clips/baby/common_voice_en_18480062.opus,baby
./data/macroset/en/clips/baby/common_voice_en_199927.opus,baby
./data/macroset/en/clips/baby/common_voice_en_684767.opus,baby
./data/macroset/en/clips/baby/common_voice_en_574124.opus,baby
./data/macroset/en/clips/mules/common_voice_en_66056.opus,mules
./data/macroset/en/clips/mules/common_voice_en_418240.opus,mules
./data/macroset/en/clips/mules/common_voice_en_11351884.opus,mules
./data/macroset/en/clips/mules/common_voice_en_19877474.opus,mules
./data/macroset/en/clips/mules/common_voice_en_17996537.opus,mules
./data/macroset/en/clips/calling/common_voice_en_508574.opus,calling
./data/macroset/en/clips/calling/common_voice_en_597275.opus,calling
./data/macroset/en/clips/calling/common_voice_en_185631.opus,calling
./data/macroset/en/clips/calling/common_voice_en_569391.opus,calling
./data/macroset/en/clips/calling/common_voice_en_66948.opus,calling
./data/macroset/en/clips/sexes/common_voice_en_20159193.opus,sexes
./data/macroset/en/clips/sexes/common_voice_en_20483336.opus,sexes
./data/macroset/en/clips/sexes/common_voice_en_19820230.opus,sexes
./data/macroset/en/clips/sexes/common_voice_en_19712230.opus,sexes
./data/macroset/en/clips/sexes/common_voice_en_20786982.opus,sexes
./data/macroset/en/clips/abundant/common_voice_en_19149219.opus,abundant
./data/macroset/en/clips/abundant/common_voice_en_18799717.opus,abundant
./data/macroset/en/clips/abundant/common_voice_en_19998580.opus,abundant
./data/macroset/en/clips/abundant/common_voice_en_19671420.opus,abundant
./data/macroset/en/clips/abundant/common_voice_en_20966711.opus,abundant
./data/macroset/en/clips/clock/common_voice_en_18117295.opus,clock
./data/macroset/en/clips/clock/common_voice_en_663624.opus,clock
./data/macroset/en/clips/clock/common_voice_en_562234.opus,clock
./data/macroset/en/clips/clock/common_voice_en_633927.opus,clock
./data/macroset/en/clips/clock/common_voice_en_17824739.opus,clock
./data/macroset/en/clips/nancy/common_voice_en_20245873.opus,nancy
./data/macroset/en/clips/nancy/common_voice_en_19547956.opus,nancy
./data/macroset/en/clips/nancy/common_voice_en_21353299.opus,nancy
./data/macroset/en/clips/nancy/common_voice_en_20976220.opus,nancy
./data/macroset/en/clips/nancy/common_voice_en_20163169.opus,nancy
./data/macroset/en/clips/agrees/common_voice_en_22102098.opus,agrees
./data/macroset/en/clips/agrees/common_voice_en_594606.opus,agrees
./data/macroset/en/clips/agrees/common_voice_en_18727567.opus,agrees
./data/macroset/en/clips/agrees/common_voice_en_19462724.opus,agrees
./data/macroset/en/clips/agrees/common_voice_en_22316082.opus,agrees
./data/macroset/en/clips/canadian/common_voice_en_20315678.opus,canadian
./data/macroset/en/clips/canadian/common_voice_en_17835194.opus,canadian
./data/macroset/en/clips/canadian/common_voice_en_20784119.opus,canadian
./data/macroset/en/clips/canadian/common_voice_en_22309455.opus,canadian
./data/macroset/en/clips/canadian/common_voice_en_21117492.opus,canadian
./data/macroset/en/clips/milwaukee/common_voice_en_22148276.opus,milwaukee
./data/macroset/en/clips/milwaukee/common_voice_en_20636680.opus,milwaukee
./data/macroset/en/clips/milwaukee/common_voice_en_22279457__2.opus,milwaukee
./data/macroset/en/clips/milwaukee/common_voice_en_19966694.opus,milwaukee
./data/macroset/en/clips/milwaukee/common_voice_en_21292790.opus,milwaukee
./data/macroset/en/clips/denounced/common_voice_en_19789051.opus,denounced
./data/macroset/en/clips/denounced/common_voice_en_22248303.opus,denounced
./data/macroset/en/clips/denounced/common_voice_en_20307439.opus,denounced
./data/macroset/en/clips/denounced/common_voice_en_20905680.opus,denounced
./data/macroset/en/clips/denounced/common_voice_en_20008997.opus,denounced
./data/macroset/en/clips/declared/common_voice_en_20988227.opus,declared
./data/macroset/en/clips/declared/common_voice_en_681393.opus,declared
./data/macroset/en/clips/declared/common_voice_en_20068008.opus,declared
./data/macroset/en/clips/declared/common_voice_en_19739497.opus,declared
./data/macroset/en/clips/declared/common_voice_en_81146.opus,declared
./data/macroset/en/clips/stripes/common_voice_en_18931263.opus,stripes
./data/macroset/en/clips/stripes/common_voice_en_56246.opus,stripes
./data/macroset/en/clips/stripes/common_voice_en_46003.opus,stripes
./data/macroset/en/clips/stripes/common_voice_en_206441.opus,stripes
./data/macroset/en/clips/stripes/common_voice_en_199000.opus,stripes
./data/macroset/en/clips/completing/common_voice_en_17831971.opus,completing
./data/macroset/en/clips/completing/common_voice_en_20243524.opus,completing
./data/macroset/en/clips/completing/common_voice_en_20090998.opus,completing
./data/macroset/en/clips/completing/common_voice_en_19541432.opus,completing
./data/macroset/en/clips/completing/common_voice_en_20882218.opus,completing
./data/macroset/en/clips/voyaged/common_voice_en_18174765.opus,voyaged
./data/macroset/en/clips/voyaged/common_voice_en_18153941.opus,voyaged
./data/macroset/en/clips/voyaged/common_voice_en_665042.opus,voyaged
./data/macroset/en/clips/voyaged/common_voice_en_18190348.opus,voyaged
./data/macroset/en/clips/voyaged/common_voice_en_18236972.opus,voyaged
./data/macroset/en/clips/octopus/common_voice_en_570213.opus,octopus
./data/macroset/en/clips/octopus/common_voice_en_667909.opus,octopus
./data/macroset/en/clips/octopus/common_voice_en_21876465.opus,octopus
./data/macroset/en/clips/octopus/common_voice_en_663921.opus,octopus
./data/macroset/en/clips/octopus/common_voice_en_18992331.opus,octopus
./data/macroset/en/clips/specification/common_voice_en_19091282.opus,specification
./data/macroset/en/clips/specification/common_voice_en_493817.opus,specification
./data/macroset/en/clips/specification/common_voice_en_19092293.opus,specification
./data/macroset/en/clips/specification/common_voice_en_19515038.opus,specification
./data/macroset/en/clips/specification/common_voice_en_19032741.opus,specification
./data/macroset/en/clips/sighed/common_voice_en_558666.opus,sighed
./data/macroset/en/clips/sighed/common_voice_en_628768.opus,sighed
./data/macroset/en/clips/sighed/common_voice_en_18315756.opus,sighed
./data/macroset/en/clips/sighed/common_voice_en_17966064.opus,sighed
./data/macroset/en/clips/sighed/common_voice_en_18271963.opus,sighed
./data/macroset/en/clips/modifying/common_voice_en_190944.opus,modifying
./data/macroset/en/clips/modifying/common_voice_en_647910.opus,modifying
./data/macroset/en/clips/modifying/common_voice_en_604467.opus,modifying
./data/macroset/en/clips/modifying/common_voice_en_533192.opus,modifying
./data/macroset/en/clips/modifying/common_voice_en_203884.opus,modifying
./data/macroset/en/clips/impact/common_voice_en_548828.opus,impact
./data/macroset/en/clips/impact/common_voice_en_514712.opus,impact
./data/macroset/en/clips/impact/common_voice_en_523470.opus,impact
./data/macroset/en/clips/impact/common_voice_en_19682739.opus,impact
./data/macroset/en/clips/impact/common_voice_en_20922947.opus,impact
./data/macroset/en/clips/reflection/common_voice_en_17290320.opus,reflection
./data/macroset/en/clips/reflection/common_voice_en_685068.opus,reflection
./data/macroset/en/clips/reflection/common_voice_en_430084.opus,reflection
./data/macroset/en/clips/reflection/common_voice_en_17673871.opus,reflection
./data/macroset/en/clips/reflection/common_voice_en_652870.opus,reflection
./data/macroset/en/clips/herd/common_voice_en_26682.opus,herd
./data/macroset/en/clips/herd/common_voice_en_19701926.opus,herd
./data/macroset/en/clips/herd/common_voice_en_45905.opus,herd
./data/macroset/en/clips/herd/common_voice_en_18419594.opus,herd
./data/macroset/en/clips/herd/common_voice_en_19823086.opus,herd
./data/macroset/en/clips/merchants/common_voice_en_26375.opus,merchants
./data/macroset/en/clips/merchants/common_voice_en_660076.opus,merchants
./data/macroset/en/clips/merchants/common_voice_en_22322977.opus,merchants
./data/macroset/en/clips/merchants/common_voice_en_579156.opus,merchants
./data/macroset/en/clips/merchants/common_voice_en_59023.opus,merchants
./data/macroset/en/clips/perform/common_voice_en_19965509.opus,perform
./data/macroset/en/clips/perform/common_voice_en_214510.opus,perform
./data/macroset/en/clips/perform/common_voice_en_18674109.opus,perform
./data/macroset/en/clips/perform/common_voice_en_42021.opus,perform
./data/macroset/en/clips/perform/common_voice_en_212455.opus,perform
./data/macroset/en/clips/bobbing/common_voice_en_35200.opus,bobbing
./data/macroset/en/clips/bobbing/common_voice_en_495866.opus,bobbing
./data/macroset/en/clips/bobbing/common_voice_en_614321.opus,bobbing
./data/macroset/en/clips/bobbing/common_voice_en_584528.opus,bobbing
./data/macroset/en/clips/bobbing/common_voice_en_696484.opus,bobbing
./data/macroset/en/clips/captain/common_voice_en_19820205.opus,captain
./data/macroset/en/clips/captain/common_voice_en_19766161.opus,captain
./data/macroset/en/clips/captain/common_voice_en_22383970.opus,captain
./data/macroset/en/clips/captain/common_voice_en_19960074.opus,captain
./data/macroset/en/clips/captain/common_voice_en_519455.opus,captain
./data/macroset/en/clips/lining/common_voice_en_18041778.opus,lining
./data/macroset/en/clips/lining/common_voice_en_18801849.opus,lining
./data/macroset/en/clips/lining/common_voice_en_18459833.opus,lining
./data/macroset/en/clips/lining/common_voice_en_487742.opus,lining
./data/macroset/en/clips/lining/common_voice_en_9376996.opus,lining
./data/macroset/en/clips/recognized/common_voice_en_18975202.opus,recognized
./data/macroset/en/clips/recognized/common_voice_en_19770036.opus,recognized
./data/macroset/en/clips/recognized/common_voice_en_20763092.opus,recognized
./data/macroset/en/clips/recognized/common_voice_en_21722132.opus,recognized
./data/macroset/en/clips/recognized/common_voice_en_19696264.opus,recognized
./data/macroset/en/clips/fry/common_voice_en_21252540.opus,fry
./data/macroset/en/clips/fry/common_voice_en_17851615.opus,fry
./data/macroset/en/clips/fry/common_voice_en_19412136__2.opus,fry
./data/macroset/en/clips/fry/common_voice_en_17957447.opus,fry
./data/macroset/en/clips/fry/common_voice_en_20475140.opus,fry
./data/macroset/en/clips/exactly/common_voice_en_18144685.opus,exactly
./data/macroset/en/clips/exactly/common_voice_en_17811786.opus,exactly
./data/macroset/en/clips/exactly/common_voice_en_699879.opus,exactly
./data/macroset/en/clips/exactly/common_voice_en_11055.opus,exactly
./data/macroset/en/clips/exactly/common_voice_en_21753403.opus,exactly
./data/macroset/en/clips/fins/common_voice_en_22449369.opus,fins
./data/macroset/en/clips/fins/common_voice_en_18866989__2.opus,fins
./data/macroset/en/clips/fins/common_voice_en_19374855.opus,fins
./data/macroset/en/clips/fins/common_voice_en_22285595.opus,fins
./data/macroset/en/clips/fins/common_voice_en_19410630.opus,fins
./data/macroset/en/clips/pay/common_voice_en_57150.opus,pay
./data/macroset/en/clips/pay/common_voice_en_17387376.opus,pay
./data/macroset/en/clips/pay/common_voice_en_202443.opus,pay
./data/macroset/en/clips/pay/common_voice_en_18079273.opus,pay
./data/macroset/en/clips/pay/common_voice_en_46131.opus,pay
./data/macroset/en/clips/ruefully/common_voice_en_696815.opus,ruefully
./data/macroset/en/clips/ruefully/common_voice_en_96596.opus,ruefully
./data/macroset/en/clips/ruefully/common_voice_en_221102.opus,ruefully
./data/macroset/en/clips/ruefully/common_voice_en_20670526.opus,ruefully
./data/macroset/en/clips/ruefully/common_voice_en_685764.opus,ruefully
./data/macroset/en/clips/byte/common_voice_en_20130391.opus,byte
./data/macroset/en/clips/byte/common_voice_en_243491.opus,byte
./data/macroset/en/clips/byte/common_voice_en_18163665.opus,byte
./data/macroset/en/clips/byte/common_voice_en_20952593.opus,byte
./data/macroset/en/clips/byte/common_voice_en_501981.opus,byte
./data/macroset/en/clips/diesel/common_voice_en_19597553.opus,diesel
./data/macroset/en/clips/diesel/common_voice_en_19696023.opus,diesel
./data/macroset/en/clips/diesel/common_voice_en_685032.opus,diesel
./data/macroset/en/clips/diesel/common_voice_en_539415.opus,diesel
./data/macroset/en/clips/diesel/common_voice_en_91649.opus,diesel
./data/macroset/en/clips/fort/common_voice_en_22256529.opus,fort
./data/macroset/en/clips/fort/common_voice_en_19621780.opus,fort
./data/macroset/en/clips/fort/common_voice_en_560897.opus,fort
./data/macroset/en/clips/fort/common_voice_en_18935645.opus,fort
./data/macroset/en/clips/fort/common_voice_en_20715781.opus,fort
./data/macroset/en/clips/conquest/common_voice_en_19843496.opus,conquest
./data/macroset/en/clips/conquest/common_voice_en_19307770.opus,conquest
./data/macroset/en/clips/conquest/common_voice_en_19081607.opus,conquest
./data/macroset/en/clips/conquest/common_voice_en_19774194.opus,conquest
./data/macroset/en/clips/conquest/common_voice_en_21858498.opus,conquest
./data/macroset/en/clips/corrosive/common_voice_en_18113637.opus,corrosive
./data/macroset/en/clips/corrosive/common_voice_en_18148219.opus,corrosive
./data/macroset/en/clips/corrosive/common_voice_en_19886380.opus,corrosive
./data/macroset/en/clips/corrosive/common_voice_en_17286306.opus,corrosive
./data/macroset/en/clips/corrosive/common_voice_en_19417058.opus,corrosive
./data/macroset/en/clips/attach/common_voice_en_20114607.opus,attach
./data/macroset/en/clips/attach/common_voice_en_623668.opus,attach
./data/macroset/en/clips/attach/common_voice_en_18522268.opus,attach
./data/macroset/en/clips/attach/common_voice_en_18413846.opus,attach
./data/macroset/en/clips/attach/common_voice_en_21439716.opus,attach
./data/macroset/en/clips/esther/common_voice_en_18646863.opus,esther
./data/macroset/en/clips/esther/common_voice_en_20228016__2.opus,esther
./data/macroset/en/clips/esther/common_voice_en_18667055.opus,esther
./data/macroset/en/clips/esther/common_voice_en_18617059.opus,esther
./data/macroset/en/clips/esther/common_voice_en_18657811.opus,esther
./data/macroset/en/clips/relies/common_voice_en_20270787.opus,relies
./data/macroset/en/clips/relies/common_voice_en_17731224.opus,relies
./data/macroset/en/clips/relies/common_voice_en_21220569.opus,relies
./data/macroset/en/clips/relies/common_voice_en_21535233.opus,relies
./data/macroset/en/clips/relies/common_voice_en_22377173.opus,relies
./data/macroset/en/clips/sued/common_voice_en_19598532.opus,sued
./data/macroset/en/clips/sued/common_voice_en_19794060.opus,sued
./data/macroset/en/clips/sued/common_voice_en_20391131.opus,sued
./data/macroset/en/clips/sued/common_voice_en_19733562.opus,sued
./data/macroset/en/clips/sued/common_voice_en_18862263.opus,sued
./data/macroset/en/clips/password/common_voice_en_20301692.opus,password
./data/macroset/en/clips/password/common_voice_en_18080432.opus,password
./data/macroset/en/clips/password/common_voice_en_17529867.opus,password
./data/macroset/en/clips/password/common_voice_en_21088516.opus,password
./data/macroset/en/clips/password/common_voice_en_301778.opus,password
./data/macroset/en/clips/exclusive/common_voice_en_617505.opus,exclusive
./data/macroset/en/clips/exclusive/common_voice_en_19787189.opus,exclusive
./data/macroset/en/clips/exclusive/common_voice_en_52597.opus,exclusive
./data/macroset/en/clips/exclusive/common_voice_en_18498329.opus,exclusive
./data/macroset/en/clips/exclusive/common_voice_en_18745419.opus,exclusive
./data/macroset/en/clips/yield/common_voice_en_19520046__2.opus,yield
./data/macroset/en/clips/yield/common_voice_en_18518352.opus,yield
./data/macroset/en/clips/yield/common_voice_en_677734.opus,yield
./data/macroset/en/clips/yield/common_voice_en_21229738.opus,yield
./data/macroset/en/clips/yield/common_voice_en_43898.opus,yield
./data/macroset/en/clips/iron/common_voice_en_19652615.opus,iron
./data/macroset/en/clips/iron/common_voice_en_20324328.opus,iron
./data/macroset/en/clips/iron/common_voice_en_637807.opus,iron
./data/macroset/en/clips/iron/common_voice_en_20092720.opus,iron
./data/macroset/en/clips/iron/common_voice_en_22128705.opus,iron
./data/macroset/en/clips/strikes/common_voice_en_17874939.opus,strikes
./data/macroset/en/clips/strikes/common_voice_en_20414220.opus,strikes
./data/macroset/en/clips/strikes/common_voice_en_18869261.opus,strikes
./data/macroset/en/clips/strikes/common_voice_en_21322108.opus,strikes
./data/macroset/en/clips/strikes/common_voice_en_21886430.opus,strikes
./data/macroset/en/clips/hull/common_voice_en_22140930.opus,hull
./data/macroset/en/clips/hull/common_voice_en_21926242.opus,hull
./data/macroset/en/clips/hull/common_voice_en_407267.opus,hull
./data/macroset/en/clips/hull/common_voice_en_19723491.opus,hull
./data/macroset/en/clips/hull/common_voice_en_19366736.opus,hull
./data/macroset/en/clips/ricardo/common_voice_en_18837526.opus,ricardo
./data/macroset/en/clips/ricardo/common_voice_en_18628152.opus,ricardo
./data/macroset/en/clips/ricardo/common_voice_en_18666977.opus,ricardo
./data/macroset/en/clips/ricardo/common_voice_en_20106076.opus,ricardo
./data/macroset/en/clips/ricardo/common_voice_en_18541560.opus,ricardo
./data/macroset/en/clips/daughters/common_voice_en_21962109.opus,daughters
./data/macroset/en/clips/daughters/common_voice_en_20664296.opus,daughters
./data/macroset/en/clips/daughters/common_voice_en_20047047.opus,daughters
./data/macroset/en/clips/daughters/common_voice_en_20580419.opus,daughters
./data/macroset/en/clips/daughters/common_voice_en_19266372.opus,daughters
./data/macroset/en/clips/principle/common_voice_en_57917.opus,principle
./data/macroset/en/clips/principle/common_voice_en_20400275.opus,principle
./data/macroset/en/clips/principle/common_voice_en_20894470.opus,principle
./data/macroset/en/clips/principle/common_voice_en_597828.opus,principle
./data/macroset/en/clips/principle/common_voice_en_665516.opus,principle
./data/macroset/en/clips/daunting/common_voice_en_677850.opus,daunting
./data/macroset/en/clips/daunting/common_voice_en_75069.opus,daunting
./data/macroset/en/clips/daunting/common_voice_en_160721.opus,daunting
./data/macroset/en/clips/daunting/common_voice_en_37153.opus,daunting
./data/macroset/en/clips/daunting/common_voice_en_517897.opus,daunting
./data/macroset/en/clips/suspected/common_voice_en_19497273.opus,suspected
./data/macroset/en/clips/suspected/common_voice_en_18571295.opus,suspected
./data/macroset/en/clips/suspected/common_voice_en_19956771.opus,suspected
./data/macroset/en/clips/suspected/common_voice_en_19841620.opus,suspected
./data/macroset/en/clips/suspected/common_voice_en_20056247.opus,suspected
./data/macroset/en/clips/bread/common_voice_en_20715271.opus,bread
./data/macroset/en/clips/bread/common_voice_en_17360124.opus,bread
./data/macroset/en/clips/bread/common_voice_en_22245684.opus,bread
./data/macroset/en/clips/bread/common_voice_en_90775.opus,bread
./data/macroset/en/clips/bread/common_voice_en_18129404.opus,bread
./data/macroset/en/clips/welcomed/common_voice_en_19732436.opus,welcomed
./data/macroset/en/clips/welcomed/common_voice_en_179808.opus,welcomed
./data/macroset/en/clips/welcomed/common_voice_en_180198.opus,welcomed
./data/macroset/en/clips/welcomed/common_voice_en_584672.opus,welcomed
./data/macroset/en/clips/welcomed/common_voice_en_60598.opus,welcomed
./data/macroset/en/clips/angle/common_voice_en_20227633.opus,angle
./data/macroset/en/clips/angle/common_voice_en_21365961.opus,angle
./data/macroset/en/clips/angle/common_voice_en_21130203.opus,angle
./data/macroset/en/clips/angle/common_voice_en_20737834.opus,angle
./data/macroset/en/clips/angle/common_voice_en_19003505.opus,angle
./data/macroset/en/clips/contributed/common_voice_en_20869697.opus,contributed
./data/macroset/en/clips/contributed/common_voice_en_19776512.opus,contributed
./data/macroset/en/clips/contributed/common_voice_en_19747833.opus,contributed
./data/macroset/en/clips/contributed/common_voice_en_20358531.opus,contributed
./data/macroset/en/clips/contributed/common_voice_en_19475146.opus,contributed
./data/macroset/en/clips/chili/common_voice_en_510634.opus,chili
./data/macroset/en/clips/chili/common_voice_en_18109028.opus,chili
./data/macroset/en/clips/chili/common_voice_en_17874090.opus,chili
./data/macroset/en/clips/chili/common_voice_en_18136207.opus,chili
./data/macroset/en/clips/chili/common_voice_en_89989.opus,chili
./data/macroset/en/clips/difficulties/common_voice_en_20092176.opus,difficulties
./data/macroset/en/clips/difficulties/common_voice_en_18743403.opus,difficulties
./data/macroset/en/clips/difficulties/common_voice_en_20835375.opus,difficulties
./data/macroset/en/clips/difficulties/common_voice_en_17909022.opus,difficulties
./data/macroset/en/clips/difficulties/common_voice_en_21281806.opus,difficulties
./data/macroset/en/clips/londoners/common_voice_en_161820.opus,londoners
./data/macroset/en/clips/londoners/common_voice_en_373919.opus,londoners
./data/macroset/en/clips/londoners/common_voice_en_19694473.opus,londoners
./data/macroset/en/clips/londoners/common_voice_en_21303093.opus,londoners
./data/macroset/en/clips/londoners/common_voice_en_14217.opus,londoners
./data/macroset/en/clips/counties/common_voice_en_19528694.opus,counties
./data/macroset/en/clips/counties/common_voice_en_21950612.opus,counties
./data/macroset/en/clips/counties/common_voice_en_21946421.opus,counties
./data/macroset/en/clips/counties/common_voice_en_22448617.opus,counties
./data/macroset/en/clips/counties/common_voice_en_20776263.opus,counties
./data/macroset/en/clips/offices/common_voice_en_20415876.opus,offices
./data/macroset/en/clips/offices/common_voice_en_21283059.opus,offices
./data/macroset/en/clips/offices/common_voice_en_48363.opus,offices
./data/macroset/en/clips/offices/common_voice_en_21160195.opus,offices
./data/macroset/en/clips/offices/common_voice_en_19326687.opus,offices
./data/macroset/en/clips/volunteered/common_voice_en_21943535.opus,volunteered
./data/macroset/en/clips/volunteered/common_voice_en_19263533.opus,volunteered
./data/macroset/en/clips/volunteered/common_voice_en_20010302.opus,volunteered
./data/macroset/en/clips/volunteered/common_voice_en_20013678.opus,volunteered
./data/macroset/en/clips/volunteered/common_voice_en_19043149.opus,volunteered
./data/macroset/en/clips/elijah/common_voice_en_20621260.opus,elijah
./data/macroset/en/clips/elijah/common_voice_en_19960304.opus,elijah
./data/macroset/en/clips/elijah/common_voice_en_18062235.opus,elijah
./data/macroset/en/clips/elijah/common_voice_en_19983830.opus,elijah
./data/macroset/en/clips/elijah/common_voice_en_20927391.opus,elijah
./data/macroset/en/clips/firewood/common_voice_en_681497.opus,firewood
./data/macroset/en/clips/firewood/common_voice_en_201951.opus,firewood
./data/macroset/en/clips/firewood/common_voice_en_20634478.opus,firewood
./data/macroset/en/clips/firewood/common_voice_en_20131.opus,firewood
./data/macroset/en/clips/firewood/common_voice_en_578370.opus,firewood
./data/macroset/en/clips/printing/common_voice_en_682721.opus,printing
./data/macroset/en/clips/printing/common_voice_en_20414191.opus,printing
./data/macroset/en/clips/printing/common_voice_en_19858613.opus,printing
./data/macroset/en/clips/printing/common_voice_en_566852.opus,printing
./data/macroset/en/clips/printing/common_voice_en_203588.opus,printing
./data/macroset/en/clips/surprised/common_voice_en_122997.opus,surprised
./data/macroset/en/clips/surprised/common_voice_en_509249.opus,surprised
./data/macroset/en/clips/surprised/common_voice_en_31338.opus,surprised
./data/macroset/en/clips/surprised/common_voice_en_17982710.opus,surprised
./data/macroset/en/clips/surprised/common_voice_en_21901517.opus,surprised
./data/macroset/en/clips/requests/common_voice_en_17839870.opus,requests
./data/macroset/en/clips/requests/common_voice_en_345225.opus,requests
./data/macroset/en/clips/requests/common_voice_en_617722.opus,requests
./data/macroset/en/clips/requests/common_voice_en_18134646.opus,requests
./data/macroset/en/clips/requests/common_voice_en_18001349.opus,requests
./data/macroset/en/clips/support/common_voice_en_20339744.opus,support
./data/macroset/en/clips/support/common_voice_en_20536683.opus,support
./data/macroset/en/clips/support/common_voice_en_20901082.opus,support
./data/macroset/en/clips/support/common_voice_en_22361096.opus,support
./data/macroset/en/clips/support/common_voice_en_19799419.opus,support
./data/macroset/en/clips/drag/common_voice_en_18102219.opus,drag
./data/macroset/en/clips/drag/common_voice_en_18517155.opus,drag
./data/macroset/en/clips/drag/common_voice_en_657896.opus,drag
./data/macroset/en/clips/drag/common_voice_en_539870.opus,drag
./data/macroset/en/clips/drag/common_voice_en_22290580.opus,drag
./data/macroset/en/clips/anthem/common_voice_en_617387.opus,anthem
./data/macroset/en/clips/anthem/common_voice_en_17881562.opus,anthem
./data/macroset/en/clips/anthem/common_voice_en_20205131.opus,anthem
./data/macroset/en/clips/anthem/common_voice_en_22000610.opus,anthem
./data/macroset/en/clips/anthem/common_voice_en_17392246.opus,anthem
./data/macroset/en/clips/twin/common_voice_en_216515.opus,twin
./data/macroset/en/clips/twin/common_voice_en_63764.opus,twin
./data/macroset/en/clips/twin/common_voice_en_19702943.opus,twin
./data/macroset/en/clips/twin/common_voice_en_210240.opus,twin
./data/macroset/en/clips/twin/common_voice_en_21764864.opus,twin
./data/macroset/en/clips/final/common_voice_en_19639207.opus,final
./data/macroset/en/clips/final/common_voice_en_19864880.opus,final
./data/macroset/en/clips/final/common_voice_en_20079281.opus,final
./data/macroset/en/clips/final/common_voice_en_19371375.opus,final
./data/macroset/en/clips/final/common_voice_en_20523110.opus,final
./data/macroset/en/clips/beck/common_voice_en_20164893.opus,beck
./data/macroset/en/clips/beck/common_voice_en_20314738.opus,beck
./data/macroset/en/clips/beck/common_voice_en_20767780.opus,beck
./data/macroset/en/clips/beck/common_voice_en_21776959.opus,beck
./data/macroset/en/clips/beck/common_voice_en_22173615.opus,beck
./data/macroset/en/clips/integrate/common_voice_en_20159994.opus,integrate
./data/macroset/en/clips/integrate/common_voice_en_189321.opus,integrate
./data/macroset/en/clips/integrate/common_voice_en_502706.opus,integrate
./data/macroset/en/clips/integrate/common_voice_en_663371.opus,integrate
./data/macroset/en/clips/integrate/common_voice_en_19059525.opus,integrate
./data/macroset/en/clips/listeners/common_voice_en_21636350.opus,listeners
./data/macroset/en/clips/listeners/common_voice_en_19857597.opus,listeners
./data/macroset/en/clips/listeners/common_voice_en_19595639.opus,listeners
./data/macroset/en/clips/listeners/common_voice_en_19589126.opus,listeners
./data/macroset/en/clips/listeners/common_voice_en_22197832.opus,listeners
./data/macroset/en/clips/surprise/common_voice_en_67580.opus,surprise
./data/macroset/en/clips/surprise/common_voice_en_64625.opus,surprise
./data/macroset/en/clips/surprise/common_voice_en_87500.opus,surprise
./data/macroset/en/clips/surprise/common_voice_en_17817004.opus,surprise
./data/macroset/en/clips/surprise/common_voice_en_18962584.opus,surprise
./data/macroset/en/clips/cells/common_voice_en_19471413.opus,cells
./data/macroset/en/clips/cells/common_voice_en_21892515.opus,cells
./data/macroset/en/clips/cells/common_voice_en_22310811.opus,cells
./data/macroset/en/clips/cells/common_voice_en_20348063.opus,cells
./data/macroset/en/clips/cells/common_voice_en_20263541.opus,cells
./data/macroset/en/clips/dimension/common_voice_en_22127563.opus,dimension
./data/macroset/en/clips/dimension/common_voice_en_529440.opus,dimension
./data/macroset/en/clips/dimension/common_voice_en_18762771.opus,dimension
./data/macroset/en/clips/dimension/common_voice_en_17794447.opus,dimension
./data/macroset/en/clips/dimension/common_voice_en_18762771__2.opus,dimension
./data/macroset/en/clips/spans/common_voice_en_20721361.opus,spans
./data/macroset/en/clips/spans/common_voice_en_21282031.opus,spans
./data/macroset/en/clips/spans/common_voice_en_19416964.opus,spans
./data/macroset/en/clips/spans/common_voice_en_20057169.opus,spans
./data/macroset/en/clips/spans/common_voice_en_19511819.opus,spans
./data/macroset/en/clips/backpack/common_voice_en_599085.opus,backpack
./data/macroset/en/clips/backpack/common_voice_en_508630.opus,backpack
./data/macroset/en/clips/backpack/common_voice_en_573540.opus,backpack
./data/macroset/en/clips/backpack/common_voice_en_84517.opus,backpack
./data/macroset/en/clips/backpack/common_voice_en_501484.opus,backpack
./data/macroset/en/clips/abusive/common_voice_en_585817.opus,abusive
./data/macroset/en/clips/abusive/common_voice_en_17825199.opus,abusive
./data/macroset/en/clips/abusive/common_voice_en_17942046.opus,abusive
./data/macroset/en/clips/abusive/common_voice_en_793059.opus,abusive
./data/macroset/en/clips/abusive/common_voice_en_19624788.opus,abusive
./data/macroset/en/clips/bakery/common_voice_en_653736.opus,bakery
./data/macroset/en/clips/bakery/common_voice_en_590414.opus,bakery
./data/macroset/en/clips/bakery/common_voice_en_565903.opus,bakery
./data/macroset/en/clips/bakery/common_voice_en_200183.opus,bakery
./data/macroset/en/clips/bakery/common_voice_en_194937.opus,bakery
./data/macroset/en/clips/funerals/common_voice_en_22404897.opus,funerals
./data/macroset/en/clips/funerals/common_voice_en_528922.opus,funerals
./data/macroset/en/clips/funerals/common_voice_en_184938.opus,funerals
./data/macroset/en/clips/funerals/common_voice_en_489546.opus,funerals
./data/macroset/en/clips/funerals/common_voice_en_18590.opus,funerals
./data/macroset/en/clips/bunting/common_voice_en_17249925.opus,bunting
./data/macroset/en/clips/bunting/common_voice_en_17505495.opus,bunting
./data/macroset/en/clips/bunting/common_voice_en_17271500.opus,bunting
./data/macroset/en/clips/bunting/common_voice_en_17343763.opus,bunting
./data/macroset/en/clips/bunting/common_voice_en_247366.opus,bunting
./data/macroset/en/clips/karate/common_voice_en_19936687.opus,karate
./data/macroset/en/clips/karate/common_voice_en_19972848.opus,karate
./data/macroset/en/clips/karate/common_voice_en_17285583.opus,karate
./data/macroset/en/clips/karate/common_voice_en_18160721.opus,karate
./data/macroset/en/clips/karate/common_voice_en_18246763.opus,karate
./data/macroset/en/clips/pimples/common_voice_en_17919486.opus,pimples
./data/macroset/en/clips/pimples/common_voice_en_17888978.opus,pimples
./data/macroset/en/clips/pimples/common_voice_en_17357589.opus,pimples
./data/macroset/en/clips/pimples/common_voice_en_17263651.opus,pimples
./data/macroset/en/clips/pimples/common_voice_en_18042603.opus,pimples
./data/macroset/en/clips/connecting/common_voice_en_498357.opus,connecting
./data/macroset/en/clips/connecting/common_voice_en_21143966.opus,connecting
./data/macroset/en/clips/connecting/common_voice_en_20568889.opus,connecting
./data/macroset/en/clips/connecting/common_voice_en_18752104.opus,connecting
./data/macroset/en/clips/connecting/common_voice_en_548161.opus,connecting
./data/macroset/en/clips/shoreline/common_voice_en_22311977.opus,shoreline
./data/macroset/en/clips/shoreline/common_voice_en_20418096.opus,shoreline
./data/macroset/en/clips/shoreline/common_voice_en_18765528.opus,shoreline
./data/macroset/en/clips/shoreline/common_voice_en_20801056.opus,shoreline
./data/macroset/en/clips/shoreline/common_voice_en_653018.opus,shoreline
./data/macroset/en/clips/evergreen/common_voice_en_21364514__2.opus,evergreen
./data/macroset/en/clips/evergreen/common_voice_en_20300965.opus,evergreen
./data/macroset/en/clips/evergreen/common_voice_en_20820989.opus,evergreen
./data/macroset/en/clips/evergreen/common_voice_en_21901273.opus,evergreen
./data/macroset/en/clips/evergreen/common_voice_en_22134537.opus,evergreen
./data/macroset/en/clips/inhabitants/common_voice_en_681715.opus,inhabitants
./data/macroset/en/clips/inhabitants/common_voice_en_19801267.opus,inhabitants
./data/macroset/en/clips/inhabitants/common_voice_en_660057.opus,inhabitants
./data/macroset/en/clips/inhabitants/common_voice_en_181950.opus,inhabitants
./data/macroset/en/clips/inhabitants/common_voice_en_21411107.opus,inhabitants
./data/macroset/en/clips/shutters/common_voice_en_20755141.opus,shutters
./data/macroset/en/clips/shutters/common_voice_en_480277.opus,shutters
./data/macroset/en/clips/shutters/common_voice_en_65429.opus,shutters
./data/macroset/en/clips/shutters/common_voice_en_583852.opus,shutters
./data/macroset/en/clips/shutters/common_voice_en_206978.opus,shutters
./data/macroset/en/clips/infrared/common_voice_en_20254502.opus,infrared
./data/macroset/en/clips/infrared/common_voice_en_651978.opus,infrared
./data/macroset/en/clips/infrared/common_voice_en_598313.opus,infrared
./data/macroset/en/clips/infrared/common_voice_en_18094154.opus,infrared
./data/macroset/en/clips/infrared/common_voice_en_17849184.opus,infrared
./data/macroset/en/clips/incentive/common_voice_en_591809.opus,incentive
./data/macroset/en/clips/incentive/common_voice_en_564466.opus,incentive
./data/macroset/en/clips/incentive/common_voice_en_18102035.opus,incentive
./data/macroset/en/clips/incentive/common_voice_en_21251941.opus,incentive
./data/macroset/en/clips/incentive/common_voice_en_20105400.opus,incentive
./data/macroset/en/clips/sailed/common_voice_en_22294160.opus,sailed
./data/macroset/en/clips/sailed/common_voice_en_21854165.opus,sailed
./data/macroset/en/clips/sailed/common_voice_en_22168673.opus,sailed
./data/macroset/en/clips/sailed/common_voice_en_21437447.opus,sailed
./data/macroset/en/clips/sailed/common_voice_en_18869788.opus,sailed
./data/macroset/en/clips/measured/common_voice_en_20739634.opus,measured
./data/macroset/en/clips/measured/common_voice_en_20636595.opus,measured
./data/macroset/en/clips/measured/common_voice_en_20679976.opus,measured
./data/macroset/en/clips/measured/common_voice_en_20162390.opus,measured
./data/macroset/en/clips/measured/common_voice_en_19338959.opus,measured
./data/macroset/en/clips/pickle/common_voice_en_17957595.opus,pickle
./data/macroset/en/clips/pickle/common_voice_en_18507321.opus,pickle
./data/macroset/en/clips/pickle/common_voice_en_96320.opus,pickle
./data/macroset/en/clips/pickle/common_voice_en_21653223.opus,pickle
./data/macroset/en/clips/pickle/common_voice_en_22464764.opus,pickle
./data/macroset/en/clips/device/common_voice_en_20430541.opus,device
./data/macroset/en/clips/device/common_voice_en_18901054.opus,device
./data/macroset/en/clips/device/common_voice_en_88893.opus,device
./data/macroset/en/clips/device/common_voice_en_20030469.opus,device
./data/macroset/en/clips/device/common_voice_en_45542.opus,device
./data/macroset/en/clips/tutor/common_voice_en_20910780.opus,tutor
./data/macroset/en/clips/tutor/common_voice_en_19973931.opus,tutor
./data/macroset/en/clips/tutor/common_voice_en_19518399.opus,tutor
./data/macroset/en/clips/tutor/common_voice_en_19814777.opus,tutor
./data/macroset/en/clips/tutor/common_voice_en_19345581.opus,tutor
./data/macroset/en/clips/colonial/common_voice_en_22273407.opus,colonial
./data/macroset/en/clips/colonial/common_voice_en_20051936.opus,colonial
./data/macroset/en/clips/colonial/common_voice_en_22094220.opus,colonial
./data/macroset/en/clips/colonial/common_voice_en_22085924.opus,colonial
./data/macroset/en/clips/colonial/common_voice_en_19514245.opus,colonial
./data/macroset/en/clips/although/common_voice_en_644180.opus,although
./data/macroset/en/clips/although/common_voice_en_20921519.opus,although
./data/macroset/en/clips/although/common_voice_en_18854390.opus,although
./data/macroset/en/clips/although/common_voice_en_20586195.opus,although
./data/macroset/en/clips/although/common_voice_en_20080997.opus,although
./data/macroset/en/clips/fuss/common_voice_en_51918.opus,fuss
./data/macroset/en/clips/fuss/common_voice_en_86013.opus,fuss
./data/macroset/en/clips/fuss/common_voice_en_530546.opus,fuss
./data/macroset/en/clips/fuss/common_voice_en_477321.opus,fuss
./data/macroset/en/clips/fuss/common_voice_en_690067.opus,fuss
./data/macroset/en/clips/biology/common_voice_en_546930.opus,biology
./data/macroset/en/clips/biology/common_voice_en_66492.opus,biology
./data/macroset/en/clips/biology/common_voice_en_20433827.opus,biology
./data/macroset/en/clips/biology/common_voice_en_587016.opus,biology
./data/macroset/en/clips/biology/common_voice_en_19813494.opus,biology
./data/macroset/en/clips/melt/common_voice_en_22328950.opus,melt
./data/macroset/en/clips/melt/common_voice_en_19751558.opus,melt
./data/macroset/en/clips/melt/common_voice_en_18128201.opus,melt
./data/macroset/en/clips/melt/common_voice_en_472667.opus,melt
./data/macroset/en/clips/melt/common_voice_en_558009.opus,melt
./data/macroset/en/clips/lucy/common_voice_en_33857.opus,lucy
./data/macroset/en/clips/lucy/common_voice_en_583634.opus,lucy
./data/macroset/en/clips/lucy/common_voice_en_18017938.opus,lucy
./data/macroset/en/clips/lucy/common_voice_en_17420363.opus,lucy
./data/macroset/en/clips/lucy/common_voice_en_19642327.opus,lucy
./data/macroset/en/clips/controls/common_voice_en_21620143.opus,controls
./data/macroset/en/clips/controls/common_voice_en_22192246.opus,controls
./data/macroset/en/clips/controls/common_voice_en_20781241.opus,controls
./data/macroset/en/clips/controls/common_voice_en_19606949.opus,controls
./data/macroset/en/clips/controls/common_voice_en_20052352.opus,controls
./data/macroset/en/clips/edges/common_voice_en_17527556.opus,edges
./data/macroset/en/clips/edges/common_voice_en_17268105.opus,edges
./data/macroset/en/clips/edges/common_voice_en_17254578.opus,edges
./data/macroset/en/clips/edges/common_voice_en_20587285.opus,edges
./data/macroset/en/clips/edges/common_voice_en_5258223.opus,edges
./data/macroset/en/clips/floated/common_voice_en_17489072.opus,floated
./data/macroset/en/clips/floated/common_voice_en_18799529.opus,floated
./data/macroset/en/clips/floated/common_voice_en_85210.opus,floated
./data/macroset/en/clips/floated/common_voice_en_428218.opus,floated
./data/macroset/en/clips/floated/common_voice_en_17401315.opus,floated
./data/macroset/en/clips/elevation/common_voice_en_20065831__2.opus,elevation
./data/macroset/en/clips/elevation/common_voice_en_20225464.opus,elevation
./data/macroset/en/clips/elevation/common_voice_en_19472080.opus,elevation
./data/macroset/en/clips/elevation/common_voice_en_20065831.opus,elevation
./data/macroset/en/clips/elevation/common_voice_en_22307021.opus,elevation
./data/macroset/en/clips/disadvantage/common_voice_en_20133376.opus,disadvantage
./data/macroset/en/clips/disadvantage/common_voice_en_298521.opus,disadvantage
./data/macroset/en/clips/disadvantage/common_voice_en_8259.opus,disadvantage
./data/macroset/en/clips/disadvantage/common_voice_en_19798463.opus,disadvantage
./data/macroset/en/clips/disadvantage/common_voice_en_562281.opus,disadvantage
./data/macroset/en/clips/greek/common_voice_en_21939775.opus,greek
./data/macroset/en/clips/greek/common_voice_en_20504249.opus,greek
./data/macroset/en/clips/greek/common_voice_en_20457521.opus,greek
./data/macroset/en/clips/greek/common_voice_en_20828071.opus,greek
./data/macroset/en/clips/greek/common_voice_en_20863954.opus,greek
./data/macroset/en/clips/puddle/common_voice_en_18500163.opus,puddle
./data/macroset/en/clips/puddle/common_voice_en_18471207.opus,puddle
./data/macroset/en/clips/puddle/common_voice_en_673245.opus,puddle
./data/macroset/en/clips/puddle/common_voice_en_540404.opus,puddle
./data/macroset/en/clips/puddle/common_voice_en_17932366.opus,puddle
./data/macroset/en/clips/tavern/common_voice_en_21378053.opus,tavern
./data/macroset/en/clips/tavern/common_voice_en_3126.opus,tavern
./data/macroset/en/clips/tavern/common_voice_en_20288767.opus,tavern
./data/macroset/en/clips/tavern/common_voice_en_19727583.opus,tavern
./data/macroset/en/clips/tavern/common_voice_en_22055200.opus,tavern
./data/macroset/en/clips/sudden/common_voice_en_151277.opus,sudden
./data/macroset/en/clips/sudden/common_voice_en_493562.opus,sudden
./data/macroset/en/clips/sudden/common_voice_en_591636.opus,sudden
./data/macroset/en/clips/sudden/common_voice_en_637934.opus,sudden
./data/macroset/en/clips/sudden/common_voice_en_499678.opus,sudden
./data/macroset/en/clips/supporting/common_voice_en_20427984.opus,supporting
./data/macroset/en/clips/supporting/common_voice_en_22262150.opus,supporting
./data/macroset/en/clips/supporting/common_voice_en_20054022.opus,supporting
./data/macroset/en/clips/supporting/common_voice_en_216216.opus,supporting
./data/macroset/en/clips/supporting/common_voice_en_22084371.opus,supporting
./data/macroset/en/clips/pocket/common_voice_en_481596.opus,pocket
./data/macroset/en/clips/pocket/common_voice_en_63423.opus,pocket
./data/macroset/en/clips/pocket/common_voice_en_18608719.opus,pocket
./data/macroset/en/clips/pocket/common_voice_en_17636.opus,pocket
./data/macroset/en/clips/pocket/common_voice_en_37053.opus,pocket
./data/macroset/en/clips/satan/common_voice_en_113522.opus,satan
./data/macroset/en/clips/satan/common_voice_en_17333312.opus,satan
./data/macroset/en/clips/satan/common_voice_en_22150822.opus,satan
./data/macroset/en/clips/satan/common_voice_en_20527300.opus,satan
./data/macroset/en/clips/satan/common_voice_en_673785.opus,satan
./data/macroset/en/clips/franz/common_voice_en_21645475.opus,franz
./data/macroset/en/clips/franz/common_voice_en_20536777.opus,franz
./data/macroset/en/clips/franz/common_voice_en_20386732.opus,franz
./data/macroset/en/clips/franz/common_voice_en_20587005.opus,franz
./data/macroset/en/clips/franz/common_voice_en_20805996.opus,franz
./data/macroset/en/clips/functions/common_voice_en_92384.opus,functions
./data/macroset/en/clips/functions/common_voice_en_98331__2.opus,functions
./data/macroset/en/clips/functions/common_voice_en_20016397.opus,functions
./data/macroset/en/clips/functions/common_voice_en_21777264.opus,functions
./data/macroset/en/clips/functions/common_voice_en_19090544.opus,functions
./data/macroset/en/clips/glove/common_voice_en_596993.opus,glove
./data/macroset/en/clips/glove/common_voice_en_208788.opus,glove
./data/macroset/en/clips/glove/common_voice_en_19702574.opus,glove
./data/macroset/en/clips/glove/common_voice_en_603435.opus,glove
./data/macroset/en/clips/glove/common_voice_en_18631984.opus,glove
./data/macroset/en/clips/simplified/common_voice_en_20424869.opus,simplified
./data/macroset/en/clips/simplified/common_voice_en_19963513.opus,simplified
./data/macroset/en/clips/simplified/common_voice_en_18773106.opus,simplified
./data/macroset/en/clips/simplified/common_voice_en_22171844.opus,simplified
./data/macroset/en/clips/simplified/common_voice_en_19743112.opus,simplified
./data/macroset/en/clips/fore/common_voice_en_17877043.opus,fore
./data/macroset/en/clips/fore/common_voice_en_609240__2.opus,fore
./data/macroset/en/clips/fore/common_voice_en_585852.opus,fore
./data/macroset/en/clips/fore/common_voice_en_17983377.opus,fore
./data/macroset/en/clips/fore/common_voice_en_18013190.opus,fore
./data/macroset/en/clips/terminated/common_voice_en_21537315.opus,terminated
./data/macroset/en/clips/terminated/common_voice_en_20170338.opus,terminated
./data/macroset/en/clips/terminated/common_voice_en_22084029.opus,terminated
./data/macroset/en/clips/terminated/common_voice_en_19678595.opus,terminated
./data/macroset/en/clips/terminated/common_voice_en_19597238.opus,terminated
./data/macroset/en/clips/experience/common_voice_en_19095389.opus,experience
./data/macroset/en/clips/experience/common_voice_en_18527022.opus,experience
./data/macroset/en/clips/experience/common_voice_en_15733529.opus,experience
./data/macroset/en/clips/experience/common_voice_en_17715635.opus,experience
./data/macroset/en/clips/experience/common_voice_en_19111991.opus,experience
./data/macroset/en/clips/topological/common_voice_en_20990332.opus,topological
./data/macroset/en/clips/topological/common_voice_en_17760201.opus,topological
./data/macroset/en/clips/topological/common_voice_en_20011373.opus,topological
./data/macroset/en/clips/topological/common_voice_en_20080303.opus,topological
./data/macroset/en/clips/topological/common_voice_en_294067.opus,topological
./data/macroset/en/clips/nowadays/common_voice_en_18308234.opus,nowadays
./data/macroset/en/clips/nowadays/common_voice_en_18473491.opus,nowadays
./data/macroset/en/clips/nowadays/common_voice_en_21275049.opus,nowadays
./data/macroset/en/clips/nowadays/common_voice_en_19810605.opus,nowadays
./data/macroset/en/clips/nowadays/common_voice_en_18462819.opus,nowadays
./data/macroset/en/clips/ascertain/common_voice_en_661452.opus,ascertain
./data/macroset/en/clips/ascertain/common_voice_en_569818.opus,ascertain
./data/macroset/en/clips/ascertain/common_voice_en_692198.opus,ascertain
./data/macroset/en/clips/ascertain/common_voice_en_624787.opus,ascertain
./data/macroset/en/clips/ascertain/common_voice_en_684551.opus,ascertain
./data/macroset/en/clips/improved/common_voice_en_20184049.opus,improved
./data/macroset/en/clips/improved/common_voice_en_19451860.opus,improved
./data/macroset/en/clips/improved/common_voice_en_200687.opus,improved
./data/macroset/en/clips/improved/common_voice_en_21892295.opus,improved
./data/macroset/en/clips/improved/common_voice_en_21096580.opus,improved
./data/macroset/en/clips/string/common_voice_en_20778800__2.opus,string
./data/macroset/en/clips/string/common_voice_en_18762811.opus,string
./data/macroset/en/clips/string/common_voice_en_21469428.opus,string
./data/macroset/en/clips/string/common_voice_en_18841122.opus,string
./data/macroset/en/clips/string/common_voice_en_20688716.opus,string
./data/macroset/en/clips/apron/common_voice_en_84345.opus,apron
./data/macroset/en/clips/apron/common_voice_en_501092.opus,apron
./data/macroset/en/clips/apron/common_voice_en_18336545.opus,apron
./data/macroset/en/clips/apron/common_voice_en_18444147.opus,apron
./data/macroset/en/clips/apron/common_voice_en_18339899.opus,apron
./data/macroset/en/clips/monroe/common_voice_en_22285578.opus,monroe
./data/macroset/en/clips/monroe/common_voice_en_20018392.opus,monroe
./data/macroset/en/clips/monroe/common_voice_en_18893322.opus,monroe
./data/macroset/en/clips/monroe/common_voice_en_17917176.opus,monroe
./data/macroset/en/clips/monroe/common_voice_en_18109063.opus,monroe
./data/macroset/en/clips/integer/common_voice_en_19684499.opus,integer
./data/macroset/en/clips/integer/common_voice_en_20956651.opus,integer
./data/macroset/en/clips/integer/common_voice_en_19762508.opus,integer
./data/macroset/en/clips/integer/common_voice_en_20992426.opus,integer
./data/macroset/en/clips/integer/common_voice_en_20110299.opus,integer
./data/macroset/en/clips/lesser/common_voice_en_22305002.opus,lesser
./data/macroset/en/clips/lesser/common_voice_en_19680404.opus,lesser
./data/macroset/en/clips/lesser/common_voice_en_19392819.opus,lesser
./data/macroset/en/clips/lesser/common_voice_en_18825570.opus,lesser
./data/macroset/en/clips/lesser/common_voice_en_19114944.opus,lesser
./data/macroset/en/clips/herself/common_voice_en_22407582.opus,herself
./data/macroset/en/clips/herself/common_voice_en_19753083.opus,herself
./data/macroset/en/clips/herself/common_voice_en_682557.opus,herself
./data/macroset/en/clips/herself/common_voice_en_17269375.opus,herself
./data/macroset/en/clips/herself/common_voice_en_17969482.opus,herself
./data/macroset/en/clips/chester/common_voice_en_20768959.opus,chester
./data/macroset/en/clips/chester/common_voice_en_20267580.opus,chester
./data/macroset/en/clips/chester/common_voice_en_22246378.opus,chester
./data/macroset/en/clips/chester/common_voice_en_22138890.opus,chester
./data/macroset/en/clips/chester/common_voice_en_21829737.opus,chester
./data/macroset/en/clips/insistently/common_voice_en_575905.opus,insistently
./data/macroset/en/clips/insistently/common_voice_en_577352.opus,insistently
./data/macroset/en/clips/insistently/common_voice_en_569183.opus,insistently
./data/macroset/en/clips/insistently/common_voice_en_557007.opus,insistently
./data/macroset/en/clips/insistently/common_voice_en_541727.opus,insistently
./data/macroset/en/clips/tonight/common_voice_en_604175.opus,tonight
./data/macroset/en/clips/tonight/common_voice_en_18409381.opus,tonight
./data/macroset/en/clips/tonight/common_voice_en_667469.opus,tonight
./data/macroset/en/clips/tonight/common_voice_en_18580115.opus,tonight
./data/macroset/en/clips/tonight/common_voice_en_18542899.opus,tonight
./data/macroset/en/clips/televisions/common_voice_en_627317.opus,televisions
./data/macroset/en/clips/televisions/common_voice_en_247146.opus,televisions
./data/macroset/en/clips/televisions/common_voice_en_179039.opus,televisions
./data/macroset/en/clips/televisions/common_voice_en_17725331.opus,televisions
./data/macroset/en/clips/televisions/common_voice_en_620585.opus,televisions
./data/macroset/en/clips/business/common_voice_en_19151922.opus,business
./data/macroset/en/clips/business/common_voice_en_529674.opus,business
./data/macroset/en/clips/business/common_voice_en_20270869.opus,business
./data/macroset/en/clips/business/common_voice_en_606610.opus,business
./data/macroset/en/clips/business/common_voice_en_589561.opus,business
./data/macroset/en/clips/trample/common_voice_en_17292857.opus,trample
./data/macroset/en/clips/trample/common_voice_en_17318979.opus,trample
./data/macroset/en/clips/trample/common_voice_en_195553.opus,trample
./data/macroset/en/clips/trample/common_voice_en_17328925.opus,trample
./data/macroset/en/clips/trample/common_voice_en_17280657.opus,trample
./data/macroset/en/clips/served/common_voice_en_19532982.opus,served
./data/macroset/en/clips/served/common_voice_en_20964402.opus,served
./data/macroset/en/clips/served/common_voice_en_22023650.opus,served
./data/macroset/en/clips/served/common_voice_en_20114924.opus,served
./data/macroset/en/clips/served/common_voice_en_19973985.opus,served
./data/macroset/en/clips/pierre/common_voice_en_20068993__2.opus,pierre
./data/macroset/en/clips/pierre/common_voice_en_9347216.opus,pierre
./data/macroset/en/clips/pierre/common_voice_en_496490.opus,pierre
./data/macroset/en/clips/pierre/common_voice_en_18498203.opus,pierre
./data/macroset/en/clips/pierre/common_voice_en_18491921.opus,pierre
./data/macroset/en/clips/emphasis/common_voice_en_21173169.opus,emphasis
./data/macroset/en/clips/emphasis/common_voice_en_19370521.opus,emphasis
./data/macroset/en/clips/emphasis/common_voice_en_281731.opus,emphasis
./data/macroset/en/clips/emphasis/common_voice_en_21389682.opus,emphasis
./data/macroset/en/clips/emphasis/common_voice_en_18852771.opus,emphasis
./data/macroset/en/clips/bounce/common_voice_en_21803814.opus,bounce
./data/macroset/en/clips/bounce/common_voice_en_90657.opus,bounce
./data/macroset/en/clips/bounce/common_voice_en_17928067.opus,bounce
./data/macroset/en/clips/bounce/common_voice_en_19387571.opus,bounce
./data/macroset/en/clips/bounce/common_voice_en_17736847.opus,bounce
./data/macroset/en/clips/curtains/common_voice_en_559341.opus,curtains
./data/macroset/en/clips/curtains/common_voice_en_576754.opus,curtains
./data/macroset/en/clips/curtains/common_voice_en_18004285.opus,curtains
./data/macroset/en/clips/curtains/common_voice_en_17246912.opus,curtains
./data/macroset/en/clips/curtains/common_voice_en_18306168.opus,curtains
./data/macroset/en/clips/coastline/common_voice_en_21564437.opus,coastline
./data/macroset/en/clips/coastline/common_voice_en_19410573.opus,coastline
./data/macroset/en/clips/coastline/common_voice_en_21664065.opus,coastline
./data/macroset/en/clips/coastline/common_voice_en_22092279.opus,coastline
./data/macroset/en/clips/coastline/common_voice_en_21753489.opus,coastline
./data/macroset/en/clips/behaviour/common_voice_en_19952228__2.opus,behaviour
./data/macroset/en/clips/behaviour/common_voice_en_19968420.opus,behaviour
./data/macroset/en/clips/behaviour/common_voice_en_91828.opus,behaviour
./data/macroset/en/clips/behaviour/common_voice_en_19017465.opus,behaviour
./data/macroset/en/clips/behaviour/common_voice_en_22002644.opus,behaviour
./data/macroset/en/clips/proper/common_voice_en_22122075.opus,proper
./data/macroset/en/clips/proper/common_voice_en_19813498.opus,proper
./data/macroset/en/clips/proper/common_voice_en_20359055.opus,proper
./data/macroset/en/clips/proper/common_voice_en_20299978.opus,proper
./data/macroset/en/clips/proper/common_voice_en_19675981.opus,proper
./data/macroset/en/clips/clone/common_voice_en_19855048.opus,clone
./data/macroset/en/clips/clone/common_voice_en_18144861.opus,clone
./data/macroset/en/clips/clone/common_voice_en_21186403.opus,clone
./data/macroset/en/clips/clone/common_voice_en_21276848.opus,clone
./data/macroset/en/clips/clone/common_voice_en_20233894.opus,clone
./data/macroset/en/clips/astronomer/common_voice_en_18869881.opus,astronomer
./data/macroset/en/clips/astronomer/common_voice_en_21954860.opus,astronomer
./data/macroset/en/clips/astronomer/common_voice_en_22144295.opus,astronomer
./data/macroset/en/clips/astronomer/common_voice_en_20076882.opus,astronomer
./data/macroset/en/clips/astronomer/common_voice_en_20220102.opus,astronomer
./data/macroset/en/clips/reflections/common_voice_en_17668561.opus,reflections
./data/macroset/en/clips/reflections/common_voice_en_18157166.opus,reflections
./data/macroset/en/clips/reflections/common_voice_en_18607202.opus,reflections
./data/macroset/en/clips/reflections/common_voice_en_17372892.opus,reflections
./data/macroset/en/clips/reflections/common_voice_en_17851774.opus,reflections
./data/macroset/en/clips/kate/common_voice_en_21724257.opus,kate
./data/macroset/en/clips/kate/common_voice_en_19366634.opus,kate
./data/macroset/en/clips/kate/common_voice_en_19973628.opus,kate
./data/macroset/en/clips/kate/common_voice_en_21504398.opus,kate
./data/macroset/en/clips/kate/common_voice_en_677055.opus,kate
./data/macroset/en/clips/praise/common_voice_en_22058757.opus,praise
./data/macroset/en/clips/praise/common_voice_en_19216897__2.opus,praise
./data/macroset/en/clips/praise/common_voice_en_20043172.opus,praise
./data/macroset/en/clips/praise/common_voice_en_21507275.opus,praise
./data/macroset/en/clips/praise/common_voice_en_18130316.opus,praise
./data/macroset/en/clips/trays/common_voice_en_82800.opus,trays
./data/macroset/en/clips/trays/common_voice_en_211126.opus,trays
./data/macroset/en/clips/trays/common_voice_en_565606.opus,trays
./data/macroset/en/clips/trays/common_voice_en_598251.opus,trays
./data/macroset/en/clips/trays/common_voice_en_496879.opus,trays
./data/macroset/en/clips/profitable/common_voice_en_20318922.opus,profitable
./data/macroset/en/clips/profitable/common_voice_en_18657869.opus,profitable
./data/macroset/en/clips/profitable/common_voice_en_20118449.opus,profitable
./data/macroset/en/clips/profitable/common_voice_en_19002128.opus,profitable
./data/macroset/en/clips/profitable/common_voice_en_22026035.opus,profitable
./data/macroset/en/clips/profit/common_voice_en_17666467.opus,profit
./data/macroset/en/clips/profit/common_voice_en_21637961.opus,profit
./data/macroset/en/clips/profit/common_voice_en_20457792.opus,profit
./data/macroset/en/clips/profit/common_voice_en_22135607__2.opus,profit
./data/macroset/en/clips/profit/common_voice_en_1885569.opus,profit
./data/macroset/en/clips/discrete/common_voice_en_19118244.opus,discrete
./data/macroset/en/clips/discrete/common_voice_en_20148050.opus,discrete
./data/macroset/en/clips/discrete/common_voice_en_646897.opus,discrete
./data/macroset/en/clips/discrete/common_voice_en_200654.opus,discrete
./data/macroset/en/clips/discrete/common_voice_en_20469301.opus,discrete
./data/macroset/en/clips/populous/common_voice_en_20322953.opus,populous
./data/macroset/en/clips/populous/common_voice_en_20367057.opus,populous
./data/macroset/en/clips/populous/common_voice_en_19428107.opus,populous
./data/macroset/en/clips/populous/common_voice_en_21946337.opus,populous
./data/macroset/en/clips/populous/common_voice_en_20270224.opus,populous
./data/macroset/en/clips/illustrations/common_voice_en_22116962.opus,illustrations
./data/macroset/en/clips/illustrations/common_voice_en_22166195.opus,illustrations
./data/macroset/en/clips/illustrations/common_voice_en_19302913.opus,illustrations
./data/macroset/en/clips/illustrations/common_voice_en_19018860.opus,illustrations
./data/macroset/en/clips/illustrations/common_voice_en_20381756.opus,illustrations
./data/macroset/en/clips/gum/common_voice_en_664132.opus,gum
./data/macroset/en/clips/gum/common_voice_en_20516709.opus,gum
./data/macroset/en/clips/gum/common_voice_en_618796.opus,gum
./data/macroset/en/clips/gum/common_voice_en_18733322.opus,gum
./data/macroset/en/clips/gum/common_voice_en_52528.opus,gum
./data/macroset/en/clips/labelled/common_voice_en_22177250.opus,labelled
./data/macroset/en/clips/labelled/common_voice_en_20315706.opus,labelled
./data/macroset/en/clips/labelled/common_voice_en_19736061.opus,labelled
./data/macroset/en/clips/labelled/common_voice_en_20868552.opus,labelled
./data/macroset/en/clips/labelled/common_voice_en_20827648.opus,labelled
./data/macroset/en/clips/associated/common_voice_en_22331771.opus,associated
./data/macroset/en/clips/associated/common_voice_en_21670499.opus,associated
./data/macroset/en/clips/associated/common_voice_en_22021015.opus,associated
./data/macroset/en/clips/associated/common_voice_en_22434830.opus,associated
./data/macroset/en/clips/associated/common_voice_en_19018809.opus,associated
./data/macroset/en/clips/differential/common_voice_en_19343532.opus,differential
./data/macroset/en/clips/differential/common_voice_en_58917.opus,differential
./data/macroset/en/clips/differential/common_voice_en_19694124.opus,differential
./data/macroset/en/clips/differential/common_voice_en_20877237.opus,differential
./data/macroset/en/clips/differential/common_voice_en_19038036.opus,differential
./data/macroset/en/clips/went/common_voice_en_61642.opus,went
./data/macroset/en/clips/went/common_voice_en_597195.opus,went
./data/macroset/en/clips/went/common_voice_en_307309.opus,went
./data/macroset/en/clips/went/common_voice_en_115676.opus,went
./data/macroset/en/clips/went/common_voice_en_20994764.opus,went
./data/macroset/en/clips/jacob/common_voice_en_19762650.opus,jacob
./data/macroset/en/clips/jacob/common_voice_en_19656793.opus,jacob
./data/macroset/en/clips/jacob/common_voice_en_20498542.opus,jacob
./data/macroset/en/clips/jacob/common_voice_en_21447284.opus,jacob
./data/macroset/en/clips/jacob/common_voice_en_18927181.opus,jacob
./data/macroset/en/clips/evolve/common_voice_en_18764773.opus,evolve
./data/macroset/en/clips/evolve/common_voice_en_18588641.opus,evolve
./data/macroset/en/clips/evolve/common_voice_en_699196.opus,evolve
./data/macroset/en/clips/evolve/common_voice_en_516498.opus,evolve
./data/macroset/en/clips/evolve/common_voice_en_86671.opus,evolve
./data/macroset/en/clips/vegetable/common_voice_en_18296857.opus,vegetable
./data/macroset/en/clips/vegetable/common_voice_en_18109795.opus,vegetable
./data/macroset/en/clips/vegetable/common_voice_en_567597.opus,vegetable
./data/macroset/en/clips/vegetable/common_voice_en_18083662.opus,vegetable
./data/macroset/en/clips/vegetable/common_voice_en_20041691.opus,vegetable
./data/macroset/en/clips/dilated/common_voice_en_624023.opus,dilated
./data/macroset/en/clips/dilated/common_voice_en_17400431.opus,dilated
./data/macroset/en/clips/dilated/common_voice_en_545638.opus,dilated
./data/macroset/en/clips/dilated/common_voice_en_19080760.opus,dilated
./data/macroset/en/clips/dilated/common_voice_en_537818.opus,dilated
./data/macroset/en/clips/informative/common_voice_en_615309.opus,informative
./data/macroset/en/clips/informative/common_voice_en_551598.opus,informative
./data/macroset/en/clips/informative/common_voice_en_497614.opus,informative
./data/macroset/en/clips/informative/common_voice_en_37959.opus,informative
./data/macroset/en/clips/informative/common_voice_en_18547677.opus,informative
./data/macroset/en/clips/tattoo/common_voice_en_21128078.opus,tattoo
./data/macroset/en/clips/tattoo/common_voice_en_647438.opus,tattoo
./data/macroset/en/clips/tattoo/common_voice_en_491925.opus,tattoo
./data/macroset/en/clips/tattoo/common_voice_en_506532.opus,tattoo
./data/macroset/en/clips/tattoo/common_voice_en_529928.opus,tattoo
./data/macroset/en/clips/innings/common_voice_en_18754570.opus,innings
./data/macroset/en/clips/innings/common_voice_en_20149523.opus,innings
./data/macroset/en/clips/innings/common_voice_en_21341075.opus,innings
./data/macroset/en/clips/innings/common_voice_en_20733523.opus,innings
./data/macroset/en/clips/innings/common_voice_en_19679150.opus,innings
./data/macroset/en/clips/integrity/common_voice_en_21645567.opus,integrity
./data/macroset/en/clips/integrity/common_voice_en_18882514.opus,integrity
./data/macroset/en/clips/integrity/common_voice_en_20357998.opus,integrity
./data/macroset/en/clips/integrity/common_voice_en_18147328.opus,integrity
./data/macroset/en/clips/integrity/common_voice_en_21766228.opus,integrity
./data/macroset/en/clips/whip/common_voice_en_86101.opus,whip
./data/macroset/en/clips/whip/common_voice_en_210606.opus,whip
./data/macroset/en/clips/whip/common_voice_en_20420.opus,whip
./data/macroset/en/clips/whip/common_voice_en_680979.opus,whip
./data/macroset/en/clips/whip/common_voice_en_555018.opus,whip
./data/macroset/en/clips/knockout/common_voice_en_22282426.opus,knockout
./data/macroset/en/clips/knockout/common_voice_en_21638865.opus,knockout
./data/macroset/en/clips/knockout/common_voice_en_20519603.opus,knockout
./data/macroset/en/clips/knockout/common_voice_en_19768741.opus,knockout
./data/macroset/en/clips/knockout/common_voice_en_22223332.opus,knockout
./data/macroset/en/clips/locomotives/common_voice_en_20896561.opus,locomotives
./data/macroset/en/clips/locomotives/common_voice_en_19562431.opus,locomotives
./data/macroset/en/clips/locomotives/common_voice_en_19151596.opus,locomotives
./data/macroset/en/clips/locomotives/common_voice_en_21773210.opus,locomotives
./data/macroset/en/clips/locomotives/common_voice_en_19676657.opus,locomotives
./data/macroset/en/clips/teaching/common_voice_en_18152382.opus,teaching
./data/macroset/en/clips/teaching/common_voice_en_20959053.opus,teaching
./data/macroset/en/clips/teaching/common_voice_en_19254684.opus,teaching
./data/macroset/en/clips/teaching/common_voice_en_571800.opus,teaching
./data/macroset/en/clips/teaching/common_voice_en_20235783.opus,teaching
./data/macroset/en/clips/led/common_voice_en_19731495.opus,led
./data/macroset/en/clips/led/common_voice_en_21638722.opus,led
./data/macroset/en/clips/led/common_voice_en_19026246.opus,led
./data/macroset/en/clips/led/common_voice_en_19100257.opus,led
./data/macroset/en/clips/led/common_voice_en_20866796.opus,led
./data/macroset/en/clips/adoption/common_voice_en_20290609.opus,adoption
./data/macroset/en/clips/adoption/common_voice_en_22373665.opus,adoption
./data/macroset/en/clips/adoption/common_voice_en_21803502__2.opus,adoption
./data/macroset/en/clips/adoption/common_voice_en_18571299.opus,adoption
./data/macroset/en/clips/adoption/common_voice_en_18794374.opus,adoption
./data/macroset/en/clips/warren/common_voice_en_19838414.opus,warren
./data/macroset/en/clips/warren/common_voice_en_21372246.opus,warren
./data/macroset/en/clips/warren/common_voice_en_18819326.opus,warren
./data/macroset/en/clips/warren/common_voice_en_19739858.opus,warren
./data/macroset/en/clips/warren/common_voice_en_20644796.opus,warren
./data/macroset/en/clips/dressed/common_voice_en_476431.opus,dressed
./data/macroset/en/clips/dressed/common_voice_en_63687.opus,dressed
./data/macroset/en/clips/dressed/common_voice_en_493591.opus,dressed
./data/macroset/en/clips/dressed/common_voice_en_515273.opus,dressed
./data/macroset/en/clips/dressed/common_voice_en_667935.opus,dressed
./data/macroset/en/clips/executed/common_voice_en_20313155.opus,executed
./data/macroset/en/clips/executed/common_voice_en_20581397.opus,executed
./data/macroset/en/clips/executed/common_voice_en_22121077.opus,executed
./data/macroset/en/clips/executed/common_voice_en_20727792.opus,executed
./data/macroset/en/clips/executed/common_voice_en_22023697.opus,executed
./data/macroset/en/clips/moisturising/common_voice_en_509603.opus,moisturising
./data/macroset/en/clips/moisturising/common_voice_en_203040.opus,moisturising
./data/macroset/en/clips/moisturising/common_voice_en_136881.opus,moisturising
./data/macroset/en/clips/moisturising/common_voice_en_640974.opus,moisturising
./data/macroset/en/clips/moisturising/common_voice_en_545729.opus,moisturising
./data/macroset/en/clips/underwear/common_voice_en_201338.opus,underwear
./data/macroset/en/clips/underwear/common_voice_en_177648.opus,underwear
./data/macroset/en/clips/underwear/common_voice_en_485154.opus,underwear
./data/macroset/en/clips/underwear/common_voice_en_178483.opus,underwear
./data/macroset/en/clips/underwear/common_voice_en_133571.opus,underwear
./data/macroset/en/clips/tunes/common_voice_en_18893874.opus,tunes
./data/macroset/en/clips/tunes/common_voice_en_22299180.opus,tunes
./data/macroset/en/clips/tunes/common_voice_en_20530295.opus,tunes
./data/macroset/en/clips/tunes/common_voice_en_20047591.opus,tunes
./data/macroset/en/clips/tunes/common_voice_en_18895435.opus,tunes
./data/macroset/en/clips/drifted/common_voice_en_20180511.opus,drifted
./data/macroset/en/clips/drifted/common_voice_en_20974692.opus,drifted
./data/macroset/en/clips/drifted/common_voice_en_610712.opus,drifted
./data/macroset/en/clips/drifted/common_voice_en_603145.opus,drifted
./data/macroset/en/clips/drifted/common_voice_en_588075.opus,drifted
./data/macroset/en/clips/idol/common_voice_en_18787559.opus,idol
./data/macroset/en/clips/idol/common_voice_en_22404787.opus,idol
./data/macroset/en/clips/idol/common_voice_en_4236536.opus,idol
./data/macroset/en/clips/idol/common_voice_en_21053379.opus,idol
./data/macroset/en/clips/idol/common_voice_en_17394721.opus,idol
./data/macroset/en/clips/memories/common_voice_en_18339138.opus,memories
./data/macroset/en/clips/memories/common_voice_en_19770583.opus,memories
./data/macroset/en/clips/memories/common_voice_en_20848966.opus,memories
./data/macroset/en/clips/memories/common_voice_en_21788358.opus,memories
./data/macroset/en/clips/memories/common_voice_en_21530819.opus,memories
./data/macroset/en/clips/quaker/common_voice_en_22085267.opus,quaker
./data/macroset/en/clips/quaker/common_voice_en_19389087.opus,quaker
./data/macroset/en/clips/quaker/common_voice_en_20380035.opus,quaker
./data/macroset/en/clips/quaker/common_voice_en_19751381.opus,quaker
./data/macroset/en/clips/quaker/common_voice_en_19773328.opus,quaker
./data/macroset/en/clips/manor/common_voice_en_22220116.opus,manor
./data/macroset/en/clips/manor/common_voice_en_20530153.opus,manor
./data/macroset/en/clips/manor/common_voice_en_19946053.opus,manor
./data/macroset/en/clips/manor/common_voice_en_20173186.opus,manor
./data/macroset/en/clips/manor/common_voice_en_19839383.opus,manor
./data/macroset/en/clips/increasingly/common_voice_en_20309122.opus,increasingly
./data/macroset/en/clips/increasingly/common_voice_en_21636619.opus,increasingly
./data/macroset/en/clips/increasingly/common_voice_en_19965003.opus,increasingly
./data/macroset/en/clips/increasingly/common_voice_en_18765497.opus,increasingly
./data/macroset/en/clips/increasingly/common_voice_en_20290231.opus,increasingly
./data/macroset/en/clips/russell/common_voice_en_18853214.opus,russell
./data/macroset/en/clips/russell/common_voice_en_20407699.opus,russell
./data/macroset/en/clips/russell/common_voice_en_20858282.opus,russell
./data/macroset/en/clips/russell/common_voice_en_22284745.opus,russell
./data/macroset/en/clips/russell/common_voice_en_19118109.opus,russell
./data/macroset/en/clips/stroke/common_voice_en_19646702.opus,stroke
./data/macroset/en/clips/stroke/common_voice_en_21636132.opus,stroke
./data/macroset/en/clips/stroke/common_voice_en_22341639.opus,stroke
./data/macroset/en/clips/stroke/common_voice_en_21803605.opus,stroke
./data/macroset/en/clips/stroke/common_voice_en_19177559.opus,stroke
./data/macroset/en/clips/booth/common_voice_en_3580675.opus,booth
./data/macroset/en/clips/booth/common_voice_en_19720424.opus,booth
./data/macroset/en/clips/booth/common_voice_en_616080.opus,booth
./data/macroset/en/clips/booth/common_voice_en_545697.opus,booth
./data/macroset/en/clips/booth/common_voice_en_20636103.opus,booth
./data/macroset/en/clips/guild/common_voice_en_20970733.opus,guild
./data/macroset/en/clips/guild/common_voice_en_19597910.opus,guild
./data/macroset/en/clips/guild/common_voice_en_20529921.opus,guild
./data/macroset/en/clips/guild/common_voice_en_20325671.opus,guild
./data/macroset/en/clips/guild/common_voice_en_21505246.opus,guild
./data/macroset/en/clips/sketch/common_voice_en_22413742.opus,sketch
./data/macroset/en/clips/sketch/common_voice_en_18514859.opus,sketch
./data/macroset/en/clips/sketch/common_voice_en_18765439.opus,sketch
./data/macroset/en/clips/sketch/common_voice_en_19971120.opus,sketch
./data/macroset/en/clips/sketch/common_voice_en_20800883.opus,sketch
./data/macroset/en/clips/martial/common_voice_en_19838345.opus,martial
./data/macroset/en/clips/martial/common_voice_en_20664256.opus,martial
./data/macroset/en/clips/martial/common_voice_en_17347099.opus,martial
./data/macroset/en/clips/martial/common_voice_en_20646288.opus,martial
./data/macroset/en/clips/martial/common_voice_en_18758432.opus,martial
./data/macroset/en/clips/solve/common_voice_en_689834.opus,solve
./data/macroset/en/clips/solve/common_voice_en_45666.opus,solve
./data/macroset/en/clips/solve/common_voice_en_20163104.opus,solve
./data/macroset/en/clips/solve/common_voice_en_18893508.opus,solve
./data/macroset/en/clips/solve/common_voice_en_18680505.opus,solve
./data/macroset/en/clips/whispering/common_voice_en_17396889.opus,whispering
./data/macroset/en/clips/whispering/common_voice_en_18473458.opus,whispering
./data/macroset/en/clips/whispering/common_voice_en_17503370.opus,whispering
./data/macroset/en/clips/whispering/common_voice_en_477625.opus,whispering
./data/macroset/en/clips/whispering/common_voice_en_18125194.opus,whispering
./data/macroset/en/clips/vale/common_voice_en_22286838.opus,vale
./data/macroset/en/clips/vale/common_voice_en_19747274.opus,vale
./data/macroset/en/clips/vale/common_voice_en_19345509.opus,vale
./data/macroset/en/clips/vale/common_voice_en_19751056.opus,vale
./data/macroset/en/clips/vale/common_voice_en_22003135.opus,vale
./data/macroset/en/clips/wow/common_voice_en_19521483.opus,wow
./data/macroset/en/clips/wow/common_voice_en_17253164.opus,wow
./data/macroset/en/clips/wow/common_voice_en_17266615.opus,wow
./data/macroset/en/clips/wow/common_voice_en_17281032.opus,wow
./data/macroset/en/clips/wow/common_voice_en_17290136.opus,wow
./data/macroset/en/clips/renovation/common_voice_en_22103370.opus,renovation
./data/macroset/en/clips/renovation/common_voice_en_19078509.opus,renovation
./data/macroset/en/clips/renovation/common_voice_en_20585475.opus,renovation
./data/macroset/en/clips/renovation/common_voice_en_22250525.opus,renovation
./data/macroset/en/clips/renovation/common_voice_en_19704067.opus,renovation
./data/macroset/en/clips/encode/common_voice_en_685253.opus,encode
./data/macroset/en/clips/encode/common_voice_en_521986.opus,encode
./data/macroset/en/clips/encode/common_voice_en_17255483.opus,encode
./data/macroset/en/clips/encode/common_voice_en_445778.opus,encode
./data/macroset/en/clips/encode/common_voice_en_17885279.opus,encode
./data/macroset/en/clips/happens/common_voice_en_555725.opus,happens
./data/macroset/en/clips/happens/common_voice_en_612449.opus,happens
./data/macroset/en/clips/happens/common_voice_en_59289.opus,happens
./data/macroset/en/clips/happens/common_voice_en_18097107.opus,happens
./data/macroset/en/clips/happens/common_voice_en_18524645.opus,happens
./data/macroset/en/clips/corey/common_voice_en_850.opus,corey
./data/macroset/en/clips/corey/common_voice_en_20527782.opus,corey
./data/macroset/en/clips/corey/common_voice_en_174917.opus,corey
./data/macroset/en/clips/corey/common_voice_en_19548719.opus,corey
./data/macroset/en/clips/corey/common_voice_en_21908137.opus,corey
./data/macroset/en/clips/categorized/common_voice_en_19429390.opus,categorized
./data/macroset/en/clips/categorized/common_voice_en_22141624.opus,categorized
./data/macroset/en/clips/categorized/common_voice_en_20080160.opus,categorized
./data/macroset/en/clips/categorized/common_voice_en_19547550.opus,categorized
./data/macroset/en/clips/categorized/common_voice_en_22117205.opus,categorized
./data/macroset/en/clips/kettle/common_voice_en_18087463.opus,kettle
./data/macroset/en/clips/kettle/common_voice_en_17278829.opus,kettle
./data/macroset/en/clips/kettle/common_voice_en_89501.opus,kettle
./data/macroset/en/clips/kettle/common_voice_en_36761.opus,kettle
./data/macroset/en/clips/kettle/common_voice_en_438685.opus,kettle
./data/macroset/en/clips/company/common_voice_en_22023699.opus,company
./data/macroset/en/clips/company/common_voice_en_21335780.opus,company
./data/macroset/en/clips/company/common_voice_en_20704253.opus,company
./data/macroset/en/clips/company/common_voice_en_18862277.opus,company
./data/macroset/en/clips/company/common_voice_en_21073674.opus,company
./data/macroset/en/clips/stalk/common_voice_en_19540854.opus,stalk
./data/macroset/en/clips/stalk/common_voice_en_700228.opus,stalk
./data/macroset/en/clips/stalk/common_voice_en_18082091.opus,stalk
./data/macroset/en/clips/stalk/common_voice_en_22091254__2.opus,stalk
./data/macroset/en/clips/stalk/common_voice_en_20714433.opus,stalk
./data/macroset/en/clips/seed/common_voice_en_54013.opus,seed
./data/macroset/en/clips/seed/common_voice_en_20290334.opus,seed
./data/macroset/en/clips/seed/common_voice_en_583112.opus,seed
./data/macroset/en/clips/seed/common_voice_en_688352.opus,seed
./data/macroset/en/clips/seed/common_voice_en_547906.opus,seed
./data/macroset/en/clips/hospital/common_voice_en_222194.opus,hospital
./data/macroset/en/clips/hospital/common_voice_en_522367.opus,hospital
./data/macroset/en/clips/hospital/common_voice_en_19676604.opus,hospital
./data/macroset/en/clips/hospital/common_voice_en_21129429.opus,hospital
./data/macroset/en/clips/hospital/common_voice_en_19497898.opus,hospital
./data/macroset/en/clips/boys/common_voice_en_20447917.opus,boys
./data/macroset/en/clips/boys/common_voice_en_18491197.opus,boys
./data/macroset/en/clips/boys/common_voice_en_218511.opus,boys
./data/macroset/en/clips/boys/common_voice_en_21964195.opus,boys
./data/macroset/en/clips/boys/common_voice_en_21210009.opus,boys
./data/macroset/en/clips/laying/common_voice_en_20339723.opus,laying
./data/macroset/en/clips/laying/common_voice_en_18497174.opus,laying
./data/macroset/en/clips/laying/common_voice_en_8980731.opus,laying
./data/macroset/en/clips/laying/common_voice_en_485803.opus,laying
./data/macroset/en/clips/laying/common_voice_en_21737738.opus,laying
./data/macroset/en/clips/morning/common_voice_en_17337982.opus,morning
./data/macroset/en/clips/morning/common_voice_en_210009.opus,morning
./data/macroset/en/clips/morning/common_voice_en_17841306.opus,morning
./data/macroset/en/clips/morning/common_voice_en_17277248.opus,morning
./data/macroset/en/clips/morning/common_voice_en_193759.opus,morning
./data/macroset/en/clips/dreams/common_voice_en_571111.opus,dreams
./data/macroset/en/clips/dreams/common_voice_en_64204.opus,dreams
./data/macroset/en/clips/dreams/common_voice_en_691177.opus,dreams
./data/macroset/en/clips/dreams/common_voice_en_602433.opus,dreams
./data/macroset/en/clips/dreams/common_voice_en_68432.opus,dreams
./data/macroset/en/clips/camel/common_voice_en_570501.opus,camel
./data/macroset/en/clips/camel/common_voice_en_56981.opus,camel
./data/macroset/en/clips/camel/common_voice_en_63340.opus,camel
./data/macroset/en/clips/camel/common_voice_en_680293.opus,camel
./data/macroset/en/clips/camel/common_voice_en_523777.opus,camel
./data/macroset/en/clips/symmetric/common_voice_en_613499.opus,symmetric
./data/macroset/en/clips/symmetric/common_voice_en_20303310.opus,symmetric
./data/macroset/en/clips/symmetric/common_voice_en_499134.opus,symmetric
./data/macroset/en/clips/symmetric/common_voice_en_214780.opus,symmetric
./data/macroset/en/clips/symmetric/common_voice_en_589688.opus,symmetric
./data/macroset/en/clips/refined/common_voice_en_22028971.opus,refined
./data/macroset/en/clips/refined/common_voice_en_22463766.opus,refined
./data/macroset/en/clips/refined/common_voice_en_20883063.opus,refined
./data/macroset/en/clips/refined/common_voice_en_19720788.opus,refined
./data/macroset/en/clips/refined/common_voice_en_20856696.opus,refined
./data/macroset/en/clips/merchant/common_voice_en_219675.opus,merchant
./data/macroset/en/clips/merchant/common_voice_en_606383.opus,merchant
./data/macroset/en/clips/merchant/common_voice_en_68774.opus,merchant
./data/macroset/en/clips/merchant/common_voice_en_532717.opus,merchant
./data/macroset/en/clips/merchant/common_voice_en_87805.opus,merchant
./data/macroset/en/clips/electrons/common_voice_en_18772806.opus,electrons
./data/macroset/en/clips/electrons/common_voice_en_19410588.opus,electrons
./data/macroset/en/clips/electrons/common_voice_en_19827498.opus,electrons
./data/macroset/en/clips/electrons/common_voice_en_20210939__2.opus,electrons
./data/macroset/en/clips/electrons/common_voice_en_21693051.opus,electrons
./data/macroset/en/clips/wired/common_voice_en_70242.opus,wired
./data/macroset/en/clips/wired/common_voice_en_603450.opus,wired
./data/macroset/en/clips/wired/common_voice_en_19247975.opus,wired
./data/macroset/en/clips/wired/common_voice_en_485377.opus,wired
./data/macroset/en/clips/wired/common_voice_en_696528.opus,wired
./data/macroset/en/clips/doomed/common_voice_en_21319664.opus,doomed
./data/macroset/en/clips/doomed/common_voice_en_17780110.opus,doomed
./data/macroset/en/clips/doomed/common_voice_en_17902877.opus,doomed
./data/macroset/en/clips/doomed/common_voice_en_18221705.opus,doomed
./data/macroset/en/clips/doomed/common_voice_en_17851617.opus,doomed
./data/macroset/en/clips/birmingham/common_voice_en_20974092.opus,birmingham
./data/macroset/en/clips/birmingham/common_voice_en_19740148.opus,birmingham
./data/macroset/en/clips/birmingham/common_voice_en_21868610.opus,birmingham
./data/macroset/en/clips/birmingham/common_voice_en_21650215.opus,birmingham
./data/macroset/en/clips/birmingham/common_voice_en_21775883.opus,birmingham
./data/macroset/en/clips/excessive/common_voice_en_19014224__2.opus,excessive
./data/macroset/en/clips/excessive/common_voice_en_22093031.opus,excessive
./data/macroset/en/clips/excessive/common_voice_en_20013259.opus,excessive
./data/macroset/en/clips/excessive/common_voice_en_20866591.opus,excessive
./data/macroset/en/clips/excessive/common_voice_en_19699980.opus,excessive
./data/macroset/en/clips/injection/common_voice_en_20833894.opus,injection
./data/macroset/en/clips/injection/common_voice_en_21906098.opus,injection
./data/macroset/en/clips/injection/common_voice_en_22405680.opus,injection
./data/macroset/en/clips/injection/common_voice_en_19014490.opus,injection
./data/macroset/en/clips/injection/common_voice_en_21457724.opus,injection
./data/macroset/en/clips/shook/common_voice_en_559293.opus,shook
./data/macroset/en/clips/shook/common_voice_en_20427410.opus,shook
./data/macroset/en/clips/shook/common_voice_en_9789424.opus,shook
./data/macroset/en/clips/shook/common_voice_en_17833807.opus,shook
./data/macroset/en/clips/shook/common_voice_en_4096854.opus,shook
./data/macroset/en/clips/establish/common_voice_en_20506397.opus,establish
./data/macroset/en/clips/establish/common_voice_en_20281832.opus,establish
./data/macroset/en/clips/establish/common_voice_en_21081862.opus,establish
./data/macroset/en/clips/establish/common_voice_en_198671.opus,establish
./data/macroset/en/clips/establish/common_voice_en_18869850.opus,establish
./data/macroset/en/clips/camden/common_voice_en_20245852.opus,camden
./data/macroset/en/clips/camden/common_voice_en_22070817.opus,camden
./data/macroset/en/clips/camden/common_voice_en_20559531.opus,camden
./data/macroset/en/clips/camden/common_voice_en_19540712.opus,camden
./data/macroset/en/clips/camden/common_voice_en_19947619.opus,camden
./data/macroset/en/clips/restrained/common_voice_en_17266404.opus,restrained
./data/macroset/en/clips/restrained/common_voice_en_17267173.opus,restrained
./data/macroset/en/clips/restrained/common_voice_en_17809619.opus,restrained
./data/macroset/en/clips/restrained/common_voice_en_17825295.opus,restrained
./data/macroset/en/clips/restrained/common_voice_en_18627906.opus,restrained
./data/macroset/en/clips/concourse/common_voice_en_19021039.opus,concourse
./data/macroset/en/clips/concourse/common_voice_en_19542317.opus,concourse
./data/macroset/en/clips/concourse/common_voice_en_19790833.opus,concourse
./data/macroset/en/clips/concourse/common_voice_en_19036399.opus,concourse
./data/macroset/en/clips/concourse/common_voice_en_17624686.opus,concourse
./data/macroset/en/clips/imagination/common_voice_en_18687001.opus,imagination
./data/macroset/en/clips/imagination/common_voice_en_18708423.opus,imagination
./data/macroset/en/clips/imagination/common_voice_en_19180947.opus,imagination
./data/macroset/en/clips/imagination/common_voice_en_19764217.opus,imagination
./data/macroset/en/clips/imagination/common_voice_en_20081124.opus,imagination
./data/macroset/en/clips/tokyo/common_voice_en_679422.opus,tokyo
./data/macroset/en/clips/tokyo/common_voice_en_17785920.opus,tokyo
./data/macroset/en/clips/tokyo/common_voice_en_15733927.opus,tokyo
./data/macroset/en/clips/tokyo/common_voice_en_18752187.opus,tokyo
./data/macroset/en/clips/tokyo/common_voice_en_17806374.opus,tokyo
./data/macroset/en/clips/analogue/common_voice_en_21208213.opus,analogue
./data/macroset/en/clips/analogue/common_voice_en_21917798.opus,analogue
./data/macroset/en/clips/analogue/common_voice_en_18988595.opus,analogue
./data/macroset/en/clips/analogue/common_voice_en_19502888.opus,analogue
./data/macroset/en/clips/analogue/common_voice_en_20526381.opus,analogue
./data/macroset/en/clips/produces/common_voice_en_18867817.opus,produces
./data/macroset/en/clips/produces/common_voice_en_19815880.opus,produces
./data/macroset/en/clips/produces/common_voice_en_22141555.opus,produces
./data/macroset/en/clips/produces/common_voice_en_19815523.opus,produces
./data/macroset/en/clips/produces/common_voice_en_19639678.opus,produces
./data/macroset/en/clips/branches/common_voice_en_19312197.opus,branches
./data/macroset/en/clips/branches/common_voice_en_19592421.opus,branches
./data/macroset/en/clips/branches/common_voice_en_18870831.opus,branches
./data/macroset/en/clips/branches/common_voice_en_201479.opus,branches
./data/macroset/en/clips/branches/common_voice_en_21094128.opus,branches
./data/macroset/en/clips/opacity/common_voice_en_17260058.opus,opacity
./data/macroset/en/clips/opacity/common_voice_en_17258362.opus,opacity
./data/macroset/en/clips/opacity/common_voice_en_587712.opus,opacity
./data/macroset/en/clips/opacity/common_voice_en_17519294.opus,opacity
./data/macroset/en/clips/opacity/common_voice_en_19416504.opus,opacity
./data/macroset/en/clips/none/common_voice_en_630789.opus,none
./data/macroset/en/clips/none/common_voice_en_2020998.opus,none
./data/macroset/en/clips/none/common_voice_en_549703.opus,none
./data/macroset/en/clips/none/common_voice_en_573177.opus,none
./data/macroset/en/clips/none/common_voice_en_19523352.opus,none
./data/macroset/en/clips/overhead/common_voice_en_96275.opus,overhead
./data/macroset/en/clips/overhead/common_voice_en_18573077.opus,overhead
./data/macroset/en/clips/overhead/common_voice_en_22243022.opus,overhead
./data/macroset/en/clips/overhead/common_voice_en_19981372.opus,overhead
./data/macroset/en/clips/overhead/common_voice_en_21535228.opus,overhead
./data/macroset/en/clips/punishment/common_voice_en_21283010.opus,punishment
./data/macroset/en/clips/punishment/common_voice_en_19701174.opus,punishment
./data/macroset/en/clips/punishment/common_voice_en_20186978.opus,punishment
./data/macroset/en/clips/punishment/common_voice_en_19948542.opus,punishment
./data/macroset/en/clips/punishment/common_voice_en_21107952.opus,punishment
./data/macroset/en/clips/stormed/common_voice_en_18722298.opus,stormed
./data/macroset/en/clips/stormed/common_voice_en_18056997.opus,stormed
./data/macroset/en/clips/stormed/common_voice_en_18109255.opus,stormed
./data/macroset/en/clips/stormed/common_voice_en_20315872.opus,stormed
./data/macroset/en/clips/stormed/common_voice_en_17684154.opus,stormed
./data/macroset/en/clips/subject/common_voice_en_21334849.opus,subject
./data/macroset/en/clips/subject/common_voice_en_20272210.opus,subject
./data/macroset/en/clips/subject/common_voice_en_19982134.opus,subject
./data/macroset/en/clips/subject/common_voice_en_20317136.opus,subject
./data/macroset/en/clips/subject/common_voice_en_18862443.opus,subject
./data/macroset/en/clips/gorge/common_voice_en_20466661.opus,gorge
./data/macroset/en/clips/gorge/common_voice_en_20513544__2.opus,gorge
./data/macroset/en/clips/gorge/common_voice_en_20532043.opus,gorge
./data/macroset/en/clips/gorge/common_voice_en_20027582.opus,gorge
./data/macroset/en/clips/gorge/common_voice_en_22319741.opus,gorge
./data/macroset/en/clips/fifty/common_voice_en_660096.opus,fifty
./data/macroset/en/clips/fifty/common_voice_en_533474.opus,fifty
./data/macroset/en/clips/fifty/common_voice_en_506627.opus,fifty
./data/macroset/en/clips/fifty/common_voice_en_21365225__2.opus,fifty
./data/macroset/en/clips/fifty/common_voice_en_138202.opus,fifty
./data/macroset/en/clips/cans/common_voice_en_18109772.opus,cans
./data/macroset/en/clips/cans/common_voice_en_20673862.opus,cans
./data/macroset/en/clips/cans/common_voice_en_7386919.opus,cans
./data/macroset/en/clips/cans/common_voice_en_644143.opus,cans
./data/macroset/en/clips/cans/common_voice_en_84590.opus,cans
./data/macroset/en/clips/calmly/common_voice_en_18412418.opus,calmly
./data/macroset/en/clips/calmly/common_voice_en_591071.opus,calmly
./data/macroset/en/clips/calmly/common_voice_en_19611856.opus,calmly
./data/macroset/en/clips/calmly/common_voice_en_17388111.opus,calmly
./data/macroset/en/clips/calmly/common_voice_en_17885233.opus,calmly
./data/macroset/en/clips/richards/common_voice_en_19699165.opus,richards
./data/macroset/en/clips/richards/common_voice_en_19697747.opus,richards
./data/macroset/en/clips/richards/common_voice_en_20304343.opus,richards
./data/macroset/en/clips/richards/common_voice_en_21258949.opus,richards
./data/macroset/en/clips/richards/common_voice_en_19951026.opus,richards
./data/macroset/en/clips/bracelet/common_voice_en_46909.opus,bracelet
./data/macroset/en/clips/bracelet/common_voice_en_74339.opus,bracelet
./data/macroset/en/clips/bracelet/common_voice_en_30608.opus,bracelet
./data/macroset/en/clips/bracelet/common_voice_en_160614.opus,bracelet
./data/macroset/en/clips/bracelet/common_voice_en_629699.opus,bracelet
./data/macroset/en/clips/did/common_voice_en_18043386.opus,did
./data/macroset/en/clips/did/common_voice_en_121078.opus,did
./data/macroset/en/clips/did/common_voice_en_19652815.opus,did
./data/macroset/en/clips/did/common_voice_en_20900715.opus,did
./data/macroset/en/clips/did/common_voice_en_33029.opus,did
./data/macroset/en/clips/andrea/common_voice_en_18846032.opus,andrea
./data/macroset/en/clips/andrea/common_voice_en_19996309.opus,andrea
./data/macroset/en/clips/andrea/common_voice_en_19968764.opus,andrea
./data/macroset/en/clips/andrea/common_voice_en_19948566.opus,andrea
./data/macroset/en/clips/andrea/common_voice_en_699802.opus,andrea
./data/macroset/en/clips/formation/common_voice_en_81351.opus,formation
./data/macroset/en/clips/formation/common_voice_en_567271.opus,formation
./data/macroset/en/clips/formation/common_voice_en_18850294.opus,formation
./data/macroset/en/clips/formation/common_voice_en_22108335.opus,formation
./data/macroset/en/clips/formation/common_voice_en_19500056.opus,formation
./data/macroset/en/clips/neutron/common_voice_en_20860089.opus,neutron
./data/macroset/en/clips/neutron/common_voice_en_77679.opus,neutron
./data/macroset/en/clips/neutron/common_voice_en_21851792.opus,neutron
./data/macroset/en/clips/neutron/common_voice_en_18678690.opus,neutron
./data/macroset/en/clips/neutron/common_voice_en_18204879.opus,neutron
./data/macroset/en/clips/submarines/common_voice_en_18748839.opus,submarines
./data/macroset/en/clips/submarines/common_voice_en_22236418.opus,submarines
./data/macroset/en/clips/submarines/common_voice_en_20920637.opus,submarines
./data/macroset/en/clips/submarines/common_voice_en_20872155.opus,submarines
./data/macroset/en/clips/submarines/common_voice_en_18757810.opus,submarines
./data/macroset/en/clips/household/common_voice_en_21690226.opus,household
./data/macroset/en/clips/household/common_voice_en_19874975.opus,household
./data/macroset/en/clips/household/common_voice_en_22447897.opus,household
./data/macroset/en/clips/household/common_voice_en_19700853.opus,household
./data/macroset/en/clips/household/common_voice_en_19113954.opus,household
./data/macroset/en/clips/compiled/common_voice_en_21953183.opus,compiled
./data/macroset/en/clips/compiled/common_voice_en_20884823.opus,compiled
./data/macroset/en/clips/compiled/common_voice_en_20231721.opus,compiled
./data/macroset/en/clips/compiled/common_voice_en_19820383.opus,compiled
./data/macroset/en/clips/compiled/common_voice_en_20696748.opus,compiled
./data/macroset/en/clips/berlin/common_voice_en_21493665.opus,berlin
./data/macroset/en/clips/berlin/common_voice_en_20960528.opus,berlin
./data/macroset/en/clips/berlin/common_voice_en_21101554.opus,berlin
./data/macroset/en/clips/berlin/common_voice_en_21983834.opus,berlin
./data/macroset/en/clips/berlin/common_voice_en_21328772.opus,berlin
./data/macroset/en/clips/ferret/common_voice_en_160206.opus,ferret
./data/macroset/en/clips/ferret/common_voice_en_690490.opus,ferret
./data/macroset/en/clips/ferret/common_voice_en_626070.opus,ferret
./data/macroset/en/clips/ferret/common_voice_en_677613.opus,ferret
./data/macroset/en/clips/ferret/common_voice_en_219281.opus,ferret
./data/macroset/en/clips/hotter/common_voice_en_565004.opus,hotter
./data/macroset/en/clips/hotter/common_voice_en_508934.opus,hotter
./data/macroset/en/clips/hotter/common_voice_en_488618.opus,hotter
./data/macroset/en/clips/hotter/common_voice_en_39824.opus,hotter
./data/macroset/en/clips/hotter/common_voice_en_540171.opus,hotter
./data/macroset/en/clips/motivated/common_voice_en_583791.opus,motivated
./data/macroset/en/clips/motivated/common_voice_en_19782183.opus,motivated
./data/macroset/en/clips/motivated/common_voice_en_19640351.opus,motivated
./data/macroset/en/clips/motivated/common_voice_en_36878.opus,motivated
./data/macroset/en/clips/motivated/common_voice_en_20887835.opus,motivated
./data/macroset/en/clips/allies/common_voice_en_18144045.opus,allies
./data/macroset/en/clips/allies/common_voice_en_600058.opus,allies
./data/macroset/en/clips/allies/common_voice_en_18125728.opus,allies
./data/macroset/en/clips/allies/common_voice_en_18753355.opus,allies
./data/macroset/en/clips/allies/common_voice_en_19807322.opus,allies
./data/macroset/en/clips/farce/common_voice_en_507186.opus,farce
./data/macroset/en/clips/farce/common_voice_en_466378.opus,farce
./data/macroset/en/clips/farce/common_voice_en_638403.opus,farce
./data/macroset/en/clips/farce/common_voice_en_618241.opus,farce
./data/macroset/en/clips/farce/common_voice_en_632528.opus,farce
./data/macroset/en/clips/fought/common_voice_en_20135367.opus,fought
./data/macroset/en/clips/fought/common_voice_en_20320078.opus,fought
./data/macroset/en/clips/fought/common_voice_en_21917612.opus,fought
./data/macroset/en/clips/fought/common_voice_en_571899.opus,fought
./data/macroset/en/clips/fought/common_voice_en_22264378.opus,fought
./data/macroset/en/clips/essential/common_voice_en_21634773.opus,essential
./data/macroset/en/clips/essential/common_voice_en_22002008.opus,essential
./data/macroset/en/clips/essential/common_voice_en_20105435.opus,essential
./data/macroset/en/clips/essential/common_voice_en_18301220.opus,essential
./data/macroset/en/clips/essential/common_voice_en_22176950.opus,essential
./data/macroset/en/clips/challenged/common_voice_en_18915949.opus,challenged
./data/macroset/en/clips/challenged/common_voice_en_21828709.opus,challenged
./data/macroset/en/clips/challenged/common_voice_en_19081743.opus,challenged
./data/macroset/en/clips/challenged/common_voice_en_20116875.opus,challenged
./data/macroset/en/clips/challenged/common_voice_en_20365765.opus,challenged
./data/macroset/en/clips/reader/common_voice_en_675971.opus,reader
./data/macroset/en/clips/reader/common_voice_en_21765321.opus,reader
./data/macroset/en/clips/reader/common_voice_en_94327.opus,reader
./data/macroset/en/clips/reader/common_voice_en_658053.opus,reader
./data/macroset/en/clips/reader/common_voice_en_137484.opus,reader
./data/macroset/en/clips/unification/common_voice_en_21829657.opus,unification
./data/macroset/en/clips/unification/common_voice_en_22323303.opus,unification
./data/macroset/en/clips/unification/common_voice_en_21102774.opus,unification
./data/macroset/en/clips/unification/common_voice_en_18848039.opus,unification
./data/macroset/en/clips/unification/common_voice_en_21821159.opus,unification
./data/macroset/en/clips/ideas/common_voice_en_20884804.opus,ideas
./data/macroset/en/clips/ideas/common_voice_en_629729.opus,ideas
./data/macroset/en/clips/ideas/common_voice_en_51825.opus,ideas
./data/macroset/en/clips/ideas/common_voice_en_19681760.opus,ideas
./data/macroset/en/clips/ideas/common_voice_en_21639140.opus,ideas
./data/macroset/en/clips/begins/common_voice_en_19068192.opus,begins
./data/macroset/en/clips/begins/common_voice_en_19289064.opus,begins
./data/macroset/en/clips/begins/common_voice_en_21885821.opus,begins
./data/macroset/en/clips/begins/common_voice_en_649059.opus,begins
./data/macroset/en/clips/begins/common_voice_en_19694452.opus,begins
./data/macroset/en/clips/shelters/common_voice_en_19709745.opus,shelters
./data/macroset/en/clips/shelters/common_voice_en_21867267.opus,shelters
./data/macroset/en/clips/shelters/common_voice_en_20451070.opus,shelters
./data/macroset/en/clips/shelters/common_voice_en_21444794.opus,shelters
./data/macroset/en/clips/shelters/common_voice_en_21948239.opus,shelters
./data/macroset/en/clips/calcium/common_voice_en_20077899.opus,calcium
./data/macroset/en/clips/calcium/common_voice_en_18770508.opus,calcium
./data/macroset/en/clips/calcium/common_voice_en_22332193.opus,calcium
./data/macroset/en/clips/calcium/common_voice_en_19786976.opus,calcium
./data/macroset/en/clips/calcium/common_voice_en_19975521.opus,calcium
./data/macroset/en/clips/collins/common_voice_en_20516850.opus,collins
./data/macroset/en/clips/collins/common_voice_en_21242817.opus,collins
./data/macroset/en/clips/collins/common_voice_en_20826952.opus,collins
./data/macroset/en/clips/collins/common_voice_en_21901856.opus,collins
./data/macroset/en/clips/collins/common_voice_en_22094702.opus,collins
./data/macroset/en/clips/genetic/common_voice_en_22051693.opus,genetic
./data/macroset/en/clips/genetic/common_voice_en_20173398.opus,genetic
./data/macroset/en/clips/genetic/common_voice_en_22307661.opus,genetic
./data/macroset/en/clips/genetic/common_voice_en_21934863.opus,genetic
./data/macroset/en/clips/genetic/common_voice_en_21657500.opus,genetic
./data/macroset/en/clips/catherine/common_voice_en_18941936.opus,catherine
./data/macroset/en/clips/catherine/common_voice_en_609813.opus,catherine
./data/macroset/en/clips/catherine/common_voice_en_20670200.opus,catherine
./data/macroset/en/clips/catherine/common_voice_en_54770.opus,catherine
./data/macroset/en/clips/catherine/common_voice_en_17629896.opus,catherine
./data/macroset/en/clips/routing/common_voice_en_21093862.opus,routing
./data/macroset/en/clips/routing/common_voice_en_18864745.opus,routing
./data/macroset/en/clips/routing/common_voice_en_664147.opus,routing
./data/macroset/en/clips/routing/common_voice_en_21478227.opus,routing
./data/macroset/en/clips/routing/common_voice_en_502536.opus,routing
./data/macroset/en/clips/handful/common_voice_en_21619837.opus,handful
./data/macroset/en/clips/handful/common_voice_en_18946856.opus,handful
./data/macroset/en/clips/handful/common_voice_en_20287975.opus,handful
./data/macroset/en/clips/handful/common_voice_en_20007641.opus,handful
./data/macroset/en/clips/handful/common_voice_en_20788626.opus,handful
./data/macroset/en/clips/busy/common_voice_en_221927.opus,busy
./data/macroset/en/clips/busy/common_voice_en_26790.opus,busy
./data/macroset/en/clips/busy/common_voice_en_677423.opus,busy
./data/macroset/en/clips/busy/common_voice_en_584911.opus,busy
./data/macroset/en/clips/busy/common_voice_en_2118.opus,busy
./data/macroset/en/clips/simplifying/common_voice_en_571618.opus,simplifying
./data/macroset/en/clips/simplifying/common_voice_en_633325.opus,simplifying
./data/macroset/en/clips/simplifying/common_voice_en_511837.opus,simplifying
./data/macroset/en/clips/simplifying/common_voice_en_524652.opus,simplifying
./data/macroset/en/clips/simplifying/common_voice_en_214131.opus,simplifying
./data/macroset/en/clips/kathleen/common_voice_en_20255927.opus,kathleen
./data/macroset/en/clips/kathleen/common_voice_en_17954891.opus,kathleen
./data/macroset/en/clips/kathleen/common_voice_en_5559169.opus,kathleen
./data/macroset/en/clips/kathleen/common_voice_en_538804.opus,kathleen
./data/macroset/en/clips/kathleen/common_voice_en_20327921.opus,kathleen
./data/macroset/en/clips/mondays/common_voice_en_18164620.opus,mondays
./data/macroset/en/clips/mondays/common_voice_en_72224.opus,mondays
./data/macroset/en/clips/mondays/common_voice_en_18347582.opus,mondays
./data/macroset/en/clips/mondays/common_voice_en_17926504.opus,mondays
./data/macroset/en/clips/mondays/common_voice_en_17978952.opus,mondays
./data/macroset/en/clips/ian/common_voice_en_17267954.opus,ian
./data/macroset/en/clips/ian/common_voice_en_19572065.opus,ian
./data/macroset/en/clips/ian/common_voice_en_19180138.opus,ian
./data/macroset/en/clips/ian/common_voice_en_18737767.opus,ian
./data/macroset/en/clips/ian/common_voice_en_17262864.opus,ian
./data/macroset/en/clips/piedmont/common_voice_en_21652390.opus,piedmont
./data/macroset/en/clips/piedmont/common_voice_en_19514908.opus,piedmont
./data/macroset/en/clips/piedmont/common_voice_en_19031958.opus,piedmont
./data/macroset/en/clips/piedmont/common_voice_en_20990203.opus,piedmont
./data/macroset/en/clips/piedmont/common_voice_en_22298168.opus,piedmont
./data/macroset/en/clips/lamps/common_voice_en_18451445.opus,lamps
./data/macroset/en/clips/lamps/common_voice_en_18164382.opus,lamps
./data/macroset/en/clips/lamps/common_voice_en_21753431.opus,lamps
./data/macroset/en/clips/lamps/common_voice_en_18071410.opus,lamps
./data/macroset/en/clips/lamps/common_voice_en_17756330.opus,lamps
./data/macroset/en/clips/foster/common_voice_en_18020569.opus,foster
./data/macroset/en/clips/foster/common_voice_en_19946406.opus,foster
./data/macroset/en/clips/foster/common_voice_en_20176641.opus,foster
./data/macroset/en/clips/foster/common_voice_en_20868630.opus,foster
./data/macroset/en/clips/foster/common_voice_en_20407901.opus,foster
./data/macroset/en/clips/drunken/common_voice_en_3646.opus,drunken
./data/macroset/en/clips/drunken/common_voice_en_492766.opus,drunken
./data/macroset/en/clips/drunken/common_voice_en_19410103.opus,drunken
./data/macroset/en/clips/drunken/common_voice_en_17854007.opus,drunken
./data/macroset/en/clips/drunken/common_voice_en_17394050.opus,drunken
./data/macroset/en/clips/mighty/common_voice_en_18090858.opus,mighty
./data/macroset/en/clips/mighty/common_voice_en_17863897.opus,mighty
./data/macroset/en/clips/mighty/common_voice_en_52421.opus,mighty
./data/macroset/en/clips/mighty/common_voice_en_19113760.opus,mighty
./data/macroset/en/clips/mighty/common_voice_en_18767225.opus,mighty
./data/macroset/en/clips/wrench/common_voice_en_22466990.opus,wrench
./data/macroset/en/clips/wrench/common_voice_en_195908.opus,wrench
./data/macroset/en/clips/wrench/common_voice_en_18261007.opus,wrench
./data/macroset/en/clips/wrench/common_voice_en_616363.opus,wrench
./data/macroset/en/clips/wrench/common_voice_en_34679.opus,wrench
./data/macroset/en/clips/thought/common_voice_en_216917.opus,thought
./data/macroset/en/clips/thought/common_voice_en_19842385.opus,thought
./data/macroset/en/clips/thought/common_voice_en_18564511.opus,thought
./data/macroset/en/clips/thought/common_voice_en_83586.opus,thought
./data/macroset/en/clips/thought/common_voice_en_58008.opus,thought
./data/macroset/en/clips/wives/common_voice_en_18859046.opus,wives
./data/macroset/en/clips/wives/common_voice_en_19805163.opus,wives
./data/macroset/en/clips/wives/common_voice_en_21554970.opus,wives
./data/macroset/en/clips/wives/common_voice_en_20870523.opus,wives
./data/macroset/en/clips/wives/common_voice_en_19941960.opus,wives
./data/macroset/en/clips/assault/common_voice_en_22078772.opus,assault
./data/macroset/en/clips/assault/common_voice_en_19312667.opus,assault
./data/macroset/en/clips/assault/common_voice_en_18948203.opus,assault
./data/macroset/en/clips/assault/common_voice_en_7799564.opus,assault
./data/macroset/en/clips/assault/common_voice_en_19878409.opus,assault
./data/macroset/en/clips/hopeful/common_voice_en_45637.opus,hopeful
./data/macroset/en/clips/hopeful/common_voice_en_134463.opus,hopeful
./data/macroset/en/clips/hopeful/common_voice_en_18530381.opus,hopeful
./data/macroset/en/clips/hopeful/common_voice_en_38810.opus,hopeful
./data/macroset/en/clips/hopeful/common_voice_en_636492.opus,hopeful
./data/macroset/en/clips/citing/common_voice_en_20679990.opus,citing
./data/macroset/en/clips/citing/common_voice_en_20183744.opus,citing
./data/macroset/en/clips/citing/common_voice_en_20026352.opus,citing
./data/macroset/en/clips/citing/common_voice_en_21829705.opus,citing
./data/macroset/en/clips/citing/common_voice_en_21793567.opus,citing
./data/macroset/en/clips/staying/common_voice_en_18479356.opus,staying
./data/macroset/en/clips/staying/common_voice_en_44729.opus,staying
./data/macroset/en/clips/staying/common_voice_en_18249349.opus,staying
./data/macroset/en/clips/staying/common_voice_en_17687456.opus,staying
./data/macroset/en/clips/staying/common_voice_en_17303187.opus,staying
./data/macroset/en/clips/dirty/common_voice_en_19616669.opus,dirty
./data/macroset/en/clips/dirty/common_voice_en_42266.opus,dirty
./data/macroset/en/clips/dirty/common_voice_en_594429.opus,dirty
./data/macroset/en/clips/dirty/common_voice_en_85234.opus,dirty
./data/macroset/en/clips/dirty/common_voice_en_17739746.opus,dirty
./data/macroset/en/clips/shining/common_voice_en_20437285.opus,shining
./data/macroset/en/clips/shining/common_voice_en_18491586.opus,shining
./data/macroset/en/clips/shining/common_voice_en_136826.opus,shining
./data/macroset/en/clips/shining/common_voice_en_15286859.opus,shining
./data/macroset/en/clips/shining/common_voice_en_19783354.opus,shining
./data/macroset/en/clips/obstinate/common_voice_en_17707069.opus,obstinate
./data/macroset/en/clips/obstinate/common_voice_en_17999014.opus,obstinate
./data/macroset/en/clips/obstinate/common_voice_en_17731267.opus,obstinate
./data/macroset/en/clips/obstinate/common_voice_en_17863855.opus,obstinate
./data/macroset/en/clips/obstinate/common_voice_en_17798817.opus,obstinate
./data/macroset/en/clips/sandals/common_voice_en_17426595.opus,sandals
./data/macroset/en/clips/sandals/common_voice_en_134046.opus,sandals
./data/macroset/en/clips/sandals/common_voice_en_533903.opus,sandals
./data/macroset/en/clips/sandals/common_voice_en_512154.opus,sandals
./data/macroset/en/clips/sandals/common_voice_en_650397.opus,sandals
./data/macroset/en/clips/flattened/common_voice_en_655824.opus,flattened
./data/macroset/en/clips/flattened/common_voice_en_20322282.opus,flattened
./data/macroset/en/clips/flattened/common_voice_en_568728.opus,flattened
./data/macroset/en/clips/flattened/common_voice_en_618438.opus,flattened
./data/macroset/en/clips/flattened/common_voice_en_20187634.opus,flattened
./data/macroset/en/clips/simum/common_voice_en_637644.opus,simum
./data/macroset/en/clips/simum/common_voice_en_554446.opus,simum
./data/macroset/en/clips/simum/common_voice_en_668607.opus,simum
./data/macroset/en/clips/simum/common_voice_en_217094.opus,simum
./data/macroset/en/clips/simum/common_voice_en_659425.opus,simum
./data/macroset/en/clips/printer/common_voice_en_21690774.opus,printer
./data/macroset/en/clips/printer/common_voice_en_18456205.opus,printer
./data/macroset/en/clips/printer/common_voice_en_177258.opus,printer
./data/macroset/en/clips/printer/common_voice_en_19198961.opus,printer
./data/macroset/en/clips/printer/common_voice_en_638307.opus,printer
./data/macroset/en/clips/minerals/common_voice_en_19945963.opus,minerals
./data/macroset/en/clips/minerals/common_voice_en_21434792.opus,minerals
./data/macroset/en/clips/minerals/common_voice_en_20186371.opus,minerals
./data/macroset/en/clips/minerals/common_voice_en_20779010.opus,minerals
./data/macroset/en/clips/minerals/common_voice_en_20026186.opus,minerals
./data/macroset/en/clips/tuppy/common_voice_en_18454789.opus,tuppy
./data/macroset/en/clips/tuppy/common_voice_en_18403599.opus,tuppy
./data/macroset/en/clips/tuppy/common_voice_en_18482480.opus,tuppy
./data/macroset/en/clips/tuppy/common_voice_en_18561439.opus,tuppy
./data/macroset/en/clips/tuppy/common_voice_en_18593341.opus,tuppy
./data/macroset/en/clips/ellipses/common_voice_en_18121545.opus,ellipses
./data/macroset/en/clips/ellipses/common_voice_en_569822.opus,ellipses
./data/macroset/en/clips/ellipses/common_voice_en_20050323.opus,ellipses
./data/macroset/en/clips/ellipses/common_voice_en_17844082.opus,ellipses
./data/macroset/en/clips/ellipses/common_voice_en_17712156.opus,ellipses
./data/macroset/en/clips/adapted/common_voice_en_19536822.opus,adapted
./data/macroset/en/clips/adapted/common_voice_en_18727901.opus,adapted
./data/macroset/en/clips/adapted/common_voice_en_21712888.opus,adapted
./data/macroset/en/clips/adapted/common_voice_en_20261845.opus,adapted
./data/macroset/en/clips/adapted/common_voice_en_20424662.opus,adapted
./data/macroset/en/clips/unscrewing/common_voice_en_2724.opus,unscrewing
./data/macroset/en/clips/unscrewing/common_voice_en_90868.opus,unscrewing
./data/macroset/en/clips/unscrewing/common_voice_en_533549.opus,unscrewing
./data/macroset/en/clips/unscrewing/common_voice_en_664721.opus,unscrewing
./data/macroset/en/clips/unscrewing/common_voice_en_561842.opus,unscrewing
./data/macroset/en/clips/refers/common_voice_en_21504390.opus,refers
./data/macroset/en/clips/refers/common_voice_en_21949039.opus,refers
./data/macroset/en/clips/refers/common_voice_en_20261606.opus,refers
./data/macroset/en/clips/refers/common_voice_en_19734457.opus,refers
./data/macroset/en/clips/refers/common_voice_en_20399990.opus,refers
./data/macroset/en/clips/herald/common_voice_en_20532026.opus,herald
./data/macroset/en/clips/herald/common_voice_en_17869299.opus,herald
./data/macroset/en/clips/herald/common_voice_en_18011634.opus,herald
./data/macroset/en/clips/herald/common_voice_en_20590864.opus,herald
./data/macroset/en/clips/herald/common_voice_en_707.opus,herald
./data/macroset/en/clips/vienna/common_voice_en_21082433.opus,vienna
./data/macroset/en/clips/vienna/common_voice_en_19321752.opus,vienna
./data/macroset/en/clips/vienna/common_voice_en_20505997.opus,vienna
./data/macroset/en/clips/vienna/common_voice_en_19948547.opus,vienna
./data/macroset/en/clips/vienna/common_voice_en_19745237.opus,vienna
./data/macroset/en/clips/paralysed/common_voice_en_596074.opus,paralysed
./data/macroset/en/clips/paralysed/common_voice_en_637339.opus,paralysed
./data/macroset/en/clips/paralysed/common_voice_en_673097.opus,paralysed
./data/macroset/en/clips/paralysed/common_voice_en_70666.opus,paralysed
./data/macroset/en/clips/paralysed/common_voice_en_477493.opus,paralysed
./data/macroset/en/clips/enormous/common_voice_en_21396360.opus,enormous
./data/macroset/en/clips/enormous/common_voice_en_18978583.opus,enormous
./data/macroset/en/clips/enormous/common_voice_en_553543.opus,enormous
./data/macroset/en/clips/enormous/common_voice_en_630199.opus,enormous
./data/macroset/en/clips/enormous/common_voice_en_498870.opus,enormous
./data/macroset/en/clips/amazement/common_voice_en_17253781.opus,amazement
./data/macroset/en/clips/amazement/common_voice_en_17248396.opus,amazement
./data/macroset/en/clips/amazement/common_voice_en_17276429.opus,amazement
./data/macroset/en/clips/amazement/common_voice_en_2834221.opus,amazement
./data/macroset/en/clips/amazement/common_voice_en_18542950.opus,amazement
./data/macroset/en/clips/daytime/common_voice_en_22177649.opus,daytime
./data/macroset/en/clips/daytime/common_voice_en_22148570.opus,daytime
./data/macroset/en/clips/daytime/common_voice_en_20282873.opus,daytime
./data/macroset/en/clips/daytime/common_voice_en_22275225.opus,daytime
./data/macroset/en/clips/daytime/common_voice_en_20286949.opus,daytime
./data/macroset/en/clips/neutrality/common_voice_en_576659.opus,neutrality
./data/macroset/en/clips/neutrality/common_voice_en_663349.opus,neutrality
./data/macroset/en/clips/neutrality/common_voice_en_628656.opus,neutrality
./data/macroset/en/clips/neutrality/common_voice_en_77377.opus,neutrality
./data/macroset/en/clips/neutrality/common_voice_en_543479.opus,neutrality
./data/macroset/en/clips/corpus/common_voice_en_19967657.opus,corpus
./data/macroset/en/clips/corpus/common_voice_en_19408753.opus,corpus
./data/macroset/en/clips/corpus/common_voice_en_19515697.opus,corpus
./data/macroset/en/clips/corpus/common_voice_en_20851660.opus,corpus
./data/macroset/en/clips/corpus/common_voice_en_20621776.opus,corpus
./data/macroset/en/clips/squared/common_voice_en_18658818.opus,squared
./data/macroset/en/clips/squared/common_voice_en_18594552__2.opus,squared
./data/macroset/en/clips/squared/common_voice_en_536576.opus,squared
./data/macroset/en/clips/squared/common_voice_en_18251100.opus,squared
./data/macroset/en/clips/squared/common_voice_en_18113779.opus,squared
./data/macroset/en/clips/wetlands/common_voice_en_20040634.opus,wetlands
./data/macroset/en/clips/wetlands/common_voice_en_19916472.opus,wetlands
./data/macroset/en/clips/wetlands/common_voice_en_19131286.opus,wetlands
./data/macroset/en/clips/wetlands/common_voice_en_19476285.opus,wetlands
./data/macroset/en/clips/wetlands/common_voice_en_18745881.opus,wetlands
./data/macroset/en/clips/driving/common_voice_en_22351574.opus,driving
./data/macroset/en/clips/driving/common_voice_en_18324694.opus,driving
./data/macroset/en/clips/driving/common_voice_en_19072420.opus,driving
./data/macroset/en/clips/driving/common_voice_en_17551825.opus,driving
./data/macroset/en/clips/driving/common_voice_en_18105073.opus,driving
./data/macroset/en/clips/lamb/common_voice_en_18424615.opus,lamb
./data/macroset/en/clips/lamb/common_voice_en_17841468.opus,lamb
./data/macroset/en/clips/lamb/common_voice_en_20857049.opus,lamb
./data/macroset/en/clips/lamb/common_voice_en_18276392.opus,lamb
./data/macroset/en/clips/lamb/common_voice_en_20030467.opus,lamb
./data/macroset/en/clips/asterisk/common_voice_en_18283711.opus,asterisk
./data/macroset/en/clips/asterisk/common_voice_en_17877554.opus,asterisk
./data/macroset/en/clips/asterisk/common_voice_en_17289116.opus,asterisk
./data/macroset/en/clips/asterisk/common_voice_en_17444982.opus,asterisk
./data/macroset/en/clips/asterisk/common_voice_en_18998718.opus,asterisk
./data/macroset/en/clips/burning/common_voice_en_22142029.opus,burning
./data/macroset/en/clips/burning/common_voice_en_485260.opus,burning
./data/macroset/en/clips/burning/common_voice_en_522769.opus,burning
./data/macroset/en/clips/burning/common_voice_en_540646.opus,burning
./data/macroset/en/clips/burning/common_voice_en_19672944.opus,burning
./data/macroset/en/clips/involved/common_voice_en_19171684.opus,involved
./data/macroset/en/clips/involved/common_voice_en_20498803.opus,involved
./data/macroset/en/clips/involved/common_voice_en_20285354.opus,involved
./data/macroset/en/clips/involved/common_voice_en_19681367.opus,involved
./data/macroset/en/clips/involved/common_voice_en_684214.opus,involved
./data/macroset/en/clips/melancholy/common_voice_en_216057.opus,melancholy
./data/macroset/en/clips/melancholy/common_voice_en_655799.opus,melancholy
./data/macroset/en/clips/melancholy/common_voice_en_194901.opus,melancholy
./data/macroset/en/clips/melancholy/common_voice_en_21602020.opus,melancholy
./data/macroset/en/clips/melancholy/common_voice_en_602578.opus,melancholy
./data/macroset/en/clips/describes/common_voice_en_20449676.opus,describes
./data/macroset/en/clips/describes/common_voice_en_21681154.opus,describes
./data/macroset/en/clips/describes/common_voice_en_21404100.opus,describes
./data/macroset/en/clips/describes/common_voice_en_19748556.opus,describes
./data/macroset/en/clips/describes/common_voice_en_20380222.opus,describes
./data/macroset/en/clips/unlikely/common_voice_en_20689800.opus,unlikely
./data/macroset/en/clips/unlikely/common_voice_en_18144965.opus,unlikely
./data/macroset/en/clips/unlikely/common_voice_en_18606374.opus,unlikely
./data/macroset/en/clips/unlikely/common_voice_en_19770395.opus,unlikely
./data/macroset/en/clips/unlikely/common_voice_en_20407697.opus,unlikely
./data/macroset/en/clips/tuition/common_voice_en_20402972.opus,tuition
./data/macroset/en/clips/tuition/common_voice_en_21277270.opus,tuition
./data/macroset/en/clips/tuition/common_voice_en_20565038.opus,tuition
./data/macroset/en/clips/tuition/common_voice_en_19786880.opus,tuition
./data/macroset/en/clips/tuition/common_voice_en_21734428.opus,tuition
./data/macroset/en/clips/directly/common_voice_en_580884.opus,directly
./data/macroset/en/clips/directly/common_voice_en_20088894.opus,directly
./data/macroset/en/clips/directly/common_voice_en_21160403.opus,directly
./data/macroset/en/clips/directly/common_voice_en_20576772.opus,directly
./data/macroset/en/clips/directly/common_voice_en_587659.opus,directly
./data/macroset/en/clips/jasper/common_voice_en_17490920.opus,jasper
./data/macroset/en/clips/jasper/common_voice_en_22202653.opus,jasper
./data/macroset/en/clips/jasper/common_voice_en_17279593.opus,jasper
./data/macroset/en/clips/jasper/common_voice_en_95807.opus,jasper
./data/macroset/en/clips/jasper/common_voice_en_20442537.opus,jasper
./data/macroset/en/clips/cousins/common_voice_en_19956218.opus,cousins
./data/macroset/en/clips/cousins/common_voice_en_21181942.opus,cousins
./data/macroset/en/clips/cousins/common_voice_en_18961649.opus,cousins
./data/macroset/en/clips/cousins/common_voice_en_22103471.opus,cousins
./data/macroset/en/clips/cousins/common_voice_en_20947536.opus,cousins
./data/macroset/en/clips/layers/common_voice_en_19667395__2.opus,layers
./data/macroset/en/clips/layers/common_voice_en_17295375.opus,layers
./data/macroset/en/clips/layers/common_voice_en_19600541.opus,layers
./data/macroset/en/clips/layers/common_voice_en_20457356.opus,layers
./data/macroset/en/clips/layers/common_voice_en_17557453.opus,layers
./data/macroset/en/clips/makers/common_voice_en_20305261.opus,makers
./data/macroset/en/clips/makers/common_voice_en_19710494.opus,makers
./data/macroset/en/clips/makers/common_voice_en_19772932.opus,makers
./data/macroset/en/clips/makers/common_voice_en_20359580.opus,makers
./data/macroset/en/clips/makers/common_voice_en_20068482.opus,makers
./data/macroset/en/clips/usually/common_voice_en_496846.opus,usually
./data/macroset/en/clips/usually/common_voice_en_22216446.opus,usually
./data/macroset/en/clips/usually/common_voice_en_19311969.opus,usually
./data/macroset/en/clips/usually/common_voice_en_19696558.opus,usually
./data/macroset/en/clips/usually/common_voice_en_646233.opus,usually
./data/macroset/en/clips/cylinder/common_voice_en_699896.opus,cylinder
./data/macroset/en/clips/cylinder/common_voice_en_581736.opus,cylinder
./data/macroset/en/clips/cylinder/common_voice_en_647253.opus,cylinder
./data/macroset/en/clips/cylinder/common_voice_en_575035.opus,cylinder
./data/macroset/en/clips/cylinder/common_voice_en_503695.opus,cylinder
./data/macroset/en/clips/flour/common_voice_en_19945528.opus,flour
./data/macroset/en/clips/flour/common_voice_en_17387987.opus,flour
./data/macroset/en/clips/flour/common_voice_en_17246697.opus,flour
./data/macroset/en/clips/flour/common_voice_en_17879902.opus,flour
./data/macroset/en/clips/flour/common_voice_en_21437576.opus,flour
./data/macroset/en/clips/outfit/common_voice_en_217830.opus,outfit
./data/macroset/en/clips/outfit/common_voice_en_499767.opus,outfit
./data/macroset/en/clips/outfit/common_voice_en_505740.opus,outfit
./data/macroset/en/clips/outfit/common_voice_en_19148930.opus,outfit
./data/macroset/en/clips/outfit/common_voice_en_20661109.opus,outfit
./data/macroset/en/clips/slices/common_voice_en_17932254.opus,slices
./data/macroset/en/clips/slices/common_voice_en_20586862.opus,slices
./data/macroset/en/clips/slices/common_voice_en_8965285.opus,slices
./data/macroset/en/clips/slices/common_voice_en_17746423.opus,slices
./data/macroset/en/clips/slices/common_voice_en_1344681.opus,slices
./data/macroset/en/clips/arsenal/common_voice_en_20288588.opus,arsenal
./data/macroset/en/clips/arsenal/common_voice_en_19887756.opus,arsenal
./data/macroset/en/clips/arsenal/common_voice_en_19510807.opus,arsenal
./data/macroset/en/clips/arsenal/common_voice_en_18839202.opus,arsenal
./data/macroset/en/clips/arsenal/common_voice_en_22128751.opus,arsenal
./data/macroset/en/clips/fuse/common_voice_en_22307127.opus,fuse
./data/macroset/en/clips/fuse/common_voice_en_534953.opus,fuse
./data/macroset/en/clips/fuse/common_voice_en_615645.opus,fuse
./data/macroset/en/clips/fuse/common_voice_en_8731564.opus,fuse
./data/macroset/en/clips/fuse/common_voice_en_17534790.opus,fuse
./data/macroset/en/clips/cave/common_voice_en_17982652.opus,cave
./data/macroset/en/clips/cave/common_voice_en_18171365.opus,cave
./data/macroset/en/clips/cave/common_voice_en_19726626.opus,cave
./data/macroset/en/clips/cave/common_voice_en_20704740.opus,cave
./data/macroset/en/clips/cave/common_voice_en_18157202.opus,cave
./data/macroset/en/clips/casts/common_voice_en_18126258.opus,casts
./data/macroset/en/clips/casts/common_voice_en_288891.opus,casts
./data/macroset/en/clips/casts/common_voice_en_17372849.opus,casts
./data/macroset/en/clips/casts/common_voice_en_511599.opus,casts
./data/macroset/en/clips/casts/common_voice_en_17807529.opus,casts
./data/macroset/en/clips/adds/common_voice_en_20245217.opus,adds
./data/macroset/en/clips/adds/common_voice_en_22052591.opus,adds
./data/macroset/en/clips/adds/common_voice_en_21872529.opus,adds
./data/macroset/en/clips/adds/common_voice_en_21283179.opus,adds
./data/macroset/en/clips/adds/common_voice_en_18745121.opus,adds
./data/macroset/en/clips/queuing/common_voice_en_221583.opus,queuing
./data/macroset/en/clips/queuing/common_voice_en_64352.opus,queuing
./data/macroset/en/clips/queuing/common_voice_en_562328.opus,queuing
./data/macroset/en/clips/queuing/common_voice_en_19099887.opus,queuing
./data/macroset/en/clips/queuing/common_voice_en_189184.opus,queuing
./data/macroset/en/clips/ben/common_voice_en_564338.opus,ben
./data/macroset/en/clips/ben/common_voice_en_571034.opus,ben
./data/macroset/en/clips/ben/common_voice_en_22084149.opus,ben
./data/macroset/en/clips/ben/common_voice_en_19382335.opus,ben
./data/macroset/en/clips/ben/common_voice_en_19544955.opus,ben
./data/macroset/en/clips/learning/common_voice_en_18257530.opus,learning
./data/macroset/en/clips/learning/common_voice_en_175610.opus,learning
./data/macroset/en/clips/learning/common_voice_en_21973289.opus,learning
./data/macroset/en/clips/learning/common_voice_en_588189.opus,learning
./data/macroset/en/clips/learning/common_voice_en_20675223.opus,learning
./data/macroset/en/clips/betrayed/common_voice_en_18814066.opus,betrayed
./data/macroset/en/clips/betrayed/common_voice_en_20894618.opus,betrayed
./data/macroset/en/clips/betrayed/common_voice_en_43036.opus,betrayed
./data/macroset/en/clips/betrayed/common_voice_en_54446.opus,betrayed
./data/macroset/en/clips/betrayed/common_voice_en_493767.opus,betrayed
./data/macroset/en/clips/sets/common_voice_en_19546943.opus,sets
./data/macroset/en/clips/sets/common_voice_en_20670305.opus,sets
./data/macroset/en/clips/sets/common_voice_en_614266.opus,sets
./data/macroset/en/clips/sets/common_voice_en_18074563.opus,sets
./data/macroset/en/clips/sets/common_voice_en_19809098.opus,sets
./data/macroset/en/clips/towards/common_voice_en_18931253.opus,towards
./data/macroset/en/clips/towards/common_voice_en_590539.opus,towards
./data/macroset/en/clips/towards/common_voice_en_653299.opus,towards
./data/macroset/en/clips/towards/common_voice_en_20924478.opus,towards
./data/macroset/en/clips/towards/common_voice_en_489030.opus,towards
./data/macroset/en/clips/damaged/common_voice_en_22432444.opus,damaged
./data/macroset/en/clips/damaged/common_voice_en_20858527.opus,damaged
./data/macroset/en/clips/damaged/common_voice_en_21763890.opus,damaged
./data/macroset/en/clips/damaged/common_voice_en_20796093.opus,damaged
./data/macroset/en/clips/damaged/common_voice_en_19869722.opus,damaged
./data/macroset/en/clips/filed/common_voice_en_20234485.opus,filed
./data/macroset/en/clips/filed/common_voice_en_19777658.opus,filed
./data/macroset/en/clips/filed/common_voice_en_20801347.opus,filed
./data/macroset/en/clips/filed/common_voice_en_21021465.opus,filed
./data/macroset/en/clips/filed/common_voice_en_21795095.opus,filed
./data/macroset/en/clips/puts/common_voice_en_22377654.opus,puts
./data/macroset/en/clips/puts/common_voice_en_18122313.opus,puts
./data/macroset/en/clips/puts/common_voice_en_665690.opus,puts
./data/macroset/en/clips/puts/common_voice_en_654396.opus,puts
./data/macroset/en/clips/puts/common_voice_en_19355169.opus,puts
./data/macroset/en/clips/portuguese/common_voice_en_20380271.opus,portuguese
./data/macroset/en/clips/portuguese/common_voice_en_617533.opus,portuguese
./data/macroset/en/clips/portuguese/common_voice_en_22400522.opus,portuguese
./data/macroset/en/clips/portuguese/common_voice_en_20162411.opus,portuguese
./data/macroset/en/clips/portuguese/common_voice_en_20643065.opus,portuguese
./data/macroset/en/clips/trumpets/common_voice_en_17390307.opus,trumpets
./data/macroset/en/clips/trumpets/common_voice_en_93025.opus,trumpets
./data/macroset/en/clips/trumpets/common_voice_en_652122.opus,trumpets
./data/macroset/en/clips/trumpets/common_voice_en_17685960.opus,trumpets
./data/macroset/en/clips/trumpets/common_voice_en_17283775.opus,trumpets
./data/macroset/en/clips/lively/common_voice_en_20288937.opus,lively
./data/macroset/en/clips/lively/common_voice_en_22180676.opus,lively
./data/macroset/en/clips/lively/common_voice_en_20523361.opus,lively
./data/macroset/en/clips/lively/common_voice_en_21081005.opus,lively
./data/macroset/en/clips/lively/common_voice_en_20120914.opus,lively
./data/macroset/en/clips/hatred/common_voice_en_17957429.opus,hatred
./data/macroset/en/clips/hatred/common_voice_en_18597232.opus,hatred
./data/macroset/en/clips/hatred/common_voice_en_20880741.opus,hatred
./data/macroset/en/clips/hatred/common_voice_en_19370452.opus,hatred
./data/macroset/en/clips/hatred/common_voice_en_18545456.opus,hatred
./data/macroset/en/clips/antelope/common_voice_en_490912.opus,antelope
./data/macroset/en/clips/antelope/common_voice_en_99060.opus,antelope
./data/macroset/en/clips/antelope/common_voice_en_219431.opus,antelope
./data/macroset/en/clips/antelope/common_voice_en_617172.opus,antelope
./data/macroset/en/clips/antelope/common_voice_en_21340690.opus,antelope
./data/macroset/en/clips/fed/common_voice_en_18419442.opus,fed
./data/macroset/en/clips/fed/common_voice_en_18501162.opus,fed
./data/macroset/en/clips/fed/common_voice_en_20187702.opus,fed
./data/macroset/en/clips/fed/common_voice_en_191565.opus,fed
./data/macroset/en/clips/fed/common_voice_en_695011.opus,fed
./data/macroset/en/clips/snacking/common_voice_en_651101.opus,snacking
./data/macroset/en/clips/snacking/common_voice_en_630296.opus,snacking
./data/macroset/en/clips/snacking/common_voice_en_551465.opus,snacking
./data/macroset/en/clips/snacking/common_voice_en_200810.opus,snacking
./data/macroset/en/clips/snacking/common_voice_en_662257.opus,snacking
./data/macroset/en/clips/halls/common_voice_en_20018444.opus,halls
./data/macroset/en/clips/halls/common_voice_en_20580994.opus,halls
./data/macroset/en/clips/halls/common_voice_en_20258415.opus,halls
./data/macroset/en/clips/halls/common_voice_en_21269389.opus,halls
./data/macroset/en/clips/halls/common_voice_en_18699992.opus,halls
./data/macroset/en/clips/sunk/common_voice_en_21850831.opus,sunk
./data/macroset/en/clips/sunk/common_voice_en_21753406.opus,sunk
./data/macroset/en/clips/sunk/common_voice_en_20460685.opus,sunk
./data/macroset/en/clips/sunk/common_voice_en_18557190.opus,sunk
./data/macroset/en/clips/sunk/common_voice_en_19357070.opus,sunk
./data/macroset/en/clips/generating/common_voice_en_21528405.opus,generating
./data/macroset/en/clips/generating/common_voice_en_22061070.opus,generating
./data/macroset/en/clips/generating/common_voice_en_21045990.opus,generating
./data/macroset/en/clips/generating/common_voice_en_20863348.opus,generating
./data/macroset/en/clips/generating/common_voice_en_19289009.opus,generating
./data/macroset/en/clips/catchy/common_voice_en_17268842.opus,catchy
./data/macroset/en/clips/catchy/common_voice_en_17268599.opus,catchy
./data/macroset/en/clips/catchy/common_voice_en_17294171.opus,catchy
./data/macroset/en/clips/catchy/common_voice_en_17561816.opus,catchy
./data/macroset/en/clips/catchy/common_voice_en_17252177.opus,catchy
./data/macroset/en/clips/texts/common_voice_en_90633.opus,texts
./data/macroset/en/clips/texts/common_voice_en_19036249.opus,texts
./data/macroset/en/clips/texts/common_voice_en_20746140.opus,texts
./data/macroset/en/clips/texts/common_voice_en_500490.opus,texts
./data/macroset/en/clips/texts/common_voice_en_20880420.opus,texts
./data/macroset/en/clips/airfield/common_voice_en_20442252.opus,airfield
./data/macroset/en/clips/airfield/common_voice_en_19201525.opus,airfield
./data/macroset/en/clips/airfield/common_voice_en_19757495.opus,airfield
./data/macroset/en/clips/airfield/common_voice_en_21375930__2.opus,airfield
./data/macroset/en/clips/airfield/common_voice_en_19595851.opus,airfield
./data/macroset/en/clips/solar/common_voice_en_17848892.opus,solar
./data/macroset/en/clips/solar/common_voice_en_18768340.opus,solar
./data/macroset/en/clips/solar/common_voice_en_17932889.opus,solar
./data/macroset/en/clips/solar/common_voice_en_18945612.opus,solar
./data/macroset/en/clips/solar/common_voice_en_501789.opus,solar
./data/macroset/en/clips/aboard/common_voice_en_19652483.opus,aboard
./data/macroset/en/clips/aboard/common_voice_en_22429793.opus,aboard
./data/macroset/en/clips/aboard/common_voice_en_21796563.opus,aboard
./data/macroset/en/clips/aboard/common_voice_en_21696186.opus,aboard
./data/macroset/en/clips/aboard/common_voice_en_18934485.opus,aboard
./data/macroset/en/clips/diapers/common_voice_en_524081.opus,diapers
./data/macroset/en/clips/diapers/common_voice_en_597169.opus,diapers
./data/macroset/en/clips/diapers/common_voice_en_681357.opus,diapers
./data/macroset/en/clips/diapers/common_voice_en_535207.opus,diapers
./data/macroset/en/clips/diapers/common_voice_en_210813.opus,diapers
./data/macroset/en/clips/championships/common_voice_en_22043028.opus,championships
./data/macroset/en/clips/championships/common_voice_en_20279975.opus,championships
./data/macroset/en/clips/championships/common_voice_en_19819946.opus,championships
./data/macroset/en/clips/championships/common_voice_en_21370644.opus,championships
./data/macroset/en/clips/championships/common_voice_en_20057368.opus,championships
./data/macroset/en/clips/sister/common_voice_en_19322027.opus,sister
./data/macroset/en/clips/sister/common_voice_en_20623210.opus,sister
./data/macroset/en/clips/sister/common_voice_en_616094.opus,sister
./data/macroset/en/clips/sister/common_voice_en_35089.opus,sister
./data/macroset/en/clips/sister/common_voice_en_18707537.opus,sister
./data/macroset/en/clips/reserves/common_voice_en_19744409.opus,reserves
./data/macroset/en/clips/reserves/common_voice_en_20990340.opus,reserves
./data/macroset/en/clips/reserves/common_voice_en_18985564.opus,reserves
./data/macroset/en/clips/reserves/common_voice_en_22346311.opus,reserves
./data/macroset/en/clips/reserves/common_voice_en_19188179.opus,reserves
./data/macroset/en/clips/fashioned/common_voice_en_18085478.opus,fashioned
./data/macroset/en/clips/fashioned/common_voice_en_20008247.opus,fashioned
./data/macroset/en/clips/fashioned/common_voice_en_21574360.opus,fashioned
./data/macroset/en/clips/fashioned/common_voice_en_418324.opus,fashioned
./data/macroset/en/clips/fashioned/common_voice_en_94980.opus,fashioned
./data/macroset/en/clips/massage/common_voice_en_18324980.opus,massage
./data/macroset/en/clips/massage/common_voice_en_17403010.opus,massage
./data/macroset/en/clips/massage/common_voice_en_18183291.opus,massage
./data/macroset/en/clips/massage/common_voice_en_18041779.opus,massage
./data/macroset/en/clips/massage/common_voice_en_19967595.opus,massage
./data/macroset/en/clips/fallen/common_voice_en_209548.opus,fallen
./data/macroset/en/clips/fallen/common_voice_en_19521126.opus,fallen
./data/macroset/en/clips/fallen/common_voice_en_204296.opus,fallen
./data/macroset/en/clips/fallen/common_voice_en_64267.opus,fallen
./data/macroset/en/clips/fallen/common_voice_en_18743833.opus,fallen
./data/macroset/en/clips/break/common_voice_en_36183.opus,break
./data/macroset/en/clips/break/common_voice_en_18062155.opus,break
./data/macroset/en/clips/break/common_voice_en_652275.opus,break
./data/macroset/en/clips/break/common_voice_en_489753.opus,break
./data/macroset/en/clips/break/common_voice_en_18510698.opus,break
./data/macroset/en/clips/perth/common_voice_en_20782128.opus,perth
./data/macroset/en/clips/perth/common_voice_en_19637478.opus,perth
./data/macroset/en/clips/perth/common_voice_en_19745209.opus,perth
./data/macroset/en/clips/perth/common_voice_en_21082106.opus,perth
./data/macroset/en/clips/perth/common_voice_en_19795936.opus,perth
./data/macroset/en/clips/video/common_voice_en_19972416.opus,video
./data/macroset/en/clips/video/common_voice_en_20990055.opus,video
./data/macroset/en/clips/video/common_voice_en_20938701.opus,video
./data/macroset/en/clips/video/common_voice_en_22305106.opus,video
./data/macroset/en/clips/video/common_voice_en_19389456.opus,video
./data/macroset/en/clips/poodle/common_voice_en_562907.opus,poodle
./data/macroset/en/clips/poodle/common_voice_en_63732.opus,poodle
./data/macroset/en/clips/poodle/common_voice_en_566513.opus,poodle
./data/macroset/en/clips/poodle/common_voice_en_47789.opus,poodle
./data/macroset/en/clips/poodle/common_voice_en_8955.opus,poodle
./data/macroset/en/clips/strings/common_voice_en_19867786.opus,strings
./data/macroset/en/clips/strings/common_voice_en_20292255.opus,strings
./data/macroset/en/clips/strings/common_voice_en_19841640.opus,strings
./data/macroset/en/clips/strings/common_voice_en_19246462.opus,strings
./data/macroset/en/clips/strings/common_voice_en_17734106.opus,strings
./data/macroset/en/clips/rodin/common_voice_en_194232.opus,rodin
./data/macroset/en/clips/rodin/common_voice_en_579675.opus,rodin
./data/macroset/en/clips/rodin/common_voice_en_619851.opus,rodin
./data/macroset/en/clips/rodin/common_voice_en_193214.opus,rodin
./data/macroset/en/clips/rodin/common_voice_en_86924.opus,rodin
./data/macroset/en/clips/told/common_voice_en_97045.opus,told
./data/macroset/en/clips/told/common_voice_en_669434.opus,told
./data/macroset/en/clips/told/common_voice_en_102070.opus,told
./data/macroset/en/clips/told/common_voice_en_645314.opus,told
./data/macroset/en/clips/told/common_voice_en_580078.opus,told
./data/macroset/en/clips/done/common_voice_en_166316.opus,done
./data/macroset/en/clips/done/common_voice_en_18880331.opus,done
./data/macroset/en/clips/done/common_voice_en_18113872.opus,done
./data/macroset/en/clips/done/common_voice_en_500568.opus,done
./data/macroset/en/clips/done/common_voice_en_588964.opus,done
./data/macroset/en/clips/colored/common_voice_en_22309446.opus,colored
./data/macroset/en/clips/colored/common_voice_en_22247885.opus,colored
./data/macroset/en/clips/colored/common_voice_en_17872909.opus,colored
./data/macroset/en/clips/colored/common_voice_en_567597.opus,colored
./data/macroset/en/clips/colored/common_voice_en_20110294.opus,colored
./data/macroset/en/clips/boarding/common_voice_en_494805.opus,boarding
./data/macroset/en/clips/boarding/common_voice_en_19254275.opus,boarding
./data/macroset/en/clips/boarding/common_voice_en_20253050.opus,boarding
./data/macroset/en/clips/boarding/common_voice_en_20894734.opus,boarding
./data/macroset/en/clips/boarding/common_voice_en_654125.opus,boarding
./data/macroset/en/clips/distracted/common_voice_en_49609.opus,distracted
./data/macroset/en/clips/distracted/common_voice_en_62274.opus,distracted
./data/macroset/en/clips/distracted/common_voice_en_666937.opus,distracted
./data/macroset/en/clips/distracted/common_voice_en_76461.opus,distracted
./data/macroset/en/clips/distracted/common_voice_en_586312.opus,distracted
./data/macroset/en/clips/derek/common_voice_en_20035332.opus,derek
./data/macroset/en/clips/derek/common_voice_en_512761.opus,derek
./data/macroset/en/clips/derek/common_voice_en_60091.opus,derek
./data/macroset/en/clips/derek/common_voice_en_38993.opus,derek
./data/macroset/en/clips/derek/common_voice_en_21901782.opus,derek
./data/macroset/en/clips/humming/common_voice_en_68070.opus,humming
./data/macroset/en/clips/humming/common_voice_en_95330.opus,humming
./data/macroset/en/clips/humming/common_voice_en_661276.opus,humming
./data/macroset/en/clips/humming/common_voice_en_555839.opus,humming
./data/macroset/en/clips/humming/common_voice_en_40227.opus,humming
./data/macroset/en/clips/glaciers/common_voice_en_48922.opus,glaciers
./data/macroset/en/clips/glaciers/common_voice_en_22305477.opus,glaciers
./data/macroset/en/clips/glaciers/common_voice_en_262742.opus,glaciers
./data/macroset/en/clips/glaciers/common_voice_en_656895.opus,glaciers
./data/macroset/en/clips/glaciers/common_voice_en_22023698.opus,glaciers
./data/macroset/en/clips/century/common_voice_en_18165331.opus,century
./data/macroset/en/clips/century/common_voice_en_17705622.opus,century
./data/macroset/en/clips/century/common_voice_en_20975042.opus,century
./data/macroset/en/clips/century/common_voice_en_21802845.opus,century
./data/macroset/en/clips/century/common_voice_en_18403564.opus,century
./data/macroset/en/clips/gas/common_voice_en_196770.opus,gas
./data/macroset/en/clips/gas/common_voice_en_670535.opus,gas
./data/macroset/en/clips/gas/common_voice_en_19659155.opus,gas
./data/macroset/en/clips/gas/common_voice_en_568602.opus,gas
./data/macroset/en/clips/gas/common_voice_en_20281753.opus,gas
./data/macroset/en/clips/federal/common_voice_en_22257074.opus,federal
./data/macroset/en/clips/federal/common_voice_en_20068593.opus,federal
./data/macroset/en/clips/federal/common_voice_en_22328490.opus,federal
./data/macroset/en/clips/federal/common_voice_en_20623481.opus,federal
./data/macroset/en/clips/federal/common_voice_en_20960497.opus,federal
./data/macroset/en/clips/batsman/common_voice_en_21313241.opus,batsman
./data/macroset/en/clips/batsman/common_voice_en_20000217.opus,batsman
./data/macroset/en/clips/batsman/common_voice_en_21843157.opus,batsman
./data/macroset/en/clips/batsman/common_voice_en_20196266.opus,batsman
./data/macroset/en/clips/batsman/common_voice_en_20844708.opus,batsman
./data/macroset/en/clips/yes/common_voice_en_21940957.opus,yes
./data/macroset/en/clips/yes/common_voice_en_21953545.opus,yes
./data/macroset/en/clips/yes/common_voice_en_17263449.opus,yes
./data/macroset/en/clips/yes/common_voice_en_22003294.opus,yes
./data/macroset/en/clips/yes/common_voice_en_41045.opus,yes
./data/macroset/en/clips/reduced/common_voice_en_21021419.opus,reduced
./data/macroset/en/clips/reduced/common_voice_en_21628221.opus,reduced
./data/macroset/en/clips/reduced/common_voice_en_21489203.opus,reduced
./data/macroset/en/clips/reduced/common_voice_en_19791827.opus,reduced
./data/macroset/en/clips/reduced/common_voice_en_20698965.opus,reduced
./data/macroset/en/clips/omar/common_voice_en_494967.opus,omar
./data/macroset/en/clips/omar/common_voice_en_21374410.opus,omar
./data/macroset/en/clips/omar/common_voice_en_576691.opus,omar
./data/macroset/en/clips/omar/common_voice_en_17295327.opus,omar
./data/macroset/en/clips/omar/common_voice_en_17263114.opus,omar
./data/macroset/en/clips/uniformly/common_voice_en_20498343.opus,uniformly
./data/macroset/en/clips/uniformly/common_voice_en_575823.opus,uniformly
./data/macroset/en/clips/uniformly/common_voice_en_608762.opus,uniformly
./data/macroset/en/clips/uniformly/common_voice_en_197824.opus,uniformly
./data/macroset/en/clips/uniformly/common_voice_en_687723.opus,uniformly
./data/macroset/en/clips/trademark/common_voice_en_20162404__2.opus,trademark
./data/macroset/en/clips/trademark/common_voice_en_17520209.opus,trademark
./data/macroset/en/clips/trademark/common_voice_en_19562936.opus,trademark
./data/macroset/en/clips/trademark/common_voice_en_21429356.opus,trademark
./data/macroset/en/clips/trademark/common_voice_en_20109857.opus,trademark
./data/macroset/en/clips/from/common_voice_en_645690.opus,from
./data/macroset/en/clips/from/common_voice_en_19757825.opus,from
./data/macroset/en/clips/from/common_voice_en_647164.opus,from
./data/macroset/en/clips/from/common_voice_en_161348.opus,from
./data/macroset/en/clips/from/common_voice_en_21758641.opus,from
./data/macroset/en/clips/pits/common_voice_en_62459.opus,pits
./data/macroset/en/clips/pits/common_voice_en_19759074.opus,pits
./data/macroset/en/clips/pits/common_voice_en_67699.opus,pits
./data/macroset/en/clips/pits/common_voice_en_581020.opus,pits
./data/macroset/en/clips/pits/common_voice_en_42534.opus,pits
./data/macroset/en/clips/runway/common_voice_en_650829.opus,runway
./data/macroset/en/clips/runway/common_voice_en_626283.opus,runway
./data/macroset/en/clips/runway/common_voice_en_20896616.opus,runway
./data/macroset/en/clips/runway/common_voice_en_20232455.opus,runway
./data/macroset/en/clips/runway/common_voice_en_81681.opus,runway
./data/macroset/en/clips/accomplice/common_voice_en_18570796.opus,accomplice
./data/macroset/en/clips/accomplice/common_voice_en_22196701.opus,accomplice
./data/macroset/en/clips/accomplice/common_voice_en_18061459.opus,accomplice
./data/macroset/en/clips/accomplice/common_voice_en_20074821.opus,accomplice
./data/macroset/en/clips/accomplice/common_voice_en_17844231.opus,accomplice
./data/macroset/en/clips/reed/common_voice_en_19714019.opus,reed
./data/macroset/en/clips/reed/common_voice_en_18826500.opus,reed
./data/macroset/en/clips/reed/common_voice_en_19825526__2.opus,reed
./data/macroset/en/clips/reed/common_voice_en_20785216.opus,reed
./data/macroset/en/clips/reed/common_voice_en_21876453.opus,reed
./data/macroset/en/clips/plush/common_voice_en_317005.opus,plush
./data/macroset/en/clips/plush/common_voice_en_17893969.opus,plush
./data/macroset/en/clips/plush/common_voice_en_17986051.opus,plush
./data/macroset/en/clips/plush/common_voice_en_356956.opus,plush
./data/macroset/en/clips/plush/common_voice_en_18150003.opus,plush
./data/macroset/en/clips/thai/common_voice_en_20543570.opus,thai
./data/macroset/en/clips/thai/common_voice_en_19746048.opus,thai
./data/macroset/en/clips/thai/common_voice_en_19389740.opus,thai
./data/macroset/en/clips/thai/common_voice_en_22123683.opus,thai
./data/macroset/en/clips/thai/common_voice_en_19909671.opus,thai
./data/macroset/en/clips/tension/common_voice_en_22351686.opus,tension
./data/macroset/en/clips/tension/common_voice_en_18496441.opus,tension
./data/macroset/en/clips/tension/common_voice_en_20636102.opus,tension
./data/macroset/en/clips/tension/common_voice_en_20027642.opus,tension
./data/macroset/en/clips/tension/common_voice_en_18878728.opus,tension
./data/macroset/en/clips/favor/common_voice_en_19995459.opus,favor
./data/macroset/en/clips/favor/common_voice_en_19751116.opus,favor
./data/macroset/en/clips/favor/common_voice_en_76713.opus,favor
./data/macroset/en/clips/favor/common_voice_en_699550.opus,favor
./data/macroset/en/clips/favor/common_voice_en_629574.opus,favor
./data/macroset/en/clips/attempted/common_voice_en_20005415.opus,attempted
./data/macroset/en/clips/attempted/common_voice_en_19520078.opus,attempted
./data/macroset/en/clips/attempted/common_voice_en_19672834.opus,attempted
./data/macroset/en/clips/attempted/common_voice_en_18924445.opus,attempted
./data/macroset/en/clips/attempted/common_voice_en_18752329.opus,attempted
./data/macroset/en/clips/jose/common_voice_en_22304736.opus,jose
./data/macroset/en/clips/jose/common_voice_en_19600096.opus,jose
./data/macroset/en/clips/jose/common_voice_en_19152215.opus,jose
./data/macroset/en/clips/jose/common_voice_en_22018775.opus,jose
./data/macroset/en/clips/jose/common_voice_en_22387032.opus,jose
./data/macroset/en/clips/scattering/common_voice_en_18166009.opus,scattering
./data/macroset/en/clips/scattering/common_voice_en_20351308.opus,scattering
./data/macroset/en/clips/scattering/common_voice_en_19630571.opus,scattering
./data/macroset/en/clips/scattering/common_voice_en_18817872.opus,scattering
./data/macroset/en/clips/scattering/common_voice_en_19350609.opus,scattering
./data/macroset/en/clips/pipes/common_voice_en_20976198.opus,pipes
./data/macroset/en/clips/pipes/common_voice_en_612499.opus,pipes
./data/macroset/en/clips/pipes/common_voice_en_469298.opus,pipes
./data/macroset/en/clips/pipes/common_voice_en_18094834.opus,pipes
./data/macroset/en/clips/pipes/common_voice_en_19389198.opus,pipes
./data/macroset/en/clips/robbers/common_voice_en_648405.opus,robbers
./data/macroset/en/clips/robbers/common_voice_en_17957925.opus,robbers
./data/macroset/en/clips/robbers/common_voice_en_19569915.opus,robbers
./data/macroset/en/clips/robbers/common_voice_en_17734.opus,robbers
./data/macroset/en/clips/robbers/common_voice_en_17817375.opus,robbers
./data/macroset/en/clips/spill/common_voice_en_213488.opus,spill
./data/macroset/en/clips/spill/common_voice_en_52433.opus,spill
./data/macroset/en/clips/spill/common_voice_en_17403289.opus,spill
./data/macroset/en/clips/spill/common_voice_en_90021.opus,spill
./data/macroset/en/clips/spill/common_voice_en_11820651.opus,spill
./data/macroset/en/clips/additionally/common_voice_en_21352466.opus,additionally
./data/macroset/en/clips/additionally/common_voice_en_22432769.opus,additionally
./data/macroset/en/clips/additionally/common_voice_en_21917627.opus,additionally
./data/macroset/en/clips/additionally/common_voice_en_19026389.opus,additionally
./data/macroset/en/clips/additionally/common_voice_en_22012056.opus,additionally
./data/macroset/en/clips/laurel/common_voice_en_20858495.opus,laurel
./data/macroset/en/clips/laurel/common_voice_en_22095403.opus,laurel
./data/macroset/en/clips/laurel/common_voice_en_20386779.opus,laurel
./data/macroset/en/clips/laurel/common_voice_en_20779767.opus,laurel
./data/macroset/en/clips/laurel/common_voice_en_18861759.opus,laurel
./data/macroset/en/clips/untaped/common_voice_en_46280.opus,untaped
./data/macroset/en/clips/untaped/common_voice_en_499009.opus,untaped
./data/macroset/en/clips/untaped/common_voice_en_190882.opus,untaped
./data/macroset/en/clips/untaped/common_voice_en_201096.opus,untaped
./data/macroset/en/clips/untaped/common_voice_en_479887.opus,untaped
./data/macroset/en/clips/parts/common_voice_en_20112415.opus,parts
./data/macroset/en/clips/parts/common_voice_en_18954754.opus,parts
./data/macroset/en/clips/parts/common_voice_en_216787.opus,parts
./data/macroset/en/clips/parts/common_voice_en_19317447.opus,parts
./data/macroset/en/clips/parts/common_voice_en_21529285.opus,parts
./data/macroset/en/clips/unresting/common_voice_en_17405301.opus,unresting
./data/macroset/en/clips/unresting/common_voice_en_17280438.opus,unresting
./data/macroset/en/clips/unresting/common_voice_en_17851026.opus,unresting
./data/macroset/en/clips/unresting/common_voice_en_17294303.opus,unresting
./data/macroset/en/clips/unresting/common_voice_en_622698.opus,unresting
./data/macroset/en/clips/bucks/common_voice_en_695677.opus,bucks
./data/macroset/en/clips/bucks/common_voice_en_46855.opus,bucks
./data/macroset/en/clips/bucks/common_voice_en_95363.opus,bucks
./data/macroset/en/clips/bucks/common_voice_en_548338.opus,bucks
./data/macroset/en/clips/bucks/common_voice_en_96552.opus,bucks
./data/macroset/en/clips/engineers/common_voice_en_20292481.opus,engineers
./data/macroset/en/clips/engineers/common_voice_en_21281721.opus,engineers
./data/macroset/en/clips/engineers/common_voice_en_18899776.opus,engineers
./data/macroset/en/clips/engineers/common_voice_en_19185187.opus,engineers
./data/macroset/en/clips/engineers/common_voice_en_21297253.opus,engineers
./data/macroset/en/clips/stalking/common_voice_en_5559135.opus,stalking
./data/macroset/en/clips/stalking/common_voice_en_18144627.opus,stalking
./data/macroset/en/clips/stalking/common_voice_en_18510773.opus,stalking
./data/macroset/en/clips/stalking/common_voice_en_18931993.opus,stalking
./data/macroset/en/clips/stalking/common_voice_en_444750.opus,stalking
./data/macroset/en/clips/sensor/common_voice_en_19511625.opus,sensor
./data/macroset/en/clips/sensor/common_voice_en_17264747.opus,sensor
./data/macroset/en/clips/sensor/common_voice_en_17246840.opus,sensor
./data/macroset/en/clips/sensor/common_voice_en_19129334.opus,sensor
./data/macroset/en/clips/sensor/common_voice_en_20027013.opus,sensor
./data/macroset/en/clips/pineapple/common_voice_en_563434.opus,pineapple
./data/macroset/en/clips/pineapple/common_voice_en_218991.opus,pineapple
./data/macroset/en/clips/pineapple/common_voice_en_17294073.opus,pineapple
./data/macroset/en/clips/pineapple/common_voice_en_18943578.opus,pineapple
./data/macroset/en/clips/pineapple/common_voice_en_506900.opus,pineapple
./data/macroset/en/clips/similarly/common_voice_en_22023996.opus,similarly
./data/macroset/en/clips/similarly/common_voice_en_20424516.opus,similarly
./data/macroset/en/clips/similarly/common_voice_en_20650716.opus,similarly
./data/macroset/en/clips/similarly/common_voice_en_22267863.opus,similarly
./data/macroset/en/clips/similarly/common_voice_en_21917609.opus,similarly
./data/macroset/en/clips/cohen/common_voice_en_22292555__2.opus,cohen
./data/macroset/en/clips/cohen/common_voice_en_20878560.opus,cohen
./data/macroset/en/clips/cohen/common_voice_en_19080161.opus,cohen
./data/macroset/en/clips/cohen/common_voice_en_19728841.opus,cohen
./data/macroset/en/clips/cohen/common_voice_en_22245964.opus,cohen
./data/macroset/en/clips/sigh/common_voice_en_17312168.opus,sigh
./data/macroset/en/clips/sigh/common_voice_en_17331600.opus,sigh
./data/macroset/en/clips/sigh/common_voice_en_17884854.opus,sigh
./data/macroset/en/clips/sigh/common_voice_en_17396741.opus,sigh
./data/macroset/en/clips/sigh/common_voice_en_17675113.opus,sigh
./data/macroset/en/clips/allergic/common_voice_en_694342.opus,allergic
./data/macroset/en/clips/allergic/common_voice_en_543822.opus,allergic
./data/macroset/en/clips/allergic/common_voice_en_18277245.opus,allergic
./data/macroset/en/clips/allergic/common_voice_en_19710919.opus,allergic
./data/macroset/en/clips/allergic/common_voice_en_78532.opus,allergic
./data/macroset/en/clips/pierce/common_voice_en_20498531.opus,pierce
./data/macroset/en/clips/pierce/common_voice_en_21379783.opus,pierce
./data/macroset/en/clips/pierce/common_voice_en_22210692.opus,pierce
./data/macroset/en/clips/pierce/common_voice_en_21790571.opus,pierce
./data/macroset/en/clips/pierce/common_voice_en_22150557.opus,pierce
./data/macroset/en/clips/texture/common_voice_en_43099.opus,texture
./data/macroset/en/clips/texture/common_voice_en_19709780.opus,texture
./data/macroset/en/clips/texture/common_voice_en_17411290.opus,texture
./data/macroset/en/clips/texture/common_voice_en_20993335__2.opus,texture
./data/macroset/en/clips/texture/common_voice_en_17380958.opus,texture
./data/macroset/en/clips/norfolk/common_voice_en_21445457.opus,norfolk
./data/macroset/en/clips/norfolk/common_voice_en_19677245.opus,norfolk
./data/macroset/en/clips/norfolk/common_voice_en_20973616.opus,norfolk
./data/macroset/en/clips/norfolk/common_voice_en_22282193.opus,norfolk
./data/macroset/en/clips/norfolk/common_voice_en_19428474.opus,norfolk
./data/macroset/en/clips/bills/common_voice_en_21349176.opus,bills
./data/macroset/en/clips/bills/common_voice_en_89172.opus,bills
./data/macroset/en/clips/bills/common_voice_en_198498.opus,bills
./data/macroset/en/clips/bills/common_voice_en_21736882.opus,bills
./data/macroset/en/clips/bills/common_voice_en_19322810.opus,bills
./data/macroset/en/clips/surgical/common_voice_en_20014814.opus,surgical
./data/macroset/en/clips/surgical/common_voice_en_21162545.opus,surgical
./data/macroset/en/clips/surgical/common_voice_en_19999877.opus,surgical
./data/macroset/en/clips/surgical/common_voice_en_20846889.opus,surgical
./data/macroset/en/clips/surgical/common_voice_en_19650849.opus,surgical
./data/macroset/en/clips/flow/common_voice_en_22012252.opus,flow
./data/macroset/en/clips/flow/common_voice_en_20178013.opus,flow
./data/macroset/en/clips/flow/common_voice_en_19679899.opus,flow
./data/macroset/en/clips/flow/common_voice_en_19072337.opus,flow
./data/macroset/en/clips/flow/common_voice_en_19497904.opus,flow
./data/macroset/en/clips/encyclopedia/common_voice_en_19624804.opus,encyclopedia
./data/macroset/en/clips/encyclopedia/common_voice_en_17376478.opus,encyclopedia
./data/macroset/en/clips/encyclopedia/common_voice_en_19984338.opus,encyclopedia
./data/macroset/en/clips/encyclopedia/common_voice_en_220603.opus,encyclopedia
./data/macroset/en/clips/encyclopedia/common_voice_en_20456278.opus,encyclopedia
./data/macroset/en/clips/survive/common_voice_en_20381503.opus,survive
./data/macroset/en/clips/survive/common_voice_en_20386969.opus,survive
./data/macroset/en/clips/survive/common_voice_en_19613202.opus,survive
./data/macroset/en/clips/survive/common_voice_en_19684870.opus,survive
./data/macroset/en/clips/survive/common_voice_en_19886370.opus,survive
./data/macroset/en/clips/waterfront/common_voice_en_191801.opus,waterfront
./data/macroset/en/clips/waterfront/common_voice_en_20174794.opus,waterfront
./data/macroset/en/clips/waterfront/common_voice_en_625096.opus,waterfront
./data/macroset/en/clips/waterfront/common_voice_en_19267852.opus,waterfront
./data/macroset/en/clips/waterfront/common_voice_en_20116788.opus,waterfront
./data/macroset/en/clips/sponsors/common_voice_en_21103928.opus,sponsors
./data/macroset/en/clips/sponsors/common_voice_en_20267429.opus,sponsors
./data/macroset/en/clips/sponsors/common_voice_en_19658813.opus,sponsors
./data/macroset/en/clips/sponsors/common_voice_en_20188178.opus,sponsors
./data/macroset/en/clips/sponsors/common_voice_en_21151509.opus,sponsors
./data/macroset/en/clips/thanked/common_voice_en_578588.opus,thanked
./data/macroset/en/clips/thanked/common_voice_en_697811.opus,thanked
./data/macroset/en/clips/thanked/common_voice_en_520735.opus,thanked
./data/macroset/en/clips/thanked/common_voice_en_515637.opus,thanked
./data/macroset/en/clips/thanked/common_voice_en_586231.opus,thanked
./data/macroset/en/clips/thy/common_voice_en_18101464.opus,thy
./data/macroset/en/clips/thy/common_voice_en_18036839.opus,thy
./data/macroset/en/clips/thy/common_voice_en_18134701.opus,thy
./data/macroset/en/clips/thy/common_voice_en_18172949.opus,thy
./data/macroset/en/clips/thy/common_voice_en_21345581.opus,thy
./data/macroset/en/clips/secrets/common_voice_en_577759.opus,secrets
./data/macroset/en/clips/secrets/common_voice_en_603597.opus,secrets
./data/macroset/en/clips/secrets/common_voice_en_565526.opus,secrets
./data/macroset/en/clips/secrets/common_voice_en_58502.opus,secrets
./data/macroset/en/clips/secrets/common_voice_en_183064.opus,secrets
./data/macroset/en/clips/recovered/common_voice_en_20069298.opus,recovered
./data/macroset/en/clips/recovered/common_voice_en_21796028.opus,recovered
./data/macroset/en/clips/recovered/common_voice_en_21929634.opus,recovered
./data/macroset/en/clips/recovered/common_voice_en_389011.opus,recovered
./data/macroset/en/clips/recovered/common_voice_en_18833702.opus,recovered
./data/macroset/en/clips/uneasy/common_voice_en_196238.opus,uneasy
./data/macroset/en/clips/uneasy/common_voice_en_19026368.opus,uneasy
./data/macroset/en/clips/uneasy/common_voice_en_181519.opus,uneasy
./data/macroset/en/clips/uneasy/common_voice_en_95090.opus,uneasy
./data/macroset/en/clips/uneasy/common_voice_en_18539347.opus,uneasy
./data/macroset/en/clips/collectively/common_voice_en_18890613.opus,collectively
./data/macroset/en/clips/collectively/common_voice_en_20013676.opus,collectively
./data/macroset/en/clips/collectively/common_voice_en_19947772.opus,collectively
./data/macroset/en/clips/collectively/common_voice_en_21344629.opus,collectively
./data/macroset/en/clips/collectively/common_voice_en_19682280.opus,collectively
./data/macroset/en/clips/saturn/common_voice_en_19612953.opus,saturn
./data/macroset/en/clips/saturn/common_voice_en_19749910.opus,saturn
./data/macroset/en/clips/saturn/common_voice_en_20177896.opus,saturn
./data/macroset/en/clips/saturn/common_voice_en_19808631.opus,saturn
./data/macroset/en/clips/saturn/common_voice_en_18423944.opus,saturn
./data/macroset/en/clips/toasted/common_voice_en_559470.opus,toasted
./data/macroset/en/clips/toasted/common_voice_en_528336.opus,toasted
./data/macroset/en/clips/toasted/common_voice_en_18232344.opus,toasted
./data/macroset/en/clips/toasted/common_voice_en_19724.opus,toasted
./data/macroset/en/clips/toasted/common_voice_en_204126.opus,toasted
./data/macroset/en/clips/method/common_voice_en_21456533.opus,method
./data/macroset/en/clips/method/common_voice_en_585678.opus,method
./data/macroset/en/clips/method/common_voice_en_22307791.opus,method
./data/macroset/en/clips/method/common_voice_en_19843421.opus,method
./data/macroset/en/clips/method/common_voice_en_659979.opus,method
./data/macroset/en/clips/agenda/common_voice_en_20739614.opus,agenda
./data/macroset/en/clips/agenda/common_voice_en_20409304.opus,agenda
./data/macroset/en/clips/agenda/common_voice_en_19636445.opus,agenda
./data/macroset/en/clips/agenda/common_voice_en_20024085.opus,agenda
./data/macroset/en/clips/agenda/common_voice_en_18869317.opus,agenda
./data/macroset/en/clips/invincible/common_voice_en_17252284.opus,invincible
./data/macroset/en/clips/invincible/common_voice_en_17483562.opus,invincible
./data/macroset/en/clips/invincible/common_voice_en_61856.opus,invincible
./data/macroset/en/clips/invincible/common_voice_en_17263046.opus,invincible
./data/macroset/en/clips/invincible/common_voice_en_19106528.opus,invincible
./data/macroset/en/clips/coherent/common_voice_en_17347986.opus,coherent
./data/macroset/en/clips/coherent/common_voice_en_19590870.opus,coherent
./data/macroset/en/clips/coherent/common_voice_en_17287845.opus,coherent
./data/macroset/en/clips/coherent/common_voice_en_17733413.opus,coherent
./data/macroset/en/clips/coherent/common_voice_en_18785177.opus,coherent
./data/macroset/en/clips/massachusetts/common_voice_en_19687296.opus,massachusetts
./data/macroset/en/clips/massachusetts/common_voice_en_22463893.opus,massachusetts
./data/macroset/en/clips/massachusetts/common_voice_en_21665576.opus,massachusetts
./data/macroset/en/clips/massachusetts/common_voice_en_20299494.opus,massachusetts
./data/macroset/en/clips/massachusetts/common_voice_en_19561273.opus,massachusetts
./data/macroset/en/clips/electoral/common_voice_en_20704854.opus,electoral
./data/macroset/en/clips/electoral/common_voice_en_19677627.opus,electoral
./data/macroset/en/clips/electoral/common_voice_en_21429843.opus,electoral
./data/macroset/en/clips/electoral/common_voice_en_19655423.opus,electoral
./data/macroset/en/clips/electoral/common_voice_en_19992783.opus,electoral
./data/macroset/en/clips/differences/common_voice_en_21146821.opus,differences
./data/macroset/en/clips/differences/common_voice_en_19505077.opus,differences
./data/macroset/en/clips/differences/common_voice_en_19010998.opus,differences
./data/macroset/en/clips/differences/common_voice_en_19265721.opus,differences
./data/macroset/en/clips/differences/common_voice_en_19848117.opus,differences
./data/macroset/en/clips/crack/common_voice_en_5806450.opus,crack
./data/macroset/en/clips/crack/common_voice_en_673828.opus,crack
./data/macroset/en/clips/crack/common_voice_en_80399.opus,crack
./data/macroset/en/clips/crack/common_voice_en_494348.opus,crack
./data/macroset/en/clips/crack/common_voice_en_17792589.opus,crack
./data/macroset/en/clips/shortly/common_voice_en_19534179.opus,shortly
./data/macroset/en/clips/shortly/common_voice_en_19539179.opus,shortly
./data/macroset/en/clips/shortly/common_voice_en_20559536.opus,shortly
./data/macroset/en/clips/shortly/common_voice_en_20273495.opus,shortly
./data/macroset/en/clips/shortly/common_voice_en_19719971.opus,shortly
./data/macroset/en/clips/urdu/common_voice_en_21561325.opus,urdu
./data/macroset/en/clips/urdu/common_voice_en_20680343.opus,urdu
./data/macroset/en/clips/urdu/common_voice_en_19965061.opus,urdu
./data/macroset/en/clips/urdu/common_voice_en_18697520.opus,urdu
./data/macroset/en/clips/urdu/common_voice_en_20536837.opus,urdu
./data/macroset/en/clips/bowling/common_voice_en_18315904.opus,bowling
./data/macroset/en/clips/bowling/common_voice_en_493396__2.opus,bowling
./data/macroset/en/clips/bowling/common_voice_en_18308546.opus,bowling
./data/macroset/en/clips/bowling/common_voice_en_19979589.opus,bowling
./data/macroset/en/clips/bowling/common_voice_en_19764549.opus,bowling
./data/macroset/en/clips/reason/common_voice_en_18114543.opus,reason
./data/macroset/en/clips/reason/common_voice_en_20777099.opus,reason
./data/macroset/en/clips/reason/common_voice_en_10208857.opus,reason
./data/macroset/en/clips/reason/common_voice_en_688690.opus,reason
./data/macroset/en/clips/reason/common_voice_en_22050520.opus,reason
./data/macroset/en/clips/conquer/common_voice_en_650022.opus,conquer
./data/macroset/en/clips/conquer/common_voice_en_21831.opus,conquer
./data/macroset/en/clips/conquer/common_voice_en_188298.opus,conquer
./data/macroset/en/clips/conquer/common_voice_en_85193.opus,conquer
./data/macroset/en/clips/conquer/common_voice_en_18130321.opus,conquer
./data/macroset/en/clips/nervous/common_voice_en_648446.opus,nervous
./data/macroset/en/clips/nervous/common_voice_en_17534032.opus,nervous
./data/macroset/en/clips/nervous/common_voice_en_679340.opus,nervous
./data/macroset/en/clips/nervous/common_voice_en_684777.opus,nervous
./data/macroset/en/clips/nervous/common_voice_en_17495.opus,nervous
./data/macroset/en/clips/expectations/common_voice_en_592818.opus,expectations
./data/macroset/en/clips/expectations/common_voice_en_18862567.opus,expectations
./data/macroset/en/clips/expectations/common_voice_en_21371055.opus,expectations
./data/macroset/en/clips/expectations/common_voice_en_671111.opus,expectations
./data/macroset/en/clips/expectations/common_voice_en_596029.opus,expectations
./data/macroset/en/clips/healthcare/common_voice_en_17809539.opus,healthcare
./data/macroset/en/clips/healthcare/common_voice_en_19131195.opus,healthcare
./data/macroset/en/clips/healthcare/common_voice_en_18540811.opus,healthcare
./data/macroset/en/clips/healthcare/common_voice_en_610253.opus,healthcare
./data/macroset/en/clips/healthcare/common_voice_en_22050427.opus,healthcare
./data/macroset/en/clips/tomato/common_voice_en_405820.opus,tomato
./data/macroset/en/clips/tomato/common_voice_en_19502217.opus,tomato
./data/macroset/en/clips/tomato/common_voice_en_204956.opus,tomato
./data/macroset/en/clips/tomato/common_voice_en_18345079.opus,tomato
./data/macroset/en/clips/tomato/common_voice_en_390664.opus,tomato
./data/macroset/en/clips/sworn/common_voice_en_17377663.opus,sworn
./data/macroset/en/clips/sworn/common_voice_en_17296716.opus,sworn
./data/macroset/en/clips/sworn/common_voice_en_71888.opus,sworn
./data/macroset/en/clips/sworn/common_voice_en_17866032.opus,sworn
./data/macroset/en/clips/sworn/common_voice_en_487312.opus,sworn
./data/macroset/en/clips/trees/common_voice_en_44650.opus,trees
./data/macroset/en/clips/trees/common_voice_en_88591.opus,trees
./data/macroset/en/clips/trees/common_voice_en_54038.opus,trees
./data/macroset/en/clips/trees/common_voice_en_18423007.opus,trees
./data/macroset/en/clips/trees/common_voice_en_203971.opus,trees
./data/macroset/en/clips/logic/common_voice_en_18144775.opus,logic
./data/macroset/en/clips/logic/common_voice_en_20735453.opus,logic
./data/macroset/en/clips/logic/common_voice_en_593037.opus,logic
./data/macroset/en/clips/logic/common_voice_en_20859866.opus,logic
./data/macroset/en/clips/logic/common_voice_en_19673121.opus,logic
./data/macroset/en/clips/lure/common_voice_en_20754662.opus,lure
./data/macroset/en/clips/lure/common_voice_en_19813769.opus,lure
./data/macroset/en/clips/lure/common_voice_en_18121380.opus,lure
./data/macroset/en/clips/lure/common_voice_en_17778211.opus,lure
./data/macroset/en/clips/lure/common_voice_en_508074.opus,lure
./data/macroset/en/clips/diana/common_voice_en_21269747.opus,diana
./data/macroset/en/clips/diana/common_voice_en_240941.opus,diana
./data/macroset/en/clips/diana/common_voice_en_20414455.opus,diana
./data/macroset/en/clips/diana/common_voice_en_20888066.opus,diana
./data/macroset/en/clips/diana/common_voice_en_20226758.opus,diana
./data/macroset/en/clips/liam/common_voice_en_509161.opus,liam
./data/macroset/en/clips/liam/common_voice_en_19972676.opus,liam
./data/macroset/en/clips/liam/common_voice_en_511674.opus,liam
./data/macroset/en/clips/liam/common_voice_en_18135421.opus,liam
./data/macroset/en/clips/liam/common_voice_en_96314.opus,liam
./data/macroset/en/clips/yards/common_voice_en_625793.opus,yards
./data/macroset/en/clips/yards/common_voice_en_548970.opus,yards
./data/macroset/en/clips/yards/common_voice_en_74092.opus,yards
./data/macroset/en/clips/yards/common_voice_en_49496.opus,yards
./data/macroset/en/clips/yards/common_voice_en_59041.opus,yards
./data/macroset/en/clips/russians/common_voice_en_20699159.opus,russians
./data/macroset/en/clips/russians/common_voice_en_19688523.opus,russians
./data/macroset/en/clips/russians/common_voice_en_18720791.opus,russians
./data/macroset/en/clips/russians/common_voice_en_19698335.opus,russians
./data/macroset/en/clips/russians/common_voice_en_20146317.opus,russians
./data/macroset/en/clips/indonesian/common_voice_en_20105404.opus,indonesian
./data/macroset/en/clips/indonesian/common_voice_en_19663885.opus,indonesian
./data/macroset/en/clips/indonesian/common_voice_en_21856702.opus,indonesian
./data/macroset/en/clips/indonesian/common_voice_en_19313971.opus,indonesian
./data/macroset/en/clips/indonesian/common_voice_en_22364254.opus,indonesian
./data/macroset/en/clips/nick/common_voice_en_664688.opus,nick
./data/macroset/en/clips/nick/common_voice_en_29548.opus,nick
./data/macroset/en/clips/nick/common_voice_en_50398.opus,nick
./data/macroset/en/clips/nick/common_voice_en_547109.opus,nick
./data/macroset/en/clips/nick/common_voice_en_21752933.opus,nick
./data/macroset/en/clips/warns/common_voice_en_21869600.opus,warns
./data/macroset/en/clips/warns/common_voice_en_21081599.opus,warns
./data/macroset/en/clips/warns/common_voice_en_650168.opus,warns
./data/macroset/en/clips/warns/common_voice_en_33537.opus,warns
./data/macroset/en/clips/warns/common_voice_en_19991124.opus,warns
./data/macroset/en/clips/quiet/common_voice_en_627370.opus,quiet
./data/macroset/en/clips/quiet/common_voice_en_482955.opus,quiet
./data/macroset/en/clips/quiet/common_voice_en_627919.opus,quiet
./data/macroset/en/clips/quiet/common_voice_en_18554733.opus,quiet
./data/macroset/en/clips/quiet/common_voice_en_22257645.opus,quiet
./data/macroset/en/clips/much/common_voice_en_17870221.opus,much
./data/macroset/en/clips/much/common_voice_en_18315734.opus,much
./data/macroset/en/clips/much/common_voice_en_1479220.opus,much
./data/macroset/en/clips/much/common_voice_en_19605376__2.opus,much
./data/macroset/en/clips/much/common_voice_en_692422.opus,much
./data/macroset/en/clips/vinegar/common_voice_en_17279127.opus,vinegar
./data/macroset/en/clips/vinegar/common_voice_en_20946559.opus,vinegar
./data/macroset/en/clips/vinegar/common_voice_en_682105.opus,vinegar
./data/macroset/en/clips/vinegar/common_voice_en_17262291.opus,vinegar
./data/macroset/en/clips/vinegar/common_voice_en_17877233.opus,vinegar
./data/macroset/en/clips/secure/common_voice_en_480819.opus,secure
./data/macroset/en/clips/secure/common_voice_en_20132745.opus,secure
./data/macroset/en/clips/secure/common_voice_en_449934.opus,secure
./data/macroset/en/clips/secure/common_voice_en_20780598.opus,secure
./data/macroset/en/clips/secure/common_voice_en_28574.opus,secure
./data/macroset/en/clips/petals/common_voice_en_18715040.opus,petals
./data/macroset/en/clips/petals/common_voice_en_19794324.opus,petals
./data/macroset/en/clips/petals/common_voice_en_18900005.opus,petals
./data/macroset/en/clips/petals/common_voice_en_20422654.opus,petals
./data/macroset/en/clips/petals/common_voice_en_17857107.opus,petals
./data/macroset/en/clips/display/common_voice_en_620192.opus,display
./data/macroset/en/clips/display/common_voice_en_482514.opus,display
./data/macroset/en/clips/display/common_voice_en_21664030.opus,display
./data/macroset/en/clips/display/common_voice_en_20381988.opus,display
./data/macroset/en/clips/display/common_voice_en_98538.opus,display
./data/macroset/en/clips/pilot/common_voice_en_19199174.opus,pilot
./data/macroset/en/clips/pilot/common_voice_en_22027392.opus,pilot
./data/macroset/en/clips/pilot/common_voice_en_19010448.opus,pilot
./data/macroset/en/clips/pilot/common_voice_en_18854137.opus,pilot
./data/macroset/en/clips/pilot/common_voice_en_19646539.opus,pilot
./data/macroset/en/clips/west/common_voice_en_20079651.opus,west
./data/macroset/en/clips/west/common_voice_en_20723739.opus,west
./data/macroset/en/clips/west/common_voice_en_19804775.opus,west
./data/macroset/en/clips/west/common_voice_en_20600299.opus,west
./data/macroset/en/clips/west/common_voice_en_22277899.opus,west
./data/macroset/en/clips/subliminal/common_voice_en_509535.opus,subliminal
./data/macroset/en/clips/subliminal/common_voice_en_17966235.opus,subliminal
./data/macroset/en/clips/subliminal/common_voice_en_17261514.opus,subliminal
./data/macroset/en/clips/subliminal/common_voice_en_603702.opus,subliminal
./data/macroset/en/clips/subliminal/common_voice_en_17292698.opus,subliminal
./data/macroset/en/clips/corporation/common_voice_en_19025674.opus,corporation
./data/macroset/en/clips/corporation/common_voice_en_680785.opus,corporation
./data/macroset/en/clips/corporation/common_voice_en_19610669.opus,corporation
./data/macroset/en/clips/corporation/common_voice_en_19562886.opus,corporation
./data/macroset/en/clips/corporation/common_voice_en_19699976.opus,corporation
./data/macroset/en/clips/efficiency/common_voice_en_21760854.opus,efficiency
./data/macroset/en/clips/efficiency/common_voice_en_19770517.opus,efficiency
./data/macroset/en/clips/efficiency/common_voice_en_21257663.opus,efficiency
./data/macroset/en/clips/efficiency/common_voice_en_20248637.opus,efficiency
./data/macroset/en/clips/efficiency/common_voice_en_20090724.opus,efficiency
./data/macroset/en/clips/appeal/common_voice_en_20033382.opus,appeal
./data/macroset/en/clips/appeal/common_voice_en_563357.opus,appeal
./data/macroset/en/clips/appeal/common_voice_en_61679.opus,appeal
./data/macroset/en/clips/appeal/common_voice_en_19325778.opus,appeal
./data/macroset/en/clips/appeal/common_voice_en_20235928.opus,appeal
./data/macroset/en/clips/protects/common_voice_en_21108353.opus,protects
./data/macroset/en/clips/protects/common_voice_en_21706204.opus,protects
./data/macroset/en/clips/protects/common_voice_en_22306599.opus,protects
./data/macroset/en/clips/protects/common_voice_en_18115262.opus,protects
./data/macroset/en/clips/protects/common_voice_en_7556824.opus,protects
./data/macroset/en/clips/tiger/common_voice_en_634776.opus,tiger
./data/macroset/en/clips/tiger/common_voice_en_685611.opus,tiger
./data/macroset/en/clips/tiger/common_voice_en_616036.opus,tiger
./data/macroset/en/clips/tiger/common_voice_en_28925.opus,tiger
./data/macroset/en/clips/tiger/common_voice_en_19003007.opus,tiger
./data/macroset/en/clips/textbooks/common_voice_en_21456257.opus,textbooks
./data/macroset/en/clips/textbooks/common_voice_en_19532172.opus,textbooks
./data/macroset/en/clips/textbooks/common_voice_en_19853800.opus,textbooks
./data/macroset/en/clips/textbooks/common_voice_en_20473846.opus,textbooks
./data/macroset/en/clips/textbooks/common_voice_en_19453398.opus,textbooks
./data/macroset/en/clips/delivered/common_voice_en_632741.opus,delivered
./data/macroset/en/clips/delivered/common_voice_en_220757.opus,delivered
./data/macroset/en/clips/delivered/common_voice_en_20113931.opus,delivered
./data/macroset/en/clips/delivered/common_voice_en_20793024.opus,delivered
./data/macroset/en/clips/delivered/common_voice_en_18632195.opus,delivered
./data/macroset/en/clips/turner/common_voice_en_19792116.opus,turner
./data/macroset/en/clips/turner/common_voice_en_20744240.opus,turner
./data/macroset/en/clips/turner/common_voice_en_19150178.opus,turner
./data/macroset/en/clips/turner/common_voice_en_20806195.opus,turner
./data/macroset/en/clips/turner/common_voice_en_22288756.opus,turner
./data/macroset/en/clips/renaissance/common_voice_en_19815821.opus,renaissance
./data/macroset/en/clips/renaissance/common_voice_en_20963725.opus,renaissance
./data/macroset/en/clips/renaissance/common_voice_en_19710036.opus,renaissance
./data/macroset/en/clips/renaissance/common_voice_en_20582723.opus,renaissance
./data/macroset/en/clips/renaissance/common_voice_en_19529516.opus,renaissance
./data/macroset/en/clips/syrup/common_voice_en_17429137.opus,syrup
./data/macroset/en/clips/syrup/common_voice_en_17435689.opus,syrup
./data/macroset/en/clips/syrup/common_voice_en_17965658.opus,syrup
./data/macroset/en/clips/syrup/common_voice_en_18138731.opus,syrup
./data/macroset/en/clips/syrup/common_voice_en_580451.opus,syrup
./data/macroset/en/clips/watering/common_voice_en_609860.opus,watering
./data/macroset/en/clips/watering/common_voice_en_543596.opus,watering
./data/macroset/en/clips/watering/common_voice_en_47782.opus,watering
./data/macroset/en/clips/watering/common_voice_en_19733882.opus,watering
./data/macroset/en/clips/watering/common_voice_en_494028.opus,watering
./data/macroset/en/clips/dale/common_voice_en_19732029.opus,dale
./data/macroset/en/clips/dale/common_voice_en_19411674.opus,dale
./data/macroset/en/clips/dale/common_voice_en_20063390.opus,dale
./data/macroset/en/clips/dale/common_voice_en_19824574.opus,dale
./data/macroset/en/clips/dale/common_voice_en_21692118.opus,dale
./data/macroset/en/clips/everyday/common_voice_en_33556.opus,everyday
./data/macroset/en/clips/everyday/common_voice_en_18826568.opus,everyday
./data/macroset/en/clips/everyday/common_voice_en_22103986.opus,everyday
./data/macroset/en/clips/everyday/common_voice_en_26693.opus,everyday
./data/macroset/en/clips/everyday/common_voice_en_20516162.opus,everyday
./data/macroset/en/clips/hub/common_voice_en_2873346.opus,hub
./data/macroset/en/clips/hub/common_voice_en_196385.opus,hub
./data/macroset/en/clips/hub/common_voice_en_19638104.opus,hub
./data/macroset/en/clips/hub/common_voice_en_19252420.opus,hub
./data/macroset/en/clips/hub/common_voice_en_19477219.opus,hub
./data/macroset/en/clips/left/common_voice_en_681967.opus,left
./data/macroset/en/clips/left/common_voice_en_180624.opus,left
./data/macroset/en/clips/left/common_voice_en_18671589.opus,left
./data/macroset/en/clips/left/common_voice_en_12864.opus,left
./data/macroset/en/clips/left/common_voice_en_594998.opus,left
./data/macroset/en/clips/closed/common_voice_en_19204722.opus,closed
./data/macroset/en/clips/closed/common_voice_en_17292034.opus,closed
./data/macroset/en/clips/closed/common_voice_en_18697014.opus,closed
./data/macroset/en/clips/closed/common_voice_en_212386.opus,closed
./data/macroset/en/clips/closed/common_voice_en_22177380.opus,closed
./data/macroset/en/clips/plot/common_voice_en_20803618.opus,plot
./data/macroset/en/clips/plot/common_voice_en_21575773.opus,plot
./data/macroset/en/clips/plot/common_voice_en_20796248.opus,plot
./data/macroset/en/clips/plot/common_voice_en_22430976.opus,plot
./data/macroset/en/clips/plot/common_voice_en_19149492.opus,plot
./data/macroset/en/clips/sebastian/common_voice_en_20522568.opus,sebastian
./data/macroset/en/clips/sebastian/common_voice_en_19855015.opus,sebastian
./data/macroset/en/clips/sebastian/common_voice_en_19463216.opus,sebastian
./data/macroset/en/clips/sebastian/common_voice_en_19648961.opus,sebastian
./data/macroset/en/clips/sebastian/common_voice_en_21469831.opus,sebastian
./data/macroset/en/clips/humid/common_voice_en_22264171.opus,humid
./data/macroset/en/clips/humid/common_voice_en_20110884.opus,humid
./data/macroset/en/clips/humid/common_voice_en_539583.opus,humid
./data/macroset/en/clips/humid/common_voice_en_158532.opus,humid
./data/macroset/en/clips/humid/common_voice_en_66094.opus,humid
./data/macroset/en/clips/census/common_voice_en_18673571.opus,census
./data/macroset/en/clips/census/common_voice_en_20530260.opus,census
./data/macroset/en/clips/census/common_voice_en_21863897.opus,census
./data/macroset/en/clips/census/common_voice_en_19195660.opus,census
./data/macroset/en/clips/census/common_voice_en_18885794.opus,census
./data/macroset/en/clips/web/common_voice_en_17840590.opus,web
./data/macroset/en/clips/web/common_voice_en_17396760.opus,web
./data/macroset/en/clips/web/common_voice_en_21388845.opus,web
./data/macroset/en/clips/web/common_voice_en_21282460.opus,web
./data/macroset/en/clips/web/common_voice_en_18732589.opus,web
./data/macroset/en/clips/mayor/common_voice_en_19642318.opus,mayor
./data/macroset/en/clips/mayor/common_voice_en_20760631__2.opus,mayor
./data/macroset/en/clips/mayor/common_voice_en_20877835.opus,mayor
./data/macroset/en/clips/mayor/common_voice_en_20162695.opus,mayor
./data/macroset/en/clips/mayor/common_voice_en_19453762.opus,mayor
./data/macroset/en/clips/forgive/common_voice_en_256707.opus,forgive
./data/macroset/en/clips/forgive/common_voice_en_18657276.opus,forgive
./data/macroset/en/clips/forgive/common_voice_en_18644811.opus,forgive
./data/macroset/en/clips/forgive/common_voice_en_15903366.opus,forgive
./data/macroset/en/clips/forgive/common_voice_en_19695275.opus,forgive
./data/macroset/en/clips/don’t/common_voice_en_74189.opus,don’t
./data/macroset/en/clips/don’t/common_voice_en_20339492.opus,don’t
./data/macroset/en/clips/don’t/common_voice_en_21508489.opus,don’t
./data/macroset/en/clips/don’t/common_voice_en_632880.opus,don’t
./data/macroset/en/clips/don’t/common_voice_en_554641.opus,don’t
./data/macroset/en/clips/wit/common_voice_en_512708.opus,wit
./data/macroset/en/clips/wit/common_voice_en_18857357.opus,wit
./data/macroset/en/clips/wit/common_voice_en_18016404.opus,wit
./data/macroset/en/clips/wit/common_voice_en_18154131.opus,wit
./data/macroset/en/clips/wit/common_voice_en_18122310.opus,wit
./data/macroset/en/clips/wheelchairs/common_voice_en_572512.opus,wheelchairs
./data/macroset/en/clips/wheelchairs/common_voice_en_604080.opus,wheelchairs
./data/macroset/en/clips/wheelchairs/common_voice_en_600442.opus,wheelchairs
./data/macroset/en/clips/wheelchairs/common_voice_en_534552.opus,wheelchairs
./data/macroset/en/clips/wheelchairs/common_voice_en_200241.opus,wheelchairs
./data/macroset/en/clips/completion/common_voice_en_19345492.opus,completion
./data/macroset/en/clips/completion/common_voice_en_20381158.opus,completion
./data/macroset/en/clips/completion/common_voice_en_18708979.opus,completion
./data/macroset/en/clips/completion/common_voice_en_19613163.opus,completion
./data/macroset/en/clips/completion/common_voice_en_21185566.opus,completion
./data/macroset/en/clips/bugs/common_voice_en_211882.opus,bugs
./data/macroset/en/clips/bugs/common_voice_en_19989555.opus,bugs
./data/macroset/en/clips/bugs/common_voice_en_20586826.opus,bugs
./data/macroset/en/clips/bugs/common_voice_en_17790218.opus,bugs
./data/macroset/en/clips/bugs/common_voice_en_17277553.opus,bugs
./data/macroset/en/clips/sirens/common_voice_en_17332636.opus,sirens
./data/macroset/en/clips/sirens/common_voice_en_17899045.opus,sirens
./data/macroset/en/clips/sirens/common_voice_en_573954.opus,sirens
./data/macroset/en/clips/sirens/common_voice_en_17629491.opus,sirens
./data/macroset/en/clips/sirens/common_voice_en_18104291.opus,sirens
./data/macroset/en/clips/installed/common_voice_en_19296278.opus,installed
./data/macroset/en/clips/installed/common_voice_en_22142100.opus,installed
./data/macroset/en/clips/installed/common_voice_en_20252973.opus,installed
./data/macroset/en/clips/installed/common_voice_en_21103538.opus,installed
./data/macroset/en/clips/installed/common_voice_en_21725436.opus,installed
./data/macroset/en/clips/tolerable/common_voice_en_556723.opus,tolerable
./data/macroset/en/clips/tolerable/common_voice_en_594136.opus,tolerable
./data/macroset/en/clips/tolerable/common_voice_en_47339.opus,tolerable
./data/macroset/en/clips/tolerable/common_voice_en_538527.opus,tolerable
./data/macroset/en/clips/tolerable/common_voice_en_55398.opus,tolerable
./data/macroset/en/clips/tour/common_voice_en_20960415.opus,tour
./data/macroset/en/clips/tour/common_voice_en_20705949.opus,tour
./data/macroset/en/clips/tour/common_voice_en_21351976.opus,tour
./data/macroset/en/clips/tour/common_voice_en_22382579.opus,tour
./data/macroset/en/clips/tour/common_voice_en_22351636.opus,tour
./data/macroset/en/clips/luckily/common_voice_en_17910396.opus,luckily
./data/macroset/en/clips/luckily/common_voice_en_547037.opus,luckily
./data/macroset/en/clips/luckily/common_voice_en_17402964.opus,luckily
./data/macroset/en/clips/luckily/common_voice_en_17258172.opus,luckily
./data/macroset/en/clips/luckily/common_voice_en_32815.opus,luckily
./data/macroset/en/clips/adjoining/common_voice_en_20992998.opus,adjoining
./data/macroset/en/clips/adjoining/common_voice_en_21132002.opus,adjoining
./data/macroset/en/clips/adjoining/common_voice_en_19731176.opus,adjoining
./data/macroset/en/clips/adjoining/common_voice_en_22265445.opus,adjoining
./data/macroset/en/clips/adjoining/common_voice_en_21592820.opus,adjoining
./data/macroset/en/clips/surviving/common_voice_en_21402542.opus,surviving
./data/macroset/en/clips/surviving/common_voice_en_18825455.opus,surviving
./data/macroset/en/clips/surviving/common_voice_en_19204672.opus,surviving
./data/macroset/en/clips/surviving/common_voice_en_19629052.opus,surviving
./data/macroset/en/clips/surviving/common_voice_en_20524654.opus,surviving
./data/macroset/en/clips/transgender/common_voice_en_17392056.opus,transgender
./data/macroset/en/clips/transgender/common_voice_en_472712.opus,transgender
./data/macroset/en/clips/transgender/common_voice_en_17255801.opus,transgender
./data/macroset/en/clips/transgender/common_voice_en_18413650.opus,transgender
./data/macroset/en/clips/transgender/common_voice_en_481674.opus,transgender
./data/macroset/en/clips/dentist/common_voice_en_21866455.opus,dentist
./data/macroset/en/clips/dentist/common_voice_en_17287962.opus,dentist
./data/macroset/en/clips/dentist/common_voice_en_632308.opus,dentist
./data/macroset/en/clips/dentist/common_voice_en_17532946.opus,dentist
./data/macroset/en/clips/dentist/common_voice_en_339498.opus,dentist
./data/macroset/en/clips/referred/common_voice_en_20619712.opus,referred
./data/macroset/en/clips/referred/common_voice_en_22398517.opus,referred
./data/macroset/en/clips/referred/common_voice_en_19648713.opus,referred
./data/macroset/en/clips/referred/common_voice_en_22101803.opus,referred
./data/macroset/en/clips/referred/common_voice_en_19080170.opus,referred
./data/macroset/en/clips/organization/common_voice_en_20105403.opus,organization
./data/macroset/en/clips/organization/common_voice_en_19151609.opus,organization
./data/macroset/en/clips/organization/common_voice_en_21371792.opus,organization
./data/macroset/en/clips/organization/common_voice_en_18681019.opus,organization
./data/macroset/en/clips/organization/common_voice_en_19682757.opus,organization
./data/macroset/en/clips/buddhist/common_voice_en_20939859.opus,buddhist
./data/macroset/en/clips/buddhist/common_voice_en_20257087.opus,buddhist
./data/macroset/en/clips/buddhist/common_voice_en_21873187.opus,buddhist
./data/macroset/en/clips/buddhist/common_voice_en_19605603.opus,buddhist
./data/macroset/en/clips/buddhist/common_voice_en_22090970.opus,buddhist
./data/macroset/en/clips/campus/common_voice_en_19647867.opus,campus
./data/macroset/en/clips/campus/common_voice_en_20391788.opus,campus
./data/macroset/en/clips/campus/common_voice_en_21781098.opus,campus
./data/macroset/en/clips/campus/common_voice_en_20474325.opus,campus
./data/macroset/en/clips/campus/common_voice_en_19998781.opus,campus
./data/macroset/en/clips/socialize/common_voice_en_485657.opus,socialize
./data/macroset/en/clips/socialize/common_voice_en_546972.opus,socialize
./data/macroset/en/clips/socialize/common_voice_en_18142469.opus,socialize
./data/macroset/en/clips/socialize/common_voice_en_17887443.opus,socialize
./data/macroset/en/clips/socialize/common_voice_en_17840944.opus,socialize
./data/macroset/en/clips/score/common_voice_en_65992.opus,score
./data/macroset/en/clips/score/common_voice_en_17329365.opus,score
./data/macroset/en/clips/score/common_voice_en_18253462.opus,score
./data/macroset/en/clips/score/common_voice_en_18872444.opus,score
./data/macroset/en/clips/score/common_voice_en_19369515.opus,score
./data/macroset/en/clips/observe/common_voice_en_81031.opus,observe
./data/macroset/en/clips/observe/common_voice_en_1344588.opus,observe
./data/macroset/en/clips/observe/common_voice_en_505894.opus,observe
./data/macroset/en/clips/observe/common_voice_en_689933.opus,observe
./data/macroset/en/clips/observe/common_voice_en_695687.opus,observe
./data/macroset/en/clips/miss/common_voice_en_631555.opus,miss
./data/macroset/en/clips/miss/common_voice_en_554641.opus,miss
./data/macroset/en/clips/miss/common_voice_en_526682.opus,miss
./data/macroset/en/clips/miss/common_voice_en_625022.opus,miss
./data/macroset/en/clips/miss/common_voice_en_49716.opus,miss
./data/macroset/en/clips/segments/common_voice_en_20276132.opus,segments
./data/macroset/en/clips/segments/common_voice_en_19984194.opus,segments
./data/macroset/en/clips/segments/common_voice_en_18693005.opus,segments
./data/macroset/en/clips/segments/common_voice_en_19743813.opus,segments
./data/macroset/en/clips/segments/common_voice_en_21381692.opus,segments
./data/macroset/en/clips/waves/common_voice_en_469488.opus,waves
./data/macroset/en/clips/waves/common_voice_en_17756290.opus,waves
./data/macroset/en/clips/waves/common_voice_en_17380637.opus,waves
./data/macroset/en/clips/waves/common_voice_en_218054.opus,waves
./data/macroset/en/clips/waves/common_voice_en_20883055.opus,waves
./data/macroset/en/clips/pecan/common_voice_en_613983.opus,pecan
./data/macroset/en/clips/pecan/common_voice_en_59428.opus,pecan
./data/macroset/en/clips/pecan/common_voice_en_536627.opus,pecan
./data/macroset/en/clips/pecan/common_voice_en_344884.opus,pecan
./data/macroset/en/clips/pecan/common_voice_en_562699.opus,pecan
./data/macroset/en/clips/suspicions/common_voice_en_20776849.opus,suspicions
./data/macroset/en/clips/suspicions/common_voice_en_18132967.opus,suspicions
./data/macroset/en/clips/suspicions/common_voice_en_17910738.opus,suspicions
./data/macroset/en/clips/suspicions/common_voice_en_17389465.opus,suspicions
./data/macroset/en/clips/suspicions/common_voice_en_18618105.opus,suspicions
./data/macroset/en/clips/buenos/common_voice_en_19368329.opus,buenos
./data/macroset/en/clips/buenos/common_voice_en_19621975.opus,buenos
./data/macroset/en/clips/buenos/common_voice_en_19843784.opus,buenos
./data/macroset/en/clips/buenos/common_voice_en_20068310.opus,buenos
./data/macroset/en/clips/buenos/common_voice_en_19577433.opus,buenos
./data/macroset/en/clips/deadening/common_voice_en_17991741.opus,deadening
./data/macroset/en/clips/deadening/common_voice_en_253831.opus,deadening
./data/macroset/en/clips/deadening/common_voice_en_17910476.opus,deadening
./data/macroset/en/clips/deadening/common_voice_en_17801057.opus,deadening
./data/macroset/en/clips/deadening/common_voice_en_481777.opus,deadening
./data/macroset/en/clips/higher/common_voice_en_66180.opus,higher
./data/macroset/en/clips/higher/common_voice_en_19869669.opus,higher
./data/macroset/en/clips/higher/common_voice_en_21696187.opus,higher
./data/macroset/en/clips/higher/common_voice_en_20481533.opus,higher
./data/macroset/en/clips/higher/common_voice_en_22052551.opus,higher
./data/macroset/en/clips/interfering/common_voice_en_21765612.opus,interfering
./data/macroset/en/clips/interfering/common_voice_en_17289373.opus,interfering
./data/macroset/en/clips/interfering/common_voice_en_56890.opus,interfering
./data/macroset/en/clips/interfering/common_voice_en_73819.opus,interfering
./data/macroset/en/clips/interfering/common_voice_en_18675474.opus,interfering
./data/macroset/en/clips/privileges/common_voice_en_20602291.opus,privileges
./data/macroset/en/clips/privileges/common_voice_en_18723311.opus,privileges
./data/macroset/en/clips/privileges/common_voice_en_21523881.opus,privileges
./data/macroset/en/clips/privileges/common_voice_en_19497796.opus,privileges
./data/macroset/en/clips/privileges/common_voice_en_21352571.opus,privileges
./data/macroset/en/clips/kiss/common_voice_en_678810.opus,kiss
./data/macroset/en/clips/kiss/common_voice_en_19005498.opus,kiss
./data/macroset/en/clips/kiss/common_voice_en_17784947.opus,kiss
./data/macroset/en/clips/kiss/common_voice_en_17941534.opus,kiss
./data/macroset/en/clips/kiss/common_voice_en_558722.opus,kiss
./data/macroset/en/clips/hippopotamus/common_voice_en_18435524.opus,hippopotamus
./data/macroset/en/clips/hippopotamus/common_voice_en_17257718.opus,hippopotamus
./data/macroset/en/clips/hippopotamus/common_voice_en_18496087.opus,hippopotamus
./data/macroset/en/clips/hippopotamus/common_voice_en_127113.opus,hippopotamus
./data/macroset/en/clips/hippopotamus/common_voice_en_17885217.opus,hippopotamus
./data/macroset/en/clips/maple/common_voice_en_19632276.opus,maple
./data/macroset/en/clips/maple/common_voice_en_569542.opus,maple
./data/macroset/en/clips/maple/common_voice_en_19201630.opus,maple
./data/macroset/en/clips/maple/common_voice_en_17282855.opus,maple
./data/macroset/en/clips/maple/common_voice_en_532639.opus,maple
./data/macroset/en/clips/het/common_voice_en_94144.opus,het
./data/macroset/en/clips/het/common_voice_en_537490.opus,het
./data/macroset/en/clips/het/common_voice_en_669782.opus,het
./data/macroset/en/clips/het/common_voice_en_35221.opus,het
./data/macroset/en/clips/het/common_voice_en_586139.opus,het
./data/macroset/en/clips/steering/common_voice_en_22310112.opus,steering
./data/macroset/en/clips/steering/common_voice_en_21497392.opus,steering
./data/macroset/en/clips/steering/common_voice_en_20880338.opus,steering
./data/macroset/en/clips/steering/common_voice_en_20836788__2.opus,steering
./data/macroset/en/clips/steering/common_voice_en_19770420.opus,steering
./data/macroset/en/clips/violence/common_voice_en_59171.opus,violence
./data/macroset/en/clips/violence/common_voice_en_17277363.opus,violence
./data/macroset/en/clips/violence/common_voice_en_660587.opus,violence
./data/macroset/en/clips/violence/common_voice_en_19243489.opus,violence
./data/macroset/en/clips/violence/common_voice_en_19622706.opus,violence
./data/macroset/en/clips/hire/common_voice_en_526611.opus,hire
./data/macroset/en/clips/hire/common_voice_en_60571.opus,hire
./data/macroset/en/clips/hire/common_voice_en_605485.opus,hire
./data/macroset/en/clips/hire/common_voice_en_81600.opus,hire
./data/macroset/en/clips/hire/common_voice_en_654865.opus,hire
./data/macroset/en/clips/mainland/common_voice_en_19677612.opus,mainland
./data/macroset/en/clips/mainland/common_voice_en_21162967.opus,mainland
./data/macroset/en/clips/mainland/common_voice_en_20296360.opus,mainland
./data/macroset/en/clips/mainland/common_voice_en_22384486.opus,mainland
./data/macroset/en/clips/mainland/common_voice_en_19515050.opus,mainland
./data/macroset/en/clips/crawling/common_voice_en_566493.opus,crawling
./data/macroset/en/clips/crawling/common_voice_en_18408391.opus,crawling
./data/macroset/en/clips/crawling/common_voice_en_77543.opus,crawling
./data/macroset/en/clips/crawling/common_voice_en_18467447.opus,crawling
./data/macroset/en/clips/crawling/common_voice_en_18650845.opus,crawling
./data/macroset/en/clips/translucent/common_voice_en_17294777.opus,translucent
./data/macroset/en/clips/translucent/common_voice_en_692510.opus,translucent
./data/macroset/en/clips/translucent/common_voice_en_18137214.opus,translucent
./data/macroset/en/clips/translucent/common_voice_en_685711.opus,translucent
./data/macroset/en/clips/translucent/common_voice_en_19476632.opus,translucent
./data/macroset/en/clips/first/common_voice_en_18828939.opus,first
./data/macroset/en/clips/first/common_voice_en_18985470.opus,first
./data/macroset/en/clips/first/common_voice_en_20029.opus,first
./data/macroset/en/clips/first/common_voice_en_496092.opus,first
./data/macroset/en/clips/first/common_voice_en_20781005.opus,first
./data/macroset/en/clips/laboratory/common_voice_en_19850659.opus,laboratory
./data/macroset/en/clips/laboratory/common_voice_en_19627238.opus,laboratory
./data/macroset/en/clips/laboratory/common_voice_en_19959939.opus,laboratory
./data/macroset/en/clips/laboratory/common_voice_en_20153192.opus,laboratory
./data/macroset/en/clips/laboratory/common_voice_en_518358.opus,laboratory
./data/macroset/en/clips/chuck/common_voice_en_20042456.opus,chuck
./data/macroset/en/clips/chuck/common_voice_en_18783359.opus,chuck
./data/macroset/en/clips/chuck/common_voice_en_19062096.opus,chuck
./data/macroset/en/clips/chuck/common_voice_en_21411122.opus,chuck
./data/macroset/en/clips/chuck/common_voice_en_20989610.opus,chuck
./data/macroset/en/clips/minimum/common_voice_en_19843769.opus,minimum
./data/macroset/en/clips/minimum/common_voice_en_19279278.opus,minimum
./data/macroset/en/clips/minimum/common_voice_en_22196556.opus,minimum
./data/macroset/en/clips/minimum/common_voice_en_21858112.opus,minimum
./data/macroset/en/clips/minimum/common_voice_en_22439541.opus,minimum
./data/macroset/en/clips/kappa/common_voice_en_21020580.opus,kappa
./data/macroset/en/clips/kappa/common_voice_en_18685682.opus,kappa
./data/macroset/en/clips/kappa/common_voice_en_20543515.opus,kappa
./data/macroset/en/clips/kappa/common_voice_en_19718265.opus,kappa
./data/macroset/en/clips/kappa/common_voice_en_22467113.opus,kappa
./data/macroset/en/clips/implementation/common_voice_en_19752585.opus,implementation
./data/macroset/en/clips/implementation/common_voice_en_532162.opus,implementation
./data/macroset/en/clips/implementation/common_voice_en_20312446.opus,implementation
./data/macroset/en/clips/implementation/common_voice_en_22150337.opus,implementation
./data/macroset/en/clips/implementation/common_voice_en_21763695.opus,implementation
./data/macroset/en/clips/lazy/common_voice_en_20429896.opus,lazy
./data/macroset/en/clips/lazy/common_voice_en_577293.opus,lazy
./data/macroset/en/clips/lazy/common_voice_en_606931.opus,lazy
./data/macroset/en/clips/lazy/common_voice_en_461131.opus,lazy
./data/macroset/en/clips/lazy/common_voice_en_18136159.opus,lazy
./data/macroset/en/clips/commits/common_voice_en_18997744.opus,commits
./data/macroset/en/clips/commits/common_voice_en_544495.opus,commits
./data/macroset/en/clips/commits/common_voice_en_663574.opus,commits
./data/macroset/en/clips/commits/common_voice_en_20089109.opus,commits
./data/macroset/en/clips/commits/common_voice_en_20671605.opus,commits
./data/macroset/en/clips/exceptional/common_voice_en_21592832.opus,exceptional
./data/macroset/en/clips/exceptional/common_voice_en_20005465.opus,exceptional
./data/macroset/en/clips/exceptional/common_voice_en_20860993.opus,exceptional
./data/macroset/en/clips/exceptional/common_voice_en_19748761.opus,exceptional
./data/macroset/en/clips/exceptional/common_voice_en_19799384.opus,exceptional
./data/macroset/en/clips/essay/common_voice_en_21773414.opus,essay
./data/macroset/en/clips/essay/common_voice_en_481655.opus,essay
./data/macroset/en/clips/essay/common_voice_en_21332734.opus,essay
./data/macroset/en/clips/essay/common_voice_en_20102673.opus,essay
./data/macroset/en/clips/essay/common_voice_en_19719726.opus,essay
./data/macroset/en/clips/greenwich/common_voice_en_20755220.opus,greenwich
./data/macroset/en/clips/greenwich/common_voice_en_20696319.opus,greenwich
./data/macroset/en/clips/greenwich/common_voice_en_19006636.opus,greenwich
./data/macroset/en/clips/greenwich/common_voice_en_21396704.opus,greenwich
./data/macroset/en/clips/greenwich/common_voice_en_20203643.opus,greenwich
./data/macroset/en/clips/caps/common_voice_en_20740551.opus,caps
./data/macroset/en/clips/caps/common_voice_en_20782062.opus,caps
./data/macroset/en/clips/caps/common_voice_en_21672938.opus,caps
./data/macroset/en/clips/caps/common_voice_en_20321821.opus,caps
./data/macroset/en/clips/caps/common_voice_en_20314835.opus,caps
./data/macroset/en/clips/weeks/common_voice_en_19157127.opus,weeks
./data/macroset/en/clips/weeks/common_voice_en_18460120.opus,weeks
./data/macroset/en/clips/weeks/common_voice_en_21796484.opus,weeks
./data/macroset/en/clips/weeks/common_voice_en_20792172.opus,weeks
./data/macroset/en/clips/weeks/common_voice_en_18673677.opus,weeks
./data/macroset/en/clips/immigration/common_voice_en_22319605.opus,immigration
./data/macroset/en/clips/immigration/common_voice_en_21517410.opus,immigration
./data/macroset/en/clips/immigration/common_voice_en_20246731.opus,immigration
./data/macroset/en/clips/immigration/common_voice_en_19439496.opus,immigration
./data/macroset/en/clips/immigration/common_voice_en_18865082.opus,immigration
./data/macroset/en/clips/jet/common_voice_en_218389.opus,jet
./data/macroset/en/clips/jet/common_voice_en_19010463.opus,jet
./data/macroset/en/clips/jet/common_voice_en_17678834.opus,jet
./data/macroset/en/clips/jet/common_voice_en_481632.opus,jet
./data/macroset/en/clips/jet/common_voice_en_243488.opus,jet
./data/macroset/en/clips/pike/common_voice_en_18818622.opus,pike
./data/macroset/en/clips/pike/common_voice_en_20601495.opus,pike
./data/macroset/en/clips/pike/common_voice_en_20174833.opus,pike
./data/macroset/en/clips/pike/common_voice_en_19502985.opus,pike
./data/macroset/en/clips/pike/common_voice_en_19346852.opus,pike
./data/macroset/en/clips/folks/common_voice_en_615425.opus,folks
./data/macroset/en/clips/folks/common_voice_en_149149.opus,folks
./data/macroset/en/clips/folks/common_voice_en_480277.opus,folks
./data/macroset/en/clips/folks/common_voice_en_176968.opus,folks
./data/macroset/en/clips/folks/common_voice_en_508098.opus,folks
./data/macroset/en/clips/raids/common_voice_en_22426331.opus,raids
./data/macroset/en/clips/raids/common_voice_en_20247500.opus,raids
./data/macroset/en/clips/raids/common_voice_en_18723955.opus,raids
./data/macroset/en/clips/raids/common_voice_en_19786987.opus,raids
./data/macroset/en/clips/raids/common_voice_en_20068114.opus,raids
./data/macroset/en/clips/wong/common_voice_en_21376506.opus,wong
./data/macroset/en/clips/wong/common_voice_en_20233685.opus,wong
./data/macroset/en/clips/wong/common_voice_en_18986380.opus,wong
./data/macroset/en/clips/wong/common_voice_en_18822436.opus,wong
./data/macroset/en/clips/wong/common_voice_en_20583248.opus,wong
./data/macroset/en/clips/spontaneous/common_voice_en_631090.opus,spontaneous
./data/macroset/en/clips/spontaneous/common_voice_en_73970.opus,spontaneous
./data/macroset/en/clips/spontaneous/common_voice_en_92702.opus,spontaneous
./data/macroset/en/clips/spontaneous/common_voice_en_535269.opus,spontaneous
./data/macroset/en/clips/spontaneous/common_voice_en_691966.opus,spontaneous
./data/macroset/en/clips/preference/common_voice_en_21819580.opus,preference
./data/macroset/en/clips/preference/common_voice_en_20321518.opus,preference
./data/macroset/en/clips/preference/common_voice_en_18868833.opus,preference
./data/macroset/en/clips/preference/common_voice_en_20848220.opus,preference
./data/macroset/en/clips/preference/common_voice_en_19260271.opus,preference
./data/macroset/en/clips/climbing/common_voice_en_217901.opus,climbing
./data/macroset/en/clips/climbing/common_voice_en_19497336.opus,climbing
./data/macroset/en/clips/climbing/common_voice_en_650519.opus,climbing
./data/macroset/en/clips/climbing/common_voice_en_674943.opus,climbing
./data/macroset/en/clips/climbing/common_voice_en_21145288.opus,climbing
./data/macroset/en/clips/tropics/common_voice_en_17372196.opus,tropics
./data/macroset/en/clips/tropics/common_voice_en_17740648.opus,tropics
./data/macroset/en/clips/tropics/common_voice_en_17279334.opus,tropics
./data/macroset/en/clips/tropics/common_voice_en_18962611.opus,tropics
./data/macroset/en/clips/tropics/common_voice_en_18106575.opus,tropics
./data/macroset/en/clips/rotation/common_voice_en_20399616.opus,rotation
./data/macroset/en/clips/rotation/common_voice_en_19516289.opus,rotation
./data/macroset/en/clips/rotation/common_voice_en_21284826.opus,rotation
./data/macroset/en/clips/rotation/common_voice_en_21252290.opus,rotation
./data/macroset/en/clips/rotation/common_voice_en_19689198.opus,rotation
./data/macroset/en/clips/dubious/common_voice_en_18411912.opus,dubious
./data/macroset/en/clips/dubious/common_voice_en_572941.opus,dubious
./data/macroset/en/clips/dubious/common_voice_en_592721.opus,dubious
./data/macroset/en/clips/dubious/common_voice_en_18403894.opus,dubious
./data/macroset/en/clips/dubious/common_voice_en_678950.opus,dubious
./data/macroset/en/clips/cosine/common_voice_en_18029033.opus,cosine
./data/macroset/en/clips/cosine/common_voice_en_17263302.opus,cosine
./data/macroset/en/clips/cosine/common_voice_en_17385741.opus,cosine
./data/macroset/en/clips/cosine/common_voice_en_17860891.opus,cosine
./data/macroset/en/clips/cosine/common_voice_en_674942.opus,cosine
./data/macroset/en/clips/mosque/common_voice_en_22178887.opus,mosque
./data/macroset/en/clips/mosque/common_voice_en_20992941.opus,mosque
./data/macroset/en/clips/mosque/common_voice_en_20280993.opus,mosque
./data/macroset/en/clips/mosque/common_voice_en_19979524.opus,mosque
./data/macroset/en/clips/mosque/common_voice_en_19750041.opus,mosque
./data/macroset/en/clips/passes/common_voice_en_17287040.opus,passes
./data/macroset/en/clips/passes/common_voice_en_18713970.opus,passes
./data/macroset/en/clips/passes/common_voice_en_19576375.opus,passes
./data/macroset/en/clips/passes/common_voice_en_20067451.opus,passes
./data/macroset/en/clips/passes/common_voice_en_17325545.opus,passes
./data/macroset/en/clips/afghan/common_voice_en_208549.opus,afghan
./data/macroset/en/clips/afghan/common_voice_en_18995439.opus,afghan
./data/macroset/en/clips/afghan/common_voice_en_19805093.opus,afghan
./data/macroset/en/clips/afghan/common_voice_en_19640974.opus,afghan
./data/macroset/en/clips/afghan/common_voice_en_19961585.opus,afghan
./data/macroset/en/clips/myth/common_voice_en_216268.opus,myth
./data/macroset/en/clips/myth/common_voice_en_43590.opus,myth
./data/macroset/en/clips/myth/common_voice_en_479418.opus,myth
./data/macroset/en/clips/myth/common_voice_en_19853201.opus,myth
./data/macroset/en/clips/myth/common_voice_en_18785934.opus,myth
./data/macroset/en/clips/visual/common_voice_en_22060303.opus,visual
./data/macroset/en/clips/visual/common_voice_en_20575039.opus,visual
./data/macroset/en/clips/visual/common_voice_en_19958614.opus,visual
./data/macroset/en/clips/visual/common_voice_en_20884823.opus,visual
./data/macroset/en/clips/visual/common_voice_en_20492051.opus,visual
./data/macroset/en/clips/mink/common_voice_en_674148.opus,mink
./data/macroset/en/clips/mink/common_voice_en_18734288.opus,mink
./data/macroset/en/clips/mink/common_voice_en_158169.opus,mink
./data/macroset/en/clips/mink/common_voice_en_618207.opus,mink
./data/macroset/en/clips/mink/common_voice_en_683652.opus,mink
./data/macroset/en/clips/baseman/common_voice_en_82258.opus,baseman
./data/macroset/en/clips/baseman/common_voice_en_533087.opus,baseman
./data/macroset/en/clips/baseman/common_voice_en_56159.opus,baseman
./data/macroset/en/clips/baseman/common_voice_en_19562864.opus,baseman
./data/macroset/en/clips/baseman/common_voice_en_609257.opus,baseman
./data/macroset/en/clips/revised/common_voice_en_22273304.opus,revised
./data/macroset/en/clips/revised/common_voice_en_97637.opus,revised
./data/macroset/en/clips/revised/common_voice_en_20002572.opus,revised
./data/macroset/en/clips/revised/common_voice_en_18902065.opus,revised
./data/macroset/en/clips/revised/common_voice_en_1096858.opus,revised
./data/macroset/en/clips/thompson/common_voice_en_19112763.opus,thompson
./data/macroset/en/clips/thompson/common_voice_en_19331350.opus,thompson
./data/macroset/en/clips/thompson/common_voice_en_21046951.opus,thompson
./data/macroset/en/clips/thompson/common_voice_en_20178706.opus,thompson
./data/macroset/en/clips/thompson/common_voice_en_21876373.opus,thompson
./data/macroset/en/clips/mouth/common_voice_en_19330484.opus,mouth
./data/macroset/en/clips/mouth/common_voice_en_17709879.opus,mouth
./data/macroset/en/clips/mouth/common_voice_en_17884935.opus,mouth
./data/macroset/en/clips/mouth/common_voice_en_181585.opus,mouth
./data/macroset/en/clips/mouth/common_voice_en_674674.opus,mouth
./data/macroset/en/clips/secular/common_voice_en_20049253.opus,secular
./data/macroset/en/clips/secular/common_voice_en_20793917.opus,secular
./data/macroset/en/clips/secular/common_voice_en_20106548.opus,secular
./data/macroset/en/clips/secular/common_voice_en_19062029.opus,secular
./data/macroset/en/clips/secular/common_voice_en_19766376.opus,secular
./data/macroset/en/clips/ingenious/common_voice_en_529940.opus,ingenious
./data/macroset/en/clips/ingenious/common_voice_en_18001374.opus,ingenious
./data/macroset/en/clips/ingenious/common_voice_en_480887.opus,ingenious
./data/macroset/en/clips/ingenious/common_voice_en_692289.opus,ingenious
./data/macroset/en/clips/ingenious/common_voice_en_18139346.opus,ingenious
./data/macroset/en/clips/engagement/common_voice_en_20083686.opus,engagement
./data/macroset/en/clips/engagement/common_voice_en_612397.opus,engagement
./data/macroset/en/clips/engagement/common_voice_en_659961.opus,engagement
./data/macroset/en/clips/engagement/common_voice_en_210331.opus,engagement
./data/macroset/en/clips/engagement/common_voice_en_19507592.opus,engagement
./data/macroset/en/clips/golfer/common_voice_en_519143.opus,golfer
./data/macroset/en/clips/golfer/common_voice_en_19599505.opus,golfer
./data/macroset/en/clips/golfer/common_voice_en_19528709.opus,golfer
./data/macroset/en/clips/golfer/common_voice_en_662422.opus,golfer
./data/macroset/en/clips/golfer/common_voice_en_2270227.opus,golfer
./data/macroset/en/clips/ted/common_voice_en_18797203.opus,ted
./data/macroset/en/clips/ted/common_voice_en_21827335.opus,ted
./data/macroset/en/clips/ted/common_voice_en_20026406.opus,ted
./data/macroset/en/clips/ted/common_voice_en_19481271.opus,ted
./data/macroset/en/clips/ted/common_voice_en_19075824.opus,ted
./data/macroset/en/clips/seers/common_voice_en_43913.opus,seers
./data/macroset/en/clips/seers/common_voice_en_97789.opus,seers
./data/macroset/en/clips/seers/common_voice_en_683862.opus,seers
./data/macroset/en/clips/seers/common_voice_en_45526.opus,seers
./data/macroset/en/clips/seers/common_voice_en_508788.opus,seers
./data/macroset/en/clips/suffers/common_voice_en_19028844.opus,suffers
./data/macroset/en/clips/suffers/common_voice_en_19948150.opus,suffers
./data/macroset/en/clips/suffers/common_voice_en_21287510.opus,suffers
./data/macroset/en/clips/suffers/common_voice_en_20743555.opus,suffers
./data/macroset/en/clips/suffers/common_voice_en_19638983.opus,suffers
./data/macroset/en/clips/dubbed/common_voice_en_21741016.opus,dubbed
./data/macroset/en/clips/dubbed/common_voice_en_19963774.opus,dubbed
./data/macroset/en/clips/dubbed/common_voice_en_20216364.opus,dubbed
./data/macroset/en/clips/dubbed/common_voice_en_22421814.opus,dubbed
./data/macroset/en/clips/dubbed/common_voice_en_20176710.opus,dubbed
./data/macroset/en/clips/tawdry/common_voice_en_17512977.opus,tawdry
./data/macroset/en/clips/tawdry/common_voice_en_17370925.opus,tawdry
./data/macroset/en/clips/tawdry/common_voice_en_18039561.opus,tawdry
./data/macroset/en/clips/tawdry/common_voice_en_17391162.opus,tawdry
./data/macroset/en/clips/tawdry/common_voice_en_17689706.opus,tawdry
./data/macroset/en/clips/dictate/common_voice_en_81796.opus,dictate
./data/macroset/en/clips/dictate/common_voice_en_73782.opus,dictate
./data/macroset/en/clips/dictate/common_voice_en_94636.opus,dictate
./data/macroset/en/clips/dictate/common_voice_en_557038.opus,dictate
./data/macroset/en/clips/dictate/common_voice_en_556567.opus,dictate
./data/macroset/en/clips/tributaries/common_voice_en_18765447.opus,tributaries
./data/macroset/en/clips/tributaries/common_voice_en_21897148.opus,tributaries
./data/macroset/en/clips/tributaries/common_voice_en_20308221.opus,tributaries
./data/macroset/en/clips/tributaries/common_voice_en_20111337.opus,tributaries
./data/macroset/en/clips/tributaries/common_voice_en_19956996.opus,tributaries
./data/macroset/en/clips/seals/common_voice_en_485506.opus,seals
./data/macroset/en/clips/seals/common_voice_en_21451223.opus,seals
./data/macroset/en/clips/seals/common_voice_en_60511.opus,seals
./data/macroset/en/clips/seals/common_voice_en_19045188__2.opus,seals
./data/macroset/en/clips/seals/common_voice_en_510520.opus,seals
./data/macroset/en/clips/roman/common_voice_en_19693972.opus,roman
./data/macroset/en/clips/roman/common_voice_en_22258776.opus,roman
./data/macroset/en/clips/roman/common_voice_en_19410839.opus,roman
./data/macroset/en/clips/roman/common_voice_en_20892586.opus,roman
./data/macroset/en/clips/roman/common_voice_en_21242840.opus,roman
./data/macroset/en/clips/impression/common_voice_en_53285.opus,impression
./data/macroset/en/clips/impression/common_voice_en_18510314.opus,impression
./data/macroset/en/clips/impression/common_voice_en_698876.opus,impression
./data/macroset/en/clips/impression/common_voice_en_81836.opus,impression
./data/macroset/en/clips/impression/common_voice_en_668149.opus,impression
./data/macroset/en/clips/outlet/common_voice_en_19768799.opus,outlet
./data/macroset/en/clips/outlet/common_voice_en_19795337.opus,outlet
./data/macroset/en/clips/outlet/common_voice_en_19249148.opus,outlet
./data/macroset/en/clips/outlet/common_voice_en_20231665.opus,outlet
./data/macroset/en/clips/outlet/common_voice_en_20030279.opus,outlet
./data/macroset/en/clips/aurora/common_voice_en_20969407.opus,aurora
./data/macroset/en/clips/aurora/common_voice_en_21559617.opus,aurora
./data/macroset/en/clips/aurora/common_voice_en_20674207.opus,aurora
./data/macroset/en/clips/aurora/common_voice_en_20189445.opus,aurora
./data/macroset/en/clips/aurora/common_voice_en_18308547.opus,aurora
./data/macroset/en/clips/scholars/common_voice_en_20187809.opus,scholars
./data/macroset/en/clips/scholars/common_voice_en_21341478.opus,scholars
./data/macroset/en/clips/scholars/common_voice_en_21954930.opus,scholars
./data/macroset/en/clips/scholars/common_voice_en_19954747.opus,scholars
./data/macroset/en/clips/scholars/common_voice_en_19638030.opus,scholars
./data/macroset/en/clips/carried/common_voice_en_623088.opus,carried
./data/macroset/en/clips/carried/common_voice_en_19537984.opus,carried
./data/macroset/en/clips/carried/common_voice_en_687462.opus,carried
./data/macroset/en/clips/carried/common_voice_en_19158296.opus,carried
./data/macroset/en/clips/carried/common_voice_en_19087511.opus,carried
./data/macroset/en/clips/sadly/common_voice_en_566674.opus,sadly
./data/macroset/en/clips/sadly/common_voice_en_574684.opus,sadly
./data/macroset/en/clips/sadly/common_voice_en_18598456.opus,sadly
./data/macroset/en/clips/sadly/common_voice_en_19246370.opus,sadly
./data/macroset/en/clips/sadly/common_voice_en_186173.opus,sadly
./data/macroset/en/clips/flickered/common_voice_en_18139481.opus,flickered
./data/macroset/en/clips/flickered/common_voice_en_17888663.opus,flickered
./data/macroset/en/clips/flickered/common_voice_en_41579.opus,flickered
./data/macroset/en/clips/flickered/common_voice_en_194342.opus,flickered
./data/macroset/en/clips/flickered/common_voice_en_18125704.opus,flickered
./data/macroset/en/clips/deer/common_voice_en_22307133.opus,deer
./data/macroset/en/clips/deer/common_voice_en_19123695.opus,deer
./data/macroset/en/clips/deer/common_voice_en_20294832.opus,deer
./data/macroset/en/clips/deer/common_voice_en_20354902.opus,deer
./data/macroset/en/clips/deer/common_voice_en_17291368.opus,deer
./data/macroset/en/clips/genial/common_voice_en_17286093.opus,genial
./data/macroset/en/clips/genial/common_voice_en_17264706.opus,genial
./data/macroset/en/clips/genial/common_voice_en_215179.opus,genial
./data/macroset/en/clips/genial/common_voice_en_18136118.opus,genial
./data/macroset/en/clips/genial/common_voice_en_17287229.opus,genial
./data/macroset/en/clips/discipline/common_voice_en_18123648.opus,discipline
./data/macroset/en/clips/discipline/common_voice_en_17686006.opus,discipline
./data/macroset/en/clips/discipline/common_voice_en_19635591.opus,discipline
./data/macroset/en/clips/discipline/common_voice_en_493589.opus,discipline
./data/macroset/en/clips/discipline/common_voice_en_546370.opus,discipline
./data/macroset/en/clips/ridge/common_voice_en_19595373.opus,ridge
./data/macroset/en/clips/ridge/common_voice_en_18951735.opus,ridge
./data/macroset/en/clips/ridge/common_voice_en_18993511.opus,ridge
./data/macroset/en/clips/ridge/common_voice_en_21163943.opus,ridge
./data/macroset/en/clips/ridge/common_voice_en_20345740.opus,ridge
./data/macroset/en/clips/pseudonym/common_voice_en_18492656.opus,pseudonym
./data/macroset/en/clips/pseudonym/common_voice_en_20846610.opus,pseudonym
./data/macroset/en/clips/pseudonym/common_voice_en_18634775.opus,pseudonym
./data/macroset/en/clips/pseudonym/common_voice_en_21291062.opus,pseudonym
./data/macroset/en/clips/pseudonym/common_voice_en_20870748.opus,pseudonym
./data/macroset/en/clips/conditioning/common_voice_en_18248313.opus,conditioning
./data/macroset/en/clips/conditioning/common_voice_en_562500.opus,conditioning
./data/macroset/en/clips/conditioning/common_voice_en_18199189.opus,conditioning
./data/macroset/en/clips/conditioning/common_voice_en_18578.opus,conditioning
./data/macroset/en/clips/conditioning/common_voice_en_18101471.opus,conditioning
./data/macroset/en/clips/concord/common_voice_en_20902828.opus,concord
./data/macroset/en/clips/concord/common_voice_en_20565300.opus,concord
./data/macroset/en/clips/concord/common_voice_en_20052602.opus,concord
./data/macroset/en/clips/concord/common_voice_en_19132448.opus,concord
./data/macroset/en/clips/concord/common_voice_en_18739603.opus,concord
./data/macroset/en/clips/accuracy/common_voice_en_597081.opus,accuracy
./data/macroset/en/clips/accuracy/common_voice_en_520164.opus,accuracy
./data/macroset/en/clips/accuracy/common_voice_en_18897968.opus,accuracy
./data/macroset/en/clips/accuracy/common_voice_en_26514.opus,accuracy
./data/macroset/en/clips/accuracy/common_voice_en_21181124.opus,accuracy
./data/macroset/en/clips/thick/common_voice_en_19297590.opus,thick
./data/macroset/en/clips/thick/common_voice_en_22099304.opus,thick
./data/macroset/en/clips/thick/common_voice_en_17979319.opus,thick
./data/macroset/en/clips/thick/common_voice_en_21866831.opus,thick
./data/macroset/en/clips/thick/common_voice_en_317166.opus,thick
./data/macroset/en/clips/bike/common_voice_en_163052.opus,bike
./data/macroset/en/clips/bike/common_voice_en_547099.opus,bike
./data/macroset/en/clips/bike/common_voice_en_33039.opus,bike
./data/macroset/en/clips/bike/common_voice_en_492114.opus,bike
./data/macroset/en/clips/bike/common_voice_en_662892.opus,bike
./data/macroset/en/clips/chewy/common_voice_en_481493.opus,chewy
./data/macroset/en/clips/chewy/common_voice_en_15903671.opus,chewy
./data/macroset/en/clips/chewy/common_voice_en_189276.opus,chewy
./data/macroset/en/clips/chewy/common_voice_en_532786.opus,chewy
./data/macroset/en/clips/chewy/common_voice_en_20296515.opus,chewy
./data/macroset/en/clips/heels/common_voice_en_643137.opus,heels
./data/macroset/en/clips/heels/common_voice_en_15755576.opus,heels
./data/macroset/en/clips/heels/common_voice_en_624408.opus,heels
./data/macroset/en/clips/heels/common_voice_en_663666.opus,heels
./data/macroset/en/clips/heels/common_voice_en_18135451.opus,heels
./data/macroset/en/clips/legal/common_voice_en_18403828.opus,legal
./data/macroset/en/clips/legal/common_voice_en_19918158.opus,legal
./data/macroset/en/clips/legal/common_voice_en_20303242.opus,legal
./data/macroset/en/clips/legal/common_voice_en_19043111.opus,legal
./data/macroset/en/clips/legal/common_voice_en_22065400.opus,legal
./data/macroset/en/clips/incompatible/common_voice_en_62985.opus,incompatible
./data/macroset/en/clips/incompatible/common_voice_en_210771.opus,incompatible
./data/macroset/en/clips/incompatible/common_voice_en_553038.opus,incompatible
./data/macroset/en/clips/incompatible/common_voice_en_662070.opus,incompatible
./data/macroset/en/clips/incompatible/common_voice_en_658213.opus,incompatible
./data/macroset/en/clips/results/common_voice_en_22316307.opus,results
./data/macroset/en/clips/results/common_voice_en_164858.opus,results
./data/macroset/en/clips/results/common_voice_en_8371.opus,results
./data/macroset/en/clips/results/common_voice_en_18680865.opus,results
./data/macroset/en/clips/results/common_voice_en_20621526.opus,results
./data/macroset/en/clips/potatoes/common_voice_en_568107.opus,potatoes
./data/macroset/en/clips/potatoes/common_voice_en_81769.opus,potatoes
./data/macroset/en/clips/potatoes/common_voice_en_555647.opus,potatoes
./data/macroset/en/clips/potatoes/common_voice_en_20040947.opus,potatoes
./data/macroset/en/clips/potatoes/common_voice_en_515955.opus,potatoes
./data/macroset/en/clips/newsworthy/common_voice_en_17874804.opus,newsworthy
./data/macroset/en/clips/newsworthy/common_voice_en_18052189.opus,newsworthy
./data/macroset/en/clips/newsworthy/common_voice_en_17461338.opus,newsworthy
./data/macroset/en/clips/newsworthy/common_voice_en_17258393.opus,newsworthy
./data/macroset/en/clips/newsworthy/common_voice_en_564737.opus,newsworthy
./data/macroset/en/clips/cocaine/common_voice_en_17282623.opus,cocaine
./data/macroset/en/clips/cocaine/common_voice_en_696041.opus,cocaine
./data/macroset/en/clips/cocaine/common_voice_en_18731218.opus,cocaine
./data/macroset/en/clips/cocaine/common_voice_en_21646327.opus,cocaine
./data/macroset/en/clips/cocaine/common_voice_en_17670491.opus,cocaine
./data/macroset/en/clips/may/common_voice_en_18747244.opus,may
./data/macroset/en/clips/may/common_voice_en_20256040.opus,may
./data/macroset/en/clips/may/common_voice_en_21375086.opus,may
./data/macroset/en/clips/may/common_voice_en_21367721.opus,may
./data/macroset/en/clips/may/common_voice_en_76685.opus,may
./data/macroset/en/clips/wanna/common_voice_en_572703.opus,wanna
./data/macroset/en/clips/wanna/common_voice_en_590454.opus,wanna
./data/macroset/en/clips/wanna/common_voice_en_618496.opus,wanna
./data/macroset/en/clips/wanna/common_voice_en_558455.opus,wanna
./data/macroset/en/clips/wanna/common_voice_en_184417.opus,wanna
./data/macroset/en/clips/east/common_voice_en_19665714.opus,east
./data/macroset/en/clips/east/common_voice_en_18713348.opus,east
./data/macroset/en/clips/east/common_voice_en_20173778.opus,east
./data/macroset/en/clips/east/common_voice_en_19648713.opus,east
./data/macroset/en/clips/east/common_voice_en_581748.opus,east
./data/macroset/en/clips/ruby/common_voice_en_18993341.opus,ruby
./data/macroset/en/clips/ruby/common_voice_en_20301340.opus,ruby
./data/macroset/en/clips/ruby/common_voice_en_21303681.opus,ruby
./data/macroset/en/clips/ruby/common_voice_en_22035393.opus,ruby
./data/macroset/en/clips/ruby/common_voice_en_20105412.opus,ruby
./data/macroset/en/clips/santa/common_voice_en_20966554.opus,santa
./data/macroset/en/clips/santa/common_voice_en_19574418.opus,santa
./data/macroset/en/clips/santa/common_voice_en_20065305.opus,santa
./data/macroset/en/clips/santa/common_voice_en_19767832.opus,santa
./data/macroset/en/clips/santa/common_voice_en_21268762.opus,santa
